timestamps,open,high,low,close,volume,amount
2000-01-03 00:00:00,0.88,0.88,0.88,0.88,178200.0,156816.0
2000-01-04 00:00:00,0.95,0.95,0.95,0.95,7345800.0,6978510.0
2000-01-05 00:00:00,0.92,1.02,0.89,1.02,29957400.0,30556548.0
2000-01-06 00:00:00,1.1,1.1,1.1,1.1,6979500.0,7677450.000000001
2000-01-07 00:00:00,1.18,1.18,1.02,1.12,36580500.0,40970160.00000001
2000-01-10 00:00:00,1.21,1.21,1.16,1.21,33768900.0,40860369.0
2000-01-11 00:00:00,1.25,1.27,1.11,1.11,40401900.0,44846109.00000001
2000-01-12 00:00:00,1.11,1.15,1.03,1.03,19681200.0,20271636.0
2000-01-13 00:00:00,1.06,1.07,0.94,0.96,12058200.0,11575872.0
2000-01-14 00:00:00,0.95,1.01,0.89,0.98,26749800.0,26214804.0
2000-01-17 00:00:00,1.06,1.06,0.97,0.99,19057500.0,18866925.0
2000-01-18 00:00:00,1.03,1.03,0.97,1.0,11256300.0,11256300.0
2000-01-19 00:00:00,1.02,1.07,0.99,1.04,24047100.0,25008984.0
2000-01-20 00:00:00,1.05,1.07,0.97,0.98,12672000.0,12418560.0
2000-01-21 00:00:00,0.99,1.0,0.95,0.95,11781000.0,11191950.0
2000-01-24 00:00:00,1.03,1.03,1.03,1.03,118800.0,122364.0
2000-01-25 00:00:00,1.11,1.11,1.07,1.11,26254800.0,29142828.000000004
2000-01-27 00:00:00,1.18,1.2,1.18,1.2,8652600.0,10383120.0
2000-01-28 00:00:00,1.28,1.29,1.16,1.27,36323100.0,46130337.0
2000-01-31 00:00:00,1.34,1.37,1.21,1.21,52153200.0,63105372.0
2000-02-01 00:00:00,1.24,1.31,1.22,1.31,29403000.0,38517930.0
2000-02-02 00:00:00,1.32,1.41,1.32,1.41,42609600.0,60079536.0
2000-02-03 00:00:00,1.44,1.49,1.39,1.44,22859100.0,32917104.0
2000-02-04 00:00:00,1.45,1.53,1.36,1.46,36808200.0,53739972.0
2000-02-07 00:00:00,1.53,1.56,1.45,1.46,36352800.0,53075088.0
2000-02-08 00:00:00,1.48,1.48,1.39,1.4,20760300.0,29064420.0
2000-02-09 00:00:00,1.37,1.41,1.31,1.32,10068300.0,13290156.0
2000-02-10 00:00:00,1.29,1.34,1.25,1.33,11959200.0,15905736.0
2000-02-11 00:00:00,1.31,1.33,1.23,1.24,18285300.0,22673772.0
2000-02-14 00:00:00,1.3,1.3,1.2,1.23,12870000.0,15830100.0
2000-02-15 00:00:00,1.23,1.33,1.21,1.33,37501200.0,49876596.0
2000-02-16 00:00:00,1.3,1.39,1.26,1.27,18889200.0,23989284.0
2000-02-17 00:00:00,1.26,1.35,1.23,1.28,13909500.0,17804160.0
2000-02-18 00:00:00,1.29,1.29,1.18,1.18,34630200.0,40863636.0
2000-02-21 00:00:00,1.23,1.25,1.16,1.2,15265800.0,18318960.0
2000-02-22 00:00:00,1.2,1.21,1.11,1.12,15434100.0,17286192.0
2000-02-23 00:00:00,1.11,1.15,1.03,1.03,6910200.0,7117506.0
2000-02-24 00:00:00,0.98,1.05,0.96,0.99,7632900.0,7556571.0
2000-02-25 00:00:00,0.98,0.99,0.91,0.91,12553200.0,11423412.0
2000-02-28 00:00:00,0.89,0.98,0.89,0.98,18582300.0,18210654.0
2000-02-29 00:00:00,1.01,1.06,0.9,0.91,50589000.0,46035990.0
2000-03-01 00:00:00,0.93,0.98,0.9,0.98,7840800.0,7683984.0
2000-03-02 00:00:00,1.06,1.06,0.98,0.99,28244700.0,27962253.0
2000-03-03 00:00:00,1.0,1.01,0.91,0.91,18097200.0,16468452.0
2000-03-06 00:00:00,0.99,0.99,0.88,0.89,14404500.0,12820005.0
2000-03-07 00:00:00,0.87,0.89,0.82,0.82,10513800.0,8621316.0
2000-03-08 00:00:00,0.79,0.81,0.75,0.75,15206400.0,11404800.0
2000-03-09 00:00:00,0.72,0.75,0.69,0.7,12553200.0,8787240.0
2000-03-10 00:00:00,0.7,0.75,0.67,0.75,14473800.0,10855350.0
2000-03-13 00:00:00,0.79,0.8,0.71,0.74,15651900.0,11582406.0
2000-03-14 00:00:00,0.72,0.76,0.7,0.71,20215800.0,14353218.0
2000-03-15 00:00:00,0.7,0.73,0.69,0.7,16681500.0,11677050.0
2000-03-16 00:00:00,0.7,0.71,0.65,0.66,11028600.0,7278876.0
2000-03-21 00:00:00,0.68,0.71,0.62,0.64,13087800.0,8376192.0
2000-03-22 00:00:00,0.65,0.69,0.63,0.68,9325800.0,6341544.0
2000-03-23 00:00:00,0.68,0.69,0.62,0.63,8127900.0,5120577.0
2000-03-24 00:00:00,0.63,0.65,0.58,0.59,13899600.0,8200764.0
2000-03-27 00:00:00,0.6,0.63,0.57,0.58,13008600.0,7544987.999999999
2000-03-28 00:00:00,0.58,0.61,0.56,0.6,8217000.0,4930200.0
2000-03-29 00:00:00,0.6,0.65,0.58,0.65,8642700.0,5617755.0
2000-03-30 00:00:00,0.64,0.66,0.62,0.64,6553800.0,4194432.0
2000-03-31 00:00:00,0.64,0.64,0.6,0.6,13473900.0,8084340.0
2000-04-03 00:00:00,0.63,0.65,0.62,0.65,4603500.0,2992275.0
2000-04-04 00:00:00,0.66,0.66,0.6,0.6,12345300.0,7407180.0
2000-04-05 00:00:00,0.57,0.64,0.57,0.64,27630900.0,17683776.0
2000-04-06 00:00:00,0.65,0.69,0.6,0.65,18513000.0,12033450.0
2000-04-07 00:00:00,0.67,0.7,0.67,0.7,8583300.0,6008310.0
2000-04-10 00:00:00,0.76,0.76,0.76,0.76,2197800.0,1670328.0
2000-04-11 00:00:00,0.78,0.82,0.77,0.82,9632700.0,7898813.999999999
2000-04-12 00:00:00,0.83,0.88,0.81,0.86,20423700.0,17564382.0
2000-04-13 00:00:00,0.85,0.85,0.79,0.8,13167000.0,10533600.0
2000-04-17 00:00:00,0.73,0.8,0.73,0.75,15394500.0,11545875.0
2000-04-18 00:00:00,0.8,0.81,0.8,0.81,5227200.0,4234032.0
2000-04-19 00:00:00,0.88,0.88,0.79,0.83,29313900.0,24330537.0
2000-04-20 00:00:00,0.84,0.9,0.77,0.88,43649100.0,38411208.0
2000-04-24 00:00:00,0.93,0.95,0.87,0.95,30551400.0,29023830.0
2000-04-25 00:00:00,0.94,0.94,0.87,0.88,22294800.0,19619424.0
2000-04-26 00:00:00,0.9,0.94,0.88,0.92,15869700.0,14600124.0
2000-04-27 00:00:00,0.9,0.9,0.85,0.85,9108000.0,7741800.0
2000-04-28 00:00:00,0.81,0.83,0.78,0.78,4504500.0,3513510.0
2000-05-02 00:00:00,0.75,0.8,0.69,0.69,11880000.0,8197199.999999999
2000-05-03 00:00:00,0.64,0.71,0.64,0.7,8454600.0,5918220.0
2000-05-04 00:00:00,0.7,0.75,0.69,0.72,8712000.0,6272640.0
2000-05-05 00:00:00,0.73,0.77,0.71,0.74,10612800.0,7853472.0
2000-05-08 00:00:00,0.76,0.78,0.71,0.72,11523600.0,8296992.0
2000-05-09 00:00:00,0.69,0.73,0.68,0.73,4138200.0,3020886.0
2000-05-10 00:00:00,0.72,0.74,0.71,0.72,3227400.0,2323728.0
2000-05-11 00:00:00,0.69,0.71,0.67,0.68,2940300.0,1999404.0000000002
2000-05-12 00:00:00,0.69,0.69,0.63,0.63,7504200.0,4727646.0
2000-05-15 00:00:00,0.67,0.67,0.59,0.65,8979300.0,5836545.0
2000-05-16 00:00:00,0.63,0.65,0.62,0.63,6365700.0,4010391.0
2000-05-17 00:00:00,0.64,0.66,0.63,0.63,5583600.0,3517668.0
2000-05-18 00:00:00,0.64,0.65,0.63,0.63,1366200.0,860706.0
2000-05-19 00:00:00,0.62,0.64,0.61,0.62,4623300.0,2866446.0
2000-05-22 00:00:00,0.6,0.62,0.6,0.6,4504500.0,2702700.0
2000-05-23 00:00:00,0.6,0.61,0.59,0.6,5227200.0,3136320.0
2000-05-24 00:00:00,0.59,0.62,0.59,0.61,2514600.0,1533906.0
2000-05-25 00:00:00,0.62,0.65,0.62,0.63,3722400.0,2345112.0
2000-05-26 00:00:00,0.64,0.66,0.6,0.64,6355800.0,4067712.0
2000-05-29 00:00:00,0.65,0.72,0.64,0.72,9711900.0,6992568.0
2000-05-30 00:00:00,0.74,0.77,0.72,0.77,13988700.0,10771299.0
2000-05-31 00:00:00,0.77,0.81,0.74,0.74,7771500.0,5750910.0
2000-06-01 00:00:00,0.73,0.74,0.72,0.73,5464800.0,3989304.0
2000-06-02 00:00:00,0.74,0.78,0.74,0.78,4207500.0,3281850.0
2000-06-05 00:00:00,0.84,0.84,0.7,0.72,17859600.0,12858912.0
2000-06-06 00:00:00,0.73,0.75,0.71,0.74,7731900.0,5721606.0
2000-06-07 00:00:00,0.75,0.75,0.7,0.72,3524400.0,2537568.0
2000-06-08 00:00:00,0.72,0.74,0.71,0.73,4078800.0,2977524.0
2000-06-09 00:00:00,0.71,0.72,0.68,0.69,7227000.0,4986630.0
2000-06-12 00:00:00,0.68,0.69,0.66,0.67,2554200.0,1711314.0
2000-06-13 00:00:00,0.68,0.69,0.65,0.69,4870800.0,3360851.9999999995
2000-06-14 00:00:00,0.69,0.72,0.67,0.67,4207500.0,2819025.0
2000-06-15 00:00:00,0.68,0.68,0.66,0.67,3801600.0,2547072.0
2000-06-16 00:00:00,0.68,0.69,0.67,0.67,6039000.0,4046130.0000000005
2000-06-19 00:00:00,0.72,0.75,0.7,0.73,33984522.0,24808701.06
2000-06-20 00:00:00,0.75,0.82,0.73,0.81,18919494.0,15324790.14
2000-06-21 00:00:00,0.82,0.82,0.75,0.75,12440439.0,9330329.25
2000-06-22 00:00:00,0.75,0.76,0.69,0.72,10551321.0,7596951.12
2000-06-23 00:00:00,0.72,0.76,0.69,0.69,13706154.0,9457246.26
2000-06-26 00:00:00,0.7,0.71,0.68,0.7,3962970.0,2774079.0
2000-06-27 00:00:00,0.71,0.73,0.69,0.7,14137200.0,9896040.0
2000-06-28 00:00:00,0.71,0.74,0.7,0.72,8400843.0,6048606.96
2000-06-29 00:00:00,0.72,0.72,0.7,0.7,4823181.0,3376226.6999999997
2000-06-30 00:00:00,0.69,0.69,0.67,0.68,6657255.0,4526933.4
2000-07-03 00:00:00,0.7,0.71,0.7,0.71,3356001.0,2382760.71
2000-07-04 00:00:00,0.71,0.71,0.69,0.69,3230172.0,2228818.6799999997
2000-07-05 00:00:00,0.7,0.71,0.69,0.7,2925054.0,2047537.7999999998
2000-07-06 00:00:00,0.68,0.69,0.68,0.68,1486980.0,1011146.4
2000-07-07 00:00:00,0.68,0.68,0.66,0.66,4522221.0,2984665.8600000003
2000-07-10 00:00:00,0.69,0.69,0.67,0.67,1878525.0,1258611.75
2000-07-11 00:00:00,0.68,0.68,0.66,0.68,3396591.0,2309681.8800000004
2000-07-12 00:00:00,0.69,0.78,0.67,0.73,6672501.0,4870925.7299999995
2000-07-13 00:00:00,0.74,0.74,0.68,0.69,4363524.0,3010831.5599999996
2000-07-14 00:00:00,0.69,0.72,0.69,0.72,4226310.0,3042943.1999999997
2000-07-17 00:00:00,0.73,0.73,0.71,0.71,5381145.0,3820612.9499999997
2000-07-18 00:00:00,0.72,0.72,0.68,0.69,4100085.0,2829058.65
2000-07-19 00:00:00,0.69,0.7,0.68,0.68,1884465.0,1281436.2000000002
2000-07-20 00:00:00,0.67,0.68,0.66,0.67,1338678.0,896914.26
2000-07-21 00:00:00,0.67,0.68,0.64,0.65,4720419.0,3068272.35
2000-07-24 00:00:00,0.63,0.65,0.62,0.63,6291648.0,3963738.24
2000-07-25 00:00:00,0.62,0.65,0.61,0.64,5258880.0,3365683.2
2000-07-26 00:00:00,0.65,0.66,0.63,0.64,6466977.0,4138865.2800000003
2000-07-27 00:00:00,0.64,0.65,0.63,0.64,3900798.0,2496510.72
2000-07-28 00:00:00,0.65,0.75,0.63,0.69,14582601.0,10061994.69
2000-07-31 00:00:00,0.69,0.69,0.67,0.68,3994749.0,2716429.3200000003
2000-08-01 00:00:00,0.68,0.68,0.62,0.62,8092656.0,5017446.72
2000-08-02 00:00:00,0.62,0.63,0.6,0.61,7397577.0,4512521.97
2000-08-03 00:00:00,0.61,0.62,0.59,0.6,2504205.0,1502523.0
2000-08-04 00:00:00,0.6,0.6,0.57,0.57,5195025.0,2961164.2499999995
2000-08-07 00:00:00,0.58,0.61,0.58,0.59,3475791.0,2050716.69
2000-08-08 00:00:00,0.59,0.62,0.59,0.6,3706263.0,2223757.8
2000-08-09 00:00:00,0.61,0.63,0.61,0.62,3080385.0,1909838.7
2000-08-10 00:00:00,0.63,0.64,0.61,0.62,3790413.0,2350056.06
2000-08-11 00:00:00,0.61,0.61,0.59,0.59,3017718.0,1780453.6199999999
2000-08-14 00:00:00,0.61,0.61,0.58,0.61,2462328.0,1502020.08
2000-08-16 00:00:00,0.61,0.62,0.61,0.61,960795.0,586084.95
2000-08-17 00:00:00,0.61,0.62,0.6,0.61,1180674.0,720211.14
2000-08-18 00:00:00,0.61,0.61,0.6,0.6,1762101.0,1057260.5999999999
2000-08-21 00:00:00,0.62,0.63,0.61,0.62,3599739.0,2231838.18
2000-08-22 00:00:00,0.63,0.66,0.62,0.65,6198687.0,4029146.5500000003
2000-08-23 00:00:00,0.65,0.68,0.64,0.64,7483707.0,4789572.48
2000-08-24 00:00:00,0.65,0.67,0.65,0.66,5097411.0,3364291.2600000002
2000-08-25 00:00:00,0.66,0.67,0.64,0.65,3764772.0,2447101.8000000003
2000-08-28 00:00:00,0.67,0.7,0.66,0.68,11592999.0,7883239.32
2000-08-29 00:00:00,0.68,0.73,0.68,0.72,38516643.0,27731982.959999997
2000-08-30 00:00:00,0.73,0.73,0.67,0.69,22541904.0,15553913.759999998
2000-08-31 00:00:00,0.67,0.69,0.67,0.68,12370347.0,8411835.96
2000-09-04 00:00:00,0.71,0.71,0.67,0.69,7051077.0,4865243.13
2000-09-05 00:00:00,0.69,0.7,0.68,0.69,1999305.0,1379520.45
2000-09-06 00:00:00,0.68,0.69,0.67,0.67,2830212.0,1896242.04
2000-09-07 00:00:00,0.67,0.68,0.66,0.66,3174435.0,2095127.1
2000-09-08 00:00:00,0.66,0.7,0.66,0.68,5076225.0,3451833.0000000005
2000-09-11 00:00:00,0.69,0.69,0.67,0.68,2918520.0,1984593.6
2000-09-12 00:00:00,0.67,0.68,0.66,0.67,10964547.0,7346246.49
2000-09-13 00:00:00,0.65,0.66,0.63,0.64,4246605.0,2717827.2
2000-09-14 00:00:00,0.63,0.71,0.62,0.66,26089371.0,17218984.86
2000-09-15 00:00:00,0.67,0.67,0.61,0.62,11017908.0,6831102.96
2000-09-18 00:00:00,0.6,0.62,0.59,0.6,5255019.0,3153011.4
2000-09-19 00:00:00,0.59,0.59,0.55,0.56,8493903.0,4756585.680000001
2000-09-20 00:00:00,0.57,0.58,0.56,0.58,2908224.0,1686769.92
2000-09-21 00:00:00,0.57,0.59,0.57,0.57,2436984.0,1389080.88
2000-09-22 00:00:00,0.57,0.57,0.53,0.53,7780707.0,4123774.7100000004
2000-09-25 00:00:00,0.56,0.56,0.53,0.55,6129981.0,3371489.5500000003
2000-09-26 00:00:00,0.54,0.54,0.5,0.51,4524201.0,2307342.5100000002
2000-09-27 00:00:00,0.52,0.54,0.51,0.53,2205225.0,1168769.25
2000-09-28 00:00:00,0.53,0.54,0.52,0.53,2035440.0,1078783.2
2000-09-29 00:00:00,0.51,0.53,0.51,0.52,5017716.0,2609212.3200000003
2000-10-03 00:00:00,0.53,0.53,0.51,0.52,4232349.0,2200821.48
2000-10-04 00:00:00,0.53,0.53,0.52,0.52,3167109.0,1646896.6800000002
2000-10-05 00:00:00,0.52,0.54,0.52,0.52,1637064.0,851273.28
2000-10-06 00:00:00,0.51,0.52,0.49,0.5,2013066.0,1006533.0
2000-10-09 00:00:00,0.5,0.51,0.49,0.49,1538460.0,753845.4
2000-10-10 00:00:00,0.49,0.49,0.47,0.47,1841499.0,865504.5299999999
2000-10-11 00:00:00,0.47,0.47,0.45,0.46,1997820.0,918997.2000000001
2000-10-12 00:00:00,0.44,0.47,0.44,0.46,1616670.0,743668.2000000001
2000-10-13 00:00:00,0.47,0.47,0.43,0.44,2911095.0,1280881.8
2000-10-16 00:00:00,0.47,0.47,0.45,0.45,2470050.0,1111522.5
2000-10-17 00:00:00,0.46,0.46,0.45,0.45,1041480.0,468666.0
2000-10-18 00:00:00,0.44,0.45,0.44,0.45,525294.0,236382.30000000002
2000-10-19 00:00:00,0.45,0.47,0.44,0.46,3152853.0,1450312.3800000001
2000-10-20 00:00:00,0.47,0.48,0.45,0.45,3053655.0,1374144.75
2000-10-23 00:00:00,0.46,0.47,0.45,0.45,822195.0,369987.75
2000-10-24 00:00:00,0.44,0.45,0.43,0.43,1006335.0,432724.05
2000-10-25 00:00:00,0.43,0.47,0.43,0.47,51108750.0,24021112.5
2000-10-26 00:00:00,0.49,0.49,0.48,0.49,1051380.0,515176.2
2000-10-27 00:00:00,0.48,0.48,0.47,0.48,654390.0,314107.2
2000-10-30 00:00:00,0.47,0.47,0.46,0.46,330165.0,151875.9
2000-10-31 00:00:00,0.48,0.52,0.46,0.51,5293530.0,2699700.3000000003
2000-11-01 00:00:00,0.51,0.51,0.48,0.51,2201463.0,1122746.1300000001
2000-11-02 00:00:00,0.51,0.54,0.5,0.53,3229578.0,1711676.34
2000-11-03 00:00:00,0.52,0.53,0.51,0.52,2498958.0,1299458.1600000001
2000-11-06 00:00:00,0.54,0.54,0.51,0.51,2653200.0,1353132.0
2000-11-07 00:00:00,0.51,0.51,0.5,0.5,1595682.0,797841.0
2000-11-08 00:00:00,0.52,0.58,0.51,0.55,12379554.0,6808754.7
2000-11-09 00:00:00,0.56,0.57,0.53,0.56,5800509.0,3248285.0400000005
2000-11-10 00:00:00,0.55,0.56,0.52,0.54,4506084.0,2433285.3600000003
2000-11-13 00:00:00,0.5,0.53,0.5,0.51,3172554.0,1618002.54
2000-11-14 00:00:00,0.51,0.56,0.5,0.55,12934746.0,7114110.300000001
2000-11-15 00:00:00,0.55,0.56,0.53,0.53,5474205.0,2901328.6500000004
2000-11-16 00:00:00,0.53,0.54,0.52,0.52,3659436.0,1902906.72
2000-11-17 00:00:00,0.52,0.54,0.51,0.53,3526677.0,1869138.81
2000-11-20 00:00:00,0.53,0.55,0.52,0.53,3601620.0,1908858.6
2000-11-21 00:00:00,0.53,0.53,0.52,0.52,3653496.0,1899817.9200000002
2000-11-22 00:00:00,0.53,0.54,0.52,0.52,2611620.0,1358042.4000000001
2000-11-23 00:00:00,0.51,0.53,0.51,0.53,1003266.0,531730.98
2000-11-24 00:00:00,0.53,0.54,0.53,0.53,3851595.0,2041345.35
2000-11-27 00:00:00,0.55,0.56,0.53,0.55,6547365.0,3601050.7500000005
2000-11-28 00:00:00,0.56,0.59,0.55,0.58,19129770.0,11095266.6
2000-11-29 00:00:00,0.57,0.58,0.56,0.57,4884066.0,2783917.6199999996
2000-11-30 00:00:00,0.56,0.57,0.54,0.54,4879017.0,2634669.18
2000-12-01 00:00:00,0.53,0.58,0.53,0.56,10343025.0,5792094.000000001
2000-12-04 00:00:00,0.57,0.57,0.55,0.55,5151069.0,2833087.95
2000-12-05 00:00:00,0.56,0.57,0.55,0.57,5860701.0,3340599.57
2000-12-06 00:00:00,0.57,0.58,0.57,0.58,5907033.0,3426079.1399999997
2000-12-07 00:00:00,0.58,0.58,0.57,0.58,3206412.0,1859718.96
2000-12-08 00:00:00,0.57,0.64,0.57,0.63,12470040.0,7856125.2
2000-12-11 00:00:00,0.66,0.66,0.63,0.64,13647546.0,8734429.44
2000-12-12 00:00:00,0.64,0.65,0.62,0.65,15352524.0,9979140.6
2000-12-13 00:00:00,0.65,0.68,0.64,0.66,22415184.0,14794021.440000001
2000-12-14 00:00:00,0.65,0.68,0.64,0.66,14819013.0,9780548.58
2000-12-15 00:00:00,0.65,0.69,0.65,0.65,11591514.0,7534484.100000001
2000-12-18 00:00:00,0.61,0.68,0.61,0.67,14399154.0,9647433.18
2000-12-19 00:00:00,0.68,0.68,0.65,0.65,8988012.0,5842207.8
2000-12-20 00:00:00,0.65,0.72,0.63,0.71,17889102.0,12701262.42
2000-12-21 00:00:00,0.72,0.78,0.69,0.74,29530413.0,21852505.62
2000-12-22 00:00:00,0.75,0.76,0.68,0.68,12660912.0,8609420.16
2000-12-26 00:00:00,0.66,0.68,0.64,0.64,8238186.0,5272439.04
2000-12-27 00:00:00,0.64,0.69,0.64,0.68,5452920.0,3707985.6
2000-12-28 00:00:00,0.69,0.72,0.67,0.71,17492112.0,12419399.52
2000-12-29 00:00:00,0.71,0.76,0.68,0.74,10077309.0,7457208.66
2001-01-01 00:00:00,0.73,0.76,0.72,0.73,9375597.0,6844185.81
2001-01-02 00:00:00,0.73,0.75,0.72,0.75,8920296.0,6690222.0
2001-01-03 00:00:00,0.72,0.76,0.72,0.75,11749518.0,8812138.5
2001-01-04 00:00:00,0.76,0.78,0.72,0.73,8845155.0,6456963.149999999
2001-01-05 00:00:00,0.72,0.73,0.71,0.73,4555188.0,3325287.2399999998
2001-01-08 00:00:00,0.72,0.74,0.7,0.72,3966039.0,2855548.08
2001-01-09 00:00:00,0.71,0.72,0.68,0.69,4386294.0,3026542.86
2001-01-10 00:00:00,0.7,0.7,0.67,0.68,2969010.0,2018926.8
2001-01-11 00:00:00,0.68,0.68,0.66,0.66,5587758.0,3687920.2800000003
2001-01-12 00:00:00,0.66,0.67,0.65,0.65,5177304.0,3365247.6
2001-01-15 00:00:00,0.65,0.67,0.65,0.66,2730420.0,1802077.2000000002
2001-01-16 00:00:00,0.67,0.68,0.65,0.66,6574788.0,4339360.08
2001-01-17 00:00:00,0.66,0.67,0.65,0.65,4680423.0,3042274.95
2001-01-18 00:00:00,0.67,0.73,0.67,0.72,16969986.0,12218389.92
2001-01-19 00:00:00,0.73,0.73,0.69,0.73,10745262.0,7844041.26
2001-01-22 00:00:00,0.75,0.75,0.72,0.72,10366092.0,7463586.239999999
2001-01-23 00:00:00,0.73,0.73,0.7,0.71,5863176.0,4162854.96
2001-01-24 00:00:00,0.72,0.73,0.71,0.72,8245413.0,5936697.359999999
2001-01-25 00:00:00,0.7,0.7,0.67,0.68,10245114.0,6966677.5200000005
2001-01-29 00:00:00,0.68,0.68,0.64,0.65,9340650.0,6071422.5
2001-01-30 00:00:00,0.63,0.69,0.63,0.68,28523286.0,19395834.48
2001-01-31 00:00:00,0.67,0.69,0.66,0.66,18472113.0,12191594.58
2001-02-01 00:00:00,0.66,0.67,0.64,0.65,5119488.0,3327667.2
2001-02-02 00:00:00,0.66,0.75,0.65,0.75,34023924.0,25517943.0
2001-02-05 00:00:00,0.78,0.8,0.77,0.77,45952335.0,35383297.95
2001-02-06 00:00:00,0.77,0.77,0.74,0.75,13900194.0,10425145.5
2001-02-07 00:00:00,0.76,0.86,0.76,0.81,47406249.0,38399061.690000005
2001-02-08 00:00:00,0.79,0.85,0.79,0.83,28482003.0,23640062.49
2001-02-09 00:00:00,0.82,0.85,0.82,0.82,21023145.0,17238978.9
2001-02-12 00:00:00,0.84,0.86,0.79,0.81,17279361.0,13996282.41
2001-02-13 00:00:00,0.81,0.81,0.76,0.77,16594380.0,12777672.6
2001-02-14 00:00:00,0.79,0.79,0.76,0.79,8663886.0,6844469.94
2001-02-15 00:00:00,0.79,0.8,0.78,0.79,23635062.0,18671698.98
2001-02-16 00:00:00,0.78,0.8,0.73,0.73,17568540.0,12825034.2
2001-02-19 00:00:00,0.75,0.75,0.73,0.74,6417477.0,4748932.9799999995
2001-02-20 00:00:00,0.74,0.74,0.71,0.71,17714268.0,12577130.28
2001-02-21 00:00:00,0.72,0.75,0.7,0.71,21368358.0,15171534.18
2001-02-22 00:00:00,0.72,0.73,0.69,0.71,16069086.0,11409051.059999999
2001-02-23 00:00:00,0.71,0.71,0.65,0.66,18304011.0,12080647.26
2001-02-26 00:00:00,0.71,0.71,0.67,0.68,15350841.0,10438571.88
2001-02-27 00:00:00,0.67,0.69,0.65,0.66,16946721.0,11184835.860000001
2001-02-28 00:00:00,0.66,0.69,0.65,0.67,19906623.0,13337437.41
2001-03-01 00:00:00,0.67,0.7,0.67,0.67,10472913.0,7016851.71
2001-03-02 00:00:00,0.68,0.72,0.58,0.59,20155509.0,11891750.309999999
2001-03-05 00:00:00,0.62,0.62,0.57,0.58,40574259.0,23533070.22
2001-03-07 00:00:00,0.6,0.61,0.57,0.61,10998801.0,6709268.609999999
2001-03-08 00:00:00,0.6,0.63,0.58,0.6,9967716.0,5980629.6
2001-03-09 00:00:00,0.59,0.59,0.56,0.57,11226897.0,6399331.289999999
2001-03-12 00:00:00,0.55,0.6,0.53,0.53,10809810.0,5729199.300000001
2001-03-13 00:00:00,0.5,0.53,0.45,0.45,26472996.0,11912848.200000001
2001-03-14 00:00:00,0.45,0.51,0.45,0.51,10266696.0,5236014.96
2001-03-15 00:00:00,0.49,0.51,0.48,0.5,9074934.0,4537467.0
2001-03-16 00:00:00,0.48,0.52,0.47,0.48,10891485.0,5227912.8
2001-03-19 00:00:00,0.48,0.49,0.47,0.48,5415201.0,2599296.48
2001-03-20 00:00:00,0.48,0.48,0.46,0.47,7930098.0,3727146.0599999996
2001-03-21 00:00:00,0.46,0.48,0.45,0.48,3402828.0,1633357.44
2001-03-22 00:00:00,0.48,0.5,0.47,0.49,5624487.0,2755998.63
2001-03-23 00:00:00,0.49,0.49,0.45,0.47,7224624.0,3395573.28
2001-03-26 00:00:00,0.47,0.48,0.47,0.48,8367777.0,4016532.96
2001-03-27 00:00:00,0.48,0.54,0.47,0.54,19023345.0,10272606.3
2001-03-28 00:00:00,0.54,0.56,0.53,0.54,10857825.0,5863225.5
2001-03-29 00:00:00,0.53,0.54,0.51,0.52,6226605.0,3237834.6
2001-03-30 00:00:00,0.51,0.51,0.49,0.49,18101556.0,8869762.44
2001-04-02 00:00:00,0.48,0.5,0.46,0.49,5959800.0,2920302.0
2001-04-03 00:00:00,0.48,0.5,0.47,0.48,25806825.0,12387276.0
2001-04-04 00:00:00,0.49,0.49,0.44,0.48,20608335.0,9892000.799999999
2001-04-06 00:00:00,0.49,0.51,0.47,0.48,12508353.0,6004009.4399999995
2001-04-09 00:00:00,0.47,0.49,0.47,0.49,6203340.0,3039636.6
2001-04-10 00:00:00,0.49,0.49,0.47,0.48,9401040.0,4512499.2
2001-04-11 00:00:00,0.48,0.48,0.47,0.47,7004547.0,3292137.09
2001-04-12 00:00:00,0.47,0.48,0.46,0.47,9506772.0,4468182.84
2001-04-16 00:00:00,0.48,0.48,0.47,0.48,7080678.0,3398725.44
2001-04-17 00:00:00,0.47,0.5,0.47,0.5,15723180.0,7861590.0
2001-04-18 00:00:00,0.49,0.52,0.49,0.52,18146898.0,9436386.96
2001-04-19 00:00:00,0.53,0.54,0.5,0.51,17348265.0,8847615.15
2001-04-20 00:00:00,0.5,0.52,0.49,0.51,10058202.0,5129683.0200000005
2001-04-23 00:00:00,0.53,0.56,0.51,0.54,34033824.0,18378264.96
2001-04-24 00:00:00,0.54,0.56,0.53,0.55,15192540.0,8355897.000000001
2001-04-25 00:00:00,0.56,0.56,0.54,0.55,8347680.0,4591224.0
2001-04-26 00:00:00,0.56,0.62,0.55,0.59,43413678.0,25614070.02
2001-04-27 00:00:00,0.58,0.58,0.54,0.54,30053430.0,16228852.200000001
2001-04-30 00:00:00,0.54,0.58,0.54,0.58,20805741.0,12067329.78
2001-05-02 00:00:00,0.58,0.64,0.58,0.6,47338137.0,28402882.2
2001-05-03 00:00:00,0.6,0.61,0.58,0.59,14245308.0,8404731.719999999
2001-05-04 00:00:00,0.58,0.61,0.56,0.6,13332528.0,7999516.8
2001-05-07 00:00:00,0.62,0.63,0.61,0.61,19110564.0,11657444.04
2001-05-08 00:00:00,0.62,0.66,0.61,0.66,66054681.0,43596089.46
2001-05-09 00:00:00,0.67,0.67,0.62,0.63,26475174.0,16679359.620000001
2001-05-10 00:00:00,0.64,0.65,0.63,0.63,15415389.0,9711695.07
2001-05-11 00:00:00,0.63,0.64,0.61,0.62,12079980.0,7489587.6
2001-05-14 00:00:00,0.61,0.63,0.6,0.61,10500435.0,6405265.35
2001-05-15 00:00:00,0.59,0.62,0.57,0.61,24052743.0,14672173.23
2001-05-16 00:00:00,0.62,0.63,0.61,0.62,13825350.0,8571717.0
2001-05-17 00:00:00,0.63,0.64,0.62,0.63,14711895.0,9268493.85
2001-05-18 00:00:00,0.64,0.69,0.64,0.66,77996061.0,51477400.260000005
2001-05-21 00:00:00,0.68,0.68,0.64,0.65,29185893.0,18970830.45
2001-05-22 00:00:00,0.66,0.66,0.64,0.66,14592501.0,9631050.66
2001-05-23 00:00:00,0.66,0.66,0.65,0.65,12851190.0,8353273.5
2001-05-24 00:00:00,0.65,0.66,0.64,0.65,24753861.0,16090009.65
2001-05-25 00:00:00,0.66,0.66,0.64,0.65,24589422.0,15983124.3
2001-05-28 00:00:00,0.65,0.68,0.65,0.67,33160842.0,22217764.14
2001-05-29 00:00:00,0.67,0.72,0.67,0.71,78289992.0,55585894.32
2001-05-30 00:00:00,0.71,0.72,0.67,0.68,36327159.0,24702468.12
2001-05-31 00:00:00,0.67,0.69,0.66,0.69,21804354.0,15045004.259999998
2001-06-01 00:00:00,0.69,0.69,0.65,0.66,17176203.0,11336293.98
2001-06-04 00:00:00,0.66,0.67,0.64,0.65,8228583.0,5348578.95
2001-06-05 00:00:00,0.64,0.66,0.62,0.63,12938607.0,8151322.41
2001-06-06 00:00:00,0.64,0.65,0.63,0.63,4200075.0,2646047.25
2001-06-07 00:00:00,0.63,0.63,0.59,0.61,10407375.0,6348498.75
2001-06-08 00:00:00,0.61,0.62,0.61,0.61,10131363.0,6180131.43
2001-06-11 00:00:00,0.62,0.62,0.61,0.62,5272146.0,3268730.52
2001-06-12 00:00:00,0.61,0.63,0.61,0.63,9388566.0,5914796.58
2001-06-13 00:00:00,0.63,0.64,0.62,0.63,5520537.0,3477938.31
2001-06-14 00:00:00,0.62,0.64,0.62,0.62,6092361.0,3777263.82
2001-06-15 00:00:00,0.62,0.62,0.59,0.6,10547856.0,6328713.6
2001-06-18 00:00:00,0.63,0.64,0.61,0.62,5904657.0,3660887.34
2001-06-19 00:00:00,0.61,0.63,0.61,0.63,6254622.0,3940411.86
2001-06-20 00:00:00,0.62,0.63,0.62,0.62,2620035.0,1624421.7
2001-06-21 00:00:00,0.62,0.63,0.6,0.62,7698438.0,4773031.56
2001-06-22 00:00:00,0.61,0.63,0.6,0.62,17665461.0,10952585.82
2001-06-25 00:00:00,0.61,0.62,0.61,0.61,8020089.0,4892254.29
2001-06-26 00:00:00,0.62,0.64,0.62,0.63,8013852.0,5048726.76
2001-06-27 00:00:00,0.62,0.66,0.62,0.64,7052067.0,4513322.88
2001-06-28 00:00:00,0.63,0.64,0.62,0.62,2343033.0,1452680.46
2001-06-29 00:00:00,0.62,0.64,0.61,0.62,10151163.0,6293721.06
2001-07-02 00:00:00,0.63,0.64,0.62,0.63,492525.0,310290.75
2001-07-03 00:00:00,0.61,0.67,0.6,0.66,8311545.0,5485619.7
2001-07-04 00:00:00,0.64,0.67,0.64,0.66,3221262.0,2126032.92
2001-07-05 00:00:00,0.66,0.67,0.66,0.67,1620432.0,1085689.4400000002
2001-07-06 00:00:00,0.67,0.68,0.65,0.66,998613.0,659084.5800000001
2001-07-09 00:00:00,0.65,0.66,0.65,0.65,245025.0,159266.25
2001-07-10 00:00:00,0.66,0.67,0.66,0.66,1077813.0,711356.5800000001
2001-07-11 00:00:00,0.66,0.68,0.65,0.68,4434111.0,3015195.4800000004
2001-07-12 00:00:00,0.69,0.7,0.67,0.69,4891194.0,3374923.86
2001-07-13 00:00:00,0.69,0.69,0.66,0.67,952578.0,638227.26
2001-07-16 00:00:00,0.67,0.68,0.67,0.68,886545.0,602850.6000000001
2001-07-17 00:00:00,0.67,0.67,0.67,0.67,1408869.0,943942.2300000001
2001-07-18 00:00:00,0.67,0.72,0.67,0.68,5452623.0,3707783.64
2001-07-19 00:00:00,0.69,0.7,0.67,0.67,936540.0,627481.8
2001-07-20 00:00:00,0.68,0.69,0.67,0.67,747450.0,500791.50000000006
2001-07-24 00:00:00,0.66,0.67,0.65,0.66,1041975.0,687703.5
2001-07-25 00:00:00,0.65,0.66,0.65,0.65,2156715.0,1401864.75
2001-07-26 00:00:00,0.64,0.64,0.61,0.61,3840210.0,2342528.1
2001-07-27 00:00:00,0.59,0.63,0.59,0.62,1487475.0,922234.5
2001-07-30 00:00:00,0.67,0.67,0.61,0.63,1056429.0,665550.27
2001-07-31 00:00:00,0.63,0.65,0.63,0.65,1133550.0,736807.5
2001-08-01 00:00:00,0.65,0.65,0.63,0.65,1772892.0,1152379.8
2001-08-02 00:00:00,0.66,0.66,0.64,0.64,471537.0,301783.68
2001-08-03 00:00:00,0.65,0.65,0.64,0.64,823383.0,526965.12
2001-08-06 00:00:00,0.64,0.65,0.64,0.64,284130.0,181843.2
2001-08-07 00:00:00,0.64,0.64,0.63,0.63,514800.0,324324.0
2001-08-08 00:00:00,0.63,0.64,0.63,0.63,272250.0,171517.5
2001-08-09 00:00:00,0.63,0.63,0.62,0.63,488565.0,307795.95
2001-08-10 00:00:00,0.64,0.64,0.63,0.64,584100.0,373824.0
2001-08-13 00:00:00,0.65,0.65,0.64,0.64,488070.0,312364.8
2001-08-14 00:00:00,0.64,0.65,0.64,0.64,249975.0,159984.0
2001-08-16 00:00:00,0.64,0.65,0.64,0.65,392535.0,255147.75
2001-08-17 00:00:00,0.65,0.66,0.65,0.66,297099.0,196085.34
2001-08-20 00:00:00,0.65,0.68,0.65,0.68,1151766.0,783200.88
2001-08-21 00:00:00,0.67,0.68,0.67,0.68,552618.0,375780.24000000005
2001-08-23 00:00:00,0.67,0.67,0.66,0.66,1925550.0,1270863.0
2001-08-24 00:00:00,0.66,0.67,0.65,0.66,26229159.0,17311244.94
2001-08-27 00:00:00,0.64,0.65,0.62,0.64,1660428.0,1062673.92
2001-08-28 00:00:00,0.64,0.65,0.64,0.64,654093.0,418619.52
2001-08-29 00:00:00,0.63,0.64,0.63,0.63,394515.0,248544.45
2001-08-30 00:00:00,0.63,0.63,0.63,0.63,231660.0,145945.8
2001-08-31 00:00:00,0.63,0.63,0.62,0.63,1432926.0,902743.38
2001-09-03 00:00:00,0.6,0.62,0.6,0.62,604296.0,374663.52
2001-09-04 00:00:00,0.61,0.61,0.6,0.61,581625.0,354791.25
2001-09-05 00:00:00,0.61,0.62,0.61,0.61,389268.0,237453.47999999998
2001-09-06 00:00:00,0.61,0.61,0.61,0.61,532719.0,324958.58999999997
2001-09-07 00:00:00,0.6,0.61,0.6,0.6,349470.0,209682.0
2001-09-10 00:00:00,0.61,0.61,0.6,0.61,339768.0,207258.47999999998
2001-09-11 00:00:00,0.61,0.61,0.6,0.6,662805.0,397683.0
2001-09-12 00:00:00,0.56,0.59,0.56,0.58,1749825.0,1014898.4999999999
2001-09-13 00:00:00,0.59,0.59,0.58,0.58,308385.0,178863.3
2001-09-14 00:00:00,0.56,0.56,0.53,0.55,1427778.0,785277.9
2001-09-17 00:00:00,0.52,0.53,0.51,0.51,1222650.0,623551.5
2001-09-18 00:00:00,0.53,0.55,0.52,0.54,409068.0,220896.72
2001-09-19 00:00:00,0.55,0.57,0.54,0.56,822195.0,460429.20000000007
2001-09-20 00:00:00,0.54,0.57,0.54,0.56,1584000.0,887040.0000000001
2001-09-21 00:00:00,0.52,0.57,0.52,0.57,1722303.0,981712.71
2001-09-24 00:00:00,0.61,0.65,0.6,0.6,13032558.0,7819534.8
2001-09-25 00:00:00,0.62,0.63,0.58,0.59,5048703.0,2978734.77
2001-09-26 00:00:00,0.58,0.61,0.58,0.6,1033263.0,619957.7999999999
2001-09-27 00:00:00,0.6,0.61,0.6,0.6,494010.0,296406.0
2001-09-28 00:00:00,0.6,0.65,0.6,0.64,9593397.0,6139774.08
2001-10-01 00:00:00,0.64,0.67,0.62,0.65,6822783.0,4434808.95
2001-10-03 00:00:00,0.66,0.67,0.63,0.64,4675770.0,2992492.8000000003
2001-10-04 00:00:00,0.65,0.65,0.62,0.62,995643.0,617298.66
2001-10-05 00:00:00,0.63,0.63,0.57,0.58,5843178.0,3389043.2399999998
2001-10-08 00:00:00,0.57,0.61,0.57,0.6,10565082.0,6339049.2
2001-10-09 00:00:00,0.61,0.63,0.61,0.62,2069793.0,1283271.66
2001-10-10 00:00:00,0.62,0.63,0.61,0.62,1217205.0,754667.1
2001-10-11 00:00:00,0.65,0.65,0.62,0.63,1562814.0,984572.82
2001-10-12 00:00:00,0.63,0.64,0.63,0.63,2405502.0,1515466.26
2001-10-15 00:00:00,0.63,0.64,0.63,0.63,1918125.0,1208418.75
2001-10-16 00:00:00,0.64,0.67,0.64,0.66,4624290.0,3052031.4000000004
2001-10-17 00:00:00,0.66,0.68,0.66,0.66,4047021.0,2671033.8600000003
2001-10-18 00:00:00,0.66,0.68,0.62,0.65,20273814.0,13177979.1
2001-10-19 00:00:00,0.65,0.68,0.64,0.67,3956238.0,2650679.46
2001-10-22 00:00:00,0.67,0.69,0.66,0.67,3310857.0,2218274.19
2001-10-23 00:00:00,0.68,0.68,0.67,0.68,3166515.0,2153230.2
2001-10-24 00:00:00,0.67,0.67,0.66,0.66,893871.0,589954.86
2001-10-25 00:00:00,0.66,0.66,0.65,0.66,884169.0,583551.54
2001-10-29 00:00:00,0.65,0.66,0.63,0.64,1831005.0,1171843.2
2001-10-30 00:00:00,0.63,0.64,0.62,0.63,1357884.0,855466.92
2001-10-31 00:00:00,0.62,0.64,0.62,0.63,1179882.0,743325.66
2001-11-01 00:00:00,0.64,0.64,0.63,0.63,1427283.0,899188.29
2001-11-02 00:00:00,0.64,0.65,0.63,0.63,1761309.0,1109624.67
2001-11-05 00:00:00,0.65,0.65,0.63,0.64,1382733.0,884949.12
2001-11-06 00:00:00,0.65,0.65,0.64,0.64,958914.0,613704.96
2001-11-07 00:00:00,0.66,0.66,0.63,0.63,1220670.0,769022.1
2001-11-08 00:00:00,0.63,0.65,0.63,0.64,1853676.0,1186352.6400000001
2001-11-09 00:00:00,0.66,0.66,0.63,0.64,5593500.0,3579840.0
2001-11-12 00:00:00,0.64,0.64,0.64,0.64,1635777.0,1046897.28
2001-11-13 00:00:00,0.64,0.64,0.63,0.64,1611423.0,1031310.72
2001-11-14 00:00:00,0.64,0.65,0.64,0.64,344520.0,220492.80000000002
2001-11-15 00:00:00,0.64,0.64,0.63,0.63,2658150.0,1674634.5
2001-11-19 00:00:00,0.63,0.65,0.63,0.64,1806750.0,1156320.0
2001-11-20 00:00:00,0.63,0.65,0.63,0.64,1990890.0,1274169.6
2001-11-21 00:00:00,0.63,0.64,0.63,0.64,1029798.0,659070.72
2001-11-22 00:00:00,0.64,0.76,0.64,0.76,17113734.0,13006437.84
2001-11-23 00:00:00,0.79,0.81,0.74,0.74,11858022.0,8774936.28
2001-11-26 00:00:00,0.77,0.84,0.75,0.81,13629924.0,11040238.440000001
2001-11-27 00:00:00,0.82,0.88,0.82,0.82,17375589.0,14247982.979999999
2001-11-28 00:00:00,0.84,0.84,0.78,0.78,3863673.0,3013664.94
2001-11-29 00:00:00,0.77,0.8,0.77,0.78,4829022.0,3766637.16
2001-12-03 00:00:00,0.8,0.82,0.79,0.8,4693392.0,3754713.6
2001-12-04 00:00:00,0.81,0.81,0.8,0.81,2519748.0,2040995.8800000001
2001-12-05 00:00:00,0.83,0.96,0.82,0.91,29980764.0,27282495.240000002
2001-12-06 00:00:00,0.95,0.96,0.88,0.89,11925540.0,10613730.6
2001-12-07 00:00:00,0.92,0.93,0.87,0.89,3714183.0,3305622.87
2001-12-10 00:00:00,0.9,0.96,0.9,0.95,11508354.0,10932936.299999999
2001-12-11 00:00:00,0.96,0.99,0.92,0.93,9482616.0,8818832.88
2001-12-12 00:00:00,0.95,0.97,0.91,0.92,3271653.0,3009920.7600000002
2001-12-13 00:00:00,0.89,0.92,0.84,0.86,7254522.0,6238888.92
2001-12-14 00:00:00,0.86,0.88,0.86,0.88,4176612.0,3675418.56
2001-12-18 00:00:00,0.89,0.89,0.83,0.88,3370158.0,2965739.04
2001-12-19 00:00:00,0.87,0.89,0.85,0.85,2152755.0,1829841.75
2001-12-20 00:00:00,0.83,0.87,0.83,0.85,2784375.0,2366718.75
2001-12-21 00:00:00,0.84,0.85,0.8,0.81,1443024.0,1168849.4400000002
2001-12-24 00:00:00,0.78,0.81,0.78,0.8,1624887.0,1299909.6
2001-12-26 00:00:00,0.81,0.85,0.79,0.79,1551627.0,1225785.33
2001-12-27 00:00:00,0.78,0.8,0.77,0.77,815661.0,628058.97
2001-12-28 00:00:00,0.77,0.79,0.71,0.79,1971684.0,1557630.36
2001-12-31 00:00:00,0.83,0.86,0.82,0.83,2357883.0,1957042.89
2002-01-01 00:00:00,0.85,0.87,0.82,0.83,1326501.0,1100995.8299999998
2002-01-02 00:00:00,0.81,0.85,0.81,0.85,434412.0,369250.2
2002-01-03 00:00:00,0.9,0.9,0.86,0.86,999603.0,859658.58
2002-01-04 00:00:00,0.88,0.89,0.86,0.86,915255.0,787119.2999999999
2002-01-07 00:00:00,0.89,0.9,0.86,0.87,1391643.0,1210729.41
2002-01-08 00:00:00,0.88,0.88,0.85,0.85,815760.0,693396.0
2002-01-09 00:00:00,0.83,0.95,0.83,0.91,9578052.0,8716027.32
2002-01-10 00:00:00,0.91,1.0,0.91,0.99,37382004.0,37008183.96
2002-01-11 00:00:00,1.0,1.1,0.92,0.99,39422592.0,39028366.08
2002-01-14 00:00:00,1.05,1.19,1.05,1.19,24838407.0,29557704.33
2002-01-15 00:00:00,1.21,1.22,1.11,1.13,21289158.0,24056748.54
2002-01-16 00:00:00,1.14,1.25,1.09,1.18,33406362.0,39419507.16
2002-01-17 00:00:00,1.15,1.31,1.13,1.24,40717413.0,50489592.12
2002-01-18 00:00:00,1.27,1.27,1.18,1.19,13507362.0,16073760.78
2002-01-21 00:00:00,1.21,1.26,1.16,1.18,9378963.0,11067176.34
2002-01-22 00:00:00,1.2,1.21,1.15,1.15,5040684.0,5796786.6
2002-01-23 00:00:00,1.16,1.22,1.13,1.14,9674775.0,11029243.499999998
2002-01-24 00:00:00,1.17,1.17,1.1,1.11,5670522.0,6294279.420000001
2002-01-25 00:00:00,1.11,1.15,1.08,1.12,5780709.0,6474394.080000001
2002-01-28 00:00:00,1.15,1.15,1.09,1.09,2261259.0,2464772.31
2002-01-29 00:00:00,1.11,1.14,1.06,1.07,7222545.0,7728123.15
2002-01-30 00:00:00,1.06,1.08,1.04,1.06,3230370.0,3424192.2
2002-01-31 00:00:00,1.08,1.12,1.08,1.1,6374313.0,7011744.300000001
2002-02-01 00:00:00,1.14,1.3,1.13,1.22,41103711.0,50146527.42
2002-02-04 00:00:00,1.23,1.3,1.21,1.22,26477748.0,32302852.56
2002-02-05 00:00:00,1.23,1.32,1.18,1.3,37262214.0,48440878.2
2002-02-06 00:00:00,1.32,1.45,1.31,1.35,90507780.0,122185503.00000001
2002-02-07 00:00:00,1.35,1.37,1.22,1.23,30788703.0,37870104.69
2002-02-08 00:00:00,1.25,1.27,1.19,1.2,16425387.0,19710464.4
2002-02-11 00:00:00,1.25,1.36,1.23,1.31,26507448.0,34724756.88
2002-02-12 00:00:00,1.35,1.38,1.29,1.3,18062154.0,23480800.2
2002-02-13 00:00:00,1.31,1.34,1.26,1.27,11453112.0,14545452.24
2002-02-14 00:00:00,1.31,1.38,1.29,1.35,30795831.0,41574371.85
2002-02-15 00:00:00,1.3,1.4,1.3,1.34,22066506.0,29569118.040000003
2002-02-18 00:00:00,1.34,1.35,1.26,1.3,11170269.0,14521349.700000001
2002-02-19 00:00:00,1.32,1.34,1.28,1.29,8840007.0,11403609.030000001
2002-02-20 00:00:00,1.31,1.45,1.28,1.39,82031598.0,114023921.22
2002-02-21 00:00:00,1.43,1.54,1.39,1.48,103259772.0,152824462.56
2002-02-22 00:00:00,1.48,1.63,1.47,1.61,105289569.0,169516206.09
2002-02-25 00:00:00,1.61,1.69,1.53,1.55,90055845.0,139586559.75
2002-02-26 00:00:00,1.56,1.62,1.52,1.54,48384864.0,74512690.56
2002-02-27 00:00:00,1.56,1.62,1.5,1.52,35197074.0,53499552.480000004
2002-02-28 00:00:00,1.55,1.67,1.29,1.36,178115157.0,242236613.52
2002-03-01 00:00:00,1.38,1.46,1.38,1.45,30058776.0,43585225.199999996
2002-03-04 00:00:00,1.51,1.53,1.42,1.43,20312127.0,29046341.61
2002-03-05 00:00:00,1.46,1.46,1.37,1.38,15222438.0,21006964.439999998
2002-03-06 00:00:00,1.41,1.41,1.3,1.31,16453800.0,21554478.0
2002-03-07 00:00:00,1.34,1.36,1.3,1.31,12714372.0,16655827.32
2002-03-08 00:00:00,1.32,1.38,1.32,1.34,27383202.0,36693490.68
2002-03-11 00:00:00,1.36,1.36,1.29,1.3,9318177.0,12113630.1
2002-03-12 00:00:00,1.31,1.35,1.26,1.27,22662189.0,28780980.03
2002-03-13 00:00:00,1.28,1.33,1.27,1.3,16962264.0,22050943.2
2002-03-14 00:00:00,1.3,1.37,1.29,1.3,15702390.0,20413107.0
2002-03-15 00:00:00,1.3,1.37,1.3,1.34,22599126.0,30282828.840000004
2002-03-18 00:00:00,1.36,1.42,1.32,1.33,29005020.0,38576676.6
2002-03-19 00:00:00,1.34,1.35,1.29,1.29,12065427.0,15564400.83
2002-03-20 00:00:00,1.31,1.33,1.28,1.31,13417569.0,17577015.39
2002-03-21 00:00:00,1.3,1.33,1.29,1.3,3611025.0,4694332.5
2002-03-22 00:00:00,1.3,1.31,1.26,1.27,3006828.0,3818671.56
2002-03-26 00:00:00,1.29,1.29,1.24,1.25,2739132.0,3423915.0
2002-03-27 00:00:00,1.27,1.27,1.2,1.2,6853473.0,8224167.6
2002-03-28 00:00:00,1.23,1.31,1.23,1.28,19970775.0,25562592.0
2002-04-01 00:00:00,1.29,1.4,1.27,1.38,35994222.0,49672026.36
2002-04-02 00:00:00,1.41,1.55,1.41,1.46,82585998.0,120575557.08
2002-04-03 00:00:00,1.48,1.54,1.46,1.49,46657017.0,69518955.33
2002-04-04 00:00:00,1.51,1.54,1.43,1.44,25770789.0,37109936.16
2002-04-05 00:00:00,1.48,1.5,1.45,1.47,13000977.0,19111436.19
2002-04-08 00:00:00,1.48,1.61,1.46,1.59,62060328.0,98675921.52000001
2002-04-09 00:00:00,1.63,1.74,1.59,1.69,82144458.0,138824134.01999998
2002-04-10 00:00:00,1.7,1.75,1.64,1.66,53767692.0,89254368.72
2002-04-11 00:00:00,1.67,1.67,1.59,1.61,14420934.0,23217703.740000002
2002-04-12 00:00:00,1.6,1.78,1.6,1.74,32894928.0,57237174.72
2002-04-15 00:00:00,1.74,1.77,1.6,1.61,22847715.0,36784821.15
2002-04-16 00:00:00,1.61,1.63,1.54,1.6,25981362.0,41570179.2
2002-04-17 00:00:00,1.65,1.69,1.56,1.57,7204032.0,11310330.24
2002-04-18 00:00:00,1.6,1.65,1.57,1.64,13387671.0,21955780.439999998
2002-04-19 00:00:00,1.64,1.66,1.56,1.58,9230760.0,14584600.8
2002-04-22 00:00:00,1.59,1.61,1.53,1.59,6557166.0,10425893.940000001
2002-04-23 00:00:00,1.59,1.71,1.58,1.67,14189670.0,23696748.9
2002-04-24 00:00:00,1.72,1.75,1.69,1.7,17150265.0,29155450.5
2002-04-25 00:00:00,1.71,1.75,1.62,1.64,24961563.0,40936963.32
2002-04-26 00:00:00,1.65,1.71,1.62,1.65,8003853.0,13206357.45
2002-04-29 00:00:00,1.66,1.67,1.61,1.62,6733485.0,10908245.700000001
2002-04-30 00:00:00,1.63,1.74,1.63,1.73,21924936.0,37930139.28
2002-05-02 00:00:00,1.76,1.98,1.76,1.93,81033975.0,156395571.75
2002-05-03 00:00:00,1.91,2.07,1.86,2.03,115641207.0,234751650.20999998
2002-05-06 00:00:00,2.21,2.21,2.0,2.11,49253490.0,103924863.89999999
2002-05-07 00:00:00,2.11,2.13,1.99,2.02,26826723.0,54189980.46
2002-05-08 00:00:00,2.04,2.05,1.96,1.98,22285989.0,44126258.22
2002-05-09 00:00:00,2.01,2.29,1.98,2.26,88520652.0,200056673.51999998
2002-05-10 00:00:00,2.27,2.34,2.11,2.12,95757453.0,203005800.36
2002-05-13 00:00:00,2.14,2.25,2.08,2.1,65796885.0,138173458.5
2002-05-14 00:00:00,2.13,2.15,2.0,2.04,38499615.0,78539214.6
2002-05-15 00:00:00,2.07,2.13,1.96,1.98,51224580.0,101424668.4
2002-05-16 00:00:00,2.01,2.07,1.94,2.0,53819469.0,107638938.0
2002-05-17 00:00:00,2.03,2.1,1.92,2.0,66266541.0,132533082.0
2002-05-20 00:00:00,2.02,2.16,1.95,2.04,114366582.0,233307827.28
2002-05-21 00:00:00,2.05,2.06,1.88,1.92,47214981.0,90652763.52
2002-05-22 00:00:00,1.9,1.98,1.86,1.91,37966005.0,72515069.55
2002-05-23 00:00:00,1.92,1.95,1.88,1.89,15849504.0,29955562.56
2002-05-24 00:00:00,1.93,2.16,1.93,2.14,100780911.0,215671149.54000002
2002-05-27 00:00:00,2.16,2.2,2.07,2.09,92107818.0,192505339.61999997
2002-05-28 00:00:00,2.07,2.09,1.89,1.91,53016876.0,101262233.16
2002-05-29 00:00:00,1.94,1.99,1.85,1.88,60739470.0,114190203.6
2002-05-30 00:00:00,1.91,1.99,1.83,1.85,73799550.0,136529167.5
2002-05-31 00:00:00,1.87,1.9,1.8,1.84,61349112.0,112882366.08
2002-06-03 00:00:00,1.87,1.96,1.87,1.94,59440293.0,115314168.42
2002-06-04 00:00:00,1.94,1.99,1.91,1.93,60092505.0,115978534.64999999
2002-06-05 00:00:00,1.94,2.18,1.91,2.08,174866868.0,363723085.44
2002-06-06 00:00:00,2.1,2.22,2.08,2.09,155311398.0,324600821.82
2002-06-07 00:00:00,2.09,2.16,2.01,2.02,86652918.0,175038894.36
2002-06-10 00:00:00,2.08,2.13,2.04,2.06,65834406.0,135618876.36
2002-06-11 00:00:00,2.14,2.14,2.03,2.04,53664237.0,109475043.48
2002-06-12 00:00:00,2.06,2.19,2.06,2.14,114438951.0,244899355.14000002
2002-06-13 00:00:00,2.18,2.26,2.17,2.2,189290079.0,416438173.8
2002-06-14 00:00:00,2.22,2.23,2.15,2.19,59083002.0,129391774.38
2002-06-17 00:00:00,2.2,2.22,2.12,2.13,26394588.0,56220472.44
2002-06-18 00:00:00,2.16,2.16,2.07,2.08,30488733.0,63416564.64
2002-06-19 00:00:00,2.09,2.09,2.02,2.03,24736140.0,50214364.199999996
2002-06-20 00:00:00,2.03,2.1,2.02,2.06,27533187.0,56718365.22
2002-06-21 00:00:00,2.07,2.07,2.02,2.04,8949798.0,18257587.92
2002-06-24 00:00:00,2.04,2.05,1.97,1.98,14911578.0,29524924.44
2002-06-25 00:00:00,2.01,2.06,1.98,2.03,16788321.0,34080291.629999995
2002-06-26 00:00:00,2.03,2.05,1.96,1.97,10662102.0,21004340.94
2002-06-27 00:00:00,1.99,2.03,1.98,2.03,11875248.0,24106753.439999998
2002-06-28 00:00:00,2.07,2.1,2.04,2.06,28851075.0,59433214.5
2002-07-01 00:00:00,2.07,2.16,2.06,2.15,38997387.0,83844382.05
2002-07-02 00:00:00,2.14,2.17,2.09,2.11,30977199.0,65361889.88999999
2002-07-03 00:00:00,2.1,2.11,2.05,2.06,14015430.0,28871785.8
2002-07-04 00:00:00,2.07,2.1,2.03,2.05,9874953.0,20243653.65
2002-07-05 00:00:00,2.06,2.08,2.05,2.07,8509842.0,17615372.939999998
2002-07-08 00:00:00,2.09,2.09,2.03,2.04,5377086.0,10969255.44
2002-07-09 00:00:00,2.05,2.09,2.03,2.03,10820898.0,21966422.939999998
2002-07-10 00:00:00,2.05,2.05,1.99,2.0,4955247.0,9910494.0
2002-07-11 00:00:00,2.01,2.03,1.94,1.95,8710218.0,16984925.099999998
2002-07-12 00:00:00,1.97,2.0,1.95,1.97,7263729.0,14309546.129999999
2002-07-15 00:00:00,1.98,1.98,1.89,1.95,5349762.0,10432035.9
2002-07-16 00:00:00,1.95,2.0,1.91,1.97,8497170.0,16739424.9
2002-07-17 00:00:00,1.96,1.98,1.82,1.85,13999194.0,25898508.900000002
2002-07-18 00:00:00,1.89,1.94,1.87,1.92,7904061.0,15175797.12
2002-07-19 00:00:00,1.95,2.12,1.89,2.09,85881510.0,179492355.89999998
2002-07-22 00:00:00,2.05,2.13,2.02,2.04,115777827.0,236186767.08
2002-07-23 00:00:00,2.03,2.19,1.98,2.17,89207118.0,193579446.06
2002-07-24 00:00:00,2.12,2.17,2.03,2.05,70204167.0,143918542.35
2002-07-25 00:00:00,2.09,2.2,2.09,2.13,74890233.0,159516196.29
2002-07-26 00:00:00,2.1,2.12,1.99,2.01,33452595.0,67239715.94999999
2002-07-29 00:00:00,2.02,2.03,1.87,1.94,59552955.0,115532732.7
2002-07-30 00:00:00,1.94,2.01,1.81,1.83,19743075.0,36129827.25
2002-07-31 00:00:00,1.83,1.97,1.68,1.93,66196449.0,127759146.57
2002-08-01 00:00:00,1.93,1.96,1.86,1.87,28450719.0,53202844.53
2002-08-02 00:00:00,1.87,1.86,1.76,1.82,23213817.0,42249146.940000005
2002-08-05 00:00:00,1.82,1.9,1.8,1.85,18244215.0,33751797.75
2002-08-06 00:00:00,1.85,1.95,1.82,1.94,25229061.0,48944378.339999996
2002-08-07 00:00:00,1.94,2.14,1.96,2.09,96757848.0,202223902.32
2002-08-08 00:00:00,2.09,2.11,2.01,2.03,28214604.0,57275646.12
2002-08-09 00:00:00,2.03,2.13,2.03,2.12,49236462.0,104381299.44000001
2002-08-12 00:00:00,2.12,2.17,2.08,2.15,34985709.0,75219274.35
2002-08-13 00:00:00,2.15,2.18,2.11,2.12,42773940.0,90680752.80000001
2002-08-14 00:00:00,2.12,2.13,2.08,2.1,16455780.0,34557138.0
2002-08-16 00:00:00,2.1,2.13,2.06,2.07,16713477.0,34596897.39
2002-08-19 00:00:00,2.07,2.11,2.07,2.07,9698832.0,20076582.24
2002-08-20 00:00:00,2.07,2.09,2.02,2.03,9757242.0,19807201.259999998
2002-08-21 00:00:00,2.03,2.09,2.04,2.05,6017517.0,12335909.85
2002-08-22 00:00:00,2.05,2.14,2.05,2.1,43122816.0,90557913.60000001
2002-08-23 00:00:00,2.1,2.16,2.11,2.14,23331330.0,49929046.2
2002-08-26 00:00:00,2.14,2.18,2.11,2.15,19210059.0,41301626.85
2002-08-27 00:00:00,2.15,2.16,2.1,2.14,23511708.0,50315055.120000005
2002-08-28 00:00:00,2.14,2.18,2.1,2.11,22736142.0,47973259.62
2002-08-29 00:00:00,2.11,2.11,2.02,2.04,15695955.0,32019748.2
2002-08-30 00:00:00,2.04,2.05,1.97,2.02,13882671.0,28042995.42
2002-09-02 00:00:00,2.02,2.07,1.95,1.96,10078893.0,19754630.28
2002-09-03 00:00:00,1.96,2.0,1.89,1.91,22464090.0,42906411.9
2002-09-04 00:00:00,1.91,1.98,1.88,1.95,23813064.0,46435474.8
2002-09-05 00:00:00,1.95,1.99,1.94,1.95,7887726.0,15381065.7
2002-09-06 00:00:00,1.95,1.95,1.86,1.9,10570428.0,20083813.2
2002-09-09 00:00:00,1.9,1.87,1.72,1.75,30457152.0,53300016.0
2002-09-11 00:00:00,1.75,1.83,1.76,1.81,21703374.0,39283106.94
2002-09-12 00:00:00,1.81,1.83,1.78,1.78,9636066.0,17152197.48
2002-09-13 00:00:00,1.78,1.84,1.76,1.79,13558941.0,24270504.39
2002-09-16 00:00:00,1.79,1.81,1.69,1.7,12314808.0,20935173.599999998
2002-09-17 00:00:00,1.7,1.75,1.65,1.68,16859601.0,28324129.68
2002-09-18 00:00:00,1.68,1.72,1.65,1.66,16505181.0,27398600.459999997
2002-09-19 00:00:00,1.66,1.66,1.57,1.6,19617147.0,31387435.200000003
2002-09-20 00:00:00,1.6,1.6,1.48,1.51,31749399.0,47941592.49
2002-09-23 00:00:00,1.51,1.61,1.5,1.57,30634758.0,48096570.06
2002-09-24 00:00:00,1.57,1.56,1.51,1.54,11365497.0,17502865.38
2002-09-25 00:00:00,1.54,1.54,1.48,1.51,8062065.0,12173718.15
2002-09-26 00:00:00,1.51,1.55,1.51,1.52,7491231.0,11386671.120000001
2002-09-27 00:00:00,1.52,1.58,1.52,1.55,19684368.0,30510770.400000002
2002-09-30 00:00:00,1.55,1.56,1.46,1.48,15259068.0,22583420.64
2002-10-01 00:00:00,1.48,1.58,1.45,1.51,23756337.0,35872068.87
2002-10-03 00:00:00,1.51,1.54,1.43,1.44,23273415.0,33513717.599999998
2002-10-04 00:00:00,1.44,1.5,1.42,1.44,17169867.0,24724608.48
2002-10-07 00:00:00,1.44,1.65,1.46,1.61,109965735.0,177044833.35000002
2002-10-08 00:00:00,1.61,1.67,1.57,1.58,60045975.0,94872640.5
2002-10-09 00:00:00,1.58,1.63,1.57,1.6,31161042.0,49857667.2
2002-10-10 00:00:00,1.6,1.61,1.53,1.55,16391529.0,25406869.95
2002-10-11 00:00:00,1.55,1.63,1.54,1.6,27007695.0,43212312.0
2002-10-14 00:00:00,1.6,1.61,1.54,1.55,14648535.0,22705229.25
2002-10-16 00:00:00,1.55,1.56,1.5,1.51,11723976.0,17703203.76
2002-10-17 00:00:00,1.51,1.6,1.49,1.59,21408453.0,34039440.27
2002-10-18 00:00:00,1.59,1.64,1.56,1.58,22270149.0,35186835.42
2002-10-21 00:00:00,1.58,1.6,1.56,1.57,8958906.0,14065482.42
2002-10-22 00:00:00,1.57,1.58,1.54,1.54,6422328.0,9890385.120000001
2002-10-23 00:00:00,1.54,1.57,1.53,1.56,5163345.0,8054818.2
2002-10-24 00:00:00,1.56,1.58,1.55,1.56,5881986.0,9175898.16
2002-10-25 00:00:00,1.56,1.59,1.52,1.57,13742289.0,21575393.73
2002-10-28 00:00:00,1.57,1.58,1.54,1.57,5095629.0,8000137.53
2002-10-29 00:00:00,1.57,1.66,1.57,1.64,20665557.0,33891513.48
2002-10-30 00:00:00,1.64,1.74,1.6,1.72,73078533.0,125695076.76
2002-10-31 00:00:00,1.72,1.75,1.68,1.71,24313806.0,41576608.26
2002-11-01 00:00:00,1.71,1.73,1.65,1.68,21131847.0,35501502.96
2002-11-04 00:00:00,1.68,1.72,1.66,1.67,2452923.0,4096381.4099999997
2002-11-05 00:00:00,1.67,1.67,1.63,1.64,3974652.0,6518429.279999999
2002-11-07 00:00:00,1.64,1.64,1.59,1.59,4420746.0,7028986.140000001
2002-11-08 00:00:00,1.59,1.64,1.59,1.63,4893867.0,7977003.209999999
2002-11-11 00:00:00,1.63,1.66,1.61,1.64,6410646.0,10513459.44
2002-11-12 00:00:00,1.64,1.68,1.6,1.65,7604091.0,12546750.149999999
2002-11-13 00:00:00,1.65,1.68,1.66,1.66,5826546.0,9672066.36
2002-11-14 00:00:00,1.66,1.71,1.65,1.68,14557752.0,24457023.36
2002-11-15 00:00:00,1.68,1.72,1.66,1.7,17068491.0,29016434.7
2002-11-18 00:00:00,1.7,1.74,1.65,1.68,6727446.0,11302109.28
2002-11-20 00:00:00,1.68,1.71,1.67,1.69,5079393.0,8584174.17
2002-11-21 00:00:00,1.69,1.71,1.69,1.7,4024548.0,6841731.6
2002-11-22 00:00:00,1.7,1.75,1.7,1.71,5022666.0,8588758.86
2002-11-25 00:00:00,1.71,1.78,1.71,1.73,13002363.0,22494087.99
2002-11-26 00:00:00,1.73,1.8,1.71,1.77,18059283.0,31964930.91
2002-11-27 00:00:00,1.77,1.81,1.72,1.73,12435588.0,21513567.24
2002-11-28 00:00:00,1.73,1.76,1.65,1.65,18268569.0,30143138.849999998
2002-11-29 00:00:00,1.65,1.71,1.66,1.7,12339162.0,20976575.4
2002-12-02 00:00:00,1.7,1.88,1.7,1.86,26546058.0,49375667.88
2002-12-03 00:00:00,1.86,1.88,1.76,1.76,9980289.0,17565308.64
2002-12-04 00:00:00,1.76,1.8,1.72,1.74,8386389.0,14592316.86
2002-12-05 00:00:00,1.74,1.78,1.75,1.77,9470538.0,16762852.26
2002-12-06 00:00:00,1.77,2.01,1.83,1.85,52211016.0,96590379.60000001
2002-12-09 00:00:00,1.85,1.91,1.69,1.73,27637236.0,47812418.28
2002-12-10 00:00:00,1.73,1.77,1.71,1.74,10866438.0,18907602.12
2002-12-11 00:00:00,1.74,1.78,1.71,1.74,4860504.0,8457276.959999999
2002-12-12 00:00:00,1.74,1.77,1.73,1.73,4187106.0,7243693.38
2002-12-13 00:00:00,1.73,1.8,1.75,1.78,7660818.0,13636256.040000001
2002-12-16 00:00:00,1.78,1.85,1.77,1.8,26676441.0,48017593.800000004
2002-12-17 00:00:00,1.8,1.81,1.76,1.77,7690023.0,13611340.71
2002-12-18 00:00:00,1.77,1.79,1.76,1.77,2072664.0,3668615.2800000003
2002-12-19 00:00:00,1.77,1.8,1.75,1.79,2227500.0,3987225.0
2002-12-20 00:00:00,1.79,1.79,1.75,1.76,7781499.0,13695438.24
2002-12-23 00:00:00,1.76,1.78,1.76,1.77,1504404.0,2662795.08
2002-12-24 00:00:00,1.77,1.78,1.77,1.77,1109493.0,1963802.61
2002-12-26 00:00:00,1.77,1.81,1.74,1.75,3220965.0,5636688.75
2002-12-27 00:00:00,1.75,1.79,1.75,1.76,5573799.0,9809886.24
2002-12-30 00:00:00,1.76,1.77,1.73,1.76,4826547.0,8494722.72
2002-12-31 00:00:00,1.76,1.78,1.74,1.76,4102461.0,7220331.36
2003-01-01 00:00:00,1.76,1.76,1.73,1.74,3725271.0,6481971.54
2003-01-02 00:00:00,1.74,1.77,1.7,1.71,7906734.0,13520515.14
2003-01-03 00:00:00,1.71,1.74,1.69,1.71,5355702.0,9158250.42
2003-01-06 00:00:00,1.71,1.77,1.71,1.74,11598939.0,20182153.86
2003-01-07 00:00:00,1.74,1.78,1.75,1.76,7344414.0,12926168.64
2003-01-08 00:00:00,1.76,1.81,1.76,1.78,6201261.0,11038244.58
2003-01-09 00:00:00,1.78,1.8,1.76,1.77,4044447.0,7158671.19
2003-01-10 00:00:00,1.77,1.95,1.81,1.89,42763941.0,80823848.49
2003-01-13 00:00:00,1.89,2.03,1.88,2.01,31601097.0,63518204.96999999
2003-01-14 00:00:00,2.01,2.06,1.93,1.94,25296084.0,49074402.96
2003-01-15 00:00:00,1.94,1.98,1.94,1.95,7560432.0,14742842.4
2003-01-16 00:00:00,1.95,1.98,1.92,1.95,3377385.0,6585900.75
2003-01-17 00:00:00,1.95,1.97,1.92,1.94,2686860.0,5212508.399999999
2003-01-20 00:00:00,1.94,1.97,1.85,1.86,6495786.0,12082161.96
2003-01-21 00:00:00,1.86,1.92,1.86,1.86,3761406.0,6996215.16
2003-01-22 00:00:00,1.86,1.92,1.84,1.87,13347081.0,24959041.470000003
2003-01-23 00:00:00,1.87,1.93,1.87,1.89,11232441.0,21229313.49
2003-01-24 00:00:00,1.89,1.91,1.86,1.9,3910500.0,7429950.0
2003-01-27 00:00:00,1.9,1.94,1.82,1.84,4787937.0,8809804.08
2003-01-28 00:00:00,1.84,1.9,1.83,1.89,3077415.0,5816314.35
2003-01-29 00:00:00,1.89,1.96,1.86,1.89,6321051.0,11946786.389999999
2003-01-30 00:00:00,1.89,1.99,1.88,1.97,18521712.0,36487772.64
2003-01-31 00:00:00,1.97,2.04,1.97,2.02,24622785.0,49738025.7
2003-02-03 00:00:00,2.02,2.09,2.02,2.08,18523098.0,38528043.84
2003-02-04 00:00:00,2.08,2.11,2.06,2.07,8067312.0,16699335.839999998
2003-02-05 00:00:00,2.07,2.11,2.0,2.02,9151263.0,18485551.26
2003-02-06 00:00:00,2.02,2.04,1.97,2.02,8701506.0,17577042.12
2003-02-07 00:00:00,2.02,2.06,1.99,2.0,8337384.0,16674768.0
2003-02-10 00:00:00,2.0,2.02,1.97,1.98,1989702.0,3939609.96
2003-02-11 00:00:00,2.04,2.04,1.97,1.97,2853873.0,5622129.81
2003-02-12 00:00:00,1.99,1.99,1.95,1.96,3532023.0,6922765.08
2003-02-14 00:00:00,1.96,1.97,1.9,1.92,1718145.0,3298838.4
2003-02-17 00:00:00,1.92,1.99,1.94,1.94,6298083.0,12218281.02
2003-02-18 00:00:00,1.94,2.05,1.95,2.04,18946818.0,38651508.72
2003-02-19 00:00:00,2.04,2.09,2.04,2.04,27115803.0,55316238.12
2003-02-20 00:00:00,2.04,2.07,2.01,2.04,7471035.0,15240911.4
2003-02-21 00:00:00,2.04,2.07,2.03,2.04,6410745.0,13077919.8
2003-02-24 00:00:00,2.04,2.07,2.04,2.06,6446484.0,13279757.040000001
2003-02-25 00:00:00,2.06,2.06,2.0,2.01,4497174.0,9039319.739999998
2003-02-26 00:00:00,2.01,2.04,1.94,1.96,6440544.0,12623466.24
2003-02-27 00:00:00,1.96,2.04,1.97,2.03,14308074.0,29045390.22
2003-02-28 00:00:00,2.03,2.07,1.98,2.01,11458755.0,23032097.549999997
2003-03-03 00:00:00,2.01,2.04,1.98,2.02,4095432.0,8272772.64
2003-03-04 00:00:00,2.02,2.02,1.98,2.01,3720915.0,7479039.149999999
2003-03-05 00:00:00,2.01,2.03,1.95,2.01,10597455.0,21300884.549999997
2003-03-06 00:00:00,2.01,2.04,1.99,1.99,5948712.0,11837936.88
2003-03-07 00:00:00,1.99,1.99,1.94,1.96,3148200.0,6170472.0
2003-03-10 00:00:00,1.96,1.97,1.93,1.97,4812390.0,9480408.3
2003-03-11 00:00:00,1.97,1.98,1.91,1.97,3375801.0,6650327.97
2003-03-12 00:00:00,1.97,2.02,1.9,1.92,8007813.0,15375000.959999999
2003-03-13 00:00:00,1.92,1.95,1.92,1.93,5455197.0,10528530.209999999
2003-03-17 00:00:00,1.93,1.94,1.87,1.92,2536281.0,4869659.52
2003-03-19 00:00:00,1.92,1.95,1.87,1.89,1557864.0,2944362.96
2003-03-20 00:00:00,1.89,1.95,1.88,1.92,3123450.0,5997024.0
2003-03-21 00:00:00,1.92,1.95,1.91,1.94,1449162.0,2811374.28
2003-03-22 00:00:00,1.94,1.96,1.94,1.95,676467.0,1319110.65
2003-03-24 00:00:00,1.95,1.93,1.89,1.9,1360755.0,2585434.5
2003-03-25 00:00:00,1.9,1.91,1.87,1.91,2560833.0,4891191.03
2003-03-26 00:00:00,1.91,1.93,1.89,1.89,3451338.0,6523028.819999999
2003-03-27 00:00:00,1.89,1.9,1.84,1.85,2200374.0,4070691.9000000004
2003-03-28 00:00:00,1.85,1.85,1.75,1.83,4881393.0,8932949.19
2003-03-31 00:00:00,1.83,1.83,1.79,1.81,2400651.0,4345178.3100000005
2003-04-01 00:00:00,1.81,1.87,1.82,1.85,784872.0,1452013.2
2003-04-02 00:00:00,1.85,1.97,1.89,1.95,8925345.0,17404422.75
2003-04-03 00:00:00,1.95,2.08,1.93,1.94,3930597.0,7625358.18
2003-04-04 00:00:00,1.94,2.02,1.94,2.01,3724974.0,7487197.739999999
2003-04-07 00:00:00,2.01,2.04,2.02,2.03,4852782.0,9851147.459999999
2003-04-08 00:00:00,2.03,2.12,2.01,2.09,15787134.0,32995110.06
2003-04-09 00:00:00,2.09,2.17,2.08,2.15,18247878.0,39232937.699999996
2003-04-10 00:00:00,2.15,2.14,2.08,2.12,5108697.0,10830437.64
2003-04-11 00:00:00,2.12,2.16,2.06,2.1,2925351.0,6143237.100000001
2003-04-15 00:00:00,2.1,2.25,2.08,2.21,18309852.0,40464772.92
2003-04-16 00:00:00,2.21,2.29,2.14,2.29,24029082.0,55026597.78
2003-04-17 00:00:00,2.29,2.29,2.21,2.28,13157001.0,29997962.279999997
2003-04-21 00:00:00,2.28,2.39,2.23,2.38,24160653.0,57502354.14
2003-04-22 00:00:00,2.38,2.48,2.35,2.41,37025307.0,89230989.87
2003-04-23 00:00:00,2.41,2.44,2.34,2.35,14376186.0,33784037.1
2003-04-24 00:00:00,2.35,2.41,2.31,2.37,18868014.0,44717193.18
2003-04-25 00:00:00,2.37,2.41,2.33,2.4,18917118.0,45401083.199999996
2003-04-28 00:00:00,2.4,2.5,2.35,2.48,36818793.0,91310606.64
2003-04-29 00:00:00,2.48,2.53,2.39,2.44,53863029.0,131425790.75999999
2003-04-30 00:00:00,2.44,2.48,2.37,2.48,11764863.0,29176860.24
2003-05-02 00:00:00,2.48,2.52,2.44,2.51,8741997.0,21942412.47
2003-05-05 00:00:00,2.51,2.59,2.49,2.53,11295504.0,28577625.119999997
2003-05-06 00:00:00,2.53,2.59,2.52,2.56,6728535.0,17225049.6
2003-05-07 00:00:00,2.56,2.61,2.54,2.55,2834568.0,7228148.399999999
2003-05-08 00:00:00,2.55,2.57,2.48,2.51,4697847.0,11791595.969999999
2003-05-09 00:00:00,2.51,2.56,2.47,2.55,3014946.0,7688112.3
2003-05-12 00:00:00,2.55,2.61,2.54,2.58,4113549.0,10612956.42
2003-05-13 00:00:00,2.58,2.73,2.55,2.67,28508238.0,76116995.46
2003-05-14 00:00:00,2.67,2.71,2.67,2.67,4026132.0,10749772.44
2003-05-15 00:00:00,2.67,2.71,2.62,2.67,4968711.0,13266458.37
2003-05-16 00:00:00,2.67,2.69,2.62,2.64,5247693.0,13853909.520000001
2003-05-19 00:00:00,2.64,2.73,2.65,2.68,6145425.0,16469739.000000002
2003-05-20 00:00:00,2.68,2.77,2.67,2.71,5158197.0,13978713.87
2003-05-21 00:00:00,2.71,2.84,2.67,2.82,12997314.0,36652425.48
2003-05-22 00:00:00,2.82,2.96,2.79,2.92,5888718.0,17195056.56
2003-05-23 00:00:00,2.92,3.01,2.92,2.95,7307289.0,21556502.55
2003-05-26 00:00:00,2.95,2.95,2.82,2.86,3962376.0,11332395.36
2003-05-27 00:00:00,2.86,2.95,2.86,2.9,5249475.0,15223477.5
2003-05-28 00:00:00,2.9,2.92,2.84,2.88,4516281.0,13006889.28
2003-05-29 00:00:00,2.88,2.97,2.79,2.89,5887332.0,17014389.48
2003-05-30 00:00:00,2.89,2.95,2.84,2.89,7832088.0,22634734.32
2003-06-02 00:00:00,2.89,2.96,2.84,2.86,3891888.0,11130799.68
2003-06-03 00:00:00,2.86,2.88,2.78,2.83,3288384.0,9306126.72
2003-06-04 00:00:00,2.83,2.85,2.8,2.81,2588058.0,7272442.98
2003-06-05 00:00:00,2.81,2.88,2.83,2.84,3616470.0,10270774.799999999
2003-06-06 00:00:00,2.84,2.87,2.81,2.82,3332439.0,9397477.979999999
2003-06-09 00:00:00,2.82,3.13,2.83,3.09,19417860.0,60001187.4
2003-06-10 00:00:00,3.09,3.14,3.02,3.03,10651410.0,32273772.299999997
2003-06-11 00:00:00,3.03,3.09,2.99,3.02,5116023.0,15450389.46
2003-06-12 00:00:00,3.02,3.09,2.71,3.05,4973958.0,15170571.899999999
2003-06-13 00:00:00,3.05,3.1,3.06,3.09,3386889.0,10465487.01
2003-06-16 00:00:00,3.09,3.08,2.98,3.05,1296801.0,3955243.05
2003-06-17 00:00:00,3.05,3.18,3.06,3.13,14411727.0,45108705.51
2003-06-18 00:00:00,3.13,3.25,3.15,3.23,12969693.0,41892108.39
2003-06-19 00:00:00,3.23,3.29,3.2,3.25,3215025.0,10448831.25
2003-06-20 00:00:00,3.25,3.29,3.19,3.25,6421536.0,20869992.0
2003-06-23 00:00:00,3.25,3.27,3.12,3.17,6872778.0,21786706.259999998
2003-06-24 00:00:00,3.17,3.26,3.12,3.23,5229477.0,16891210.71
2003-06-25 00:00:00,3.23,3.3,3.18,3.3,11432916.0,37728622.8
2003-06-26 00:00:00,3.3,3.47,3.26,3.43,6675867.0,22898223.810000002
2003-06-27 00:00:00,3.43,3.44,3.33,3.35,2768337.0,9273928.950000001
2003-06-30 00:00:00,3.35,3.49,3.35,3.44,1808730.0,6222031.2
2003-07-01 00:00:00,3.44,3.54,2.76,3.51,3888027.0,13646974.77
2003-07-02 00:00:00,3.51,3.7,3.53,3.67,3990888.0,14646558.959999999
2003-07-03 00:00:00,3.67,3.83,3.53,3.55,14493006.0,51450171.3
2003-07-04 00:00:00,3.55,3.63,3.52,3.57,2384712.0,8513421.84
2003-07-07 00:00:00,3.57,3.64,3.54,3.55,5022567.0,17830112.849999998
2003-07-08 00:00:00,3.55,3.66,3.56,3.57,2330262.0,8319035.34
2003-07-09 00:00:00,3.57,3.59,3.43,3.47,2564892.0,8900175.24
2003-07-10 00:00:00,3.47,3.52,3.38,3.43,2548359.0,8740871.370000001
2003-07-11 00:00:00,3.43,3.52,3.42,3.48,2915748.0,10146803.04
2003-07-14 00:00:00,3.47,3.5,3.43,3.45,859320.0,2964654.0
2003-07-15 00:00:00,3.45,3.48,3.33,3.45,4436685.0,15306563.25
2003-07-16 00:00:00,3.45,3.61,3.34,3.58,7546671.0,27017082.18
2003-07-17 00:00:00,3.58,3.64,3.52,3.53,2310462.0,8155930.859999999
2003-07-18 00:00:00,3.53,3.6,3.43,3.47,872388.0,3027186.3600000003
2003-07-21 00:00:00,3.47,3.56,3.39,3.42,1443816.0,4937850.72
2003-07-22 00:00:00,3.42,3.42,3.25,3.27,5741505.0,18774721.35
2003-07-23 00:00:00,3.27,3.37,3.16,3.2,6244920.0,19983744.0
2003-07-24 00:00:00,3.2,3.46,3.16,3.43,13569138.0,46542143.34
2003-07-25 00:00:00,3.43,3.5,3.41,3.47,2756160.0,9563875.200000001
2003-07-28 00:00:00,3.47,3.62,3.47,3.58,2820312.0,10096716.96
2003-07-29 00:00:00,3.58,3.58,3.22,3.53,1426689.0,5036212.17
2003-07-30 00:00:00,3.53,3.75,3.47,3.69,20792376.0,76723867.44
2003-07-31 00:00:00,3.69,3.77,3.55,3.6,14275602.0,51392167.2
2003-08-01 00:00:00,3.6,3.74,3.57,3.71,11097801.0,41172841.71
2003-08-04 00:00:00,3.71,3.77,3.65,3.67,4989303.0,18310742.009999998
2003-08-05 00:00:00,3.67,3.73,3.55,3.56,4489056.0,15981039.36
2003-08-06 00:00:00,3.56,3.58,3.42,3.44,2870703.0,9875218.32
2003-08-07 00:00:00,3.44,3.57,3.45,3.55,2960496.0,10509760.799999999
2003-08-08 00:00:00,3.55,3.65,3.56,3.63,2018907.0,7328632.41
2003-08-11 00:00:00,3.63,3.77,3.6,3.71,3814866.0,14153152.86
2003-08-12 00:00:00,3.71,3.79,3.65,3.68,3637953.0,13387667.040000001
2003-08-13 00:00:00,3.68,3.79,3.64,3.76,5929605.0,22295314.799999997
2003-08-14 00:00:00,3.76,3.82,3.72,3.75,7439058.0,27896467.5
2003-08-18 00:00:00,3.75,3.82,3.73,3.79,3805659.0,14423447.61
2003-08-19 00:00:00,3.79,3.89,3.74,3.76,46881945.0,176276113.2
2003-08-20 00:00:00,3.76,3.97,3.76,3.92,5326200.0,20878704.0
2003-08-21 00:00:00,3.92,3.97,3.89,3.93,3575880.0,14053208.4
2003-08-22 00:00:00,3.93,3.96,3.85,3.9,1857735.0,7245166.5
2003-08-25 00:00:00,3.9,3.94,3.64,3.77,2202453.0,8303247.81
2003-08-26 00:00:00,3.77,3.9,3.72,3.87,2466882.0,9546833.34
2003-08-27 00:00:00,3.87,4.07,3.88,4.0,7480143.0,29920572.0
2003-08-28 00:00:00,4.0,4.02,3.44,3.91,3568950.0,13954594.5
2003-08-29 00:00:00,3.91,4.19,3.9,4.1,10216404.0,41887256.4
2003-09-01 00:00:00,4.1,4.22,4.12,4.16,3930003.0,16348812.48
2003-09-02 00:00:00,4.16,4.2,4.05,4.13,2212749.0,9138653.37
2003-09-03 00:00:00,4.13,4.17,3.95,3.96,3985146.0,15781178.16
2003-09-04 00:00:00,3.96,4.18,3.95,4.16,14666751.0,61013684.160000004
2003-09-05 00:00:00,4.16,4.36,4.17,4.29,13521717.0,58008165.93
2003-09-08 00:00:00,4.29,5.06,4.28,4.91,105994053.0,520430800.23
2003-09-09 00:00:00,4.91,5.02,4.72,4.77,14377473.0,68580546.21
2003-09-10 00:00:00,4.77,4.96,4.68,4.79,5778234.0,27677740.86
2003-09-11 00:00:00,4.79,4.98,4.79,4.82,7386291.0,35601922.620000005
2003-09-12 00:00:00,4.82,4.9,4.58,4.63,4568652.0,21152858.759999998
2003-09-15 00:00:00,4.63,4.63,4.38,4.42,3892878.0,17206520.759999998
2003-09-16 00:00:00,4.42,4.76,4.25,4.7,6442326.0,30278932.200000003
2003-09-17 00:00:00,4.7,4.78,4.53,4.55,1915353.0,8714856.15
2003-09-18 00:00:00,4.55,4.58,4.29,4.31,4306005.0,18558881.549999997
2003-09-19 00:00:00,4.31,4.57,4.25,4.51,9924057.0,44757497.07
2003-09-22 00:00:00,4.51,4.6,4.39,4.42,3796452.0,16780317.84
2003-09-23 00:00:00,4.42,4.54,4.35,4.52,8441532.0,38155724.63999999
2003-09-24 00:00:00,4.52,4.67,4.48,4.64,4218588.0,19574248.32
2003-09-25 00:00:00,4.64,4.85,4.62,4.67,11303919.0,52789301.73
2003-09-26 00:00:00,4.67,4.86,4.7,4.79,7768629.0,37211732.910000004
2003-09-29 00:00:00,4.79,4.95,4.78,4.85,3452526.0,16744751.1
2003-09-30 00:00:00,4.85,4.91,4.18,4.86,5029299.0,24442393.14
2003-10-01 00:00:00,4.86,5.12,4.88,4.96,16823169.0,83442918.24
2003-10-03 00:00:00,4.96,5.08,4.95,5.01,5137506.0,25738905.06
2003-10-06 00:00:00,5.01,5.14,5.0,5.07,11154924.0,56555464.68
2003-10-07 00:00:00,5.07,5.28,5.09,5.11,20862468.0,106607211.48
2003-10-08 00:00:00,5.11,5.23,5.06,5.12,12228777.0,62611338.24
2003-10-09 00:00:00,5.12,5.2,5.08,5.12,3694185.0,18914227.2
2003-10-10 00:00:00,5.12,5.18,5.03,5.04,2040489.0,10284064.56
2003-10-13 00:00:00,5.04,5.14,4.99,5.06,5523111.0,27946941.659999996
2003-10-14 00:00:00,5.06,5.1,4.8,4.84,2642211.0,12788301.24
2003-10-15 00:00:00,4.84,4.93,4.76,4.84,15780996.0,76380020.64
2003-10-16 00:00:00,4.84,4.98,4.86,4.91,5546178.0,27231733.98
2003-10-17 00:00:00,4.91,4.97,4.84,4.88,3389958.0,16542995.04
2003-10-20 00:00:00,4.88,4.93,4.68,4.7,3686661.0,17327306.7
2003-10-21 00:00:00,4.7,4.84,4.55,4.61,83832507.0,386467857.27000004
2003-10-22 00:00:00,4.61,4.86,4.63,4.79,18162441.0,86998092.39
2003-10-23 00:00:00,4.79,4.93,4.74,4.79,21501315.0,102991298.85
2003-10-24 00:00:00,4.79,4.92,4.67,4.9,5230962.0,25631713.8
2003-10-25 00:00:00,4.9,5.03,4.91,4.96,1909413.0,9470688.48
2003-10-27 00:00:00,4.96,4.98,4.76,4.78,3858327.0,18442803.060000002
2003-10-28 00:00:00,4.78,4.98,4.72,4.8,7074738.0,33958742.4
2003-10-29 00:00:00,4.8,4.84,4.74,4.79,3014451.0,14439220.290000001
2003-10-30 00:00:00,4.79,4.97,4.8,4.87,5233536.0,25487320.32
2003-10-31 00:00:00,4.87,5.27,4.92,5.23,13619727.0,71231172.21000001
2003-11-03 00:00:00,5.23,5.34,5.19,5.21,5887728.0,30675062.88
2003-11-04 00:00:00,5.21,5.44,5.19,5.23,10083150.0,52734874.50000001
2003-11-05 00:00:00,5.23,5.32,5.04,5.08,4931388.0,25051451.04
2003-11-06 00:00:00,5.08,5.2,5.03,5.07,3247200.0,16463304.0
2003-11-07 00:00:00,5.07,5.13,4.9,4.91,2381940.0,11695325.4
2003-11-10 00:00:00,4.91,4.92,4.8,4.85,5253435.0,25479159.749999996
2003-11-11 00:00:00,4.85,5.1,4.87,5.02,13046517.0,65493515.339999996
2003-11-12 00:00:00,5.02,5.12,4.99,5.02,13722687.0,68887888.74
2003-11-13 00:00:00,5.02,5.09,4.85,4.89,7384905.0,36112185.449999996
2003-11-14 00:00:00,4.89,4.95,4.81,4.84,5683986.0,27510492.24
2003-11-15 00:00:00,4.84,4.88,4.78,4.82,2794968.0,13471745.760000002
2003-11-17 00:00:00,4.82,5.12,4.84,5.09,16252137.0,82723377.33
2003-11-18 00:00:00,5.09,5.17,4.94,4.99,6522516.0,32547354.84
2003-11-19 00:00:00,4.99,4.97,4.84,4.94,8104932.0,40038364.080000006
2003-11-20 00:00:00,4.94,5.01,4.84,4.88,6978015.0,34052713.2
2003-11-21 00:00:00,4.88,5.0,4.78,4.98,4212153.0,20976521.94
2003-11-24 00:00:00,4.98,5.03,4.93,4.96,3795066.0,18823527.36
2003-11-25 00:00:00,4.96,5.15,4.94,5.12,4289670.0,21963110.400000002
2003-11-27 00:00:00,5.12,5.37,5.15,5.28,8297883.0,43812822.24
2003-11-28 00:00:00,5.28,5.42,5.28,5.31,6914358.0,36715240.98
2003-12-01 00:00:00,5.31,5.41,5.31,5.38,2577168.0,13865163.84
2003-12-02 00:00:00,5.38,5.53,5.33,5.42,3197799.0,17332070.58
2003-12-03 00:00:00,5.42,5.64,5.25,5.6,9797535.0,54866196.0
2003-12-04 00:00:00,5.6,5.83,5.59,5.76,10080279.0,58062407.04
2003-12-05 00:00:00,5.76,5.82,5.46,5.53,4897926.0,27085530.78
2003-12-08 00:00:00,5.53,5.64,5.5,5.59,3079395.0,17213818.05
2003-12-09 00:00:00,5.59,5.83,5.6,5.76,3607263.0,20777834.88
2003-12-10 00:00:00,5.76,5.81,5.58,5.64,931194.0,5251934.16
2003-12-11 00:00:00,5.64,5.73,5.63,5.64,804870.0,4539466.8
2003-12-12 00:00:00,5.64,5.76,5.61,5.71,1817145.0,10375897.95
2003-12-15 00:00:00,5.71,5.75,5.68,5.71,436590.0,2492928.9
2003-12-16 00:00:00,5.71,5.91,5.58,5.61,1653993.0,9278900.73
2003-12-17 00:00:00,5.61,5.81,5.64,5.69,2754576.0,15673537.440000001
2003-12-18 00:00:00,5.69,5.87,5.65,5.85,2899908.0,16964461.8
2003-12-19 00:00:00,5.85,6.18,5.83,6.08,8240166.0,50100209.28
2003-12-22 00:00:00,6.08,6.14,5.97,6.0,3125232.0,18751392.0
2003-12-23 00:00:00,6.0,6.07,5.92,6.02,2294622.0,13813624.44
2003-12-24 00:00:00,6.02,6.09,5.98,6.04,2938815.0,17750442.6
2003-12-26 00:00:00,6.04,6.11,5.96,6.08,6404706.0,38940612.480000004
2003-12-29 00:00:00,6.08,6.29,6.04,6.26,4492323.0,28121941.98
2003-12-30 00:00:00,6.26,6.33,6.15,6.18,5660919.0,34984479.42
2003-12-31 00:00:00,6.18,6.29,6.11,6.13,4124637.0,25284024.81
2004-01-01 00:00:00,6.13,6.25,6.18,6.22,3300264.0,20527642.08
2004-01-02 00:00:00,6.22,6.34,6.19,6.31,6512418.0,41093357.58
2004-01-05 00:00:00,6.31,6.48,6.05,6.35,5450742.0,34612211.699999996
2004-01-06 00:00:00,6.35,6.46,5.99,6.04,2003463.0,12100916.52
2004-01-07 00:00:00,6.04,6.33,5.86,5.93,4326498.0,25656133.14
2004-01-08 00:00:00,5.93,6.21,6.0,6.15,4735863.0,29125557.450000003
2004-01-09 00:00:00,6.15,7.03,6.04,6.14,4554297.0,27963383.58
2004-01-12 00:00:00,6.14,6.24,6.04,6.13,2559051.0,15686982.629999999
2004-01-13 00:00:00,6.13,6.2,5.99,6.11,4863177.0,29714011.470000003
2004-01-14 00:00:00,6.11,6.32,6.1,6.14,6033258.0,37044204.12
2004-01-15 00:00:00,6.14,6.35,6.15,6.2,5028507.0,31176743.400000002
2004-01-16 00:00:00,6.2,6.29,5.9,6.03,2266308.0,13665837.24
2004-01-19 00:00:00,6.03,6.09,5.78,6.01,7615179.0,45767225.79
2004-01-20 00:00:00,6.01,6.15,5.78,5.85,5566374.0,32563287.9
2004-01-21 00:00:00,5.85,5.97,5.24,5.44,2979207.0,16206886.080000002
2004-01-22 00:00:00,5.44,5.67,5.29,5.38,10674180.0,57427088.4
2004-01-23 00:00:00,5.38,5.73,5.23,5.64,1869615.0,10544628.6
2004-01-27 00:00:00,5.64,5.84,5.64,5.74,950301.0,5454727.74
2004-01-28 00:00:00,5.74,5.89,5.68,5.82,6363522.0,37035698.04
2004-01-29 00:00:00,5.82,5.99,5.63,5.67,5715765.0,32408387.55
2004-01-30 00:00:00,5.67,5.73,5.31,5.36,3026430.0,16221664.8
2004-02-03 00:00:00,5.33,5.5,5.25,5.36,4539843.0,24333558.48
2004-02-04 00:00:00,5.43,5.45,4.83,5.28,9072657.0,47903628.96
2004-02-05 00:00:00,5.28,5.63,5.28,5.44,3277494.0,17829567.360000003
2004-02-06 00:00:00,5.58,5.58,5.43,5.5,1093059.0,6011824.5
2004-02-09 00:00:00,5.57,5.69,5.55,5.67,1699038.0,9633545.459999999
2004-02-10 00:00:00,5.68,5.74,5.43,5.63,1493118.0,8406254.34
2004-02-11 00:00:00,5.7,5.73,5.65,5.68,557271.0,3165299.28
2004-02-12 00:00:00,5.71,5.78,4.69,5.63,1820016.0,10246690.08
2004-02-13 00:00:00,5.72,5.75,5.47,5.62,349965.0,1966803.3
2004-02-16 00:00:00,5.63,5.8,5.63,5.72,2152656.0,12313192.32
2004-02-17 00:00:00,5.81,5.84,5.73,5.76,3960099.0,22810170.24
2004-02-18 00:00:00,5.67,5.86,5.66,5.77,4536180.0,26173758.599999998
2004-02-19 00:00:00,5.75,5.75,5.51,5.61,2735964.0,15348758.040000001
2004-02-20 00:00:00,5.35,5.57,5.03,5.52,1235025.0,6817337.999999999
2004-02-23 00:00:00,5.53,5.53,5.33,5.35,606870.0,3246754.5
2004-02-24 00:00:00,5.15,5.35,5.14,5.22,3123747.0,16305959.34
2004-02-25 00:00:00,5.28,5.28,5.06,5.12,2437776.0,12481413.120000001
2004-02-26 00:00:00,5.24,5.24,5.05,5.09,5737644.0,29204607.96
2004-02-27 00:00:00,5.2,5.22,5.11,5.22,1692306.0,8833837.32
2004-03-01 00:00:00,5.23,5.51,5.14,5.44,3202452.0,17421338.880000003
2004-03-03 00:00:00,5.48,5.55,5.43,5.45,2039004.0,11112571.8
2004-03-04 00:00:00,5.52,5.52,5.29,5.34,3027420.0,16166422.799999999
2004-03-05 00:00:00,5.38,5.53,5.36,5.43,2960100.0,16073343.0
2004-03-08 00:00:00,5.48,5.58,5.43,5.51,1398969.0,7708319.1899999995
2004-03-09 00:00:00,5.55,5.57,5.39,5.43,1111077.0,6033148.109999999
2004-03-10 00:00:00,5.39,5.45,5.35,5.39,247995.0,1336693.0499999998
2004-03-11 00:00:00,5.4,5.43,5.2,5.26,414810.0,2181900.6
2004-03-12 00:00:00,5.18,5.3,5.1,5.25,944163.0,4956855.75
2004-03-15 00:00:00,5.28,5.31,5.05,5.06,955350.0,4834071.0
2004-03-16 00:00:00,5.06,5.16,5.04,5.08,931392.0,4731471.36
2004-03-17 00:00:00,5.08,5.1,4.85,4.91,1414314.0,6944281.74
2004-03-18 00:00:00,4.9,4.99,4.75,4.78,1544895.0,7384598.100000001
2004-03-19 00:00:00,4.88,5.32,4.83,4.93,878625.0,4331621.25
2004-03-22 00:00:00,4.74,4.88,4.73,4.76,240669.0,1145584.44
2004-03-23 00:00:00,4.73,4.77,4.58,4.73,849717.0,4019161.41
2004-03-24 00:00:00,4.75,4.82,4.68,4.68,1088901.0,5096056.68
2004-03-25 00:00:00,4.73,4.78,4.58,4.63,1425600.0,6600528.0
2004-03-26 00:00:00,4.75,4.98,4.73,4.87,1306701.0,6363633.87
2004-03-29 00:00:00,4.98,5.02,4.86,5.0,847539.0,4237695.0
2004-03-30 00:00:00,5.02,5.06,4.9,4.93,680823.0,3356457.3899999997
2004-03-31 00:00:00,5.11,5.11,4.88,5.01,2628648.0,13169526.479999999
2004-04-01 00:00:00,5.08,5.32,5.07,5.26,15121953.0,79541472.78
2004-04-02 00:00:00,5.27,5.27,4.86,4.89,18874845.0,92297992.05
2004-04-05 00:00:00,4.97,5.1,4.93,5.03,12157299.0,61151213.970000006
2004-04-06 00:00:00,5.06,5.06,4.85,4.88,3733191.0,18217972.08
2004-04-07 00:00:00,4.96,4.96,4.86,4.9,2931588.0,14364781.200000001
2004-04-08 00:00:00,4.89,5.0,4.88,4.96,1882089.0,9335161.44
2004-04-12 00:00:00,4.96,5.17,4.93,5.07,8278380.0,41971386.6
2004-04-13 00:00:00,5.07,5.08,4.9,5.04,5494599.0,27692778.96
2004-04-15 00:00:00,5.04,5.2,5.03,5.13,5987817.0,30717501.21
2004-04-16 00:00:00,5.23,5.3,5.15,5.26,5567463.0,29284855.38
2004-04-17 00:00:00,5.3,5.42,5.28,5.38,2816253.0,15151441.14
2004-04-19 00:00:00,5.39,5.47,5.13,5.22,5289471.0,27611038.619999997
2004-04-20 00:00:00,5.24,5.28,5.16,5.24,2396295.0,12556585.8
2004-04-21 00:00:00,5.28,5.36,5.23,5.27,1246212.0,6567537.239999999
2004-04-22 00:00:00,5.32,5.4,5.27,5.38,1858824.0,10000473.12
2004-04-23 00:00:00,5.44,5.44,5.23,5.29,4796550.0,25373749.5
2004-04-27 00:00:00,4.94,5.12,4.93,5.05,4119390.0,20802919.5
2004-04-28 00:00:00,5.05,5.11,4.93,4.96,2567763.0,12736104.48
2004-04-29 00:00:00,4.95,5.02,4.83,4.93,3310164.0,16319108.52
2004-04-30 00:00:00,4.95,5.03,4.92,4.99,1775961.0,8862045.39
2004-05-03 00:00:00,4.93,4.93,4.8,4.85,3798432.0,18422395.2
2004-05-04 00:00:00,4.85,4.94,4.85,4.88,511929.0,2498213.52
2004-05-05 00:00:00,4.93,5.05,4.9,5.01,472230.0,2365872.3
2004-05-06 00:00:00,5.39,5.39,4.98,5.04,1881099.0,9480738.96
2004-05-07 00:00:00,5.0,5.13,4.94,5.08,1131768.0,5749381.44
2004-05-10 00:00:00,5.08,5.08,4.9,4.93,793485.0,3911881.05
2004-05-11 00:00:00,4.93,4.93,4.64,4.84,732006.0,3542909.04
2004-05-12 00:00:00,4.81,4.85,4.69,4.77,5427675.0,25890009.749999996
2004-05-13 00:00:00,4.53,4.77,4.49,4.68,957726.0,4482157.68
2004-05-14 00:00:00,4.68,4.68,3.62,4.07,9256302.0,37673149.14
2004-05-17 00:00:00,3.68,4.01,3.47,3.86,2514798.0,9707120.28
2004-05-18 00:00:00,3.87,4.03,3.72,3.97,5876640.0,23330260.8
2004-05-19 00:00:00,4.06,4.13,4.01,4.07,1839222.0,7485633.540000001
2004-05-20 00:00:00,4.33,4.33,3.92,4.22,2327886.0,9823678.92
2004-05-21 00:00:00,4.14,4.23,4.04,4.22,2214432.0,9344903.04
2004-05-24 00:00:00,4.18,4.37,4.18,4.3,554400.0,2383920.0
2004-05-25 00:00:00,4.28,4.29,4.14,4.23,1833183.0,7754364.090000001
2004-05-26 00:00:00,4.38,4.47,4.36,4.44,1853379.0,8229002.760000001
2004-05-27 00:00:00,4.42,4.55,4.34,4.48,1559943.0,6988544.640000001
2004-05-28 00:00:00,4.48,4.48,4.33,4.37,2702502.0,11809933.74
2004-05-31 00:00:00,4.17,4.22,3.83,4.06,1474209.0,5985288.539999999
2004-06-01 00:00:00,4.12,4.23,3.98,4.02,889812.0,3577044.2399999998
2004-06-02 00:00:00,4.07,4.11,4.02,4.06,416295.0,1690157.7
2004-06-03 00:00:00,4.12,4.21,3.92,3.99,1160181.0,4629122.19
2004-06-04 00:00:00,3.87,3.97,3.79,3.88,1910997.0,7414668.359999999
2004-06-07 00:00:00,3.92,3.99,3.86,3.9,2194434.0,8558292.6
2004-06-08 00:00:00,3.92,3.98,3.79,3.85,1406097.0,5413473.45
2004-06-09 00:00:00,3.85,3.99,3.84,3.93,4257891.0,16733511.63
2004-06-10 00:00:00,3.92,4.01,3.92,4.0,1373526.0,5494104.0
2004-06-11 00:00:00,4.03,4.1,3.85,3.88,2242548.0,8701086.24
2004-06-14 00:00:00,3.84,3.91,3.67,3.76,859023.0,3229926.48
2004-06-15 00:00:00,3.85,3.9,3.78,3.83,595881.0,2282224.23
2004-06-16 00:00:00,3.88,3.96,3.78,3.92,493515.0,1934578.8
2004-06-17 00:00:00,3.93,3.93,3.88,3.92,290565.0,1139014.8
2004-06-18 00:00:00,3.89,3.96,3.87,3.9,189189.0,737837.1
2004-06-21 00:00:00,3.9,3.93,3.86,3.92,542421.0,2126290.32
2004-06-22 00:00:00,3.93,3.93,3.88,3.92,626571.0,2456158.32
2004-06-23 00:00:00,3.96,4.01,3.76,3.83,435006.0,1666072.98
2004-06-24 00:00:00,3.74,3.85,3.69,3.77,405306.0,1528003.62
2004-06-25 00:00:00,3.79,3.85,3.78,3.79,439362.0,1665181.98
2004-06-28 00:00:00,3.82,3.89,3.76,3.86,218295.0,842618.7
2004-06-29 00:00:00,3.96,4.02,3.84,4.0,823977.0,3295908.0
2004-06-30 00:00:00,4.06,4.07,3.89,3.93,990990.0,3894590.7
2004-07-01 00:00:00,3.91,3.97,3.9,3.93,1462032.0,5745785.76
2004-07-02 00:00:00,3.89,3.94,3.89,3.93,701019.0,2755004.67
2004-07-05 00:00:00,3.94,3.94,3.81,3.82,1050588.0,4013246.1599999997
2004-07-06 00:00:00,3.82,3.83,3.77,3.81,22212135.0,84628234.35
2004-07-07 00:00:00,3.83,3.89,3.81,3.83,1729431.0,6623720.73
2004-07-08 00:00:00,3.87,4.17,3.82,3.89,29404485.0,114383446.65
2004-07-09 00:00:00,3.92,4.56,3.92,4.51,7822683.0,35280300.33
2004-07-12 00:00:00,4.58,4.63,4.42,4.45,1904463.0,8474860.35
2004-07-13 00:00:00,4.44,4.56,4.33,4.4,1268487.0,5581342.800000001
2004-07-14 00:00:00,4.52,4.52,4.34,4.35,4621914.0,20105325.9
2004-07-15 00:00:00,4.32,4.55,4.32,4.47,2484405.0,11105290.35
2004-07-16 00:00:00,4.47,4.64,4.44,4.6,3243438.0,14919814.799999999
2004-07-19 00:00:00,4.63,4.83,4.61,4.67,2593305.0,12110734.35
2004-07-20 00:00:00,4.68,4.68,4.54,4.57,1034352.0,4726988.640000001
2004-07-21 00:00:00,4.6,4.66,4.58,4.61,1006632.0,4640573.5200000005
2004-07-22 00:00:00,4.75,4.9,4.59,4.7,9429750.0,44319825.0
2004-07-23 00:00:00,4.74,4.77,4.44,4.74,1155627.0,5477671.98
2004-07-26 00:00:00,4.84,4.86,4.71,4.73,2086029.0,9866917.170000002
2004-07-27 00:00:00,4.77,4.81,4.69,4.73,1180575.0,5584119.750000001
2004-07-28 00:00:00,4.74,4.75,4.58,4.64,3266208.0,15155205.12
2004-07-29 00:00:00,4.57,4.63,4.53,4.61,752004.0,3466738.4400000004
2004-07-30 00:00:00,4.63,4.68,4.56,4.58,3327489.0,15239899.620000001
2004-08-02 00:00:00,4.59,4.73,4.56,4.64,2435103.0,11298877.92
2004-08-03 00:00:00,4.66,4.67,4.63,4.63,147312.0,682054.5599999999
2004-08-04 00:00:00,4.63,4.63,4.48,4.55,2900502.0,13197284.1
2004-08-05 00:00:00,4.57,4.7,4.57,4.68,1037322.0,4854666.96
2004-08-06 00:00:00,4.67,4.73,4.58,4.63,2802888.0,12977371.44
2004-08-09 00:00:00,4.64,4.71,4.64,4.65,8213040.0,38190636.0
2004-08-10 00:00:00,4.59,4.77,4.59,4.75,616968.0,2930598.0
2004-08-11 00:00:00,4.76,4.79,4.6,4.63,2265516.0,10489339.08
2004-08-12 00:00:00,4.66,4.67,4.58,4.64,1262547.0,5858218.079999999
2004-08-13 00:00:00,4.6,4.68,4.6,4.61,1036530.0,4778403.300000001
2004-08-16 00:00:00,4.58,4.65,4.58,4.62,787545.0,3638457.9
2004-08-17 00:00:00,4.73,4.77,4.6,4.63,1800711.0,8337291.93
2004-08-18 00:00:00,4.69,4.73,4.6,4.63,4087413.0,18924722.19
2004-08-19 00:00:00,4.68,4.71,4.65,4.69,1031580.0,4838110.2
2004-08-20 00:00:00,4.64,4.71,4.63,4.71,754974.0,3555927.54
2004-08-23 00:00:00,4.68,4.7,4.64,4.68,811800.0,3799224.0
2004-08-24 00:00:00,4.69,4.73,4.69,4.7,296208.0,1392177.6
2004-08-25 00:00:00,4.73,4.84,4.7,4.8,3548160.0,17031168.0
2004-08-26 00:00:00,4.83,5.0,4.83,4.88,2195226.0,10712702.879999999
2004-08-27 00:00:00,4.9,4.95,4.88,4.9,1415997.0,6938385.300000001
2004-08-30 00:00:00,4.91,5.02,4.91,4.98,840411.0,4185246.7800000003
2004-08-31 00:00:00,4.98,5.08,4.93,4.95,1384020.0,6850899.0
2004-09-01 00:00:00,4.96,5.03,4.93,4.98,638154.0,3178006.9200000004
2004-09-02 00:00:00,5.01,5.03,4.91,4.92,2948517.0,14506703.64
2004-09-03 00:00:00,4.98,5.0,4.94,4.98,465102.0,2316207.9600000004
2004-09-06 00:00:00,4.98,5.06,4.96,5.04,1692603.0,8530719.12
2004-09-07 00:00:00,5.02,5.03,4.9,5.01,2617758.0,13114967.58
2004-09-08 00:00:00,5.07,5.08,5.03,5.05,1590732.0,8033196.6
2004-09-09 00:00:00,5.05,5.18,5.0,5.03,4038507.0,20313690.21
2004-09-10 00:00:00,5.02,5.07,5.0,5.01,835659.0,4186651.59
2004-09-13 00:00:00,5.03,5.05,4.98,5.02,1340757.0,6730600.14
2004-09-14 00:00:00,5.09,5.23,5.08,5.18,4734180.0,24523052.4
2004-09-15 00:00:00,5.17,5.29,5.15,5.23,2748438.0,14374330.740000002
2004-09-16 00:00:00,5.24,5.3,5.2,5.25,4667256.0,24503094.0
2004-09-17 00:00:00,5.27,5.33,5.24,5.27,2044548.0,10774767.959999999
2004-09-20 00:00:00,5.3,5.57,5.3,5.45,3604293.0,19643396.85
2004-09-21 00:00:00,5.45,5.58,5.35,5.47,2350656.0,12858088.32
2004-09-22 00:00:00,5.51,5.61,5.45,5.56,3517668.0,19558234.08
2004-09-23 00:00:00,5.54,5.54,5.35,5.42,3716955.0,20145896.1
2004-09-24 00:00:00,5.42,5.49,5.26,5.45,4458267.0,24297555.150000002
2004-09-27 00:00:00,5.44,5.56,5.38,5.41,849816.0,4597504.5600000005
2004-09-28 00:00:00,5.43,5.48,5.27,5.32,1420452.0,7556804.640000001
2004-09-29 00:00:00,5.36,5.43,5.29,5.36,3136815.0,16813328.400000002
2004-09-30 00:00:00,5.42,5.52,5.41,5.47,2227005.0,12181717.35
2004-10-01 00:00:00,5.48,5.66,5.48,5.52,4392036.0,24244038.72
2004-10-04 00:00:00,5.6,5.65,5.54,5.62,2934063.0,16489434.06
2004-10-05 00:00:00,5.64,5.81,5.64,5.78,5616765.0,32464901.700000003
2004-10-06 00:00:00,5.77,5.81,5.66,5.69,4432725.0,25222205.25
2004-10-07 00:00:00,5.77,5.77,5.61,5.66,807741.0,4571814.0600000005
2004-10-08 00:00:00,5.68,5.76,5.58,5.61,1147212.0,6435859.32
2004-10-09 00:00:00,5.67,5.74,5.59,5.68,480546.0,2729501.28
2004-10-11 00:00:00,5.71,5.71,5.57,5.59,463815.0,2592725.85
2004-10-12 00:00:00,5.78,5.78,5.51,5.54,727848.0,4032277.92
2004-10-14 00:00:00,5.48,5.58,5.4,5.53,696069.0,3849261.5700000003
2004-10-15 00:00:00,5.56,5.59,5.46,5.51,408078.0,2248509.78
2004-10-18 00:00:00,5.51,5.61,5.42,5.46,539748.0,2947024.08
2004-10-19 00:00:00,5.48,5.51,5.47,5.49,1392237.0,7643381.13
2004-10-20 00:00:00,5.59,5.59,5.45,5.47,1274823.0,6973281.81
2004-10-21 00:00:00,5.35,5.55,5.35,5.45,74151.0,404122.95
2004-10-25 00:00:00,5.38,5.44,5.25,5.25,1428867.0,7501551.75
2004-10-26 00:00:00,5.34,5.39,5.27,5.37,1779822.0,9557644.14
2004-10-27 00:00:00,5.4,5.59,5.38,5.53,992673.0,5489481.69
2004-10-28 00:00:00,5.61,5.61,5.53,5.55,433026.0,2403294.3
2004-10-29 00:00:00,5.6,5.68,5.56,5.58,938025.0,5234179.5
2004-11-01 00:00:00,5.68,5.72,5.66,5.69,1460349.0,8309385.8100000005
2004-11-02 00:00:00,5.72,5.72,5.65,5.66,845559.0,4785863.94
2004-11-03 00:00:00,5.67,5.74,5.66,5.68,740223.0,4204466.64
2004-11-04 00:00:00,5.82,5.82,5.64,5.67,4684284.0,26559890.28
2004-11-05 00:00:00,5.69,5.86,5.68,5.73,322938.0,1850434.7400000002
2004-11-08 00:00:00,5.78,5.78,5.51,5.72,1511730.0,8647095.6
2004-11-09 00:00:00,5.71,5.81,5.66,5.79,4794669.0,27761133.51
2004-11-10 00:00:00,5.81,5.84,5.75,5.78,186714.0,1079206.9200000002
2004-11-11 00:00:00,5.78,5.84,5.76,5.76,775170.0,4464979.2
2004-11-12 00:00:00,5.76,5.84,5.75,5.81,54549.0,316929.69
2004-11-16 00:00:00,5.86,5.86,5.82,5.83,97119.0,566203.77
2004-11-17 00:00:00,5.86,5.89,5.86,5.87,3299076.0,19365576.12
2004-11-18 00:00:00,5.94,6.1,5.9,5.94,25407855.0,150922658.70000002
2004-11-19 00:00:00,5.96,6.01,5.82,5.88,3366792.0,19796736.96
2004-11-22 00:00:00,5.71,5.82,5.71,5.79,781902.0,4527212.58
2004-11-23 00:00:00,5.83,6.1,5.83,6.02,7897923.0,47545496.45999999
2004-11-24 00:00:00,6.06,6.29,6.06,6.27,2864961.0,17963305.47
2004-11-25 00:00:00,6.34,6.44,6.2,6.22,8519148.0,52989100.559999995
2004-11-29 00:00:00,6.29,6.36,6.26,6.28,1720818.0,10806737.040000001
2004-11-30 00:00:00,6.29,6.42,6.15,6.19,1364517.0,8446360.23
2004-12-01 00:00:00,6.28,6.28,6.11,6.13,404415.0,2479063.95
2004-12-02 00:00:00,6.16,6.21,6.07,6.09,539946.0,3288271.14
2004-12-03 00:00:00,6.2,6.23,6.13,6.14,4264227.0,26182353.779999997
2004-12-06 00:00:00,6.26,6.41,6.17,6.37,4886244.0,31125374.28
2004-12-07 00:00:00,6.41,6.52,6.39,6.44,10060479.0,64789484.760000005
2004-12-08 00:00:00,6.51,6.53,6.18,6.21,2713392.0,16850164.32
2004-12-09 00:00:00,6.22,6.31,6.19,6.23,4555584.0,28381288.32
2004-12-10 00:00:00,6.28,6.38,6.26,6.35,4681908.0,29730115.799999997
2004-12-13 00:00:00,6.41,6.41,6.31,6.37,2383722.0,15184309.14
2004-12-14 00:00:00,6.42,6.49,6.39,6.46,2853477.0,18433461.419999998
2004-12-15 00:00:00,6.53,6.57,6.36,6.38,893079.0,5697844.02
2004-12-16 00:00:00,6.43,6.56,6.4,6.54,2216808.0,14497924.32
2004-12-17 00:00:00,6.57,6.59,6.47,6.51,3487176.0,22701515.759999998
2004-12-20 00:00:00,6.52,6.69,6.52,6.64,7103052.0,47164265.28
2004-12-21 00:00:00,6.69,6.8,6.69,6.75,3230073.0,21802992.75
2004-12-22 00:00:00,6.8,6.86,6.7,6.72,4637556.0,31164376.32
2004-12-23 00:00:00,6.77,6.79,6.69,6.73,6708240.0,45146455.2
2004-12-24 00:00:00,6.77,6.79,6.71,6.73,472626.0,3180772.98
2004-12-27 00:00:00,6.69,6.76,6.61,6.61,1709730.0,11301315.3
2004-12-28 00:00:00,6.66,6.72,6.58,6.68,664587.0,4439441.16
2004-12-29 00:00:00,6.76,6.76,6.59,6.63,719334.0,4769184.42
2004-12-30 00:00:00,6.65,6.75,6.46,6.52,2561328.0,16699858.559999999
2004-12-31 00:00:00,6.57,6.72,6.57,6.64,1331550.0,8841492.0
2005-01-03 00:00:00,6.64,6.74,6.64,6.65,10887525.0,72402041.25
2005-01-04 00:00:00,6.69,6.77,6.57,6.63,1450251.0,9615164.129999999
2005-01-05 00:00:00,6.62,6.67,6.09,6.34,1998315.0,12669317.1
2005-01-06 00:00:00,6.34,6.36,6.1,6.3,2803779.0,17663807.7
2005-01-07 00:00:00,6.27,6.33,6.21,6.3,1752894.0,11043232.2
2005-01-10 00:00:00,6.28,6.36,6.16,6.17,617958.0,3812800.86
2005-01-11 00:00:00,6.17,6.22,6.11,6.13,227601.0,1395194.13
2005-01-12 00:00:00,6.12,6.12,5.85,5.87,880506.0,5168570.22
2005-01-13 00:00:00,6.01,6.11,5.93,6.06,412929.0,2502349.7399999998
2005-01-14 00:00:00,6.06,6.11,5.91,6.0,253242.0,1519452.0
2005-01-17 00:00:00,5.91,5.92,5.78,5.91,222057.0,1312356.87
2005-01-18 00:00:00,5.97,6.09,5.93,5.99,259776.0,1556058.24
2005-01-19 00:00:00,5.98,5.98,5.89,5.9,146520.0,864468.0
2005-01-20 00:00:00,5.91,6.07,5.78,5.95,403920.0,2403324.0
2005-01-24 00:00:00,6.24,6.24,5.91,5.92,419067.0,2480876.64
2005-01-25 00:00:00,6.03,6.03,5.91,5.96,162558.0,968845.68
2005-01-27 00:00:00,6.31,6.31,5.91,5.96,750519.0,4473093.24
2005-01-28 00:00:00,6.04,6.18,5.98,6.11,580734.0,3548284.74
2005-01-31 00:00:00,6.17,6.3,5.97,6.11,1853874.0,11327170.14
2005-02-01 00:00:00,6.11,6.14,5.92,5.97,918225.0,5481803.25
2005-02-02 00:00:00,6.06,6.07,5.91,5.94,3257793.0,19351290.42
2005-02-03 00:00:00,5.98,6.06,5.91,6.0,2137014.0,12822084.0
2005-02-04 00:00:00,5.97,6.04,5.92,5.96,1458864.0,8694829.44
2005-02-07 00:00:00,6.05,6.12,5.91,5.93,2045637.0,12130627.41
2005-02-08 00:00:00,5.95,6.02,5.89,5.91,11916531.0,70426698.21000001
2005-02-09 00:00:00,6.0,6.21,5.94,6.14,6466878.0,39706630.919999994
2005-02-10 00:00:00,6.22,6.41,6.22,6.32,17418258.0,110083390.56
2005-02-11 00:00:00,6.36,6.56,6.35,6.43,15238773.0,97985310.39
2005-02-14 00:00:00,6.54,6.59,6.52,6.56,5035734.0,33034415.04
2005-02-15 00:00:00,6.57,6.67,6.52,6.62,19761687.0,130822367.94
2005-02-16 00:00:00,6.67,6.78,6.67,6.73,7920990.0,53308262.7
2005-02-17 00:00:00,6.67,6.96,6.67,6.79,2699334.0,18328477.86
2005-02-18 00:00:00,6.87,7.2,6.87,7.1,4413717.0,31337390.7
2005-02-21 00:00:00,7.14,7.2,7.01,7.07,8918910.0,63056693.7
2005-02-22 00:00:00,7.08,7.18,7.01,7.13,3590631.0,25601199.03
2005-02-23 00:00:00,7.16,7.16,7.05,7.09,1260369.0,8936016.209999999
2005-02-24 00:00:00,7.09,7.32,7.08,7.12,2968218.0,21133712.16
2005-02-25 00:00:00,7.15,7.27,6.99,7.19,2612412.0,18783242.28
2005-02-28 00:00:00,7.22,7.42,7.13,7.22,14239863.0,102811810.86
2005-03-01 00:00:00,7.17,7.18,7.03,7.12,573903.0,4086189.36
2005-03-02 00:00:00,7.15,7.21,7.09,7.12,11335203.0,80706645.36
2005-03-03 00:00:00,7.17,7.51,7.17,7.46,8141067.0,60732359.82
2005-03-04 00:00:00,7.54,7.55,7.23,7.44,14688927.0,109285616.88000001
2005-03-07 00:00:00,7.45,7.6,7.38,7.54,11787336.0,88876513.44
2005-03-08 00:00:00,7.6,7.6,7.42,7.46,6354414.0,47403928.44
2005-03-09 00:00:00,7.47,7.54,7.27,7.36,566973.0,4172921.2800000003
2005-03-10 00:00:00,7.22,7.42,7.22,7.4,1714680.0,12688632.0
2005-03-11 00:00:00,7.42,7.46,7.23,7.4,4417776.0,32691542.400000002
2005-03-14 00:00:00,7.37,7.42,7.3,7.31,348282.0,2545941.42
2005-03-15 00:00:00,7.3,7.32,7.13,7.15,870111.0,6221293.65
2005-03-16 00:00:00,7.07,7.24,7.07,7.18,370458.0,2659888.44
2005-03-17 00:00:00,7.18,7.19,6.9,7.07,1084644.0,7668433.08
2005-03-18 00:00:00,7.07,7.07,6.89,7.0,985248.0,6896736.0
2005-03-21 00:00:00,7.07,7.07,6.96,6.97,3763980.0,26234940.599999998
2005-03-22 00:00:00,6.99,7.03,6.67,6.77,1449954.0,9816188.58
2005-03-23 00:00:00,6.96,6.96,6.57,6.65,14260257.0,94830709.05000001
2005-03-24 00:00:00,6.77,6.77,6.57,6.65,7757343.0,51586330.95
2005-03-28 00:00:00,6.56,6.81,6.56,6.69,2282445.0,15269557.05
2005-03-29 00:00:00,6.49,6.74,6.41,6.54,3461733.0,22639733.82
2005-03-30 00:00:00,6.6,6.6,6.57,6.58,32769.0,215620.02
2005-03-31 00:00:00,6.7,6.9,6.62,6.72,3522420.0,23670662.4
2005-04-01 00:00:00,6.75,6.86,6.67,6.8,7692498.0,52308986.4
2005-04-04 00:00:00,6.84,7.24,6.84,7.08,3977424.0,28160161.92
2005-04-05 00:00:00,7.17,7.2,6.95,6.99,2748834.0,19214349.66
2005-04-06 00:00:00,7.02,7.07,6.87,6.94,339669.0,2357302.8600000003
2005-04-07 00:00:00,7.02,7.12,6.97,7.01,969705.0,6797632.05
2005-04-08 00:00:00,7.0,7.01,6.87,6.95,225225.0,1565313.75
2005-04-11 00:00:00,6.9,7.04,6.9,7.01,158796.0,1113159.96
2005-04-12 00:00:00,6.87,7.26,6.87,7.22,2039400.0,14724468.0
2005-04-13 00:00:00,7.24,7.38,7.24,7.33,2626965.0,19255653.45
2005-04-15 00:00:00,7.09,7.27,7.09,7.23,181368.0,1311290.6400000001
2005-04-18 00:00:00,7.07,7.32,6.9,7.2,10514394.0,75703636.8
2005-04-19 00:00:00,7.22,7.53,7.22,7.35,1412730.0,10383565.5
2005-04-20 00:00:00,7.42,7.53,7.39,7.42,463023.0,3435630.66
2005-04-21 00:00:00,7.42,7.68,7.42,7.61,4971681.0,37834492.410000004
2005-04-22 00:00:00,7.69,7.99,7.63,7.89,5205222.0,41069201.58
2005-04-25 00:00:00,7.94,8.05,7.84,7.85,1201761.0,9433823.85
2005-04-26 00:00:00,8.07,8.07,7.79,7.83,411939.0,3225482.37
2005-04-27 00:00:00,7.87,7.91,7.73,7.78,256410.0,1994869.8
2005-04-28 00:00:00,7.77,7.93,7.68,7.71,1450449.0,11182961.79
2005-04-29 00:00:00,7.93,7.93,7.38,7.5,2359665.0,17697487.5
2005-05-02 00:00:00,7.62,7.62,7.35,7.49,1263933.0,9466858.17
2005-05-03 00:00:00,7.49,7.61,7.49,7.56,115335.0,871932.6
2005-05-04 00:00:00,7.7,7.73,7.64,7.7,328086.0,2526262.2
2005-05-05 00:00:00,7.78,7.95,7.73,7.78,10192941.0,79301080.98
2005-05-06 00:00:00,7.77,7.85,7.76,7.78,5407677.0,42071727.06
2005-05-09 00:00:00,7.68,7.91,7.68,7.85,3574197.0,28057446.45
2005-05-10 00:00:00,7.23,7.93,7.23,7.83,3124539.0,24465140.37
2005-05-11 00:00:00,7.32,7.83,7.32,7.77,338976.0,2633843.52
2005-05-12 00:00:00,7.27,7.87,7.27,7.78,443619.0,3451355.8200000003
2005-05-13 00:00:00,7.94,7.94,7.78,7.83,373824.0,2927041.92
2005-05-16 00:00:00,7.9,8.03,7.9,7.93,3891888.0,30862671.84
2005-05-17 00:00:00,7.97,8.08,7.88,7.95,1712106.0,13611242.700000001
2005-05-18 00:00:00,8.03,8.03,7.86,7.93,3569247.0,28304128.709999997
2005-05-19 00:00:00,8.06,8.06,7.93,7.95,1029204.0,8182171.8
2005-05-20 00:00:00,7.97,7.99,7.88,7.91,591624.0,4679745.84
2005-05-23 00:00:00,7.92,7.96,7.9,7.92,802197.0,6353400.24
2005-05-24 00:00:00,8.49,8.97,7.9,7.92,617562.0,4891091.04
2005-05-25 00:00:00,7.6,8.06,7.6,8.03,5773581.0,46361855.43
2005-05-26 00:00:00,8.08,8.08,7.94,8.02,1822095.0,14613201.899999999
2005-05-27 00:00:00,8.07,8.07,7.9,7.95,1374417.0,10926615.15
2005-05-30 00:00:00,7.95,7.96,7.8,7.83,5766849.0,45154427.67
2005-05-31 00:00:00,7.92,8.03,7.88,7.98,242253.0,1933178.9400000002
2005-06-01 00:00:00,8.05,8.05,7.93,7.93,66231.0,525211.83
2005-06-02 00:00:00,7.94,8.03,7.83,7.89,120285.0,949048.6499999999
2005-06-03 00:00:00,7.92,7.92,7.8,7.84,212553.0,1666415.52
2005-06-04 00:00:00,7.93,7.93,7.81,7.88,66033.0,520340.04
2005-06-06 00:00:00,7.83,7.89,7.79,7.81,144540.0,1128857.4
2005-06-07 00:00:00,7.9,7.93,7.79,7.82,290862.0,2274540.84
2005-06-08 00:00:00,7.81,7.87,7.78,7.78,905256.0,7042891.680000001
2005-06-09 00:00:00,7.98,7.98,7.76,7.78,5449257.0,42395219.46
2005-06-10 00:00:00,7.83,7.87,7.7,7.7,537372.0,4137764.4
2005-06-13 00:00:00,7.75,7.75,7.6,7.62,49599.0,377944.38
2005-06-14 00:00:00,7.68,7.69,7.6,7.63,702504.0,5360105.52
2005-06-15 00:00:00,7.68,7.78,7.48,7.53,193149.0,1454411.97
2005-06-16 00:00:00,7.51,7.58,7.49,7.52,133551.0,1004303.5199999999
2005-06-17 00:00:00,7.32,7.56,7.32,7.44,178002.0,1324334.8800000001
2005-06-20 00:00:00,7.48,7.48,7.26,7.27,843381.0,6131379.869999999
2005-06-21 00:00:00,7.32,7.46,7.28,7.43,475497.0,3532942.71
2005-06-22 00:00:00,7.58,7.58,7.31,7.35,841797.0,6187207.949999999
2005-06-23 00:00:00,7.35,7.43,7.35,7.37,2044647.0,15069048.39
2005-06-24 00:00:00,7.3,7.65,7.3,7.46,3268980.0,24386590.8
2005-06-27 00:00:00,6.94,7.48,6.94,7.35,1746855.0,12839384.25
2005-06-28 00:00:00,7.36,7.36,7.13,7.18,5032071.0,36130269.78
2005-06-29 00:00:00,7.17,7.17,6.98,7.12,1280268.0,9115508.16
2005-06-30 00:00:00,6.93,7.26,6.93,7.09,4212549.0,29866972.41
2005-07-01 00:00:00,7.08,7.32,7.05,7.27,2558358.0,18599262.66
2005-07-04 00:00:00,7.32,7.44,7.18,7.25,2507769.0,18181325.25
2005-07-05 00:00:00,7.3,7.52,7.2,7.38,3169089.0,23387876.82
2005-07-06 00:00:00,7.83,7.83,7.4,7.58,2068209.0,15677024.22
2005-07-07 00:00:00,7.6,7.66,7.47,7.5,2557764.0,19183230.0
2005-07-08 00:00:00,7.51,7.62,7.51,7.56,7335306.0,55454913.36
2005-07-11 00:00:00,7.58,7.61,7.42,7.48,884664.0,6617286.720000001
2005-07-12 00:00:00,7.51,7.62,7.45,7.58,10986525.0,83277859.5
2005-07-13 00:00:00,7.68,7.8,7.55,7.61,1225224.0,9323954.64
2005-07-14 00:00:00,7.68,7.68,7.58,7.58,1709235.0,12956001.3
2005-07-15 00:00:00,7.68,7.84,7.58,7.61,575784.0,4381716.24
2005-07-18 00:00:00,7.49,7.78,7.49,7.73,1932876.0,14941131.48
2005-07-19 00:00:00,7.78,7.88,7.71,7.75,320562.0,2484355.5
2005-07-20 00:00:00,7.76,7.79,7.68,7.73,70092.0,541811.16
2005-07-21 00:00:00,7.68,7.78,7.68,7.73,5138298.0,39719043.54
2005-07-22 00:00:00,7.63,7.9,7.63,7.79,1860408.0,14492578.32
2005-07-25 00:00:00,7.88,8.49,7.78,7.86,21184713.0,166511844.18
2005-07-26 00:00:00,7.83,7.84,7.49,7.61,6433713.0,48960555.93
2005-07-27 00:00:00,7.48,7.7,7.48,7.59,596376.0,4526493.84
2005-07-29 00:00:00,7.42,7.67,7.32,7.38,1989108.0,14679617.04
2005-08-01 00:00:00,7.63,7.63,7.42,7.57,340461.0,2577289.77
2005-08-02 00:00:00,7.65,7.86,7.37,7.72,1774080.0,13695897.6
2005-08-03 00:00:00,7.73,8.0,7.73,7.87,2638152.0,20762256.240000002
2005-08-04 00:00:00,7.98,8.08,7.92,7.96,715572.0,5695953.12
2005-08-05 00:00:00,8.06,8.07,7.59,7.9,431244.0,3406827.6
2005-08-08 00:00:00,7.88,7.92,7.64,7.69,650331.0,5001045.390000001
2005-08-09 00:00:00,7.69,7.81,7.58,7.61,967131.0,7359866.91
2005-08-10 00:00:00,7.58,7.76,7.54,7.72,618552.0,4775221.4399999995
2005-08-11 00:00:00,7.88,8.08,7.69,7.72,2024154.0,15626468.879999999
2005-08-12 00:00:00,6.85,7.8,6.85,7.7,7410150.0,57058155.0
2005-08-16 00:00:00,7.87,7.87,7.63,7.64,676467.0,5168207.88
2005-08-17 00:00:00,7.77,7.77,7.63,7.65,1166121.0,8920825.65
2005-08-18 00:00:00,7.76,7.76,7.53,7.55,520146.0,3927102.3
2005-08-19 00:00:00,8.07,8.07,7.47,7.49,12851190.0,96255413.10000001
2005-08-22 00:00:00,7.88,7.88,7.45,7.46,838134.0,6252479.64
2005-08-23 00:00:00,7.5,7.5,7.2,7.25,487872.0,3537072.0
2005-08-24 00:00:00,7.08,7.42,7.06,7.12,3494898.0,24883673.76
2005-08-25 00:00:00,7.15,7.26,7.02,7.07,3596472.0,25427057.040000003
2005-08-26 00:00:00,7.25,7.29,7.17,7.25,4842486.0,35108023.5
2005-08-29 00:00:00,7.26,7.26,7.13,7.18,302148.0,2169422.64
2005-08-30 00:00:00,7.37,7.37,7.22,7.26,418473.0,3038113.98
2005-08-31 00:00:00,7.42,7.42,7.18,7.21,179586.0,1294815.06
2005-09-01 00:00:00,7.32,7.32,7.23,7.24,479853.0,3474135.72
2005-09-02 00:00:00,7.32,7.32,7.23,7.26,333630.0,2422153.8
2005-09-05 00:00:00,7.27,7.32,7.26,7.27,464607.0,3377692.8899999997
2005-09-06 00:00:00,7.27,7.56,7.27,7.5,1425402.0,10690515.0
2005-09-08 00:00:00,7.54,7.78,7.49,7.73,22997700.0,177772221.0
2005-09-09 00:00:00,7.5,7.73,7.5,7.68,726561.0,5579988.4799999995
2005-09-12 00:00:00,7.7,7.77,7.63,7.65,109197.0,835357.05
2005-09-13 00:00:00,7.51,7.77,7.51,7.76,649539.0,5040422.64
2005-09-14 00:00:00,7.77,8.01,7.73,7.74,1849914.0,14318334.360000001
2005-09-15 00:00:00,7.78,7.91,7.78,7.84,7016427.0,55008787.68
2005-09-16 00:00:00,7.88,7.88,7.64,7.76,312642.0,2426101.92
2005-09-19 00:00:00,7.85,7.86,7.78,7.82,2219085.0,17353244.7
2005-09-20 00:00:00,7.71,7.98,7.71,7.9,1110879.0,8775944.1
2005-09-21 00:00:00,7.89,7.98,7.59,7.8,2200869.0,17166778.2
2005-09-22 00:00:00,7.85,7.86,7.23,7.37,786951.0,5799828.87
2005-09-23 00:00:00,7.61,7.61,7.27,7.52,960201.0,7220711.52
2005-09-26 00:00:00,7.37,7.77,7.37,7.74,9655668.0,74734870.32000001
2005-09-27 00:00:00,7.75,7.87,7.64,7.74,2739627.0,21204712.98
2005-09-28 00:00:00,7.73,7.84,7.68,7.78,2282247.0,17755881.66
2005-09-29 00:00:00,7.88,8.03,7.81,7.95,10706454.0,85116309.3
2005-09-30 00:00:00,8.07,8.67,7.97,8.59,14300253.0,122839173.27
2005-10-03 00:00:00,8.64,8.82,8.62,8.7,6035436.0,52508293.199999996
2005-10-04 00:00:00,8.74,8.78,8.55,8.61,5738733.0,49410491.129999995
2005-10-05 00:00:00,8.64,8.69,8.42,8.48,1509750.0,12802680.0
2005-10-06 00:00:00,8.47,8.72,8.36,8.46,1117215.0,9451638.9
2005-10-07 00:00:00,8.53,8.58,8.1,8.19,2370456.0,19414034.64
2005-10-10 00:00:00,8.13,8.18,7.89,7.93,1129392.0,8956078.56
2005-10-11 00:00:00,7.98,8.03,7.73,7.87,1611126.0,12679561.620000001
2005-10-13 00:00:00,7.88,8.0,7.63,7.69,4429161.0,34060248.09
2005-10-14 00:00:00,7.73,7.79,7.48,7.54,1726758.0,13019755.32
2005-10-17 00:00:00,7.52,7.63,7.37,7.54,2391345.0,18030741.3
2005-10-18 00:00:00,7.84,7.84,7.44,7.53,2849715.0,21458353.95
2005-10-19 00:00:00,7.23,7.56,7.23,7.48,2395899.0,17921324.52
2005-10-20 00:00:00,7.55,7.65,7.36,7.52,1244331.0,9357369.12
2005-10-21 00:00:00,7.49,7.85,7.38,7.77,2285811.0,17760751.47
2005-10-24 00:00:00,7.98,7.99,7.68,7.71,446094.0,3439384.7399999998
2005-10-25 00:00:00,7.7,7.73,7.49,7.72,3321747.0,25643886.84
2005-10-26 00:00:00,7.65,7.88,7.65,7.79,629145.0,4901039.55
2005-10-27 00:00:00,7.82,7.88,7.22,7.48,823482.0,6159645.36
2005-10-28 00:00:00,7.27,7.35,7.19,7.3,1605681.0,11721471.299999999
2005-10-31 00:00:00,7.32,7.41,7.23,7.36,1135926.0,8360415.36
2005-11-01 00:00:00,7.37,7.47,7.32,7.36,377289.0,2776847.04
2005-11-02 00:00:00,7.32,7.68,7.32,7.64,188397.0,1439353.0799999998
2005-11-07 00:00:00,7.45,7.86,7.45,7.79,725076.0,5648342.04
2005-11-08 00:00:00,7.78,7.99,7.73,7.84,1803285.0,14137754.4
2005-11-09 00:00:00,7.88,8.21,7.88,8.03,7146216.0,57384114.48
2005-11-10 00:00:00,7.87,8.08,7.81,8.13,119790.0,973892.7000000001
2005-11-11 00:00:00,8.2,8.42,8.2,8.36,7130475.0,59610770.99999999
2005-11-14 00:00:00,8.41,8.63,8.41,8.51,4773879.0,40625710.29
2005-11-16 00:00:00,8.57,8.76,8.13,8.59,2991087.0,25693437.33
2005-11-17 00:00:00,8.59,8.63,8.43,8.52,974853.0,8305747.56
2005-11-18 00:00:00,8.56,8.58,8.39,8.44,1444014.0,12187478.16
2005-11-21 00:00:00,8.38,8.42,8.14,8.17,313731.0,2563182.27
2005-11-22 00:00:00,8.19,8.38,8.09,8.12,4201461.0,34115863.32
2005-11-23 00:00:00,8.38,8.38,8.07,8.25,2743191.0,22631325.75
2005-11-24 00:00:00,8.24,8.45,8.22,8.38,1509156.0,12646727.280000001
2005-11-25 00:00:00,8.43,8.96,8.43,8.87,6599241.0,58535267.669999994
2005-11-26 00:00:00,8.99,9.2,8.95,9.1,2833083.0,25781055.3
2005-11-28 00:00:00,9.19,9.57,9.19,9.5,4561623.0,43335418.5
2005-11-29 00:00:00,9.55,9.69,9.34,9.5,8161857.0,77537641.5
2005-11-30 00:00:00,9.5,9.8,9.14,9.35,7399854.0,69188634.89999999
2005-12-01 00:00:00,9.39,9.54,9.16,9.46,5712102.0,54036484.92
2005-12-02 00:00:00,9.6,9.61,9.27,9.33,2550834.0,23799281.22
2005-12-05 00:00:00,9.38,9.49,9.26,9.34,3154140.0,29459667.599999998
2005-12-06 00:00:00,9.37,9.43,9.0,9.13,1385109.0,12646045.170000002
2005-12-07 00:00:00,9.13,9.28,9.03,9.08,1435995.0,13038834.6
2005-12-08 00:00:00,9.04,9.39,9.04,9.32,1824669.0,17005915.080000002
2005-12-09 00:00:00,9.4,9.49,9.33,9.42,1558755.0,14683472.1
2005-12-12 00:00:00,9.58,9.69,9.47,9.56,3300660.0,31554309.6
2005-12-13 00:00:00,9.7,9.7,9.49,9.54,5040387.0,48085291.98
2005-12-14 00:00:00,9.59,9.61,9.3,9.37,1060983.0,9941410.709999999
2005-12-15 00:00:00,9.48,9.49,9.0,9.11,944757.0,8606736.27
2005-12-16 00:00:00,9.1,9.24,9.09,9.19,3343527.0,30727013.13
2005-12-19 00:00:00,9.55,9.69,9.22,9.46,6060879.0,57335915.34
2005-12-20 00:00:00,9.74,9.74,9.4,9.58,6600528.0,63233058.24
2005-12-21 00:00:00,9.63,9.85,9.55,9.7,6577362.0,63800411.4
2005-12-22 00:00:00,9.8,9.89,9.75,9.76,4071573.0,39738552.48
2005-12-23 00:00:00,9.78,9.82,9.55,9.6,971784.0,9329126.4
2005-12-26 00:00:00,9.39,9.66,9.32,9.42,6011181.0,56625325.02
2005-12-27 00:00:00,9.22,10.09,9.22,9.98,3959703.0,39517835.940000005
2005-12-28 00:00:00,10.04,10.1,9.78,9.91,4251060.0,42128004.6
2005-12-29 00:00:00,9.98,10.05,9.8,9.85,2763090.0,27216436.5
2005-12-30 00:00:00,9.94,10.1,9.85,10.04,2827143.0,28384515.72
2006-01-02 00:00:00,10.1,10.23,9.92,9.99,2026332.0,20243056.68
2006-01-03 00:00:00,10.05,10.1,10.0,10.06,955350.0,9610821.0
2006-01-04 00:00:00,10.2,10.2,9.95,10.02,1256508.0,12590210.16
2006-01-05 00:00:00,10.09,10.09,9.86,9.95,1671615.0,16632569.249999998
2006-01-06 00:00:00,9.98,10.25,9.92,10.0,2829915.0,28299150.0
2006-01-09 00:00:00,10.0,10.13,9.91,9.95,3812193.0,37931320.349999994
2006-01-10 00:00:00,9.96,9.96,9.68,9.77,2704185.0,26419887.45
2006-01-12 00:00:00,9.68,9.96,9.62,9.89,1718343.0,16994412.27
2006-01-13 00:00:00,10.02,10.6,9.95,10.34,8909604.0,92125305.36
2006-01-16 00:00:00,10.36,10.53,10.11,10.18,2576475.0,26228515.5
2006-01-17 00:00:00,10.31,10.4,9.95,10.02,1646568.0,16498611.36
2006-01-18 00:00:00,9.96,10.18,9.8,10.1,1668546.0,16852314.599999998
2006-01-19 00:00:00,10.1,10.54,10.1,10.47,2078307.0,21759874.290000003
2006-01-20 00:00:00,10.6,10.71,10.45,10.64,1678149.0,17855505.36
2006-01-23 00:00:00,10.59,11.1,10.54,10.97,2482425.0,27232202.25
2006-01-24 00:00:00,11.02,11.38,11.01,11.23,4396095.0,49368146.85
2006-01-25 00:00:00,11.44,12.16,11.36,12.05,6317487.0,76125718.35000001
2006-01-27 00:00:00,12.26,12.35,11.62,11.68,4467276.0,52177783.68
2006-01-30 00:00:00,11.97,11.97,11.07,11.14,4818528.0,53678401.92
2006-01-31 00:00:00,11.14,11.43,11.13,11.2,1794573.0,20099217.599999998
2006-02-01 00:00:00,11.22,11.57,10.96,11.06,14768424.0,163338769.44
2006-02-02 00:00:00,11.16,11.36,10.93,11.16,1713987.0,19128094.92
2006-02-03 00:00:00,11.11,11.26,10.96,11.07,2530341.0,28010874.87
2006-02-06 00:00:00,11.11,11.29,11.01,11.08,2578455.0,28569281.4
2006-02-07 00:00:00,11.19,11.44,11.19,11.29,2691117.0,30382710.929999996
2006-02-08 00:00:00,11.36,11.53,11.29,11.37,6366690.0,72389265.3
2006-02-10 00:00:00,11.41,11.47,11.13,11.2,6589440.0,73801728.0
2006-02-13 00:00:00,11.31,11.32,11.04,11.09,3545883.0,39323842.47
2006-02-14 00:00:00,11.11,11.39,10.99,11.06,6383223.0,70598446.38000001
2006-02-15 00:00:00,10.28,11.16,10.28,10.76,2738637.0,29467734.12
2006-02-16 00:00:00,10.78,10.99,10.59,10.66,1192059.0,12707348.94
2006-02-17 00:00:00,10.86,10.86,10.31,10.37,1489158.0,15442568.459999999
2006-02-20 00:00:00,10.37,10.42,10.05,10.19,4195818.0,42755385.419999994
2006-02-21 00:00:00,10.28,10.51,10.25,10.32,3223440.0,33265900.8
2006-02-22 00:00:00,10.4,10.41,10.18,10.29,4048704.0,41661164.16
2006-02-23 00:00:00,10.37,10.37,9.91,10.0,5308776.0,53087760.0
2006-02-24 00:00:00,10.24,10.89,10.12,10.8,4528161.0,48904138.800000004
2006-02-27 00:00:00,11.01,11.01,10.67,10.84,6426288.0,69660961.92
2006-02-28 00:00:00,10.97,11.31,10.71,11.11,35292411.0,392098686.21
2006-03-01 00:00:00,11.16,11.52,11.12,11.37,7729722.0,87886939.14
2006-03-02 00:00:00,11.52,12.42,11.26,11.81,28327068.0,334542673.08000004
2006-03-03 00:00:00,12.02,12.36,11.87,12.1,8318673.0,100655943.3
2006-03-06 00:00:00,12.17,12.27,11.94,12.06,6870501.0,82858242.06
2006-03-07 00:00:00,12.15,12.37,11.95,12.22,3375207.0,41245029.54
2006-03-08 00:00:00,12.22,13.33,12.22,12.42,25369740.0,315092170.8
2006-03-09 00:00:00,12.93,12.93,12.15,12.59,13274811.0,167129870.49
2006-03-10 00:00:00,12.78,13.21,12.73,12.95,5866740.0,75974283.0
2006-03-13 00:00:00,13.15,13.18,12.78,12.88,13404006.0,172643597.28
2006-03-14 00:00:00,12.89,12.98,12.54,12.6,2977722.0,37519297.199999996
2006-03-16 00:00:00,12.77,13.63,12.64,13.43,13398957.0,179947992.51
2006-03-17 00:00:00,13.69,13.94,13.31,13.4,18282330.0,244983222.0
2006-03-20 00:00:00,13.53,13.74,13.4,13.49,5630823.0,75959802.27
2006-03-21 00:00:00,13.74,13.79,13.36,13.48,5890599.0,79405274.52
2006-03-22 00:00:00,13.54,13.63,13.1,13.29,3642111.0,48403655.19
2006-03-23 00:00:00,13.43,13.96,13.18,13.79,9667053.0,133308660.86999999
2006-03-24 00:00:00,13.94,14.12,13.82,13.92,9333819.0,129926760.48
2006-03-27 00:00:00,13.99,14.08,13.59,13.65,4540932.0,61983721.800000004
2006-03-28 00:00:00,13.69,13.81,13.28,13.34,11091465.0,147960143.1
2006-03-29 00:00:00,13.38,13.66,13.31,13.52,14432616.0,195128968.32
2006-03-30 00:00:00,13.79,13.79,12.9,13.04,30861171.0,402429669.84
2006-03-31 00:00:00,13.27,13.61,13.23,13.35,11755854.0,156940650.9
2006-04-03 00:00:00,13.46,13.77,13.33,13.6,3864960.0,52563456.0
2006-04-04 00:00:00,13.69,13.74,13.23,13.58,5007420.0,68000763.6
2006-04-05 00:00:00,13.65,14.03,13.28,13.91,6274521.0,87278587.11
2006-04-07 00:00:00,13.99,14.32,13.33,13.55,9473508.0,128366033.4
2006-04-10 00:00:00,13.63,13.74,13.44,13.67,2277693.0,31136063.31
2006-04-12 00:00:00,13.74,13.94,13.29,13.43,6535287.0,87768904.41
2006-04-13 00:00:00,13.38,13.42,12.2,12.62,8918811.0,112555394.82
2006-04-17 00:00:00,12.83,13.41,12.68,13.16,9644877.0,126926581.32000001
2006-04-18 00:00:00,13.32,13.82,13.18,13.62,6349860.0,86485093.19999999
2006-04-19 00:00:00,13.98,13.98,13.5,13.76,8945145.0,123085195.2
2006-04-20 00:00:00,13.76,13.87,13.56,13.79,5988708.0,82584283.32
2006-04-21 00:00:00,13.89,13.93,13.39,13.56,7408566.0,100460154.96000001
2006-04-24 00:00:00,13.03,13.67,12.58,13.59,2979702.0,40494150.18
2006-04-25 00:00:00,13.64,13.64,13.18,13.33,7373718.0,98291660.94
2006-04-26 00:00:00,13.43,13.64,13.23,13.47,1120185.0,15088891.950000001
2006-04-27 00:00:00,13.64,13.84,12.93,13.01,4400055.0,57244715.55
2006-04-28 00:00:00,12.78,13.54,12.18,13.39,7793973.0,104361298.47
2006-04-29 00:00:00,13.44,13.62,13.43,13.51,600336.0,8110539.36
2006-05-02 00:00:00,13.45,14.44,13.45,14.25,5536872.0,78900426.0
2006-05-03 00:00:00,14.34,14.85,13.87,14.7,7347186.0,108003634.19999999
2006-05-04 00:00:00,14.74,14.87,14.29,14.47,31236282.0,451989000.54
2006-05-05 00:00:00,14.45,14.73,14.3,14.43,2323134.0,33522823.62
2006-05-08 00:00:00,14.55,14.69,13.42,14.42,2526876.0,36437551.92
2006-05-09 00:00:00,14.53,14.55,14.24,14.43,1609146.0,23219976.78
2006-05-10 00:00:00,14.49,14.7,14.34,14.57,6042465.0,88038715.05
2006-05-11 00:00:00,14.63,14.79,14.15,14.47,1970001.0,28505914.470000003
2006-05-12 00:00:00,13.69,14.44,13.69,14.08,943272.0,13281269.76
2006-05-15 00:00:00,14.36,14.36,13.13,13.26,1091475.0,14472958.5
2006-05-16 00:00:00,13.64,13.74,12.12,13.6,4090284.0,55627862.4
2006-05-17 00:00:00,13.69,13.89,13.5,13.59,6246108.0,84884607.72
2006-05-18 00:00:00,12.85,13.33,12.42,12.6,7539345.0,94995747.0
2006-05-19 00:00:00,13.12,13.13,11.12,11.7,3199086.0,37429306.199999996
2006-05-22 00:00:00,11.64,12.53,9.6,11.21,8096814.0,90765284.94000001
2006-05-23 00:00:00,11.21,12.1,10.61,11.95,2361051.0,28214559.45
2006-05-24 00:00:00,12.32,12.32,10.71,11.07,2819124.0,31207702.68
2006-05-25 00:00:00,10.76,11.24,10.71,10.98,3091176.0,33941112.480000004
2006-05-26 00:00:00,11.31,11.62,11.18,11.45,5555781.0,63613692.449999996
2006-05-29 00:00:00,11.57,11.72,11.47,11.66,2368872.0,27621047.52
2006-05-30 00:00:00,11.67,11.87,11.46,11.72,3222648.0,37769434.56
2006-05-31 00:00:00,11.41,11.41,10.47,11.06,4249872.0,47003584.32
2006-06-01 00:00:00,11.17,11.31,10.21,10.42,3145032.0,32771233.44
2006-06-02 00:00:00,10.3,10.89,10.21,10.74,5289570.0,56809981.800000004
2006-06-05 00:00:00,10.71,10.79,10.2,10.32,1745370.0,18012218.400000002
2006-06-06 00:00:00,10.15,10.48,9.75,10.15,3547764.0,36009804.6
2006-06-07 00:00:00,9.9,10.3,9.74,9.87,2849814.0,28127664.179999996
2006-06-08 00:00:00,9.6,9.74,9.09,9.22,7684677.0,70852721.94
2006-06-09 00:00:00,9.1,10.05,9.1,9.96,1351053.0,13456487.88
2006-06-12 00:00:00,10.0,10.15,9.3,9.49,3955743.0,37540001.07
2006-06-13 00:00:00,9.19,9.19,8.54,8.75,2624193.0,22961688.75
2006-06-14 00:00:00,8.89,9.19,8.23,8.48,4357485.0,36951472.800000004
2006-06-15 00:00:00,8.66,8.99,8.51,8.9,6414705.0,57090874.5
2006-06-16 00:00:00,9.31,10.14,9.11,9.26,6322338.0,58544849.879999995
2006-06-19 00:00:00,9.34,9.94,8.99,9.8,1819026.0,17826454.8
2006-06-20 00:00:00,9.6,10.25,9.49,9.98,2769921.0,27643811.580000002
2006-06-21 00:00:00,10.05,10.55,10.03,10.39,2128797.0,22118200.830000002
2006-06-22 00:00:00,10.51,10.95,10.51,10.75,3105927.0,33388715.25
2006-06-23 00:00:00,10.2,11.01,10.2,10.86,3096423.0,33627153.78
2006-06-25 00:00:00,10.81,10.9,10.76,10.83,64449.0,697982.67
2006-06-26 00:00:00,10.91,10.91,10.02,10.09,1213641.0,12245637.69
2006-06-27 00:00:00,10.09,10.3,9.91,10.16,839718.0,8531534.88
2006-06-28 00:00:00,10.02,10.53,10.02,10.22,1429857.0,14613138.540000001
2006-06-29 00:00:00,10.3,10.55,10.25,10.43,2351052.0,24521472.36
2006-06-30 00:00:00,10.71,11.01,10.71,10.82,1928718.0,20868728.76
2006-07-03 00:00:00,10.71,11.01,10.71,10.87,664983.0,7228365.209999999
2006-07-04 00:00:00,10.86,11.01,10.66,10.72,822591.0,8818175.520000001
2006-07-05 00:00:00,10.61,10.91,10.61,10.86,356499.0,3871579.1399999997
2006-07-06 00:00:00,10.86,11.41,10.72,11.17,1807542.0,20190244.14
2006-07-07 00:00:00,11.32,11.77,10.46,10.58,3274623.0,34645511.34
2006-07-10 00:00:00,10.55,10.91,10.44,10.83,1354320.0,14667285.6
2006-07-11 00:00:00,10.9,11.1,10.63,10.85,2399661.0,26036321.849999998
2006-07-12 00:00:00,10.71,11.19,10.56,11.1,1583901.0,17581301.099999998
2006-07-13 00:00:00,11.01,11.51,11.01,11.35,1496583.0,16986217.05
2006-07-14 00:00:00,11.16,11.41,11.01,11.26,832788.0,9377192.879999999
2006-07-17 00:00:00,11.21,11.36,10.56,10.67,1315116.0,14032287.72
2006-07-18 00:00:00,10.66,10.7,10.1,10.32,4299669.0,44372584.08
2006-07-19 00:00:00,10.55,10.55,9.9,10.12,948024.0,9594002.879999999
2006-07-20 00:00:00,10.56,10.56,10.3,10.41,915552.0,9530896.32
2006-07-21 00:00:00,10.4,10.61,10.08,10.12,779823.0,7891808.76
2006-07-24 00:00:00,10.12,10.12,9.77,10.0,803187.0,8031870.0
2006-07-25 00:00:00,10.15,10.54,10.15,10.43,1781307.0,18579032.009999998
2006-07-26 00:00:00,10.45,10.65,10.32,10.5,2447577.0,25699558.5
2006-07-27 00:00:00,10.71,11.18,10.66,11.1,2420649.0,26869203.9
2006-07-28 00:00:00,11.14,11.76,10.59,11.29,5353623.0,60442403.669999994
2006-07-31 00:00:00,11.46,11.81,11.21,11.31,4196709.0,47464778.79
2006-08-01 00:00:00,11.11,11.11,10.66,10.88,6075333.0,66099623.04000001
2006-08-02 00:00:00,10.91,11.01,10.67,10.94,2665674.0,29162473.56
2006-08-03 00:00:00,11.01,11.11,10.34,10.46,6779619.0,70914814.74000001
2006-08-04 00:00:00,10.46,10.75,10.05,10.15,17288469.0,175477960.35
2006-08-07 00:00:00,10.3,10.31,10.12,10.15,2867337.0,29103470.55
2006-08-08 00:00:00,10.22,10.5,10.17,10.45,2269080.0,23711886.0
2006-08-09 00:00:00,10.56,10.9,10.42,10.84,6642009.0,71999377.56
2006-08-10 00:00:00,10.9,10.96,10.66,10.82,4713390.0,50998879.800000004
2006-08-11 00:00:00,10.91,11.02,10.67,10.9,2557170.0,27873153.0
2006-08-14 00:00:00,11.01,11.14,10.86,10.94,2820213.0,30853130.22
2006-08-16 00:00:00,11.09,11.51,11.03,11.21,4009203.0,44943165.63
2006-08-17 00:00:00,11.36,11.36,10.91,11.17,4138695.0,46229223.15
2006-08-18 00:00:00,11.71,11.71,11.01,11.11,2632311.0,29244975.209999997
2006-08-21 00:00:00,10.96,11.77,10.96,11.4,4257099.0,48530928.6
2006-08-22 00:00:00,11.46,11.56,11.31,11.39,5365503.0,61113079.17
2006-08-23 00:00:00,11.41,11.51,11.11,11.15,1637658.0,18259886.7
2006-08-24 00:00:00,11.15,11.26,11.01,11.2,3970593.0,44470641.599999994
2006-08-25 00:00:00,11.36,11.67,11.31,11.56,3943368.0,45585334.080000006
2006-08-28 00:00:00,11.68,11.87,11.6,11.66,3635478.0,42389673.480000004
2006-08-29 00:00:00,11.78,12.1,11.71,12.03,6608646.0,79502011.38
2006-08-30 00:00:00,12.11,12.18,11.8,11.86,5446782.0,64598834.519999996
2006-08-31 00:00:00,11.97,11.97,11.57,11.69,2244231.0,26235060.39
2006-09-01 00:00:00,11.11,11.73,11.11,11.61,2186514.0,25385427.54
2006-09-04 00:00:00,11.77,11.86,11.64,11.71,729531.0,8542808.01
2006-09-05 00:00:00,11.79,11.99,11.74,11.8,2805462.0,33104451.6
2006-09-06 00:00:00,11.41,11.91,11.37,11.82,1624887.0,19206164.34
2006-09-07 00:00:00,11.82,11.9,11.59,11.82,1954656.0,23104033.92
2006-09-08 00:00:00,11.9,11.97,11.72,11.77,1216512.0,14318346.24
2006-09-11 00:00:00,11.8,11.85,10.98,11.11,2408076.0,26753724.36
2006-09-12 00:00:00,11.13,11.34,10.89,11.31,1527768.0,17279056.080000002
2006-09-13 00:00:00,10.73,11.56,10.73,11.35,8915247.0,101188053.45
2006-09-14 00:00:00,11.4,11.56,11.33,11.48,1603602.0,18409350.96
2006-09-15 00:00:00,11.46,11.53,11.16,11.4,2537271.0,28924889.400000002
2006-09-18 00:00:00,11.37,11.67,11.37,11.47,1526778.0,17512143.66
2006-09-19 00:00:00,11.51,11.55,11.11,11.28,1890999.0,21330468.72
2006-09-20 00:00:00,11.33,11.43,11.11,11.28,2618154.0,29532777.119999997
2006-09-21 00:00:00,11.41,11.62,11.4,11.51,4091769.0,47096261.19
2006-09-22 00:00:00,11.56,11.64,11.31,11.36,1829025.0,20777724.0
2006-09-25 00:00:00,11.41,11.51,11.12,11.19,4307193.0,48197489.669999994
2006-09-26 00:00:00,11.26,11.46,11.25,11.37,3219480.0,36605487.599999994
2006-09-27 00:00:00,11.41,11.51,11.28,11.31,2099295.0,23743026.45
2006-09-28 00:00:00,11.62,11.62,11.21,11.32,1436490.0,16261066.8
2006-09-29 00:00:00,11.36,11.75,11.36,11.65,2852883.0,33236086.95
2006-10-03 00:00:00,11.74,11.85,11.6,11.64,2129688.0,24789568.32
2006-10-04 00:00:00,11.67,11.72,11.37,11.41,1206612.0,13767442.92
2006-10-05 00:00:00,11.52,11.8,11.52,11.61,2388474.0,27730183.139999997
2006-10-06 00:00:00,11.72,11.87,11.53,11.8,2798037.0,33016836.6
2006-10-09 00:00:00,11.9,11.97,11.76,11.8,3809322.0,44949999.6
2006-10-10 00:00:00,11.62,11.97,11.37,11.66,2259972.0,26351273.52
2006-10-11 00:00:00,11.81,11.81,11.22,11.34,2870703.0,32553772.02
2006-10-12 00:00:00,11.32,12.02,11.23,11.53,1503612.0,17336646.36
2006-10-13 00:00:00,11.31,11.81,11.31,11.72,2327094.0,27273541.68
2006-10-16 00:00:00,11.72,11.87,11.72,11.75,1154538.0,13565821.5
2006-10-17 00:00:00,11.63,11.8,11.56,11.61,3016332.0,35019614.519999996
2006-10-18 00:00:00,11.32,11.81,11.32,11.73,3689532.0,43278210.36
2006-10-19 00:00:00,11.74,11.86,11.57,11.71,3453615.0,40441831.650000006
2006-10-20 00:00:00,11.92,11.96,11.67,11.76,2596374.0,30533358.24
2006-10-21 00:00:00,11.95,11.95,11.34,11.72,162558.0,1905179.76
2006-10-23 00:00:00,11.62,11.67,11.52,11.53,273042.0,3148174.26
2006-10-26 00:00:00,11.64,11.64,11.51,11.56,2287692.0,26445719.52
2006-10-27 00:00:00,11.67,11.87,11.39,11.49,3297888.0,37892733.12
2006-10-30 00:00:00,11.32,11.58,11.29,11.32,4250070.0,48110792.4
2006-10-31 00:00:00,11.41,11.5,11.18,11.21,1799325.0,20170433.25
2006-11-01 00:00:00,11.18,11.29,11.07,11.14,3339468.0,37201673.52
2006-11-02 00:00:00,11.16,11.23,11.06,11.08,2231559.0,24725673.72
2006-11-03 00:00:00,11.14,11.33,11.01,11.28,23631003.0,266557713.83999997
2006-11-06 00:00:00,11.4,11.49,11.25,11.39,3793977.0,43213398.03
2006-11-07 00:00:00,11.46,11.51,11.23,11.3,1583901.0,17898081.3
2006-11-08 00:00:00,11.29,11.35,11.06,11.15,815067.0,9087997.05
2006-11-09 00:00:00,11.26,11.36,11.19,11.28,3756852.0,42377290.559999995
2006-11-10 00:00:00,11.38,11.45,10.97,11.06,2501334.0,27664754.040000003
2006-11-13 00:00:00,11.44,11.44,11.11,11.22,3481632.0,39063911.04
2006-11-14 00:00:00,11.37,11.37,11.06,11.15,653004.0,7280994.600000001
2006-11-15 00:00:00,11.19,11.36,11.12,11.22,2645676.0,29684484.720000003
2006-11-16 00:00:00,11.25,11.49,11.17,11.25,2009898.0,22611352.5
2006-11-17 00:00:00,11.38,11.76,11.25,11.35,5085333.0,57718529.55
2006-11-20 00:00:00,11.23,11.39,10.96,11.21,2087415.0,23399922.150000002
2006-11-21 00:00:00,11.41,11.77,11.41,11.71,6643395.0,77794155.45
2006-11-22 00:00:00,11.82,11.97,11.64,11.76,7076817.0,83223367.92
2006-11-23 00:00:00,11.85,12.14,11.64,11.84,4949109.0,58597450.56
2006-11-24 00:00:00,11.92,12.09,11.8,11.87,1804374.0,21417919.38
2006-11-27 00:00:00,11.88,11.96,11.67,11.74,458667.0,5384750.58
2006-11-28 00:00:00,11.91,11.91,10.94,11.74,765072.0,8981945.28
2006-11-29 00:00:00,11.82,11.92,11.77,11.87,741807.0,8805249.09
2006-11-30 00:00:00,11.92,11.92,11.42,11.52,1122264.0,12928481.28
2006-12-01 00:00:00,11.62,12.4,11.57,12.21,4022172.0,49110720.120000005
2006-12-04 00:00:00,12.41,12.62,12.24,12.37,6233337.0,77106378.69
2006-12-05 00:00:00,12.46,12.47,12.13,12.21,1951290.0,23825250.900000002
2006-12-06 00:00:00,12.27,12.37,11.82,11.96,2039598.0,24393592.080000002
2006-12-07 00:00:00,12.02,12.59,11.82,12.54,7791894.0,97710350.75999999
2006-12-08 00:00:00,12.67,12.69,12.08,12.21,8665173.0,105801762.33000001
2006-12-11 00:00:00,12.3,12.71,11.92,12.27,15893856.0,195017613.12
2006-12-12 00:00:00,12.14,12.58,11.57,11.78,13720608.0,161628762.23999998
2006-12-13 00:00:00,11.92,12.63,11.73,12.54,6656760.0,83475770.39999999
2006-12-14 00:00:00,12.32,13.27,12.32,13.05,10746549.0,140242464.45000002
2006-12-15 00:00:00,13.18,13.4,12.9,12.96,11089881.0,143724857.76000002
2006-12-18 00:00:00,13.03,13.38,12.65,13.31,4655277.0,61961736.870000005
2006-12-19 00:00:00,13.33,13.38,12.65,12.82,8005338.0,102628433.16
2006-12-20 00:00:00,12.88,13.03,12.53,12.66,6316794.0,79970612.04
2006-12-21 00:00:00,12.56,12.87,12.27,12.68,3473118.0,44039136.24
2006-12-22 00:00:00,12.92,13.01,12.59,12.72,1847835.0,23504461.200000003
2006-12-26 00:00:00,12.73,12.97,12.65,12.84,2078802.0,26691817.68
2006-12-27 00:00:00,12.88,13.69,12.88,13.58,8678538.0,117854546.04
2006-12-28 00:00:00,13.43,13.74,13.23,13.4,2873772.0,38508544.800000004
2006-12-29 00:00:00,13.41,13.72,13.26,13.57,2604393.0,35341613.01
2007-01-02 00:00:00,13.59,13.79,13.48,13.7,3589047.0,49169943.9
2007-01-03 00:00:00,13.74,13.77,13.28,13.46,2291850.0,30848301.000000004
2007-01-04 00:00:00,13.54,13.67,13.28,13.47,2040687.0,27488053.89
2007-01-05 00:00:00,13.48,13.57,13.13,13.24,861399.0,11404922.76
2007-01-08 00:00:00,13.28,13.28,12.56,12.98,891990.0,11578030.200000001
2007-01-09 00:00:00,13.02,13.13,12.78,12.89,2531331.0,32628856.59
2007-01-10 00:00:00,13.23,13.23,12.69,12.84,1020789.0,13106930.76
2007-01-11 00:00:00,12.91,13.03,12.58,12.91,2660130.0,34342278.3
2007-01-12 00:00:00,13.13,13.51,12.99,13.3,2079000.0,27650700.0
2007-01-15 00:00:00,13.38,13.46,12.99,13.06,4453119.0,58157734.14
2007-01-16 00:00:00,13.13,13.19,12.89,12.93,2205126.0,28512279.18
2007-01-17 00:00:00,13.23,13.37,12.96,13.22,2000196.0,26442591.12
2007-01-18 00:00:00,13.27,13.48,13.03,13.16,1543707.0,20315184.12
2007-01-19 00:00:00,13.37,13.46,12.25,13.1,746262.0,9776032.2
2007-01-22 00:00:00,13.23,13.25,12.99,13.2,529749.0,6992686.8
2007-01-23 00:00:00,13.13,13.42,12.88,13.16,3078306.0,40510506.96
2007-01-24 00:00:00,13.33,14.1,13.15,13.91,6958413.0,96791524.83
2007-01-25 00:00:00,14.01,14.24,13.54,14.09,2832093.0,39904190.37
2007-01-29 00:00:00,14.13,14.43,13.93,14.12,1686564.0,23814283.68
2007-01-31 00:00:00,14.05,14.24,13.74,13.84,1030194.0,14257884.959999999
2007-02-01 00:00:00,13.85,14.04,13.66,13.77,2500245.0,34428373.65
2007-02-02 00:00:00,13.84,14.14,13.81,13.86,992178.0,13751587.08
2007-02-05 00:00:00,14.13,14.36,13.67,14.24,6561918.0,93441712.32000001
2007-02-06 00:00:00,14.25,15.7,14.11,15.23,17767926.0,270605512.98
2007-02-07 00:00:00,15.35,17.09,15.27,16.89,39075201.0,659980144.89
2007-02-08 00:00:00,16.97,17.66,16.48,16.9,14352921.0,242564364.89999998
2007-02-09 00:00:00,17.02,17.12,16.08,16.15,4051476.0,65431337.39999999
2007-02-12 00:00:00,16.31,16.32,15.59,15.83,2541825.0,40237089.75
2007-02-13 00:00:00,15.85,16.61,15.56,15.97,2898126.0,46283072.22
2007-02-14 00:00:00,16.41,16.67,15.66,16.43,5458464.0,89682563.52
2007-02-15 00:00:00,16.58,17.68,16.48,17.52,11598543.0,203206473.35999998
2007-02-19 00:00:00,17.77,18.13,16.87,17.02,4306203.0,73291575.06
2007-02-20 00:00:00,17.07,17.17,16.62,16.71,1965051.0,32836002.21
2007-02-21 00:00:00,16.78,16.91,16.38,16.46,2897532.0,47693376.72
2007-02-22 00:00:00,16.46,16.65,15.87,16.11,9300258.0,149827156.38
2007-02-23 00:00:00,16.26,16.26,15.64,15.72,4808529.0,75590075.88000001
2007-02-26 00:00:00,15.71,15.76,15.05,15.66,6688737.0,104745621.42
2007-02-27 00:00:00,15.75,16.36,15.45,16.23,4927329.0,79970549.67
2007-02-28 00:00:00,15.24,16.31,15.01,15.4,4883571.0,75206993.4
2007-03-01 00:00:00,15.55,15.86,15.26,15.62,5453613.0,85185435.06
2007-03-02 00:00:00,15.62,15.91,14.91,15.03,2481633.0,37298943.99
2007-03-05 00:00:00,14.62,14.95,14.19,14.75,2023164.0,29841669.0
2007-03-06 00:00:00,14.75,15.4,14.65,15.19,1775070.0,26963313.3
2007-03-07 00:00:00,15.35,15.51,14.39,14.61,1971288.0,28800517.68
2007-03-08 00:00:00,15.15,15.34,14.09,15.2,1235025.0,18772380.0
2007-03-09 00:00:00,15.21,15.43,14.72,15.18,2494503.0,37866555.54
2007-03-12 00:00:00,15.18,15.71,15.18,15.47,583308.0,9023774.76
2007-03-13 00:00:00,15.51,15.67,15.2,15.26,1541529.0,23523732.54
2007-03-14 00:00:00,14.9,14.95,14.59,14.7,761805.0,11198533.5
2007-03-15 00:00:00,15.04,15.22,14.55,14.63,739134.0,10813530.42
2007-03-16 00:00:00,14.65,14.82,14.16,14.26,1671021.0,23828759.46
2007-03-19 00:00:00,14.44,14.83,14.29,14.75,544005.0,8024073.75
2007-03-20 00:00:00,14.8,15.42,14.8,15.27,1362933.0,20811986.91
2007-03-21 00:00:00,15.44,15.44,15.12,15.18,3035241.0,46074958.38
2007-03-22 00:00:00,15.37,15.6,15.2,15.29,3133746.0,47914976.339999996
2007-03-23 00:00:00,15.31,15.89,15.25,15.63,4192056.0,65521835.28
2007-03-26 00:00:00,15.81,15.86,15.3,15.32,1611819.0,24693067.080000002
2007-03-28 00:00:00,15.17,15.35,15.01,15.1,750519.0,11332836.9
2007-03-29 00:00:00,14.91,15.35,14.8,14.93,1218789.0,18196519.77
2007-03-30 00:00:00,15.0,15.3,14.62,15.16,2014155.0,30534589.8
2007-04-02 00:00:00,14.93,14.93,14.49,14.71,914067.0,13445925.57
2007-04-03 00:00:00,14.6,15.44,14.6,15.29,1095930.0,16756769.7
2007-04-04 00:00:00,15.66,16.13,15.35,15.97,2767941.0,44204017.77
2007-04-05 00:00:00,16.03,16.87,15.91,16.66,8703585.0,145001726.1
2007-04-09 00:00:00,16.81,17.68,16.79,17.37,6210468.0,107875829.16000001
2007-04-10 00:00:00,17.67,17.67,16.72,16.95,9900594.0,167815068.29999998
2007-04-11 00:00:00,17.05,17.37,16.68,16.76,5335902.0,89429717.52000001
2007-04-12 00:00:00,16.64,16.8,16.52,16.6,2531034.0,42015164.400000006
2007-04-13 00:00:00,16.57,17.18,16.52,17.05,1579842.0,26936306.1
2007-04-16 00:00:00,17.17,17.92,17.17,17.82,4266009.0,76020280.38
2007-04-17 00:00:00,18.03,18.13,16.77,16.88,5727150.0,96674292.0
2007-04-18 00:00:00,17.07,17.47,16.79,17.11,11457171.0,196032195.81
2007-04-19 00:00:00,16.82,17.6,16.49,17.51,5352435.0,93721136.85000001
2007-04-20 00:00:00,17.63,17.78,17.23,17.34,3370257.0,58440256.38
2007-04-23 00:00:00,17.54,17.58,16.97,17.05,1707057.0,29105321.85
2007-04-24 00:00:00,16.98,17.12,16.61,16.65,4938021.0,82218049.64999999
2007-04-25 00:00:00,16.67,17.02,16.61,16.74,4869711.0,81518962.13999999
2007-04-26 00:00:00,16.96,17.02,16.66,16.77,1951191.0,32721473.07
2007-04-27 00:00:00,16.82,17.25,16.77,17.08,2695077.0,46031915.16
2007-04-30 00:00:00,16.58,17.47,15.45,17.34,2875455.0,49860389.7
2007-05-03 00:00:00,17.66,17.82,17.38,17.6,4968513.0,87445828.80000001
2007-05-04 00:00:00,17.64,17.78,17.32,17.38,1463715.0,25439366.7
2007-05-07 00:00:00,17.65,17.65,17.07,17.11,1741311.0,29793831.209999997
2007-05-08 00:00:00,17.17,17.32,16.89,16.93,1520442.0,25741083.06
2007-05-09 00:00:00,16.93,16.96,16.55,16.69,2201760.0,36747374.400000006
2007-05-10 00:00:00,16.9,17.01,16.38,16.45,1989405.0,32725712.25
2007-05-11 00:00:00,16.36,16.97,16.18,16.7,2340954.0,39093931.8
2007-05-14 00:00:00,17.05,17.07,16.67,16.71,751410.0,12556061.100000001
2007-05-15 00:00:00,16.8,16.9,16.57,16.7,924561.0,15440168.7
2007-05-16 00:00:00,16.74,17.15,16.63,17.0,3144042.0,53448714.0
2007-05-17 00:00:00,17.16,17.22,16.84,16.88,4715172.0,79592103.36
2007-05-18 00:00:00,16.89,17.02,16.69,16.86,1573209.0,26524303.74
2007-05-21 00:00:00,16.97,17.32,16.79,17.08,2312739.0,39501582.12
2007-05-22 00:00:00,17.17,17.37,16.92,17.22,4043952.0,69636853.44
2007-05-23 00:00:00,17.27,17.64,17.07,17.21,6940791.0,119451013.11
2007-05-24 00:00:00,17.18,17.37,17.02,17.08,1504008.0,25688456.639999997
2007-05-25 00:00:00,16.93,17.27,16.78,17.11,1669041.0,28557291.509999998
2007-05-28 00:00:00,17.35,17.69,17.19,17.56,3361941.0,59035683.95999999
2007-05-29 00:00:00,17.66,17.78,17.42,17.56,2212155.0,38845441.8
2007-05-30 00:00:00,17.54,18.58,17.47,18.33,11611116.0,212831756.27999997
2007-05-31 00:00:00,18.38,18.74,18.12,18.24,8680122.0,158325425.28
2007-06-01 00:00:00,18.58,19.24,18.32,19.11,10951776.0,209288439.35999998
2007-06-04 00:00:00,19.24,19.39,18.44,18.49,2804868.0,51862009.31999999
2007-06-05 00:00:00,18.46,18.89,18.43,18.59,2155527.0,40071246.93
2007-06-06 00:00:00,18.91,19.58,18.06,18.15,1637856.0,29727086.4
2007-06-07 00:00:00,18.47,18.47,17.85,18.08,2577168.0,46595197.44
2007-06-08 00:00:00,18.06,18.65,17.83,18.23,1471140.0,26818882.2
2007-06-11 00:00:00,18.45,18.69,18.24,18.55,1982673.0,36778584.15
2007-06-12 00:00:00,18.69,19.03,17.98,18.3,8026821.0,146890824.3
2007-06-13 00:00:00,18.29,18.57,17.99,18.11,2697552.0,48852666.72
2007-06-14 00:00:00,18.27,18.48,18.16,18.33,1850211.0,33914367.629999995
2007-06-15 00:00:00,18.64,18.64,18.23,18.31,1527075.0,27960743.249999996
2007-06-18 00:00:00,18.38,18.53,18.23,18.29,993465.0,18170474.849999998
2007-06-19 00:00:00,18.3,18.43,18.11,18.28,1145430.0,20938460.400000002
2007-06-20 00:00:00,18.42,18.79,18.32,18.65,2531628.0,47214862.199999996
2007-06-21 00:00:00,18.85,19.03,18.67,18.82,4417875.0,83144407.5
2007-06-22 00:00:00,18.89,19.29,18.89,19.02,5898717.0,112193597.34
2007-06-25 00:00:00,19.06,19.11,18.79,19.05,3844269.0,73233324.45
2007-06-26 00:00:00,19.09,19.21,18.84,18.92,1962081.0,37122572.52
2007-06-27 00:00:00,18.93,19.07,18.55,18.59,1203741.0,22377545.19
2007-06-28 00:00:00,18.89,18.89,18.29,18.42,1264824.0,23298058.080000002
2007-06-29 00:00:00,18.48,18.74,18.43,18.48,2148201.0,39698754.480000004
2007-07-02 00:00:00,18.59,19.49,18.59,19.24,4719528.0,90803718.72
2007-07-03 00:00:00,19.42,19.69,19.19,19.26,2007126.0,38657246.760000005
2007-07-04 00:00:00,19.55,19.55,18.99,19.17,717948.0,13763063.160000002
2007-07-05 00:00:00,19.22,19.29,18.67,18.96,2305512.0,43712507.52
2007-07-06 00:00:00,19.07,19.24,18.69,18.75,3080682.0,57762787.5
2007-07-09 00:00:00,18.8,18.94,18.61,18.67,1224036.0,22852752.12
2007-07-10 00:00:00,18.69,18.84,18.29,18.34,2301552.0,42210463.68
2007-07-11 00:00:00,18.24,18.54,18.08,18.24,12598047.0,229788377.27999997
2007-07-12 00:00:00,18.34,18.53,18.23,18.28,4463415.0,81591226.2
2007-07-13 00:00:00,18.51,18.53,18.33,18.38,24998985.0,459481344.29999995
2007-07-16 00:00:00,18.48,18.84,18.32,18.58,1447677.0,26897838.659999996
2007-07-17 00:00:00,18.63,18.89,18.37,18.44,1769922.0,32637361.680000003
2007-07-18 00:00:00,18.54,18.54,17.98,18.19,558954.0,10167373.260000002
2007-07-19 00:00:00,18.33,18.38,18.18,18.28,488070.0,8921919.6
2007-07-20 00:00:00,18.43,18.56,18.27,18.34,2223441.0,40777907.94
2007-07-23 00:00:00,18.33,18.84,18.3,18.81,1995444.0,37534301.64
2007-07-24 00:00:00,18.94,19.16,18.49,18.57,3160872.0,58697393.04
2007-07-25 00:00:00,18.43,18.8,18.33,18.52,1320165.0,24449455.8
2007-07-26 00:00:00,18.75,18.75,18.23,18.36,629838.0,11563825.68
2007-07-27 00:00:00,18.03,18.18,17.37,17.52,2626074.0,46008816.48
2007-07-30 00:00:00,17.27,17.71,16.97,17.34,2898918.0,50267238.12
2007-07-31 00:00:00,17.6,18.01,17.27,17.88,2260269.0,40413609.72
2007-08-01 00:00:00,17.27,17.27,16.39,16.5,3226311.0,53234131.5
2007-08-02 00:00:00,16.72,16.77,16.41,16.54,1775466.0,29366207.639999997
2007-08-03 00:00:00,16.62,17.01,16.62,16.8,1761012.0,29585001.6
2007-08-06 00:00:00,16.67,17.37,16.26,17.14,1328679.0,22773558.060000002
2007-08-07 00:00:00,17.27,17.42,16.89,16.98,1113057.0,18899707.86
2007-08-08 00:00:00,17.07,17.31,16.99,17.02,534204.0,9092152.08
2007-08-09 00:00:00,17.17,17.32,16.59,16.66,1097217.0,18279635.22
2007-08-10 00:00:00,15.91,16.92,15.77,16.88,1141371.0,19266342.48
2007-08-13 00:00:00,17.03,17.08,16.69,16.84,704484.0,11863510.56
2007-08-14 00:00:00,16.87,16.97,16.8,16.92,128601.0,2175928.9200000004
2007-08-16 00:00:00,16.16,16.92,16.16,16.43,1109790.0,18233849.7
2007-08-17 00:00:00,16.12,16.77,16.12,16.45,1376793.0,22648244.849999998
2007-08-20 00:00:00,16.58,16.91,16.52,16.74,417186.0,6983693.64
2007-08-21 00:00:00,16.88,16.88,16.31,16.36,334323.0,5469524.28
2007-08-22 00:00:00,16.4,16.57,16.24,16.37,1113156.0,18222363.720000003
2007-08-23 00:00:00,16.91,16.97,16.46,16.53,473814.0,7832145.420000001
2007-08-24 00:00:00,16.52,16.85,16.52,16.7,1156617.0,19315503.9
2007-08-27 00:00:00,17.07,17.21,16.82,17.13,981783.0,16817942.79
2007-08-28 00:00:00,17.17,17.38,17.08,17.3,697653.0,12069396.9
2007-08-29 00:00:00,16.68,17.65,16.68,17.25,1386495.0,23917038.75
2007-08-30 00:00:00,17.43,17.47,16.73,16.79,1137708.0,19102117.32
2007-08-31 00:00:00,16.83,17.27,16.77,17.14,630927.0,10814088.780000001
2007-09-03 00:00:00,17.25,17.75,17.14,17.69,1548657.0,27395742.330000002
2007-09-04 00:00:00,17.74,18.07,17.74,17.88,2029203.0,36282149.64
2007-09-05 00:00:00,17.83,18.04,17.48,17.67,851499.0,15045987.330000002
2007-09-06 00:00:00,17.67,17.76,17.4,17.48,602613.0,10533675.24
2007-09-07 00:00:00,17.47,17.63,17.29,17.38,855459.0,14867877.42
2007-09-10 00:00:00,17.27,17.84,17.17,17.73,798633.0,14159763.09
2007-09-11 00:00:00,17.78,17.93,17.58,17.7,990198.0,17526504.599999998
2007-09-12 00:00:00,18.03,18.33,17.68,17.71,308286.0,5459745.0600000005
2007-09-13 00:00:00,17.78,18.08,17.74,17.78,2094543.0,37240974.54
2007-09-14 00:00:00,17.9,17.95,17.53,17.59,274329.0,4825447.11
2007-09-17 00:00:00,17.76,17.88,17.59,17.81,460548.0,8202359.879999999
2007-09-18 00:00:00,17.87,18.54,17.74,18.43,1284525.0,23673795.75
2007-09-19 00:00:00,18.77,18.91,18.33,18.4,698049.0,12844101.6
2007-09-20 00:00:00,18.48,18.74,18.28,18.29,1218195.0,22280786.55
2007-09-21 00:00:00,18.3,18.52,18.21,18.31,3460050.0,63353515.49999999
2007-09-24 00:00:00,18.37,18.43,18.03,18.34,3440349.0,63096000.66
2007-09-25 00:00:00,18.43,18.43,18.03,18.22,1196019.0,21791466.18
2007-09-26 00:00:00,18.19,18.43,18.08,18.27,854766.0,15616574.82
2007-09-27 00:00:00,18.33,18.76,18.23,18.47,1387881.0,25634162.069999997
2007-09-28 00:00:00,18.63,18.64,18.33,18.59,982575.0,18266069.25
2007-10-01 00:00:00,18.57,18.6,18.37,18.48,964557.0,17825013.36
2007-10-03 00:00:00,18.54,18.82,18.13,18.48,1977129.0,36537343.92
2007-10-04 00:00:00,18.54,19.24,18.38,19.12,999009.0,19101052.080000002
2007-10-05 00:00:00,19.39,20.1,18.89,19.27,2330757.0,44913687.39
2007-10-08 00:00:00,19.35,19.38,17.98,18.09,825462.0,14932607.58
2007-10-09 00:00:00,17.87,18.43,17.87,18.34,576477.0,10572588.18
2007-10-10 00:00:00,18.28,18.94,18.21,18.69,1406988.0,26296605.720000003
2007-10-11 00:00:00,18.94,19.38,18.43,19.28,2946042.0,56799689.760000005
2007-10-12 00:00:00,19.19,19.55,18.89,19.14,933273.0,17862845.22
2007-10-15 00:00:00,19.69,19.69,19.29,19.51,697455.0,13607347.05
2007-10-16 00:00:00,19.49,19.8,18.89,19.09,1360062.0,25963583.58
2007-10-17 00:00:00,17.76,18.74,17.17,18.33,1255716.0,23017274.279999997
2007-10-18 00:00:00,19.19,19.38,17.78,18.29,2323233.0,42491931.57
2007-10-19 00:00:00,17.93,18.18,17.68,17.9,638748.0,11433589.2
2007-10-22 00:00:00,16.77,18.43,16.77,18.17,5116122.0,92959936.74000001
2007-10-23 00:00:00,18.43,18.86,18.43,18.63,281259.0,5239855.17
2007-10-24 00:00:00,19.14,19.14,18.65,18.99,298089.0,5660710.109999999
2007-10-25 00:00:00,19.18,20.2,18.89,20.01,959211.0,19193812.110000003
2007-10-26 00:00:00,20.21,22.02,19.95,20.2,5830902.0,117784220.39999999
2007-10-29 00:00:00,20.4,20.4,19.05,19.22,3322242.0,63853491.239999995
2007-10-30 00:00:00,19.19,19.69,18.33,18.5,7921485.0,146547472.5
2007-10-31 00:00:00,18.69,18.9,18.33,18.44,5829417.0,107494449.48
2007-11-01 00:00:00,18.87,18.87,18.08,18.56,2156022.0,40015768.32
2007-11-02 00:00:00,18.29,18.84,18.08,18.74,5618052.0,105282294.47999999
2007-11-05 00:00:00,18.28,19.54,18.28,19.12,2085435.0,39873517.2
2007-11-06 00:00:00,19.22,19.26,18.69,19.06,743193.0,14165258.579999998
2007-11-07 00:00:00,19.39,20.1,18.45,19.0,548658.0,10424502.0
2007-11-08 00:00:00,18.6,18.99,18.54,18.67,190674.0,3559883.5800000005
2007-11-09 00:00:00,19.0,19.0,18.52,18.74,28809.0,539880.6599999999
2007-11-12 00:00:00,18.88,18.88,18.01,18.42,327492.0,6032402.640000001
2007-11-13 00:00:00,18.79,20.2,18.38,19.73,3280761.0,64729414.53
2007-11-14 00:00:00,19.95,20.39,19.44,19.64,3741903.0,73490974.92
2007-11-15 00:00:00,19.7,19.85,18.99,19.1,1224531.0,23388542.1
2007-11-16 00:00:00,18.99,19.86,18.99,19.21,1581327.0,30377291.67
2007-11-19 00:00:00,19.7,19.7,19.3,19.55,474012.0,9266934.6
2007-11-20 00:00:00,19.43,19.6,19.14,19.34,937629.0,18133744.86
2007-11-21 00:00:00,19.59,19.59,18.39,18.63,241857.0,4505795.91
2007-11-22 00:00:00,18.43,18.79,18.08,18.28,2884464.0,52728001.92
2007-11-23 00:00:00,18.23,18.79,18.23,18.37,116721.0,2144164.77
2007-11-26 00:00:00,18.95,18.95,18.21,18.38,439065.0,8070014.699999999
2007-11-27 00:00:00,18.68,18.69,18.1,18.24,119493.0,2179552.32
2007-11-28 00:00:00,18.38,18.48,18.08,18.18,1218690.0,22155784.2
2007-11-29 00:00:00,18.28,18.58,18.08,18.18,669240.0,12166783.2
2007-11-30 00:00:00,17.68,18.38,17.68,18.17,428769.0,7790732.73
2007-12-03 00:00:00,18.28,18.89,18.23,18.63,242847.0,4524239.609999999
2007-12-04 00:00:00,18.85,19.04,18.59,18.64,658548.0,12275334.72
2007-12-05 00:00:00,18.64,19.19,18.59,18.73,444114.0,8318255.22
2007-12-06 00:00:00,18.89,18.99,18.64,18.69,2478564.0,46324361.160000004
2007-12-07 00:00:00,18.7,18.89,18.08,18.82,268983.0,5062260.0600000005
2007-12-10 00:00:00,18.7,18.91,18.48,18.7,385902.0,7216367.399999999
2007-12-11 00:00:00,18.97,18.98,18.48,18.57,210177.0,3902986.89
2007-12-12 00:00:00,18.64,18.87,18.43,18.58,4877730.0,90628223.39999999
2007-12-13 00:00:00,18.86,18.89,18.43,18.54,240768.0,4463838.72
2007-12-14 00:00:00,18.78,18.79,18.41,18.59,11976822.0,222649120.98
2007-12-17 00:00:00,18.48,18.94,17.83,18.02,340065.0,6127971.3
2007-12-18 00:00:00,18.63,18.64,17.83,18.51,203049.0,3758436.99
2007-12-19 00:00:00,18.86,19.19,18.13,18.28,188001.0,3436658.2800000003
2007-12-20 00:00:00,18.18,19.08,18.18,18.49,685872.0,12681773.28
2007-12-24 00:00:00,18.69,18.96,18.59,18.63,155034.0,2888283.42
2007-12-26 00:00:00,18.65,19.55,18.65,19.36,713097.0,13805557.92
2007-12-27 00:00:00,19.69,20.1,19.49,19.96,1651815.0,32970227.400000002
2007-12-28 00:00:00,19.95,21.36,19.95,21.18,1639341.0,34721242.38
2007-12-31 00:00:00,21.29,21.72,20.76,21.23,1015344.0,21555753.12
2008-01-01 00:00:00,21.31,21.52,21.06,21.43,1211166.0,25955287.38
2008-01-02 00:00:00,21.52,21.92,21.26,21.44,508266.0,10897223.040000001
2008-01-03 00:00:00,20.86,21.72,20.21,20.86,210573.0,4392552.78
2008-01-04 00:00:00,21.51,21.51,20.61,20.69,393921.0,8150225.49
2008-01-07 00:00:00,20.78,21.18,20.41,20.58,286803.0,5902405.739999999
2008-01-08 00:00:00,20.56,21.2,20.1,20.26,2785761.0,56439517.86000001
2008-01-09 00:00:00,20.26,20.4,19.8,19.86,243639.0,4838670.54
2008-01-10 00:00:00,20.09,20.09,18.94,19.28,212157.0,4090386.9600000004
2008-01-11 00:00:00,19.36,19.36,18.59,18.82,585288.0,11015120.16
2008-01-14 00:00:00,18.99,19.19,18.74,19.08,712998.0,13604001.839999998
2008-01-15 00:00:00,19.19,19.44,18.79,18.91,120681.0,2282077.71
2008-01-16 00:00:00,18.86,20.0,18.59,19.1,1970397.0,37634582.7
2008-01-17 00:00:00,19.29,19.29,18.89,18.98,515988.0,9793452.24
2008-01-18 00:00:00,18.74,19.16,18.18,18.4,116820.0,2149488.0
2008-01-21 00:00:00,17.19,18.38,17.19,17.73,695673.0,12334282.290000001
2008-01-22 00:00:00,17.77,18.69,14.65,15.96,1032174.0,16473497.040000001
2008-01-23 00:00:00,17.68,18.64,16.16,18.08,176616.0,3193217.28
2008-01-24 00:00:00,18.99,18.99,16.87,17.9,420354.0,7524336.6
2008-01-25 00:00:00,17.28,19.46,17.28,19.02,788733.0,15001701.66
2008-01-28 00:00:00,15.87,17.7,15.81,17.21,874071.0,15042761.91
2008-01-29 00:00:00,17.27,17.68,16.32,16.45,353628.0,5817180.6
2008-01-30 00:00:00,16.67,16.67,15.56,16.3,2091474.0,34091026.2
2008-01-31 00:00:00,16.31,16.31,15.26,15.75,396297.0,6241677.75
2008-02-01 00:00:00,15.86,16.15,15.35,15.69,170676.0,2677906.44
2008-02-04 00:00:00,16.24,16.57,15.85,16.29,36831960.0,599992628.4
2008-02-05 00:00:00,16.15,16.17,15.68,15.78,12143241.0,191620342.98
2008-02-06 00:00:00,15.56,15.66,15.11,15.37,3963069.0,60912370.529999994
2008-02-07 00:00:00,15.24,15.4,14.43,14.59,8892081.0,129735461.78999999
2008-02-08 00:00:00,14.59,14.59,13.89,14.11,310662.0,4383440.819999999
2008-02-11 00:00:00,13.84,14.7,13.13,14.4,753192.0,10845964.8
2008-02-12 00:00:00,14.65,14.65,13.94,14.2,216810.0,3078702.0
2008-02-13 00:00:00,14.16,14.54,13.64,14.42,305811.0,4409794.62
2008-02-14 00:00:00,15.03,15.31,14.52,15.1,556974.0,8410307.4
2008-02-15 00:00:00,14.7,15.2,14.65,15.07,1485396.0,22384917.72
2008-02-18 00:00:00,15.15,15.54,15.07,15.15,938223.0,14214078.450000001
2008-02-19 00:00:00,15.4,15.4,14.87,14.97,281952.0,4220821.44
2008-02-20 00:00:00,15.06,15.06,14.7,14.77,5169186.0,76348877.22
2008-02-21 00:00:00,15.3,15.3,14.24,14.33,329175.0,4717077.75
2008-02-22 00:00:00,14.24,14.84,14.04,14.71,146322.0,2152396.62
2008-02-25 00:00:00,15.14,15.14,14.39,14.47,624987.0,9043561.89
2008-02-26 00:00:00,15.05,15.05,14.44,14.6,1381050.0,20163330.0
2008-02-27 00:00:00,14.94,14.95,14.55,14.6,310365.0,4531329.0
2008-02-28 00:00:00,14.46,15.03,14.29,14.63,143748.0,2103033.24
2008-02-29 00:00:00,14.95,15.16,14.15,14.69,1516581.0,22278574.89
2008-03-03 00:00:00,14.63,14.65,13.59,13.87,497970.0,6906843.899999999
2008-03-04 00:00:00,14.18,14.18,13.38,13.45,183744.0,2471356.8
2008-03-05 00:00:00,13.66,13.69,13.39,13.5,341649.0,4612261.5
2008-03-07 00:00:00,13.48,13.64,12.72,13.12,563706.0,7395822.72
2008-03-10 00:00:00,13.44,13.63,13.05,13.36,5756553.0,76907548.08
2008-03-11 00:00:00,13.5,13.94,13.13,13.15,2872485.0,37773177.75
2008-03-12 00:00:00,13.64,13.74,13.5,13.62,399069.0,5435319.779999999
2008-03-13 00:00:00,13.62,13.64,12.69,12.97,532125.0,6901661.25
2008-03-14 00:00:00,12.75,13.01,12.65,12.78,5305509.0,67804405.02
2008-03-17 00:00:00,12.22,13.15,12.22,12.47,587268.0,7323231.96
2008-03-18 00:00:00,12.22,13.01,12.22,12.46,5522715.0,68813028.9
2008-03-19 00:00:00,13.05,13.05,11.72,12.12,3551625.0,43045695.0
2008-03-24 00:00:00,11.77,12.34,11.77,11.89,220968.0,2627309.52
2008-03-25 00:00:00,12.35,12.42,11.95,12.06,367884.0,4436681.04
2008-03-26 00:00:00,12.13,12.42,11.77,11.87,5495787.0,65234991.69
2008-03-27 00:00:00,11.99,12.08,11.13,11.27,6392826.0,72047149.02
2008-03-28 00:00:00,11.48,11.48,11.11,11.16,14781393.0,164960345.88
2008-03-31 00:00:00,11.31,11.6,10.51,10.68,3016926.0,32220769.68
2008-04-01 00:00:00,11.35,11.45,10.68,11.13,914463.0,10177973.190000001
2008-04-02 00:00:00,11.41,11.72,11.01,11.11,6104241.0,67818117.50999999
2008-04-03 00:00:00,11.08,11.57,10.9,11.44,31052142.0,355236504.47999996
2008-04-04 00:00:00,11.36,12.01,11.36,11.9,11537757.0,137299308.3
2008-04-07 00:00:00,12.1,12.11,11.83,11.94,4384413.0,52349891.22
2008-04-08 00:00:00,11.97,12.08,11.57,11.77,742005.0,8733398.85
2008-04-09 00:00:00,11.74,11.86,11.47,11.65,7634187.0,88938278.55
2008-04-10 00:00:00,11.54,11.84,11.46,11.72,11808324.0,138393557.28
2008-04-11 00:00:00,11.93,12.12,11.72,11.84,8671806.0,102674183.03999999
2008-04-15 00:00:00,11.57,11.92,11.57,11.77,2334816.0,27480784.32
2008-04-16 00:00:00,12.0,12.46,11.92,12.05,20721492.0,249693978.60000002
2008-04-17 00:00:00,12.38,12.38,12.02,12.21,10580427.0,129187013.67
2008-04-21 00:00:00,12.32,12.68,12.22,12.5,964359.0,12054487.5
2008-04-22 00:00:00,12.63,12.78,12.32,12.45,693198.0,8630315.1
2008-04-23 00:00:00,12.58,12.63,12.42,12.46,182754.0,2277114.8400000003
2008-04-24 00:00:00,12.62,12.62,12.03,12.19,528858.0,6446779.02
2008-04-25 00:00:00,12.32,12.47,12.02,12.2,1372041.0,16738900.2
2008-04-28 00:00:00,12.57,13.23,12.57,13.1,4199184.0,55009310.4
2008-04-29 00:00:00,13.22,13.63,13.13,13.53,4731903.0,64022647.589999996
2008-04-30 00:00:00,13.62,13.74,13.13,13.5,1385703.0,18706990.5
2008-05-02 00:00:00,13.71,13.85,13.14,13.26,1692702.0,22445228.52
2008-05-05 00:00:00,13.54,13.54,13.08,13.13,391545.0,5140985.850000001
2008-05-06 00:00:00,13.13,13.42,13.03,13.23,973170.0,12875039.1
2008-05-07 00:00:00,13.15,13.38,12.13,12.42,2927331.0,36357451.02
2008-05-08 00:00:00,12.12,12.47,12.12,12.36,532620.0,6583183.199999999
2008-05-09 00:00:00,12.12,12.63,12.12,12.37,370854.0,4587463.9799999995
2008-05-12 00:00:00,12.05,12.53,12.05,12.37,425799.0,5267133.63
2008-05-13 00:00:00,12.61,12.61,12.42,12.48,402237.0,5019917.76
2008-05-14 00:00:00,12.47,12.88,12.23,12.72,2826450.0,35952444.0
2008-05-15 00:00:00,12.93,13.11,12.68,12.78,493119.0,6302060.819999999
2008-05-16 00:00:00,12.83,12.88,12.68,12.78,816354.0,10433004.12
2008-05-20 00:00:00,12.73,12.88,12.58,12.76,1424313.0,18174233.88
2008-05-21 00:00:00,12.65,12.82,12.58,12.69,1070586.0,13585736.34
2008-05-22 00:00:00,12.63,12.93,12.42,12.55,1683792.0,21131589.6
2008-05-23 00:00:00,12.63,12.67,12.42,12.53,1050984.0,13168829.52
2008-05-26 00:00:00,12.27,12.42,11.84,11.96,468963.0,5608797.48
2008-05-27 00:00:00,11.64,12.01,11.52,11.7,1194534.0,13976047.799999999
2008-05-28 00:00:00,11.74,11.74,10.86,11.46,4931289.0,56512571.940000005
2008-05-29 00:00:00,11.61,11.87,11.37,11.66,3956337.0,46130889.42
2008-05-30 00:00:00,11.88,12.13,11.25,11.77,1619937.0,19066658.49
2008-06-02 00:00:00,11.87,12.08,11.42,11.58,235422.0,2726186.7600000002
2008-06-03 00:00:00,11.16,11.73,10.94,11.69,548460.0,6411497.399999999
2008-06-04 00:00:00,11.62,11.62,11.29,11.55,1240074.0,14322854.700000001
2008-06-05 00:00:00,11.57,11.71,11.31,11.67,315414.0,3680881.38
2008-06-06 00:00:00,11.61,11.72,11.47,11.52,108801.0,1253387.52
2008-06-09 00:00:00,11.37,11.67,10.91,11.13,336303.0,3743052.39
2008-06-10 00:00:00,11.29,11.29,10.96,11.06,198693.0,2197544.58
2008-06-11 00:00:00,11.11,11.42,11.01,11.08,267993.0,2969362.44
2008-06-12 00:00:00,10.73,11.36,10.73,11.1,1764081.0,19581299.099999998
2008-06-13 00:00:00,11.11,11.66,11.01,11.55,1067220.0,12326391.0
2008-06-16 00:00:00,11.92,11.92,11.48,11.72,1773684.0,20787576.48
2008-06-17 00:00:00,11.82,12.07,11.41,11.89,3472920.0,41293018.800000004
2008-06-18 00:00:00,12.01,12.22,11.92,12.15,352836.0,4286957.4
2008-06-19 00:00:00,11.9,12.42,11.62,11.86,1079991.0,12808693.26
2008-06-20 00:00:00,11.92,12.07,11.26,11.43,632808.0,7232995.4399999995
2008-06-23 00:00:00,11.2,11.52,11.01,11.23,4344318.0,48786691.14
2008-06-24 00:00:00,10.52,11.48,10.52,10.7,2810511.0,30072467.7
2008-06-25 00:00:00,10.3,10.91,10.3,10.84,1011681.0,10966622.04
2008-06-26 00:00:00,10.96,11.13,10.51,10.79,636174.0,6864317.459999999
2008-06-27 00:00:00,10.49,10.71,10.35,10.39,182358.0,1894699.62
2008-06-30 00:00:00,10.45,10.51,10.2,10.25,695277.0,7126589.25
2008-07-01 00:00:00,10.25,10.3,9.6,9.7,730422.0,7085093.399999999
2008-07-02 00:00:00,9.88,10.22,9.65,10.12,667161.0,6751669.319999999
2008-07-03 00:00:00,10.1,10.1,9.71,10.09,523710.0,5284233.9
2008-07-04 00:00:00,9.99,10.15,9.9,10.08,2860605.0,28834898.4
2008-07-07 00:00:00,9.98,10.3,9.8,9.87,3616569.0,35695536.029999994
2008-07-08 00:00:00,9.71,10.48,9.71,10.35,11351043.0,117483295.05
2008-07-09 00:00:00,10.4,11.31,10.4,11.11,3142953.0,34918207.83
2008-07-10 00:00:00,11.2,11.41,10.77,10.9,1290069.0,14061752.1
2008-07-11 00:00:00,10.96,11.26,10.25,10.47,1038114.0,10869053.58
2008-07-14 00:00:00,10.36,10.86,10.28,10.63,575487.0,6117426.8100000005
2008-07-15 00:00:00,10.26,10.55,9.86,10.17,678051.0,6895778.67
2008-07-16 00:00:00,10.16,10.3,10.01,10.21,414810.0,4235210.100000001
2008-07-17 00:00:00,10.31,10.52,10.11,10.41,225621.0,2348714.61
2008-07-18 00:00:00,10.4,10.71,10.4,10.63,637560.0,6777262.800000001
2008-07-21 00:00:00,10.68,10.78,10.31,10.36,944955.0,9789733.799999999
2008-07-22 00:00:00,10.68,10.99,10.4,10.78,4911093.0,52941582.54
2008-07-23 00:00:00,11.11,11.62,11.11,11.47,1264428.0,14502989.16
2008-07-24 00:00:00,11.8,12.12,11.46,11.74,815562.0,9574697.88
2008-07-25 00:00:00,11.32,11.72,11.32,11.65,239580.0,2791107.0
2008-07-28 00:00:00,11.8,12.02,11.64,11.79,414414.0,4885941.06
2008-07-29 00:00:00,11.72,11.77,9.75,9.87,3767346.0,37183705.019999996
2008-07-30 00:00:00,10.19,10.3,9.95,10.0,6164532.0,61645320.0
2008-07-31 00:00:00,10.2,10.22,9.8,9.83,2115234.0,20792750.22
2008-08-01 00:00:00,9.84,9.95,9.75,9.81,5289669.0,51891652.89
2008-08-04 00:00:00,9.8,9.85,9.69,9.79,3690225.0,36127302.75
2008-08-05 00:00:00,9.7,9.95,8.06,9.79,4469355.0,43754985.449999996
2008-08-06 00:00:00,9.9,10.06,9.8,9.88,5971878.0,59002154.64000001
2008-08-07 00:00:00,9.85,9.96,9.8,9.9,877239.0,8684666.1
2008-08-08 00:00:00,9.91,10.08,9.78,9.82,5025735.0,49352717.7
2008-08-11 00:00:00,9.99,10.1,9.8,9.82,1712601.0,16817741.82
2008-08-12 00:00:00,9.85,10.0,9.76,9.8,4355208.0,42681038.400000006
2008-08-13 00:00:00,9.7,9.94,9.62,9.88,847341.0,8371729.080000001
2008-08-14 00:00:00,9.78,9.89,9.7,9.77,3452922.0,33735047.94
2008-08-18 00:00:00,9.85,9.85,9.63,9.68,529650.0,5127012.0
2008-08-19 00:00:00,9.6,9.7,9.45,9.51,499158.0,4746992.58
2008-08-20 00:00:00,9.6,9.6,9.45,9.51,374517.0,3561656.67
2008-08-21 00:00:00,9.55,9.56,9.39,9.45,431838.0,4080869.0999999996
2008-08-22 00:00:00,9.34,9.52,9.34,9.44,247500.0,2336400.0
2008-08-25 00:00:00,9.57,9.7,9.41,9.52,320859.0,3054577.6799999997
2008-08-26 00:00:00,9.39,9.57,9.39,9.43,195921.0,1847535.03
2008-08-27 00:00:00,9.43,9.51,9.34,9.39,250866.0,2355631.74
2008-08-28 00:00:00,9.29,9.57,9.09,9.14,461142.0,4214837.88
2008-08-29 00:00:00,9.24,9.37,9.24,9.35,217008.0,2029024.7999999998
2008-09-01 00:00:00,9.29,9.36,9.21,9.3,80586.0,749449.8
2008-09-02 00:00:00,9.37,9.64,9.34,9.53,468963.0,4469217.39
2008-09-04 00:00:00,9.53,9.65,9.45,9.49,6688044.0,63469537.56
2008-09-05 00:00:00,9.45,9.6,9.41,9.53,520641.0,4961708.7299999995
2008-09-08 00:00:00,10.05,10.09,9.78,9.81,1439955.0,14125958.55
2008-09-09 00:00:00,9.8,9.87,9.7,9.77,482922.0,4718147.9399999995
2008-09-10 00:00:00,9.78,9.78,9.65,9.66,528957.0,5109724.62
2008-09-11 00:00:00,9.62,9.66,9.42,9.47,283635.0,2686023.45
2008-09-12 00:00:00,9.49,9.58,9.31,9.43,1151271.0,10856485.53
2008-09-15 00:00:00,9.31,9.31,8.85,9.03,1636668.0,14779112.04
2008-09-16 00:00:00,8.65,9.04,8.65,8.93,1587168.0,14173410.24
2008-09-17 00:00:00,8.72,8.98,8.72,8.89,414810.0,3687660.9000000004
2008-09-18 00:00:00,8.6,8.94,8.59,8.83,320859.0,2833184.97
2008-09-19 00:00:00,9.02,9.14,8.9,9.04,539649.0,4878426.96
2008-09-22 00:00:00,9.05,9.26,8.84,8.91,245025.0,2183172.75
2008-09-23 00:00:00,8.96,8.99,8.79,8.81,577764.0,5090100.84
2008-09-24 00:00:00,8.84,9.02,8.69,8.98,420255.0,3773889.9000000004
2008-09-25 00:00:00,9.02,9.09,8.88,8.97,419859.0,3766135.2300000004
2008-09-26 00:00:00,8.94,9.05,8.74,8.8,361053.0,3177266.4000000004
2008-09-29 00:00:00,8.81,8.89,8.69,8.73,528462.0,4613473.26
2008-09-30 00:00:00,8.59,9.19,8.59,9.0,526977.0,4742793.0
2008-10-01 00:00:00,9.37,9.48,8.89,8.98,998712.0,8968433.76
2008-10-03 00:00:00,8.99,9.05,8.64,8.71,1258488.0,10961430.48
2008-10-06 00:00:00,8.59,8.64,8.41,8.5,496881.0,4223488.5
2008-10-07 00:00:00,8.3,8.46,8.1,8.19,5493015.0,44987792.849999994
2008-10-08 00:00:00,8.03,8.22,7.66,8.11,604197.0,4900037.67
2008-10-10 00:00:00,7.79,7.94,7.58,7.67,952578.0,7306273.26
2008-10-13 00:00:00,7.66,7.82,7.64,7.71,393624.0,3034841.04
2008-10-14 00:00:00,7.83,8.02,7.53,7.66,639441.0,4898118.0600000005
2008-10-15 00:00:00,7.53,7.63,7.29,7.34,511038.0,3751018.92
2008-10-16 00:00:00,7.12,7.42,6.86,7.26,1189683.0,8637098.58
2008-10-17 00:00:00,7.24,7.24,6.78,6.92,8775162.0,60724121.04
2008-10-20 00:00:00,6.83,6.95,6.62,6.8,216315.0,1470942.0
2008-10-21 00:00:00,6.87,7.22,6.77,7.07,369765.0,2614238.5500000003
2008-10-22 00:00:00,6.85,6.9,6.72,6.73,164835.0,1109339.55
2008-10-23 00:00:00,6.57,6.64,6.41,6.5,3655080.0,23758020.0
2008-10-24 00:00:00,6.57,6.57,5.92,6.0,496782.0,2980692.0
2008-10-27 00:00:00,5.58,6.36,5.58,6.13,640035.0,3923414.55
2008-10-28 00:00:00,6.17,6.55,6.12,6.34,123948.0,785830.32
2008-10-29 00:00:00,6.17,6.37,5.61,5.82,475893.0,2769697.2600000002
2008-10-31 00:00:00,6.06,6.21,5.84,6.12,585684.0,3584386.08
2008-11-03 00:00:00,6.44,6.52,6.28,6.42,747054.0,4796086.68
2008-11-04 00:00:00,6.36,6.74,6.31,6.64,374616.0,2487450.2399999998
2008-11-05 00:00:00,6.82,6.95,6.72,6.85,1648845.0,11294588.25
2008-11-06 00:00:00,6.69,6.69,6.38,6.48,737550.0,4779324.0
2008-11-07 00:00:00,6.47,6.87,6.46,6.69,369765.0,2473727.85
2008-11-10 00:00:00,6.62,6.92,6.62,6.84,300663.0,2056534.92
2008-11-11 00:00:00,6.82,6.86,6.62,6.63,284526.0,1886407.38
2008-11-12 00:00:00,6.57,6.65,6.5,6.6,96426.0,636411.6
2008-11-14 00:00:00,6.48,6.71,6.48,6.6,132561.0,874902.6
2008-11-17 00:00:00,6.67,6.67,6.37,6.48,187407.0,1214397.36
2008-11-18 00:00:00,6.46,6.6,6.39,6.49,242649.0,1574792.01
2008-11-19 00:00:00,6.57,6.95,6.32,6.38,657558.0,4195220.04
2008-11-20 00:00:00,6.21,6.21,5.86,6.01,359073.0,2158028.73
2008-11-21 00:00:00,6.13,6.13,5.86,5.96,255420.0,1522303.2
2008-11-24 00:00:00,5.86,5.94,5.81,5.87,224334.0,1316840.58
2008-11-25 00:00:00,5.96,6.01,5.76,5.82,201663.0,1173678.6600000001
2008-11-26 00:00:00,5.77,5.77,5.51,5.65,921789.0,5208107.850000001
2008-11-28 00:00:00,5.74,5.77,5.54,5.65,320562.0,1811175.3
2008-12-01 00:00:00,5.7,5.83,5.68,5.78,981189.0,5671272.42
2008-12-02 00:00:00,5.66,6.23,5.66,6.12,593307.0,3631038.84
2008-12-03 00:00:00,6.23,6.46,6.18,6.34,8714871.0,55252282.14
2008-12-04 00:00:00,6.41,6.82,6.41,6.73,1520046.0,10229909.58
2008-12-05 00:00:00,6.77,7.3,6.77,7.11,1827837.0,12995921.07
2008-12-08 00:00:00,7.3,7.53,7.14,7.38,4063356.0,29987567.28
2008-12-10 00:00:00,7.41,7.54,7.21,7.25,3530736.0,25597836.0
2008-12-11 00:00:00,6.82,7.24,6.41,7.12,682011.0,4855918.32
2008-12-12 00:00:00,6.89,7.07,6.87,6.95,10555479.0,73360579.05
2008-12-15 00:00:00,6.99,7.25,6.97,7.18,757548.0,5439194.64
2008-12-16 00:00:00,7.17,7.25,7.0,7.14,698247.0,4985483.58
2008-12-17 00:00:00,7.26,7.26,6.99,7.03,571725.0,4019226.75
2008-12-18 00:00:00,7.02,7.3,6.93,7.18,317988.0,2283153.84
2008-12-19 00:00:00,7.13,7.34,7.1,7.14,16193232.0,115619676.47999999
2008-12-22 00:00:00,7.17,7.19,6.99,7.05,652410.0,4599490.5
2008-12-23 00:00:00,7.01,7.21,7.01,7.17,1069596.0,7669003.32
2008-12-24 00:00:00,7.21,7.21,7.06,7.17,1752201.0,12563281.17
2008-12-26 00:00:00,7.19,7.27,6.89,6.98,357984.0,2498728.3200000003
2008-12-29 00:00:00,6.87,7.01,6.69,6.84,530640.0,3629577.6
2008-12-30 00:00:00,6.87,7.32,6.84,7.21,1023264.0,7377733.44
2008-12-31 00:00:00,7.24,7.72,7.24,7.59,2291850.0,17395141.5
2009-01-01 00:00:00,7.72,7.85,7.68,7.82,1114839.0,8718040.98
2009-01-02 00:00:00,7.99,8.07,7.32,7.58,1690227.0,12811920.66
2009-01-05 00:00:00,7.68,7.81,7.49,7.63,1305513.0,9961064.19
2009-01-06 00:00:00,7.59,8.08,7.53,7.67,10173438.0,78030269.46
2009-01-07 00:00:00,7.82,8.0,7.58,7.78,1602909.0,12470632.02
2009-01-09 00:00:00,7.87,8.05,7.73,7.78,858627.0,6680118.0600000005
2009-01-12 00:00:00,7.68,7.95,7.68,7.76,619839.0,4809950.64
2009-01-13 00:00:00,7.7,7.94,7.58,7.84,703791.0,5517721.4399999995
2009-01-14 00:00:00,7.88,7.93,7.8,7.88,9301941.0,73299295.08
2009-01-15 00:00:00,7.68,7.9,7.59,7.75,279675.0,2167481.25
2009-01-16 00:00:00,7.88,8.0,7.78,7.87,271854.0,2139490.98
2009-01-19 00:00:00,7.78,7.98,7.7,7.88,276705.0,2180435.4
2009-01-20 00:00:00,7.8,8.12,7.8,8.08,494604.0,3996400.32
2009-01-21 00:00:00,8.06,8.17,7.8,7.92,823383.0,6521193.36
2009-01-22 00:00:00,7.96,7.96,7.68,7.84,3987423.0,31261396.32
2009-01-23 00:00:00,7.69,8.07,7.68,7.86,1059696.0,8329210.5600000005
2009-01-27 00:00:00,7.78,8.01,7.69,7.81,1216413.0,9500185.53
2009-01-28 00:00:00,7.82,8.17,7.71,8.1,926541.0,7504982.1
2009-01-29 00:00:00,8.15,8.32,7.94,8.11,1213146.0,9838614.059999999
2009-01-30 00:00:00,8.05,8.48,8.03,8.36,894564.0,7478555.039999999
2009-02-02 00:00:00,8.36,8.62,8.29,8.54,839718.0,7171191.72
2009-02-03 00:00:00,8.48,8.82,8.44,8.71,915453.0,7973595.630000001
2009-02-04 00:00:00,8.68,8.93,8.59,8.68,697851.0,6057346.68
2009-02-05 00:00:00,8.8,8.81,8.56,8.62,525195.0,4527180.899999999
2009-02-06 00:00:00,8.6,8.69,8.59,8.61,238590.0,2054259.9
2009-02-09 00:00:00,8.65,8.84,8.58,8.64,729630.0,6304003.2
2009-02-10 00:00:00,8.72,9.08,8.63,8.96,2937528.0,26320250.880000003
2009-02-11 00:00:00,8.91,9.24,8.84,9.16,1909710.0,17492943.6
2009-02-12 00:00:00,9.16,9.23,8.74,8.82,2054349.0,18119358.18
2009-02-13 00:00:00,8.96,9.05,8.74,8.97,1305612.0,11711339.64
2009-02-16 00:00:00,8.97,9.24,8.91,9.02,1465398.0,13217889.959999999
2009-02-17 00:00:00,8.9,8.97,8.71,8.79,670329.0,5892191.909999999
2009-02-18 00:00:00,8.74,8.95,8.69,8.92,748044.0,6672552.4799999995
2009-02-19 00:00:00,8.9,9.09,8.87,9.02,186120.0,1678802.4
2009-02-20 00:00:00,8.94,8.97,8.7,8.85,289674.0,2563614.9
2009-02-24 00:00:00,8.74,8.75,8.42,8.47,1285713.0,10889989.110000001
2009-02-25 00:00:00,8.55,8.84,8.5,8.81,930996.0,8202074.760000001
2009-02-26 00:00:00,8.74,8.87,8.67,8.79,401841.0,3532182.3899999997
2009-02-27 00:00:00,8.8,8.8,8.64,8.71,199485.0,1737514.35
2009-03-02 00:00:00,8.55,8.58,8.47,8.51,191664.0,1631060.64
2009-03-03 00:00:00,8.44,8.71,8.44,8.52,196911.0,1677681.72
2009-03-04 00:00:00,8.67,8.68,8.4,8.66,595881.0,5160329.46
2009-03-05 00:00:00,8.65,8.68,8.52,8.58,282447.0,2423395.2600000002
2009-03-06 00:00:00,8.48,8.74,8.33,8.65,443916.0,3839873.4000000004
2009-03-09 00:00:00,8.66,8.78,8.48,8.68,512424.0,4447840.32
2009-03-12 00:00:00,8.71,8.71,8.38,8.44,226116.0,1908419.0399999998
2009-03-13 00:00:00,8.59,8.63,8.34,8.43,458568.0,3865728.2399999998
2009-03-16 00:00:00,8.43,8.57,8.35,8.41,430947.0,3624264.27
2009-03-17 00:00:00,8.39,8.51,8.29,8.37,281061.0,2352480.57
2009-03-18 00:00:00,8.33,8.48,8.3,8.34,4030488.0,33614269.92
2009-03-19 00:00:00,8.33,8.43,8.24,8.28,332640.0,2754259.1999999997
2009-03-20 00:00:00,8.23,8.33,8.21,8.23,120582.0,992389.8600000001
2009-03-23 00:00:00,8.25,8.46,8.23,8.42,2801304.0,23586979.68
2009-03-24 00:00:00,8.49,8.62,8.33,8.35,5696064.0,47562134.4
2009-03-25 00:00:00,8.44,8.44,8.33,8.33,278289.0,2318147.37
2009-03-26 00:00:00,8.4,8.69,8.33,8.61,551727.0,4750369.47
2009-03-27 00:00:00,8.71,8.78,8.46,8.5,447678.0,3805263.0
2009-03-30 00:00:00,8.38,8.82,8.38,8.74,474012.0,4142864.88
2009-03-31 00:00:00,8.88,9.0,8.74,8.92,924066.0,8242668.72
2009-04-01 00:00:00,9.07,9.19,8.89,9.05,1232055.0,11150097.75
2009-04-02 00:00:00,9.19,9.95,9.04,9.23,5364018.0,49509886.14
2009-04-06 00:00:00,9.09,9.54,9.09,9.47,3039102.0,28780295.94
2009-04-08 00:00:00,9.28,9.74,9.24,9.43,1635975.0,15427244.25
2009-04-09 00:00:00,9.29,9.6,9.29,9.38,380061.0,3564972.18
2009-04-13 00:00:00,9.55,9.75,9.34,9.38,1280070.0,12007056.600000001
2009-04-15 00:00:00,9.36,10.0,9.34,9.8,6511131.0,63809083.800000004
2009-04-16 00:00:00,9.66,10.1,9.35,9.46,1125036.0,10642840.56
2009-04-17 00:00:00,9.47,9.65,9.41,9.45,1406295.0,13289487.749999998
2009-04-20 00:00:00,9.45,9.75,8.99,9.09,709830.0,6452354.7
2009-04-21 00:00:00,8.64,9.53,8.38,9.39,3638844.0,34168745.160000004
2009-04-22 00:00:00,9.54,9.54,9.05,9.2,623205.0,5733486.0
2009-04-23 00:00:00,9.19,9.49,9.19,9.38,607068.0,5694297.840000001
2009-04-24 00:00:00,9.2,9.47,9.09,9.33,409563.0,3821222.79
2009-04-27 00:00:00,9.53,9.57,9.24,9.4,923670.0,8682498.0
2009-04-28 00:00:00,9.27,9.58,9.24,9.42,541332.0,5099347.44
2009-04-29 00:00:00,9.65,9.8,9.55,9.63,477972.0,4602870.36
2009-05-04 00:00:00,9.9,9.91,9.66,9.75,658944.0,6424704.0
2009-05-05 00:00:00,9.67,9.96,9.67,9.9,596871.0,5909022.9
2009-05-06 00:00:00,10.0,10.12,9.9,10.01,1207206.0,12084132.06
2009-05-07 00:00:00,10.09,10.35,10.09,10.28,587466.0,6039150.4799999995
2009-05-08 00:00:00,10.43,10.43,9.95,10.09,429858.0,4337267.22
2009-05-11 00:00:00,10.2,10.24,9.75,9.79,318681.0,3119886.9899999998
2009-05-12 00:00:00,9.81,9.89,8.98,9.8,264924.0,2596255.2
2009-05-13 00:00:00,9.75,9.94,9.75,9.85,16093539.0,158521359.15
2009-05-14 00:00:00,9.31,10.04,9.11,9.94,3192552.0,31733966.88
2009-05-15 00:00:00,9.92,10.09,9.92,9.96,274428.0,2733302.8800000004
2009-05-18 00:00:00,11.11,11.62,10.61,11.39,22275.0,253712.25
2009-05-19 00:00:00,11.62,12.75,10.45,11.91,4117113.0,49034815.83
2009-05-20 00:00:00,11.98,12.62,11.83,12.42,2877336.0,35736513.12
2009-05-21 00:00:00,12.63,13.89,12.28,13.33,5619834.0,74912387.22
2009-05-22 00:00:00,13.32,13.92,12.92,13.46,2380752.0,32044921.92
2009-05-25 00:00:00,13.48,13.99,13.34,13.57,1143153.0,15512586.21
2009-05-26 00:00:00,13.59,13.64,12.88,13.11,1837341.0,24087540.509999998
2009-05-27 00:00:00,13.25,13.59,13.14,13.32,2147904.0,28610081.28
2009-05-28 00:00:00,13.23,13.33,12.67,12.87,654786.0,8427095.82
2009-05-29 00:00:00,13.08,13.65,12.93,13.48,723393.0,9751337.64
2009-06-01 00:00:00,13.69,13.84,13.14,13.2,617265.0,8147898.0
2009-06-02 00:00:00,13.38,13.48,13.0,13.09,384219.0,5029426.71
2009-06-03 00:00:00,13.19,13.28,12.95,12.98,1104939.0,14342108.22
2009-06-04 00:00:00,12.85,13.79,12.83,13.28,1684386.0,22368646.08
2009-06-05 00:00:00,13.38,14.84,13.21,14.04,7642701.0,107303522.03999999
2009-06-08 00:00:00,14.25,14.7,12.83,13.15,3800115.0,49971512.25
2009-06-09 00:00:00,13.26,13.26,12.84,13.11,2283732.0,29939726.52
2009-06-10 00:00:00,13.37,13.72,13.15,13.25,1971387.0,26120877.75
2009-06-11 00:00:00,13.04,13.83,13.04,13.45,1599939.0,21519179.549999997
2009-06-12 00:00:00,13.54,14.0,13.48,13.64,1658943.0,22627982.52
2009-06-15 00:00:00,13.64,14.04,13.14,13.84,778437.0,10773568.08
2009-06-16 00:00:00,13.74,14.48,13.54,14.33,1914858.0,27439915.14
2009-06-17 00:00:00,14.65,14.73,12.98,13.24,4943169.0,65447557.56
2009-06-18 00:00:00,13.13,13.53,12.83,13.09,3934755.0,51505942.95
2009-06-19 00:00:00,13.19,13.64,13.1,13.3,796554.0,10594168.200000001
2009-06-22 00:00:00,13.54,13.72,13.23,13.27,845955.0,11225822.85
2009-06-23 00:00:00,13.07,13.48,12.93,13.42,690822.0,9270831.24
2009-06-24 00:00:00,13.62,13.62,13.23,13.45,330264.0,4442050.8
2009-06-25 00:00:00,13.38,13.87,13.28,13.43,1469853.0,19740125.79
2009-06-26 00:00:00,13.54,13.69,13.48,13.53,491238.0,6646450.14
2009-06-29 00:00:00,13.59,14.19,13.44,13.82,1174635.0,16233455.700000001
2009-06-30 00:00:00,14.09,14.09,13.14,13.29,1177011.0,15642476.19
2009-07-01 00:00:00,13.43,14.24,13.29,13.88,1398375.0,19409445.0
2009-07-02 00:00:00,14.43,14.74,13.79,13.9,5594094.0,77757906.60000001
2009-07-03 00:00:00,13.79,14.26,13.54,14.04,2498265.0,35075640.6
2009-07-06 00:00:00,14.18,14.39,13.18,13.38,2260368.0,30243723.840000004
2009-07-07 00:00:00,13.33,13.74,13.23,13.62,9448560.0,128689387.19999999
2009-07-08 00:00:00,13.34,14.34,12.98,13.91,1533609.0,21332501.19
2009-07-09 00:00:00,13.82,14.18,13.79,13.98,875457.0,12238888.860000001
2009-07-10 00:00:00,13.94,14.34,13.49,13.69,723690.0,9907316.1
2009-07-13 00:00:00,13.74,13.74,13.14,13.33,1777941.0,23699953.53
2009-07-14 00:00:00,13.45,13.98,13.36,13.84,600336.0,8308650.24
2009-07-15 00:00:00,13.81,14.64,13.74,14.25,3593205.0,51203171.25
2009-07-16 00:00:00,14.34,14.54,14.06,14.1,1193940.0,16834554.0
2009-07-17 00:00:00,14.28,14.42,14.0,14.08,585684.0,8246430.72
2009-07-20 00:00:00,14.24,15.45,14.09,15.32,4062267.0,62233930.44
2009-07-21 00:00:00,15.36,15.55,15.06,15.25,2274030.0,34678957.5
2009-07-22 00:00:00,15.39,15.39,14.14,14.37,1680723.0,24151989.509999998
2009-07-23 00:00:00,14.45,14.79,13.84,14.06,5526675.0,77705050.5
2009-07-24 00:00:00,14.29,14.39,14.07,14.17,1884168.0,26698660.56
2009-07-27 00:00:00,14.38,15.87,14.38,14.84,3346992.0,49669361.28
2009-07-28 00:00:00,15.04,15.05,14.4,14.91,3816252.0,56900317.32
2009-07-29 00:00:00,14.91,15.0,14.03,14.35,2021481.0,29008252.349999998
2009-07-30 00:00:00,14.65,14.83,14.3,14.67,1208295.0,17725687.65
2009-07-31 00:00:00,14.8,15.17,14.6,14.77,1219185.0,18007362.45
2009-08-03 00:00:00,14.9,14.95,14.6,14.8,1784475.0,26410230.0
2009-08-04 00:00:00,14.87,15.25,14.85,14.98,1002870.0,15022992.6
2009-08-05 00:00:00,14.91,15.17,14.85,14.88,516780.0,7689686.4
2009-08-06 00:00:00,15.41,15.44,14.4,14.57,1327293.0,19338659.01
2009-08-07 00:00:00,14.7,14.74,14.29,14.34,5314518.0,76210188.12
2009-08-10 00:00:00,14.61,14.73,14.19,14.51,965745.0,14012959.95
2009-08-11 00:00:00,14.38,14.43,14.19,14.28,415800.0,5937624.0
2009-08-12 00:00:00,14.24,14.45,13.99,14.29,449559.0,6424198.109999999
2009-08-13 00:00:00,14.43,14.98,14.35,14.72,931095.0,13705718.4
2009-08-14 00:00:00,14.81,15.2,14.72,15.06,750519.0,11302816.14
2009-08-17 00:00:00,14.86,14.95,14.35,14.49,484605.0,7021926.45
2009-08-18 00:00:00,14.48,14.84,14.19,14.77,356697.0,5268414.6899999995
2009-08-19 00:00:00,15.64,15.64,14.24,14.53,2404314.0,34934682.42
2009-08-20 00:00:00,14.5,14.77,14.5,14.65,294723.0,4317691.95
2009-08-21 00:00:00,14.55,14.9,14.46,14.78,409266.0,6048951.4799999995
2009-08-24 00:00:00,14.95,15.1,14.76,14.85,793782.0,11787662.7
2009-08-25 00:00:00,14.85,14.93,14.39,14.44,820017.0,11841045.48
2009-08-26 00:00:00,14.82,14.82,14.3,14.4,808929.0,11648577.6
2009-08-27 00:00:00,14.52,14.55,14.18,14.36,575982.0,8271101.52
2009-08-28 00:00:00,14.36,14.53,14.31,14.35,559152.0,8023831.2
2009-08-31 00:00:00,14.49,14.65,14.24,14.39,1309077.0,18837618.03
2009-09-01 00:00:00,14.35,14.63,13.89,14.05,11346390.0,159416779.5
2009-09-02 00:00:00,15.08,15.08,14.03,14.11,547668.0,7727595.4799999995
2009-09-03 00:00:00,14.14,14.32,14.09,14.13,601425.0,8498135.25
2009-09-04 00:00:00,14.24,14.24,13.99,14.11,291654.0,4115237.94
2009-09-07 00:00:00,14.34,14.34,14.16,14.27,843876.0,12042110.52
2009-09-08 00:00:00,14.34,14.34,14.09,14.19,737550.0,10465834.5
2009-09-09 00:00:00,14.24,14.34,14.05,14.2,764379.0,10854181.799999999
2009-09-10 00:00:00,14.24,14.34,13.94,14.0,234333.0,3280662.0
2009-09-11 00:00:00,14.07,14.1,13.78,13.89,423126.0,5877220.140000001
2009-09-14 00:00:00,13.86,14.14,13.79,14.08,448371.0,6313063.68
2009-09-15 00:00:00,14.14,14.24,13.88,13.95,591228.0,8247630.6
2009-09-16 00:00:00,14.12,14.16,13.86,13.92,602415.0,8385616.8
2009-09-17 00:00:00,14.12,14.29,13.91,13.97,612216.0,8552657.52
2009-09-18 00:00:00,14.08,14.19,13.89,14.11,595386.0,8400896.459999999
2009-09-22 00:00:00,14.21,14.53,14.14,14.46,2860902.0,41368642.92
2009-09-23 00:00:00,14.55,14.57,14.37,14.41,659736.0,9506795.76
2009-09-24 00:00:00,14.25,14.55,13.84,14.44,748242.0,10804614.48
2009-09-25 00:00:00,14.26,14.55,14.16,14.3,408078.0,5835515.4
2009-09-29 00:00:00,14.52,14.52,14.29,14.38,391248.0,5626146.24
2009-09-30 00:00:00,14.39,15.63,14.34,15.46,3723390.0,57563609.400000006
2009-10-01 00:00:00,14.6,16.16,14.6,15.84,2668248.0,42265048.32
2009-10-05 00:00:00,15.66,16.64,15.56,16.44,4090680.0,67250779.2
2009-10-06 00:00:00,16.46,16.72,15.67,16.16,1982772.0,32041595.52
2009-10-07 00:00:00,16.31,16.44,15.88,16.02,1278684.0,20484517.68
2009-10-08 00:00:00,15.96,16.03,15.67,15.82,539748.0,8538813.36
2009-10-09 00:00:00,15.78,16.02,15.18,15.34,491832.0,7544702.88
2009-10-12 00:00:00,15.46,15.86,15.23,15.73,802989.0,12631016.97
2009-10-14 00:00:00,15.51,15.86,15.48,15.59,492624.0,7680008.16
2009-10-15 00:00:00,15.69,15.76,15.47,15.58,408078.0,6357855.24
2009-10-16 00:00:00,15.2,15.61,15.2,15.33,535194.0,8204524.0200000005
2009-10-17 00:00:00,15.53,16.0,15.34,15.87,705474.0,11195872.379999999
2009-10-20 00:00:00,15.81,15.96,15.41,15.47,283932.0,4392428.04
2009-10-21 00:00:00,15.51,15.76,15.21,15.33,411543.0,6308954.19
2009-10-22 00:00:00,15.32,15.82,15.25,15.32,1476981.0,22627348.92
2009-10-23 00:00:00,15.56,15.71,15.35,15.41,413820.0,6376966.2
2009-10-26 00:00:00,15.32,15.4,15.0,15.27,654093.0,9988000.11
2009-10-27 00:00:00,15.15,15.15,14.69,14.8,826848.0,12237350.4
2009-10-28 00:00:00,14.9,14.9,14.39,14.61,391446.0,5719026.06
2009-10-29 00:00:00,14.34,14.52,14.04,14.12,543114.0,7668769.68
2009-10-30 00:00:00,14.24,14.67,14.09,14.5,1092564.0,15842178.0
2009-11-03 00:00:00,14.61,15.39,14.61,14.94,3549249.0,53025780.059999995
2009-11-04 00:00:00,15.07,15.47,15.07,15.4,1378476.0,21228530.400000002
2009-11-05 00:00:00,15.45,16.41,15.45,16.35,3201957.0,52351996.95
2009-11-06 00:00:00,16.41,16.75,16.08,16.25,1399365.0,22739681.25
2009-11-09 00:00:00,16.31,16.34,16.01,16.09,601128.0,9672149.52
2009-11-10 00:00:00,16.11,16.33,15.92,16.02,3744675.0,59989693.5
2009-11-11 00:00:00,15.96,16.57,15.96,16.37,1605087.0,26275274.19
2009-11-12 00:00:00,16.24,16.66,16.08,16.16,1080585.0,17462253.6
2009-11-13 00:00:00,16.21,16.36,16.06,16.19,415008.0,6718979.5200000005
2009-11-16 00:00:00,16.33,16.33,16.04,16.11,678447.0,10929781.17
2009-11-17 00:00:00,16.11,16.35,15.98,16.26,548757.0,8922788.82
2009-11-18 00:00:00,16.21,16.62,16.13,16.47,2262645.0,37265763.15
2009-11-19 00:00:00,16.6,16.65,15.71,15.83,1400949.0,22177022.67
2009-11-20 00:00:00,15.9,15.95,15.63,15.88,385605.0,6123407.4
2009-11-23 00:00:00,16.0,16.77,15.98,16.64,2057913.0,34243672.32
2009-11-24 00:00:00,16.72,17.31,16.58,17.02,2591622.0,44109406.44
2009-11-25 00:00:00,17.17,17.61,17.02,17.49,2111967.0,36938302.83
2009-11-26 00:00:00,17.5,17.62,17.18,17.31,1200969.0,20788773.389999997
2009-11-27 00:00:00,17.17,17.98,16.88,17.88,2062368.0,36875139.839999996
2009-11-30 00:00:00,18.05,18.84,17.8,18.15,2974356.0,53984561.4
2009-12-01 00:00:00,18.18,18.48,18.09,18.26,1623897.0,29652359.220000003
2009-12-02 00:00:00,18.38,18.73,18.08,18.64,6820110.0,127126850.4
2009-12-03 00:00:00,18.69,18.94,18.44,18.82,1980792.0,37278505.44
2009-12-04 00:00:00,18.68,18.82,18.43,18.5,2983662.0,55197747.0
2009-12-07 00:00:00,18.5,18.66,18.43,18.59,795663.0,14791375.17
2009-12-08 00:00:00,18.74,19.24,18.69,19.14,4272345.0,81772683.3
2009-12-09 00:00:00,19.16,19.43,18.89,19.26,1822887.0,35108803.620000005
2009-12-10 00:00:00,19.29,19.37,18.99,19.31,1265022.0,24427574.819999997
2009-12-11 00:00:00,19.39,19.65,19.04,19.27,981090.0,18905604.3
2009-12-14 00:00:00,19.34,19.39,18.94,19.01,576774.0,10964473.74
2009-12-15 00:00:00,19.13,19.13,18.83,18.87,417879.0,7885376.73
2009-12-16 00:00:00,18.84,19.29,18.5,19.08,569844.0,10872623.52
2009-12-17 00:00:00,19.09,19.27,18.94,19.01,339669.0,6457107.69
2009-12-18 00:00:00,18.99,19.1,18.79,18.84,169587.0,3195019.08
2009-12-21 00:00:00,18.97,18.97,18.67,18.74,115632.0,2166943.6799999997
2009-12-22 00:00:00,18.86,18.86,18.59,18.68,202257.0,3778160.76
2009-12-23 00:00:00,18.7,19.6,18.69,19.31,591426.0,11420436.059999999
2009-12-24 00:00:00,19.39,19.44,18.85,19.06,700326.0,13348213.559999999
2009-12-29 00:00:00,19.19,19.19,18.9,18.99,221661.0,4209342.39
2009-12-30 00:00:00,19.09,19.54,18.95,19.28,358974.0,6921018.720000001
2009-12-31 00:00:00,19.3,19.78,19.21,19.54,2372040.0,46349661.6
2010-01-04 00:00:00,19.65,19.94,19.55,19.68,1892979.0,37253826.72
2010-01-05 00:00:00,19.85,19.9,19.6,19.72,591030.0,11655111.6
2010-01-06 00:00:00,19.6,19.77,19.54,19.59,2903175.0,56873198.25
2010-01-07 00:00:00,19.48,19.7,19.42,19.53,268686.0,5247437.58
2010-01-08 00:00:00,19.64,19.64,19.31,19.52,813582.0,15881120.639999999
2010-01-11 00:00:00,19.37,20.81,19.37,20.59,2804472.0,57744078.48
2010-01-12 00:00:00,20.59,20.7,19.82,19.92,1227105.0,24443931.6
2010-01-13 00:00:00,20.1,20.66,19.77,20.34,1072467.0,21813978.78
2010-01-14 00:00:00,20.59,21.15,20.35,20.88,6932277.0,144745943.76
2010-01-15 00:00:00,20.88,21.92,20.76,20.91,3202452.0,66963271.32
2010-01-18 00:00:00,20.77,21.57,20.77,21.21,2288088.0,48530346.480000004
2010-01-19 00:00:00,20.91,21.62,20.66,20.78,1109691.0,23059378.98
2010-01-20 00:00:00,20.81,21.19,20.38,20.47,797148.0,16317619.559999999
2010-01-21 00:00:00,20.48,20.77,19.95,20.21,1586079.0,32054656.59
2010-01-22 00:00:00,19.81,20.25,19.49,20.18,1499553.0,30260979.54
2010-01-25 00:00:00,20.19,20.58,19.6,19.72,1270071.0,25045800.119999997
2010-01-27 00:00:00,19.8,19.86,19.55,19.6,4437378.0,86972608.80000001
2010-01-28 00:00:00,20.05,20.05,19.6,19.79,539946.0,10685531.34
2010-01-29 00:00:00,19.75,20.1,18.99,19.67,4020390.0,79081071.30000001
2010-02-01 00:00:00,20.08,20.39,19.82,20.22,665379.0,13453963.379999999
2010-02-02 00:00:00,20.45,20.52,19.43,19.54,869913.0,16998100.02
2010-02-03 00:00:00,19.8,20.89,19.8,20.08,4590135.0,92169910.8
2010-02-04 00:00:00,20.25,20.45,19.84,20.12,1766160.0,35535139.2
2010-02-05 00:00:00,19.59,19.89,19.45,19.68,933570.0,18372657.6
2010-02-06 00:00:00,19.76,20.45,19.75,20.26,1587960.0,32172069.6
2010-02-08 00:00:00,20.3,20.3,19.7,19.81,922383.0,18272407.23
2010-02-09 00:00:00,19.44,19.98,19.44,19.67,504009.0,9913857.030000001
2010-02-10 00:00:00,19.89,20.15,19.63,19.96,1715472.0,34240821.120000005
2010-02-11 00:00:00,20.17,20.17,19.85,19.93,383823.0,7649592.39
2010-02-15 00:00:00,19.79,20.25,19.19,20.14,578358.0,11648130.120000001
2010-02-16 00:00:00,20.39,21.0,20.18,20.87,2584791.0,53944588.17
2010-02-17 00:00:00,21.02,21.21,20.68,20.78,1013166.0,21053589.48
2010-02-18 00:00:00,20.91,21.11,20.76,20.93,2006532.0,41996714.76
2010-02-19 00:00:00,20.78,21.03,20.53,20.74,961488.0,19941261.119999997
2010-02-22 00:00:00,20.83,21.01,20.61,20.69,508959.0,10530361.71
2010-02-23 00:00:00,20.54,20.61,20.33,20.55,598752.0,12304353.6
2010-02-24 00:00:00,20.44,20.6,20.22,20.39,442530.0,9023186.700000001
2010-02-25 00:00:00,20.53,20.56,20.04,20.17,523611.0,10561233.870000001
2010-02-26 00:00:00,20.2,20.59,20.1,20.19,660528.0,13336060.32
2010-03-02 00:00:00,20.45,20.59,20.1,20.2,344520.0,6959304.0
2010-03-03 00:00:00,20.68,21.72,20.21,20.3,940500.0,19092150.0
2010-03-04 00:00:00,20.43,20.57,20.28,20.38,368973.0,7519669.739999999
2010-03-05 00:00:00,20.25,21.67,19.41,20.83,5735466.0,119469756.77999999
2010-03-08 00:00:00,21.19,21.42,20.96,21.08,1104048.0,23273331.84
2010-03-09 00:00:00,21.14,21.51,20.92,21.12,800712.0,16911037.44
2010-03-10 00:00:00,21.12,21.31,20.87,20.97,434115.0,9103391.549999999
2010-03-11 00:00:00,20.98,21.13,20.81,20.89,387090.0,8086310.100000001
2010-03-12 00:00:00,21.07,21.19,20.81,21.07,7976034.0,168055036.38
2010-03-15 00:00:00,21.01,21.16,20.62,20.79,1239084.0,25760556.36
2010-03-16 00:00:00,20.81,21.1,20.73,20.99,452331.0,9494427.69
2010-03-17 00:00:00,21.06,21.62,20.96,21.26,1318284.0,28026717.840000004
2010-03-18 00:00:00,20.92,21.52,20.72,21.22,519255.0,11018591.1
2010-03-19 00:00:00,21.26,22.55,21.26,22.43,6889410.0,154529466.3
2010-03-22 00:00:00,22.17,22.75,21.96,22.37,2259576.0,50546715.120000005
2010-03-23 00:00:00,22.47,22.7,22.16,22.22,2570238.0,57110688.36
2010-03-25 00:00:00,22.21,22.44,22.01,22.36,634788.0,14193859.68
2010-03-26 00:00:00,22.42,22.51,21.97,22.04,642807.0,14167466.28
2010-03-29 00:00:00,22.13,22.19,21.8,21.84,637857.0,13930796.88
2010-03-30 00:00:00,22.03,22.18,21.75,22.05,327492.0,7221198.600000001
2010-03-31 00:00:00,22.08,22.41,21.8,22.13,1061874.0,23499271.619999997
2010-04-01 00:00:00,22.26,22.34,21.72,22.16,969507.0,21484275.12
2010-04-05 00:00:00,22.11,22.11,20.99,21.23,3533409.0,75014273.07000001
2010-04-06 00:00:00,21.26,21.26,20.15,20.25,4351149.0,88110767.25
2010-04-07 00:00:00,20.59,20.59,19.82,20.03,5118696.0,102527480.88000001
2010-04-08 00:00:00,20.05,20.32,19.9,19.98,1064547.0,21269649.06
2010-04-09 00:00:00,20.2,20.2,19.86,19.9,889614.0,17703318.599999998
2010-04-12 00:00:00,20.1,20.1,19.62,19.76,1024551.0,20245127.76
2010-04-13 00:00:00,19.72,19.74,19.41,19.55,1214631.0,23746036.05
2010-04-15 00:00:00,19.69,19.74,19.09,19.16,1590039.0,30465147.240000002
2010-04-16 00:00:00,19.19,19.29,18.93,19.06,1149588.0,21911147.279999997
2010-04-19 00:00:00,18.89,19.07,18.65,18.9,1563705.0,29554024.499999996
2010-04-20 00:00:00,19.09,19.34,19.02,19.14,2944953.0,56366400.42
2010-04-21 00:00:00,19.28,19.31,19.04,19.15,735570.0,14086165.499999998
2010-04-22 00:00:00,18.99,19.24,18.99,19.11,1038312.0,19842142.32
2010-04-23 00:00:00,19.14,19.31,19.05,19.1,501930.0,9586863.0
2010-04-26 00:00:00,19.11,19.25,19.01,19.12,607167.0,11609033.040000001
2010-04-27 00:00:00,19.09,19.23,18.69,18.78,996039.0,18705612.42
2010-04-28 00:00:00,18.74,18.74,18.48,18.54,714978.0,13255692.12
2010-04-29 00:00:00,18.54,18.57,18.2,18.37,697356.0,12810429.72
2010-04-30 00:00:00,18.36,18.83,18.08,18.41,2394117.0,44075693.97
2010-05-03 00:00:00,17.9,18.67,17.9,18.37,1190772.0,21874481.64
2010-05-04 00:00:00,18.4,18.53,18.02,18.18,535590.0,9737026.2
2010-05-05 00:00:00,17.89,18.96,17.58,18.25,987525.0,18022331.25
2010-05-06 00:00:00,18.18,18.54,18.03,18.11,710523.0,12867571.53
2010-05-07 00:00:00,17.95,18.23,17.77,17.99,663498.0,11936329.02
2010-05-10 00:00:00,18.42,18.63,18.03,18.17,502722.0,9134458.74
2010-05-11 00:00:00,17.98,18.42,17.98,18.15,591921.0,10743366.149999999
2010-05-12 00:00:00,18.26,18.36,18.03,18.2,337689.0,6145939.8
2010-05-13 00:00:00,18.33,18.37,17.99,18.18,656766.0,11940005.879999999
2010-05-14 00:00:00,18.36,18.36,17.8,18.05,459657.0,8296808.850000001
2010-05-17 00:00:00,17.79,18.08,17.47,18.0,1019799.0,18356382.0
2010-05-18 00:00:00,17.98,18.59,17.98,18.34,347391.0,6371150.94
2010-05-19 00:00:00,18.14,18.38,17.78,17.98,634491.0,11408148.18
2010-05-20 00:00:00,18.09,18.15,17.63,17.72,1279674.0,22675823.279999997
2010-05-21 00:00:00,17.44,17.62,17.33,17.45,197703.0,3449917.3499999996
2010-05-24 00:00:00,17.36,17.78,17.36,17.62,740223.0,13042729.260000002
2010-05-25 00:00:00,17.7,17.82,17.02,17.09,576576.0,9853683.84
2010-05-26 00:00:00,17.27,17.27,17.0,17.2,240966.0,4144615.1999999997
2010-05-27 00:00:00,17.31,17.31,16.68,16.86,396693.0,6688243.9799999995
2010-05-28 00:00:00,17.07,17.33,16.86,17.21,249282.0,4290143.220000001
2010-05-31 00:00:00,17.14,17.6,17.12,17.36,792000.0,13749120.0
2010-06-01 00:00:00,17.27,17.32,17.11,17.22,163548.0,2816296.5599999996
2010-06-02 00:00:00,17.42,17.47,16.9,17.21,724581.0,12470039.01
2010-06-03 00:00:00,17.26,17.44,17.21,17.25,259776.0,4481136.0
2010-06-04 00:00:00,17.27,17.43,17.17,17.26,69003.0,1190991.78
2010-06-07 00:00:00,17.07,17.23,16.97,17.07,2678148.0,45715986.36
2010-06-08 00:00:00,16.97,17.17,16.79,16.89,1863279.0,31470782.310000002
2010-06-09 00:00:00,16.69,17.07,16.69,16.93,943074.0,15966242.82
2010-06-10 00:00:00,16.79,17.17,16.67,17.09,176913.0,3023443.17
2010-06-11 00:00:00,17.14,17.74,17.14,17.47,759627.0,13270683.69
2010-06-14 00:00:00,17.68,17.92,17.59,17.79,314226.0,5590080.54
2010-06-15 00:00:00,17.68,18.13,17.68,18.02,235422.0,4242304.4399999995
2010-06-16 00:00:00,18.18,18.61,17.93,18.47,447381.0,8263127.069999999
2010-06-17 00:00:00,18.67,18.67,18.23,18.3,312741.0,5723160.3
2010-06-18 00:00:00,18.28,18.43,17.94,18.05,341550.0,6164977.5
2010-06-21 00:00:00,18.26,18.3,18.08,18.16,405900.0,7371144.0
2010-06-22 00:00:00,18.28,18.3,17.98,18.06,421047.0,7604108.819999999
2010-06-23 00:00:00,18.03,18.17,17.9,17.98,122958.0,2210784.84
2010-06-24 00:00:00,18.12,18.15,17.29,17.46,3978711.0,69468294.06
2010-06-25 00:00:00,17.32,17.73,17.12,17.26,714978.0,12340520.280000001
2010-06-28 00:00:00,17.56,17.68,17.27,17.59,1401048.0,24644434.32
2010-06-29 00:00:00,17.83,17.83,17.27,17.42,1537470.0,26782727.400000002
2010-06-30 00:00:00,17.22,17.78,17.22,17.57,862884.0,15160871.88
2010-07-01 00:00:00,17.49,17.49,17.27,17.35,775962.0,13462940.700000001
2010-07-02 00:00:00,17.37,17.61,17.33,17.42,3478662.0,60598292.04000001
2010-07-05 00:00:00,17.58,17.68,17.47,17.62,1904364.0,33554893.68
2010-07-06 00:00:00,17.72,18.13,17.7,18.05,1601127.0,28900342.35
2010-07-07 00:00:00,18.08,18.3,17.78,17.87,950004.0,16976571.48
2010-07-08 00:00:00,18.06,18.33,17.95,18.18,832689.0,15138286.02
2010-07-09 00:00:00,18.38,18.4,18.16,18.21,548163.0,9982048.23
2010-07-12 00:00:00,18.33,18.42,18.13,18.16,474804.0,8622440.64
2010-07-13 00:00:00,18.04,18.43,18.04,18.34,5446980.0,99897613.2
2010-07-14 00:00:00,18.51,18.51,17.85,17.96,408375.0,7334415.0
2010-07-15 00:00:00,17.98,18.05,17.83,17.92,188496.0,3377848.3200000003
2010-07-16 00:00:00,17.88,18.31,17.88,18.12,1229778.0,22283577.36
2010-07-19 00:00:00,18.02,18.33,17.93,18.12,552222.0,10006262.64
2010-07-20 00:00:00,18.23,18.3,18.03,18.08,557271.0,10075459.68
2010-07-21 00:00:00,18.32,18.32,18.13,18.21,163548.0,2978209.08
2010-07-22 00:00:00,18.21,18.36,18.11,18.28,270567.0,4945964.760000001
2010-07-23 00:00:00,18.38,19.07,18.25,18.71,3369762.0,63048247.02
2010-07-26 00:00:00,18.84,18.94,18.33,18.47,2280663.0,42123845.61
2010-07-27 00:00:00,18.58,18.58,18.19,18.34,643995.0,11810868.3
2010-07-28 00:00:00,18.33,18.41,18.03,18.08,399168.0,7216957.4399999995
2010-07-29 00:00:00,18.38,18.38,17.93,17.97,1291455.0,23207446.349999998
2010-07-30 00:00:00,17.99,18.33,17.99,18.27,483021.0,8824793.67
2010-08-02 00:00:00,18.33,18.48,18.13,18.32,454014.0,8317536.48
2010-08-03 00:00:00,18.38,18.43,18.23,18.3,260073.0,4759335.9
2010-08-04 00:00:00,18.23,18.37,18.03,18.08,2703393.0,48877345.44
2010-08-05 00:00:00,18.35,18.35,17.78,17.88,426789.0,7630987.319999999
2010-08-06 00:00:00,17.83,17.88,17.28,17.68,5983065.0,105780589.2
2010-08-09 00:00:00,17.64,18.42,17.64,18.13,1140084.0,20669722.919999998
2010-08-10 00:00:00,18.19,18.19,17.88,17.98,2282445.0,41038361.1
2010-08-11 00:00:00,17.8,18.03,17.66,17.72,426393.0,7555683.96
2010-08-12 00:00:00,17.59,17.78,17.44,17.49,460746.0,8058447.539999999
2010-08-13 00:00:00,17.64,17.64,17.42,17.48,1254330.0,21925688.400000002
2010-08-16 00:00:00,17.64,17.64,17.39,17.54,674685.0,11833974.899999999
2010-08-17 00:00:00,17.53,17.58,17.37,17.38,4293729.0,74625010.02
2010-08-18 00:00:00,17.39,17.67,17.27,17.5,1354221.0,23698867.5
2010-08-19 00:00:00,17.65,17.65,17.38,17.59,336501.0,5919052.59
2010-08-20 00:00:00,17.53,18.33,17.47,17.88,5653098.0,101077392.24
2010-08-23 00:00:00,17.88,18.0,17.46,17.52,759033.0,13298258.16
2010-08-24 00:00:00,17.53,17.67,17.32,17.41,1174437.0,20446948.17
2010-08-25 00:00:00,17.46,17.46,16.82,16.94,1769625.0,29977447.500000004
2010-08-26 00:00:00,17.06,17.25,16.9,17.02,1879317.0,31985975.34
2010-08-27 00:00:00,17.12,17.2,16.69,16.87,2547765.0,42980795.550000004
2010-08-30 00:00:00,17.11,17.11,16.73,16.85,5528754.0,93159504.9
2010-08-31 00:00:00,16.79,17.0,16.62,16.76,408078.0,6839387.28
2010-09-01 00:00:00,16.82,17.25,16.77,17.12,3562812.0,60995341.440000005
2010-09-02 00:00:00,17.16,17.58,17.04,17.41,1126818.0,19617901.38
2010-09-03 00:00:00,17.38,17.75,17.34,17.45,599049.0,10453405.049999999
2010-09-06 00:00:00,17.66,17.86,17.41,17.59,1200375.0,21114596.25
2010-09-07 00:00:00,17.49,17.77,17.45,17.5,273636.0,4788630.0
2010-09-08 00:00:00,17.45,17.68,17.27,17.34,212454.0,3683952.36
2010-09-09 00:00:00,17.3,17.52,17.22,17.3,198891.0,3440814.3000000003
2010-09-13 00:00:00,17.4,18.18,17.3,17.95,4345902.0,78008940.89999999
2010-09-14 00:00:00,18.07,18.24,17.86,17.91,1874862.0,33578778.42
2010-09-15 00:00:00,18.07,18.48,17.9,18.32,2607759.0,47774144.88
2010-09-16 00:00:00,18.46,18.72,18.18,18.25,1567071.0,28599045.75
2010-09-17 00:00:00,18.44,18.66,18.33,18.53,784080.0,14529002.4
2010-09-20 00:00:00,18.5,18.71,18.27,18.31,434016.0,7946832.959999999
2010-09-21 00:00:00,18.31,18.67,17.83,18.03,1773288.0,31972382.64
2010-09-22 00:00:00,18.93,18.93,17.69,17.93,1709136.0,30644808.48
2010-09-23 00:00:00,17.78,18.19,17.73,17.91,1319769.0,23637062.79
2010-09-24 00:00:00,17.98,17.98,17.76,17.8,640926.0,11408482.8
2010-09-27 00:00:00,18.06,18.06,17.83,17.93,381249.0,6835794.57
2010-09-28 00:00:00,17.94,18.08,17.88,17.89,314523.0,5626816.47
2010-09-29 00:00:00,17.99,18.24,17.58,17.77,702801.0,12488773.77
2010-09-30 00:00:00,18.08,18.08,17.52,17.61,2302542.0,40547764.62
2010-10-01 00:00:00,17.71,17.96,17.65,17.91,303039.0,5427428.49
2010-10-04 00:00:00,18.0,18.51,17.95,18.31,1238193.0,22671313.83
2010-10-05 00:00:00,18.47,18.47,18.18,18.23,10404306.0,189670498.38
2010-10-06 00:00:00,18.44,18.91,18.28,18.81,3094641.0,58210197.20999999
2010-10-07 00:00:00,18.4,19.47,18.23,18.92,3806748.0,72023672.16000001
2010-10-08 00:00:00,19.14,19.28,18.65,18.91,1084050.0,20499385.5
2010-10-11 00:00:00,18.99,19.23,18.91,19.02,829719.0,15781255.379999999
2010-10-12 00:00:00,18.9,19.06,18.56,18.71,664587.0,12434422.770000001
2010-10-13 00:00:00,18.75,18.94,18.64,18.69,487575.0,9112776.75
2010-10-14 00:00:00,18.74,18.89,18.39,18.51,325116.0,6017897.16
2010-10-15 00:00:00,18.67,18.67,17.64,17.73,936243.0,16599588.39
2010-10-18 00:00:00,17.74,17.98,17.47,17.93,515592.0,9244564.56
2010-10-19 00:00:00,17.95,18.17,17.83,17.89,4077612.0,72948478.68
2010-10-20 00:00:00,17.88,17.93,17.63,17.82,6978312.0,124353519.84
2010-10-21 00:00:00,17.83,17.96,17.68,17.87,217404.0,3885009.4800000004
2010-10-22 00:00:00,18.03,18.03,17.79,17.91,235323.0,4214634.93
2010-10-25 00:00:00,17.98,18.01,17.68,17.96,263835.0,4738476.600000001
2010-10-26 00:00:00,18.17,18.17,17.78,17.82,176814.0,3150825.48
2010-10-27 00:00:00,17.78,17.88,17.73,17.75,273339.0,4851767.25
2010-10-28 00:00:00,17.78,17.8,17.29,17.46,377190.0,6585737.4
2010-10-29 00:00:00,17.46,17.55,16.18,16.49,1694781.0,27946938.689999998
2010-11-01 00:00:00,16.98,16.98,16.42,16.57,276210.0,4576799.7
2010-11-02 00:00:00,16.67,16.92,16.58,16.86,179091.0,3019474.26
2010-11-03 00:00:00,17.0,17.66,16.92,17.52,540738.0,9473729.76
2010-11-04 00:00:00,17.67,17.77,17.17,17.47,3598947.0,62873604.089999996
2010-11-05 00:00:00,17.63,17.78,17.22,17.62,145629.0,2565982.98
2010-11-08 00:00:00,17.73,17.73,17.48,17.65,112860.0,1991978.9999999998
2010-11-09 00:00:00,17.69,17.7,17.43,17.58,199485.0,3506946.3
2010-11-10 00:00:00,17.5,17.68,17.31,17.41,1131669.0,19702357.29
2010-11-11 00:00:00,17.57,17.57,17.17,17.2,1382337.0,23776196.4
2010-11-12 00:00:00,17.27,17.42,17.12,17.16,6314616.0,108358810.56
2010-11-15 00:00:00,17.17,17.32,16.89,17.2,447084.0,7689844.8
2010-11-16 00:00:00,17.17,17.26,16.89,17.12,1317492.0,22555463.040000003
2010-11-18 00:00:00,17.07,17.62,16.97,17.27,894960.0,15455959.2
2010-11-19 00:00:00,16.91,17.62,16.91,17.08,361944.0,6182003.52
2010-11-22 00:00:00,17.12,17.32,16.92,17.21,142461.0,2451753.81
2010-11-23 00:00:00,17.07,17.3,16.92,17.09,132264.0,2260391.76
2010-11-24 00:00:00,17.09,17.41,17.07,17.21,8324217.0,143259774.57
2010-11-25 00:00:00,17.19,17.39,17.17,17.22,138006.0,2376463.32
2010-11-26 00:00:00,17.17,17.47,16.92,17.33,595386.0,10318039.379999999
2010-11-29 00:00:00,17.17,17.47,17.02,17.33,182358.0,3160264.1399999997
2010-11-30 00:00:00,17.55,17.66,17.18,17.24,679041.0,11706666.84
2010-12-01 00:00:00,17.47,17.47,17.24,17.4,4048209.0,70438836.6
2010-12-02 00:00:00,17.65,17.75,17.42,17.53,314721.0,5517059.130000001
2010-12-03 00:00:00,17.65,17.68,17.42,17.52,199881.0,3501915.12
2010-12-06 00:00:00,17.58,18.1,17.46,17.97,1042569.0,18734964.93
2010-12-07 00:00:00,18.06,18.18,17.81,17.98,765270.0,13759554.6
2010-12-08 00:00:00,17.98,18.0,17.63,17.7,101970.0,1804869.0
2010-12-09 00:00:00,17.68,17.73,17.47,17.59,132759.0,2335230.81
2010-12-10 00:00:00,17.45,17.57,17.08,17.32,258489.0,4477029.48
2010-12-13 00:00:00,17.32,17.47,17.08,17.4,99594.0,1732935.5999999999
2010-12-14 00:00:00,17.12,17.67,17.12,17.51,119394.0,2090588.9400000002
2010-12-15 00:00:00,17.63,17.65,17.27,17.46,120879.0,2110547.3400000003
2010-12-16 00:00:00,17.52,17.52,17.32,17.44,3158496.0,55084170.24
2010-12-20 00:00:00,17.55,17.68,17.29,17.34,115533.0,2003342.22
2010-12-21 00:00:00,17.27,17.83,17.27,17.75,104445.0,1853898.75
2010-12-22 00:00:00,17.7,17.94,17.53,17.88,171171.0,3060537.48
2010-12-23 00:00:00,17.88,17.95,17.74,17.84,255618.0,4560225.12
2010-12-24 00:00:00,17.92,17.92,17.53,17.62,63162.0,1112914.4400000002
2010-12-27 00:00:00,17.79,17.79,17.38,17.49,66429.0,1161843.21
2010-12-28 00:00:00,17.32,17.47,17.27,17.44,106623.0,1859505.12
2010-12-29 00:00:00,17.44,17.44,16.33,17.26,202554.0,3496082.0400000005
2010-12-30 00:00:00,17.3,17.91,17.27,17.68,166716.0,2947538.88
2010-12-31 00:00:00,17.68,18.18,17.49,17.69,567072.0,10031503.680000002
2011-01-03 00:00:00,18.1,18.11,17.69,17.72,162261.0,2875264.92
2011-01-04 00:00:00,17.85,17.93,17.55,17.83,329274.0,5870955.419999999
2011-01-05 00:00:00,17.83,17.83,17.6,17.77,234135.0,4160578.9499999997
2011-01-06 00:00:00,17.88,17.88,17.54,17.73,103158.0,1828991.34
2011-01-07 00:00:00,17.6,17.88,17.59,17.66,334422.0,5905892.5200000005
2011-01-10 00:00:00,17.57,17.75,17.09,17.22,282546.0,4865442.12
2011-01-11 00:00:00,17.37,17.37,16.77,17.06,221661.0,3781536.6599999997
2011-01-12 00:00:00,17.07,17.07,16.62,16.98,232452.0,3947034.96
2011-01-13 00:00:00,16.97,17.12,16.89,17.0,151272.0,2571624.0
2011-01-14 00:00:00,16.87,17.58,16.87,17.17,153846.0,2641535.8200000003
2011-01-17 00:00:00,17.07,17.17,16.98,17.07,2844468.0,48555068.76
2011-01-18 00:00:00,17.02,17.37,17.02,17.03,5068503.0,86316606.09
2011-01-19 00:00:00,17.26,17.26,17.02,17.11,33165.0,567453.15
2011-01-20 00:00:00,17.12,17.22,17.04,17.19,66528.0,1143616.32
2011-01-21 00:00:00,17.32,17.61,17.17,17.53,170181.0,2983272.93
2011-01-24 00:00:00,17.47,17.63,17.27,17.36,63954.0,1110241.44
2011-01-25 00:00:00,17.42,17.57,17.22,17.28,89595.0,1548201.6
2011-01-27 00:00:00,17.13,17.59,17.08,17.3,246213.0,4259484.9
2011-01-28 00:00:00,16.95,17.37,16.52,17.07,881199.0,15042066.93
2011-01-31 00:00:00,16.3,17.83,16.3,17.52,411147.0,7203295.4399999995
2011-02-01 00:00:00,17.58,17.77,17.25,17.38,4490046.0,78036999.47999999
2011-02-02 00:00:00,17.61,17.61,17.17,17.53,177012.0,3103020.3600000003
2011-02-03 00:00:00,17.37,18.59,17.22,17.5,503217.0,8806297.5
2011-02-04 00:00:00,17.49,17.51,16.97,17.14,144540.0,2477415.6
2011-02-07 00:00:00,17.07,17.2,16.93,17.0,71775.0,1220175.0
2011-02-08 00:00:00,16.98,17.13,16.92,16.97,141966.0,2409163.02
2011-02-09 00:00:00,16.83,16.97,16.32,16.75,401643.0,6727520.25
2011-02-10 00:00:00,16.84,16.84,16.26,16.57,737748.0,12224484.36
2011-02-11 00:00:00,16.58,16.96,16.32,16.63,260865.0,4338184.95
2011-02-14 00:00:00,16.82,17.35,16.82,17.24,177903.0,3067047.7199999997
2011-02-15 00:00:00,17.24,17.24,16.77,16.96,485298.0,8230654.08
2011-02-16 00:00:00,17.02,17.02,16.52,16.66,765072.0,12746099.52
2011-02-17 00:00:00,16.99,17.07,16.72,16.88,66429.0,1121321.52
2011-02-18 00:00:00,16.83,17.04,16.78,16.88,67419.0,1138032.72
2011-02-21 00:00:00,16.88,16.88,16.62,16.81,99000.0,1664189.9999999998
2011-02-22 00:00:00,16.81,16.92,16.67,16.73,479754.0,8026284.42
2011-02-23 00:00:00,16.82,16.94,16.67,16.88,88704.0,1497323.52
2011-02-24 00:00:00,16.74,17.12,16.74,16.98,354024.0,6011327.5200000005
2011-02-25 00:00:00,16.98,17.3,16.87,17.01,187308.0,3186109.08
2011-02-28 00:00:00,17.01,17.21,16.67,16.78,154836.0,2598148.08
2011-03-01 00:00:00,16.59,17.16,16.59,17.13,100584.0,1723003.92
2011-03-03 00:00:00,17.02,17.02,16.88,16.98,36333.0,616934.34
2011-03-04 00:00:00,17.07,17.17,16.91,16.96,71478.0,1212266.8800000001
2011-03-07 00:00:00,16.96,17.12,16.72,16.91,37917.0,641176.47
2011-03-08 00:00:00,16.97,17.07,16.68,16.75,88110.0,1475842.5
2011-03-09 00:00:00,16.9,16.9,16.68,16.72,93060.0,1555963.2
2011-03-10 00:00:00,16.77,16.98,16.57,16.96,110484.0,1873808.6400000001
2011-03-11 00:00:00,16.62,17.11,16.57,16.71,164934.0,2756047.14
2011-03-14 00:00:00,16.72,16.85,16.62,16.74,71181.0,1191569.94
2011-03-15 00:00:00,16.77,16.92,16.57,16.79,50688.0,851051.5199999999
2011-03-16 00:00:00,16.83,16.86,16.67,16.69,70488.0,1176444.7200000002
2011-03-17 00:00:00,16.67,16.72,16.39,16.45,108702.0,1788147.9
2011-03-18 00:00:00,16.5,16.76,16.41,16.71,92862.0,1551724.02
2011-03-21 00:00:00,16.76,16.76,16.48,16.67,272547.0,4543358.49
2011-03-22 00:00:00,16.36,16.8,16.36,16.74,204435.0,3422241.9
2011-03-23 00:00:00,16.77,16.86,16.7,16.84,269478.0,4538009.52
2011-03-24 00:00:00,16.84,17.47,16.84,17.11,1183743.0,20253842.73
2011-03-25 00:00:00,17.02,17.16,16.98,17.02,293238.0,4990910.76
2011-03-28 00:00:00,17.12,17.12,16.98,17.05,221364.0,3774256.2
2011-03-29 00:00:00,17.05,17.11,16.9,16.97,132264.0,2244520.08
2011-03-30 00:00:00,17.07,17.13,16.97,17.06,37125.0,633352.5
2011-03-31 00:00:00,17.06,17.17,16.83,16.96,233442.0,3959176.3200000003
2011-04-01 00:00:00,17.07,17.17,16.92,16.99,52668.0,894829.32
2011-04-04 00:00:00,16.92,17.07,16.62,17.03,766953.0,13061209.590000002
2011-04-05 00:00:00,17.03,17.88,17.03,17.59,654093.0,11505495.87
2011-04-06 00:00:00,17.59,18.17,17.59,18.11,438372.0,7938916.92
2011-04-07 00:00:00,18.13,18.54,17.94,18.45,270171.0,4984654.95
2011-04-08 00:00:00,18.56,18.56,18.08,18.4,204633.0,3765247.1999999997
2011-04-11 00:00:00,18.33,18.72,18.18,18.53,306108.0,5672181.24
2011-04-13 00:00:00,18.48,18.72,18.33,18.56,181071.0,3360677.76
2011-04-15 00:00:00,18.56,18.8,18.23,18.52,160875.0,2979405.0
2011-04-18 00:00:00,18.49,18.84,18.33,18.45,76527.0,1411923.15
2011-04-19 00:00:00,18.45,18.57,18.2,18.48,148005.0,2735132.4
2011-04-20 00:00:00,18.88,18.98,18.56,18.8,171765.0,3229182.0
2011-04-21 00:00:00,18.82,19.07,18.69,18.87,119295.0,2251096.65
2011-04-25 00:00:00,18.92,18.92,18.43,18.49,76824.0,1420475.7599999998
2011-04-26 00:00:00,18.48,18.48,18.13,18.44,75339.0,1389251.1600000001
2011-04-27 00:00:00,18.47,18.77,18.38,18.47,108999.0,2013211.5299999998
2011-04-28 00:00:00,18.54,18.64,18.32,18.41,101574.0,1869977.34
2011-04-29 00:00:00,18.58,19.05,18.22,18.52,1806849.0,33462843.48
2011-05-02 00:00:00,18.69,18.82,18.34,18.44,292050.0,5385402.0
2011-05-03 00:00:00,18.48,18.52,17.83,17.94,309771.0,5557291.74
2011-05-04 00:00:00,18.18,18.32,17.67,18.17,116820.0,2122619.4000000004
2011-05-05 00:00:00,18.43,18.48,17.89,17.98,205227.0,3689981.46
2011-05-06 00:00:00,18.19,18.4,17.88,18.1,173250.0,3135825.0000000005
2011-05-09 00:00:00,18.4,18.4,17.98,18.11,232155.0,4204327.05
2011-05-10 00:00:00,18.25,18.36,18.0,18.08,175230.0,3168158.4
2011-05-11 00:00:00,18.26,18.26,17.54,17.68,385110.0,6808744.8
2011-05-12 00:00:00,17.73,17.83,17.22,17.36,343233.0,5958524.88
2011-05-13 00:00:00,17.39,17.58,17.24,17.39,138699.0,2411975.61
2011-05-16 00:00:00,17.27,17.53,17.24,17.34,18315.0,317582.1
2011-05-17 00:00:00,17.32,17.39,17.2,17.26,105633.0,1823225.58
2011-05-18 00:00:00,17.27,17.64,17.18,17.3,101970.0,1764081.0
2011-05-19 00:00:00,17.3,17.37,17.12,17.15,81180.0,1392237.0
2011-05-20 00:00:00,17.15,17.42,17.15,17.33,101673.0,1761993.0899999999
2011-05-23 00:00:00,17.07,17.39,16.98,17.04,203148.0,3461641.92
2011-05-24 00:00:00,17.17,17.32,16.93,17.18,178398.0,3064877.64
2011-05-25 00:00:00,17.33,17.42,17.02,17.35,111276.0,1930638.6
2011-05-26 00:00:00,17.37,17.52,16.85,16.91,180081.0,3045169.71
2011-05-27 00:00:00,17.1,17.2,16.97,17.0,78606.0,1336302.0
2011-05-30 00:00:00,17.0,17.36,16.77,16.82,194436.0,3270413.52
2011-05-31 00:00:00,17.11,17.11,16.73,16.83,71478.0,1202974.74
2011-06-01 00:00:00,17.01,17.29,16.65,17.2,144441.0,2484385.1999999997
2011-06-02 00:00:00,17.14,17.22,16.89,16.99,51579.0,876327.21
2011-06-03 00:00:00,17.14,17.17,16.57,16.68,316305.0,5275967.4
2011-06-06 00:00:00,16.76,16.98,16.72,16.93,40095.0,678808.35
2011-06-07 00:00:00,16.82,17.06,16.82,16.93,61380.0,1039163.4
2011-06-08 00:00:00,17.06,17.06,16.69,16.78,188793.0,3167946.54
2011-06-09 00:00:00,16.69,17.06,16.44,17.01,136224.0,2317170.24
2011-06-10 00:00:00,17.12,17.12,16.75,17.03,63162.0,1075648.86
2011-06-13 00:00:00,17.11,17.11,16.82,16.9,88902.0,1502443.7999999998
2011-06-14 00:00:00,17.04,17.04,16.75,16.92,147114.0,2489168.8800000004
2011-06-15 00:00:00,17.12,17.12,16.93,16.97,219384.0,3722946.48
2011-06-16 00:00:00,16.97,17.02,16.7,16.98,3317787.0,56336023.26
2011-06-17 00:00:00,17.06,17.06,16.67,16.7,58608.0,978753.6
2011-06-20 00:00:00,16.76,16.76,15.82,16.25,260964.0,4240665.0
2011-06-21 00:00:00,16.64,16.64,15.92,15.97,191862.0,3064036.14
2011-06-22 00:00:00,16.14,16.14,15.74,15.79,205326.0,3242097.54
2011-06-23 00:00:00,15.82,15.82,15.63,15.69,600732.0,9425485.08
2011-06-24 00:00:00,15.81,15.86,15.66,15.75,611325.0,9628368.75
2011-06-27 00:00:00,15.69,15.86,15.63,15.75,749430.0,11803522.5
2011-06-28 00:00:00,16.0,16.08,15.78,16.06,10078101.0,161854302.05999997
2011-06-29 00:00:00,16.16,16.3,16.06,16.14,230175.0,3715024.5
2011-06-30 00:00:00,16.26,16.36,15.94,16.18,404514.0,6545036.52
2011-07-01 00:00:00,16.55,16.55,16.27,16.4,133551.0,2190236.4
2011-07-04 00:00:00,16.4,16.77,15.98,16.67,277497.0,4625874.99
2011-07-05 00:00:00,16.67,16.77,16.04,16.58,64251.0,1065281.5799999998
2011-07-06 00:00:00,16.62,16.74,16.47,16.55,106029.0,1754779.9500000002
2011-07-07 00:00:00,16.62,16.89,16.62,16.84,77913.0,1312054.92
2011-07-08 00:00:00,16.82,16.91,16.67,16.85,203643.0,3431384.5500000003
2011-07-11 00:00:00,16.85,17.15,16.67,16.9,277101.0,4683006.899999999
2011-07-12 00:00:00,16.9,16.97,16.87,16.89,92367.0,1560078.6300000001
2011-07-13 00:00:00,16.99,17.04,16.85,16.97,260964.0,4428559.08
2011-07-14 00:00:00,17.03,17.17,16.98,17.08,16166106.0,276117090.47999996
2011-07-15 00:00:00,17.36,17.77,17.08,17.22,368379.0,6343486.38
2011-07-18 00:00:00,17.33,17.42,17.27,17.36,207603.0,3603988.08
2011-07-19 00:00:00,17.36,17.44,17.31,17.38,93852.0,1631147.76
2011-07-20 00:00:00,17.37,17.55,17.3,17.39,330066.0,5739847.74
2011-07-21 00:00:00,17.4,17.52,17.27,17.38,184338.0,3203794.44
2011-07-22 00:00:00,17.47,17.69,17.42,17.48,394119.0,6889200.12
2011-07-25 00:00:00,17.62,17.66,17.48,17.58,2710818.0,47656180.44
2011-07-26 00:00:00,17.53,17.68,17.47,17.52,342342.0,5997831.84
2011-07-27 00:00:00,17.7,17.73,17.35,17.52,77715.0,1361566.8
2011-07-28 00:00:00,17.48,17.58,17.46,17.55,184338.0,3235131.9
2011-07-29 00:00:00,16.92,17.78,16.92,17.74,197505.0,3503738.6999999997
2011-08-01 00:00:00,17.69,17.83,17.18,17.34,549747.0,9532612.98
2011-08-02 00:00:00,17.34,17.42,17.17,17.22,149193.0,2569103.46
2011-08-03 00:00:00,17.14,17.17,16.71,16.84,580239.0,9771224.76
2011-08-04 00:00:00,16.85,17.11,16.85,16.9,80289.0,1356884.0999999999
2011-08-05 00:00:00,16.56,16.96,16.26,16.87,242946.0,4098499.02
2011-08-08 00:00:00,16.88,16.96,16.29,16.32,370161.0,6041027.5200000005
2011-08-09 00:00:00,16.17,16.77,15.77,16.58,257400.0,4267692.0
2011-08-10 00:00:00,16.67,16.69,16.4,16.58,102663.0,1702152.5399999998
2011-08-11 00:00:00,16.46,16.87,16.41,16.55,70092.0,1160022.6
2011-08-12 00:00:00,16.82,16.82,16.46,16.59,57420.0,952597.8
2011-08-16 00:00:00,16.62,16.65,16.4,16.49,139986.0,2308369.1399999997
2011-08-17 00:00:00,16.67,16.75,15.61,15.82,385011.0,6090874.0200000005
2011-08-18 00:00:00,15.76,16.19,15.75,16.07,136026.0,2185937.82
2011-08-19 00:00:00,16.06,16.11,15.81,15.9,120681.0,1918827.9000000001
2011-08-22 00:00:00,15.97,16.46,15.94,16.35,188496.0,3081909.6
2011-08-23 00:00:00,16.26,16.46,16.08,16.21,32571.0,527975.91
2011-08-24 00:00:00,16.31,16.42,16.0,16.04,460350.0,7384014.0
2011-08-25 00:00:00,16.01,16.17,15.48,15.73,116919.0,1839135.87
2011-08-26 00:00:00,15.81,15.81,15.48,15.63,87714.0,1370969.82
2011-08-29 00:00:00,15.81,15.91,15.67,15.87,55341.0,878261.6699999999
2011-08-30 00:00:00,16.04,16.04,15.53,15.57,211959.0,3300201.63
2011-09-02 00:00:00,15.76,16.35,15.67,16.03,182358.0,2923198.74
2011-09-05 00:00:00,16.07,16.37,16.07,16.21,89595.0,1452334.9500000002
2011-09-06 00:00:00,16.36,16.36,15.86,16.08,109791.0,1765439.2799999998
2011-09-07 00:00:00,16.11,16.59,15.92,16.41,224433.0,3682945.5300000003
2011-09-08 00:00:00,16.46,16.46,16.18,16.22,173151.0,2808509.2199999997
2011-09-09 00:00:00,16.31,16.32,16.16,16.2,32571.0,527650.2
2011-09-12 00:00:00,16.18,16.2,15.87,15.94,86229.0,1374490.26
2011-09-13 00:00:00,15.93,15.96,15.7,15.77,157113.0,2477672.01
2011-09-14 00:00:00,15.77,15.94,15.73,15.87,320859.0,5092032.33
2011-09-15 00:00:00,16.12,16.15,15.91,16.11,28809.0,464112.99
2011-09-16 00:00:00,16.11,16.16,15.73,15.81,69795.0,1103458.95
2011-09-19 00:00:00,15.82,16.01,15.76,15.89,61083.0,970608.87
2011-09-20 00:00:00,16.34,16.34,15.78,15.99,18612.0,297605.88
2011-09-21 00:00:00,16.16,16.16,15.86,16.05,32274.0,517997.7
2011-09-22 00:00:00,15.84,16.25,15.84,16.0,138204.0,2211264.0
2011-09-23 00:00:00,15.91,15.96,15.4,15.55,550737.0,8563960.35
2011-09-26 00:00:00,15.4,15.4,15.02,15.1,212355.0,3206560.5
2011-09-27 00:00:00,15.32,15.38,15.21,15.29,2530836.0,38696482.44
2011-09-28 00:00:00,15.3,15.45,15.27,15.36,36135.0,555033.6
2011-09-29 00:00:00,15.35,15.5,15.16,15.29,117513.0,1796773.7699999998
2011-09-30 00:00:00,15.15,15.56,15.15,15.48,58509.0,905719.3200000001
2011-10-03 00:00:00,15.24,15.33,14.8,14.93,104940.0,1566754.2
2011-10-04 00:00:00,14.93,15.3,14.8,15.13,61479.0,930177.27
2011-10-05 00:00:00,15.1,15.32,15.1,15.17,316800.0,4805856.0
2011-10-07 00:00:00,15.23,15.48,15.17,15.34,37323.0,572534.82
2011-10-10 00:00:00,15.53,15.53,14.77,15.4,56529.0,870546.6
2011-10-11 00:00:00,15.4,15.55,15.37,15.51,54450.0,844519.5
2011-10-12 00:00:00,15.51,15.6,15.43,15.49,85041.0,1317285.09
2011-10-13 00:00:00,15.67,15.76,15.61,15.64,59103.0,924370.92
2011-10-14 00:00:00,15.73,15.73,15.42,15.5,27918.0,432729.0
2011-10-17 00:00:00,15.56,15.56,15.36,15.46,18315.0,283149.9
2011-10-18 00:00:00,15.45,15.61,15.35,15.39,59499.0,915689.61
2011-10-19 00:00:00,15.45,15.52,15.34,15.48,18018.0,278918.64
2011-10-20 00:00:00,15.63,15.63,15.3,15.4,22077.0,339985.8
2011-10-21 00:00:00,15.49,15.49,15.3,15.38,15642.0,240573.96000000002
2011-10-24 00:00:00,15.38,15.48,15.27,15.35,28710.0,440698.5
2011-10-25 00:00:00,15.38,15.5,15.25,15.41,56133.0,865009.53
2011-10-26 00:00:00,15.65,15.65,15.56,15.62,30096.0,470099.51999999996
2011-10-28 00:00:00,15.76,15.96,15.38,15.77,120879.0,1906261.8299999998
2011-10-31 00:00:00,15.81,16.44,15.69,15.81,508464.0,8038815.84
2011-11-01 00:00:00,15.86,16.06,15.82,15.97,86724.0,1384982.28
2011-11-02 00:00:00,15.86,15.95,15.81,15.82,44946.0,711045.72
2011-11-03 00:00:00,15.69,15.86,15.56,15.77,56826.0,896146.02
2011-11-04 00:00:00,15.88,16.06,15.72,15.8,103257.0,1631460.6
2011-11-08 00:00:00,15.81,16.02,15.81,15.94,53559.0,853730.46
2011-11-09 00:00:00,16.0,16.02,15.82,15.97,117909.0,1883006.73
2011-11-11 00:00:00,15.81,16.01,15.74,15.94,199683.0,3182947.02
2011-11-14 00:00:00,15.91,15.95,15.71,15.83,47322.0,749107.26
2011-11-15 00:00:00,15.83,15.83,15.37,15.47,92565.0,1431980.55
2011-11-16 00:00:00,15.47,15.52,15.17,15.31,40491.0,619917.21
2011-11-17 00:00:00,15.31,15.38,15.08,15.17,47421.0,719376.57
2011-11-18 00:00:00,15.08,15.27,15.0,15.08,119394.0,1800461.52
2011-11-21 00:00:00,15.11,15.11,14.95,15.03,37917.0,569892.51
2011-11-22 00:00:00,14.89,15.25,14.89,15.17,24453.0,370952.01
2011-11-23 00:00:00,15.16,15.16,14.8,14.89,84744.0,1261838.1600000001
2011-11-24 00:00:00,15.07,15.4,14.78,15.13,84348.0,1276185.24
2011-11-25 00:00:00,15.09,15.35,14.85,15.21,135234.0,2056909.1400000001
2011-11-28 00:00:00,15.21,15.25,15.05,15.12,37818.0,571808.1599999999
2011-11-29 00:00:00,15.23,15.33,15.16,15.27,14850.0,226759.5
2011-11-30 00:00:00,15.27,15.27,14.95,15.16,73656.0,1116624.96
2011-12-01 00:00:00,15.26,15.4,14.98,15.06,27918.0,420445.08
2011-12-02 00:00:00,15.23,15.29,15.15,15.18,18315.0,278021.7
2011-12-05 00:00:00,15.25,15.35,15.11,15.16,24849.0,376710.84
2011-12-07 00:00:00,15.26,15.49,15.25,15.44,189090.0,2919549.6
2011-12-08 00:00:00,15.56,15.66,15.25,15.42,75438.0,1163253.96
2011-12-09 00:00:00,15.16,15.48,14.97,15.44,75636.0,1167819.8399999999
2011-12-12 00:00:00,15.43,15.46,15.3,15.37,34650.0,532570.5
2011-12-13 00:00:00,15.36,15.36,14.94,15.1,85536.0,1291593.5999999999
2011-12-14 00:00:00,15.1,15.22,15.05,15.15,23364.0,353964.60000000003
2011-12-15 00:00:00,15.14,15.22,15.0,15.07,25047.0,377458.29
2011-12-16 00:00:00,15.15,15.2,14.74,14.89,48015.0,714943.35
2011-12-19 00:00:00,14.89,14.89,14.15,14.23,329274.0,4685569.0200000005
2011-12-20 00:00:00,14.17,14.17,13.87,14.01,697356.0,9769957.56
2011-12-21 00:00:00,14.38,14.38,13.84,13.99,197010.0,2756169.9
2011-12-22 00:00:00,13.86,14.19,13.86,14.1,50589.0,713304.9
2011-12-23 00:00:00,14.19,14.24,13.99,14.16,42273.0,598585.68
2011-12-26 00:00:00,14.19,14.26,14.09,14.2,39600.0,562320.0
2011-12-27 00:00:00,14.2,14.2,13.85,13.94,123057.0,1715414.5799999998
2011-12-28 00:00:00,13.94,13.94,13.54,13.68,91773.0,1255454.64
2011-12-29 00:00:00,13.65,13.89,13.32,13.63,193941.0,2643415.83
2011-12-30 00:00:00,13.64,14.16,13.06,13.61,317790.0,4325121.899999999
2012-01-02 00:00:00,13.59,13.99,13.59,13.68,87714.0,1199927.52
2012-01-03 00:00:00,13.84,14.21,13.8,14.11,132660.0,1871832.5999999999
2012-01-04 00:00:00,14.14,14.34,14.06,14.25,237798.0,3388621.5
2012-01-05 00:00:00,14.15,14.31,14.09,14.22,18414.0,261847.08000000002
2012-01-06 00:00:00,14.14,14.6,13.94,14.31,191169.0,2735628.39
2012-01-07 00:00:00,14.24,14.24,14.19,14.24,2871.0,40883.04
2012-01-09 00:00:00,14.64,14.7,13.89,14.5,178398.0,2586771.0
2012-01-10 00:00:00,14.66,14.75,14.53,14.59,45639.0,665873.01
2012-01-11 00:00:00,14.76,15.16,14.6,14.87,160578.0,2387794.86
2012-01-12 00:00:00,14.87,14.95,14.56,14.76,65637.0,968802.12
2012-01-13 00:00:00,14.95,15.4,14.95,15.34,709137.0,10878161.58
2012-01-16 00:00:00,15.35,15.35,14.9,15.19,128106.0,1945930.14
2012-01-17 00:00:00,15.25,15.5,15.23,15.25,89397.0,1363304.25
2012-01-18 00:00:00,14.93,15.47,14.12,15.13,113652.0,1719554.76
2012-01-19 00:00:00,15.25,15.45,14.95,15.11,10584882.0,159937567.01999998
2012-01-20 00:00:00,15.16,15.25,14.67,14.8,134640.0,1992672.0
2012-01-23 00:00:00,14.95,15.1,14.77,14.8,1120779.0,16587529.200000001
2012-01-24 00:00:00,14.85,14.95,14.7,14.74,75042.0,1106119.08
2012-01-25 00:00:00,14.66,14.76,14.29,14.45,437580.0,6323031.0
2012-01-27 00:00:00,14.65,14.7,14.39,14.52,367884.0,5341675.68
2012-01-30 00:00:00,14.39,14.69,13.94,14.1,6909606.0,97425444.6
2012-01-31 00:00:00,14.1,14.34,14.03,14.2,220077.0,3125093.4
2012-02-01 00:00:00,14.2,14.28,13.82,13.94,730422.0,10182082.68
2012-02-02 00:00:00,14.2,14.29,13.96,14.2,263340.0,3739428.0
2012-02-03 00:00:00,14.09,14.6,14.09,14.46,197109.0,2850196.14
2012-02-06 00:00:00,14.45,14.85,14.45,14.76,363924.0,5371518.24
2012-02-07 00:00:00,14.9,15.16,14.9,14.99,10087605.0,151213198.95
2012-02-08 00:00:00,14.99,15.61,14.99,15.51,625581.0,9702761.31
2012-02-09 00:00:00,15.65,15.86,15.35,15.57,589545.0,9179215.65
2012-02-10 00:00:00,16.03,16.03,15.22,15.45,264033.0,4079309.8499999996
2012-02-13 00:00:00,15.45,15.82,15.42,15.48,139392.0,2157788.16
2012-02-14 00:00:00,15.66,15.66,15.4,15.44,130581.0,2016170.64
2012-02-15 00:00:00,15.74,15.74,15.16,15.3,339966.0,5201479.8
2012-02-16 00:00:00,15.36,15.61,15.3,15.34,1050588.0,16116019.92
2012-02-17 00:00:00,15.4,15.68,15.05,15.12,526680.0,7963401.6
2012-02-21 00:00:00,15.13,15.2,15.0,15.05,214632.0,3230211.6
2012-02-22 00:00:00,15.0,15.22,15.0,15.09,945450.0,14266840.5
2012-02-23 00:00:00,15.45,15.96,15.26,15.39,2047419.0,31509778.41
2012-02-24 00:00:00,15.42,15.65,14.7,14.87,1550637.0,23057972.189999998
2012-02-27 00:00:00,14.9,15.14,14.8,15.09,4808925.0,72566678.25
2012-02-28 00:00:00,15.34,15.81,15.25,15.78,6125823.0,96665486.94
2012-02-29 00:00:00,15.96,16.61,15.86,16.36,1524006.0,24932738.16
2012-03-01 00:00:00,16.36,16.62,15.99,16.08,1081674.0,17393317.919999998
2012-03-02 00:00:00,16.17,16.29,15.55,15.96,515592.0,8228848.32
2012-03-03 00:00:00,15.96,16.01,15.91,15.94,44946.0,716439.24
2012-03-05 00:00:00,16.11,16.18,15.66,15.78,453024.0,7148718.72
2012-03-06 00:00:00,15.45,16.01,15.45,15.74,224928.0,3540366.72
2012-03-07 00:00:00,15.67,15.75,15.46,15.56,165627.0,2577156.12
2012-03-09 00:00:00,15.66,15.94,15.59,15.73,184239.0,2898079.47
2012-03-12 00:00:00,15.8,15.91,15.68,15.83,130878.0,2071798.74
2012-03-13 00:00:00,15.87,16.26,15.81,16.18,260073.0,4207981.14
2012-03-14 00:00:00,16.45,16.53,16.2,16.43,595584.0,9785445.12
2012-03-15 00:00:00,16.43,16.65,16.28,16.43,478566.0,7862839.38
2012-03-16 00:00:00,15.91,16.83,15.81,15.99,1642113.0,26257386.87
2012-03-19 00:00:00,15.99,16.14,15.67,15.8,2346795.0,37079361.0
2012-03-20 00:00:00,15.67,16.01,15.67,15.78,262944.0,4149256.32
2012-03-21 00:00:00,15.81,16.11,15.67,16.04,77418.0,1241784.72
2012-03-22 00:00:00,16.06,16.22,15.58,15.65,206019.0,3224197.35
2012-03-23 00:00:00,15.71,15.73,15.61,15.65,402237.0,6295009.05
2012-03-26 00:00:00,15.67,15.8,15.46,15.5,116226.0,1801503.0
2012-03-27 00:00:00,15.51,15.75,15.49,15.55,199683.0,3105070.6500000004
2012-03-28 00:00:00,15.45,15.56,15.2,15.26,171270.0,2613580.2
2012-03-29 00:00:00,15.16,15.22,14.97,15.07,244134.0,3679099.38
2012-03-30 00:00:00,15.06,15.4,15.06,15.39,150183.0,2311316.37
2012-04-02 00:00:00,15.45,15.65,15.32,15.36,209385.0,3216153.6
2012-04-03 00:00:00,15.35,15.4,14.81,15.34,5310657.0,81465478.38
2012-04-04 00:00:00,14.97,15.35,14.97,15.3,602712.0,9221493.6
2012-04-09 00:00:00,15.04,15.25,14.95,15.17,7026921.0,106598391.57
2012-04-10 00:00:00,15.4,15.4,15.04,15.17,757251.0,11487497.67
2012-04-11 00:00:00,15.15,15.15,15.04,15.11,1145529.0,17308943.189999998
2012-04-12 00:00:00,15.22,15.22,14.96,15.0,307197.0,4607955.0
2012-04-13 00:00:00,15.1,15.15,15.0,15.1,1587960.0,23978196.0
2012-04-16 00:00:00,15.1,15.24,14.78,15.0,2042766.0,30641490.0
2012-04-17 00:00:00,15.05,15.19,15.0,15.16,50787.0,769930.92
2012-04-18 00:00:00,15.2,15.99,15.19,15.36,4254525.0,65349504.0
2012-04-19 00:00:00,15.47,15.71,15.4,15.48,303435.0,4697173.8
2012-04-20 00:00:00,15.51,15.51,15.13,15.16,223344.0,3385895.04
2012-04-23 00:00:00,15.26,15.36,14.83,14.9,876447.0,13059060.3
2012-04-24 00:00:00,15.12,15.12,14.8,14.83,303534.0,4501409.22
2012-04-25 00:00:00,15.0,15.35,14.86,14.96,919413.0,13754418.48
2012-04-26 00:00:00,14.65,14.93,14.19,14.81,1897434.0,28100997.54
2012-04-27 00:00:00,14.67,14.84,14.58,14.77,184833.0,2729983.41
2012-04-28 00:00:00,14.72,14.84,14.71,14.74,28413.0,418807.62
2012-04-30 00:00:00,14.75,14.86,14.71,14.79,106722.0,1578418.38
2012-05-02 00:00:00,14.85,15.02,14.71,14.76,125334.0,1849929.84
2012-05-03 00:00:00,14.77,14.78,14.47,14.56,84150.0,1225224.0
2012-05-04 00:00:00,14.5,14.6,14.32,14.36,93060.0,1336341.5999999999
2012-05-07 00:00:00,14.39,14.52,13.89,14.39,3659238.0,52656434.82
2012-05-08 00:00:00,14.16,14.45,14.16,14.22,181764.0,2584684.08
2012-05-09 00:00:00,14.14,14.3,14.14,14.2,54846.0,778813.2
2012-05-10 00:00:00,14.44,14.47,13.99,14.33,213147.0,3054396.5100000002
2012-05-11 00:00:00,14.34,14.39,14.1,14.12,107613.0,1519495.5599999998
2012-05-14 00:00:00,14.21,14.21,13.65,13.78,116919.0,1611143.8199999998
2012-05-15 00:00:00,13.94,13.94,13.48,13.56,154341.0,2092863.96
2012-05-16 00:00:00,13.38,13.54,13.28,13.37,214533.0,2868306.21
2012-05-17 00:00:00,13.27,13.38,13.03,13.11,177507.0,2327116.77
2012-05-18 00:00:00,13.03,13.15,12.48,12.52,353529.0,4426183.08
2012-05-21 00:00:00,12.54,12.88,12.53,12.7,319275.0,4054792.5
2012-05-22 00:00:00,12.79,12.88,12.67,12.73,83259.0,1059887.07
2012-05-23 00:00:00,12.83,12.83,12.42,12.49,359865.0,4494713.85
2012-05-24 00:00:00,12.47,12.67,12.42,12.57,167409.0,2104331.13
2012-05-25 00:00:00,12.57,12.62,12.48,12.56,111375.0,1398870.0
2012-05-28 00:00:00,12.43,12.92,12.37,12.88,223245.0,2875395.6
2012-05-29 00:00:00,12.88,12.92,12.74,12.84,97317.0,1249550.28
2012-05-30 00:00:00,12.83,12.84,12.67,12.7,38412.0,487832.39999999997
2012-05-31 00:00:00,12.58,12.67,12.5,12.55,66033.0,828714.15
2012-06-01 00:00:00,12.58,12.67,12.28,12.34,156123.0,1926557.82
2012-06-04 00:00:00,12.28,12.64,12.11,12.48,279477.0,3487872.96
2012-06-05 00:00:00,12.63,12.63,12.16,12.19,178398.0,2174671.62
2012-06-06 00:00:00,12.29,12.68,12.12,12.55,189486.0,2378049.3000000003
2012-06-07 00:00:00,12.73,13.06,12.68,12.92,284724.0,3678634.08
2012-06-08 00:00:00,13.0,13.28,13.0,13.09,316305.0,4140432.45
2012-06-11 00:00:00,13.23,13.23,12.87,12.94,131373.0,1699966.6199999999
2012-06-12 00:00:00,12.83,12.93,12.64,12.78,109494.0,1399333.3199999998
2012-06-13 00:00:00,12.76,12.82,12.65,12.72,82071.0,1043943.12
2012-06-14 00:00:00,12.68,12.78,12.47,12.56,62964.0,790827.8400000001
2012-06-15 00:00:00,12.58,12.6,12.46,12.5,116622.0,1457775.0
2012-06-18 00:00:00,12.63,12.72,12.42,12.51,81675.0,1021754.25
2012-06-19 00:00:00,12.47,12.72,12.42,12.64,77517.0,979814.88
2012-06-20 00:00:00,12.68,12.77,12.65,12.74,52668.0,670990.3200000001
2012-06-21 00:00:00,12.81,13.0,12.73,12.94,178893.0,2314875.42
2012-06-22 00:00:00,12.94,13.08,12.83,12.99,106524.0,1383746.76
2012-06-25 00:00:00,13.03,13.18,13.03,13.08,63063.0,824864.04
2012-06-26 00:00:00,13.02,13.12,13.02,13.05,138699.0,1810021.9500000002
2012-06-27 00:00:00,13.08,13.13,13.0,13.09,37917.0,496333.52999999997
2012-06-28 00:00:00,13.11,13.38,13.06,13.26,128997.0,1710500.22
2012-06-29 00:00:00,13.33,13.62,13.33,13.53,98604.0,1334112.1199999999
2012-07-02 00:00:00,13.55,13.74,13.55,13.67,59301.0,810644.67
2012-07-03 00:00:00,13.74,13.84,13.33,13.68,84447.0,1155234.96
2012-07-04 00:00:00,13.88,13.88,13.73,13.77,41382.0,569830.14
2012-07-05 00:00:00,13.78,13.88,13.7,13.77,140184.0,1930333.68
2012-07-06 00:00:00,13.93,14.11,13.62,13.7,525690.0,7201953.0
2012-07-09 00:00:00,13.71,13.79,13.47,13.5,177309.0,2393671.5
2012-07-10 00:00:00,13.57,13.64,13.4,13.46,114048.0,1535086.08
2012-07-11 00:00:00,13.54,13.57,13.19,13.25,255123.0,3380379.75
2012-07-12 00:00:00,13.13,13.69,13.13,13.46,312048.0,4200166.08
2012-07-13 00:00:00,13.42,13.59,13.35,13.5,81279.0,1097266.5
2012-07-16 00:00:00,13.51,13.61,13.45,13.49,36135.0,487461.15
2012-07-17 00:00:00,13.49,13.57,13.23,13.35,73656.0,983307.6
2012-07-18 00:00:00,13.36,13.45,13.19,13.29,69795.0,927575.5499999999
2012-07-19 00:00:00,13.44,13.45,13.31,13.37,39501.0,528128.37
2012-07-20 00:00:00,13.38,13.41,13.21,13.23,27621.0,365425.83
2012-07-23 00:00:00,13.61,13.61,12.97,13.07,81774.0,1068786.18
2012-07-24 00:00:00,13.03,13.08,12.88,12.91,153153.0,1977205.23
2012-07-25 00:00:00,13.08,13.08,12.61,12.68,88506.0,1122256.08
2012-07-26 00:00:00,12.77,12.78,12.42,12.64,109296.0,1381501.4400000002
2012-07-27 00:00:00,12.81,12.98,12.37,12.43,187605.0,2331930.15
2012-07-30 00:00:00,12.97,12.97,11.43,11.58,2788038.0,32285480.04
2012-07-31 00:00:00,11.52,11.92,11.36,11.72,1377981.0,16149937.32
2012-08-01 00:00:00,11.82,12.4,11.82,12.33,760023.0,9371083.59
2012-08-02 00:00:00,12.33,13.09,12.32,12.99,906939.0,11781137.61
2012-08-03 00:00:00,13.03,13.11,12.77,12.86,366894.0,4718256.84
2012-08-06 00:00:00,12.93,12.93,12.68,12.79,130185.0,1665066.15
2012-08-07 00:00:00,12.88,12.98,12.82,12.86,119394.0,1535406.8399999999
2012-08-08 00:00:00,12.98,13.08,12.82,12.9,82863.0,1068932.7
2012-08-09 00:00:00,12.83,12.98,12.69,12.74,68508.0,872791.92
2012-08-10 00:00:00,12.75,12.83,12.57,12.74,50193.0,639458.8200000001
2012-08-13 00:00:00,12.56,12.83,12.56,12.75,163350.0,2082712.5
2012-08-14 00:00:00,12.73,12.8,12.65,12.69,79299.0,1006304.3099999999
2012-08-16 00:00:00,12.72,12.78,12.64,12.68,37818.0,479532.24
2012-08-17 00:00:00,12.77,12.8,12.63,12.69,93654.0,1188469.26
2012-08-21 00:00:00,12.68,12.73,12.53,12.67,48213.0,610858.71
2012-08-22 00:00:00,12.83,12.83,12.55,12.71,136719.0,1737698.4900000002
2012-08-23 00:00:00,12.77,12.77,12.65,12.7,75042.0,953033.3999999999
2012-08-24 00:00:00,12.7,12.71,12.32,12.42,65340.0,811522.8
2012-08-27 00:00:00,12.38,12.54,12.34,12.41,71478.0,887041.98
2012-08-28 00:00:00,12.39,12.76,12.35,12.58,116424.0,1464613.92
2012-08-29 00:00:00,12.72,12.78,12.47,12.69,363132.0,4608145.08
2012-08-30 00:00:00,12.57,12.68,12.4,12.58,108801.0,1368716.58
2012-08-31 00:00:00,12.71,12.71,12.48,12.55,33957.0,426160.35000000003
2012-09-03 00:00:00,12.58,12.68,12.56,12.56,34551.0,433960.56
2012-09-04 00:00:00,12.64,12.64,12.47,12.56,49401.0,620476.56
2012-09-05 00:00:00,12.34,12.82,12.25,12.32,94545.0,1164794.4000000001
2012-09-06 00:00:00,12.44,12.57,12.32,12.38,54252.0,671639.76
2012-09-07 00:00:00,12.37,12.52,12.37,12.44,31185.0,387941.39999999997
2012-09-08 00:00:00,12.32,12.44,12.32,12.38,7920.0,98049.6
2012-09-10 00:00:00,12.7,12.7,12.13,12.26,76230.0,934579.7999999999
2012-09-11 00:00:00,12.4,12.4,12.06,12.1,85635.0,1036183.5
2012-09-12 00:00:00,12.17,12.22,11.92,11.98,152658.0,1828842.84
2012-09-13 00:00:00,12.07,12.2,11.84,11.88,123354.0,1465445.52
2012-09-14 00:00:00,12.07,12.16,11.82,11.89,111375.0,1324248.75
2012-09-17 00:00:00,12.02,12.22,11.87,12.1,353430.0,4276503.0
2012-09-18 00:00:00,12.02,12.42,12.02,12.17,155925.0,1897607.25
2012-09-20 00:00:00,12.02,12.58,12.02,12.21,246114.0,3005051.9400000004
2012-09-21 00:00:00,12.32,12.53,12.26,12.38,400455.0,4957632.9
2012-09-24 00:00:00,12.45,12.52,11.93,11.97,382833.0,4582511.010000001
2012-09-25 00:00:00,12.12,12.2,11.8,11.95,581526.0,6949235.699999999
2012-09-26 00:00:00,12.32,12.32,11.95,11.98,411939.0,4935029.22
2012-09-27 00:00:00,11.92,12.08,11.92,11.99,110583.0,1325890.17
2012-09-28 00:00:00,12.07,12.3,12.02,12.18,3491334.0,42524448.12
2012-10-01 00:00:00,12.17,12.58,12.17,12.47,283140.0,3530755.8000000003
2012-10-03 00:00:00,12.53,12.69,12.34,12.43,119394.0,1484067.42
2012-10-04 00:00:00,12.44,12.62,12.36,12.46,135729.0,1691183.34
2012-10-05 00:00:00,12.52,12.52,12.26,12.34,79992.0,987101.28
2012-10-08 00:00:00,12.41,12.52,12.37,12.39,61380.0,760498.2000000001
2012-10-09 00:00:00,12.42,12.52,12.32,12.39,65736.0,814469.04
2012-10-10 00:00:00,12.27,12.49,12.27,12.45,60687.0,755553.1499999999
2012-10-11 00:00:00,12.44,12.72,12.35,12.57,171963.0,2161574.91
2012-10-12 00:00:00,12.58,12.63,12.44,12.52,70983.0,888707.1599999999
2012-10-15 00:00:00,12.45,12.78,12.45,12.72,77913.0,991053.3600000001
2012-10-16 00:00:00,12.83,13.03,12.44,12.56,688050.0,8641908.0
2012-10-17 00:00:00,12.63,12.88,12.63,12.85,1180575.0,15170388.75
2012-10-18 00:00:00,12.88,13.24,12.88,13.21,1267893.0,16748866.530000001
2012-10-19 00:00:00,13.16,13.55,12.89,13.11,1669635.0,21888914.849999998
2012-10-22 00:00:00,12.97,13.2,12.83,13.15,104445.0,1373451.75
2012-10-23 00:00:00,13.02,13.08,12.88,12.95,53955.0,698717.25
2012-10-25 00:00:00,12.93,13.12,12.93,13.05,50688.0,661478.4
2012-10-26 00:00:00,13.03,13.18,12.98,13.0,29601.0,384813.0
2012-10-29 00:00:00,12.94,12.94,12.63,12.69,159192.0,2020146.48
2012-10-30 00:00:00,12.18,12.31,11.92,12.17,763983.0,9297673.11
2012-10-31 00:00:00,12.32,12.42,12.23,12.39,98604.0,1221703.56
2012-11-01 00:00:00,12.42,12.45,12.38,12.42,46035.0,571754.7
2012-11-02 00:00:00,12.41,12.63,12.13,12.28,2636964.0,32381917.919999998
2012-11-05 00:00:00,12.42,12.42,12.13,12.16,2100780.0,25545484.8
2012-11-06 00:00:00,12.18,12.22,11.97,12.11,1942776.0,23527017.36
2012-11-07 00:00:00,12.94,12.94,11.98,12.28,200772.0,2465480.1599999997
2012-11-08 00:00:00,12.14,12.28,12.06,12.12,2110680.0,25581441.599999998
2012-11-09 00:00:00,12.21,12.73,11.84,11.88,995544.0,11827062.72
2012-11-12 00:00:00,12.17,12.17,11.87,11.93,1642509.0,19595132.37
2012-11-13 00:00:00,12.02,12.22,12.02,12.13,84150.0,1020739.5000000001
2012-11-15 00:00:00,12.15,12.15,11.87,11.99,207306.0,2485598.94
2012-11-16 00:00:00,12.02,12.17,12.02,12.07,149193.0,1800759.51
2012-11-19 00:00:00,12.21,12.21,11.87,12.07,66231.0,799408.17
2012-11-20 00:00:00,12.07,12.2,12.01,12.05,2020194.0,24343337.700000003
2012-11-21 00:00:00,12.18,12.19,11.98,12.1,3096126.0,37463124.6
2012-11-22 00:00:00,12.12,12.26,12.01,12.15,46728.0,567745.2000000001
2012-11-23 00:00:00,12.19,12.26,11.86,11.89,450450.0,5355850.5
2012-11-26 00:00:00,12.25,12.62,11.77,12.07,66627.0,804187.89
2012-11-27 00:00:00,11.96,12.1,11.93,12.03,43065.0,518071.94999999995
2012-11-29 00:00:00,12.11,12.3,12.01,12.15,74646.0,906948.9
2012-11-30 00:00:00,12.14,12.15,11.97,12.01,112860.0,1355448.5999999999
2012-12-03 00:00:00,12.11,12.11,11.92,11.97,87615.0,1048751.55
2012-12-04 00:00:00,12.02,12.11,11.93,12.08,168597.0,2036651.76
2012-12-05 00:00:00,12.23,12.42,11.96,12.12,302841.0,3670432.92
2012-12-06 00:00:00,12.29,12.29,12.0,12.05,25542.0,307781.10000000003
2012-12-07 00:00:00,12.42,12.42,12.02,12.06,3771603.0,45485532.18
2012-12-10 00:00:00,12.18,12.27,12.07,12.12,399663.0,4843915.56
2012-12-11 00:00:00,12.36,12.73,11.87,12.01,1069200.0,12841092.0
2012-12-12 00:00:00,12.04,12.17,11.85,11.9,373329.0,4442615.100000001
2012-12-13 00:00:00,12.17,12.17,11.86,11.95,107415.0,1283609.25
2012-12-14 00:00:00,12.01,12.01,11.77,11.94,158796.0,1896024.24
2012-12-17 00:00:00,11.83,12.0,11.77,11.86,128403.0,1522859.5799999998
2012-12-18 00:00:00,11.92,11.94,11.72,11.84,99297.0,1175676.48
2012-12-19 00:00:00,11.96,12.27,11.84,11.97,133056.0,1592680.32
2012-12-20 00:00:00,12.02,12.02,11.96,11.99,51480.0,617245.2
2012-12-21 00:00:00,12.2,12.2,11.91,11.94,58905.0,703325.7
2012-12-24 00:00:00,12.02,12.07,11.88,11.99,66330.0,795296.7000000001
2012-12-26 00:00:00,12.02,12.24,12.0,12.19,359568.0,4383133.92
2012-12-27 00:00:00,12.31,12.49,12.27,12.39,269280.0,3336379.2
2012-12-28 00:00:00,12.42,12.84,12.42,12.78,567765.0,7256036.699999999
2012-12-31 00:00:00,12.83,13.38,12.83,13.17,355905.0,4687268.85
2013-01-01 00:00:00,13.38,13.38,12.93,13.03,219879.0,2865023.3699999996
2013-01-02 00:00:00,13.08,13.38,12.99,13.32,5221359.0,69548501.88
2013-01-03 00:00:00,13.29,13.37,13.08,13.14,127215.0,1671605.1
2013-01-04 00:00:00,13.23,13.33,13.13,13.3,85239.0,1133678.7
2013-01-07 00:00:00,13.38,13.38,13.13,13.2,29601.0,390733.19999999995
2013-01-08 00:00:00,13.16,13.38,13.13,13.34,195030.0,2601700.2
2013-01-09 00:00:00,13.38,13.48,13.33,13.38,7615674.0,101897718.12
2013-01-10 00:00:00,12.98,13.63,12.98,13.12,1276308.0,16745160.959999999
2013-01-11 00:00:00,13.08,13.38,12.98,13.02,96723.0,1259333.46
2013-01-14 00:00:00,13.25,13.25,13.08,13.12,33363.0,437722.56
2013-01-15 00:00:00,13.08,13.28,13.03,13.11,159390.0,2089602.9
2013-01-16 00:00:00,13.25,13.35,12.99,13.05,65043.0,848811.15
2013-01-17 00:00:00,13.08,13.18,12.95,13.06,33660.0,439599.60000000003
2013-01-18 00:00:00,13.03,13.22,12.98,13.13,63855.0,838416.15
2013-01-21 00:00:00,13.18,13.23,12.98,13.02,89595.0,1166526.9
2013-01-22 00:00:00,13.03,13.08,12.78,12.85,39402.0,506315.7
2013-01-23 00:00:00,12.93,13.05,12.54,12.6,188892.0,2380039.1999999997
2013-01-24 00:00:00,12.47,12.53,12.12,12.15,97614.0,1186010.1
2013-01-25 00:00:00,12.17,13.11,11.94,12.54,975744.0,12235829.76
2013-01-28 00:00:00,12.91,13.32,12.74,13.21,1004652.0,13271452.92
2013-01-29 00:00:00,13.08,13.15,12.9,12.98,194337.0,2522494.2600000002
2013-01-30 00:00:00,13.07,13.07,12.8,12.84,49302.0,633037.6799999999
2013-01-31 00:00:00,12.79,12.95,12.69,12.86,104445.0,1343162.7
2013-02-01 00:00:00,13.02,13.03,12.72,12.83,92169.0,1182528.27
2013-02-04 00:00:00,12.88,13.03,12.7,12.77,47421.0,605566.1699999999
2013-02-05 00:00:00,12.65,12.93,12.63,12.88,56727.0,730643.76
2013-02-06 00:00:00,12.88,12.93,12.78,12.88,50094.0,645210.7200000001
2013-02-07 00:00:00,12.83,13.18,12.83,13.1,94842.0,1242430.2
2013-02-08 00:00:00,13.08,13.08,12.8,12.83,31383.0,402643.89
2013-02-11 00:00:00,12.88,12.93,12.69,12.87,39303.0,505829.61
2013-02-12 00:00:00,12.86,12.88,12.76,12.81,30096.0,385529.76
2013-02-13 00:00:00,12.81,12.83,12.73,12.73,31680.0,403286.4
2013-02-14 00:00:00,12.73,12.73,12.42,12.47,106920.0,1333292.4000000001
2013-02-15 00:00:00,12.42,12.52,12.22,12.3,42174.0,518740.2
2013-02-18 00:00:00,12.32,12.51,12.2,12.23,65736.0,803951.28
2013-02-19 00:00:00,12.32,12.37,12.11,12.16,51777.0,629608.3200000001
2013-02-20 00:00:00,12.14,12.37,12.14,12.23,57321.0,701035.8300000001
2013-02-21 00:00:00,12.12,12.27,12.12,12.24,32175.0,393822.0
2013-02-22 00:00:00,12.88,12.88,12.12,12.15,114147.0,1386886.05
2013-02-25 00:00:00,12.12,12.32,11.94,11.96,108009.0,1291787.6400000001
2013-02-26 00:00:00,11.92,12.07,11.37,11.5,253836.0,2919114.0
2013-02-27 00:00:00,11.65,11.66,11.38,11.58,153054.0,1772365.32
2013-02-28 00:00:00,11.86,11.86,11.36,11.42,59598.0,680609.16
2013-03-01 00:00:00,11.47,11.87,11.47,11.79,159489.0,1880375.3099999998
2013-03-04 00:00:00,11.81,12.91,11.54,12.55,525096.0,6589954.800000001
2013-03-05 00:00:00,12.55,12.61,12.2,12.5,168102.0,2101275.0
2013-03-06 00:00:00,12.51,12.77,12.37,12.65,120978.0,1530371.7
2013-03-07 00:00:00,12.75,12.75,12.42,12.53,39303.0,492466.58999999997
2013-03-08 00:00:00,12.63,12.68,12.37,12.44,40293.0,501244.92
2013-03-11 00:00:00,12.65,12.74,12.38,12.51,186615.0,2334553.65
2013-03-12 00:00:00,12.53,12.53,12.27,12.31,37224.0,458227.44
2013-03-13 00:00:00,12.32,12.42,12.1,12.17,82368.0,1002418.5599999999
2013-03-14 00:00:00,12.17,12.17,11.82,11.93,82467.0,983831.3099999999
2013-03-15 00:00:00,11.97,12.04,11.61,11.7,210573.0,2463704.0999999996
2013-03-18 00:00:00,11.73,11.82,11.59,11.69,37620.0,439777.8
2013-03-19 00:00:00,11.7,11.74,11.41,11.49,107514.0,1235335.86
2013-03-20 00:00:00,11.44,11.54,11.34,11.42,120483.0,1375915.86
2013-03-21 00:00:00,11.64,11.64,11.31,11.34,57222.0,648897.48
2013-03-22 00:00:00,11.31,11.58,11.18,11.49,115830.0,1330886.7
2013-03-25 00:00:00,11.57,11.61,11.41,11.52,86922.0,1001341.44
2013-03-26 00:00:00,11.41,11.48,11.24,11.41,33759.0,385190.19
2013-03-28 00:00:00,11.51,11.82,11.26,11.61,164637.0,1911435.5699999998
2013-04-01 00:00:00,11.56,11.85,11.37,11.47,40986.0,470109.42000000004
2013-04-02 00:00:00,11.57,11.77,11.53,11.7,41877.0,489960.89999999997
2013-04-03 00:00:00,11.82,12.44,11.75,12.18,368478.0,4488062.04
2013-04-04 00:00:00,12.12,12.21,11.73,11.91,80388.0,957421.08
2013-04-05 00:00:00,11.87,12.17,11.71,11.94,35739.0,426723.66
2013-04-08 00:00:00,11.92,12.07,11.82,12.04,43164.0,519694.55999999994
2013-04-09 00:00:00,12.02,12.02,11.8,11.88,25443.0,302262.84
2013-04-10 00:00:00,11.92,12.08,11.77,12.0,31779.0,381348.0
2013-04-11 00:00:00,12.02,12.03,11.7,11.77,18513.0,217898.00999999998
2013-04-12 00:00:00,11.58,11.88,11.58,11.75,6831.0,80264.25
2013-04-15 00:00:00,11.75,11.87,11.57,11.61,58311.0,676990.71
2013-04-16 00:00:00,11.55,11.77,11.55,11.74,62271.0,731061.54
2013-04-17 00:00:00,11.72,11.87,11.63,11.71,30492.0,357061.32
2013-04-18 00:00:00,11.72,11.82,11.63,11.73,25641.0,300768.93
2013-04-22 00:00:00,11.72,11.87,11.72,11.8,31482.0,371487.60000000003
2013-04-23 00:00:00,11.87,11.9,11.77,11.87,15840.0,188020.8
2013-04-25 00:00:00,11.97,11.97,11.87,11.94,17919.0,213952.86
2013-04-26 00:00:00,11.87,11.97,11.87,11.89,9603.0,114179.67
2013-04-29 00:00:00,11.92,12.12,11.92,12.01,43956.0,527911.5599999999
2013-04-30 00:00:00,11.92,12.12,11.81,11.85,22671.0,268651.35
2013-05-02 00:00:00,11.85,12.38,11.77,12.07,99198.0,1197319.86
2013-05-03 00:00:00,12.12,12.39,12.02,12.19,364023.0,4437440.37
2013-05-06 00:00:00,12.07,12.22,12.07,12.17,83259.0,1013262.03
2013-05-07 00:00:00,12.13,12.17,11.96,12.05,31680.0,381744.0
2013-05-08 00:00:00,12.17,12.78,12.12,12.59,403821.0,5084106.39
2013-05-09 00:00:00,12.68,12.78,12.42,12.52,70092.0,877551.84
2013-05-10 00:00:00,12.52,13.28,12.48,13.04,485694.0,6333449.76
2013-05-11 00:00:00,12.98,12.98,12.63,12.77,37818.0,482935.86
2013-05-13 00:00:00,12.93,12.93,12.53,12.58,24057.0,302637.06
2013-05-14 00:00:00,12.61,12.62,12.47,12.54,20988.0,263189.51999999996
2013-05-15 00:00:00,12.53,12.99,12.51,12.85,77220.0,992277.0
2013-05-16 00:00:00,12.56,13.08,12.56,12.93,104643.0,1353033.99
2013-05-17 00:00:00,12.83,13.68,12.83,13.36,253935.0,3392571.5999999996
2013-05-20 00:00:00,13.14,13.28,12.91,12.93,89991.0,1163583.63
2013-05-21 00:00:00,12.94,13.2,12.7,12.75,57816.0,737154.0
2013-05-22 00:00:00,12.82,12.82,12.63,12.65,46629.0,589856.85
2013-05-23 00:00:00,12.63,12.69,12.42,12.56,76131.0,956205.36
2013-05-24 00:00:00,12.62,12.73,12.58,12.66,15147.0,191761.02
2013-05-27 00:00:00,12.73,13.07,12.55,12.69,86724.0,1100527.56
2013-05-28 00:00:00,13.43,13.43,12.93,13.01,87219.0,1134719.19
2013-05-29 00:00:00,13.08,13.08,12.82,12.92,16038.0,207210.96
2013-05-30 00:00:00,12.99,13.03,12.81,12.84,68112.0,874558.08
2013-05-31 00:00:00,13.29,13.56,13.08,13.22,1297989.0,17159414.580000002
2013-06-03 00:00:00,13.38,13.38,13.17,13.18,55044.0,725479.92
2013-06-04 00:00:00,13.34,13.79,13.23,13.36,175329.0,2342395.44
2013-06-05 00:00:00,13.48,13.53,13.35,13.47,92466.0,1245517.02
2013-06-06 00:00:00,13.48,13.77,13.43,13.51,62964.0,850643.64
2013-06-07 00:00:00,13.54,13.74,13.34,13.46,79695.0,1072694.7
2013-06-10 00:00:00,13.54,13.89,13.45,13.64,118107.0,1610979.48
2013-06-11 00:00:00,13.64,13.76,13.18,13.26,59598.0,790269.48
2013-06-12 00:00:00,13.23,13.67,13.23,13.6,111969.0,1522778.4
2013-06-13 00:00:00,13.54,13.59,13.14,13.3,93753.0,1246914.9000000001
2013-06-14 00:00:00,13.3,13.56,13.25,13.35,66825.0,892113.75
2013-06-17 00:00:00,13.35,13.38,12.84,13.12,50688.0,665026.5599999999
2013-06-18 00:00:00,13.03,13.54,13.03,13.29,66033.0,877578.57
2013-06-19 00:00:00,13.29,13.54,13.15,13.36,13365.0,178556.4
2013-06-20 00:00:00,13.18,13.33,13.12,13.29,51480.0,684169.2
2013-06-21 00:00:00,13.13,13.33,12.83,12.98,2926044.0,37980051.120000005
2013-06-24 00:00:00,12.88,12.95,12.54,12.62,19107.0,241130.34
2013-06-25 00:00:00,12.73,12.78,12.57,12.7,10098.0,128244.59999999999
2013-06-26 00:00:00,12.68,12.73,12.59,12.69,11484.0,145731.96
2013-06-27 00:00:00,12.69,12.73,12.51,12.57,30888.0,388262.16000000003
2013-06-28 00:00:00,12.63,12.97,12.63,12.89,44847.0,578077.8300000001
2013-07-01 00:00:00,12.93,13.12,12.74,12.78,20196.0,258104.87999999998
2013-07-02 00:00:00,12.93,12.98,12.69,12.76,29304.0,373919.04
2013-07-03 00:00:00,12.74,12.86,12.58,12.6,14256.0,179625.6
2013-07-04 00:00:00,12.68,12.83,12.43,12.6,16236.0,204573.6
2013-07-05 00:00:00,12.97,12.97,12.44,12.7,9702.0,123215.4
2013-07-08 00:00:00,12.68,12.69,12.49,12.55,31086.0,390129.30000000005
2013-07-09 00:00:00,12.62,12.82,12.47,12.51,21384.0,267513.83999999997
2013-07-10 00:00:00,12.51,12.63,12.38,12.47,52569.0,655535.43
2013-07-11 00:00:00,12.63,12.63,12.34,12.41,16929.0,210088.89
2013-07-12 00:00:00,12.61,12.61,12.28,12.42,18513.0,229931.46
2013-07-15 00:00:00,12.42,12.47,12.21,12.37,19404.0,240027.47999999998
2013-07-16 00:00:00,12.37,12.39,12.28,12.33,26334.0,324698.22000000003
2013-07-17 00:00:00,12.42,12.58,12.17,12.24,138303.0,1692828.72
2013-07-18 00:00:00,12.22,12.32,12.07,12.15,26433.0,321160.95
2013-07-19 00:00:00,12.27,12.32,12.02,12.09,35838.0,433281.42
2013-07-22 00:00:00,12.02,12.17,11.98,12.02,15246.0,183256.91999999998
2013-07-23 00:00:00,12.12,12.29,12.07,12.15,64746.0,786663.9
2013-07-24 00:00:00,12.13,12.17,12.0,12.04,7029.0,84629.15999999999
2013-07-25 00:00:00,12.02,12.17,11.92,12.01,42966.0,516021.66
2013-07-26 00:00:00,12.08,12.12,11.46,11.7,285417.0,3339378.9
2013-07-29 00:00:00,11.82,11.87,11.48,11.52,28413.0,327317.76
2013-07-30 00:00:00,11.52,11.52,11.31,11.38,34848.0,396570.24000000005
2013-07-31 00:00:00,11.27,11.44,10.84,11.09,83754.0,928831.86
2013-08-01 00:00:00,11.36,11.51,11.21,11.31,400752.0,4532505.12
2013-08-02 00:00:00,11.26,11.35,11.21,11.31,49698.0,562084.38
2013-08-05 00:00:00,11.34,11.62,11.26,11.38,92961.0,1057896.1800000002
2013-08-06 00:00:00,11.41,12.02,11.26,11.47,90387.0,1036738.89
2013-08-07 00:00:00,11.41,11.7,11.32,11.52,34353.0,395746.56
2013-08-08 00:00:00,11.57,11.92,11.41,11.69,142362.0,1664211.78
2013-08-12 00:00:00,11.7,12.22,11.65,11.98,70785.0,848004.3
2013-08-13 00:00:00,11.97,12.59,11.87,12.47,249084.0,3106077.48
2013-08-14 00:00:00,12.24,12.48,12.12,12.26,65142.0,798640.92
2013-08-16 00:00:00,12.22,12.22,11.93,11.95,74151.0,886104.45
2013-08-19 00:00:00,11.92,12.02,11.87,11.97,18909.0,226340.73
2013-08-20 00:00:00,11.84,12.01,11.73,11.93,47619.0,568094.67
2013-08-21 00:00:00,11.93,12.0,11.77,11.9,34749.0,413513.10000000003
2013-08-22 00:00:00,12.02,12.1,11.82,11.84,33759.0,399706.56
2013-08-23 00:00:00,12.1,12.1,11.84,11.95,19701.0,235426.94999999998
2013-08-26 00:00:00,12.09,12.09,11.72,11.82,30492.0,360415.44
2013-08-27 00:00:00,11.84,11.97,11.52,11.62,38412.0,446347.43999999994
2013-08-28 00:00:00,11.55,11.72,11.36,11.42,14949.0,170717.58
2013-08-29 00:00:00,11.56,11.92,11.56,11.74,11088.0,130173.12
2013-08-30 00:00:00,11.82,11.92,11.62,11.82,14157.0,167335.74
2013-09-02 00:00:00,11.82,12.06,11.72,11.99,6336.0,75968.64
2013-09-03 00:00:00,11.82,12.0,11.13,11.85,15048.0,178318.8
2013-09-04 00:00:00,11.92,12.03,11.79,11.97,13563.0,162349.11000000002
2013-09-05 00:00:00,11.93,12.09,11.87,11.94,12771.0,152485.74
2013-09-06 00:00:00,11.74,11.93,11.48,11.87,37224.0,441848.87999999995
2013-09-10 00:00:00,11.99,12.18,11.84,12.08,42075.0,508266.0
2013-09-11 00:00:00,12.12,12.22,11.98,12.07,25146.0,303512.22000000003
2013-09-12 00:00:00,12.12,12.12,11.88,11.89,12078.0,143607.42
2013-09-13 00:00:00,12.02,12.06,11.89,11.96,15642.0,187078.32
2013-09-16 00:00:00,12.07,12.17,11.67,11.89,1011186.0,12023001.540000001
2013-09-17 00:00:00,11.67,11.82,11.62,11.66,1501038.0,17502103.080000002
2013-09-18 00:00:00,11.77,11.77,11.56,11.58,11088.0,128399.04
2013-09-19 00:00:00,11.67,11.82,11.6,11.62,23661.0,274940.82
2013-09-20 00:00:00,11.55,11.56,10.65,10.88,10259073.0,111618714.24000001
2013-09-23 00:00:00,11.11,11.25,10.78,11.01,99297.0,1093259.97
2013-09-24 00:00:00,10.99,11.23,10.75,10.87,7187202.0,78124885.74
2013-09-25 00:00:00,11.08,11.16,10.91,10.98,59994.0,658734.12
2013-09-26 00:00:00,11.16,11.52,10.96,11.15,38214.0,426086.10000000003
2013-09-27 00:00:00,11.06,11.11,10.91,10.99,28017.0,307906.83
2013-09-30 00:00:00,10.99,11.06,10.76,10.86,34551.0,375223.86
2013-10-01 00:00:00,11.04,11.11,10.84,11.02,26334.0,290200.68
2013-10-03 00:00:00,11.11,11.12,11.01,11.08,21087.0,233643.96
2013-10-04 00:00:00,11.01,11.27,10.82,10.91,121968.0,1330670.8800000001
2013-10-07 00:00:00,10.98,11.16,10.92,10.99,32274.0,354691.26
2013-10-08 00:00:00,10.96,11.04,10.81,10.86,4490838.0,48770500.68
2013-10-09 00:00:00,10.99,10.99,10.86,10.89,4972176.0,54146996.64
2013-10-10 00:00:00,10.92,11.11,10.9,11.03,26136.0,288280.07999999996
2013-10-11 00:00:00,11.61,11.61,10.92,10.94,32274.0,353077.56
2013-10-14 00:00:00,11.01,11.05,10.81,10.9,47916.0,522284.4
2013-10-15 00:00:00,11.05,11.05,10.76,10.82,12356685.0,133699331.7
2013-10-17 00:00:00,10.88,11.03,10.77,10.8,38808.0,419126.4
2013-10-18 00:00:00,10.96,11.2,10.82,10.97,178497.0,1958112.09
2013-10-21 00:00:00,11.16,11.66,10.96,11.12,82170.0,913730.3999999999
2013-10-22 00:00:00,11.11,11.27,10.97,11.04,36531.0,403302.24
2013-10-23 00:00:00,11.15,11.23,10.96,11.0,30393.0,334323.0
2013-10-24 00:00:00,10.81,11.08,10.8,10.87,107514.0,1168677.18
2013-10-25 00:00:00,10.87,10.87,10.69,10.74,99990.0,1073892.6
2013-10-28 00:00:00,10.82,10.82,10.61,10.76,100782.0,1084414.32
2013-10-29 00:00:00,10.9,10.9,10.75,10.79,38016.0,410192.63999999996
2013-10-30 00:00:00,10.93,10.93,10.76,10.87,108999.0,1184819.13
2013-10-31 00:00:00,10.86,10.91,10.76,10.84,1077318.0,11678127.12
2013-11-01 00:00:00,10.76,10.94,10.76,10.8,62172.0,671457.6000000001
2013-11-03 00:00:00,10.94,10.94,10.76,10.88,39204.0,426539.52
2013-11-05 00:00:00,10.86,10.86,10.77,10.83,11088.0,120083.04
2013-11-06 00:00:00,10.84,10.85,10.76,10.78,6099093.0,65748222.54
2013-11-07 00:00:00,10.82,10.88,10.63,10.69,79002.0,844531.38
2013-11-08 00:00:00,10.73,10.89,10.67,10.78,70587.0,760927.86
2013-11-11 00:00:00,10.84,10.84,10.67,10.8,544203.0,5877392.4
2013-11-12 00:00:00,10.72,10.83,10.72,10.73,12375.0,132783.75
2013-11-13 00:00:00,10.62,10.78,10.62,10.65,39204.0,417522.60000000003
2013-11-14 00:00:00,10.76,10.9,10.68,10.78,22077.0,237990.06
2013-11-18 00:00:00,10.87,10.87,10.69,10.71,55935.0,599063.8500000001
2013-11-19 00:00:00,10.76,10.82,10.75,10.75,22770.0,244777.5
2013-11-20 00:00:00,10.81,10.81,10.74,10.76,13464.0,144872.63999999998
2013-11-21 00:00:00,10.81,10.81,10.66,10.73,23067.0,247508.91
2013-11-22 00:00:00,10.73,10.79,10.61,10.73,64350.0,690475.5
2013-11-25 00:00:00,10.65,10.81,10.65,10.78,78012.0,840969.36
2013-11-26 00:00:00,10.72,10.82,10.66,10.7,41580.0,444905.99999999994
2013-11-27 00:00:00,10.71,10.71,10.63,10.65,52965.0,564077.25
2013-11-28 00:00:00,10.71,10.74,10.67,10.69,14355.0,153454.94999999998
2013-11-29 00:00:00,10.77,10.77,10.62,10.65,71973.0,766512.4500000001
2013-12-02 00:00:00,10.64,10.75,10.59,10.63,68310.0,726135.3
2013-12-03 00:00:00,10.7,10.7,10.56,10.61,75834.0,804598.74
2013-12-04 00:00:00,10.63,11.11,10.61,10.65,50094.0,533501.1
2013-12-05 00:00:00,10.71,10.71,10.59,10.6,79893.0,846865.7999999999
2013-12-06 00:00:00,10.61,10.68,10.54,10.55,43164.0,455380.2
2013-12-09 00:00:00,10.68,10.69,10.59,10.61,38808.0,411752.88
2013-12-10 00:00:00,10.59,10.63,10.56,10.58,43560.0,460864.8
2013-12-11 00:00:00,10.56,10.67,10.56,10.59,184734.0,1956333.06
2013-12-12 00:00:00,10.56,10.61,10.49,10.5,322443.0,3385651.5
2013-12-13 00:00:00,10.49,10.56,10.3,10.38,285912.0,2967766.56
2013-12-16 00:00:00,10.34,10.4,10.17,10.2,161667.0,1649003.4
2013-12-17 00:00:00,10.27,10.3,10.09,10.15,316899.0,3216524.85
2013-12-18 00:00:00,10.15,10.15,10.05,10.09,300465.0,3031691.85
2013-12-19 00:00:00,10.1,10.25,10.05,10.13,189981.0,1924507.5300000003
2013-12-20 00:00:00,10.07,10.2,10.04,10.07,354717.0,3572000.19
2013-12-23 00:00:00,10.15,10.15,10.0,10.03,928719.0,9315051.57
2013-12-24 00:00:00,10.15,10.2,10.0,10.14,429066.0,4350729.24
2013-12-26 00:00:00,10.15,10.25,10.06,10.12,443025.0,4483413.0
2013-12-27 00:00:00,10.24,10.24,10.08,10.13,348183.0,3527093.7900000005
2013-12-30 00:00:00,10.09,10.2,10.06,10.09,242055.0,2442334.95
2013-12-31 00:00:00,10.15,10.6,10.1,10.34,80388.0,831211.92
2014-01-01 00:00:00,10.39,10.56,10.21,10.3,158598.0,1633559.4000000001
2014-01-02 00:00:00,10.35,10.56,10.21,10.32,165033.0,1703140.56
2014-01-03 00:00:00,10.3,10.45,10.22,10.25,5075334.0,52022173.5
2014-01-06 00:00:00,10.25,10.45,10.25,10.31,81279.0,837986.49
2014-01-07 00:00:00,10.45,10.45,10.15,10.29,220176.0,2265611.04
2014-01-08 00:00:00,10.33,10.39,10.23,10.28,30294.0,311422.32
2014-01-09 00:00:00,10.4,10.4,10.15,10.17,124542.0,1266592.14
2014-01-10 00:00:00,10.15,10.21,9.82,9.99,190872.0,1906811.28
2014-01-13 00:00:00,10.1,10.25,10.03,10.14,49995.0,506949.30000000005
2014-01-14 00:00:00,10.11,10.19,10.08,10.11,18315.0,185164.65
2014-01-15 00:00:00,10.1,10.2,10.09,10.12,53757.0,544020.84
2014-01-16 00:00:00,10.1,10.15,10.03,10.09,35343.0,356610.87
2014-01-17 00:00:00,10.18,10.18,9.95,10.01,49797.0,498467.97
2014-01-20 00:00:00,10.09,10.11,10.02,10.05,57618.0,579060.9
2014-01-21 00:00:00,10.1,10.15,10.08,10.09,29997.0,302669.73
2014-01-22 00:00:00,10.1,10.12,10.06,10.1,23265.0,234976.5
2014-01-23 00:00:00,10.14,10.17,10.06,10.11,33066.0,334297.26
2014-01-24 00:00:00,10.17,10.19,9.71,9.85,8074539.0,79534209.14999999
2014-01-27 00:00:00,9.95,9.95,9.45,9.57,217008.0,2076766.56
2014-01-28 00:00:00,9.58,9.72,9.57,9.62,68706.0,660951.72
2014-01-29 00:00:00,9.79,9.79,9.51,9.58,115137.0,1103012.46
2014-01-30 00:00:00,9.49,9.55,9.33,9.37,100782.0,944327.34
2014-01-31 00:00:00,9.49,9.49,9.35,9.43,25146.0,237126.78
2014-02-03 00:00:00,9.43,9.43,9.14,9.21,166023.0,1529071.83
2014-02-04 00:00:00,9.22,9.41,9.04,9.27,69795.0,646999.65
2014-02-05 00:00:00,9.27,9.33,9.18,9.28,59103.0,548475.84
2014-02-06 00:00:00,9.27,9.29,9.14,9.17,75339.0,690858.63
2014-02-07 00:00:00,9.23,9.44,9.18,9.27,190377.0,1764794.7899999998
2014-02-10 00:00:00,9.37,9.44,9.27,9.34,121473.0,1134557.82
2014-02-11 00:00:00,9.37,9.47,9.27,9.38,114444.0,1073484.7200000002
2014-02-12 00:00:00,9.39,9.63,9.35,9.58,67815.0,649667.7
2014-02-13 00:00:00,9.6,10.04,9.49,9.69,194337.0,1883125.5299999998
2014-02-14 00:00:00,9.65,9.8,9.55,9.72,41580.0,404157.60000000003
2014-02-17 00:00:00,9.75,9.87,9.55,9.56,49104.0,469434.24000000005
2014-02-18 00:00:00,9.55,9.6,9.44,9.44,27027.0,255134.87999999998
2014-02-19 00:00:00,9.54,9.69,9.36,9.54,94644.0,902903.7599999999
2014-02-20 00:00:00,9.54,9.63,9.4,9.4,20592.0,193564.80000000002
2014-02-21 00:00:00,9.62,9.62,9.23,9.39,51381.0,482467.59
2014-02-24 00:00:00,9.6,9.6,9.29,9.31,32769.0,305079.39
2014-02-25 00:00:00,9.34,9.55,9.34,9.53,41778.0,398144.33999999997
2014-02-26 00:00:00,9.49,9.53,9.35,9.47,302940.0,2868841.8000000003
2014-02-28 00:00:00,9.48,9.64,9.31,9.36,43659.0,408648.24
2014-03-03 00:00:00,9.22,9.49,9.22,9.33,163647.0,1526826.51
2014-03-04 00:00:00,9.34,9.44,9.27,9.32,6260166.0,58344747.120000005
2014-03-05 00:00:00,9.39,9.82,9.39,9.78,119790.0,1171546.2
2014-03-06 00:00:00,9.77,10.0,9.7,9.9,122265.0,1210423.5
2014-03-07 00:00:00,10.09,10.2,9.8,9.89,381249.0,3770552.6100000003
2014-03-10 00:00:00,9.86,10.1,9.85,9.94,3868326.0,38451160.44
2014-03-11 00:00:00,9.9,10.09,9.8,9.98,104148.0,1039397.04
2014-03-12 00:00:00,9.87,10.0,9.8,9.92,2559051.0,25385785.919999998
2014-03-13 00:00:00,9.9,10.42,9.8,10.06,1011285.0,10173527.1
2014-03-14 00:00:00,9.85,10.15,9.85,10.12,113751.0,1151160.1199999999
2014-03-18 00:00:00,10.44,10.44,10.12,10.35,432630.0,4477720.5
2014-03-19 00:00:00,10.33,10.45,10.17,10.38,166815.0,1731539.7000000002
2014-03-20 00:00:00,10.35,10.48,10.26,10.33,47421.0,489858.93
2014-03-21 00:00:00,10.35,10.4,9.92,10.06,98109.0,986976.54
2014-03-22 00:00:00,10.1,10.38,10.1,10.27,22077.0,226730.78999999998
2014-03-24 00:00:00,10.37,10.84,10.28,10.62,1175229.0,12480931.979999999
2014-03-25 00:00:00,10.68,10.9,10.46,10.67,651717.0,6953820.39
2014-03-26 00:00:00,10.85,11.0,10.61,10.91,362142.0,3950969.22
2014-03-27 00:00:00,10.91,11.51,10.81,11.17,551430.0,6159473.1
2014-03-28 00:00:00,11.4,11.77,11.13,11.57,297297.0,3439726.29
2014-03-31 00:00:00,11.78,12.05,11.41,11.56,472230.0,5458978.8
2014-04-01 00:00:00,11.56,11.62,11.32,11.47,118008.0,1353551.76
2014-04-02 00:00:00,11.63,11.75,11.16,11.23,606276.0,6808479.48
2014-04-03 00:00:00,11.24,11.32,10.85,10.92,142164.0,1552430.88
2014-04-04 00:00:00,10.93,11.87,10.51,11.46,2291751.0,26263466.46
2014-04-07 00:00:00,11.67,11.72,11.01,11.17,307593.0,3435813.81
2014-04-09 00:00:00,11.16,11.52,11.01,11.44,259776.0,2971837.44
2014-04-10 00:00:00,11.31,12.67,11.31,12.39,6551127.0,81168463.53
2014-04-11 00:00:00,12.42,12.54,11.97,12.12,2341944.0,28384361.279999997
2014-04-15 00:00:00,12.0,12.82,12.0,12.4,1084347.0,13445902.8
2014-04-16 00:00:00,12.42,12.69,12.07,12.21,724185.0,8842298.850000001
2014-04-17 00:00:00,12.3,12.42,12.0,12.27,666963.0,8183636.01
2014-04-21 00:00:00,12.35,12.39,12.19,12.32,316107.0,3894438.24
2014-04-22 00:00:00,12.32,12.64,12.27,12.38,283932.0,3515078.16
2014-04-23 00:00:00,12.47,12.58,12.22,12.43,303138.0,3768005.34
2014-04-25 00:00:00,12.43,12.65,12.22,12.54,411048.0,5154541.92
2014-04-28 00:00:00,12.5,12.59,12.27,12.55,128601.0,1613942.55
2014-04-29 00:00:00,12.47,12.82,12.35,12.57,358479.0,4506081.03
2014-04-30 00:00:00,12.59,12.71,11.92,12.25,341550.0,4183987.5
2014-05-02 00:00:00,12.26,12.43,12.22,12.27,154242.0,1892549.3399999999
2014-05-05 00:00:00,12.25,12.52,12.18,12.47,887040.0,11061388.8
2014-05-06 00:00:00,12.3,12.47,12.3,12.41,196713.0,2441208.33
2014-05-07 00:00:00,12.06,12.53,12.06,12.32,261360.0,3219955.2
2014-05-08 00:00:00,12.52,12.52,12.09,12.2,114147.0,1392593.4
2014-05-09 00:00:00,12.22,12.46,12.15,12.39,119790.0,1484198.1
2014-05-12 00:00:00,12.49,12.87,12.12,12.51,1866447.0,23349251.97
2014-05-13 00:00:00,12.53,14.86,12.49,13.57,5699034.0,77335891.38
2014-05-14 00:00:00,13.64,13.98,13.32,13.52,2007225.0,27137682.0
2014-05-15 00:00:00,13.32,13.57,13.13,13.45,549054.0,7384776.3
2014-05-16 00:00:00,13.54,14.65,13.51,14.36,2312343.0,33205245.48
2014-05-19 00:00:00,14.39,15.2,14.39,14.73,2683197.0,39523491.81
2014-05-20 00:00:00,15.15,15.71,14.87,15.2,1430154.0,21738340.8
2014-05-21 00:00:00,15.19,15.55,14.91,15.25,675774.0,10305553.5
2014-05-22 00:00:00,15.39,16.3,15.36,15.93,1854765.0,29546406.45
2014-05-23 00:00:00,16.67,17.39,16.37,16.59,3981384.0,66051160.56
2014-05-26 00:00:00,16.81,17.59,15.47,16.34,7780311.0,127130281.74
2014-05-27 00:00:00,16.39,16.52,15.76,15.93,1242648.0,19795382.64
2014-05-28 00:00:00,16.07,16.51,15.98,16.05,402831.0,6465437.550000001
2014-05-29 00:00:00,16.31,16.31,15.89,15.9,564399.0,8973944.1
2014-05-30 00:00:00,16.74,16.97,16.06,16.28,14434893.0,235000058.04000002
2014-06-02 00:00:00,16.47,16.96,16.4,16.89,1339173.0,22618631.970000003
2014-06-03 00:00:00,16.89,17.5,16.67,17.29,11463111.0,198197189.19
2014-06-04 00:00:00,17.35,17.68,17.2,17.48,11995335.0,209678455.8
2014-06-05 00:00:00,17.57,18.22,17.52,18.01,1969407.0,35469020.07
2014-06-06 00:00:00,18.23,18.81,18.23,18.54,7059690.0,130886652.6
2014-06-09 00:00:00,18.68,19.34,18.68,19.07,1576377.0,30061509.39
2014-06-10 00:00:00,19.26,19.26,18.54,18.65,1020591.0,19034022.15
2014-06-11 00:00:00,18.69,18.9,18.19,18.32,942381.0,17264419.92
2014-06-12 00:00:00,18.33,18.44,17.88,18.26,456588.0,8337296.880000001
2014-06-13 00:00:00,18.67,18.68,17.68,18.35,846450.0,15532357.500000002
2014-06-16 00:00:00,18.59,18.75,17.99,18.44,3832983.0,70680206.52000001
2014-06-17 00:00:00,18.44,18.53,17.98,18.37,3784671.0,69524406.27000001
2014-06-18 00:00:00,18.48,18.76,18.29,18.39,4644090.0,85404815.10000001
2014-06-19 00:00:00,18.59,20.1,18.55,19.81,4294521.0,85074461.00999999
2014-06-20 00:00:00,19.8,20.13,19.56,19.66,2323332.0,45676707.12
2014-06-23 00:00:00,19.8,20.03,19.49,19.81,6424803.0,127275347.42999999
2014-06-24 00:00:00,19.85,20.41,19.64,20.32,2609442.0,53023861.44
2014-06-25 00:00:00,20.38,21.71,20.11,21.28,2707650.0,57618792.0
2014-06-26 00:00:00,21.53,22.07,21.16,21.41,4762791.0,101971355.31
2014-06-27 00:00:00,21.47,21.84,20.47,20.64,2581722.0,53286742.08
2014-06-30 00:00:00,20.56,21.88,20.2,21.75,2837439.0,61714298.25
2014-07-01 00:00:00,21.57,22.48,21.57,22.15,2574297.0,57020678.55
2014-07-02 00:00:00,22.42,22.66,21.83,22.07,1403028.0,30964827.96
2014-07-03 00:00:00,22.22,22.93,21.87,21.98,403425.0,8867281.5
2014-07-04 00:00:00,22.21,22.35,21.94,22.1,894762.0,19774240.200000003
2014-07-07 00:00:00,22.14,23.43,21.57,22.97,4503708.0,103450172.75999999
2014-07-08 00:00:00,22.94,23.18,21.47,21.62,2376594.0,51381962.28
2014-07-09 00:00:00,21.48,21.72,19.55,19.8,5166216.0,102291076.8
2014-07-10 00:00:00,19.95,20.03,17.88,18.59,8752491.0,162708807.69
2014-07-11 00:00:00,18.78,19.5,17.83,17.97,2484999.0,44655432.029999994
2014-07-14 00:00:00,18.08,18.38,17.3,18.14,1176714.0,21345591.96
2014-07-15 00:00:00,18.48,18.91,18.21,18.75,1220472.0,22883850.0
2014-07-16 00:00:00,18.89,19.17,18.34,18.77,956637.0,17956076.49
2014-07-17 00:00:00,18.92,18.96,18.52,18.58,816354.0,15167857.319999998
2014-07-18 00:00:00,18.55,18.96,18.23,18.72,1019700.0,19088784.0
2014-07-21 00:00:00,18.78,19.02,18.31,18.43,598950.0,11038648.5
2014-07-22 00:00:00,18.41,19.01,18.35,18.6,1013859.0,18857777.400000002
2014-07-23 00:00:00,18.67,19.11,18.6,18.8,1998315.0,37568322.0
2014-07-24 00:00:00,18.79,18.79,18.4,18.55,762993.0,14153520.15
2014-07-25 00:00:00,18.56,18.6,18.03,18.15,620136.0,11255468.399999999
2014-07-28 00:00:00,18.28,18.28,17.53,17.56,534699.0,9389314.44
2014-07-30 00:00:00,17.53,17.83,17.42,17.66,481635.0,8505674.1
2014-07-31 00:00:00,17.73,18.32,17.6,17.72,5475195.0,97020455.39999999
2014-08-01 00:00:00,17.72,18.07,17.38,17.74,737946.0,13091162.04
2014-08-04 00:00:00,17.78,17.98,17.64,17.88,360360.0,6443236.8
2014-08-05 00:00:00,17.79,18.05,17.66,17.9,419562.0,7510159.8
2014-08-06 00:00:00,17.96,18.48,17.96,18.09,680427.0,12308924.43
2014-08-07 00:00:00,18.28,18.92,17.63,17.86,2092068.0,37364334.48
2014-08-08 00:00:00,17.68,18.38,17.54,18.11,1502721.0,27214277.31
2014-08-11 00:00:00,18.03,18.38,18.03,18.2,341451.0,6214408.2
2014-08-12 00:00:00,18.38,18.41,18.0,18.09,212751.0,3848665.59
2014-08-13 00:00:00,18.16,18.16,17.42,17.56,351846.0,6178415.76
2014-08-14 00:00:00,17.68,17.88,17.62,17.79,333333.0,5929994.069999999
2014-08-18 00:00:00,17.79,18.67,17.79,18.39,601128.0,11054743.92
2014-08-19 00:00:00,18.43,18.59,18.29,18.38,335610.0,6168511.8
2014-08-20 00:00:00,18.34,18.53,17.99,18.07,699336.0,12637001.52
2014-08-21 00:00:00,18.24,18.33,17.9,17.96,322641.0,5794632.36
2014-08-22 00:00:00,18.17,18.38,18.15,18.26,2605185.0,47570678.1
2014-08-25 00:00:00,18.33,18.42,17.93,18.17,482922.0,8774692.74
2014-08-26 00:00:00,18.14,18.17,17.72,17.8,391644.0,6971263.2
2014-08-27 00:00:00,18.38,21.36,18.38,21.05,18439542.0,388152359.1
2014-08-28 00:00:00,21.62,22.34,20.66,20.8,18196398.0,378485078.40000004
2014-09-01 00:00:00,20.76,21.51,20.71,21.31,4657455.0,99250366.05
2014-09-02 00:00:00,21.36,21.44,20.8,20.92,1492326.0,31219459.92
2014-09-03 00:00:00,20.97,21.21,20.36,20.47,1621224.0,33186455.279999997
2014-09-04 00:00:00,20.56,20.59,19.91,20.03,1367091.0,27382832.73
2014-09-05 00:00:00,20.1,21.91,20.1,20.98,9077211.0,190439886.78
2014-09-08 00:00:00,21.11,21.42,20.78,21.11,2486088.0,52481317.68
2014-09-09 00:00:00,21.13,21.19,20.72,20.83,1893771.0,39447249.93
2014-09-10 00:00:00,20.85,21.21,20.56,20.68,1014255.0,20974793.4
2014-09-11 00:00:00,20.68,21.74,20.68,21.39,5059593.0,108224694.27
2014-09-12 00:00:00,21.41,21.64,20.95,21.19,2135232.0,45245566.080000006
2014-09-15 00:00:00,21.21,21.82,20.98,21.53,2700918.0,58150764.54000001
2014-09-16 00:00:00,21.68,22.58,20.81,21.04,4435398.0,93320773.92
2014-09-17 00:00:00,21.21,21.71,20.96,21.29,1125135.0,23954124.15
2014-09-18 00:00:00,21.35,21.86,21.19,21.38,1130778.0,24176033.64
2014-09-19 00:00:00,21.52,21.58,21.21,21.33,701118.0,14954846.94
2014-09-22 00:00:00,21.67,21.85,21.01,21.22,1017324.0,21587615.279999997
2014-09-23 00:00:00,21.31,21.62,20.91,21.04,857934.0,18050931.36
2014-09-24 00:00:00,21.17,21.39,21.11,21.25,680724.0,14465385.0
2014-09-25 00:00:00,21.17,21.41,20.4,20.74,989307.0,20518227.18
2014-09-26 00:00:00,20.2,20.61,19.9,20.38,888525.0,18108139.5
2014-09-29 00:00:00,20.6,20.69,20.24,20.38,512919.0,10453289.219999999
2014-09-30 00:00:00,20.52,20.58,19.97,20.13,1296801.0,26104604.13
2014-10-01 00:00:00,20.2,21.18,20.13,20.78,1471635.0,30580575.3
2014-10-07 00:00:00,20.82,21.01,20.11,20.22,401247.0,8113214.34
2014-10-08 00:00:00,20.13,20.4,19.91,19.96,563904.0,11255523.84
2014-10-09 00:00:00,20.21,20.91,20.15,20.62,1095039.0,22579704.18
2014-10-10 00:00:00,20.62,20.62,20.2,20.29,468369.0,9503207.01
2014-10-13 00:00:00,20.23,20.3,19.97,20.23,399168.0,8075168.640000001
2014-10-14 00:00:00,20.43,20.43,20.1,20.3,259974.0,5277472.2
2014-10-16 00:00:00,20.36,20.36,19.94,20.01,601722.0,12040457.22
2014-10-17 00:00:00,20.15,20.45,20.0,20.15,443223.0,8930943.45
2014-10-20 00:00:00,20.55,20.55,20.25,20.36,282447.0,5750620.92
2014-10-21 00:00:00,20.45,21.44,20.18,20.25,5015835.0,101570658.75
2014-10-22 00:00:00,20.44,20.96,20.43,20.87,933966.0,19491870.42
2014-10-23 00:00:00,20.96,20.99,20.67,20.78,73854.0,1534686.12
2014-10-27 00:00:00,21.31,22.57,20.73,20.86,4600926.0,95975316.36
2014-10-28 00:00:00,21.0,21.34,20.61,20.68,1034946.0,21402683.28
2014-10-29 00:00:00,20.89,20.9,20.4,20.64,482724.0,9963423.36
2014-10-30 00:00:00,20.58,20.87,20.53,20.61,357093.0,7359686.7299999995
2014-10-31 00:00:00,20.71,21.11,20.63,20.98,892485.0,18724335.3
2014-11-03 00:00:00,21.1,21.29,20.96,21.11,540837.0,11417069.07
2014-11-05 00:00:00,21.21,21.45,20.71,20.87,472329.0,9857506.23
2014-11-07 00:00:00,21.01,22.89,20.98,22.54,8853075.0,199548310.5
2014-11-10 00:00:00,22.83,23.89,22.81,22.98,5526279.0,126993891.42
2014-11-11 00:00:00,23.03,23.74,23.03,23.17,1314621.0,30459768.570000004
2014-11-12 00:00:00,23.23,23.99,23.03,23.38,2144241.0,50132354.58
2014-11-13 00:00:00,23.48,23.57,22.73,22.93,1129689.0,25903768.77
2014-11-14 00:00:00,23.03,23.32,22.48,22.72,744579.0,16916834.88
2014-11-17 00:00:00,22.78,23.2,22.66,22.98,857340.0,19701673.2
2014-11-18 00:00:00,23.13,23.54,22.71,22.82,791307.0,18057625.740000002
2014-11-19 00:00:00,22.93,23.15,22.42,22.66,1052964.0,23860164.24
2014-11-20 00:00:00,22.59,22.87,22.1,22.21,1038411.0,23063108.310000002
2014-11-21 00:00:00,22.12,22.6,22.03,22.08,955350.0,21094128.0
2014-11-24 00:00:00,22.04,23.58,22.04,23.31,7837335.0,182688278.85
2014-11-25 00:00:00,23.51,23.52,22.73,22.96,5524596.0,126844724.16000001
2014-11-26 00:00:00,23.03,23.35,22.88,23.26,6914853.0,160839480.78
2014-11-27 00:00:00,23.2,23.59,23.12,23.2,3139785.0,72843012.0
2014-11-28 00:00:00,23.35,23.56,23.27,23.34,771804.0,18013905.36
2014-12-01 00:00:00,23.43,23.59,23.13,23.27,365805.0,8512282.35
2014-12-02 00:00:00,23.48,25.71,23.28,25.38,13310550.0,337821759.0
2014-12-03 00:00:00,25.78,27.17,25.78,26.57,6276699.0,166771892.43
2014-12-04 00:00:00,26.87,30.05,26.57,29.59,14810103.0,438230947.77
2014-12-05 00:00:00,29.48,31.72,28.69,29.26,9728136.0,284645259.36
2014-12-08 00:00:00,29.04,29.88,28.1,28.4,5376492.0,152692372.79999998
2014-12-09 00:00:00,28.68,30.03,28.33,28.7,4841991.0,138965141.7
2014-12-10 00:00:00,28.96,29.61,28.14,28.38,3061377.0,86881879.25999999
2014-12-11 00:00:00,28.86,29.46,27.91,29.18,4978908.0,145284535.44
2014-12-12 00:00:00,29.75,30.15,28.03,28.33,4028607.0,114130436.30999999
2014-12-15 00:00:00,28.38,28.55,27.22,27.38,2666565.0,73010549.7
2014-12-16 00:00:00,27.26,27.44,26.21,26.71,2608452.0,69671752.92
2014-12-17 00:00:00,27.02,27.37,26.35,26.69,4012767.0,107100751.23
2014-12-18 00:00:00,27.27,28.28,27.27,28.13,2363427.0,66483201.51
2014-12-19 00:00:00,28.6,29.01,28.03,28.17,2152755.0,60643108.35
2014-12-22 00:00:00,28.69,28.69,27.68,27.95,1250667.0,34956142.65
2014-12-23 00:00:00,27.53,28.05,27.39,27.61,1842687.0,50876588.07
2014-12-24 00:00:00,27.6,27.88,27.21,27.54,1088307.0,29971974.779999997
2014-12-26 00:00:00,27.75,27.83,27.36,27.49,1072071.0,29471231.79
2014-12-29 00:00:00,27.53,28.17,27.53,27.57,1183050.0,32616688.5
2014-12-30 00:00:00,27.76,28.94,27.65,28.36,4282641.0,121455698.75999999
2014-12-31 00:00:00,28.39,30.28,28.39,29.63,6741405.0,199747830.15
2015-01-01 00:00:00,29.45,30.64,29.28,29.83,2729232.0,81412990.56
2015-01-02 00:00:00,29.58,29.96,29.19,29.56,1691019.0,49986521.64
2015-01-05 00:00:00,29.6,29.61,28.84,28.96,1270764.0,36801325.44
2015-01-06 00:00:00,28.97,29.4,28.26,28.54,2730618.0,77931837.72
2015-01-07 00:00:00,28.74,33.12,28.74,32.49,15761691.0,512097340.59000003
2015-01-08 00:00:00,32.41,32.98,31.46,31.69,8786943.0,278458223.67
2015-01-09 00:00:00,32.02,33.54,31.84,32.33,8654085.0,279786568.05
2015-01-12 00:00:00,32.53,33.01,32.02,32.51,4762296.0,154822242.95999998
2015-01-13 00:00:00,32.73,34.6,32.63,33.67,9979695.0,336016330.65000004
2015-01-14 00:00:00,33.64,33.9,33.02,33.2,3385800.0,112408560.00000001
2015-01-15 00:00:00,33.27,33.77,32.84,33.01,1898721.0,62676780.20999999
2015-01-16 00:00:00,33.06,34.03,33.06,33.3,4175523.0,139044915.89999998
2015-01-19 00:00:00,33.36,33.68,32.74,32.85,1931490.0,63449446.5
2015-01-20 00:00:00,32.94,33.21,31.82,31.98,2877930.0,92036201.4
2015-01-21 00:00:00,32.13,32.76,31.67,31.89,2502522.0,79805426.58
2015-01-22 00:00:00,31.76,32.81,31.76,32.55,3073752.0,100050627.6
2015-01-23 00:00:00,32.61,33.13,32.17,32.5,4134735.0,134378887.5
2015-01-27 00:00:00,34.34,36.06,33.94,34.35,8901981.0,305783047.35
2015-01-28 00:00:00,34.59,34.77,34.1,34.4,2528658.0,86985835.2
2015-01-29 00:00:00,34.34,34.34,33.5,33.78,1187010.0,40097197.800000004
2015-01-30 00:00:00,33.9,34.22,33.4,33.66,1555785.0,52367723.099999994
2015-02-02 00:00:00,33.72,35.34,33.48,34.56,4476978.0,154724359.68
2015-02-03 00:00:00,34.85,36.56,33.79,36.36,7597359.0,276239973.24
2015-02-04 00:00:00,36.85,37.12,35.75,35.89,6060087.0,217496522.43
2015-02-05 00:00:00,35.95,35.99,35.18,35.31,1124145.0,39693559.95
2015-02-06 00:00:00,35.36,35.92,34.36,34.5,1247103.0,43025053.5
2015-02-09 00:00:00,34.5,34.54,33.33,33.47,1464408.0,49013735.76
2015-02-10 00:00:00,33.47,34.44,32.97,33.83,1847043.0,62485464.69
2015-02-11 00:00:00,34.19,35.51,34.19,35.35,5475393.0,193555142.55
2015-02-12 00:00:00,35.56,37.47,34.99,37.22,7420842.0,276203739.24
2015-02-13 00:00:00,37.55,37.73,36.46,36.62,2683593.0,98273175.66
2015-02-16 00:00:00,36.72,37.85,36.39,37.01,3326994.0,123132047.94
2015-02-18 00:00:00,37.15,41.82,37.15,40.38,16658334.0,672663526.9200001
2015-02-19 00:00:00,40.18,40.7,38.43,38.76,6551226.0,253925519.76
2015-02-20 00:00:00,38.99,39.79,38.48,38.6,4483809.0,173075027.4
2015-02-23 00:00:00,38.98,39.38,37.48,37.64,3333429.0,125470267.56
2015-02-24 00:00:00,37.9,38.59,37.04,37.31,4634091.0,172897935.21
2015-02-25 00:00:00,37.69,38.26,37.28,37.44,3382632.0,126645742.08
2015-02-26 00:00:00,37.57,38.15,36.57,36.88,5736951.0,211578752.88000003
2015-02-27 00:00:00,37.78,41.24,37.76,38.04,26032644.0,990281777.76
2015-02-28 00:00:00,38.65,39.29,36.56,37.66,10597950.0,399118796.99999994
2015-03-02 00:00:00,37.76,37.97,36.68,36.91,4439655.0,163867666.04999998
2015-03-03 00:00:00,37.02,37.27,36.47,36.75,3717747.0,136627202.25
2015-03-04 00:00:00,36.97,37.86,36.71,36.9,3965445.0,146324920.5
2015-03-05 00:00:00,37.11,37.36,35.9,36.11,4616370.0,166697120.7
2015-03-09 00:00:00,35.95,36.17,34.6,34.74,4272048.0,148410947.52
2015-03-10 00:00:00,34.99,35.15,33.13,33.49,6466482.0,216562482.18
2015-03-11 00:00:00,33.74,34.89,33.3,33.89,6231060.0,211170623.4
2015-03-12 00:00:00,34.13,34.74,34.02,34.13,2769723.0,94530645.99000001
2015-03-13 00:00:00,34.44,34.72,33.43,33.59,3761109.0,126335651.31000002
2015-03-16 00:00:00,33.74,33.74,32.82,32.97,2296503.0,75715703.91
2015-03-17 00:00:00,33.13,34.08,33.13,33.94,4238685.0,143860968.89999998
2015-03-18 00:00:00,34.15,34.24,33.17,33.29,2415897.0,80425211.13
2015-03-19 00:00:00,33.54,33.76,32.63,32.82,2930796.0,96188724.72
2015-03-20 00:00:00,32.81,32.89,31.87,32.21,2700423.0,86980624.83
2015-03-23 00:00:00,32.53,32.89,31.99,32.16,2529054.0,81334376.63999999
2015-03-24 00:00:00,31.87,32.98,31.87,32.76,2827935.0,92643150.6
2015-03-25 00:00:00,32.91,32.91,32.02,32.21,1985049.0,63938428.29
2015-03-26 00:00:00,32.14,32.42,31.59,31.94,2008215.0,64142387.1
2015-03-27 00:00:00,32.21,32.32,31.13,31.37,3078603.0,96575776.11
2015-03-30 00:00:00,31.97,33.01,31.94,32.81,3503214.0,114940451.34
2015-03-31 00:00:00,33.09,34.06,32.64,33.81,4423815.0,149569185.15
2015-04-01 00:00:00,33.94,36.34,33.85,35.31,8340453.0,294501395.43
2015-04-06 00:00:00,35.53,36.46,35.45,36.27,3865455.0,140200052.85000002
2015-04-07 00:00:00,36.52,36.62,35.29,36.25,3083751.0,111785973.75
2015-04-08 00:00:00,36.34,37.61,36.03,37.16,3681612.0,136808701.92
2015-04-09 00:00:00,37.58,37.91,36.8,37.31,2680326.0,100002963.06
2015-04-10 00:00:00,37.32,37.36,36.39,36.61,1587960.0,58135215.6
2015-04-13 00:00:00,36.62,36.97,34.69,34.8,4329567.0,150668931.6
2015-04-15 00:00:00,34.98,35.05,33.23,33.65,5958711.0,200510625.15
2015-04-16 00:00:00,33.83,34.34,33.11,33.19,3256605.0,108086719.94999999
2015-04-17 00:00:00,33.73,33.73,32.36,32.52,2779821.0,90399778.92
2015-04-20 00:00:00,32.59,33.18,31.32,31.56,3150279.0,99422805.24
2015-04-21 00:00:00,31.67,32.09,31.31,31.62,2514204.0,79499130.48
2015-04-22 00:00:00,31.71,32.32,31.67,32.2,2969307.0,95611685.4
2015-04-23 00:00:00,32.4,32.83,32.12,32.21,2836944.0,91377966.24000001
2015-04-24 00:00:00,32.47,32.47,31.41,31.56,1780317.0,56186804.519999996
2015-04-27 00:00:00,31.64,31.65,29.94,30.05,2337687.0,70247494.35000001
2015-04-28 00:00:00,30.06,30.46,29.55,30.06,2821698.0,84820241.88
2015-04-29 00:00:00,30.3,30.81,29.9,30.32,3122856.0,94684993.92
2015-04-30 00:00:00,30.5,31.4,29.92,31.12,2447676.0,76171677.12
2015-05-04 00:00:00,31.62,32.09,31.29,31.66,1795068.0,56831852.88
2015-05-05 00:00:00,31.68,33.98,31.36,32.99,5294520.0,174666214.8
2015-05-06 00:00:00,33.18,33.92,31.07,31.82,4142952.0,131828732.64
2015-05-07 00:00:00,31.65,32.58,29.96,30.35,4854564.0,147336017.4
2015-05-08 00:00:00,30.81,31.72,30.81,31.34,2676069.0,83868002.46
2015-05-11 00:00:00,31.65,32.29,31.62,31.71,1923867.0,61005822.57
2015-05-12 00:00:00,31.73,32.16,31.15,31.74,2276802.0,72265695.47999999
2015-05-13 00:00:00,31.97,32.22,31.83,31.97,1427481.0,45636567.57
2015-05-14 00:00:00,32.12,32.24,31.73,31.79,915057.0,29089662.029999997
2015-05-15 00:00:00,31.97,32.83,31.79,31.95,2310957.0,73835076.14999999
2015-05-18 00:00:00,32.29,32.37,31.8,31.93,1355508.0,43281370.44
2015-05-19 00:00:00,32.02,32.35,31.83,32.08,1517769.0,48690029.519999996
2015-05-20 00:00:00,32.17,32.59,32.05,32.11,937233.0,30094551.63
2015-05-21 00:00:00,32.21,32.93,32.17,32.57,1499058.0,48824319.06
2015-05-22 00:00:00,32.42,32.65,32.12,32.25,1124046.0,36250483.5
2015-05-25 00:00:00,32.53,32.78,32.21,32.41,1124838.0,36455999.58
2015-05-26 00:00:00,32.53,33.46,32.45,33.26,1965051.0,65357596.26
2015-05-27 00:00:00,33.23,33.59,32.84,33.38,1170081.0,39057303.78
2015-05-28 00:00:00,33.48,34.09,33.48,33.71,1477278.0,49799041.38
2015-05-29 00:00:00,33.79,36.62,32.24,36.19,13406580.0,485184130.2
2015-06-01 00:00:00,36.38,36.9,35.99,36.44,3811599.0,138894667.56
2015-06-02 00:00:00,36.16,36.19,34.65,35.08,3903966.0,136951127.28
2015-06-03 00:00:00,34.79,35.29,32.02,32.92,4015440.0,132188284.80000001
2015-06-04 00:00:00,33.26,33.72,32.41,33.46,3648348.0,122073724.08
2015-06-05 00:00:00,33.32,34.28,32.9,33.52,2752299.0,92257062.48
2015-06-08 00:00:00,33.55,34.03,33.03,33.24,1802097.0,59901704.28
2015-06-09 00:00:00,33.07,33.58,32.57,32.74,1758438.0,57571260.120000005
2015-06-10 00:00:00,32.92,33.48,32.88,33.07,1554102.0,51394153.14
2015-06-11 00:00:00,33.5,33.5,32.22,32.36,1964160.0,63560217.6
2015-06-12 00:00:00,32.31,33.01,32.03,32.86,2394315.0,78677190.9
2015-06-15 00:00:00,32.85,33.39,32.63,33.0,1711215.0,56470095.0
2015-06-16 00:00:00,32.88,33.1,32.57,32.96,896742.0,29556616.32
2015-06-17 00:00:00,33.03,33.69,32.86,33.33,2647161.0,88229876.13
2015-06-18 00:00:00,33.43,34.02,33.43,34.02,3324717.0,113106872.34
2015-06-19 00:00:00,34.26,34.61,34.14,34.41,1842687.0,63406859.669999994
2015-06-22 00:00:00,34.52,34.73,34.05,34.36,2597463.0,89248828.67999999
2015-06-23 00:00:00,34.14,34.79,34.11,34.28,1718838.0,58921766.64
2015-06-24 00:00:00,34.38,34.7,33.68,33.99,1333035.0,45309859.650000006
2015-06-25 00:00:00,33.74,34.23,33.61,34.05,892980.0,30405968.999999996
2015-06-26 00:00:00,33.98,35.19,33.87,34.81,2808333.0,97758071.73
2015-06-29 00:00:00,34.34,34.34,33.19,33.69,2316996.0,78059595.24
2015-06-30 00:00:00,33.34,34.25,33.34,33.96,1646568.0,55917449.28
2015-07-01 00:00:00,34.14,34.83,34.14,34.46,1247301.0,42981992.46
2015-07-02 00:00:00,34.53,35.1,34.3,34.46,1470645.0,50678426.7
2015-07-03 00:00:00,34.53,34.89,34.37,34.5,1428768.0,49292496.0
2015-07-06 00:00:00,34.24,34.46,32.06,34.14,1447776.0,49427072.64
2015-07-07 00:00:00,34.28,35.46,34.28,34.93,2334519.0,81544748.67
2015-07-08 00:00:00,34.65,35.14,34.13,34.41,1186020.0,40810948.199999996
2015-07-09 00:00:00,34.69,34.98,34.44,34.59,905751.0,31329927.090000004
2015-07-10 00:00:00,34.88,35.06,34.35,34.69,803979.0,27890031.509999998
2015-07-13 00:00:00,34.77,35.0,34.58,34.84,722997.0,25189215.480000004
2015-07-14 00:00:00,34.99,35.54,34.82,35.24,1689534.0,59539178.160000004
2015-07-15 00:00:00,35.44,35.86,35.35,35.56,1074051.0,38193253.56
2015-07-16 00:00:00,35.76,37.08,35.61,36.89,3017520.0,111316312.8
2015-07-17 00:00:00,37.31,37.57,36.73,36.82,3104739.0,114316489.98
2015-07-20 00:00:00,36.93,37.14,36.67,36.92,696762.0,25724453.040000003
2015-07-21 00:00:00,36.97,37.65,36.52,36.61,2037420.0,74589946.2
2015-07-22 00:00:00,36.62,37.17,36.44,36.94,732798.0,27069558.119999997
2015-07-23 00:00:00,36.96,38.25,36.96,37.97,2766357.0,105038575.28999999
2015-07-24 00:00:00,38.21,38.28,36.96,37.11,2209284.0,81986529.24
2015-07-27 00:00:00,39.8,39.83,37.02,37.19,7565976.0,281378647.44
2015-07-28 00:00:00,37.53,38.08,37.37,37.89,1760715.0,66713491.35
2015-07-29 00:00:00,38.12,39.83,37.66,39.61,5001381.0,198104701.41
2015-07-30 00:00:00,39.95,40.11,39.53,39.66,2503512.0,99289285.91999999
2015-07-31 00:00:00,39.15,40.58,39.15,40.27,3709728.0,149390746.56
2015-08-03 00:00:00,40.39,41.92,40.29,41.59,3716163.0,154555219.17000002
2015-08-04 00:00:00,41.72,42.02,41.15,41.67,2198097.0,91594701.99000001
2015-08-05 00:00:00,41.92,41.92,40.65,40.85,1856250.0,75827812.5
2015-08-06 00:00:00,40.71,40.97,39.7,40.2,1670229.0,67143205.80000001
2015-08-07 00:00:00,40.27,40.88,39.84,40.07,1841202.0,73776964.14
2015-08-10 00:00:00,39.9,40.39,39.4,39.55,1283832.0,50775555.599999994
2015-08-11 00:00:00,39.7,39.78,38.31,38.48,2349963.0,90426576.24
2015-08-12 00:00:00,38.48,38.64,37.51,37.74,1652607.0,62369388.18
2015-08-13 00:00:00,37.88,38.74,37.78,37.96,1362042.0,51703114.32
2015-08-14 00:00:00,38.38,38.95,37.87,38.83,1541133.0,59842194.39
2015-08-17 00:00:00,38.93,38.93,38.13,38.3,1385109.0,53049674.699999996
2015-08-18 00:00:00,38.48,38.65,37.37,37.53,2524005.0,94725907.65
2015-08-19 00:00:00,37.88,37.88,36.77,36.81,3414807.0,125699045.67
2015-08-20 00:00:00,36.76,37.15,36.35,36.59,2525094.0,92393189.46000001
2015-08-21 00:00:00,36.35,36.43,35.84,36.19,1759428.0,63673699.31999999
2015-08-24 00:00:00,35.56,35.56,31.62,32.17,4011975.0,129065235.75
2015-08-25 00:00:00,32.61,34.02,29.83,33.75,5302935.0,178974056.25
2015-08-26 00:00:00,33.67,34.31,32.54,33.97,2020392.0,68632716.24
2015-08-27 00:00:00,34.39,35.0,34.39,34.62,1326897.0,45937174.13999999
2015-08-28 00:00:00,34.73,36.13,34.73,35.2,2431836.0,85600627.2
2015-08-31 00:00:00,35.35,35.35,33.91,34.0,2158398.0,73385532.0
2015-09-01 00:00:00,33.62,33.79,32.5,32.62,1972179.0,64332478.98
2015-09-02 00:00:00,33.25,34.07,32.66,33.12,2774376.0,91887333.11999999
2015-09-03 00:00:00,33.36,33.91,33.06,33.35,1264824.0,42181880.4
2015-09-04 00:00:00,32.83,33.08,32.44,32.67,2787741.0,91075498.47
2015-09-07 00:00:00,32.83,32.83,31.64,31.88,1516185.0,48335977.8
2015-09-08 00:00:00,31.92,33.23,31.68,33.01,5790114.0,191131663.14
2015-09-09 00:00:00,33.61,34.22,33.43,33.88,11588346.0,392613162.48
2015-09-10 00:00:00,33.64,35.06,33.03,34.35,17916030.0,615415630.5
2015-09-11 00:00:00,35.15,35.42,33.53,33.82,73170306.0,2474619748.92
2015-09-14 00:00:00,34.85,34.85,32.58,33.06,5184168.0,171388594.08
2015-09-15 00:00:00,33.1,33.82,32.46,32.72,17829240.0,583372732.8
2015-09-16 00:00:00,33.15,34.06,32.58,32.71,14325498.0,468587039.58
2015-09-18 00:00:00,33.21,33.77,32.74,33.01,6324318.0,208765737.17999998
2015-09-21 00:00:00,33.0,33.8,32.94,33.37,853875.0,28493808.749999996
2015-09-22 00:00:00,33.64,33.71,32.94,33.13,991617.0,32852271.21
2015-09-23 00:00:00,32.73,35.0,32.73,34.62,2426292.0,83998229.03999999
2015-09-24 00:00:00,35.0,36.05,34.37,35.45,2451075.0,86890608.75
2015-09-28 00:00:00,35.63,36.52,35.6,35.79,1422564.0,50913565.56
2015-09-29 00:00:00,35.61,35.78,34.55,34.77,1804110.0,62728904.7
2015-09-30 00:00:00,35.15,35.3,34.13,34.46,1569018.0,54068360.28
2015-10-01 00:00:00,34.61,34.97,34.28,34.64,1262151.0,43720910.64
2015-10-05 00:00:00,35.03,36.0,35.03,35.82,1392270.0,49871111.4
2015-10-06 00:00:00,36.82,37.13,35.61,36.08,2991483.0,107932706.64
2015-10-07 00:00:00,36.33,36.82,35.49,36.49,1824900.0,66590601.0
2015-10-08 00:00:00,36.52,36.64,36.1,36.46,1315083.0,47947926.18
2015-10-09 00:00:00,36.61,37.07,36.47,36.59,1267002.0,46359603.18000001
2015-10-12 00:00:00,36.97,36.97,36.37,36.57,1063227.0,38882211.39
2015-10-13 00:00:00,36.48,36.56,35.83,35.99,683100.0,24584769.0
2015-10-14 00:00:00,35.82,36.31,35.69,35.97,581955.0,20932921.349999998
2015-10-15 00:00:00,36.31,36.31,35.71,35.94,357819.0,12860014.86
2015-10-16 00:00:00,35.97,36.29,35.4,36.15,1117512.0,40398058.8
2015-10-19 00:00:00,35.82,36.42,35.82,35.99,288651.0,10388549.49
2015-10-20 00:00:00,36.21,38.03,36.15,37.76,2719002.0,102669515.52
2015-10-21 00:00:00,38.06,38.18,36.42,37.21,2213937.0,82380595.77
2015-10-23 00:00:00,36.94,37.64,36.57,36.87,776985.0,28647436.95
2015-10-26 00:00:00,36.96,36.96,36.23,36.48,850872.0,31039810.56
2015-10-27 00:00:00,36.82,37.21,36.3,36.85,849222.0,31293830.700000003
2015-10-28 00:00:00,36.9,37.27,36.31,36.71,1240272.0,45530385.120000005
2015-10-29 00:00:00,36.86,37.55,36.58,36.89,1030689.0,38022117.21
2015-10-30 00:00:00,38.12,38.42,37.35,37.66,2129160.0,80184165.6
2015-11-02 00:00:00,38.48,38.48,37.09,37.3,310299.0,11574152.7
2015-11-03 00:00:00,37.42,38.3,37.33,38.09,972741.0,37051704.690000005
2015-11-04 00:00:00,38.45,38.78,37.62,38.02,739596.0,28119439.92
2015-11-05 00:00:00,37.81,38.06,37.43,37.55,429858.0,16141167.899999999
2015-11-06 00:00:00,37.61,38.22,37.42,37.57,656601.0,24668499.57
2015-11-09 00:00:00,36.82,39.39,36.7,39.12,1154670.0,45170690.4
2015-11-10 00:00:00,39.09,39.09,37.33,37.73,952116.0,35923336.68
2015-11-11 00:00:00,38.34,38.7,38.06,38.61,346764.0,13388558.04
2015-11-13 00:00:00,38.61,38.61,37.11,37.4,922746.0,34510700.4
2015-11-16 00:00:00,37.27,38.26,37.15,37.75,634062.0,23935840.5
2015-11-17 00:00:00,38.03,38.42,37.88,37.99,666303.0,25312850.970000003
2015-11-18 00:00:00,38.18,38.18,36.97,37.23,652509.0,24292910.069999997
2015-11-19 00:00:00,37.58,37.93,37.3,37.81,603141.0,22804761.21
2015-11-20 00:00:00,37.88,38.4,37.56,37.97,724449.0,27507328.529999997
2015-11-23 00:00:00,38.48,38.48,37.66,37.94,529485.0,20088660.9
2015-11-24 00:00:00,37.99,38.58,37.88,38.05,1356861.0,51628561.05
2015-11-26 00:00:00,37.88,39.15,37.88,38.77,901692.0,34958598.84
2015-11-27 00:00:00,38.94,39.32,38.52,38.63,744414.0,28756712.82
2015-11-30 00:00:00,38.48,38.58,37.82,37.97,869946.0,33031849.619999997
2015-12-01 00:00:00,38.18,38.33,37.42,37.59,465531.0,17499310.290000003
2015-12-02 00:00:00,37.42,37.68,36.79,36.98,922284.0,34106062.32
2015-12-03 00:00:00,36.73,37.58,36.73,37.08,524964.0,19465665.119999997
2015-12-04 00:00:00,36.97,37.61,36.74,37.07,527307.0,19547270.49
2015-12-07 00:00:00,37.58,37.58,36.78,37.11,511962.0,18998909.82
2015-12-08 00:00:00,36.97,37.28,36.58,36.84,692538.0,25513099.92
2015-12-09 00:00:00,36.84,37.11,35.93,36.27,791868.0,28721052.360000003
2015-12-10 00:00:00,36.4,36.58,35.7,36.1,1072467.0,38716058.7
2015-12-11 00:00:00,36.09,36.67,35.27,35.5,669537.0,23768563.5
2015-12-14 00:00:00,35.42,36.27,35.09,35.97,517704.0,18621812.88
2015-12-15 00:00:00,36.06,36.09,35.5,35.67,367983.0,13125953.610000001
2015-12-16 00:00:00,35.94,36.82,35.81,36.16,685773.0,24797551.679999996
2015-12-17 00:00:00,36.36,36.85,36.36,36.55,528825.0,19328553.75
2015-12-18 00:00:00,36.76,37.88,36.37,37.43,2133747.0,79866150.21
2015-12-21 00:00:00,37.42,38.3,37.27,38.03,951456.0,36183871.68
2015-12-22 00:00:00,38.18,38.73,37.88,38.49,942546.0,36278595.54
2015-12-23 00:00:00,38.73,38.94,37.98,38.48,581328.0,22369501.439999998
2015-12-24 00:00:00,38.33,40.44,38.33,39.9,2460876.0,98188952.39999999
2015-12-28 00:00:00,40.15,40.23,39.49,39.61,915189.0,36250636.29
2015-12-29 00:00:00,39.77,40.76,39.62,40.65,1233672.0,50148766.8
2015-12-30 00:00:00,40.91,41.73,40.91,41.03,2530704.0,103834785.12
2015-12-31 00:00:00,41.24,41.91,41.09,41.6,1674783.0,69670972.8
2016-01-01 00:00:00,41.91,41.91,41.26,41.7,1330164.0,55467838.800000004
2016-01-04 00:00:00,41.55,42.93,41.42,41.69,2481930.0,103471661.69999999
2016-01-05 00:00:00,41.69,42.2,41.14,41.36,990264.0,40957319.04
2016-01-06 00:00:00,41.37,41.77,40.7,40.97,805662.0,33007972.14
2016-01-07 00:00:00,40.91,40.91,38.96,39.23,1100055.0,43155157.65
2016-01-08 00:00:00,39.24,40.02,39.03,39.32,575652.0,22634636.64
2016-01-11 00:00:00,39.33,40.45,38.53,40.25,826815.0,33279303.75
2016-01-12 00:00:00,40.67,41.52,40.45,40.61,966603.0,39253747.83
2016-01-13 00:00:00,40.61,41.23,39.24,40.53,1743291.0,70655584.23
2016-01-14 00:00:00,40.0,40.32,39.12,39.69,1027389.0,40777069.41
2016-01-15 00:00:00,39.88,40.13,37.88,38.22,1030095.0,39370230.9
2016-01-18 00:00:00,37.85,38.18,36.32,37.56,1148928.0,43153735.68
2016-01-19 00:00:00,37.53,38.3,37.0,38.16,425304.0,16229600.639999999
2016-01-20 00:00:00,37.79,37.79,35.67,36.79,1162425.0,42765615.75
2016-01-21 00:00:00,37.12,37.58,35.34,35.58,1597068.0,56823679.44
2016-01-22 00:00:00,35.91,36.73,35.15,36.24,1178496.0,42708695.04
2016-01-25 00:00:00,36.67,37.22,36.39,36.6,851763.0,31174525.8
2016-01-27 00:00:00,37.0,39.69,36.28,36.58,4420845.0,161714510.1
2016-01-28 00:00:00,36.79,37.58,36.31,37.31,791076.0,29515045.560000002
2016-01-29 00:00:00,37.55,37.73,36.91,37.31,668151.0,24928713.810000002
2016-02-01 00:00:00,37.58,37.82,37.0,37.3,824670.0,30760190.999999996
2016-02-02 00:00:00,37.39,37.79,36.78,36.99,409134.0,15133866.66
2016-02-03 00:00:00,36.7,37.58,36.33,36.81,1075074.0,39573473.940000005
2016-02-04 00:00:00,37.09,37.58,36.39,37.07,1069662.0,39652370.34
2016-02-05 00:00:00,37.15,37.7,36.82,37.38,1428537.0,53398713.06
2016-02-08 00:00:00,37.27,38.02,37.11,37.3,515823.0,19240197.9
2016-02-09 00:00:00,36.97,37.08,36.39,36.59,835263.0,30562273.17
2016-02-10 00:00:00,36.31,36.82,35.83,35.99,585882.0,21085893.18
2016-02-11 00:00:00,35.76,35.94,33.53,34.0,1405338.0,47781492.0
2016-02-12 00:00:00,34.85,35.06,32.97,34.16,1352010.0,46184661.599999994
2016-02-15 00:00:00,34.79,35.86,34.54,35.19,548196.0,19291017.24
2016-02-16 00:00:00,35.54,35.88,33.58,33.89,923208.0,31287519.12
2016-02-17 00:00:00,33.58,34.1,32.82,33.93,1167012.0,39596717.16
2016-02-18 00:00:00,34.09,36.64,34.05,34.7,864336.0,29992459.200000003
2016-02-19 00:00:00,34.7,34.7,34.04,34.26,581064.0,19907252.64
2016-02-22 00:00:00,34.39,35.57,34.24,35.09,1094247.0,38397127.230000004
2016-02-23 00:00:00,34.73,35.31,33.68,33.83,930039.0,31463219.369999997
2016-02-24 00:00:00,33.64,34.48,32.88,33.06,1252746.0,41415782.760000005
2016-02-25 00:00:00,33.63,33.63,31.94,32.39,1283073.0,41558734.47
2016-02-26 00:00:00,32.73,32.73,31.87,32.04,3682371.0,117983166.84
2016-02-29 00:00:00,32.18,32.7,31.02,31.18,1952907.0,60891640.26
2016-03-01 00:00:00,31.52,31.66,30.58,31.58,1456686.0,46002143.879999995
2016-03-02 00:00:00,31.88,32.56,31.73,31.92,1000560.0,31937875.200000003
2016-03-03 00:00:00,31.97,32.95,31.97,32.62,1694847.0,55285909.13999999
2016-03-04 00:00:00,32.88,33.59,32.28,33.35,1557501.0,51942658.35
2016-03-08 00:00:00,33.64,33.73,32.65,32.88,691020.0,22720737.6
2016-03-09 00:00:00,32.66,33.26,32.42,33.15,537009.0,17801848.349999998
2016-03-10 00:00:00,33.18,33.38,32.56,32.76,747186.0,24477813.36
2016-03-11 00:00:00,32.88,33.45,32.68,32.93,1272876.0,41915806.68
2016-03-14 00:00:00,32.93,33.24,32.0,32.38,1469028.0,47567126.64
2016-03-15 00:00:00,32.55,32.56,31.72,32.13,687390.0,22085840.700000003
2016-03-16 00:00:00,32.38,32.38,31.7,32.19,535920.0,17251264.799999997
2016-03-17 00:00:00,32.42,33.16,32.42,32.72,778371.0,25468299.119999997
2016-03-18 00:00:00,32.88,33.52,32.88,33.35,924462.0,30830807.700000003
2016-03-21 00:00:00,33.48,36.35,33.38,35.69,2862882.0,102176258.58
2016-03-22 00:00:00,36.09,36.45,35.74,36.13,2800908.0,101196806.04
2016-03-23 00:00:00,36.06,37.01,35.61,36.34,1392039.0,50586697.260000005
2016-03-28 00:00:00,36.67,36.89,35.15,35.35,911163.0,32209612.05
2016-03-29 00:00:00,35.45,36.1,35.23,35.75,768504.0,27474018.0
2016-03-30 00:00:00,35.75,36.79,35.75,36.55,589776.0,21556312.799999997
2016-03-31 00:00:00,36.83,37.85,36.32,36.95,1711215.0,63229394.25000001
2016-04-01 00:00:00,36.82,36.92,36.12,36.3,883641.0,32076168.299999997
2016-04-04 00:00:00,36.52,36.88,36.43,36.53,511401.0,18681478.53
2016-04-05 00:00:00,36.67,36.67,35.52,35.77,660000.0,23608200.000000004
2016-04-06 00:00:00,35.93,36.27,35.39,35.6,440286.0,15674181.600000001
2016-04-07 00:00:00,35.61,35.61,34.67,35.04,1008282.0,35330201.28
2016-04-08 00:00:00,34.94,35.69,34.77,35.43,456093.0,16159374.99
2016-04-11 00:00:00,35.61,35.61,34.35,34.86,811899.0,28302799.14
2016-04-12 00:00:00,34.85,36.15,34.85,35.92,1124871.0,40405366.32
2016-04-13 00:00:00,36.42,36.82,35.92,36.13,1193544.0,43122744.720000006
2016-04-18 00:00:00,36.26,36.85,35.9,36.49,738441.0,26945712.09
2016-04-20 00:00:00,36.52,36.99,36.15,36.32,543873.0,19753467.36
2016-04-21 00:00:00,36.54,36.63,35.09,35.39,706002.0,24985410.78
2016-04-22 00:00:00,35.46,35.7,34.97,35.39,475629.0,16832510.31
2016-04-25 00:00:00,35.61,35.94,35.39,35.52,507903.0,18040714.560000002
2016-04-26 00:00:00,35.52,36.17,35.42,36.06,556776.0,20077342.560000002
2016-04-27 00:00:00,36.36,37.09,36.11,36.75,1166583.0,42871925.25
2016-04-28 00:00:00,36.84,37.33,35.7,35.88,1220703.0,43798823.64
2016-04-29 00:00:00,35.97,36.55,35.57,35.84,581856.0,20853719.040000003
2016-05-02 00:00:00,35.91,36.33,35.58,35.95,365871.0,13153062.450000001
2016-05-03 00:00:00,36.24,36.34,35.41,35.57,684255.0,24338950.35
2016-05-04 00:00:00,35.59,35.83,34.55,34.72,629244.0,21847351.68
2016-05-05 00:00:00,35.0,35.2,34.6,34.75,492789.0,17124417.75
2016-05-06 00:00:00,34.64,34.98,34.39,34.56,601392.0,20784107.52
2016-05-09 00:00:00,34.74,35.18,34.67,34.91,588654.0,20549911.139999997
2016-05-10 00:00:00,35.15,35.58,35.01,35.43,615714.0,21814747.02
2016-05-11 00:00:00,35.0,35.33,34.82,35.07,406890.0,14269632.3
2016-05-12 00:00:00,35.21,35.4,35.1,35.22,470283.0,16563367.26
2016-05-13 00:00:00,35.09,35.14,34.7,34.77,371943.0,12932458.110000001
2016-05-16 00:00:00,34.82,34.89,33.82,34.35,705639.0,24238699.650000002
2016-05-17 00:00:00,34.58,34.85,34.1,34.34,592878.0,20359430.520000003
2016-05-18 00:00:00,34.28,35.03,34.12,34.78,381546.0,13270169.88
2016-05-19 00:00:00,34.8,34.84,33.76,33.85,574728.0,19454542.8
2016-05-20 00:00:00,33.85,34.18,33.21,33.38,1190475.0,39738055.5
2016-05-23 00:00:00,33.6,34.09,33.09,33.33,812823.0,27091390.59
2016-05-24 00:00:00,33.29,33.69,32.84,33.52,807213.0,27057779.76
2016-05-25 00:00:00,33.78,34.09,33.36,33.61,637428.0,21423955.08
2016-05-26 00:00:00,33.79,34.39,33.76,34.1,798534.0,27230009.400000002
2016-05-27 00:00:00,34.39,36.5,34.3,35.85,3268716.0,117183468.60000001
2016-05-30 00:00:00,36.21,36.35,35.52,36.07,1065438.0,38430348.660000004
2016-05-31 00:00:00,36.36,36.36,35.66,35.81,569382.0,20389569.42
2016-06-01 00:00:00,35.82,36.33,34.97,35.07,715308.0,25085851.56
2016-06-02 00:00:00,35.03,35.45,34.77,35.25,445335.0,15698058.75
2016-06-03 00:00:00,35.45,35.67,34.47,34.58,1233276.0,42646684.08
2016-06-06 00:00:00,35.12,36.15,34.85,35.88,1127841.0,40466935.080000006
2016-06-07 00:00:00,36.05,36.97,36.05,36.8,2238918.0,82392182.39999999
2016-06-08 00:00:00,37.27,39.39,37.27,39.1,5075565.0,198454591.5
2016-06-09 00:00:00,39.08,39.84,37.91,38.22,2747943.0,105026381.46
2016-06-10 00:00:00,38.22,39.18,38.07,38.32,1669866.0,63989265.12
2016-06-13 00:00:00,38.03,38.33,37.53,37.82,821700.0,31076694.0
2016-06-14 00:00:00,37.88,38.24,37.41,37.72,915981.0,34550803.32
2016-06-15 00:00:00,37.79,38.77,37.79,38.2,1393854.0,53245222.800000004
2016-06-16 00:00:00,38.19,38.88,38.12,38.45,1544994.0,59405019.300000004
2016-06-17 00:00:00,38.79,38.94,37.97,38.17,826320.0,31540634.400000002
2016-06-20 00:00:00,38.18,39.36,37.74,38.94,2036463.0,79299869.22
2016-06-21 00:00:00,39.3,39.48,38.73,38.93,1603833.0,62437218.69
2016-06-22 00:00:00,39.03,39.06,37.95,38.29,933141.0,35729968.89
2016-06-23 00:00:00,38.46,38.76,38.03,38.54,509553.0,19638172.62
2016-06-24 00:00:00,38.22,38.22,35.82,37.93,1324521.0,50239081.53
2016-06-27 00:00:00,38.18,38.45,37.81,38.16,792165.0,30229016.4
2016-06-28 00:00:00,38.24,38.44,37.76,37.98,979275.0,37192864.5
2016-06-29 00:00:00,38.21,38.76,38.09,38.49,719037.0,27675734.130000003
2016-06-30 00:00:00,38.64,38.94,38.19,38.42,801603.0,30797587.26
2016-07-01 00:00:00,38.59,38.85,38.48,38.51,1359864.0,52368362.64
2016-07-04 00:00:00,38.79,39.08,38.53,38.62,1108173.0,42797641.26
2016-07-05 00:00:00,38.85,39.13,38.53,38.68,656337.0,25387115.16
2016-07-07 00:00:00,38.79,39.02,38.36,38.53,548790.0,21144878.7
2016-07-08 00:00:00,38.79,38.79,37.94,38.1,641916.0,24456999.6
2016-07-11 00:00:00,38.48,38.67,38.07,38.16,374319.0,14284013.04
2016-07-12 00:00:00,38.15,38.45,38.14,38.21,385176.0,14717574.96
2016-07-13 00:00:00,38.33,38.67,37.58,37.76,647757.0,24459304.32
2016-07-14 00:00:00,37.92,38.91,37.45,38.64,2111637.0,81593653.68
2016-07-15 00:00:00,38.94,38.99,37.93,38.02,1222089.0,46463823.78
2016-07-18 00:00:00,38.15,38.33,37.55,37.68,623370.0,23488581.6
2016-07-19 00:00:00,37.8,38.08,37.39,37.53,704154.0,26426899.62
2016-07-20 00:00:00,37.58,38.3,37.58,37.85,789030.0,29864785.5
2016-07-21 00:00:00,37.94,38.24,37.52,37.57,798633.0,30004641.81
2016-07-22 00:00:00,37.58,37.77,37.19,37.51,1459326.0,54739318.26
2016-07-25 00:00:00,37.52,37.94,37.21,37.72,602877.0,22740520.439999998
2016-07-26 00:00:00,37.73,37.8,37.01,37.2,882981.0,32846893.200000003
2016-07-27 00:00:00,37.46,37.58,36.73,36.93,1275945.0,47120648.85
2016-07-28 00:00:00,37.37,37.88,36.85,36.99,980859.0,36281974.410000004
2016-07-29 00:00:00,37.09,37.6,37.07,37.46,2710653.0,101541061.38
2016-08-01 00:00:00,37.27,38.12,37.27,37.55,1360557.0,51088915.349999994
2016-08-02 00:00:00,37.88,38.18,37.33,37.63,1527207.0,57468799.410000004
2016-08-03 00:00:00,37.61,37.88,37.1,37.47,1008150.0,37775380.5
2016-08-04 00:00:00,37.58,37.74,37.21,37.29,548262.0,20444689.98
2016-08-05 00:00:00,37.58,38.33,37.53,38.14,1534137.0,58511985.18
2016-08-08 00:00:00,38.18,38.18,37.17,37.59,1567401.0,58918603.59
2016-08-09 00:00:00,37.64,38.04,37.52,37.63,425766.0,16021574.580000002
2016-08-10 00:00:00,37.71,37.77,37.24,37.34,554565.0,20707457.1
2016-08-11 00:00:00,37.36,37.36,36.43,36.7,940335.0,34510294.5
2016-08-12 00:00:00,36.76,37.37,36.67,37.22,447513.0,16656433.86
2016-08-16 00:00:00,37.33,37.7,37.0,37.47,396429.0,14854194.629999999
2016-08-17 00:00:00,37.51,37.82,37.35,37.57,465960.0,17506117.2
2016-08-18 00:00:00,37.34,37.63,37.06,37.2,318582.0,11851250.4
2016-08-19 00:00:00,37.16,37.88,37.12,37.35,675114.0,25215507.900000002
2016-08-22 00:00:00,37.27,37.5,37.03,37.09,336501.0,12480822.090000002
2016-08-23 00:00:00,37.01,37.1,36.75,36.95,512754.0,18946260.3
2016-08-24 00:00:00,36.91,37.35,36.91,37.22,546183.0,20328931.259999998
2016-08-25 00:00:00,37.16,37.31,36.43,36.64,456852.0,16739057.28
2016-08-26 00:00:00,36.84,37.18,36.6,36.81,1225554.0,45112642.74
2016-08-29 00:00:00,36.7,37.12,36.67,36.8,318615.0,11725032.0
2016-08-30 00:00:00,36.97,37.13,36.86,36.92,339636.0,12539361.120000001
2016-08-31 00:00:00,36.98,37.61,36.36,36.96,608850.0,22503096.0
2016-09-01 00:00:00,37.05,37.36,36.82,37.08,364254.0,13506538.32
2016-09-02 00:00:00,37.17,37.37,36.73,36.93,446061.0,16473032.73
2016-09-06 00:00:00,36.97,37.16,36.76,36.84,315282.0,11614988.88
2016-09-07 00:00:00,36.86,37.03,36.58,36.74,561198.0,20618414.52
2016-09-08 00:00:00,36.67,36.76,36.39,36.46,363330.0,13247011.8
2016-09-09 00:00:00,36.73,37.73,36.52,36.68,600732.0,22034849.76
2016-09-12 00:00:00,36.33,36.97,36.16,36.35,730587.0,26556837.45
2016-09-14 00:00:00,36.36,36.47,36.08,36.2,452496.0,16380355.200000001
2016-09-15 00:00:00,36.36,37.09,36.13,36.96,1065141.0,39367611.36
2016-09-16 00:00:00,37.15,37.42,36.67,36.86,2305875.0,84994552.5
2016-09-19 00:00:00,36.97,37.64,36.97,37.42,1611225.0,60292039.5
2016-09-20 00:00:00,37.65,37.98,37.42,37.54,2021250.0,75877725.0
2016-09-21 00:00:00,37.67,38.03,37.46,37.8,1391247.0,52589136.599999994
2016-09-22 00:00:00,38.1,38.64,37.76,38.05,1255221.0,47761159.05
2016-09-23 00:00:00,38.18,38.6,38.07,38.23,1763718.0,67426939.14
2016-09-26 00:00:00,38.02,38.67,37.88,38.27,2377485.0,90986350.95
2016-09-27 00:00:00,38.48,38.91,38.48,38.76,1228524.0,47617590.239999995
2016-09-28 00:00:00,38.94,38.97,38.7,38.81,639441.0,24816705.21
2016-09-29 00:00:00,38.96,39.24,37.18,37.4,2303037.0,86133583.8
2016-09-30 00:00:00,37.55,38.0,37.39,37.74,583209.0,22010307.66
2016-10-03 00:00:00,38.03,38.73,37.88,38.59,841038.0,32455656.42
2016-10-04 00:00:00,38.64,38.83,38.25,38.47,2053953.0,79015571.91
2016-10-05 00:00:00,38.79,38.79,38.35,38.57,3374943.0,130171551.51
2016-10-06 00:00:00,38.64,38.94,38.34,38.55,867042.0,33424469.099999998
2016-10-07 00:00:00,38.58,38.64,38.23,38.45,336402.0,12934656.9
2016-10-10 00:00:00,38.63,38.63,37.94,38.01,332013.0,12619814.129999999
2016-10-13 00:00:00,38.06,38.06,37.58,37.73,629772.0,23761297.56
2016-10-14 00:00:00,37.73,38.6,37.66,38.42,367290.0,14111281.8
2016-10-17 00:00:00,38.55,38.82,38.18,38.23,2663595.0,101829236.85
2016-10-18 00:00:00,38.33,38.94,38.06,38.86,2703624.0,105062828.64
2016-10-19 00:00:00,39.0,39.11,38.48,38.69,803583.0,31090626.27
2016-10-20 00:00:00,38.63,38.84,38.58,38.72,696003.0,26949236.16
2016-10-21 00:00:00,38.67,38.7,38.15,38.37,250503.0,9611800.11
2016-10-24 00:00:00,38.43,38.79,38.33,38.46,307494.0,11826219.24
2016-10-25 00:00:00,38.58,38.58,38.21,38.34,274494.0,10524099.96
2016-10-26 00:00:00,38.34,38.54,38.05,38.18,242979.0,9276938.22
2016-10-27 00:00:00,38.04,38.42,38.03,38.14,366630.0,13983268.200000001
2016-10-28 00:00:00,39.29,40.17,38.89,39.44,3205092.0,126408828.47999999
2016-10-30 00:00:00,39.85,40.52,39.62,40.25,528231.0,21261297.75
2016-11-01 00:00:00,40.3,40.64,40.03,40.27,541893.0,21822031.110000003
2016-11-02 00:00:00,40.0,40.0,39.39,39.48,290829.0,11481928.92
2016-11-03 00:00:00,39.39,40.13,39.39,39.56,364881.0,14434692.360000001
2016-11-04 00:00:00,39.85,39.9,39.02,39.38,1302609.0,51296742.42
2016-11-07 00:00:00,39.67,40.09,39.4,39.56,370755.0,14667067.8
2016-11-08 00:00:00,39.55,40.23,39.55,39.88,407352.0,16245197.760000002
2016-11-09 00:00:00,38.85,39.79,36.5,39.56,1313070.0,51945049.2
2016-11-10 00:00:00,40.3,41.9,39.81,41.36,1350360.0,55850889.6
2016-11-11 00:00:00,40.91,41.2,39.38,39.54,867834.0,34314156.36
2016-11-15 00:00:00,39.55,39.67,38.37,39.05,704022.0,27492059.099999998
2016-11-16 00:00:00,39.39,40.14,38.89,39.62,625152.0,24768522.24
2016-11-17 00:00:00,39.55,40.15,38.94,39.75,2196843.0,87324509.25
2016-11-18 00:00:00,39.7,39.96,39.45,39.71,319275.0,12678410.25
2016-11-21 00:00:00,39.81,39.81,38.5,38.69,707058.0,27356074.02
2016-11-22 00:00:00,39.08,39.63,38.69,39.29,491766.0,19321486.14
2016-11-23 00:00:00,39.24,39.81,38.96,39.31,359601.0,14135915.31
2016-11-24 00:00:00,39.09,39.74,38.91,39.42,248787.0,9807183.540000001
2016-11-25 00:00:00,39.39,39.98,39.36,39.52,425337.0,16809318.240000002
2016-11-28 00:00:00,39.55,42.33,39.2,42.02,2056725.0,86423584.5
2016-11-29 00:00:00,42.42,43.23,42.05,42.52,2228523.0,94756797.96000001
2016-11-30 00:00:00,42.88,43.83,42.64,43.57,3069132.0,133722081.24
2016-12-01 00:00:00,43.69,44.09,43.23,43.41,864699.0,37536583.589999996
2016-12-02 00:00:00,43.27,44.12,42.83,43.0,1191432.0,51231576.0
2016-12-05 00:00:00,43.03,43.6,43.03,43.4,3644916.0,158189354.4
2016-12-06 00:00:00,43.45,44.77,43.45,44.17,2275977.0,100529904.09
2016-12-07 00:00:00,44.36,44.7,43.95,44.28,1283997.0,56855387.160000004
2016-12-08 00:00:00,44.94,45.6,44.41,44.95,1498761.0,67369306.95
2016-12-09 00:00:00,45.67,46.67,45.13,45.89,1786554.0,81984963.06
2016-12-12 00:00:00,45.73,46.21,45.02,45.63,780516.0,35614945.080000006
2016-12-13 00:00:00,45.67,45.91,44.52,44.66,602580.0,26911222.799999997
2016-12-14 00:00:00,44.67,45.14,43.11,43.25,797742.0,34502341.5
2016-12-15 00:00:00,43.03,44.3,42.73,43.62,525888.0,22939234.56
2016-12-16 00:00:00,43.94,44.17,43.45,43.81,456225.0,19987217.25
2016-12-19 00:00:00,43.79,44.7,43.43,43.56,761970.0,33191413.200000003
2016-12-20 00:00:00,43.86,43.97,42.62,42.79,1843446.0,78881054.34
2016-12-21 00:00:00,43.03,43.52,42.48,42.86,496221.0,21268032.06
2016-12-22 00:00:00,42.7,42.86,41.63,42.18,732765.0,30908027.7
2016-12-23 00:00:00,42.42,42.69,41.73,41.95,720588.0,30228666.6
2016-12-26 00:00:00,41.83,42.29,40.65,40.93,636669.0,26058862.169999998
2016-12-27 00:00:00,41.18,41.88,40.29,41.51,1110417.0,46093409.669999994
2016-12-28 00:00:00,42.42,42.43,40.96,41.2,447249.0,18426658.8
2016-12-29 00:00:00,41.24,41.77,40.99,41.35,258159.0,10674874.65
2016-12-30 00:00:00,41.67,42.23,41.52,41.65,554598.0,23099006.7
2017-01-02 00:00:00,41.81,41.84,41.03,41.42,2617032.0,108397465.44
2017-01-03 00:00:00,41.58,43.3,41.45,43.13,5226771.0,225430633.23000002
2017-01-04 00:00:00,43.39,43.93,43.17,43.36,1131174.0,49047704.64
2017-01-05 00:00:00,43.91,43.97,43.09,43.37,471537.0,20450559.689999998
2017-01-06 00:00:00,43.64,43.86,42.59,42.73,539880.0,23069072.4
2017-01-09 00:00:00,42.85,45.76,42.45,44.07,3024846.0,133304963.22
2017-01-10 00:00:00,44.7,46.3,44.38,45.84,4693161.0,215134500.24
2017-01-11 00:00:00,46.85,46.95,46.06,46.25,2746029.0,127003841.25
2017-01-12 00:00:00,46.42,47.54,46.42,46.89,4187370.0,196345779.3
2017-01-13 00:00:00,46.79,47.14,46.12,46.27,908160.0,42020563.2
2017-01-16 00:00:00,46.36,46.6,45.76,46.33,511929.0,23717670.57
2017-01-17 00:00:00,46.52,46.72,45.67,45.88,480810.0,22059562.8
2017-01-18 00:00:00,45.91,46.3,45.55,45.82,586839.0,26888962.98
2017-01-19 00:00:00,45.91,46.15,44.94,45.17,930336.0,42023277.120000005
2017-01-20 00:00:00,45.08,45.37,44.11,44.72,1756722.0,78560607.84
2017-01-23 00:00:00,44.69,46.12,44.69,45.92,897864.0,41229914.88
2017-01-24 00:00:00,46.36,46.52,45.85,46.06,2916705.0,134343432.3
2017-01-25 00:00:00,46.33,46.37,45.76,45.88,1089033.0,49964834.04
2017-01-27 00:00:00,46.06,47.53,46.06,46.68,3007026.0,140367973.68
2017-01-30 00:00:00,47.88,49.22,47.78,48.07,8995437.0,432410656.59
2017-01-31 00:00:00,48.06,48.06,46.53,46.67,1755666.0,81936932.22
2017-02-01 00:00:00,47.12,47.65,46.85,47.46,1977294.0,93842373.24
2017-02-02 00:00:00,47.44,47.88,46.7,46.86,1140546.0,53445985.56
2017-02-03 00:00:00,47.03,47.54,46.53,46.76,1178925.0,55126533.0
2017-02-06 00:00:00,46.82,47.48,46.43,46.55,2182422.0,101591744.1
2017-02-07 00:00:00,47.03,47.52,46.78,47.34,1128336.0,53415426.24
2017-02-08 00:00:00,47.58,48.1,47.18,47.42,1538955.0,72977246.10000001
2017-02-09 00:00:00,48.0,48.0,47.15,47.4,974127.0,46173619.8
2017-02-10 00:00:00,47.39,47.5,46.7,46.78,512919.0,23994350.82
2017-02-13 00:00:00,46.82,47.1,46.01,46.23,1940994.0,89732152.61999999
2017-02-14 00:00:00,46.45,46.73,45.7,45.77,1289244.0,59008697.88
2017-02-15 00:00:00,46.36,46.81,46.07,46.19,2319933.0,107157705.27
2017-02-16 00:00:00,46.21,46.42,46.0,46.2,683298.0,31568367.6
2017-02-17 00:00:00,46.46,46.86,46.09,46.25,740916.0,34267365.0
2017-02-20 00:00:00,46.25,46.82,46.15,46.54,452529.0,21060699.66
2017-02-21 00:00:00,46.52,47.56,46.52,47.27,949278.0,44872371.06
2017-02-22 00:00:00,45.76,46.27,45.7,45.77,2943732.0,134734613.64000002
2017-02-23 00:00:00,45.73,46.79,45.48,45.67,3524235.0,160951812.45000002
2017-02-27 00:00:00,45.75,46.07,45.41,45.69,7662864.0,350116256.15999997
2017-02-28 00:00:00,45.76,46.14,45.74,45.91,1324059.0,60787548.69
2017-03-01 00:00:00,45.94,46.2,45.94,46.04,759528.0,34968669.12
2017-03-02 00:00:00,46.12,46.37,45.39,45.52,1919577.0,87379145.04
2017-03-03 00:00:00,45.52,45.7,45.09,45.33,812361.0,36824324.129999995
2017-03-06 00:00:00,45.42,46.45,45.42,46.35,1342869.0,62241978.15
2017-03-07 00:00:00,46.58,46.67,46.21,46.42,836088.0,38811204.96
2017-03-08 00:00:00,46.33,46.48,45.8,46.1,840114.0,38729255.4
2017-03-09 00:00:00,46.14,47.21,46.0,47.05,1747680.0,82228344.0
2017-03-10 00:00:00,47.27,47.58,46.99,47.46,1243407.0,59012096.22
2017-03-14 00:00:00,47.94,48.23,47.5,47.63,1702305.0,81080787.15
2017-03-15 00:00:00,47.73,48.21,47.47,47.59,754677.0,35915078.43
2017-03-16 00:00:00,48.18,50.35,47.88,50.03,2929641.0,146569939.23
2017-03-17 00:00:00,50.42,50.45,48.82,49.06,2316722.0,113658381.32000001
2017-03-20 00:00:00,49.09,49.47,48.33,49.24,2332427.0,114848705.48
2017-03-21 00:00:00,49.24,49.29,47.64,48.3,1272038.0,61439435.4
2017-03-22 00:00:00,48.17,48.17,46.44,46.62,1978911.0,92256830.82
2017-03-23 00:00:00,46.8,47.76,46.65,47.55,1749393.0,83183637.14999999
2017-03-24 00:00:00,47.59,47.73,46.97,47.14,857825.0,40437870.5
2017-03-27 00:00:00,47.14,48.45,46.94,48.15,1714522.0,82554234.3
2017-03-28 00:00:00,48.45,48.48,47.73,48.0,1449683.0,69584784.0
2017-03-29 00:00:00,48.0,48.03,46.97,47.18,1424458.0,67205928.44
2017-03-30 00:00:00,47.58,47.74,46.42,46.56,1544611.0,71917088.16
2017-03-31 00:00:00,46.91,47.67,46.52,47.38,1585637.0,75127481.06
2017-04-03 00:00:00,48.2,48.92,48.03,48.44,1809185.0,87636921.39999999
2017-04-05 00:00:00,49.09,49.09,48.56,48.91,847701.0,41461055.91
2017-04-06 00:00:00,49.09,50.53,48.94,50.2,2085102.0,104672120.4
2017-04-07 00:00:00,49.7,51.29,49.7,50.76,1771189.0,89905553.64
2017-04-10 00:00:00,51.18,52.62,50.39,52.14,1830510.0,95442791.4
2017-04-11 00:00:00,52.7,53.94,52.58,53.32,2116917.0,112874014.44
2017-04-12 00:00:00,53.33,54.0,51.86,52.89,1225544.0,64819022.160000004
2017-04-13 00:00:00,52.92,53.03,51.14,51.55,1281159.0,66043746.449999996
2017-04-17 00:00:00,51.82,52.42,51.42,51.88,786136.0,40784735.68
2017-04-18 00:00:00,51.52,53.76,51.52,52.03,1147037.0,59680335.11
2017-04-19 00:00:00,53.03,55.23,52.79,54.14,5296761.0,286766640.54
2017-04-20 00:00:00,54.7,55.3,53.67,54.02,1924732.0,103974022.64
2017-04-21 00:00:00,54.58,55.44,54.41,54.7,2955345.0,161657371.5
2017-04-24 00:00:00,54.91,55.52,54.77,55.17,1515047.0,83585142.99000001
2017-04-25 00:00:00,55.45,55.61,54.44,54.65,908698.0,49660345.699999996
2017-04-26 00:00:00,54.65,55.0,53.73,54.45,894977.0,48731497.650000006
2017-04-27 00:00:00,54.85,55.0,54.26,54.45,695353.0,37861970.85
2017-04-28 00:00:00,55.15,55.88,54.7,55.38,1381423.0,76503205.74000001
2017-05-02 00:00:00,55.39,55.89,54.95,55.52,696934.0,38693775.68
2017-05-03 00:00:00,55.71,55.71,53.94,54.26,818258.0,44398679.08
2017-05-04 00:00:00,54.56,55.24,53.79,55.05,1434602.0,78974840.1
2017-05-05 00:00:00,54.77,55.08,54.12,54.39,760181.0,41346244.59
2017-05-08 00:00:00,54.55,55.38,54.55,54.86,507293.0,27830093.98
2017-05-09 00:00:00,55.15,55.18,54.55,54.86,441995.0,24247845.7
2017-05-10 00:00:00,55.14,56.05,54.88,55.73,892587.0,49743873.51
2017-05-11 00:00:00,56.3,56.62,55.0,55.21,3632769.0,200565176.49
2017-05-12 00:00:00,55.58,55.58,53.85,54.33,971226.0,52766708.58
2017-05-15 00:00:00,54.83,54.83,54.24,54.53,387935.0,21154095.55
2017-05-16 00:00:00,54.58,55.48,54.39,55.27,614097.0,33941141.190000005
2017-05-17 00:00:00,55.89,55.89,54.39,54.55,590370.0,32204683.5
2017-05-18 00:00:00,53.86,54.36,52.85,52.95,4504959.0,238537579.05
2017-05-19 00:00:00,53.03,53.71,51.82,52.82,917245.0,48448880.9
2017-05-22 00:00:00,54.48,54.82,53.03,53.29,856565.0,45646348.85
2017-05-23 00:00:00,53.64,53.64,51.64,52.17,678978.0,35422282.26
2017-05-24 00:00:00,52.12,52.68,50.18,50.56,870388.0,44006817.28
2017-05-25 00:00:00,51.33,52.55,50.67,52.23,1367068.0,71401961.64
2017-05-26 00:00:00,52.71,53.15,51.71,53.02,598382.0,31726213.64
2017-05-29 00:00:00,53.03,53.38,51.97,52.35,537804.0,28154039.400000002
2017-05-30 00:00:00,52.52,52.58,51.38,51.59,1091548.0,56312961.32
2017-05-31 00:00:00,51.82,52.98,51.74,52.32,1029712.0,53874531.84
2017-06-01 00:00:00,52.42,53.67,52.21,52.33,1382264.0,72333875.12
2017-06-02 00:00:00,52.71,53.03,52.03,52.15,813971.0,42448587.65
2017-06-05 00:00:00,52.21,52.52,51.38,51.52,1312697.0,67630149.44
2017-06-06 00:00:00,51.82,52.29,50.98,51.21,2369463.0,121340200.23
2017-06-07 00:00:00,51.27,52.26,51.27,51.95,814661.0,42321638.95
2017-06-08 00:00:00,52.41,52.41,51.24,51.32,897650.0,46067398.0
2017-06-09 00:00:00,51.52,51.59,50.76,50.94,1041886.0,53073672.839999996
2017-06-12 00:00:00,51.15,51.42,49.94,50.11,4794798.0,240267327.78
2017-06-13 00:00:00,50.27,50.76,49.82,49.95,2518448.0,125796477.60000001
2017-06-14 00:00:00,50.0,51.03,50.0,50.32,1552577.0,78125674.64
2017-06-15 00:00:00,50.32,51.35,50.27,50.53,5681023.0,287062092.19
2017-06-16 00:00:00,50.76,51.56,50.74,51.38,5127434.0,263447558.92000002
2017-06-19 00:00:00,51.82,51.92,50.86,51.09,1148370.0,58670223.300000004
2017-06-20 00:00:00,51.5,51.5,50.71,50.86,662930.0,33716619.8
2017-06-21 00:00:00,50.83,51.64,50.77,51.24,720202.0,36903150.480000004
2017-06-22 00:00:00,51.48,51.48,50.14,50.44,823215.0,41522964.6
2017-06-23 00:00:00,50.45,50.7,49.33,49.92,1131983.0,56508591.36
2017-06-27 00:00:00,50.3,50.3,47.83,48.61,1246334.0,60584295.74
2017-06-28 00:00:00,48.61,49.09,47.79,48.23,2826140.0,136304732.2
2017-06-29 00:00:00,48.83,49.23,48.33,48.55,727165.0,35303860.75
2017-06-30 00:00:00,48.41,49.2,48.02,48.89,627290.0,30668208.1
2017-07-03 00:00:00,49.39,49.7,48.83,49.21,559772.0,27546380.12
2017-07-04 00:00:00,49.24,49.79,49.24,49.48,476078.0,23556339.439999998
2017-07-05 00:00:00,49.55,51.5,49.24,51.32,1353099.0,69441040.68
2017-07-06 00:00:00,52.18,52.56,51.53,52.11,1383756.0,72107525.16
2017-07-07 00:00:00,51.82,52.15,50.94,51.52,879222.0,45297517.440000005
2017-07-10 00:00:00,51.52,52.67,51.52,52.33,2538363.0,132832535.78999999
2017-07-11 00:00:00,52.91,53.09,51.67,51.86,951225.0,49330528.5
2017-07-12 00:00:00,52.02,52.18,51.44,51.7,639464.0,33060288.8
2017-07-13 00:00:00,52.02,52.59,51.97,52.42,675767.0,35423706.14
2017-07-14 00:00:00,52.94,53.27,52.26,52.47,2523777.0,132422579.19
2017-07-17 00:00:00,52.42,53.26,52.36,52.98,699841.0,37077576.18
2017-07-18 00:00:00,53.03,53.45,52.21,52.64,951713.0,50098172.32
2017-07-19 00:00:00,52.64,52.91,52.18,52.64,437814.0,23046528.96
2017-07-20 00:00:00,53.03,53.03,51.86,52.27,614948.0,32143331.96
2017-07-21 00:00:00,52.42,52.59,51.45,51.89,6035179.0,313165438.31
2017-07-24 00:00:00,51.89,52.73,51.89,52.21,613797.0,32046341.37
2017-07-25 00:00:00,52.52,52.67,51.83,52.26,2025461.0,105850591.86
2017-07-26 00:00:00,52.42,53.33,52.24,53.23,1011272.0,53830008.559999995
2017-07-27 00:00:00,53.91,54.39,53.36,53.92,2423956.0,130699707.52000001
2017-07-28 00:00:00,53.91,54.24,53.18,53.86,673474.0,36273309.64
2017-07-31 00:00:00,53.94,54.42,53.48,54.23,1269173.0,68827251.78999999
2017-08-01 00:00:00,55.76,56.79,54.52,54.82,2486873.0,136330377.86
2017-08-02 00:00:00,55.18,55.45,54.82,55.12,1576898.0,86918617.75999999
2017-08-03 00:00:00,55.15,55.15,54.3,54.55,771065.0,42061595.75
2017-08-04 00:00:00,54.39,54.62,53.82,54.2,2557243.0,138602570.6
2017-08-07 00:00:00,54.38,55.29,54.3,55.08,597465.0,32908372.2
2017-08-08 00:00:00,54.85,55.7,54.3,55.14,1007328.0,55544065.92
2017-08-09 00:00:00,54.85,55.3,53.98,54.44,688020.0,37455808.8
2017-08-10 00:00:00,53.64,53.94,51.27,51.82,1487498.0,77082146.36
2017-08-11 00:00:00,51.52,52.21,48.92,51.91,1227082.0,63697826.62
2017-08-14 00:00:00,51.82,53.89,51.82,53.36,596010.0,31803093.6
2017-08-16 00:00:00,53.64,53.98,52.94,53.09,381266.0,20241411.94
2017-08-17 00:00:00,53.33,56.02,53.03,55.32,1272325.0,70385019.0
2017-08-18 00:00:00,55.47,56.29,54.58,55.24,1376351.0,76029629.24000001
2017-08-21 00:00:00,55.89,56.59,53.97,54.3,1115694.0,60582184.199999996
2017-08-22 00:00:00,54.67,55.11,53.76,54.02,554799.0,29970241.98
2017-08-23 00:00:00,55.39,55.58,54.02,55.44,529132.0,29335078.08
2017-08-24 00:00:00,55.91,57.36,55.59,56.91,2246660.0,127857420.6
2017-08-28 00:00:00,57.59,57.95,57.06,57.21,999827.0,57200102.67
2017-08-29 00:00:00,56.67,57.52,55.71,56.09,613807.0,34428434.63
2017-08-30 00:00:00,56.82,58.39,56.56,58.0,1093610.0,63429380.0
2017-08-31 00:00:00,58.61,59.0,57.48,57.79,1326481.0,76657336.99
2017-09-01 00:00:00,57.88,58.79,57.73,58.65,1984762.0,116406291.3
2017-09-04 00:00:00,58.74,58.91,57.45,57.89,678883.0,39300536.87
2017-09-05 00:00:00,58.03,58.48,57.89,58.2,316576.0,18424723.2
2017-09-06 00:00:00,58.48,59.15,57.65,58.53,616499.0,36083686.47
2017-09-07 00:00:00,58.56,59.68,58.53,58.74,579592.0,34045234.08
2017-09-08 00:00:00,58.94,59.12,56.77,57.06,1201583.0,68562325.98
2017-09-11 00:00:00,57.39,58.26,57.21,58.12,1555660.0,90414959.2
2017-09-12 00:00:00,58.48,59.94,58.48,59.77,840903.0,50260772.31
2017-09-13 00:00:00,60.17,60.36,58.8,59.14,2244492.0,132739256.88
2017-09-14 00:00:00,59.03,59.38,57.21,57.67,778612.0,44902554.04
2017-09-15 00:00:00,57.55,57.71,56.67,57.55,467290.0,26892539.5
2017-09-18 00:00:00,57.59,58.85,57.59,58.47,608150.0,35558530.5
2017-09-19 00:00:00,57.88,58.85,57.85,57.97,479992.0,27825136.24
2017-09-20 00:00:00,57.88,58.36,57.64,58.05,359344.0,20859919.2
2017-09-21 00:00:00,58.44,58.44,56.85,57.05,756984.0,43185937.199999996
2017-09-22 00:00:00,56.67,56.8,54.61,54.82,821891.0,45056064.62
2017-09-25 00:00:00,55.76,55.76,52.91,54.85,1568507.0,86032608.95
2017-09-26 00:00:00,55.15,55.65,54.64,55.23,767969.0,42414927.87
2017-09-27 00:00:00,55.24,55.97,53.36,53.74,4239962.0,227855557.88
2017-09-28 00:00:00,55.33,55.33,54.25,54.62,1043427.0,56991982.739999995
2017-09-29 00:00:00,54.0,55.5,54.0,54.52,825801.0,45022670.52
2017-10-03 00:00:00,55.0,55.0,53.47,54.52,706401.0,38512982.52
2017-10-04 00:00:00,54.67,55.07,54.37,54.7,515727.0,28210266.900000002
2017-10-05 00:00:00,55.23,55.23,54.5,54.62,447765.0,24456924.299999997
2017-10-06 00:00:00,56.0,56.12,54.83,55.4,647595.0,35876763.0
2017-10-09 00:00:00,56.0,56.0,54.87,55.3,508740.0,28133322.0
2017-10-10 00:00:00,55.33,55.72,54.93,55.12,374685.0,20652637.2
2017-10-11 00:00:00,55.15,55.8,55.08,55.17,888342.0,49009828.14
2017-10-12 00:00:00,55.4,56.65,55.27,56.32,855774.0,48197191.68
2017-10-13 00:00:00,57.0,57.33,56.22,57.02,597066.0,34044703.32
2017-10-16 00:00:00,57.33,57.47,56.23,57.08,708084.0,40417434.72
2017-10-17 00:00:00,57.33,57.33,56.67,56.83,274479.0,15598641.57
2017-10-18 00:00:00,56.95,58.03,56.72,57.48,829587.0,47684660.76
2017-10-19 00:00:00,57.93,57.97,57.0,57.4,237528.0,13634107.2
2017-10-23 00:00:00,58.13,58.6,57.67,58.07,509880.0,29608731.6
2017-10-24 00:00:00,58.17,58.5,57.73,58.13,776169.0,45118703.97
2017-10-25 00:00:00,58.58,58.98,56.62,57.18,624309.0,35697988.62
2017-10-26 00:00:00,57.97,57.98,56.67,56.77,756399.0,42940771.230000004
2017-10-27 00:00:00,57.1,57.83,56.97,57.43,750237.0,43086110.91
2017-10-30 00:00:00,58.17,58.9,57.9,58.48,775899.0,45374573.519999996
2017-10-31 00:00:00,62.0,64.17,60.67,61.6,10278564.0,633159542.4
2017-11-01 00:00:00,62.0,62.38,61.63,61.9,920781.0,56996343.9
2017-11-02 00:00:00,62.0,62.27,61.5,61.67,920379.0,56759772.93
2017-11-03 00:00:00,61.97,62.0,60.85,60.98,816228.0,49773583.44
2017-11-06 00:00:00,61.17,61.88,60.17,61.67,919311.0,56693909.370000005
2017-11-07 00:00:00,62.3,62.5,59.02,60.07,1614075.0,96957485.25
2017-11-08 00:00:00,61.25,61.25,59.13,59.62,842652.0,50238912.239999995
2017-11-09 00:00:00,59.67,61.67,59.67,61.4,776892.0,47701168.8
2017-11-10 00:00:00,61.58,61.72,60.33,60.65,437022.0,26505384.3
2017-11-13 00:00:00,60.68,61.25,59.5,59.63,406251.0,24224747.130000003
2017-11-14 00:00:00,59.67,59.73,58.33,58.53,955278.0,55912421.34
2017-11-15 00:00:00,58.33,59.5,58.07,58.78,635607.0,37360979.46
2017-11-16 00:00:00,59.07,60.33,59.07,59.97,474921.0,28481012.37
2017-11-17 00:00:00,60.0,60.78,59.4,59.58,1323108.0,78830774.64
2017-11-20 00:00:00,60.5,60.5,59.28,59.87,391113.0,23415935.31
2017-11-21 00:00:00,60.02,60.03,59.08,59.18,576240.0,34101883.2
2017-11-22 00:00:00,59.68,60.43,59.32,60.02,781140.0,46884022.800000004
2017-11-23 00:00:00,60.83,62.37,60.83,62.2,1895754.0,117915898.80000001
2017-11-24 00:00:00,62.42,63.15,61.42,61.58,597957.0,36822192.06
2017-11-27 00:00:00,61.67,62.35,60.73,61.97,520893.0,32279739.21
2017-11-28 00:00:00,63.33,63.47,62.17,62.37,864141.0,53896474.169999994
2017-11-29 00:00:00,62.67,64.32,62.35,63.03,1826085.0,115098137.55
2017-11-30 00:00:00,63.33,63.33,61.83,62.07,454950.0,28238746.5
2017-12-01 00:00:00,62.03,62.92,61.18,61.52,648354.0,39886738.080000006
2017-12-04 00:00:00,61.67,61.82,59.43,60.1,676617.0,40664681.7
2017-12-05 00:00:00,60.0,60.83,58.77,60.68,784509.0,47604006.12
2017-12-06 00:00:00,60.33,60.9,59.38,59.68,506337.0,30218192.16
2017-12-07 00:00:00,59.67,61.25,59.53,60.95,351783.0,21441173.85
2017-12-08 00:00:00,61.3,61.93,61.3,61.62,1471170.0,90653495.39999999
2017-12-11 00:00:00,62.33,62.47,60.77,61.17,274242.0,16775383.14
2017-12-12 00:00:00,60.72,61.17,60.33,60.48,326412.0,19741397.759999998
2017-12-13 00:00:00,60.0,60.98,59.87,60.1,281484.0,16917188.400000002
2017-12-14 00:00:00,60.03,60.45,59.0,60.03,1994901.0,119753907.03
2017-12-15 00:00:00,60.52,61.17,59.77,59.97,179673.0,10774989.81
2017-12-18 00:00:00,59.97,61.7,57.33,60.85,533349.0,32454286.650000002
2017-12-19 00:00:00,60.37,61.82,60.33,61.38,361200.0,22170456.0
2017-12-20 00:00:00,62.0,62.27,61.33,61.65,372555.0,22968015.75
2017-12-21 00:00:00,61.67,62.23,61.4,61.65,188517.0,11622073.049999999
2017-12-22 00:00:00,61.77,63.05,61.45,62.85,744264.0,46776992.4
2017-12-26 00:00:00,63.05,63.17,62.0,62.17,790650.0,49154710.5
2017-12-27 00:00:00,62.65,62.65,60.97,61.45,564432.0,34684346.4
2017-12-28 00:00:00,61.67,61.67,60.3,60.38,1501524.0,90662019.12
2017-12-29 00:00:00,61.0,61.73,60.55,60.68,1133442.0,68777260.56
2018-01-01 00:00:00,61.25,61.33,60.45,60.55,470778.0,28505607.9
2018-01-02 00:00:00,60.67,61.2,60.27,60.4,1304991.0,78821456.39999999
2018-01-03 00:00:00,61.0,61.18,60.22,60.35,378831.0,22862450.85
2018-01-04 00:00:00,59.75,60.65,59.75,60.0,919644.0,55178640.0
2018-01-05 00:00:00,60.17,61.17,60.17,60.73,1023825.0,62176892.25
2018-01-08 00:00:00,61.3,61.72,60.92,61.33,2219937.0,136148736.21
2018-01-09 00:00:00,61.38,61.63,60.8,60.83,576483.0,35067460.89
2018-01-10 00:00:00,60.83,61.2,59.75,59.95,556212.0,33344909.400000002
2018-01-11 00:00:00,60.48,60.48,59.52,59.67,591600.0,35300772.0
2018-01-12 00:00:00,60.0,60.07,58.8,59.35,827955.0,49139129.25
2018-01-15 00:00:00,59.17,59.95,59.17,59.5,452520.0,26924940.0
2018-01-16 00:00:00,59.67,59.67,57.57,57.8,15450531.0,893040691.8
2018-01-17 00:00:00,58.0,58.83,55.75,58.12,3085665.0,179338849.79999998
2018-01-18 00:00:00,58.37,59.32,56.42,57.05,737007.0,42046249.35
2018-01-19 00:00:00,57.63,57.8,56.75,57.58,637893.0,36729878.94
2018-01-22 00:00:00,57.67,58.65,57.48,58.42,1249329.0,72985800.18
2018-01-23 00:00:00,58.67,59.0,58.0,58.33,2592666.0,151230207.78
2018-01-24 00:00:00,58.2,58.33,57.47,57.9,3016812.0,174673414.79999998
2018-01-25 00:00:00,59.33,59.83,58.18,59.05,11583288.0,683993156.4
2018-01-29 00:00:00,59.32,59.6,58.18,58.55,563022.0,32964938.099999998
2018-01-30 00:00:00,59.1,59.35,58.37,59.08,753810.0,44535094.8
2018-01-31 00:00:00,57.03,57.22,55.9,56.47,1827681.0,103209146.07
2018-02-01 00:00:00,56.67,57.07,53.8,53.97,1924188.0,103848426.36
2018-02-02 00:00:00,53.85,53.85,50.1,50.68,2751735.0,139457929.8
2018-02-05 00:00:00,50.55,50.58,48.83,50.0,3187605.0,159380250.0
2018-02-06 00:00:00,47.33,50.08,46.67,49.67,4132062.0,205239519.54000002
2018-02-07 00:00:00,51.2,53.18,50.95,52.65,2719317.0,143172040.04999998
2018-02-08 00:00:00,53.25,53.33,51.5,52.33,2091513.0,109448875.28999999
2018-02-09 00:00:00,51.1,52.57,51.07,52.12,825051.0,43001658.12
2018-02-12 00:00:00,52.4,52.77,51.93,52.57,712158.0,37438146.06
2018-02-14 00:00:00,53.33,54.17,52.95,53.57,955182.0,51169099.74
2018-02-15 00:00:00,53.97,54.08,52.1,52.35,798978.0,41826498.300000004
2018-02-16 00:00:00,52.52,52.75,51.23,51.8,668892.0,34648605.6
2018-02-19 00:00:00,51.37,51.92,50.5,51.13,1289784.0,65946655.92
2018-02-20 00:00:00,51.0,51.4,50.68,51.2,550896.0,28205875.200000003
2018-02-21 00:00:00,51.08,51.65,50.08,50.3,508953.0,25600335.9
2018-02-22 00:00:00,50.07,50.65,48.42,48.82,1051284.0,51323684.88
2018-02-23 00:00:00,49.17,50.58,48.93,50.37,973908.0,49055745.96
2018-02-26 00:00:00,51.98,52.23,50.83,51.73,1393173.0,72068839.28999999
2018-02-27 00:00:00,52.22,52.22,50.67,50.87,875235.0,44523204.449999996
2018-02-28 00:00:00,50.83,51.73,50.38,51.52,434160.0,22367923.200000003
2018-03-01 00:00:00,51.73,51.73,51.0,51.13,628941.0,32157753.330000002
2018-03-05 00:00:00,51.17,52.33,50.5,51.77,677472.0,35072725.440000005
2018-03-06 00:00:00,52.53,52.65,50.47,50.73,1026420.0,52070286.599999994
2018-03-07 00:00:00,50.67,50.67,49.17,49.57,827763.0,41032211.910000004
2018-03-08 00:00:00,50.0,50.08,48.33,49.17,723681.0,35583394.77
2018-03-09 00:00:00,49.07,50.42,49.07,49.48,525078.0,25980859.439999998
2018-03-12 00:00:00,50.0,50.3,49.2,50.13,444690.0,22292309.700000003
2018-03-13 00:00:00,49.67,50.73,49.67,50.47,770466.0,38885419.019999996
2018-03-14 00:00:00,50.32,50.62,49.75,50.48,476811.0,24069419.279999997
2018-03-15 00:00:00,50.0,51.37,50.0,50.55,552987.0,27953492.849999998
2018-03-16 00:00:00,50.67,51.13,49.45,49.78,1340448.0,66727501.440000005
2018-03-19 00:00:00,49.97,49.97,48.78,49.48,1353699.0,66981026.519999996
2018-03-20 00:00:00,48.68,50.0,48.68,49.83,1003077.0,49983326.91
2018-03-21 00:00:00,49.67,50.67,49.0,49.42,329400.0,16278948.0
2018-03-22 00:00:00,49.42,49.73,47.5,47.82,1504764.0,71957814.48
2018-03-23 00:00:00,47.3,47.3,46.1,46.6,1295019.0,60347885.4
2018-03-26 00:00:00,46.67,48.1,46.33,47.58,841731.0,40049560.98
2018-03-27 00:00:00,48.02,48.17,47.53,47.7,1134180.0,54100386.0
2018-03-28 00:00:00,47.57,48.58,46.92,47.35,2340678.0,110831103.3
2018-04-02 00:00:00,47.37,48.43,47.37,48.22,388989.0,18757049.58
2018-04-03 00:00:00,48.33,49.03,47.92,48.88,406107.0,19850510.16
2018-04-04 00:00:00,49.17,49.57,47.75,47.95,735072.0,35246702.4
2018-04-05 00:00:00,48.2,48.78,48.0,48.45,360507.0,17466564.150000002
2018-04-06 00:00:00,48.45,48.82,47.83,48.18,3702021.0,178363371.78
2018-04-09 00:00:00,48.43,48.53,47.93,48.17,503988.0,24277101.96
2018-04-10 00:00:00,48.37,48.97,48.17,48.48,441183.0,21388551.84
2018-04-11 00:00:00,48.83,48.85,48.2,48.32,361383.0,17462026.56
2018-04-12 00:00:00,48.97,49.67,48.65,49.05,771672.0,37850511.6
2018-04-13 00:00:00,49.45,49.45,47.37,47.5,1034643.0,49145542.5
2018-04-16 00:00:00,47.57,47.67,46.25,46.35,1094556.0,50732670.6
2018-04-17 00:00:00,46.67,46.87,46.0,46.33,784230.0,36333375.9
2018-04-18 00:00:00,46.5,46.85,46.17,46.28,530238.0,24539414.64
2018-04-19 00:00:00,46.0,46.0,45.13,45.32,1177140.0,53347984.8
2018-04-20 00:00:00,44.6,44.77,43.47,44.08,2870772.0,126543629.75999999
2018-04-23 00:00:00,44.32,46.23,44.13,45.78,1346424.0,61639290.72
2018-04-24 00:00:00,46.0,46.2,45.13,45.3,570591.0,25847772.299999997
2018-04-25 00:00:00,45.3,45.3,43.95,44.27,883392.0,39107763.84
2018-04-26 00:00:00,44.17,44.5,43.5,43.7,903012.0,39461624.400000006
2018-04-27 00:00:00,43.73,44.87,43.67,44.4,2829480.0,125628912.0
2018-04-30 00:00:00,44.27,44.33,43.68,43.8,699516.0,30638800.799999997
2018-05-02 00:00:00,44.0,44.1,43.27,43.4,746799.0,32411076.599999998
2018-05-03 00:00:00,43.67,43.67,42.35,42.9,834789.0,35812448.1
2018-05-04 00:00:00,43.6,44.0,43.05,43.2,560142.0,24198134.400000002
2018-05-07 00:00:00,43.35,43.97,42.83,43.75,623613.0,27283068.75
2018-05-08 00:00:00,44.2,44.32,43.7,43.95,494103.0,21715826.85
2018-05-09 00:00:00,44.0,44.25,43.72,44.13,511518.0,22573289.34
2018-05-10 00:00:00,44.25,44.33,43.13,43.28,525114.0,22726933.92
2018-05-11 00:00:00,43.33,43.5,42.37,42.65,504348.0,21510442.2
2018-05-14 00:00:00,43.0,43.0,41.47,41.85,773193.0,32358127.05
2018-05-15 00:00:00,41.33,42.63,40.0,40.23,2750535.0,110654023.05
2018-05-16 00:00:00,40.13,41.13,37.52,40.57,3175344.0,128823706.08
2018-05-17 00:00:00,40.6,42.22,39.53,41.78,1149909.0,48043198.02
2018-05-18 00:00:00,42.0,42.2,40.37,40.55,494634.0,20057408.7
2018-05-21 00:00:00,40.83,40.83,38.8,39.22,544113.0,21340111.86
2018-05-22 00:00:00,38.67,39.75,38.25,39.05,1046538.0,40867308.9
2018-05-23 00:00:00,38.82,39.53,38.67,38.92,734799.0,28598377.080000002
2018-05-24 00:00:00,39.0,39.25,38.42,38.68,532143.0,20583291.24
2018-05-25 00:00:00,38.7,39.83,38.5,39.52,547644.0,21642890.880000003
2018-05-28 00:00:00,39.65,41.75,39.6,41.17,1109442.0,45675727.14
2018-05-29 00:00:00,41.3,41.62,40.57,40.97,636786.0,26089122.419999998
2018-05-30 00:00:00,39.5,40.05,38.98,39.68,1220886.0,48444756.48
2018-05-31 00:00:00,40.0,40.0,37.7,38.05,4735161.0,180172876.04999998
2018-06-01 00:00:00,38.17,38.6,36.75,37.13,1016658.0,37748511.54
2018-06-04 00:00:00,37.13,38.17,36.67,37.32,1465803.0,54703767.96
2018-06-05 00:00:00,37.33,38.07,37.0,37.62,765924.0,28814060.88
2018-06-06 00:00:00,37.4,38.95,37.4,38.72,733014.0,28382302.08
2018-06-07 00:00:00,39.47,40.67,38.77,40.52,1116816.0,45253384.32
2018-06-08 00:00:00,40.15,40.17,39.37,39.53,557259.0,22028448.27
2018-06-11 00:00:00,39.67,40.43,39.37,39.6,635109.0,25150316.400000002
2018-06-12 00:00:00,39.92,40.6,39.5,40.43,739836.0,29911569.48
2018-06-13 00:00:00,40.65,40.67,39.57,39.77,712641.0,28341732.570000004
2018-06-14 00:00:00,39.5,39.6,38.52,38.68,822819.0,31826638.919999998
2018-06-15 00:00:00,38.93,39.67,38.53,39.0,1464423.0,57112497.0
2018-06-18 00:00:00,39.0,39.13,37.88,38.17,598788.0,22855737.96
2018-06-19 00:00:00,37.85,38.38,37.57,37.73,492180.0,18569951.4
2018-06-20 00:00:00,37.93,38.0,37.03,37.22,960156.0,35737006.32
2018-06-21 00:00:00,37.3,37.33,36.07,36.48,907545.0,33107241.599999998
2018-06-22 00:00:00,36.43,36.8,35.8,36.67,2484447.0,91104671.49000001
2018-06-25 00:00:00,36.38,37.0,35.82,36.52,1182240.0,43175404.800000004
2018-06-26 00:00:00,36.57,36.57,35.03,35.28,1280883.0,45189552.24
2018-06-27 00:00:00,35.08,35.3,34.0,34.82,3635304.0,126581285.28
2018-06-28 00:00:00,34.42,35.17,33.78,34.68,1008057.0,34959416.76
2018-06-29 00:00:00,34.77,36.43,34.77,36.23,869511.0,31502383.529999997
2018-07-02 00:00:00,36.1,36.22,34.68,35.2,822345.0,28946544.000000004
2018-07-03 00:00:00,35.0,35.93,34.82,35.75,578223.0,20671472.25
2018-07-04 00:00:00,35.75,35.9,34.68,34.82,2861373.0,99633007.86
2018-07-05 00:00:00,34.95,35.18,34.0,34.08,575973.0,19629159.84
2018-07-06 00:00:00,34.5,37.4,33.83,36.95,2788647.0,103040506.65
2018-07-09 00:00:00,37.08,37.55,35.73,35.95,1436676.0,51648502.2
2018-07-10 00:00:00,36.12,37.75,35.97,37.63,1647657.0,62001332.910000004
2018-07-11 00:00:00,37.67,37.83,35.95,36.12,1311570.0,47373908.4
2018-07-12 00:00:00,36.33,36.92,35.03,35.28,7493415.0,264367681.20000002
2018-07-13 00:00:00,35.97,36.22,34.33,34.65,1582443.0,54831649.949999996
2018-07-16 00:00:00,34.67,35.05,33.52,33.68,1145433.0,38578183.44
2018-07-17 00:00:00,33.98,34.82,33.67,34.68,1475130.0,51157508.4
2018-07-18 00:00:00,34.98,35.0,33.02,33.23,1941237.0,64507305.50999999
2018-07-19 00:00:00,33.38,33.72,32.25,32.63,1695417.0,55321456.71
2018-07-20 00:00:00,32.63,34.63,32.62,34.45,1845942.0,63592701.900000006
2018-07-23 00:00:00,34.9,34.9,33.42,34.27,1016469.0,34834392.63
2018-07-24 00:00:00,34.22,35.93,34.05,35.68,1959927.0,69930195.36
2018-07-25 00:00:00,35.35,35.43,33.53,33.7,2533476.0,85378141.2
2018-07-26 00:00:00,33.37,34.13,33.33,33.42,1633920.0,54605606.400000006
2018-07-27 00:00:00,33.57,34.37,33.52,34.1,1408938.0,48044785.800000004
2018-07-30 00:00:00,34.45,36.25,34.25,35.87,3456450.0,123982861.49999999
2018-07-31 00:00:00,36.15,39.88,35.8,38.65,7751658.0,299601581.7
2018-08-01 00:00:00,39.63,40.62,38.67,38.98,4674246.0,182202109.07999998
2018-08-02 00:00:00,39.17,39.58,38.03,38.92,2065992.0,80408408.64
2018-08-03 00:00:00,39.15,40.02,38.92,39.77,2044377.0,81304873.29
2018-08-06 00:00:00,40.23,40.23,39.33,39.82,1939623.0,77235787.86
2018-08-07 00:00:00,39.82,39.82,38.67,38.82,918771.0,35666690.22
2018-08-08 00:00:00,39.0,40.58,38.4,40.33,3097713.0,124930765.28999999
2018-08-09 00:00:00,40.8,41.07,39.75,40.4,2882376.0,116447990.39999999
2018-08-10 00:00:00,40.0,41.4,39.95,40.37,2098407.0,84712690.58999999
2018-08-13 00:00:00,40.25,40.25,38.95,39.1,1348923.0,52742889.300000004
2018-08-14 00:00:00,38.88,39.38,37.83,39.18,4760433.0,186513764.94
2018-08-16 00:00:00,39.07,39.42,38.13,38.28,1132263.0,43343027.64
2018-08-17 00:00:00,38.57,39.47,38.47,39.08,723537.0,28275825.959999997
2018-08-20 00:00:00,39.33,39.5,38.85,39.13,799035.0,31266239.55
2018-08-21 00:00:00,38.83,40.15,38.83,39.5,876093.0,34605673.5
2018-08-23 00:00:00,39.93,39.93,38.62,38.72,5922270.0,229310294.4
2018-08-24 00:00:00,38.57,39.3,38.45,39.18,807027.0,31619317.86
2018-08-27 00:00:00,39.38,39.6,38.77,38.92,660642.0,25712186.64
2018-08-28 00:00:00,39.0,39.15,38.33,38.37,654345.0,25107217.65
2018-08-29 00:00:00,38.42,38.83,38.13,38.3,691572.0,26487207.599999998
2018-08-30 00:00:00,38.33,38.55,38.0,38.12,508950.0,19401174.0
2018-08-31 00:00:00,38.0,39.17,37.77,37.9,1579104.0,59848041.599999994
2018-09-03 00:00:00,38.0,38.48,37.42,37.55,1705056.0,64024852.8
2018-09-04 00:00:00,37.68,37.78,35.85,36.35,1701474.0,61848579.900000006
2018-09-05 00:00:00,36.33,36.33,29.9,31.5,31428972.0,990012618.0
2018-09-06 00:00:00,31.58,31.63,29.9,30.43,13785921.0,419505576.03
2018-09-07 00:00:00,30.43,31.25,30.08,30.67,5165313.0,158420149.71
2018-09-10 00:00:00,30.67,31.03,30.22,30.32,3028926.0,91837036.32000001
2018-09-11 00:00:00,30.42,30.65,29.22,29.42,4130850.0,121529607.0
2018-09-12 00:00:00,29.48,29.5,28.43,29.17,4497438.0,131190266.46000001
2018-09-14 00:00:00,29.25,29.82,29.25,29.6,2438298.0,72173620.8
2018-09-17 00:00:00,29.63,29.63,28.93,29.03,2368518.0,68758077.54
2018-09-18 00:00:00,29.03,29.22,27.88,27.95,3125559.0,87359374.05
2018-09-19 00:00:00,28.13,28.28,27.43,27.53,6848565.0,188540994.45000002
2018-09-21 00:00:00,27.73,27.85,25.0,26.72,3635046.0,97128429.11999999
2018-09-24 00:00:00,26.98,26.98,25.67,25.85,1983795.0,51281100.75
2018-09-25 00:00:00,26.13,26.13,24.77,25.35,2539293.0,64371077.550000004
2018-09-26 00:00:00,25.97,28.77,25.97,28.07,14042790.0,394181115.3
2018-09-27 00:00:00,28.43,28.67,27.23,27.38,3205353.0,87762565.14
2018-09-28 00:00:00,27.5,27.77,26.3,26.73,2662482.0,71168143.86
2018-10-01 00:00:00,26.9,28.0,26.1,27.58,3066021.0,84560859.17999999
2018-10-03 00:00:00,27.6,28.23,27.08,27.83,3837252.0,106790723.16
2018-10-04 00:00:00,27.67,27.83,26.82,27.43,2520801.0,69145571.42999999
2018-10-05 00:00:00,27.33,27.73,26.33,26.83,2628144.0,70513103.52
2018-10-08 00:00:00,26.65,26.65,25.08,25.73,3829242.0,98526396.66
2018-10-09 00:00:00,25.73,26.25,24.93,25.3,15680739.0,396722696.7
2018-10-10 00:00:00,25.67,27.27,25.55,27.13,2316948.0,62858799.239999995
2018-10-11 00:00:00,26.6,28.8,25.97,28.22,3587355.0,101235158.1
2018-10-12 00:00:00,28.9,29.12,28.3,28.5,1829910.0,52152435.0
2018-10-15 00:00:00,28.75,29.37,28.1,29.07,1429953.0,41568733.71
2018-10-16 00:00:00,29.3,29.5,28.92,29.28,1064814.0,31177753.92
2018-10-17 00:00:00,29.4,29.68,27.83,28.45,1216806.0,34618130.699999996
2018-10-19 00:00:00,28.33,28.7,27.42,27.78,849468.0,23598221.04
2018-10-22 00:00:00,27.67,28.28,27.6,28.08,931569.0,26158457.52
2018-10-23 00:00:00,28.08,29.03,27.98,28.97,2273430.0,65861267.099999994
2018-10-24 00:00:00,29.25,29.48,27.95,28.22,2260641.0,63795289.019999996
2018-10-25 00:00:00,27.92,28.38,27.33,27.8,1273941.0,35415559.800000004
2018-10-26 00:00:00,27.63,30.32,27.18,29.17,11959818.0,348867891.06
2018-10-29 00:00:00,29.97,30.33,28.68,28.82,6117414.0,176303871.48
2018-10-30 00:00:00,28.82,30.3,28.82,29.82,8589249.0,256131405.18
2018-10-31 00:00:00,29.82,31.02,29.82,30.88,3921549.0,121097433.11999999
2018-11-01 00:00:00,31.15,32.73,31.08,32.43,3954930.0,128258379.9
2018-11-02 00:00:00,32.83,32.95,31.57,31.75,1907070.0,60549472.5
2018-11-05 00:00:00,31.75,32.23,31.03,31.7,1039473.0,32951294.099999998
2018-11-06 00:00:00,31.9,32.22,31.55,31.68,1006158.0,31875085.44
2018-11-07 00:00:00,32.0,32.0,31.73,31.85,160914.0,5125110.9
2018-11-09 00:00:00,31.82,33.07,31.68,32.9,2224515.0,73186543.5
2018-11-12 00:00:00,32.98,33.1,31.58,31.73,1084728.0,34418419.44
2018-11-13 00:00:00,31.67,31.73,30.93,31.57,1306947.0,41260316.79
2018-11-14 00:00:00,31.75,32.68,31.42,31.98,1215957.0,38886304.86
2018-11-15 00:00:00,32.43,32.43,31.33,32.18,697128.0,22433579.04
2018-11-16 00:00:00,32.55,32.55,30.62,31.03,1285158.0,39878452.74
2018-11-19 00:00:00,31.03,31.55,30.85,31.32,1096860.0,34353655.2
2018-11-20 00:00:00,31.3,32.0,30.82,30.97,1442301.0,44668061.97
2018-11-21 00:00:00,31.03,31.7,30.77,31.47,823797.0,25924891.59
2018-11-22 00:00:00,31.43,31.6,31.08,31.25,578814.0,18087937.5
2018-11-26 00:00:00,31.57,32.02,31.05,31.93,916383.0,29260109.19
2018-11-27 00:00:00,32.03,32.03,30.92,31.12,731058.0,22750524.96
2018-11-28 00:00:00,31.17,31.32,29.5,29.62,2154570.0,63818363.4
2018-11-29 00:00:00,30.33,30.4,27.83,28.47,3043269.0,86641868.42999999
2018-11-30 00:00:00,28.2,28.47,27.62,27.73,2393010.0,66358167.300000004
2018-12-03 00:00:00,28.17,28.8,27.5,28.38,3999801.0,113514352.38
2018-12-04 00:00:00,28.38,28.82,27.82,27.93,2851155.0,79632759.15
2018-12-05 00:00:00,27.8,27.98,27.0,27.58,1216308.0,33545774.639999997
2018-12-06 00:00:00,27.48,27.98,27.2,27.3,1475409.0,40278665.7
2018-12-07 00:00:00,27.48,27.55,26.72,26.8,1082091.0,29000038.8
2018-12-10 00:00:00,26.55,26.75,25.6,25.85,1957095.0,50590905.75
2018-12-11 00:00:00,25.67,26.58,24.98,26.35,3127110.0,82399348.5
2018-12-12 00:00:00,26.37,27.28,26.37,26.77,1587750.0,42504067.5
2018-12-13 00:00:00,27.03,28.27,26.93,28.03,2434821.0,68248032.63000001
2018-12-14 00:00:00,28.3,28.3,27.13,27.47,1429989.0,39281797.83
2018-12-17 00:00:00,27.47,28.18,27.47,27.9,1178094.0,32868822.599999998
2018-12-18 00:00:00,27.67,28.17,27.63,28.1,1293753.0,36354459.300000004
2018-12-19 00:00:00,28.17,29.08,28.13,28.9,1863000.0,53840700.0
2018-12-20 00:00:00,28.78,30.3,28.5,30.1,3549105.0,106828060.5
2018-12-21 00:00:00,30.5,31.67,29.35,29.55,8147226.0,240750528.3
2018-12-24 00:00:00,29.53,29.8,29.08,29.32,1812234.0,53134700.88
2018-12-26 00:00:00,29.17,29.8,28.45,29.58,3114447.0,92125342.25999999
2018-12-27 00:00:00,30.05,30.3,28.67,28.82,2420040.0,69745552.8
2018-12-28 00:00:00,29.1,29.43,29.0,29.25,1392738.0,40737586.5
2018-12-31 00:00:00,28.83,29.83,28.7,29.32,2649891.0,77694804.12
2019-01-01 00:00:00,29.38,29.48,29.12,29.27,852351.0,24948313.77
2019-01-02 00:00:00,29.27,30.03,28.93,29.88,2175828.0,65013740.64
2019-01-03 00:00:00,30.02,30.27,29.37,29.48,1760010.0,51885094.800000004
2019-01-04 00:00:00,29.78,30.9,29.5,30.62,2592510.0,79382656.2
2019-01-07 00:00:00,30.9,31.05,30.35,30.45,1395132.0,42481769.4
2019-01-08 00:00:00,30.55,30.57,30.05,30.33,640662.0,19431278.459999997
2019-01-09 00:00:00,30.43,30.88,30.07,30.72,1107495.0,34022246.4
2019-01-10 00:00:00,30.83,31.05,30.53,30.78,1198341.0,36884935.980000004
2019-01-11 00:00:00,30.97,30.97,30.58,30.65,768348.0,23549866.2
2019-01-14 00:00:00,30.83,30.83,29.93,30.45,862500.0,26263125.0
2019-01-15 00:00:00,30.53,30.67,30.0,30.1,754035.0,22696453.5
2019-01-16 00:00:00,30.18,30.43,29.37,29.67,2258571.0,67011801.57
2019-01-17 00:00:00,29.82,29.82,28.92,29.02,1476435.0,42846143.7
2019-01-18 00:00:00,29.17,29.42,28.73,28.8,626844.0,18053107.2
2019-01-21 00:00:00,28.85,29.2,28.6,28.8,667917.0,19236009.6
2019-01-22 00:00:00,28.65,29.1,28.13,28.37,1717917.0,48737305.29
2019-01-23 00:00:00,28.53,28.58,27.92,27.97,964476.0,26976393.72
2019-01-24 00:00:00,27.9,28.08,27.5,27.62,948762.0,26204806.44
2019-01-25 00:00:00,27.67,27.97,26.7,26.8,1540584.0,41287651.2
2019-01-28 00:00:00,26.73,26.98,26.33,26.57,1047180.0,27823572.6
2019-01-29 00:00:00,26.67,27.48,26.48,27.28,1099611.0,29997388.080000002
2019-01-30 00:00:00,27.33,28.2,27.33,28.0,1223538.0,34259064.0
2019-01-31 00:00:00,29.23,29.33,27.75,27.88,3367899.0,93897024.11999999
2019-02-01 00:00:00,28.08,28.72,27.77,28.15,2274570.0,64029145.5
2019-02-04 00:00:00,28.32,28.32,27.22,27.62,936924.0,25877840.880000003
2019-02-05 00:00:00,27.6,27.73,26.43,26.6,1026363.0,27301255.8
2019-02-06 00:00:00,26.77,27.37,26.12,27.3,1201293.0,32795298.900000002
2019-02-07 00:00:00,27.33,27.63,26.87,27.25,822177.0,22404323.25
2019-02-08 00:00:00,27.63,27.63,26.45,26.7,644079.0,17196909.3
2019-02-11 00:00:00,26.67,26.67,25.32,25.6,1677438.0,42942412.800000004
2019-02-12 00:00:00,25.9,26.62,25.4,25.92,1753422.0,45448698.24
2019-02-13 00:00:00,26.33,26.33,24.63,24.82,1646676.0,40870498.32
2019-02-14 00:00:00,25.0,25.47,24.18,24.88,2341953.0,58267790.64
2019-02-15 00:00:00,25.0,25.4,24.8,25.12,1250574.0,31414418.880000003
2019-02-18 00:00:00,25.22,25.43,24.95,25.15,776988.0,19541248.2
2019-02-19 00:00:00,25.32,25.67,25.05,25.28,900459.0,22763603.52
2019-02-20 00:00:00,25.93,26.22,25.45,25.78,2073084.0,53444105.52
2019-02-21 00:00:00,25.33,25.93,25.33,25.82,714009.0,18435712.38
2019-02-22 00:00:00,26.28,26.43,26.08,26.23,1900206.0,49842403.38
2019-02-25 00:00:00,26.32,27.07,25.77,26.95,2530125.0,68186868.75
2019-02-26 00:00:00,26.65,26.85,25.82,26.6,2031510.0,54038166.0
2019-02-27 00:00:00,26.97,27.57,26.57,26.78,1674090.0,44832130.2
2019-02-28 00:00:00,26.98,27.73,26.72,27.47,1434666.0,39410275.019999996
2019-03-01 00:00:00,27.62,28.42,27.62,28.33,1974468.0,55936678.44
2019-03-05 00:00:00,28.67,30.27,28.4,30.02,3749244.0,112552304.88
2019-03-06 00:00:00,30.63,31.28,30.03,30.72,4107210.0,126173491.19999999
2019-03-07 00:00:00,30.92,30.92,29.65,29.75,1756932.0,52268727.0
2019-03-08 00:00:00,29.65,29.7,28.87,29.07,2101092.0,61078744.44
2019-03-11 00:00:00,29.33,30.6,29.15,30.47,2344323.0,71431521.81
2019-03-12 00:00:00,30.83,31.22,30.23,30.38,2397099.0,72823867.62
2019-03-13 00:00:00,30.48,31.35,29.33,31.15,3381093.0,105321046.94999999
2019-03-14 00:00:00,31.37,31.6,30.4,31.03,3662994.0,113662703.82000001
2019-03-15 00:00:00,31.17,31.82,30.8,31.6,3293817.0,104084617.2
2019-03-18 00:00:00,31.8,32.07,31.15,31.48,2777067.0,87422069.16
2019-03-19 00:00:00,31.53,32.33,31.17,32.13,2925264.0,93988732.32000001
2019-03-20 00:00:00,32.3,32.55,30.9,31.12,3119343.0,97073954.16
2019-03-22 00:00:00,31.18,31.42,30.2,30.35,2434950.0,73900732.5
2019-03-25 00:00:00,30.02,31.02,29.95,30.58,1715166.0,52449776.279999994
2019-03-26 00:00:00,30.63,31.08,30.6,30.78,1214598.0,37385326.440000005
2019-03-27 00:00:00,31.0,31.38,30.5,30.68,1682064.0,51605723.519999996
2019-03-28 00:00:00,30.98,31.07,30.6,30.82,1058595.0,32625897.9
2019-03-29 00:00:00,31.63,32.03,30.97,31.1,3692472.0,114835879.2
2019-04-01 00:00:00,31.33,32.5,30.98,31.98,4656447.0,148913175.06
2019-04-02 00:00:00,32.13,34.0,32.0,33.65,5863377.0,197302636.04999998
2019-04-03 00:00:00,33.93,34.13,32.1,32.38,4077180.0,132019088.4
2019-04-04 00:00:00,32.5,33.0,32.07,32.45,3709767.0,120381939.15
2019-04-05 00:00:00,32.67,32.8,32.13,32.3,1256289.0,40578134.699999996
2019-04-08 00:00:00,32.3,32.47,31.53,31.72,1478760.0,46906267.199999996
2019-04-09 00:00:00,31.78,32.27,31.1,31.98,1762491.0,56364462.18
2019-04-10 00:00:00,32.0,32.28,31.67,31.85,1381755.0,44008896.75
2019-04-11 00:00:00,31.87,31.88,31.0,31.17,2132304.0,66463915.68000001
2019-04-12 00:00:00,31.28,31.62,30.73,31.42,2574114.0,80878661.88000001
2019-04-15 00:00:00,31.6,31.93,31.37,31.67,1253631.0,39702493.77
2019-04-16 00:00:00,31.8,31.87,31.33,31.38,838581.0,26314671.779999997
2019-04-18 00:00:00,31.48,31.52,30.7,30.82,989259.0,30488962.38
2019-04-22 00:00:00,30.97,30.97,29.53,29.8,1763322.0,52546995.6
2019-04-23 00:00:00,29.72,29.97,29.3,29.47,1783101.0,52547986.47
2019-04-24 00:00:00,29.68,29.68,29.23,29.53,733845.0,21670442.85
2019-04-25 00:00:00,29.58,29.87,28.93,29.08,1525473.0,44360754.839999996
2019-04-26 00:00:00,29.27,29.5,28.85,29.37,861033.0,25288539.21
2019-04-30 00:00:00,29.37,29.37,28.47,29.03,1194141.0,34665913.230000004
2019-05-02 00:00:00,29.0,29.73,28.75,29.38,1052814.0,30931675.32
2019-05-03 00:00:00,29.43,29.75,28.95,29.45,983997.0,28978711.65
2019-05-06 00:00:00,29.3,29.48,29.07,29.37,631554.0,18548740.98
2019-05-07 00:00:00,29.53,29.78,28.75,28.87,886206.0,25584767.220000003
2019-05-08 00:00:00,28.83,29.08,28.55,28.82,1267464.0,36528312.48
2019-05-09 00:00:00,28.7,30.37,28.7,29.93,1627416.0,48708560.88
2019-05-10 00:00:00,30.13,30.22,29.62,29.83,956568.0,28534423.439999998
2019-05-13 00:00:00,29.83,30.13,28.83,28.98,883854.0,25614088.92
2019-05-14 00:00:00,29.0,29.85,28.68,29.67,1113657.0,33042203.19
2019-05-15 00:00:00,29.35,29.93,29.35,29.57,925665.0,27371914.05
2019-05-16 00:00:00,29.85,29.85,28.9,29.73,672093.0,19981324.89
2019-05-17 00:00:00,29.93,30.67,29.57,30.57,1454292.0,44457706.44
2019-05-20 00:00:00,31.53,33.35,31.53,33.2,4961997.0,164738300.4
2019-05-21 00:00:00,32.85,33.28,31.85,32.27,1914918.0,61794403.86000001
2019-05-22 00:00:00,32.42,34.08,32.27,33.63,2786328.0,93704210.64
2019-05-23 00:00:00,34.33,35.83,33.78,34.12,5377455.0,183478764.6
2019-05-24 00:00:00,34.33,37.33,34.33,37.22,8190651.0,304856030.21999997
2019-05-27 00:00:00,37.17,39.15,36.47,37.68,5540802.0,208777419.35999998
2019-05-28 00:00:00,37.78,38.23,37.23,37.58,2309133.0,86777218.14
2019-05-29 00:00:00,37.83,37.87,36.72,37.32,1490994.0,55643896.08
2019-05-30 00:00:00,38.98,38.98,37.2,37.87,4864809.0,184230316.82999998
2019-05-31 00:00:00,37.75,38.3,36.57,37.18,3390141.0,126045442.38
2019-06-03 00:00:00,37.17,37.57,36.88,37.12,1630440.0,60521932.8
2019-06-04 00:00:00,37.25,38.07,36.98,37.73,1182903.0,44630930.19
2019-06-06 00:00:00,37.67,37.7,35.43,35.65,2480877.0,88443265.05
2019-06-07 00:00:00,35.65,36.67,34.97,36.15,2826099.0,102163478.85
2019-06-10 00:00:00,36.47,36.47,35.48,35.87,909165.0,32611748.549999997
2019-06-11 00:00:00,36.0,37.0,35.87,36.8,1537218.0,56569622.4
2019-06-12 00:00:00,36.65,36.97,35.62,35.77,1429248.0,51124200.96
2019-06-13 00:00:00,35.92,36.73,35.75,36.68,1582530.0,58047200.4
2019-06-14 00:00:00,36.67,37.18,36.3,36.9,1913574.0,70610880.6
2019-06-17 00:00:00,37.2,37.4,36.17,36.35,1268880.0,46123788.0
2019-06-18 00:00:00,36.42,36.92,36.23,36.65,1393659.0,51077602.35
2019-06-19 00:00:00,37.07,37.3,35.37,35.88,1948338.0,69906367.44
2019-06-20 00:00:00,35.88,36.97,35.87,36.85,905760.0,33377256.0
2019-06-21 00:00:00,37.0,37.75,36.32,37.23,1419078.0,52832273.94
2019-06-24 00:00:00,37.47,38.38,37.2,38.23,1776927.0,67931919.21
2019-06-25 00:00:00,38.45,38.45,37.55,37.93,1662489.0,63058207.769999996
2019-06-26 00:00:00,37.85,38.4,37.85,38.13,1121982.0,42781173.660000004
2019-06-27 00:00:00,38.58,38.87,38.22,38.33,1951887.0,74815828.71
2019-06-28 00:00:00,38.35,38.67,37.27,37.48,1671729.0,62656402.919999994
2019-07-01 00:00:00,37.55,38.48,36.63,36.97,1878144.0,69434983.67999999
2019-07-02 00:00:00,37.33,37.6,36.95,37.4,671910.0,25129434.0
2019-07-03 00:00:00,37.75,37.95,36.98,37.68,1136610.0,42827464.8
2019-07-04 00:00:00,37.75,38.13,37.47,37.88,637479.0,24147704.520000003
2019-07-05 00:00:00,37.93,38.25,35.77,36.15,2286168.0,82644973.2
2019-07-08 00:00:00,36.15,36.57,33.6,33.75,2675091.0,90284321.25
2019-07-09 00:00:00,33.82,36.0,33.35,35.75,2265582.0,80994556.5
2019-07-10 00:00:00,35.8,35.8,34.47,34.63,1546659.0,53560801.17
2019-07-11 00:00:00,34.87,35.72,34.4,35.58,1722717.0,61294270.86
2019-07-12 00:00:00,35.52,35.67,34.75,35.33,1282089.0,45296204.37
2019-07-15 00:00:00,35.4,35.4,33.77,34.3,1531800.0,52540739.99999999
2019-07-16 00:00:00,34.8,35.07,34.17,34.37,799791.0,27488816.669999998
2019-07-17 00:00:00,34.75,34.8,34.08,34.42,666516.0,22941480.720000003
2019-07-18 00:00:00,34.58,34.63,32.0,32.2,2476785.0,79752477.0
2019-07-19 00:00:00,32.37,33.3,31.27,32.87,2401920.0,78951110.39999999
2019-07-22 00:00:00,32.9,33.88,31.95,33.5,5281494.0,176930049.0
2019-07-23 00:00:00,33.67,34.12,32.78,32.95,1543905.0,50871669.75000001
2019-07-24 00:00:00,33.03,33.28,31.97,32.52,1620447.0,52696936.440000005
2019-07-25 00:00:00,32.77,33.42,32.42,33.02,1356759.0,44800182.18000001
2019-07-26 00:00:00,33.4,33.45,32.65,32.88,1603380.0,52719134.400000006
2019-07-29 00:00:00,32.87,32.87,30.73,30.95,2053908.0,63568452.6
2019-07-30 00:00:00,31.18,33.47,31.12,32.8,4407639.0,144570559.2
2019-07-31 00:00:00,32.6,34.53,32.37,34.22,2549475.0,87243034.5
2019-08-01 00:00:00,33.82,33.92,32.27,32.9,1956687.0,64375002.3
2019-08-02 00:00:00,32.37,32.9,31.43,31.8,2405427.0,76492578.60000001
2019-08-05 00:00:00,31.48,31.63,30.42,30.82,2792334.0,86059733.88
2019-08-06 00:00:00,30.67,32.55,30.67,32.32,2680533.0,86634826.56
2019-08-07 00:00:00,32.33,32.77,31.47,31.62,2063328.0,65242431.36
2019-08-08 00:00:00,32.0,32.52,31.18,32.35,1437264.0,46495490.4
2019-08-09 00:00:00,32.63,32.97,32.25,32.55,1082697.0,35241787.349999994
2019-08-13 00:00:00,32.73,32.82,31.17,31.42,1988865.0,62490138.300000004
2019-08-14 00:00:00,32.0,32.0,30.7,31.68,1378425.0,43668504.0
2019-08-16 00:00:00,32.17,32.17,31.37,32.03,1444401.0,46264164.03
2019-08-19 00:00:00,32.18,32.8,32.17,32.6,1276281.0,41606760.6
2019-08-20 00:00:00,32.3,32.35,30.68,31.13,1615968.0,50305083.839999996
2019-08-21 00:00:00,31.32,31.75,30.5,30.65,1293687.0,39651506.55
2019-08-22 00:00:00,31.13,31.38,30.68,31.1,2041242.0,63482626.2
2019-08-23 00:00:00,31.18,33.53,30.95,33.28,3120408.0,103847178.24000001
2019-08-26 00:00:00,34.2,34.98,33.43,34.05,2688432.0,91541109.6
2019-08-27 00:00:00,34.27,34.92,33.98,34.55,1129620.0,39028371.0
2019-08-28 00:00:00,34.4,34.83,34.23,34.62,1082589.0,37479231.18
2019-08-29 00:00:00,34.65,35.45,33.6,34.9,2458164.0,85789923.6
2019-08-30 00:00:00,34.87,35.02,33.57,34.28,2594499.0,88939425.72
2019-09-03 00:00:00,33.85,34.58,33.5,33.63,1183572.0,39803526.36
2019-09-04 00:00:00,33.92,35.68,33.88,35.52,3063978.0,108832498.56
2019-09-05 00:00:00,35.67,36.5,35.4,35.92,3488586.0,125310009.12
2019-09-06 00:00:00,35.85,36.48,35.65,36.35,1935378.0,70350990.3
2019-09-09 00:00:00,36.73,36.95,36.27,36.55,1891428.0,69131693.39999999
2019-09-11 00:00:00,36.75,37.12,35.75,35.98,1259220.0,45306735.599999994
2019-09-12 00:00:00,36.12,36.72,35.68,36.0,1002183.0,36078588.0
2019-09-13 00:00:00,36.05,36.47,35.17,36.23,2324562.0,84218881.25999999
2019-09-16 00:00:00,37.0,37.78,36.27,36.47,4094916.0,149341586.51999998
2019-09-17 00:00:00,36.72,37.48,35.85,35.98,5290047.0,190335891.05999997
2019-09-18 00:00:00,36.17,36.75,35.25,35.63,2422098.0,86299351.74000001
2019-09-19 00:00:00,35.73,35.83,34.65,34.77,1349481.0,46921454.370000005
2019-09-20 00:00:00,35.17,36.97,34.58,36.03,7557072.0,272281304.16
2019-09-23 00:00:00,36.67,38.53,36.13,37.6,5375829.0,202131170.4
2019-09-24 00:00:00,37.53,37.73,36.83,37.32,2612289.0,97490625.48
2019-09-25 00:00:00,37.27,37.27,36.0,36.37,2015571.0,73306317.27
2019-09-26 00:00:00,36.33,37.25,35.8,37.0,1355673.0,50159901.0
2019-09-27 00:00:00,36.7,37.03,35.98,36.05,1599852.0,57674664.599999994
2019-09-30 00:00:00,36.15,36.37,35.03,36.18,2303184.0,83329197.12
2019-10-01 00:00:00,36.33,37.07,35.25,35.7,3260196.0,116388997.2
2019-10-03 00:00:00,35.5,35.7,34.78,35.13,3422280.0,120224696.4
2019-10-04 00:00:00,35.27,35.83,34.75,34.98,1631670.0,57075816.599999994
2019-10-07 00:00:00,35.07,35.38,34.53,34.78,1418673.0,49341446.940000005
2019-10-09 00:00:00,35.27,35.53,34.68,35.1,2339820.0,82127682.0
2019-10-10 00:00:00,34.92,35.48,34.63,35.22,1184319.0,41711715.18
2019-10-11 00:00:00,35.53,35.53,34.67,35.02,1108482.0,38819039.64
2019-10-14 00:00:00,35.25,36.72,35.22,36.3,1488879.0,54046307.699999996
2019-10-15 00:00:00,36.5,37.03,36.07,36.82,1087908.0,40056772.56
2019-10-16 00:00:00,37.08,37.5,36.72,37.32,2555094.0,95356108.08
2019-10-17 00:00:00,37.63,37.83,37.23,37.72,843060.0,31800223.2
2019-10-18 00:00:00,37.83,40.23,37.52,38.83,3486186.0,135368602.38
2019-10-22 00:00:00,39.0,39.38,38.2,38.4,1091592.0,41917132.8
2019-10-23 00:00:00,38.4,38.87,37.77,37.97,809679.0,30743511.63
2019-10-24 00:00:00,38.32,38.75,37.57,38.67,1839819.0,71145800.73
2019-10-25 00:00:00,38.67,39.08,38.23,38.92,1062174.0,41339812.08
2019-10-27 00:00:00,39.0,39.15,38.78,38.9,164553.0,6401111.7
2019-10-29 00:00:00,39.0,40.12,38.88,39.57,1792395.0,70925070.15
2019-10-30 00:00:00,39.83,40.67,39.27,39.75,1111539.0,44183675.25
2019-10-31 00:00:00,39.78,40.13,39.23,39.38,751611.0,29598441.180000003
2019-11-01 00:00:00,39.67,40.57,39.33,40.12,11162319.0,447832238.28
2019-11-04 00:00:00,40.23,40.72,39.7,39.82,1060296.0,42220986.72
2019-11-05 00:00:00,38.38,38.62,37.27,37.5,2801871.0,105070162.5
2019-11-06 00:00:00,37.67,37.67,36.07,36.45,1647219.0,60041132.550000004
2019-11-07 00:00:00,37.32,37.32,35.88,36.3,1012284.0,36745909.199999996
2019-11-08 00:00:00,36.33,37.63,36.27,36.48,4333566.0,158088487.67999998
2019-11-11 00:00:00,36.63,36.67,35.93,36.28,825135.0,29935897.8
2019-11-13 00:00:00,36.33,36.5,35.75,36.37,810186.0,29466464.819999997
2019-11-14 00:00:00,36.6,36.95,36.28,36.42,814851.0,29676873.42
2019-11-15 00:00:00,36.67,37.42,36.58,37.07,609774.0,22604322.18
2019-11-18 00:00:00,37.33,37.42,36.53,36.62,500553.0,18330250.86
2019-11-19 00:00:00,36.77,37.3,36.55,37.15,410154.0,15237221.1
2019-11-20 00:00:00,36.67,37.55,36.67,36.93,658638.0,24323501.34
2019-11-21 00:00:00,37.2,37.2,36.6,36.8,215421.0,7927492.8
2019-11-22 00:00:00,36.42,36.92,35.97,36.48,1211766.0,44205223.68
2019-11-25 00:00:00,36.15,36.3,34.98,35.57,1895766.0,67432396.62
2019-11-26 00:00:00,36.13,36.25,34.22,34.38,1766148.0,60720168.24
2019-11-27 00:00:00,34.53,34.8,34.2,34.35,717516.0,24646674.6
2019-11-28 00:00:00,34.97,35.08,34.1,34.78,1187205.0,41290989.9
2019-11-29 00:00:00,34.78,35.1,34.23,34.35,882891.0,30327305.85
2019-12-02 00:00:00,34.67,34.67,33.58,34.37,1186614.0,40783923.18
2019-12-03 00:00:00,34.3,34.43,33.5,33.67,1124967.0,37877638.89
2019-12-04 00:00:00,34.0,34.0,33.38,33.75,824250.0,27818437.5
2019-12-05 00:00:00,33.88,34.43,33.82,34.0,1211925.0,41205450.0
2019-12-06 00:00:00,34.55,34.67,33.85,34.18,2455821.0,83939961.78
2019-12-09 00:00:00,34.03,34.98,34.02,34.15,853047.0,29131555.049999997
2019-12-10 00:00:00,34.57,34.57,32.6,33.23,1544598.0,51326991.53999999
2019-12-11 00:00:00,33.42,33.67,32.23,32.83,1138725.0,37384341.75
2019-12-12 00:00:00,32.85,33.12,32.57,32.93,789024.0,25982560.32
2019-12-13 00:00:00,33.38,33.7,32.83,33.33,1110291.0,37005999.03
2019-12-16 00:00:00,33.8,34.1,33.18,33.67,850305.0,28629769.35
2019-12-17 00:00:00,33.42,33.8,33.33,33.38,1322142.0,44133099.96
2019-12-18 00:00:00,33.33,33.57,33.25,33.47,978384.0,32746512.48
2019-12-19 00:00:00,33.47,33.58,33.18,33.35,256035.0,8538767.25
2019-12-20 00:00:00,33.43,33.47,32.87,32.93,418677.0,13787033.61
2019-12-23 00:00:00,32.97,33.37,32.83,32.93,497139.0,16370787.27
2019-12-24 00:00:00,33.03,33.25,32.83,33.18,341910.0,11344573.8
2019-12-26 00:00:00,33.42,33.57,32.78,32.93,1152228.0,37942868.04
2019-12-27 00:00:00,33.27,33.88,33.05,33.23,688800.0,22888823.999999996
2019-12-30 00:00:00,33.37,33.6,33.22,33.3,295947.0,9855035.1
2019-12-31 00:00:00,33.33,34.0,33.27,33.37,610965.0,20387902.049999997
2020-01-01 00:00:00,33.5,33.65,33.13,33.37,1266768.0,42272048.16
2020-01-02 00:00:00,33.45,34.6,33.32,34.38,2538846.0,87285525.48
2020-01-03 00:00:00,34.65,34.65,33.5,33.67,1071072.0,36062994.24
2020-01-06 00:00:00,33.3,33.33,31.9,32.32,1130181.0,36527449.92
2020-01-07 00:00:00,32.67,33.0,31.78,32.12,1142970.0,36712196.4
2020-01-08 00:00:00,31.92,32.37,31.5,31.83,432498.0,13766411.34
2020-01-09 00:00:00,32.17,32.4,31.93,32.3,2900271.0,93678753.3
2020-01-10 00:00:00,32.3,32.87,32.3,32.38,1112487.0,36022329.06
2020-01-13 00:00:00,33.12,33.12,32.52,32.67,1558338.0,50910902.46
2020-01-14 00:00:00,32.75,33.38,32.67,33.3,802230.0,26714258.999999996
2020-01-15 00:00:00,33.48,34.87,33.17,34.6,1591056.0,55050537.6
2020-01-16 00:00:00,35.33,35.75,34.82,35.18,2848908.0,100224583.44
2020-01-17 00:00:00,35.47,36.3,34.93,36.17,1390662.0,50300244.54
2020-01-20 00:00:00,36.33,36.33,34.55,34.97,1458471.0,51002730.87
2020-01-21 00:00:00,35.13,35.32,34.62,35.03,713658.0,24999439.740000002
2020-01-22 00:00:00,35.08,35.08,33.4,33.63,1245663.0,41891646.690000005
2020-01-23 00:00:00,34.3,34.83,33.38,33.8,1301883.0,44003645.4
2020-01-24 00:00:00,34.07,34.52,33.78,33.93,1105512.0,37510022.16
2020-01-27 00:00:00,33.92,34.5,33.68,33.88,501708.0,16997867.040000003
2020-01-28 00:00:00,33.88,34.0,33.13,33.37,919164.0,30672502.679999996
2020-01-29 00:00:00,33.67,33.73,33.25,33.52,729438.0,24450761.76
2020-01-30 00:00:00,33.95,34.47,33.43,33.58,1319220.0,44299407.599999994
2020-01-31 00:00:00,32.0,32.97,30.0,30.22,5550024.0,167721725.28
2020-02-01 00:00:00,29.9,30.53,27.83,28.25,3655074.0,103255840.5
2020-02-03 00:00:00,28.83,29.12,26.93,27.83,3663930.0,101967171.89999999
2020-02-04 00:00:00,28.43,29.0,28.13,28.28,1589940.0,44963503.2
2020-02-05 00:00:00,28.42,29.37,28.18,28.95,1545894.0,44753631.3
2020-02-06 00:00:00,29.13,29.32,28.57,28.97,999870.0,28966233.9
2020-02-07 00:00:00,29.18,29.32,28.75,29.2,896355.0,26173566.0
2020-02-10 00:00:00,29.22,29.23,28.65,28.83,755505.0,21781209.15
2020-02-11 00:00:00,28.63,29.05,28.42,28.53,1070313.0,30536029.89
2020-02-12 00:00:00,28.55,28.55,27.87,28.0,878415.0,24595620.0
2020-02-13 00:00:00,28.3,28.52,27.73,28.4,1164798.0,33080263.2
2020-02-14 00:00:00,28.5,28.5,27.58,27.67,700692.0,19388147.64
2020-02-17 00:00:00,27.87,27.87,26.87,26.98,843399.0,22754905.02
2020-02-18 00:00:00,27.53,27.93,26.5,27.68,1121787.0,31051064.16
2020-02-19 00:00:00,27.73,28.3,27.32,28.23,666819.0,18824300.37
2020-02-20 00:00:00,28.38,29.03,27.97,28.85,1008495.0,29095080.75
2020-02-24 00:00:00,28.63,28.63,27.13,27.28,933942.0,25477937.76
2020-02-25 00:00:00,27.35,27.92,27.33,27.48,568599.0,15625100.52
2020-02-26 00:00:00,27.47,27.53,26.47,26.75,676944.0,18108252.0
2020-02-27 00:00:00,27.23,27.23,25.72,25.83,1317108.0,34020899.64
2020-02-28 00:00:00,25.03,25.42,24.32,24.67,2813436.0,69407466.12
2020-03-02 00:00:00,26.63,26.63,24.0,24.3,1198749.0,29129600.7
2020-03-03 00:00:00,24.5,25.03,24.1,24.9,1053597.0,26234565.299999997
2020-03-04 00:00:00,24.73,25.05,23.53,24.95,1200246.0,29946137.7
2020-03-05 00:00:00,25.03,25.35,24.23,24.35,2103909.0,51230184.150000006
2020-03-06 00:00:00,23.5,24.05,23.05,23.83,1750176.0,41706694.08
2020-03-09 00:00:00,23.6,23.6,22.58,23.23,1262901.0,29337190.23
2020-03-11 00:00:00,23.3,23.37,22.53,22.92,1254858.0,28761345.360000003
2020-03-12 00:00:00,22.43,22.43,20.83,21.88,1578534.0,34538323.92
2020-03-13 00:00:00,20.03,23.48,20.03,23.3,2939571.0,68492004.3
2020-03-16 00:00:00,23.2,23.33,21.47,21.98,755349.0,16602571.02
2020-03-17 00:00:00,22.12,23.8,21.98,23.32,1471557.0,34316709.24
2020-03-18 00:00:00,23.33,26.8,22.43,24.78,3943668.0,97724093.04
2020-03-19 00:00:00,22.72,24.15,21.07,21.58,2195994.0,47389550.519999996
2020-03-20 00:00:00,22.33,24.58,21.48,23.93,2135865.0,51111249.45
2020-03-23 00:00:00,22.33,22.55,19.27,19.73,974979.0,19236335.67
2020-03-24 00:00:00,21.17,21.17,18.7,19.5,1239432.0,24168924.0
2020-03-25 00:00:00,19.33,21.08,18.83,20.87,905136.0,18890188.32
2020-03-26 00:00:00,21.0,22.83,20.42,22.4,2025270.0,45366048.0
2020-03-27 00:00:00,24.62,25.52,22.95,24.37,2147571.0,52336305.27
2020-03-30 00:00:00,24.83,25.27,23.67,24.18,1752063.0,42364883.339999996
2020-03-31 00:00:00,24.67,25.2,24.2,24.78,880086.0,21808531.080000002
2020-04-01 00:00:00,24.08,25.37,22.48,23.02,1452276.0,33431393.52
2020-04-03 00:00:00,24.57,24.57,22.83,23.33,1833615.0,42778237.949999996
2020-04-07 00:00:00,24.05,24.42,22.85,23.0,1425930.0,32796390.0
2020-04-08 00:00:00,23.07,23.77,21.72,22.13,1897446.0,41990479.98
2020-04-09 00:00:00,22.33,23.8,22.33,23.37,1599132.0,37371714.84
2020-04-13 00:00:00,24.6,24.6,23.4,23.52,1237221.0,29099437.919999998
2020-04-15 00:00:00,24.4,24.4,22.95,23.23,2563287.0,59545157.01
2020-04-16 00:00:00,23.8,24.07,23.4,23.67,1299795.0,30766147.650000002
2020-04-17 00:00:00,24.23,24.33,23.57,23.82,1173168.0,27944861.76
2020-04-20 00:00:00,24.15,25.75,23.82,25.12,3288909.0,82617394.08
2020-04-21 00:00:00,24.77,25.67,24.12,25.27,1884387.0,47618459.49
2020-04-22 00:00:00,25.3,25.87,25.0,25.52,1031424.0,26321940.48
2020-04-23 00:00:00,25.67,26.37,25.22,25.33,1723509.0,43656482.97
2020-04-24 00:00:00,25.2,25.9,24.43,24.88,1890597.0,47038053.36
2020-04-27 00:00:00,25.07,25.28,24.38,24.58,940038.0,23106134.04
2020-04-28 00:00:00,24.88,24.88,24.23,24.42,710106.0,17340788.52
2020-04-29 00:00:00,24.58,24.68,24.05,24.38,900390.0,21951508.2
2020-04-30 00:00:00,24.67,24.83,23.77,24.05,2389209.0,57460476.45
2020-05-04 00:00:00,23.6,23.65,22.33,22.5,1290216.0,29029860.0
2020-05-05 00:00:00,22.9,22.92,21.72,21.8,982848.0,21426086.400000002
2020-05-06 00:00:00,21.92,21.93,20.92,21.23,1263831.0,26831132.13
2020-05-07 00:00:00,21.07,21.47,20.85,20.9,976110.0,20400699.0
2020-05-08 00:00:00,21.07,21.23,19.83,19.9,1551696.0,30878750.4
2020-05-11 00:00:00,20.33,20.65,19.8,20.08,1663146.0,33395971.679999996
2020-05-12 00:00:00,20.05,20.4,19.25,20.2,1386699.0,28011319.8
2020-05-13 00:00:00,21.33,22.22,20.77,21.9,3279870.0,71829153.0
2020-05-14 00:00:00,21.63,21.83,21.08,21.22,1136160.0,24109315.2
2020-05-15 00:00:00,21.0,22.93,20.77,22.58,4199817.0,94831867.86
2020-05-18 00:00:00,23.67,23.83,21.33,21.48,10004352.0,214893480.96
2020-05-19 00:00:00,22.0,22.22,20.57,20.73,5263791.0,109118387.43
2020-05-20 00:00:00,20.95,21.38,20.58,21.08,2870697.0,60514292.76
2020-05-21 00:00:00,21.48,21.78,20.8,21.0,2478864.0,52056144.0
2020-05-22 00:00:00,21.0,21.15,20.52,21.05,4624155.0,97338462.75
2020-05-26 00:00:00,21.3,21.75,21.13,21.67,2456301.0,53228042.67
2020-05-27 00:00:00,21.8,22.37,21.42,22.22,1627614.0,36165583.08
2020-05-28 00:00:00,22.37,23.47,22.08,23.18,2731014.0,63304904.519999996
2020-05-29 00:00:00,23.17,23.47,22.62,23.08,1391157.0,32107903.56
2020-06-01 00:00:00,23.33,23.67,23.03,23.12,1613784.0,37310686.08
2020-06-02 00:00:00,23.23,23.43,22.9,23.2,874692.0,20292854.4
2020-06-03 00:00:00,23.33,24.72,23.17,24.55,3456711.0,84862255.05
2020-06-04 00:00:00,24.67,24.93,23.9,24.27,1706406.0,41414473.62
2020-06-05 00:00:00,24.53,24.78,24.32,24.62,1687659.0,41550164.58
2020-06-08 00:00:00,24.83,25.8,24.72,24.87,2825772.0,70276949.64
2020-06-09 00:00:00,25.08,25.35,24.22,24.35,3290994.0,80135703.9
2020-06-10 00:00:00,24.53,24.85,23.95,24.48,1198788.0,29346330.240000002
2020-06-11 00:00:00,24.63,24.9,23.43,23.57,1762617.0,41544882.69
2020-06-12 00:00:00,22.92,24.07,22.6,23.95,2398962.0,57455139.9
2020-06-15 00:00:00,23.95,24.17,23.15,23.63,3035994.0,71740538.22
2020-06-16 00:00:00,24.03,24.25,23.08,23.52,2841651.0,66835631.519999996
2020-06-17 00:00:00,23.67,24.25,23.55,23.9,2875725.0,68729827.5
2020-06-18 00:00:00,23.88,25.72,23.88,25.62,6376800.0,163373616.0
2020-06-19 00:00:00,25.72,27.17,25.5,26.68,5317725.0,141876903.0
2020-06-22 00:00:00,27.28,27.63,26.72,27.08,5854350.0,158535798.0
2020-06-23 00:00:00,27.17,27.93,26.85,27.77,3087006.0,85726156.62
2020-06-24 00:00:00,28.0,28.52,27.35,27.48,4988346.0,137079748.08
2020-06-25 00:00:00,27.17,28.3,27.0,27.9,2914170.0,81305343.0
2020-06-26 00:00:00,28.33,28.8,27.93,28.43,3492015.0,99277986.45
2020-06-29 00:00:00,28.33,29.57,28.08,29.08,6693957.0,194660269.56
2020-06-30 00:00:00,31.07,31.4,29.33,29.55,8599686.0,254120721.3
2020-07-01 00:00:00,29.63,29.77,29.1,29.57,3037116.0,89807520.12
2020-07-02 00:00:00,30.0,30.1,29.52,29.67,3722466.0,110445566.22000001
2020-07-03 00:00:00,30.22,32.63,30.22,32.42,9119976.0,295669621.92
2020-07-06 00:00:00,32.67,34.5,32.33,34.05,9257379.0,315213754.95
2020-07-07 00:00:00,33.92,34.47,33.27,34.0,3746667.0,127386678.0
2020-07-08 00:00:00,33.98,35.13,33.58,34.5,3461070.0,119406915.0
2020-07-09 00:00:00,34.5,34.5,33.17,33.27,2161884.0,71925880.68
2020-07-10 00:00:00,33.23,33.83,32.78,33.2,1470975.0,48836370.00000001
2020-07-13 00:00:00,33.33,33.72,32.58,32.82,1180677.0,38749819.14
2020-07-14 00:00:00,33.05,33.38,31.87,32.37,2327604.0,75344541.47999999
2020-07-15 00:00:00,33.17,33.22,31.83,32.02,2564238.0,82106900.76
2020-07-16 00:00:00,32.3,32.3,31.4,31.48,817350.0,25730178.0
2020-07-17 00:00:00,31.48,32.82,31.4,32.67,1510629.0,49352249.43
2020-07-20 00:00:00,32.83,33.28,32.12,32.25,1755498.0,56614810.5
2020-07-21 00:00:00,32.35,33.6,32.25,33.08,1737393.0,57472960.44
2020-07-22 00:00:00,33.33,33.33,32.2,32.62,1372440.0,44768992.8
2020-07-23 00:00:00,32.8,34.5,32.67,34.17,2931666.0,100175027.22
2020-07-24 00:00:00,34.48,34.87,33.73,34.07,4894122.0,166742736.54
2020-07-27 00:00:00,34.33,34.33,32.77,33.1,2343840.0,77581104.0
2020-07-28 00:00:00,32.33,33.08,31.82,32.38,2497713.0,80875946.94000001
2020-07-29 00:00:00,32.38,33.38,32.17,32.42,2854692.0,92549114.64
2020-07-30 00:00:00,32.77,32.77,31.67,31.88,1005096.0,32042460.48
2020-07-31 00:00:00,31.88,32.27,31.25,31.95,1700112.0,54318578.4
2020-08-03 00:00:00,31.8,33.03,31.67,32.27,2294742.0,74051324.34
2020-08-04 00:00:00,32.5,33.68,32.33,33.4,7312587.0,244240405.79999998
2020-08-05 00:00:00,33.83,34.08,32.97,33.47,1193691.0,39952837.769999996
2020-08-06 00:00:00,33.77,33.78,32.9,33.02,622467.0,20553860.340000004
2020-08-07 00:00:00,33.08,33.55,32.8,33.07,665649.0,22013012.43
2020-08-10 00:00:00,35.07,37.97,34.83,36.1,16835529.0,607762596.9
2020-08-11 00:00:00,36.47,36.78,35.07,35.27,2670687.0,94195130.49000001
2020-08-12 00:00:00,35.43,37.05,35.12,36.9,6303750.0,232608375.0
2020-08-13 00:00:00,37.0,38.5,36.55,38.13,6276348.0,239317149.24
2020-08-14 00:00:00,38.47,39.48,36.57,37.73,6509820.0,245615508.6
2020-08-17 00:00:00,38.32,38.32,36.65,36.93,3789018.0,139928434.74
2020-08-18 00:00:00,37.17,37.72,36.57,37.22,4286361.0,159538356.42
2020-08-19 00:00:00,37.67,38.35,37.3,37.42,3010242.0,112643255.64
2020-08-20 00:00:00,37.0,37.65,36.65,37.28,2535678.0,94530075.84
2020-08-21 00:00:00,37.33,37.7,36.97,37.37,1353525.0,50581229.25
2020-08-24 00:00:00,37.37,38.33,36.97,38.17,3415041.0,130352114.97
2020-08-25 00:00:00,38.5,38.62,37.1,37.5,1398489.0,52443337.5
2020-08-26 00:00:00,37.6,37.72,36.88,37.28,2579334.0,96157571.52
2020-08-27 00:00:00,37.28,37.55,36.62,36.77,1486869.0,54672173.13
2020-08-28 00:00:00,37.83,38.27,36.93,37.35,1551228.0,57938365.800000004
2020-08-31 00:00:00,37.45,37.67,35.0,35.42,2750340.0,97417042.80000001
2020-09-01 00:00:00,35.67,36.23,34.8,36.0,1408236.0,50696496.0
2020-09-02 00:00:00,36.0,36.53,35.4,36.35,1079427.0,39237171.45
2020-09-03 00:00:00,36.17,36.75,35.93,36.15,1564905.0,56571315.75
2020-09-04 00:00:00,34.4,36.13,34.4,35.45,1067457.0,37841350.650000006
2020-09-07 00:00:00,35.43,36.03,34.92,35.2,761469.0,26803708.8
2020-09-08 00:00:00,35.2,35.5,33.9,34.22,633048.0,21662902.56
2020-09-09 00:00:00,33.97,34.47,33.25,33.68,703806.0,23704186.08
2020-09-10 00:00:00,33.68,34.22,33.0,33.88,838707.0,28415393.160000004
2020-09-11 00:00:00,33.92,34.22,33.77,34.08,889464.0,30312933.119999997
2020-09-14 00:00:00,35.0,36.55,34.8,35.7,2975754.0,106234417.80000001
2020-09-15 00:00:00,35.22,35.65,34.65,34.93,998565.0,34879875.45
2020-09-16 00:00:00,35.0,35.18,34.13,34.47,451050.0,15547693.5
2020-09-17 00:00:00,34.32,34.95,34.17,34.5,551490.0,19026405.0
2020-09-18 00:00:00,34.67,34.82,34.08,34.53,692442.0,23910022.26
2020-09-21 00:00:00,34.67,34.67,31.73,32.07,1069950.0,34313296.5
2020-09-22 00:00:00,32.17,32.25,30.33,30.78,1153635.0,35508885.300000004
2020-09-23 00:00:00,30.83,31.85,30.8,31.27,1487529.0,46515031.83
2020-09-24 00:00:00,30.97,30.97,29.88,30.17,571632.0,17246137.44
2020-09-25 00:00:00,30.12,31.43,30.12,31.1,1176147.0,36578171.7
2020-09-28 00:00:00,31.32,32.75,31.28,32.48,1160223.0,37684043.04
2020-09-29 00:00:00,32.87,33.13,31.62,32.0,1434120.0,45891840.0
2020-09-30 00:00:00,32.23,32.23,31.33,31.92,1008774.0,32200066.080000002
2020-10-01 00:00:00,32.23,32.53,31.68,32.05,821721.0,26336158.049999997
2020-10-05 00:00:00,32.23,32.23,31.57,32.05,890559.0,28542415.95
2020-10-06 00:00:00,32.07,32.33,31.6,31.93,1896735.0,60562748.55
2020-10-07 00:00:00,32.0,32.15,31.3,31.37,950628.0,29821200.36
2020-10-08 00:00:00,31.88,31.88,30.85,31.18,478167.0,14909247.06
2020-10-09 00:00:00,31.18,31.33,30.62,30.9,813186.0,25127447.4
2020-10-12 00:00:00,31.57,31.65,30.9,31.17,1123512.0,35019869.04
2020-10-13 00:00:00,31.32,31.33,30.33,30.47,798993.0,24345316.71
2020-10-14 00:00:00,30.93,31.23,30.42,30.48,803748.0,24498239.04
2020-10-15 00:00:00,31.23,31.23,29.28,29.45,682152.0,20089376.4
2020-10-16 00:00:00,29.33,30.42,29.32,30.33,691833.0,20983294.89
2020-10-19 00:00:00,30.3,30.63,29.5,30.03,762720.0,22904481.6
2020-10-20 00:00:00,29.8,30.37,29.67,29.97,678027.0,20320469.189999998
2020-10-21 00:00:00,30.0,30.92,29.75,30.82,552864.0,17039268.48
2020-10-22 00:00:00,30.97,31.72,30.53,31.1,683814.0,21266615.400000002
2020-10-23 00:00:00,31.4,31.42,30.72,30.85,929697.0,28681152.450000003
2020-10-26 00:00:00,30.98,30.98,29.68,29.98,773466.0,23188510.68
2020-10-27 00:00:00,29.68,30.12,29.53,29.92,541998.0,16216580.16
2020-10-28 00:00:00,29.68,30.02,29.23,29.42,747165.0,21981594.3
2020-10-29 00:00:00,29.22,29.63,28.78,28.9,841623.0,24322904.7
2020-10-30 00:00:00,28.97,29.93,28.82,29.02,1459017.0,42340673.339999996
2020-11-02 00:00:00,29.07,29.87,29.07,29.55,1312284.0,38777992.2
2020-11-03 00:00:00,29.67,30.1,29.62,29.82,784665.0,23398710.3
2020-11-04 00:00:00,29.88,30.07,29.3,29.63,436698.0,12939361.74
2020-11-05 00:00:00,29.73,31.17,29.68,30.97,1669224.0,51695867.28
2020-11-06 00:00:00,30.82,31.15,30.5,30.8,1992258.0,61361546.4
2020-11-09 00:00:00,31.47,31.6,30.6,30.97,974292.0,30173823.24
2020-11-10 00:00:00,31.03,32.08,30.73,31.8,1187193.0,37752737.4
2020-11-11 00:00:00,31.83,32.43,31.48,31.9,1774218.0,56597554.199999996
2020-11-12 00:00:00,31.83,32.17,31.33,31.4,1579116.0,49584242.4
2020-11-13 00:00:00,31.63,32.38,30.92,32.22,990480.0,31913265.599999998
2020-11-14 00:00:00,32.47,32.47,32.12,32.22,244860.0,7889389.2
2020-11-17 00:00:00,32.53,32.53,31.95,32.05,1296882.0,41565068.099999994
2020-11-18 00:00:00,32.05,32.75,31.88,32.22,1926153.0,62060649.66
2020-11-19 00:00:00,32.22,35.85,31.93,34.37,10800453.0,371211569.60999995
2020-11-20 00:00:00,35.0,36.62,34.83,36.07,6898206.0,248818290.42000002
2020-11-23 00:00:00,36.27,36.33,34.85,35.27,1678926.0,59215720.02
2020-11-24 00:00:00,35.57,36.28,35.37,35.92,867969.0,31177446.48
2020-11-25 00:00:00,36.0,36.78,35.3,35.62,3467850.0,123524816.99999999
2020-11-26 00:00:00,35.83,36.42,35.62,36.3,2987781.0,108456450.3
2020-11-27 00:00:00,36.62,37.92,36.37,37.05,3784368.0,140210834.39999998
2020-12-01 00:00:00,37.05,37.58,36.8,37.23,1676763.0,62425886.489999995
2020-12-02 00:00:00,37.4,38.32,37.23,37.82,2513541.0,95062120.62
2020-12-03 00:00:00,38.33,38.93,38.0,38.33,3936351.0,150880333.82999998
2020-12-04 00:00:00,38.53,39.33,38.17,38.53,2847714.0,109722420.42
2020-12-07 00:00:00,39.13,39.13,38.12,38.32,1016034.0,38934422.88
2020-12-08 00:00:00,38.67,38.67,37.03,37.7,1748742.0,65927573.400000006
2020-12-09 00:00:00,38.67,40.83,38.27,38.95,7569366.0,294826805.70000005
2020-12-10 00:00:00,39.13,39.13,37.5,38.12,2193828.0,83628723.36
2020-12-11 00:00:00,38.65,38.8,37.78,38.22,1780569.0,68053347.17999999
2020-12-14 00:00:00,38.67,39.72,38.4,39.52,6392223.0,252620652.96
2020-12-15 00:00:00,39.47,39.77,39.07,39.4,2305947.0,90854311.8
2020-12-16 00:00:00,39.67,40.22,39.12,39.35,1673535.0,65853602.25
2020-12-17 00:00:00,39.82,40.27,38.62,40.1,2165001.0,86816540.10000001
2020-12-18 00:00:00,40.62,40.88,39.52,40.4,5311134.0,214569813.6
2020-12-21 00:00:00,40.6,41.07,36.38,37.32,5098416.0,190272885.12
2020-12-22 00:00:00,37.0,38.02,35.47,37.4,3438762.0,128609698.8
2020-12-23 00:00:00,37.7,38.63,37.5,38.47,1612326.0,62026181.22
2020-12-24 00:00:00,38.97,39.35,38.13,38.28,2031867.0,77779868.76
2020-12-28 00:00:00,38.83,38.83,38.0,38.2,3659379.0,139788277.8
2020-12-29 00:00:00,38.5,38.72,38.03,38.22,3410931.0,130365782.82
2020-12-30 00:00:00,38.28,38.35,37.83,38.13,733947.0,27985399.110000003
2020-12-31 00:00:00,38.5,40.27,38.5,40.0,7882344.0,315293760.0
