timestamps,open,high,low,close,volume,amount
2000-01-04 00:00:00,1000.1802613278652,1000.1802613278652,956.9154663085938,956.9154663085938,201000,192340008.72802734
2000-01-05 00:00:00,916.1959228515625,928.4118684895834,915.686925116645,916.1959228515625,472000,432444475.5859375
2000-01-06 00:00:00,962.0056874860159,1068.8952083177953,951.8257331210845,1066.3502197265625,744000,793364563.4765625
2000-01-07 00:00:00,1119.7950712316178,1119.7950712316178,1043.4454072840074,1081.6202392578125,537000,580830068.4814453
2000-01-10 00:00:00,1081.6202392578127,1081.6202392578127,1081.6202392578127,1081.6202392578125,0,0.0
2000-01-11 00:00:00,1089.2550833144626,1089.2550833144626,1005.779460107186,1053.625244140625,439000,462541482.1777344
2000-01-12 00:00:00,1045.9898774163355,1048.5348649526284,1015.450026980822,1040.89990234375,326000,339333368.1640625
2000-01-13 00:00:00,1025.6300048828125,1058.71484375,1017.9950420673076,1058.71484375,692000,732630671.875
2000-01-14 00:00:00,1068.8949234759223,1119.7946817366803,1068.8949234759223,1086.7098388671875,541000,587910022.8271484
2000-01-17 00:00:00,1147.7897729223903,1180.8746222527473,1145.2447845123627,1157.9697265625,1025000,1186918969.7265625
2000-01-18 00:00:00,1157.9698804772418,1170.69482421875,1145.2449367357337,1170.69482421875,289000,338330804.19921875
2000-01-19 00:00:00,1160.514874267578,1221.5946044921875,1160.514874267578,1221.5946044921875,507000,619348464.4775391
2000-01-20 00:00:00,1170.6949209952138,1175.7848989125844,1089.255274317286,1129.97509765625,565000,638435930.1757812
2000-01-21 00:00:00,1140.155053490991,1155.4249872431024,1107.0701970280827,1129.97509765625,894000,1010197737.3046875
2000-01-24 00:00:00,1109.6146968277046,1135.0645751953125,1107.0697089909438,1135.0645751953125,337000,382516761.8408203
2000-01-25 00:00:00,1094.3448026063013,1114.7047059106046,1086.7098388671875,1086.7098388671875,340000,369481345.21484375
2000-01-26 00:00:00,1068.8950267294995,1089.2549320005376,1035.8101806640625,1035.8101806640625,560000,580053701.171875
2000-01-27 00:00:00,1040.9003675705585,1063.8052656344582,1040.9003675705585,1051.080322265625,560000,588604980.46875
2000-01-28 00:00:00,1045.9905228203324,1058.7154683534263,1002.7257080078125,1002.7257080078125,862000,864349560.3027344
2000-01-31 00:00:00,1017.9950561523436,1040.8999449157714,1012.905080871582,1017.9950561523438,598000,608761043.5791016
2000-02-01 00:00:00,1058.7152652877696,1073.985196998651,1048.5353108138488,1061.26025390625,575000,610224645.9960938
2000-02-02 00:00:00,1091.7998304454559,1119.794697892775,1068.894938897649,1109.61474609375,540000,599191962.890625
2000-02-03 00:00:00,1119.794654482887,1163.059447951544,1068.8948974609375,1068.8948974609375,1066000,1139441960.6933594
2000-02-04 00:00:00,1084.1649169921875,1109.6147976727552,1068.894988583847,1084.1649169921875,352000,381626050.78125
2000-02-07 00:00:00,1119.7945855292458,1119.7945855292458,1068.8948316415529,1071.4398193359375,228000,244288278.80859375
2000-02-08 00:00:00,1073.9851296164773,1094.345037286932,1063.80517578125,1063.80517578125,171000,181910685.05859375
2000-02-09 00:00:00,1063.8049217587427,1079.0748488653276,1053.6249703543529,1068.8948974609375,151000,161403129.51660156
2000-02-10 00:00:00,1089.255106707317,1089.255106707317,1038.3553353658538,1043.4453125,328000,342250062.5
2000-02-11 00:00:00,1043.4453125,1043.4453125,1043.4453125,1043.4453125,0,0.0
2000-02-14 00:00:00,1063.8052210365854,1068.8951981707319,1023.0854039634147,1043.4453125,1073000,1119616820.3125
2000-02-15 00:00:00,1043.4452906909119,1048.5352677186725,1025.63037109375,1025.63037109375,862000,884093379.8828125
2000-02-16 00:00:00,1043.445418698286,1076.5302734375,1038.3554410460993,1076.5302734375,843000,907515020.5078125
2000-02-17 00:00:00,1137.6099368901723,1231.7745177960703,1119.7950161782458,1185.9647216796875,1909000,2264006653.6865234
2000-02-18 00:00:00,1241.9545145670572,1269.9493909200032,1206.3246719360352,1221.5946044921875,1315000,1606396904.9072266
2000-02-21 00:00:00,1221.5945991847825,1221.5945991847825,1155.42489172894,1170.69482421875,318000,372280954.1015625
2000-02-22 00:00:00,1175.784643670394,1180.8746204828199,1073.985107421875,1073.985107421875,1233000,1324223637.4511719
2000-02-23 00:00:00,1094.3447578082635,1173.2393798828127,1089.2547821905505,1173.2393798828125,553000,648801377.0751953
2000-02-24 00:00:00,1193.5995163690477,1193.5995163690477,1117.2498671343537,1122.33984375,192000,215489250.0
2000-02-25 00:00:00,1127.4296087792757,1170.6944018927015,1122.3396331188726,1168.1494140625,286000,334090732.421875
2000-02-28 00:00:00,1247.0446042895812,1247.0446042895812,1211.4147584527361,1226.6846923828125,652000,799798419.4335938
2000-02-29 00:00:00,1247.0442190886922,1348.8437471775649,1241.9542426842486,1320.848876953125,1689000,2230913753.173828
2000-03-01 00:00:00,1300.4888869628908,1303.033875,1234.319197998047,1272.4940185546875,596000,758406435.0585938
2000-03-02 00:00:00,1229.2294696283047,1259.7693322277657,1226.6844810783496,1239.409423828125,189000,234248381.10351562
2000-03-03 00:00:00,1257.2237334890463,1272.4936573775772,1234.3188476562498,1234.31884765625,313000,386341799.31640625
2000-03-06 00:00:00,1234.3189041702835,1244.4988538953992,1231.7739167390046,1236.8638916015625,282000,348795617.4316406
2000-03-07 00:00:00,1226.6844371448865,1234.319402521307,1145.2448064630682,1147.789794921875,447000,513062038.3300781
2000-03-08 00:00:00,1226.6838857119844,1249.588771544781,1211.4139618234535,1234.31884765625,758000,935613686.5234375
2000-03-09 00:00:00,1221.5942691851267,1247.0441497931502,1196.1443885771032,1206.3243408203125,471000,568178764.5263672
2000-03-10 00:00:00,1247.0440281634349,1267.4039306640625,1229.229113475386,1267.4039306640625,730000,925204869.3847656
2000-03-13 00:00:00,1272.4939229690583,1303.0337771203156,1262.3139715853058,1290.308837890625,1089000,1405146324.4628906
2000-03-14 00:00:00,1282.6742841151051,1282.6742841151051,1249.5894315486441,1269.9493408203125,653000,829276919.5556641
2000-03-15 00:00:00,1262.314111425199,1280.1290283203125,1244.4991945300853,1280.1290283203125,561000,718152384.8876953
2000-03-16 00:00:00,1262.31406640625,1272.4940185546877,1247.044138183594,1272.4940185546875,280000,356298325.1953125
2000-03-17 00:00:00,1272.4940185546877,1272.4940185546877,1221.5942578125,1272.4940185546875,540000,687146770.0195312
2000-03-20 00:00:00,1272.4940185546877,1272.4940185546877,1272.4940185546877,1272.4940185546875,0,0.0
2000-03-21 00:00:00,1272.4940185546877,1280.1289826660159,1259.7690783691407,1272.4940185546875,292000,371568253.41796875
2000-03-22 00:00:00,1267.404042480469,1275.039006591797,1267.404042480469,1272.4940185546875,366000,465732810.7910156
2000-03-23 00:00:00,1277.5840134840746,1325.9387869027946,1277.5840134840746,1323.393798828125,999000,1322070405.0292969
2000-03-24 00:00:00,1323.3939654786088,1369.20375659133,1313.2140118980042,1331.0289306640625,1420000,1890061081.5429688
2000-03-27 00:00:00,1331.0290474651529,1415.013671875,1313.2141271357912,1415.013671875,763000,1079655431.640625
2000-03-28 00:00:00,1334.002549356489,1369.7803955078125,1288.0024614476447,1369.7803955078125,346000,473944016.8457031
2000-03-29 00:00:00,1328.8910904643692,1367.2244873046875,1326.3355306750148,1367.2244873046875,242000,330868325.9277344
2000-03-30 00:00:00,1354.4466023686678,1374.8910793855534,1336.557684978893,1362.11328125,340000,463118515.625
2000-03-31 00:00:00,1372.3352585543987,1403.0019682427653,1359.5574628509128,1382.5574951171875,603000,833682169.5556641
2000-04-03 00:00:00,1380.0022988423814,1418.3356960324475,1359.5578203410128,1400.44677734375,395000,553176477.0507812
2000-04-04 00:00:00,1418.3353646091682,1456.6687528418486,1405.5575685316082,1449.0020751953125,1181000,1711271450.805664
2000-04-05 00:00:00,1428.5580693481227,1436.224749505626,1420.8913891906195,1433.669189453125,423000,606442067.1386719
2000-04-06 00:00:00,1451.558251953125,1451.558251953125,1390.2248046875,1431.11376953125,515000,737023591.3085938
2000-04-07 00:00:00,1410.6692871093749,1431.11376953125,1380.0025634765625,1431.11376953125,254000,363502897.4609375
2000-04-10 00:00:00,1428.5574510362412,1428.5574510362412,1367.2240363226995,1380.0018310546875,131000,180780239.86816406
2000-04-11 00:00:00,1359.5575995499644,1377.4465153335163,1341.6686837664122,1344.2242431640625,323000,434184430.5419922
2000-04-12 00:00:00,1377.44714620839,1431.113918138587,1369.780464504076,1410.66943359375,630000,888721743.1640625
2000-04-13 00:00:00,1362.1139922482002,1397.8918457031248,1362.1139922482002,1397.891845703125,285000,398399176.0253906
2000-04-14 00:00:00,1418.335484095982,1428.5577218191963,1397.8910086495534,1413.224365234375,350000,494628527.83203125
2000-04-17 00:00:00,1459.2248126852103,1525.6693750841866,1395.3358103785022,1482.224853515625,2245000,3327594796.142578
2000-04-18 00:00:00,1482.2245555813029,1507.7801513671875,1436.2244831667108,1507.7801513671875,1456000,2195327900.390625
2000-04-19 00:00:00,1507.7805966487115,1530.7806396484377,1441.3360279828362,1530.7806396484375,1344000,2057369179.6875
2000-04-20 00:00:00,1530.7807392735638,1584.4475097656252,1482.2250897807462,1584.447509765625,2214000,3507966786.6210938
2000-04-21 00:00:00,1584.4470723470051,1840.0030517578123,1564.0025939941404,1840.0030517578125,5397000,9930496470.336914
2000-04-24 00:00:00,1635.5582783385091,1722.4473118752426,1584.447082140431,1645.780517578125,2436000,4009121340.8203125
2000-04-25 00:00:00,1620.2249194790857,1645.7805175781248,1584.447082140431,1645.780517578125,961000,1581595077.3925781
2000-04-26 00:00:00,1671.3364018097384,1702.0031247787244,1645.7807993355832,1691.7808837890625,925000,1564897317.5048828
2000-04-27 00:00:00,1640.6691009228982,1640.6691009228982,1569.1134392004042,1599.7801513671875,1226000,1961330465.5761719
2000-04-28 00:00:00,1574.2241319444445,1630.4464223710318,1569.1130146329365,1610.001953125,708000,1139881382.8125
2000-05-01 00:00:00,1599.7801536070097,1681.558052832927,1599.7801536070097,1671.3358154296875,358000,598338221.9238281
2000-05-02 00:00:00,1645.7802558348842,1650.891374641825,1615.1135429932406,1630.4468994140625,260000,423916193.84765625
2000-05-03 00:00:00,1630.4468994140623,1630.4468994140623,1630.4468994140623,1630.4468994140625,0,0.0
2000-05-04 00:00:00,1630.4468994140623,1630.4468994140623,1630.4468994140623,1630.4468994140625,0,0.0
2000-05-05 00:00:00,1630.4468994140623,1630.4468994140623,1630.4468994140623,1630.4468994140625,0,0.0
2000-05-08 00:00:00,1615.113749694824,1635.5582275390625,1615.113749694824,1635.5582275390625,192000,314027179.6875
2000-05-09 00:00:00,1635.5582275390625,1635.5582275390625,1635.5582275390625,1635.5582275390625,0,0.0
2000-05-10 00:00:00,1681.5583342569737,1681.5583342569737,1604.8915409017925,1666.2249755859375,416000,693149589.84375
2000-05-11 00:00:00,1610.0027213126991,1645.7805595640923,1589.5582423119029,1604.8916015625,412000,661215339.84375
2000-05-12 00:00:00,1615.1134744329245,1650.8913045627678,1584.4467628930588,1640.6690673828125,1211000,1986850240.600586
2000-05-15 00:00:00,1615.1137998592778,1656.0027568177406,1594.6693213800465,1645.780517578125,137000,225471930.90820312
2000-05-16 00:00:00,1650.8920898437502,1671.3365739285025,1635.558726780186,1650.89208984375,247000,407770346.19140625
2000-05-17 00:00:00,1625.3359046349158,1625.3359046349158,1594.6691894531248,1594.669189453125,468000,746305180.6640625
2000-05-18 00:00:00,1594.6695921674034,1599.7807126551195,1579.3362307042553,1589.5584716796875,417000,662845882.6904297
2000-05-19 00:00:00,1538.4468123372396,1548.669050292969,1512.891217447917,1533.335693359375,471000,722201111.5722656
2000-05-22 00:00:00,1533.3356933593752,1574.2246451822919,1518.0023364257813,1533.335693359375,271000,415533972.9003906
2000-05-23 00:00:00,1507.7805230220838,1518.0027638561319,1474.5582403114279,1489.8916015625,402000,598936423.828125
2000-05-24 00:00:00,1428.5581117466518,1428.5581117466518,1341.6690673828125,1341.6690673828125,633000,849276519.6533203
2000-05-25 00:00:00,1359.5577216228892,1395.335556402439,1354.4466023686678,1362.11328125,483000,657900714.84375
2000-05-26 00:00:00,1321.2243408203124,1321.2243408203124,1193.4463581491023,1201.113037109375,979000,1175889663.3300781
2000-05-29 00:00:00,1242.0019707433955,1247.1130899645618,1229.22417269048,1239.4464111328125,452000,560229777.8320312
2000-05-30 00:00:00,1239.4464111328125,1239.4464111328125,1239.4464111328125,1239.4464111328125,0,0.0
2000-05-31 00:00:00,1221.557497748013,1221.557497748013,1183.2241034672177,1185.7796630859375,635000,752970086.0595703
2000-06-01 00:00:00,1175.5572093059739,1277.7795753325802,1175.5572093059739,1272.66845703125,671000,853960534.6679688
2000-06-02 00:00:00,1277.7798580489518,1298.2243357777352,1242.0020220235813,1249.668701171875,757000,945999206.7871094
2000-06-05 00:00:00,1290.557603344475,1290.557603344475,1234.3352919116462,1239.4464111328125,529000,655667151.4892578
2000-06-06 00:00:00,1259.8908681640626,1293.113142578125,1249.6686298828124,1277.77978515625,263000,336056083.49609375
2000-06-07 00:00:00,1298.2245911483915,1303.3357115859835,1272.668988960431,1300.7801513671875,678000,881928942.6269531
2000-06-08 00:00:00,1341.6692744622421,1369.7804402128795,1339.1137139394568,1346.7803955078125,1240000,1670007690.4296875
2000-06-09 00:00:00,1305.8909912109373,1339.1132669168908,1293.1131928624939,1305.8909912109375,2378000,3105408777.0996094
2000-06-12 00:00:00,1323.780146484375,1346.780187639509,1323.780146484375,1341.6690673828125,347000,465559166.38183594
2000-06-13 00:00:00,1341.668493882665,1354.4462890625,1326.3351396668631,1354.4462890625,355000,480828432.6171875
2000-06-14 00:00:00,1374.8915612584499,1377.4471217812352,1346.7803955078125,1346.7803955078125,358000,482147381.5917969
2000-06-15 00:00:00,1377.446639012664,1397.8911160295495,1354.4466023686678,1362.11328125,531000,723282152.34375
2000-06-16 00:00:00,1374.891472996703,1413.224878377652,1372.3359126379733,1392.7803955078125,849000,1182470555.7861328
2000-06-19 00:00:00,1400.447010189613,1436.224853515625,1400.447010189613,1436.224853515625,369000,529966970.9472656
2000-06-20 00:00:00,1431.1134923986488,1438.7801718222129,1400.4467747043918,1418.335693359375,351000,497835828.3691406
2000-06-21 00:00:00,1431.1137330404804,1446.447094465914,1426.0026125653358,1436.224853515625,466000,669280781.7382812
2000-06-22 00:00:00,1415.7800254755434,1469.4467773437498,1408.1133466372282,1469.44677734375,975000,1432710607.9101562
2000-06-23 00:00:00,1469.447017289519,1518.002657860825,1466.8914572594504,1487.3359375,1742000,2590939203.125
2000-06-26 00:00:00,1487.3358001708982,1492.4469197591145,1443.891283671061,1472.00244140625,435000,640321062.0117188
2000-06-27 00:00:00,1492.4463979360219,1523.1131047429265,1492.4463979360219,1512.890869140625,698000,1055997826.6601562
2000-06-28 00:00:00,1523.1136771754216,1584.4471138402037,1523.1136771754216,1553.7803955078125,847000,1316051994.9951172
2000-06-29 00:00:00,1579.3362670898437,1686.6697998046875,1574.2251464843748,1686.6697998046875,1302000,2196044079.345703
2000-06-30 00:00:00,1686.6692074046416,1742.8915143181296,1686.6692074046416,1737.7803955078125,1329000,2309510145.629883
2000-07-03 00:00:00,1661.1135780264476,1712.2247650426461,1635.5579845183483,1671.3358154296875,768000,1283585906.25
2000-07-04 00:00:00,1661.1139253995316,1671.336164940452,1569.11376953125,1569.11376953125,918000,1440446440.4296875
2000-07-05 00:00:00,1548.6692608297863,1604.8915772295475,1533.3359018116696,1538.447021484375,795000,1223065382.0800781
2000-07-06 00:00:00,1594.6693414652123,1625.3360595703125,1579.3359824126621,1625.3360595703125,817000,1327899560.6689453
2000-07-07 00:00:00,1650.8920827557965,1650.8920827557965,1579.336388766381,1584.447509765625,682000,1080593201.6601562
2000-07-10 00:00:00,1589.557811495624,1625.335640050188,1584.4466931306863,1615.1134033203125,605000,977143609.0087891
2000-07-11 00:00:00,1594.669256457019,1620.224853515625,1594.669256457019,1620.224853515625,263000,426119136.4746094
2000-07-12 00:00:00,1650.8916878405912,1671.3361669469764,1594.6693702980324,1656.0028076171875,780000,1291682189.9414062
2000-07-13 00:00:00,1635.558143028846,1635.558143028846,1569.113593468299,1594.669189453125,1066000,1699917355.9570312
2000-07-14 00:00:00,1574.224456400811,1620.2245216852502,1569.1133380358733,1615.1134033203125,661000,1067589959.5947266
2000-07-17 00:00:00,1615.1142357610888,1635.5587197580646,1579.336388766381,1584.447509765625,477000,755781462.1582031
2000-07-18 00:00:00,1584.4469599184781,1584.4469599184781,1449.002300441576,1469.44677734375,1778000,2612676370.1171875
2000-07-19 00:00:00,1584.4469599184781,1584.4469599184781,1449.002300441576,1469.44677734375,1778000,2612676370.1171875
2000-07-20 00:00:00,1469.4467773437498,1469.4467773437498,1469.4467773437498,1469.44677734375,0,0.0
2000-07-21 00:00:00,1523.1136624662583,1558.8915001751973,1507.7803034481417,1538.447021484375,873000,1343064249.7558594
2000-07-24 00:00:00,1538.4473762256187,1538.4473762256187,1510.336211543755,1523.114013671875,635000,967177398.6816406
2000-07-25 00:00:00,1533.336361744365,1558.8919677734375,1528.2252405385502,1558.8919677734375,446000,695265817.6269531
2000-07-26 00:00:00,1446.4467790907313,1456.6690178122205,1405.5578242047743,1428.557861328125,1202000,1717126549.3164062
2000-07-27 00:00:00,1443.8914169888317,1492.4470575601376,1443.8914169888317,1487.3359375,556000,826958781.25
2000-07-28 00:00:00,1446.446830681755,1469.446868625458,1426.0023525095746,1438.7801513671875,308000,443144286.62109375
2000-07-31 00:00:00,1397.8912532373224,1410.6690526270604,1387.669013725532,1395.335693359375,570000,795341345.2148438
2000-08-01 00:00:00,1428.557823539402,1474.5578965692935,1410.66890625,1469.44677734375,464000,681823304.6875
2000-08-02 00:00:00,1477.1136973797252,1487.3359375,1449.002537048969,1487.3359375,197000,293005179.6875
2000-08-03 00:00:00,1446.4466909959885,1446.4466909959885,1395.3355005014307,1423.4466552734375,510000,725957794.1894531
2000-08-04 00:00:00,1420.8913891906195,1461.7803500306372,1415.7802690856172,1433.669189453125,587000,841563814.2089844
2000-08-07 00:00:00,1472.0023344651952,1505.2246093749998,1454.1134172060695,1505.224609375,300000,451567382.8125
2000-08-08 00:00:00,1507.780486278045,1512.8916065705127,1456.6692833533655,1495.002685546875,256000,382720687.5
2000-08-09 00:00:00,1515.4471648970462,1569.1139279035183,1507.78048446755,1564.0028076171875,472000,738209325.1953125
2000-08-10 00:00:00,1512.8915931293177,1515.447153252847,1477.1137513999083,1479.6693115234375,367000,543038637.3291016
2000-08-11 00:00:00,1466.891684308148,1548.6696179281143,1466.891684308148,1523.114013671875,805000,1226106781.0058594
2000-08-14 00:00:00,1507.7802203276508,1548.6691754551803,1507.7802203276508,1515.4468994140625,204000,309151167.48046875
2000-08-15 00:00:00,1538.447036341617,1558.8915152298778,1523.1136771754216,1553.7803955078125,194000,301433396.7285156
2000-08-16 00:00:00,1543.5585937499998,1553.7808360927152,1530.780790821606,1543.55859375,257000,396694558.59375
2000-08-17 00:00:00,1523.1140724912334,1548.6696777343748,1518.002951442605,1548.669677734375,193000,298893247.8027344
2000-08-18 00:00:00,1523.1136624662583,1538.4470214843752,1512.8914231208473,1538.447021484375,359000,552302480.7128906
2000-08-21 00:00:00,1543.5581706789494,1569.11376953125,1538.4470509084892,1569.11376953125,342000,536636909.1796875
2000-08-22 00:00:00,1579.3355747657486,1615.1134033203125,1558.8911013059978,1615.1134033203125,477000,770409093.3837891
2000-08-23 00:00:00,1635.5582275390625,1635.5582275390625,1615.113749694824,1635.5582275390625,936000,1530882500.9765625
2000-08-24 00:00:00,1625.3360390988935,1666.2249960573563,1615.1137998592778,1645.780517578125,615000,1012155018.3105469
2000-08-25 00:00:00,1615.1137998592778,1661.1138764375485,1610.00268023947,1645.780517578125,518000,852514308.1054688
2000-08-28 00:00:00,1686.6692074046416,1742.8915143181296,1666.2247321633731,1737.7803955078125,1251000,2173963274.7802734
2000-08-29 00:00:00,1712.2247650426461,1712.2247650426461,1666.2246967280676,1671.3358154296875,737000,1231774495.9716797
2000-08-30 00:00:00,1650.8916169149013,1696.89169292801,1635.558258243865,1666.2249755859375,660000,1099708483.8867188
2000-08-31 00:00:00,1650.8916371979328,1727.5584314950504,1645.7805175781248,1645.780517578125,503000,827827600.3417969
2000-09-01 00:00:00,1645.7807459167677,1681.558588219306,1548.6694596670206,1579.336181640625,915000,1445092606.2011719
2000-09-04 00:00:00,1553.780798783003,1574.2252829775164,1533.33631458849,1548.669677734375,799000,1237387072.5097656
2000-09-05 00:00:00,1533.335747153072,1548.6691046246026,1502.6690322100105,1507.7801513671875,1383000,2085259949.3408203
2000-09-06 00:00:00,1507.780486278045,1533.3360877403848,1495.002685546875,1495.002685546875,437000,653316173.5839844
2000-09-07 00:00:00,1474.557808513192,1523.1134382562607,1474.557808513192,1518.0023193359375,484000,734713122.5585938
2000-09-08 00:00:00,1553.7807837701614,1584.4475097656252,1518.0029367754537,1584.447509765625,1918000,3038970323.7304688
2000-09-11 00:00:00,1610.003114761845,1610.003114761845,1497.5584527784779,1584.447509765625,669000,1059995384.0332031
2000-09-12 00:00:00,1584.4471020968456,1630.447179254496,1553.7803839917453,1625.3360595703125,1728000,2808580710.9375
2000-09-13 00:00:00,1645.7806937394744,1732.6697365766515,1640.6695735725816,1707.1141357421875,2413000,4119266409.5458984
2000-09-14 00:00:00,1732.669576434235,1732.669576434235,1671.3361401002799,1712.22509765625,1061000,1816670828.6132812
2000-09-15 00:00:00,1712.22509765625,1712.22509765625,1712.22509765625,1712.22509765625,0,0.0
2000-09-18 00:00:00,1707.114913213821,1737.7816481817338,1696.8926682245165,1717.337158203125,915000,1571363499.7558594
2000-09-19 00:00:00,1696.8920884160268,1748.0032958984373,1696.8920884160268,1748.0032958984375,761000,1330230508.178711
2000-09-20 00:00:00,1702.0031247787244,1737.7809682425413,1691.7808837890623,1691.7808837890625,757000,1280678129.0283203
2000-09-21 00:00:00,1712.2256333891644,1742.8923611513583,1702.0033908017663,1722.4478759765625,772000,1329729760.2539062
2000-09-22 00:00:00,1702.0031247787244,1722.4476067580483,1686.6697632942314,1691.7808837890625,334000,565054815.1855469
2000-09-25 00:00:00,1722.4474651834237,1788.892026154891,1712.2252250339673,1763.33642578125,953000,1680459613.7695312
2000-09-26 00:00:00,1712.07629505169,1717.2022719829824,1665.9425026700576,1696.6983642578125,360000,610811411.1328125
2000-09-27 00:00:00,1722.3285964439656,1814.5961998248922,1712.0766405127515,1783.84033203125,1193000,2128121516.1132812
2000-09-28 00:00:00,1758.2106891134508,1835.1003693953803,1753.084710427989,1768.462646484375,1035000,1830358839.1113281
2000-09-29 00:00:00,1794.0919221671097,1814.5958298490195,1747.9581298828125,1747.9581298828125,596000,1041783045.4101562
2000-10-02 00:00:00,1619.809069974923,1660.81689453125,1599.3051576967594,1660.81689453125,1140000,1893331259.765625
2000-10-03 00:00:00,1681.3214798196063,1763.3371617620262,1681.3214798196063,1758.211181640625,853000,1499754137.9394531
2000-10-04 00:00:00,1768.4626360212053,1804.3444866071427,1753.0847000558035,1794.092529296875,1038000,1862268045.4101562
2000-10-05 00:00:00,1742.8327636718748,1747.9587423885569,1717.2028700884648,1742.832763671875,419000,730246927.9785156
2000-10-06 00:00:00,1691.5730025128619,1712.076917694836,1671.069087330888,1681.321044921875,549000,923045253.6621094
2000-10-09 00:00:00,1681.3210449218748,1681.3210449218748,1681.3210449218748,1681.321044921875,0,0.0
2000-10-10 00:00:00,1640.3128662109375,1671.0687324523924,1599.305044555664,1640.3128662109375,959000,1573060038.696289
2000-10-11 00:00:00,1665.9427413021226,1706.9505626264827,1655.6907859710327,1701.8245849609375,500000,850912292.4804688
2000-10-12 00:00:00,1712.076913174716,1732.580828302557,1671.0690829190341,1691.572998046875,452000,764590995.1171875
2000-10-13 00:00:00,1640.3128662109375,1660.8167770385742,1624.9349330902098,1640.3128662109375,708000,1161341509.2773438
2000-10-16 00:00:00,1640.3128662109375,1640.3128662109375,1640.3128662109375,1640.3128662109375,0,0.0
2000-10-17 00:00:00,1640.3126216900312,1676.1944602895005,1630.0606678044685,1645.4385986328125,688000,1132061755.859375
2000-10-18 00:00:00,1635.1865234375,1681.3203125,1599.3046875,1676.1943359375,678000,1136459759.765625
2000-10-19 00:00:00,1727.4547137305851,1727.4547137305851,1681.3209083193826,1722.3287353515625,593000,1021340940.0634766
2000-10-20 00:00:00,1696.6982421875,1717.2021484375,1650.564453125,1676.1943359375,366000,613487126.953125
2000-10-23 00:00:00,1676.1943359375,1717.2021484375,1650.564453125,1706.9501953125,274000,467704353.515625
2000-10-24 00:00:00,1671.068603515625,1676.1945808270225,1645.4387169586369,1671.068603515625,370000,618295383.3007812
2000-10-25 00:00:00,1655.691041934564,1701.8248480565799,1640.313106560559,1650.5650634765625,370000,610709073.4863281
2000-10-26 00:00:00,1665.9427391554782,1712.0765380859377,1640.3128508607786,1712.0765380859375,294000,503350502.1972656
2000-10-27 00:00:00,1712.0765380859377,1712.0765380859377,1712.0765380859377,1712.0765380859375,0,0.0
2000-10-30 00:00:00,1686.4470192649148,1727.4548495205968,1676.1950617009945,1691.572998046875,335000,566676954.3457031
2000-10-31 00:00:00,1727.4547137305851,1727.4547137305851,1701.8248218354727,1722.3287353515625,327000,563201496.4599609
2000-11-01 00:00:00,1696.698361377097,1742.8321536804017,1681.3204306093287,1737.7061767578125,269000,467442961.54785156
2000-11-02 00:00:00,1737.706423071796,1747.9583783701548,1717.2025124750787,1727.4544677734375,388000,670252333.4960938
2000-11-03 00:00:00,1727.4544677734375,1727.4544677734375,1727.4544677734375,1727.4544677734375,0,0.0
2000-11-06 00:00:00,1701.824933938419,1742.8327636718748,1701.824933938419,1742.832763671875,492000,857473719.7265625
2000-11-07 00:00:00,1768.4625407627652,1768.4625407627652,1696.69884345645,1722.3287353515625,456000,785381903.3203125
2000-11-08 00:00:00,1696.6981215747435,1773.5877645464086,1696.6981215747435,1717.2020263671875,628000,1078402872.5585938
2000-11-09 00:00:00,1717.2021484375,1722.328125,1696.6982421875,1706.9501953125,259000,442100100.5859375
2000-11-10 00:00:00,1691.57272998469,1778.7143554687498,1691.57272998469,1778.71435546875,829000,1474554200.6835938
2000-11-13 00:00:00,1804.3441080729167,1870.9818166097004,1794.0921529134114,1845.3519287109375,1823000,3364076566.040039
2000-11-14 00:00:00,1845.3513223616803,1886.3591295252731,1835.099370570782,1876.107177734375,1598000,2998019270.0195312
2000-11-15 00:00:00,1850.4780314354923,1855.6040093619063,1819.7221638770077,1835.10009765625,883000,1620393386.2304688
2000-11-16 00:00:00,1845.3515625,1845.3515625,1783.83984375,1809.4697265625,444000,803404558.59375
2000-11-17 00:00:00,1819.7222798947153,1870.9820624269607,1814.5963016414908,1850.4781494140625,517000,956697203.2470703
2000-11-20 00:00:00,1814.596172830333,1896.6118190599525,1814.596172830333,1886.35986328125,643000,1212929392.0898438
2000-11-21 00:00:00,1835.099609375,1896.611328125,1835.099609375,1896.611328125,918000,1741089199.21875
2000-11-22 00:00:00,1896.611328125,1937.619140625,1876.107421875,1896.611328125,919000,1742985810.546875
2000-11-23 00:00:00,1896.611328125,1896.611328125,1896.611328125,1896.611328125,0,0.0
2000-11-24 00:00:00,1927.367916046627,1942.745851546999,1911.9899805462549,1937.619873046875,487000,943620878.1738281
2000-11-27 00:00:00,1927.3674329461899,1927.3674329461899,1876.1076607933658,1917.115478515625,601000,1152186402.5878906
2000-11-28 00:00:00,1870.9819296131964,1911.9897527280061,1860.729973834494,1886.35986328125,589000,1111065959.4726562
2000-11-29 00:00:00,1891.4858411706014,1927.36768639606,1886.35986328125,1886.35986328125,481000,907339094.2382812
2000-11-30 00:00:00,1886.3599660773025,1952.9976822702508,1886.3599660773025,1947.8717041015625,572000,1114182614.7460938
2000-12-01 00:00:00,1922.2408417732486,1958.1226708196828,1906.8629150390627,1906.8629150390625,540000,1029705974.1210938
2000-12-04 00:00:00,1881.2343697069784,1906.8642657520327,1870.9824112889567,1891.486328125,495000,936285732.421875
2000-12-05 00:00:00,1881.2337749064468,1891.4857300830488,1829.9739990234375,1829.9739990234375,956000,1749455143.0664062
2000-12-06 00:00:00,1804.3443569032484,1835.10022662319,1783.8404437566207,1814.5963134765625,832000,1509744132.8125
2000-12-07 00:00:00,1819.7220438468355,1829.9739990234375,1773.588245552127,1829.9739990234375,508000,929626791.5039062
2000-12-08 00:00:00,1819.7224333389943,1835.1003693953803,1758.2106891134508,1768.462646484375,2876000,5086098571.2890625
2000-12-11 00:00:00,1773.588584920805,1891.4860920109163,1773.588584920805,1870.982177734375,786000,1470591991.6992188
2000-12-12 00:00:00,1896.611950246427,1911.989884978155,1860.7301025390623,1860.7301025390625,574000,1068059078.8574219
2000-12-13 00:00:00,1870.981201838926,1942.7448643752134,1799.2175393026382,1876.107177734375,998000,1872354963.3789062
2000-12-14 00:00:00,1881.2338853918989,1911.9897527280061,1870.9819296131964,1886.35986328125,639000,1205383952.6367188
2000-12-15 00:00:00,1881.2333984375,1917.115234375,1819.7216796875,1896.611328125,459000,870544599.609375
2000-12-18 00:00:00,1845.351680950977,1901.7374267578123,1845.351680950977,1901.7374267578125,535000,1017429523.3154297
2000-12-19 00:00:00,1876.1080565019088,1876.1080565019088,1799.2183820551093,1804.3443603515625,560000,1010432841.796875
2000-12-20 00:00:00,1794.0924003299347,1876.1080529164458,1788.9664220432776,1814.5963134765625,645000,1170414622.1923828
2000-12-21 00:00:00,1799.2182521713512,1860.7299872883204,1717.2026053487255,1835.10009765625,916000,1680951689.453125
2000-12-22 00:00:00,1829.974349181293,1886.3601134417809,1799.2184777664813,1870.982177734375,859000,1607173690.6738281
2000-12-25 00:00:00,1896.6115677325097,1932.4934082031248,1896.6115677325097,1932.493408203125,435000,840634632.5683594
2000-12-26 00:00:00,1922.2415685653684,1968.3753662109373,1922.2415685653684,1968.3753662109375,354000,696804879.6386719
2000-12-27 00:00:00,1968.375703125,2050.391357421875,1958.1237463378907,2050.391357421875,749000,1535743126.7089844
2000-12-28 00:00:00,2045.2650174227629,2045.2650174227629,1988.879265062737,2029.8870849609375,433000,878941107.7880859
2000-12-29 00:00:00,2045.2653790283205,2050.391357421875,1999.131573486328,2050.391357421875,230000,471590012.20703125
2001-01-01 00:00:00,2050.391357421875,2050.391357421875,2050.391357421875,2050.391357421875,0,0.0
2001-01-02 00:00:00,2050.391357421875,2050.391357421875,2050.391357421875,2050.391357421875,0,0.0
2001-01-03 00:00:00,2050.391357421875,2050.391357421875,2050.391357421875,2050.391357421875,0,0.0
2001-01-04 00:00:00,1968.3751236807389,1973.501100565324,1881.2335166427893,1942.7452392578125,441000,856750650.5126953
2001-01-05 00:00:00,1788.966311408051,1814.5962012563039,1753.084465620497,1778.71435546875,2099000,3733521432.1289062
2001-01-08 00:00:00,1778.7143554687498,1778.7143554687498,1778.7143554687498,1778.71435546875,0,0.0
2001-01-09 00:00:00,1742.8321529623352,1778.7139914056775,1717.2022683599478,1747.9581298828125,885000,1546942944.946289
2001-01-10 00:00:00,1727.4553009122176,1768.4631418834274,1722.3293207908164,1758.211181640625,545000,958225093.9941406
2001-01-11 00:00:00,1732.5807168210624,1732.5807168210624,1630.061147778396,1655.6910400390625,982000,1625888601.3183594
2001-01-12 00:00:00,1655.6909598214286,1655.6909598214286,1524.978515625,1524.978515625,1993000,3039282181.640625
2001-01-15 00:00:00,1589.053486198779,1619.809360125207,1537.793696321399,1548.045654296875,772000,1195091245.1171875
2001-01-16 00:00:00,1548.0450464197106,1548.0450464197106,1491.6592996958138,1517.2891845703125,791000,1200175744.9951172
2001-01-17 00:00:00,1537.7933197508987,1604.4310302734375,1527.5413642858925,1604.4310302734375,711000,1140750462.524414
2001-01-18 00:00:00,1537.793336185723,1537.793336185723,1512.1634472492944,1532.6673583984375,975000,1494350674.4384766
2001-01-19 00:00:00,1450.6516054350752,1501.9113794787174,1450.6516054350752,1486.533447265625,3295000,4898127708.740234
2001-01-22 00:00:00,1507.0372270427767,1573.6749275582736,1463.466422859567,1563.4229736328125,2019000,3156550983.7646484
2001-01-23 00:00:00,1558.2973585097718,1589.053227427728,1542.9194240507939,1573.67529296875,1140000,1793989833.984375
2001-01-24 00:00:00,1583.9270092773438,1583.9270092773438,1537.793212890625,1537.793212890625,704000,1082606421.875
2001-01-25 00:00:00,1524.978282192297,1524.978282192297,1458.340575743558,1460.903564453125,2558000,3736991317.8710938
2001-01-26 00:00:00,1481.407348421983,1496.7852793744603,1471.1553944536647,1483.9703369140625,949000,1408287849.7314453
2001-01-29 00:00:00,1504.4746068922138,1512.16357421875,1489.0966722391418,1512.16357421875,1002000,1515187901.3671875
2001-01-30 00:00:00,1512.1630859375,1512.1630859375,1486.533203125,1496.78515625,759000,1136059933.59375
2001-01-31 00:00:00,1499.3486286745233,1512.16357421875,1494.2226504568325,1512.16357421875,650000,982906323.2421875
2001-02-01 00:00:00,1499.3486344875644,1507.0376018439108,1476.2817324185248,1494.22265625,661000,987681175.78125
2001-02-02 00:00:00,1501.9113757096245,1512.1633304926254,1496.785398318124,1509.600341796875,668000,1008413028.3203125
2001-02-05 00:00:00,1514.7264361429372,1553.1712695475803,1509.6004583556514,1532.6673583984375,2542000,3896040425.048828
2001-02-06 00:00:00,1573.675771799395,1609.5576297883065,1558.2978326612902,1589.0537109375,2088000,3317944148.4375
2001-02-07 00:00:00,1604.431035014032,1609.5570127616807,1573.67516852814,1583.9271240234375,2180000,3452961130.3710938
2001-02-08 00:00:00,1583.9267578125,1599.3046875,1573.6748046875,1594.1787109375,1007000,1605337961.9140625
2001-02-09 00:00:00,1645.4383521670388,1660.8162806919643,1599.304566592262,1614.6824951171875,2883000,4655129633.422852
2001-02-12 00:00:00,1614.6824951171875,1614.6824951171875,1614.6824951171875,1614.6824951171875,0,0.0
2001-02-13 00:00:00,1665.9421317185029,1665.9421317185029,1614.6823738194719,1619.808349609375,1979000,3205600723.876953
2001-02-14 00:00:00,1614.6832124219961,1655.6910400390625,1609.5572339698626,1655.6910400390625,1805000,2988522327.270508
2001-02-15 00:00:00,1650.5645755755938,1665.9425064039378,1635.1866447472498,1645.4385986328125,1450000,2385885968.017578
2001-02-16 00:00:00,1640.3127569901314,1640.3127569901314,1535.2302209954512,1558.297119140625,1255000,1955662884.5214844
2001-02-19 00:00:00,1535.230224202474,1573.6750545247396,1535.230224202474,1537.793212890625,731000,1124126838.6230469
2001-02-20 00:00:00,1542.919313973009,1558.2972473348661,1519.852413930223,1532.6673583984375,817000,1252189231.8115234
2001-02-21 00:00:00,1553.1713957457982,1573.6753085609243,1519.8525374212186,1524.978515625,1091000,1663751560.546875
2001-02-22 00:00:00,1548.045042744621,1594.1788354091957,1537.79308881916,1563.4229736328125,793000,1239794418.0908203
2001-02-23 00:00:00,1512.1633272155045,1553.171146258637,1481.4074629331553,1530.104248046875,993000,1519393518.3105469
2001-02-26 00:00:00,1512.1634472492944,1548.0452917602945,1512.1634472492944,1532.6673583984375,935000,1433043980.102539
2001-02-27 00:00:00,1522.4152807617188,1563.4230997721354,1519.8522920735677,1537.793212890625,818000,1257914848.1445312
2001-02-28 00:00:00,1553.1712695475803,1568.5492029094376,1522.4154028238659,1532.6673583984375,800000,1226133886.71875
2001-03-01 00:00:00,1532.6674829306723,1548.0454175420168,1514.726559217437,1524.978515625,975000,1486854052.734375
2001-03-02 00:00:00,1512.1638146540367,1535.2307203013017,1491.6598985231346,1519.852783203125,1329000,2019884348.8769531
2001-03-05 00:00:00,1517.2893070537227,1527.5412618311127,1489.0964314159,1514.726318359375,703000,1064852601.8066406
2001-03-06 00:00:00,1491.6595484327695,1499.3485151772682,1473.7186260289388,1481.4075927734375,1517000,2247295318.2373047
2001-03-07 00:00:00,1448.08837890625,1460.9033203125,1373.76171875,1419.8955078125,2179000,3093952311.5234375
2001-03-08 00:00:00,1399.3918404527892,1453.2146035471271,1391.702874296455,1430.147705078125,1810000,2588567346.1914062
2001-03-09 00:00:00,1427.5853180419488,1458.341195629926,1419.8963486449543,1442.9632568359375,4301000,6206184967.651367
2001-03-12 00:00:00,1442.9626460515017,1466.0295444786127,1430.1477024808844,1445.525634765625,1382000,1997716427.2460938
2001-03-13 00:00:00,1460.9039494271303,1496.7858008165686,1404.518182958013,1417.3331298828125,2082000,2950887576.4160156
2001-03-14 00:00:00,1417.3331298828125,1417.3331298828125,1417.3331298828125,1417.3331298828125,0,0.0
2001-03-15 00:00:00,1435.273677357456,1483.970462839227,1425.0217225191884,1460.903564453125,956000,1396623807.6171875
2001-03-16 00:00:00,1501.9114916747228,1542.919313973009,1486.5335583128656,1532.6673583984375,900000,1379400622.5585938
2001-03-19 00:00:00,1537.7928521223128,1624.9344470759104,1537.7928521223128,1609.5565185546875,1411000,2271084247.680664
2001-03-20 00:00:00,1609.5565185546873,1609.5565185546873,1609.5565185546873,1609.5565185546875,0,0.0
2001-03-21 00:00:00,1619.8089197293134,1829.9740010865976,1604.430986947073,1819.7220458984375,2302000,4189000149.658203
2001-03-22 00:00:00,1794.0919232791696,1819.7218078974436,1717.202269424348,1732.5802001953125,2413000,4180716023.071289
2001-03-23 00:00:00,1706.9500739709654,1742.8319073577425,1660.8162881879664,1717.2020263671875,1651000,2835100545.5322266
2001-03-26 00:00:00,1691.5726149013278,1773.5882568359377,1645.4388163131098,1773.5882568359375,865000,1534153842.163086
2001-03-27 00:00:00,1749.4052734375,1764.841202320772,1697.9521771599264,1749.4052734375,593000,1037397327.1484375
2001-03-28 00:00:00,1672.2259613961883,1718.5337572502367,1672.2259613961883,1697.9525146484375,779000,1322705008.9111328
2001-03-29 00:00:00,1677.3708958189568,1713.3880622935972,1620.772491358808,1631.0631103515625,622000,1014521254.6386719
2001-03-30 00:00:00,1620.7725994403547,1697.9522470327524,1605.3366699218752,1605.336669921875,664000,1065943548.828125
2001-04-02 00:00:00,1656.7902446131552,1682.5168012065271,1595.0465087890625,1595.0465087890625,496000,791143068.359375
2001-04-03 00:00:00,1672.2259613961883,1723.6790679006865,1656.7900294448389,1697.9525146484375,649000,1101971182.006836
2001-04-04 00:00:00,1682.5164505709135,1708.2430018028847,1631.0633481069713,1672.225830078125,581000,971563207.2753906
2001-04-05 00:00:00,1749.4056211529355,1764.841553104285,1682.5165826970879,1697.9525146484375,759000,1288745958.618164
2001-04-06 00:00:00,1672.2258300781252,1697.9523813100964,1646.499278846154,1672.225830078125,500000,836112915.0390625
2001-04-09 00:00:00,1672.225694656372,1672.225694656372,1625.9179061889647,1646.4991455078125,457000,752450109.4970703
2001-04-10 00:00:00,1672.2261568989616,1672.2261568989616,1574.4652431110223,1610.482421875,827000,1331868962.890625
2001-04-11 00:00:00,1584.7558861517136,1620.7730653824344,1559.0293295583417,1595.0465087890625,841000,1341434113.8916016
2001-04-12 00:00:00,1574.4646452356558,1605.3365010245902,1559.0287173411887,1569.3193359375,819000,1285272536.1328125
2001-04-13 00:00:00,1595.0460502428887,1615.6272896008616,1579.6101207244092,1605.336669921875,1308000,2099780364.2578125
2001-04-16 00:00:00,1631.063219119341,1631.063219119341,1589.9007404033955,1605.336669921875,421000,675846738.0371094
2001-04-17 00:00:00,1595.04623611252,1600.1915465515929,1569.319683917157,1584.755615234375,516000,817733897.4609375
2001-04-18 00:00:00,1589.9007568359375,1595.0460667286104,1548.738277694554,1589.9007568359375,1415000,2249709570.9228516
2001-04-19 00:00:00,1595.0460368103625,1605.3366564026874,1569.31948782955,1579.610107421875,1560000,2464191767.578125
2001-04-20 00:00:00,1600.1912533732993,1636.2084198479395,1574.4647058914136,1631.0631103515625,832000,1357044507.8125
2001-04-23 00:00:00,1610.4819797613684,1641.3538387983274,1579.6101207244092,1605.336669921875,987000,1584467293.2128906
2001-04-24 00:00:00,1615.6268432224679,1615.6268432224679,1574.4643758792201,1600.19091796875,453000,724886485.8398438
2001-04-25 00:00:00,1600.1908504078224,1646.4986242138366,1595.045542207154,1636.2080078125,959000,1569123479.4921875
2001-04-26 00:00:00,1600.1908504078224,1646.4986242138366,1595.045542207154,1636.2080078125,959000,1569123479.4921875
2001-04-27 00:00:00,1636.2084198479395,1656.7896578334482,1600.1912533732993,1631.0631103515625,375000,611648666.3818359
2001-04-30 00:00:00,1631.0631103515623,1631.0631103515623,1631.0631103515623,1631.0631103515625,0,0.0
2001-05-01 00:00:00,1656.7898413161993,1656.7898413161993,1610.482050720405,1651.64453125,470000,776272929.6875
2001-05-02 00:00:00,1610.4824427450856,1625.9183767011089,1564.174640877016,1595.0465087890625,1025000,1634922671.508789
2001-05-03 00:00:00,1595.0465087890625,1595.0465087890625,1595.0465087890625,1595.0465087890625,0,0.0
2001-05-04 00:00:00,1595.0465087890625,1595.0465087890625,1595.0465087890625,1595.0465087890625,0,0.0
2001-05-07 00:00:00,1595.0464881190094,1615.6277331269966,1564.1746206070286,1610.482421875,8940,14397712.8515625
2001-05-08 00:00:00,1584.7556152343748,1595.04623611252,1569.319683917157,1584.755615234375,5930,9397600.798339844
2001-05-09 00:00:00,1564.1741780333878,1579.610107421875,1553.8835584410629,1579.610107421875,7540,11910260.209960938
2001-05-10 00:00:00,1579.610554363019,1615.6277331269966,1579.610554363019,1610.482421875,7230,11643787.91015625
2001-05-11 00:00:00,1625.918098746956,1625.918098746956,1569.319683917157,1584.755615234375,11900,18858591.821289062
2001-05-14 00:00:00,1589.9009256734475,1589.9009256734475,1559.0290630390116,1584.755615234375,3250,5150455.749511719
2001-05-15 00:00:00,1584.7554469432646,1595.0460667286104,1569.3195172652456,1589.9007568359375,327000,519897547.48535156
2001-05-16 00:00:00,1589.9010201248468,1595.0463308695873,1569.3197771458842,1574.465087890625,557000,876977053.9550781
2001-05-17 00:00:00,1574.464925402383,1574.464925402383,1535.8750987993833,1538.44775390625,1383000,2127673243.6523438
2001-05-18 00:00:00,1543.593100069326,1548.7384104028904,1492.1399967336818,1507.575927734375,1424000,2146788121.09375
2001-05-21 00:00:00,1543.5932146750417,1559.029146821792,1538.4479039594582,1548.738525390625,964000,1492983938.4765625
2001-05-22 00:00:00,1574.4648955374053,1574.4648955374053,1515.2938292018491,1528.1571044921875,524000,800754322.7539062
2001-05-23 00:00:00,1520.4392246963955,1559.029052734375,1515.2939142913315,1559.029052734375,738000,1150563440.9179688
2001-05-24 00:00:00,1553.8832639929367,1559.0285728141055,1486.994249317744,1502.43017578125,1093000,1642156182.1289062
2001-05-25 00:00:00,1481.8495065789475,1492.1401281524124,1466.4135742187502,1466.41357421875,868000,1272846982.421875
2001-05-28 00:00:00,1476.7039626549029,1499.857857539736,1476.7039626549029,1492.139892578125,463000,690860770.2636719
2001-05-29 00:00:00,1492.1399390408737,1512.7211795793687,1481.8493187716265,1486.99462890625,434000,645355668.9453125
2001-05-30 00:00:00,1507.5758926238502,1538.44775390625,1507.5758926238502,1538.44775390625,552000,849223160.15625
2001-05-31 00:00:00,1517.8666240666187,1530.7299005417594,1497.2853817063933,1512.7213134765625,722000,1092184788.3300781
2001-06-01 00:00:00,1528.1567198870935,1528.1567198870935,1476.7036316754068,1502.43017578125,541000,812814725.0976562
2001-06-04 00:00:00,1502.4300985958978,1507.575407152733,1492.1394814822272,1497.2847900390625,453000,678270009.8876953
2001-06-05 00:00:00,1486.9949652968476,1486.9949652968476,1463.841064453125,1463.841064453125,763000,1116910732.1777344
2001-06-06 00:00:00,1471.5586101410665,1474.1312650539007,1445.8320610127264,1456.1226806640625,723000,1052776698.1201172
2001-06-07 00:00:00,1450.9773708383943,1463.8406454025646,1440.6867511870582,1456.1226806640625,642000,934830760.9863281
2001-06-08 00:00:00,1445.832054314979,1461.2679837204769,1438.11408961223,1443.2593994140625,2860000,4127721882.3242188
2001-06-11 00:00:00,1448.404755675942,1461.268030593135,1425.2508608249943,1438.1141357421875,682000,980793840.5761719
2001-06-12 00:00:00,1420.1055013020832,1432.9687757703991,1389.233642578125,1389.233642578125,874000,1214190203.6132812
2001-06-13 00:00:00,1391.806836656883,1414.9607396696592,1384.0888689859576,1396.9521484375,784000,1095210484.375
2001-06-14 00:00:00,1394.3793998386548,1420.1059570312498,1384.0887769616168,1420.10595703125,426000,604965137.6953125
2001-06-15 00:00:00,1427.823447230872,1448.4046861098757,1409.8148632117438,1445.83203125,793000,1146544800.78125
2001-06-18 00:00:00,1425.2508608249943,1440.6867907256262,1417.5328958746786,1438.1141357421875,660000,949155329.5898438
2001-06-19 00:00:00,1438.1140066380835,1445.831970895533,1348.0710903011732,1384.0882568359375,886000,1226302195.5566406
2001-06-20 00:00:00,1384.0880939291535,1432.96852847312,1373.7974761304238,1430.3958740234375,624000,892567025.390625
2001-06-21 00:00:00,1409.8145402238174,1430.3957743876688,1399.5239231418918,1427.8231201171875,686000,979486660.4003906
2001-06-22 00:00:00,1427.8241692077524,1427.8241692077524,1394.3796391182016,1407.242919921875,804000,1131423307.6171875
2001-06-25 00:00:00,1391.806205749512,1407.2421340942385,1391.806205749512,1399.524169921875,471000,659175884.0332031
2001-06-26 00:00:00,1399.523770700998,1417.5323486328125,1399.523770700998,1417.5323486328125,462000,654899945.0683594
2001-06-27 00:00:00,1414.9603840270777,1445.832246951305,1414.9603840270777,1435.5416259765625,727000,1043638762.0849609
2001-06-28 00:00:00,1435.5410829286316,1438.113737199113,1396.9512688714103,1427.8231201171875,656000,936651966.796875
2001-06-29 00:00:00,1448.404755675942,1450.9774106593807,1414.96024089124,1438.1141357421875,830000,1193634732.6660156
2001-07-02 00:00:00,1417.5323486328125,1438.1135805548859,1409.8143866620348,1417.5323486328125,370000,524486968.9941406
2001-07-03 00:00:00,1435.5410829286316,1438.113737199113,1417.5325030352617,1427.8231201171875,492000,702488975.0976562
2001-07-04 00:00:00,1407.2422972950853,1414.9602623625174,1381.5157470703125,1381.5157470703125,576000,795753070.3125
2001-07-05 00:00:00,1381.5158925981661,1394.3791690655607,1371.2252714242506,1378.9432373046875,504000,694987391.6015625
2001-07-06 00:00:00,1420.1053154938413,1420.1053154938413,1399.524079037409,1409.814697265625,1023000,1442240435.3027344
2001-07-09 00:00:00,1414.9601955039827,1445.832054314979,1399.5242660984848,1443.2593994140625,1021000,1473567846.8017578
2001-07-10 00:00:00,1456.1229526452853,1476.704195792215,1432.9690541049893,1466.41357421875,1080000,1583726660.15625
2001-07-11 00:00:00,1445.8320312500002,1466.4132701290036,1440.6867215302493,1445.83203125,913000,1320044644.53125
2001-07-12 00:00:00,1461.2683267644748,1461.2683267644748,1430.3964607060702,1432.9691162109375,562000,805328643.3105469
2001-07-13 00:00:00,1389.2337472098216,1412.387642996652,1389.2337472098216,1404.669677734375,1446000,2031152354.0039062
2001-07-16 00:00:00,1404.6694948558027,1414.9601138657354,1368.6523283210386,1384.0882568359375,780000,1079588840.3320312
2001-07-17 00:00:00,1371.2251964097613,1391.8064376316715,1371.2251964097613,1373.7978515625,399000,548145342.7734375
2001-07-18 00:00:00,1381.515453681435,1391.8060715859524,1342.9256365394956,1345.498291015625,752000,1011814714.84375
2001-07-19 00:00:00,1366.080078125,1396.9519442973162,1366.080078125,1366.080078125,1044000,1426187601.5625
2001-07-20 00:00:00,1366.080078125,1366.080078125,1366.080078125,1366.080078125,0,0.0
2001-07-23 00:00:00,1366.0797982051454,1371.2251081795528,1324.9173184098868,1342.9259033203125,920000,1235491831.0546875
2001-07-24 00:00:00,1335.2073392056002,1348.0706083694308,1296.617531714109,1299.190185546875,1484000,1927998235.3515625
2001-07-25 00:00:00,1317.1993408203125,1335.2079255580902,1309.4813759326935,1317.1993408203125,1148000,1512144843.2617188
2001-07-26 00:00:00,1337.7808613679847,1337.7808613679847,1258.0285407864317,1260.6011962890625,2267000,2857782911.9873047
2001-07-27 00:00:00,1281.1825455534245,1327.4903484047531,1276.037234125499,1288.9005126953125,2896000,3732655884.765625
2001-07-30 00:00:00,1306.9084608830303,1306.9084608830303,1288.8998797291304,1291.4725341796875,781000,1008640049.1943359
2001-07-31 00:00:00,1332.6352375991473,1348.0711669921877,1312.0539984084269,1348.0711669921875,875000,1179562271.118164
2001-08-01 00:00:00,1332.6354700229513,1337.7807807180204,1312.054227242674,1322.3448486328125,568000,751091874.0234375
2001-08-02 00:00:00,1348.0709629309333,1378.9428170438555,1348.0709629309333,1371.224853515625,863000,1183367048.5839844
2001-08-03 00:00:00,1363.5069580078127,1371.2249219210644,1337.7804116303068,1363.5069580078125,422000,575399936.2792969
2001-08-06 00:00:00,1363.5069580078127,1368.652267283314,1355.7889940945608,1363.5069580078125,516000,703569590.3320312
2001-08-07 00:00:00,1371.2257336715893,1420.1062007255484,1368.6530775108547,1407.242919921875,1039000,1462125393.7988281
2001-08-08 00:00:00,1386.6611217361767,1396.9517423056473,1358.3619151701323,1360.9345703125,594000,808395134.765625
2001-08-09 00:00:00,1353.216510295868,1371.2250950336456,1306.9087209701538,1317.1993408203125,528000,695481251.953125
2001-08-10 00:00:00,1296.6181135506465,1363.5071432179418,1296.6181135506465,1342.9259033203125,854000,1146858721.4355469
2001-08-13 00:00:00,1363.507035129754,1363.507035129754,1301.7633203314256,1327.4898681640625,510000,677019832.7636719
2001-08-14 00:00:00,1363.5072872823455,1409.8150819447646,1363.5072872823455,1394.379150390625,611000,851965660.8886719
2001-08-15 00:00:00,1404.6694948558027,1404.6694948558027,1373.7976378260048,1384.0882568359375,390000,539794420.1660156
2001-08-16 00:00:00,1399.524951439671,1425.2515130470179,1384.0890144752627,1407.242919921875,1264000,1778755050.78125
2001-08-17 00:00:00,1420.1052926485654,1438.1138742582393,1386.6607839448855,1412.3873291015625,729000,1029630362.9150391
2001-08-20 00:00:00,1391.8064951316017,1407.2424266857413,1384.0885293545318,1394.379150390625,669000,932839651.6113281
2001-08-21 00:00:00,1414.9601955039827,1448.404709215895,1414.9601955039827,1443.2593994140625,1050000,1515422369.3847656
2001-08-22 00:00:00,1471.5587553994242,1517.866548401504,1471.5587553994242,1507.575927734375,1675000,2525189678.955078
2001-08-23 00:00:00,1476.7035745007897,1476.7035745007897,1407.241908104411,1425.25048828125,904000,1288426441.40625
2001-08-24 00:00:00,1486.9946521778866,1489.5673072854609,1448.4048255642736,1484.4219970703125,779000,1156364735.7177734
2001-08-27 00:00:00,1481.8491992882564,1481.8491992882564,1435.5414118104984,1445.83203125,680000,983165781.25
2001-08-28 00:00:00,1445.8320449082166,1479.2765584025349,1445.8320449082166,1471.55859375,1056000,1553965875.0
2001-08-29 00:00:00,1484.4215726412258,1528.1566969651442,1484.4215726412258,1505.0028076171875,1169000,1759348282.1044922
2001-08-30 00:00:00,1505.0028929839264,1525.5841291272964,1492.1396203943202,1523.011474609375,1561000,2377420911.8652344
2001-08-31 00:00:00,1507.5755388562075,1530.7294293847158,1497.284920843537,1510.148193359375,1076000,1624919456.0546875
2001-09-03 00:00:00,1474.1315403988488,1481.8495065789475,1450.9776418585527,1466.41357421875,924000,1354966142.578125
2001-09-04 00:00:00,1445.8323937352725,1453.5503602498736,1399.524594647666,1432.9691162109375,1361000,1950270967.163086
2001-09-05 00:00:00,1412.38760734004,1412.38760734004,1378.943092047835,1381.5157470703125,1672000,2309894329.1015625
2001-09-06 00:00:00,1422.6779106743902,1456.122418520262,1404.6693295266132,1430.3958740234375,777000,1111417594.116211
2001-09-07 00:00:00,1430.3958160183954,1463.8403225080342,1394.3786551833998,1450.97705078125,586000,850272551.7578125
2001-09-10 00:00:00,1430.3968253684873,1461.2686992973036,1407.242919921875,1407.242919921875,583000,820422622.3144531
2001-09-11 00:00:00,1407.2421340942385,1422.678062438965,1394.378860473633,1399.524169921875,358000,501029652.83203125
2001-09-12 00:00:00,1296.6181584284857,1371.2251556396484,1296.6181584284857,1337.7806396484375,507000,678254784.3017578
2001-09-13 00:00:00,1342.925780796207,1389.2335663409037,1342.925780796207,1384.0882568359375,884000,1223534019.0429688
2001-09-14 00:00:00,1425.2510879248905,1466.4135742187502,1404.6698447779606,1466.41357421875,1523000,2233347873.5351562
2001-09-17 00:00:00,1438.1142177196818,1438.1142177196818,1394.3790805081708,1402.0970458984375,506000,709461105.2246094
2001-09-18 00:00:00,1422.6782145491136,1432.9688345458521,1355.7891845703125,1355.7891845703125,598000,810761932.3730469
2001-09-19 00:00:00,1358.3615809685741,1414.959980175598,1358.3615809685741,1371.224853515625,629000,862500432.8613281
2001-09-20 00:00:00,1384.0881951098174,1425.2506693138268,1363.5069580078127,1363.5069580078125,649000,884916015.7470703
2001-09-21 00:00:00,1363.5074689746957,1474.1316598537746,1360.9348133728565,1453.5504150390625,1265000,1838741275.024414
2001-09-24 00:00:00,1453.5504150390623,1453.5504150390623,1453.5504150390623,1453.5504150390625,0,0.0
2001-09-25 00:00:00,1491.2843071687305,1491.2843071687305,1452.5160842787288,1457.6851806640625,817000,1190928792.602539
2001-09-26 00:00:00,1437.0087951227283,1457.6851806640625,1424.0860541593943,1457.6851806640625,537000,782776942.0166016
2001-09-27 00:00:00,1452.5159074113176,1473.1922904349663,1411.1631413640202,1434.424072265625,988000,1417210983.3984375
2001-09-28 00:00:00,1434.424072265625,1434.424072265625,1434.424072265625,1434.424072265625,0,0.0
2001-10-01 00:00:00,1493.8688099482288,1514.5451948610068,1462.8542325790613,1509.3760986328125,727000,1097316423.7060547
2001-10-02 00:00:00,1514.5453036949282,1586.9126560899076,1491.2843689965418,1576.574462890625,1267000,1997519844.4824219
2001-10-03 00:00:00,1576.5748596191404,1592.0821533203123,1524.8838806152341,1592.0821533203125,857000,1364414405.3955078
2001-10-04 00:00:00,1586.9130554199216,1592.0821533203123,1566.2366638183591,1592.0821533203125,559000,889973923.7060547
2001-10-05 00:00:00,1581.7434660259046,1592.0816586143092,1530.0525030838814,1571.4052734375,816000,1282266703.125
2001-10-08 00:00:00,1571.4052734374998,1571.4052734374998,1571.4052734374998,1571.4052734375,0,0.0
2001-10-09 00:00:00,1535.2216623374047,1535.2216623374047,1522.2989210719384,1527.468017578125,650000,992854211.4257812
2001-10-10 00:00:00,1511.9610605995733,1532.6374511718752,1501.6228653134224,1532.637451171875,1141000,1748739331.7871094
2001-10-11 00:00:00,1548.1443401135896,1576.574369731702,1540.390695672286,1571.4052734375,791000,1242981571.2890625
2001-10-12 00:00:00,1576.5747811380165,1576.5747811380165,1496.453767670347,1532.637451171875,1522000,2332674200.6835938
2001-10-15 00:00:00,1491.2842618341315,1561.067060914758,1488.6997137200342,1509.3760986328125,607000,916191291.8701172
2001-10-16 00:00:00,1540.390695672286,1597.2507549085115,1540.390695672286,1571.4052734375,822000,1291695134.765625
2001-10-17 00:00:00,1586.9128389767686,1586.9128389767686,1555.8982558045843,1566.2364501953125,695000,1088534332.8857422
2001-10-18 00:00:00,1576.5743926695757,1602.419874516618,1545.559814453125,1545.559814453125,773000,1194717736.5722656
2001-10-19 00:00:00,1566.2365141933403,1602.4201960393912,1555.898319380183,1597.2510986328125,827000,1320926658.569336
2001-10-22 00:00:00,1597.2510986328125,1602.4201960393912,1586.912903819655,1597.2510986328125,512000,817792562.5
2001-10-23 00:00:00,1602.4200145071345,1617.9273049701067,1602.4200145071345,1607.589111328125,920000,1478981982.421875
2001-10-24 00:00:00,1607.5890424884733,1612.7581390881146,1561.0671730917006,1576.574462890625,892000,1406304420.8984375
2001-10-25 00:00:00,1576.5746209560295,1617.9273978991384,1576.5746209560295,1612.75830078125,1222000,1970790643.5546875
2001-10-26 00:00:00,1612.7577287946428,1643.7723005022322,1602.4195382254463,1628.2650146484375,1284000,2090692278.8085938
2001-10-29 00:00:00,1628.2656194332758,1638.6038138423758,1586.912841796875,1586.912841796875,326000,517333586.42578125
2001-10-30 00:00:00,1592.082243410543,1623.0968325678914,1586.9131452176518,1617.927734375,780000,1261983632.8125
2001-10-31 00:00:00,1607.5895379892172,1643.7732253394568,1607.5895379892172,1617.927734375,516000,834850710.9375
2001-11-01 00:00:00,1633.4349365234373,1633.4349365234373,1586.9130554199216,1592.0821533203125,653000,1039629646.1181641
2001-11-02 00:00:00,1602.4198512027137,1612.7580437911183,1561.0670808490952,1571.4052734375,527000,828130579.1015625
2001-11-05 00:00:00,1586.9132587515653,1586.9132587515653,1540.391371687187,1548.14501953125,723000,1119308849.1210938
2001-11-06 00:00:00,1537.8062347044429,1537.8062347044429,1483.5307205384038,1501.62255859375,1631000,2449146393.0664062
2001-11-07 00:00:00,1504.2070720108695,1524.8834578804347,1478.361589673913,1486.115234375,1330000,1976533261.71875
2001-11-08 00:00:00,1522.298834872605,1555.8979602602858,1517.129738659116,1542.9752197265625,1397000,2155536381.958008
2001-11-09 00:00:00,1542.9752197265625,1542.9752197265625,1542.9752197265625,1542.9752197265625,0,0.0
2001-11-12 00:00:00,1524.8836777817646,1535.2218722074037,1491.2845458984377,1491.2845458984375,402000,599496387.4511719
2001-11-13 00:00:00,1491.2845458984377,1509.376386143306,1486.115448685618,1491.2845458984375,873000,1301891408.569336
2001-11-14 00:00:00,1493.869170718723,1506.7919144100615,1486.11552450392,1488.7000732421875,699000,1040601351.1962891
2001-11-15 00:00:00,1522.2991240347178,1566.2364501953125,1499.0381866555795,1566.2364501953125,598000,936609397.2167969
2001-11-16 00:00:00,1571.4057002793872,1592.0820910725372,1545.56021178795,1561.0675048828125,1065000,1662536892.7001953
2001-11-19 00:00:00,1545.5596638997397,1586.912430826823,1522.2987325032552,1550.728759765625,833000,1291757056.8847656
2001-11-20 00:00:00,1571.4057617187498,1607.5894470214841,1571.4057617187498,1592.0821533203125,755000,1202022025.756836
2001-11-21 00:00:00,1571.4058506389777,1633.4350289536742,1566.2367524460863,1617.927734375,1430000,2313636660.15625
2001-11-22 00:00:00,1612.7577287946428,1643.7723005022322,1607.5886335100445,1628.2650146484375,965000,1571275739.1357422
2001-11-23 00:00:00,1628.2650146484375,1628.2650146484375,1628.2650146484375,1628.2650146484375,0,0.0
2001-11-26 00:00:00,1628.265569098642,1659.2801513671875,1617.9273750091268,1659.2801513671875,728000,1207955950.1953125
2001-11-27 00:00:00,1638.6036030957655,1654.1108927149683,1623.0963134765627,1623.0963134765625,890000,1444555718.9941406
2001-11-28 00:00:00,1597.2510945773206,1633.4347763314993,1555.8983154296877,1555.8983154296875,541000,841740988.6474609
2001-11-29 00:00:00,1561.0670808490952,1602.4198512027137,1550.7288882606906,1571.4052734375,701000,1101555096.6796875
2001-11-30 00:00:00,1550.7293094862375,1561.0675048828123,1535.222016391375,1561.0675048828125,418000,652526217.0410156
2001-12-03 00:00:00,1571.4052734374998,1586.9125623201069,1540.390695672286,1571.4052734375,663000,1041841696.2890625
2001-12-04 00:00:00,1555.898468017578,1592.0821533203123,1555.898468017578,1592.0821533203125,880000,1401032294.921875
2001-12-05 00:00:00,1597.2510986328125,1602.4201960393912,1542.9755758637364,1597.2510986328125,677000,1081338993.774414
2001-12-06 00:00:00,1597.251189587163,1607.5893849890217,1566.2366033815872,1581.743896484375,1356000,2144844723.6328125
2001-12-07 00:00:00,1597.2514558769826,1623.096948690526,1548.1450195312502,1548.14501953125,795000,1230775290.5273438
2001-12-10 00:00:00,1527.4682429872707,1537.8064375252557,1499.0382080078123,1499.0382080078125,981000,1470556482.055664
2001-12-11 00:00:00,1501.6227615663668,1561.0673803547083,1501.6227615663668,1540.3909912109375,921000,1418700102.9052734
2001-12-12 00:00:00,1530.0528323472895,1628.2656830722844,1530.0528323472895,1597.2510986328125,1452000,2319208595.2148438
2001-12-13 00:00:00,1607.5894791942533,1607.5894791942533,1524.8839111328125,1524.8839111328125,1071000,1633150668.8232422
2001-12-14 00:00:00,1597.2510986328125,1628.2656830722844,1586.912903819655,1597.2510986328125,4672000,7462357132.8125
2001-12-17 00:00:00,1597.251189587163,1602.4202872880924,1566.2366033815872,1581.743896484375,854000,1350809287.5976562
2001-12-18 00:00:00,1612.7586361821086,1638.6041271465654,1597.2513416034344,1617.927734375,1220000,1973871835.9375
2001-12-19 00:00:00,1633.4345793547452,1674.7873535156248,1612.7581922743054,1674.787353515625,1152000,1929355031.25
2001-12-20 00:00:00,1643.7732253394568,1648.9423235323482,1617.927734375,1617.927734375,1187000,1920480220.703125
2001-12-21 00:00:00,1612.7578217711628,1638.6032996841623,1607.588726188563,1633.4342041015625,873000,1425988060.180664
2001-12-24 00:00:00,1633.4342041015623,1633.4342041015623,1633.4342041015623,1633.4342041015625,0,0.0
2001-12-25 00:00:00,1643.7720947265627,1664.4484732765823,1623.095716176543,1643.7720947265625,491000,807092098.5107422
2001-12-26 00:00:00,1643.772856799586,1664.4492449354298,1638.603759765625,1638.603759765625,378000,619392221.1914062
2001-12-27 00:00:00,1628.265809044471,1679.956787109375,1623.0967112379808,1679.956787109375,401000,673662671.6308594
2001-12-28 00:00:00,1685.1253662109375,1695.4635586416796,1664.4489813494536,1685.1253662109375,381000,642032764.5263672
2001-12-31 00:00:00,1685.1253662109375,1685.1253662109375,1685.1253662109375,1685.1253662109375,0,0.0
2002-01-01 00:00:00,1685.1253662109375,1685.1253662109375,1685.1253662109375,1685.1253662109375,0,0.0
2002-01-02 00:00:00,1685.1253662109375,1685.1253662109375,1685.1253662109375,1685.1253662109375,0,0.0
2002-01-03 00:00:00,1685.1253662109375,1685.1253662109375,1685.1253662109375,1685.1253662109375,0,0.0
2002-01-04 00:00:00,1685.1257346413354,1705.8021240234375,1679.9566372958097,1705.8021240234375,396000,675497641.1132812
2002-01-07 00:00:00,1695.4639293323864,1705.8021240234375,1685.1257346413354,1705.8021240234375,565000,963778200.0732422
2002-01-08 00:00:00,1679.9559986919437,1695.4632848337155,1664.4487125501719,1690.294189453125,671000,1134187401.1230469
2002-01-09 00:00:00,1685.1253229697297,1685.1253229697297,1648.941650390625,1648.941650390625,628000,1035535356.4453125
2002-01-10 00:00:00,1674.787370001005,1674.787370001005,1607.5891113281252,1607.589111328125,660000,1061008813.4765625
2002-01-11 00:00:00,1638.6036761248552,1710.9710309063946,1638.6036761248552,1674.787353515625,1827000,3059836494.873047
2002-01-14 00:00:00,1674.7873535156248,1674.7873535156248,1674.7873535156248,1674.787353515625,0,0.0
2002-01-15 00:00:00,1695.4639892578125,1721.3094768989379,1685.1257942013626,1695.4639892578125,2934000,4974491344.482422
2002-01-16 00:00:00,1705.8017359491605,1747.1545053055038,1679.956255101446,1731.647216796875,1412000,2445085870.1171875
2002-01-17 00:00:00,1705.8015050297288,1772.9997461369605,1690.2942186203677,1752.3233642578125,1915000,3355699242.553711
2002-01-18 00:00:00,1752.3236014750466,1762.6617938141326,1705.8017359491605,1731.647216796875,1303000,2256336323.486328
2002-01-21 00:00:00,1741.985409135961,1762.6617938141326,1731.647216796875,1731.647216796875,783000,1355879770.7519531
2002-01-22 00:00:00,1721.3090757236655,1726.47817204716,1690.2944977826985,1700.6326904296875,838000,1425130194.5800781
2002-01-23 00:00:00,1726.478184550028,1757.492762715597,1726.478184550028,1741.9854736328125,797000,1388362422.4853516
2002-01-24 00:00:00,1726.4785134055398,1747.1549027876422,1679.9566372958097,1705.8021240234375,929000,1584690173.2177734
2002-01-25 00:00:00,1685.1255767160892,1700.6328672993661,1664.4491892717201,1669.6182861328125,1147000,1915052174.194336
2002-01-28 00:00:00,1695.4640805288461,1695.4640805288461,1612.758515625,1679.956787109375,2004000,3366633401.3671875
2002-01-29 00:00:00,1669.6183690780247,1669.6183690780247,1612.7583007812498,1612.75830078125,941000,1517605561.0351562
2002-01-30 00:00:00,1607.5890424884733,1643.772718685963,1566.2362696913422,1576.574462890625,2363000,3725445455.810547
2002-01-31 00:00:00,1576.5744628906248,1576.5744628906248,1576.5744628906248,1576.574462890625,0,0.0
2002-02-01 00:00:00,1597.2507549085115,1602.4198512027137,1550.7288882606906,1571.4052734375,1222000,1920257244.140625
2002-02-04 00:00:00,1555.8978556315105,1561.0669514973958,1545.5596638997397,1550.728759765625,751000,1164597298.5839844
2002-02-05 00:00:00,1535.2218416045982,1555.8982300437174,1493.86906472636,1496.45361328125,1322000,1978311676.7578125
2002-02-06 00:00:00,1499.0380565735072,1532.637185427741,1488.6998630798969,1504.2071533203125,968000,1456072524.4140625
2002-02-07 00:00:00,1514.545183839134,1537.8061166967316,1504.2069914579795,1522.298828125,967000,1472062966.796875
2002-02-08 00:00:00,1522.2987325032552,1561.0669514973958,1511.9605407714844,1550.728759765625,1472000,2282672734.375
2002-02-11 00:00:00,1550.728759765625,1550.728759765625,1550.728759765625,1550.728759765625,0,0.0
2002-02-12 00:00:00,1602.4201334105253,1612.7583278196255,1561.0673557741247,1586.912841796875,855000,1356810479.7363281
2002-02-13 00:00:00,1592.0816586143092,1607.588947496916,1555.897984554893,1571.4052734375,704000,1106269312.5
2002-02-14 00:00:00,1581.7437417814047,1612.758324953589,1566.2364501953125,1566.2364501953125,751000,1176243574.0966797
2002-02-15 00:00:00,1561.067316828547,1581.743705130912,1530.0527343749998,1530.052734375,794000,1214861871.09375
2002-02-18 00:00:00,1530.0527966390518,1555.8982830687657,1509.376407495281,1540.3909912109375,397000,611535223.5107422
2002-02-19 00:00:00,1540.3907234909188,1550.7289162660256,1511.960693359375,1511.960693359375,695000,1050812681.8847656
2002-02-20 00:00:00,1504.20702161287,1607.588947496916,1504.20702161287,1571.4052734375,1903000,2990384235.3515625
2002-02-21 00:00:00,1561.0677442981353,1602.4205322265625,1530.0531533518147,1602.4205322265625,1272000,2038278916.9921875
2002-02-22 00:00:00,1576.5746445860407,1592.0819361721328,1548.1446100115381,1566.2364501953125,1006000,1575633868.8964844
2002-02-25 00:00:00,1592.081939001425,1607.5892306150754,1581.743744592325,1586.912841796875,1125000,1785276947.0214844
2002-02-26 00:00:00,1607.5886335100445,1659.2795863560268,1607.5886335100445,1628.2650146484375,1533000,2496130267.4560547
2002-02-27 00:00:00,1654.110823518237,1700.6326904296875,1643.772630871248,1700.6326904296875,1597000,2715910406.616211
2002-02-28 00:00:00,1710.9709658415422,1721.309158988621,1664.4490966796875,1664.4490966796875,1353000,2251999627.807617
2002-03-01 00:00:00,1674.7875991449125,1695.4639892578125,1648.9421115037871,1695.4639892578125,1655000,2805992902.2216797
2002-03-04 00:00:00,1710.9710485121784,1757.492919921875,1700.632854865579,1757.492919921875,1143000,2008814407.4707031
2002-03-05 00:00:00,1757.4927132261312,1762.661809441502,1674.7871737801956,1685.1253662109375,1656000,2790567606.4453125
2002-03-06 00:00:00,1659.2801612647802,1736.8166173986485,1659.2801612647802,1721.309326171875,1550000,2668029455.5664062
2002-03-07 00:00:00,1721.3090881890996,1757.492762715597,1705.801799106315,1741.9854736328125,1156000,2013735207.5195312
2002-03-08 00:00:00,1767.830620161984,1767.830620161984,1679.9559986919437,1690.294189453125,3274000,5534023176.269531
2002-03-11 00:00:00,1690.2946392059325,1695.463735961914,1623.0963813781736,1654.1109619140625,1526000,2524173327.8808594
2002-03-12 00:00:00,1633.4350289536742,1633.4350289536742,1612.7586361821086,1617.927734375,1216000,1967400125.0
2002-03-13 00:00:00,1628.265569098642,1705.8020247700058,1628.265569098642,1659.2801513671875,1682000,2790909214.5996094
2002-03-14 00:00:00,1685.1253662109375,1690.2944624263084,1617.927115411115,1685.1253662109375,1708000,2878194125.4882812
2002-03-15 00:00:00,1690.2944624263084,1716.1399435031633,1654.1107889187117,1685.1253662109375,1030000,1735679127.1972656
2002-03-18 00:00:00,1700.6321357391166,1700.6321357391166,1612.757526901533,1643.7720947265625,1416000,2327581286.1328125
2002-03-19 00:00:00,1654.11105432243,1690.294733635733,1648.9419572776724,1659.2801513671875,1116000,1851756648.9257812
2002-03-20 00:00:00,1679.9569126896965,1679.9569126896965,1602.4204397963258,1617.927734375,1380000,2232740273.4375
2002-03-21 00:00:00,1617.927734375,1617.927734375,1617.927734375,1617.927734375,0,0.0
2002-03-22 00:00:00,1612.758208149116,1643.7727890750605,1602.4200145071345,1607.589111328125,796000,1279640932.6171875
2002-03-25 00:00:00,1612.7582779643692,1659.2801513671875,1612.7582779643692,1659.2801513671875,573000,950767526.7333984
2002-03-26 00:00:00,1667.5921183520963,1709.152046535326,1657.2021363062888,1672.787109375,960000,1605875625.0
2002-03-27 00:00:00,1688.371904057228,1709.151865953317,1683.1769135832058,1693.56689453125,950000,1608888549.8046875
2002-03-28 00:00:00,1683.1765069524083,1698.761474609375,1662.3965500764527,1698.761474609375,745000,1265577298.5839844
2002-03-29 00:00:00,1698.761755952381,1698.761755952381,1636.421875,1636.421875,711000,1163495953.125
2002-04-01 00:00:00,1662.396983438486,1672.7869645849764,1641.6170211455049,1646.81201171875,423100,696766162.1582031
2002-04-02 00:00:00,1646.8123499631145,1677.9822998046877,1636.42236668259,1677.9822998046875,447400,750729280.9326172
2002-04-03 00:00:00,1652.0071452833852,1693.5670734666148,1646.8121542604813,1672.787109375,589200,985606164.84375
2002-04-04 00:00:00,1703.956463828364,1724.7364207043197,1688.3714961713972,1698.761474609375,917700,1558953405.2490234
2002-04-05 00:00:00,1672.7871417763793,1688.3721151469665,1657.2021684057918,1683.1771240234375,523000,880301635.8642578
2002-04-08 00:00:00,1662.3964475235848,1677.9814142191185,1652.0064697265625,1652.0064697265625,468100,773304228.4790039
2002-04-09 00:00:00,1646.8118551587302,1672.7868055555555,1626.0318948412698,1636.421875,607200,993635362.5
2002-04-10 00:00:00,1652.0071772822628,1698.7620973940247,1641.6171950352045,1683.1771240234375,776400,1306818719.0917969
2002-04-11 00:00:00,1703.9568169572885,1703.9568169572885,1652.0069140012736,1657.201904296875,1137300,1884735725.756836
2002-04-12 00:00:00,1641.6170211455049,1672.7869645849764,1636.4220305722595,1646.81201171875,742300,1222428556.2988281
2002-04-15 00:00:00,1657.2020594516646,1672.787031797605,1646.8120778877044,1667.592041015625,262800,438243188.37890625
2002-04-16 00:00:00,1646.8121861587335,1683.1771240234375,1646.8121861587335,1683.1771240234375,536300,902687891.6137695
2002-04-17 00:00:00,1683.177322716346,1693.5673061899038,1662.3973557692307,1688.372314453125,503500,850095460.3271484
2002-04-18 00:00:00,1683.1773086175685,1703.957275390625,1672.7873252310403,1703.957275390625,439900,749570805.4443359
2002-04-19 00:00:00,1703.957088517554,1714.3470707646122,1662.397159529321,1683.1771240234375,869300,1463185873.9135742
2002-04-22 00:00:00,1672.7873081644254,1698.7622663657364,1672.7873081644254,1677.9822998046875,465300,780765164.0991211
2002-04-23 00:00:00,1683.1773086175685,1714.3472587771532,1683.1773086175685,1703.957275390625,425500,725033820.6787109
2002-04-24 00:00:00,1703.9568754792947,1714.3468564273392,1688.371904057228,1693.56689453125,562300,952292664.7949219
2002-04-25 00:00:00,1714.3472587771532,1714.3472587771532,1693.5672920040968,1703.957275390625,538600,917751388.5253906
2002-04-26 00:00:00,1703.9572896634613,1703.9572896634613,1677.9823309795672,1688.372314453125,804600,1358464364.2089844
2002-04-29 00:00:00,1688.3723144531248,1688.3723144531248,1688.3723144531248,1688.372314453125,0,0.0
2002-04-30 00:00:00,1688.372451319839,1724.7373964251892,1683.1774591619317,1714.347412109375,648400,1111582862.0117188
2002-05-01 00:00:00,1714.3473815917969,1745.517333984375,1709.1523895263672,1745.517333984375,1024000,1787409750.0
2002-05-02 00:00:00,1740.322372898911,1740.322372898911,1703.9574277935606,1714.347412109375,448200,768370510.1074219
2002-05-03 00:00:00,1714.347412109375,1714.347412109375,1714.347412109375,1714.347412109375,0,0.0
2002-05-06 00:00:00,1714.347412109375,1714.347412109375,1714.347412109375,1714.347412109375,0,0.0
2002-05-07 00:00:00,1745.516878929364,1761.1018510626618,1724.7369160849669,1755.9068603515625,909300,1596646108.1176758
2002-05-08 00:00:00,1761.1021276137405,1766.2971191406248,1750.7121445599723,1766.297119140625,921700,1627996054.711914
2002-05-09 00:00:00,1766.2968417737611,1771.4918324848604,1740.3218882182648,1755.9068603515625,894300,1570307505.2124023
2002-05-10 00:00:00,1761.1025050951084,1797.4674535778984,1755.90751245471,1792.2724609375,1033600,1852492815.625
2002-05-13 00:00:00,1776.6866205141876,1781.88161063265,1735.1266995664873,1750.711669921875,684200,1197836924.5605469
2002-05-14 00:00:00,1776.6866205141876,1781.88161063265,1724.7367193295622,1750.711669921875,888200,1554982105.2246094
2002-05-15 00:00:00,1771.491630395725,1776.6866205141876,1729.9317094480248,1750.711669921875,1331200,2330547375.0
2002-05-16 00:00:00,1750.7121445599723,1766.2971191406248,1745.517153033088,1766.297119140625,808000,1427168072.265625
2002-05-17 00:00:00,1766.296907837628,1797.4668532700568,1761.1019169322233,1776.6868896484375,823700,1463456991.003418
2002-05-20 00:00:00,1776.6870977562594,1776.6870977562594,1724.7371826171875,1724.7371826171875,770200,1328392578.0517578
2002-05-21 00:00:00,1698.7622836973608,1724.7372421636815,1688.3723003108328,1703.957275390625,1246900,2124664326.6845703
2002-05-22 00:00:00,1703.9567433273176,1740.3216738251565,1693.5667631850777,1709.1517333984375,752200,1285623933.8623047
2002-05-23 00:00:00,1703.9567433273176,1719.5417135406772,1698.7617532561976,1709.1517333984375,851300,1455000870.6420898
2002-05-24 00:00:00,1714.3469346627683,1755.9068603515625,1709.151943951669,1755.9068603515625,766700,1346253789.831543
2002-05-27 00:00:00,1755.9069260268184,1787.076871459247,1750.7119351214137,1776.6868896484375,646900,1149338748.9135742
2002-05-28 00:00:00,1781.8819132960118,1787.076904296875,1766.296940293423,1787.076904296875,542400,969310512.890625
2002-05-29 00:00:00,1766.2973476220845,1787.0773164176385,1761.102355423196,1781.88232421875,528600,941902996.5820312
2002-05-30 00:00:00,1781.8819963832102,1781.8819963832102,1729.9320839522127,1735.1270751953125,685600,1189603122.7539062
2002-05-31 00:00:00,1724.7373657226562,1776.6872863769531,1724.7373657226562,1745.517333984375,618400,1079427919.3359375
2002-06-03 00:00:00,1729.9321784524354,1771.492110667509,1724.7371869255512,1766.297119140625,534300,943732550.7568359
2002-06-04 00:00:00,1771.492110667509,1781.8820937212774,1755.9071360868563,1766.297119140625,649300,1146856719.4580078
2002-06-05 00:00:00,1740.321723690427,1771.4916650102555,1740.321723690427,1761.1016845703125,415000,730857199.0966797
2002-06-06 00:00:00,1761.1017388642724,1766.2967292444032,1735.1267869636195,1740.32177734375,455500,792716569.5800781
2002-06-07 00:00:00,1729.9317626953125,1735.126752973677,1719.541782138584,1729.9317626953125,706700,1222542776.6967773
2002-06-10 00:00:00,1745.5163775802753,1745.5163775802753,1698.761474609375,1698.761474609375,702800,1193889564.3554688
2002-06-11 00:00:00,1703.957275390625,1714.3472587771532,1698.7622836973608,1703.957275390625,551800,940243624.5605469
2002-06-12 00:00:00,1693.5669268779575,1703.956908024448,1646.81201171875,1646.81201171875,948300,1561671830.7128906
2002-06-13 00:00:00,1662.3965338212024,1667.5915229893938,1631.2265988120548,1641.6165771484375,983500,1614529903.6254883
2002-06-14 00:00:00,1615.642470718978,1631.2274463207689,1584.4725195153965,1600.0574951171875,2900000,4640166735.839844
2002-06-17 00:00:00,1584.4723480326,1610.4473045577245,1545.509913244913,1563.6923828125,849100,1327731202.2460938
2002-06-18 00:00:00,1605.252287128461,1610.4472783489414,1584.472322246539,1594.8623046875,824100,1314326025.2929688
2002-06-19 00:00:00,1594.862533064078,1615.6425009215902,1568.8875732421875,1568.8875732421875,992100,1556493361.4135742
2002-06-20 00:00:00,1574.0825357808694,1610.4474788517145,1568.8875439136057,1600.0574951171875,834700,1335567991.1743164
2002-06-21 00:00:00,1584.4723480326,1594.8623306426496,1563.6923828125002,1563.6923828125,602400,941968291.40625
2002-06-24 00:00:00,1579.2772989241805,1594.862272268827,1568.887316694416,1584.4722900390625,558300,884610879.5288086
2002-06-25 00:00:00,1605.252761151714,1615.6427466607863,1589.667782888105,1610.44775390625,1171200,1886156409.375
2002-06-26 00:00:00,1600.0571175130208,1600.0571175130208,1548.1072111002604,1558.4971923828125,934500,1456415626.2817383
2002-06-27 00:00:00,1584.4720900686164,1594.862070987099,1563.692128231651,1579.277099609375,471100,743997441.6259766
2002-06-28 00:00:00,1568.8875439136057,1600.0574951171873,1555.9000642454469,1600.0574951171875,832700,1332367876.184082
2002-07-01 00:00:00,1594.8622394221845,1600.0572304300745,1563.6922933748453,1574.082275390625,451400,710540739.1113281
2002-07-02 00:00:00,1558.4976495481005,1589.6676025390625,1548.1076652177799,1589.6676025390625,561300,892280425.3051758
2002-07-03 00:00:00,1553.3018500521252,1620.8367130978697,1553.3018500521252,1615.6417236328125,807100,1303984435.144043
2002-07-04 00:00:00,1594.862070987099,1610.4470423648233,1579.277099609375,1579.277099609375,324300,512159563.4033203
2002-07-05 00:00:00,1589.6675272688697,1641.6174464606627,1589.6675272688697,1626.032470703125,535800,871228197.8027344
2002-07-08 00:00:00,1646.8124219225597,1652.0074137898232,1600.0574951171873,1600.0574951171875,428200,685144619.4091797
2002-07-09 00:00:00,1636.4215030310288,1652.0064697265625,1620.836536335495,1652.0064697265625,574300,948747315.5639648
2002-07-10 00:00:00,1626.031702562927,1662.3966288183278,1615.6417236328125,1615.6417236328125,595300,961791518.0786133
2002-07-11 00:00:00,1574.08236542255,1594.8623306426496,1563.6923828125002,1563.6923828125,801300,1252986706.3476562
2002-07-12 00:00:00,1589.6672484142948,1594.8622394221845,1568.8872843827353,1574.082275390625,851100,1339701424.584961
2002-07-15 00:00:00,1579.277245438339,1579.277245438339,1548.1072998046875,1548.1072998046875,640100,990943482.6049805
2002-07-16 00:00:00,1535.1199376599543,1545.5099203175512,1506.5474853515625,1506.5474853515625,923000,1390543328.9794922
2002-07-17 00:00:00,1506.547414232337,1511.7424053158966,1464.9874855638586,1493.5599365234375,1110600,1658747665.5029297
2002-07-18 00:00:00,1496.1575428158362,1498.7550385498914,1459.7926025390625,1459.7926025390625,1023700,1494389687.2192383
2002-07-19 00:00:00,1459.7924657936303,1462.3899612843663,1420.8300334325904,1426.0250244140625,1151800,1642495623.1201172
2002-07-22 00:00:00,1371.4777184311224,1431.2201190445994,1366.2827270734288,1400.0501708984375,1180800,1653179241.796875
2002-07-23 00:00:00,1400.050087483724,1428.622538248698,1379.2701232910156,1402.6475830078125,876500,1229420606.5063477
2002-07-24 00:00:00,1381.8679044929138,1397.4528808593752,1329.9179832713755,1397.452880859375,1262800,1764703497.9492188
2002-07-25 00:00:00,1426.0251550547766,1433.8176422408683,1368.8802490234375,1368.8802490234375,829400,1135349278.540039
2002-07-26 00:00:00,1381.867834449045,1384.4653303784605,1329.917915860735,1342.9053955078125,911100,1223521105.847168
2002-07-29 00:00:00,1384.464848356427,1420.8297787072524,1368.879878206073,1376.67236328125,1133900,1561008792.7246094
2002-07-30 00:00:00,1462.3903645547289,1480.5728380038995,1452.0003797266313,1477.975341796875,1300400,1921959134.4726562
2002-07-31 00:00:00,1483.1701516295223,1501.352622840392,1462.3901845313853,1498.755126953125,930400,1394441770.1171875
2002-08-01 00:00:00,1498.7547066973823,1537.7171340811965,1480.5722405849358,1519.53466796875,1197000,1818882997.5585938
2002-08-02 00:00:00,1506.5475350839122,1550.7049628363716,1498.755047833478,1542.9124755859375,898300,1385998276.8188477
2002-08-05 00:00:00,1535.1197344970703,1568.8871736653646,1532.5222391764323,1558.4971923828125,741100,1155002269.2749023
2002-08-06 00:00:00,1568.8874330873844,1579.277416087963,1537.7174840856483,1542.9124755859375,1098200,1694426480.6884766
2002-08-07 00:00:00,1568.8873485850977,1600.0572959079805,1563.6923573646172,1594.8623046875,1014600,1618147294.3359375
2002-08-08 00:00:00,1584.4725195153965,1610.4474788517145,1579.277527648133,1600.0574951171875,720400,1152681419.4824219
2002-08-09 00:00:00,1605.2523064246545,1636.4222541222207,1605.2523064246545,1620.8372802734375,1301500,2109519720.275879
2002-08-12 00:00:00,1620.8372802734375,1641.6172454051484,1615.64228899051,1620.8372802734375,730800,1184507884.4238281
2002-08-13 00:00:00,1615.6424868647662,1652.0074302990215,1615.6424868647662,1626.032470703125,862000,1401639989.7460938
2002-08-14 00:00:00,1626.0321609842738,1626.0321609842738,1589.6672244766382,1605.252197265625,1012100,1624675748.852539
2002-08-15 00:00:00,1610.4469246031747,1646.8118551587302,1610.4469246031747,1636.421875,905200,1481289081.25
2002-08-16 00:00:00,1641.6172454051484,1646.812236688076,1605.2523064246545,1620.8372802734375,880800,1427633476.4648438
2002-08-19 00:00:00,1626.0322520103828,1626.0322520103828,1579.2773310260586,1594.8623046875,956500,1525485794.4335938
2002-08-20 00:00:00,1605.2521081542968,1605.2521081542968,1550.7047064208984,1558.4971923828125,813400,1267681616.2841797
2002-08-21 00:00:00,1540.3147691197219,1574.0822092521946,1540.3147691197219,1553.30224609375,736800,1144473094.921875
2002-08-22 00:00:00,1542.9123611200052,1589.6672811539447,1527.3273877753588,1584.4722900390625,837600,1327153990.1367188
2002-08-23 00:00:00,1584.4722900390627,1584.4722900390627,1584.4722900390627,1584.4722900390625,0,0.0
2002-08-26 00:00:00,1529.9251926397185,1594.8625947042228,1529.9251926397185,1589.6676025390625,726000,1154098679.4433594
2002-08-27 00:00:00,1574.0825652065655,1600.057525028456,1568.8875732421875,1568.8875732421875,489000,767186023.3154297
2002-08-28 00:00:00,1584.4720900686164,1594.862070987099,1568.8871186908923,1579.277099609375,568200,897345247.9980469
2002-08-29 00:00:00,1568.8872843827353,1584.4722574064049,1542.912329343286,1574.082275390625,665800,1048023978.9550781
2002-08-30 00:00:00,1579.277527648133,1610.4474788517145,1568.8875439136057,1600.0574951171875,947800,1516534493.8720703
2002-09-02 00:00:00,1589.6672244766382,1605.252197265625,1568.8872607579895,1605.252197265625,834500,1339582958.618164
2002-09-03 00:00:00,1589.6674061111992,1594.8623976344384,1535.1199951171875,1535.1199951171875,617700,948243620.9838867
2002-09-04 00:00:00,1529.9251335093516,1568.8875732421875,1524.7301415449735,1568.8875732421875,872700,1369168185.168457
2002-09-05 00:00:00,1553.302772279972,1579.2777350271288,1527.3278095328153,1555.9002685546875,911800,1418669864.868164
2002-09-06 00:00:00,1532.5222446051873,1553.3022072439016,1519.534767955991,1550.7047119140625,393200,609737092.7246094
2002-09-09 00:00:00,1537.7173179268038,1563.6922726215132,1537.7173179268038,1548.1072998046875,477700,739530857.1166992
2002-09-10 00:00:00,1542.9119605495505,1545.5094554326306,1506.5470321864298,1516.93701171875,560200,849788113.9648438
2002-09-11 00:00:00,1519.5345805092052,1529.924560546875,1509.1446004715353,1529.924560546875,530900,812236949.1943359
2002-09-12 00:00:00,1529.924888143734,1529.924888143734,1506.5474280532524,1527.327392578125,428500,654459787.7197266
2002-09-13 00:00:00,1514.3401022767277,1516.9375981639948,1493.5601351785908,1498.755126953125,3037800,4552918324.658203
2002-09-16 00:00:00,1498.755126953125,1498.755126953125,1498.755126953125,1498.755126953125,0,0.0
2002-09-17 00:00:00,1540.3147305947052,1558.4971979035804,1535.1197399350267,1550.7047119140625,592300,918482400.8666992
2002-09-18 00:00:00,1553.3021845387032,1558.4971751224448,1509.1447645769006,1524.729736328125,571600,871535517.2851562
2002-09-19 00:00:00,1558.497005650467,1600.056925801146,1527.3270655374577,1529.924560546875,1202300,1839428299.1455078
2002-09-20 00:00:00,1516.9375837532164,1555.900021692083,1511.742592028034,1514.340087890625,739000,1119097324.9511719
2002-09-23 00:00:00,1514.3400878906252,1514.3400878906252,1514.3400878906252,1514.340087890625,0,0.0
2002-09-24 00:00:00,1483.1698386452415,1496.157315340909,1439.0124178799715,1485.767333984375,1256800,1867312385.3515625
2002-09-25 00:00:00,1444.4964603945798,1488.9023190323878,1439.2722417313082,1470.6175537109375,726000,1067668343.9941406
2002-09-26 00:00:00,1473.2294437914823,1494.126315334624,1449.720463305448,1475.841552734375,548700,809794259.9853516
2002-09-27 00:00:00,1483.677883831522,1501.9626464843752,1470.6173390794838,1501.962646484375,582700,875193634.1064453
2002-09-30 00:00:00,1460.1690434900465,1491.5143539048597,1449.7206066851088,1468.00537109375,701400,1029658967.2851562
2002-10-01 00:00:00,1449.7204611642019,1483.6778773716517,1436.659916469029,1462.781005859375,751300,1098987369.7021484
2002-10-02 00:00:00,1475.8417719311567,1483.6780999237114,1441.8843506300857,1444.4964599609375,588800,850519515.625
2002-10-03 00:00:00,1460.1686351634837,1460.1686351634837,1410.5385742187498,1410.53857421875,741500,1045914352.7832031
2002-10-04 00:00:00,1405.3144822426893,1426.2113518671158,1394.8660474304759,1423.5992431640625,904100,1287076075.744629
2002-10-07 00:00:00,1400.0902175623855,1426.2113037109375,1371.3570227989785,1426.2113037109375,677200,965830294.8730469
2002-10-08 00:00:00,1447.108542806909,1452.332761372999,1373.96948288165,1387.030029296875,737400,1022795943.6035156
2002-10-09 00:00:00,1384.4179200138299,1387.030029296875,1371.3573735986051,1387.030029296875,557000,772575726.3183594
2002-10-10 00:00:00,1379.1934502180231,1387.0297766397164,1347.8481445312498,1347.84814453125,768700,1036090868.7011719
2002-10-11 00:00:00,1384.4175954965444,1394.8660301795373,1355.6844001183144,1358.2965087890625,964300,1309805323.425293
2002-10-14 00:00:00,1358.2965087890625,1358.2965087890625,1358.2965087890625,1358.2965087890625,0,0.0
2002-10-15 00:00:00,1454.9446746271306,1454.9446746271306,1410.5388227982953,1436.659912109375,1120000,1609059101.5625
2002-10-16 00:00:00,1478.4532078491652,1478.4532078491652,1436.659477591945,1447.10791015625,1015600,1469682793.5546875
2002-10-17 00:00:00,1452.3325701032365,1481.065768432617,1436.659916469029,1462.781005859375,684200,1000834764.2089844
2002-10-18 00:00:00,1496.738111329826,1507.1865449167708,1483.6775693461452,1499.3502197265625,694500,1041298727.6000977
2002-10-21 00:00:00,1478.4538812620083,1478.4538812620083,1436.6601319683825,1444.4964599609375,750100,1083516794.6166992
2002-10-22 00:00:00,1405.3144754855432,1428.8234536999853,1371.3570625091268,1397.4781494140625,1218400,1702687377.2460938
2002-10-23 00:00:00,1407.9268551050395,1407.9268551050395,1371.3573264010126,1402.70263671875,865400,1213898861.8164062
2002-10-24 00:00:00,1410.5385430713532,1431.4354103761139,1389.6416757665922,1392.2537841796875,672900,936847571.3745117
2002-10-25 00:00:00,1410.5390133074861,1428.8237782948054,1394.8663576040697,1400.090576171875,1247500,1746612993.774414
2002-10-28 00:00:00,1384.4179204684585,1400.0905761718752,1371.3573740489448,1400.090576171875,557800,780970523.3886719
2002-10-29 00:00:00,1407.9266132199898,1415.7629394531252,1392.253960753719,1415.762939453125,817100,1156819897.8271484
2002-10-30 00:00:00,1394.865966796875,1431.435486525632,1384.4175325886588,1394.865966796875,956700,1334468270.4345703
2002-10-31 00:00:00,1415.76320620791,1418.3753154444557,1368.7452399500826,1381.8057861328125,767400,1060397760.2783203
2002-11-01 00:00:00,1384.4178257726176,1418.3752441406252,1376.5814984569236,1418.375244140625,612300,868471161.9873047
2002-11-04 00:00:00,1418.3752441406252,1418.3752441406252,1418.3752441406252,1418.375244140625,0,0.0
2002-11-05 00:00:00,1481.0655738343582,1488.9018996218417,1449.7202706844248,1473.229248046875,1155000,1701579781.4941406
2002-11-06 00:00:00,1494.1262637867649,1515.0231346089574,1457.556739847928,1465.39306640625,1715800,2514321423.3398438
2002-11-07 00:00:00,1468.0050415486207,1468.0050415486207,1392.25389171782,1426.2113037109375,1302300,1857354980.822754
2002-11-08 00:00:00,1405.3144192423656,1405.3144192423656,1355.684356109271,1373.9691162109375,1446400,1987308929.6875
2002-11-11 00:00:00,1379.193178739162,1381.8052870322285,1326.95101287783,1355.6842041015625,862900,1169819899.7192383
2002-11-12 00:00:00,1355.6846449497768,1376.5815180896577,1345.2362083798362,1371.3572998046875,894500,1226679104.675293
2002-11-13 00:00:00,1368.7446365505748,1368.7446365505748,1332.1751233602924,1334.7872314453125,872100,1164067944.543457
2002-11-14 00:00:00,1345.2358251953124,1355.6842587890624,1306.05419921875,1306.05419921875,614900,803092727.0996094
2002-11-15 00:00:00,1347.8481699822032,1363.520823121531,1313.8907548469926,1353.0723876953125,716200,969070444.0673828
2002-11-18 00:00:00,1373.9688607947414,1373.9688607947414,1295.6056177836344,1300.829833984375,843100,1096729633.0322266
2002-11-19 00:00:00,1295.60625,1326.9515625000001,1269.48515625,1279.93359375,724500,927311888.671875
2002-11-20 00:00:00,1306.0539623298268,1329.5629336517636,1295.6055306311882,1319.114501953125,912100,1203164337.2314453
2002-11-21 00:00:00,1332.1752294639632,1355.6842041015625,1321.726796291697,1355.6842041015625,765300,1037505121.3989258
2002-11-22 00:00:00,1358.2964260498525,1368.7448600963899,1324.3390153986063,1329.563232421875,656900,873390087.3779297
2002-11-25 00:00:00,1326.9509754068047,1358.2962740384614,1308.6662178716715,1324.3388671875,713800,945313083.3984375
2002-11-26 00:00:00,1324.3391044509244,1337.3996478873241,1282.5453654544456,1298.218017578125,1007500,1307954652.709961
2002-11-27 00:00:00,1300.829982421875,1319.1147412109374,1298.2178740234374,1306.05419921875,876300,1144495294.7753906
2002-11-28 00:00:00,1311.278857807868,1324.3394042003767,1306.0546392508645,1321.727294921875,729900,964728752.5634766
2002-11-29 00:00:00,1326.950825727104,1345.2355811997215,1316.5023940284655,1319.114501953125,691900,912695323.9013672
2002-12-02 00:00:00,1319.114501953125,1319.114501953125,1319.114501953125,1319.114501953125,0,0.0
2002-12-03 00:00:00,1332.175980071108,1334.788089835953,1306.0548824226548,1308.6669921875,642500,840818542.4804688
2002-12-04 00:00:00,1324.3390110560827,1326.9511195591517,1311.2784685407366,1316.502685546875,546100,718942116.5771484
2002-12-05 00:00:00,1319.114501953125,1332.1750415764234,1313.8902861038057,1319.114501953125,867600,1144463741.8945312
2002-12-06 00:00:00,1332.175508957971,1332.175508957971,1311.2786382292186,1313.8907470703125,759700,998162800.5493164
2002-12-09 00:00:00,1311.2781781791462,1329.5629336517636,1306.0539623298268,1319.114501953125,569100,750708063.0615234
2002-12-10 00:00:00,1306.0544036155522,1350.460253338481,1306.0544036155522,1347.84814453125,1345700,1813799248.0957031
2002-12-11 00:00:00,1368.7447888112208,1368.7447888112208,1326.9510548017179,1340.0115966796875,1220400,1635350152.5878906
2002-12-12 00:00:00,1337.3993395303328,1342.6235557003731,1319.1145829351915,1334.7872314453125,517500,690752392.2729492
2002-12-13 00:00:00,1345.236254740318,1347.8483639728233,1319.1151624152633,1342.6241455078125,2190600,2941152453.149414
2002-12-16 00:00:00,1347.8480407234251,1347.8480407234251,1321.7269546628936,1326.951171875,547800,726903851.953125
2002-12-17 00:00:00,1332.1755168428754,1360.9087142649764,1326.9512991297659,1353.0723876953125,994600,1345765796.8017578
2002-12-18 00:00:00,1332.1755623817444,1360.9087607860563,1329.5634534358978,1337.3997802734375,872000,1166212608.3984375
2002-12-19 00:00:00,1355.6844965518671,1358.2966054084218,1340.0118434125393,1353.0723876953125,956900,1294754967.7856445
2002-12-20 00:00:00,1360.9086399336618,1368.7449660753143,1345.2359876503565,1350.460205078125,767800,1036883345.4589844
2002-12-23 00:00:00,1350.460205078125,1350.460205078125,1350.460205078125,1350.460205078125,0,0.0
2002-12-24 00:00:00,1345.2360611256486,1368.7450408346406,1342.623952269094,1353.0723876953125,753100,1018998815.1733398
2002-12-25 00:00:00,1353.072243600798,1366.1327864926975,1350.460135022418,1360.9085693359375,446500,607645676.2084961
2002-12-26 00:00:00,1371.3570591188827,1389.6418199071345,1363.5207330667747,1384.4176025390625,277700,384452768.22509766
2002-12-27 00:00:00,1373.9694833328476,1400.0905761718752,1371.3573740489448,1400.090576171875,466800,653562280.9570312
2002-12-30 00:00:00,1371.3569168749266,1394.8658925927825,1371.3569168749266,1392.2537841796875,255600,355860067.2363281
2002-12-31 00:00:00,1392.2537841796875,1392.2537841796875,1392.2537841796875,1392.2537841796875,0,0.0
2003-01-01 00:00:00,1392.2537841796875,1392.2537841796875,1392.2537841796875,1392.2537841796875,0,0.0
2003-01-02 00:00:00,1392.2537841796875,1392.2537841796875,1392.2537841796875,1392.2537841796875,0,0.0
2003-01-03 00:00:00,1392.2537841796875,1392.2537841796875,1392.2537841796875,1392.2537841796875,0,0.0
2003-01-06 00:00:00,1410.5389642981845,1426.211619457053,1392.254199946171,1402.70263671875,387100,542986190.6738281
2003-01-07 00:00:00,1410.5384677514098,1413.1505760250236,1389.6416015625,1389.6416015625,680200,945234217.3828125
2003-01-08 00:00:00,1389.6418357863877,1389.6418357863877,1337.399661508704,1350.460205078125,771100,1041339864.1357422
2003-01-09 00:00:00,1332.1751233602924,1353.0719880404538,1326.950907190252,1334.7872314453125,620500,828235477.1118164
2003-01-10 00:00:00,1355.6843965697058,1358.2965052336165,1332.1754185945085,1345.2359619140625,1045700,1406713245.3735352
2003-01-13 00:00:00,1345.2359619140625,1345.2359619140625,1345.2359619140625,1345.2359619140625,0,0.0
2003-01-14 00:00:00,1355.6844001183144,1376.5812694842998,1345.2359654353215,1358.2965087890625,650700,883843538.269043
2003-01-15 00:00:00,1373.9691162109373,1373.9691162109373,1334.787487421652,1373.9691162109375,406100,557968858.0932617
2003-01-16 00:00:00,1353.0722914475662,1368.7449434720554,1337.399639423077,1358.2965087890625,606500,823806832.5805664
2003-01-17 00:00:00,1358.2965312197775,1371.3570747891984,1347.8480963642407,1350.460205078125,517600,698998202.1484375
2003-01-20 00:00:00,1347.847992003315,1353.0722090265838,1313.890581352069,1329.563232421875,784500,1043042355.8349609
2003-01-21 00:00:00,1324.3390492386188,1363.5206779143175,1319.1148320818588,1360.9085693359375,520300,708080728.6254883
2003-01-22 00:00:00,1340.0116664684122,1353.0722090265838,1321.7269068869718,1329.563232421875,669100,889610758.8134766
2003-01-23 00:00:00,1324.339096069336,1366.1328348013071,1321.7269873985879,1358.2965087890625,708300,962081417.175293
2003-01-24 00:00:00,1337.399557956778,1353.0722090265838,1324.3390153986063,1329.563232421875,719500,956620745.7275391
2003-01-27 00:00:00,1298.2178740234374,1316.5026328125,1290.381548828125,1306.05419921875,723300,944669002.2949219
2003-01-28 00:00:00,1287.7693880142704,1311.278362643334,1287.7693880142704,1295.605712890625,512200,663609246.1425781
2003-01-29 00:00:00,1298.217912732458,1300.8300212087809,1266.8726110165837,1277.321044921875,703900,899106283.5205078
2003-01-30 00:00:00,1282.5453585207586,1298.2180105597088,1269.4848151549666,1272.096923828125,429200,545983999.7070312
2003-01-31 00:00:00,1264.2605419717574,1266.8726505295501,1235.5273478360357,1248.587890625,864100,1078904796.2890625
2003-02-03 00:00:00,1227.690860968976,1272.0967006210453,1225.0787527541486,1264.2603759765625,722900,913933825.793457
2003-02-04 00:00:00,1266.8726505295501,1269.484759087343,1245.975782067207,1248.587890625,730900,912592889.2578125
2003-02-05 00:00:00,1235.5277343750001,1285.1578125,1235.5277343750001,1253.8125,929800,1165794862.5
2003-02-06 00:00:00,1240.7517063871344,1243.3638152426863,1217.2427266871675,1227.691162109375,1332600,1636021242.6269531
2003-02-07 00:00:00,1227.6909443483514,1232.9151611328125,1214.6304023871987,1232.9151611328125,683600,842820804.1503906
2003-02-10 00:00:00,1217.2429204402201,1232.9155760682058,1217.2429204402201,1230.303466796875,565700,695982671.1669922
2003-02-11 00:00:00,1230.303466796875,1230.303466796875,1230.303466796875,1230.303466796875,0,0.0
2003-02-12 00:00:00,1243.36376953125,1256.4243133288471,1238.139552012211,1243.36376953125,1123400,1396794858.6914062
2003-02-13 00:00:00,1264.260488775712,1272.0968141193632,1227.6909705053401,1238.139404296875,1396000,1728442608.3984375
2003-02-14 00:00:00,1238.1398190229368,1245.9761469914363,1219.8550537631043,1222.4671630859375,1920900,2348237173.5717773
2003-02-17 00:00:00,1227.691381731604,1235.5277097001035,1217.2429444402712,1222.4671630859375,795900,972961615.1000977
2003-02-18 00:00:00,1225.0785858350341,1225.0785858350341,1214.6301543993409,1219.8543701171875,349300,426095131.4819336
2003-02-19 00:00:00,1225.079053253823,1243.3638152426863,1219.8548355427195,1227.691162109375,846900,1039731645.1904297
2003-02-20 00:00:00,1235.527685339537,1235.527685339537,1225.079248254213,1230.303466796875,491200,604325062.890625
2003-02-21 00:00:00,1227.691381731604,1235.5277097001035,1222.4671630859375,1222.4671630859375,798100,975651042.8588867
2003-02-24 00:00:00,1227.6912105210554,1235.5275373967218,1217.2427746868336,1225.0791015625,329400,403541056.0546875
2003-02-25 00:00:00,1225.0792718745736,1225.0792718745736,1159.7765388322189,1196.3460693359375,778500,931355414.9780273
2003-02-26 00:00:00,1191.121778612013,1212.0186519209956,1191.121778612013,1206.79443359375,669300,807707514.4042969
2003-02-27 00:00:00,1188.5097179494703,1227.6913570027496,1188.5097179494703,1217.242919921875,632600,770027871.1425781
2003-02-28 00:00:00,1212.018503736413,1217.2427214249321,1170.224762228261,1201.570068359375,1271800,1528156812.9394531
2003-03-03 00:00:00,1185.8971008433757,1201.5697497531999,1175.448668236826,1198.9576416015625,1028000,1232528455.5664062
2003-03-04 00:00:00,1201.570288503272,1225.0792724087707,1201.570288503272,1222.4671630859375,709200,866973712.0605469
2003-03-05 00:00:00,1201.570288503272,1230.303491054437,1191.1218512119392,1222.4671630859375,883600,1080171985.3027344
2003-03-06 00:00:00,1227.6911075616865,1235.5274337801652,1201.5700201667569,1204.18212890625,865700,1042460468.9941406
2003-03-07 00:00:00,1188.5094897956935,1196.3458161020387,1154.552075801531,1157.1641845703125,863200,998864124.1210938
2003-03-10 00:00:00,1178.0610834418403,1196.3458452690973,1159.7763216145834,1175.448974609375,1238800,1456146189.7460938
2003-03-11 00:00:00,1159.7762340198865,1167.6125599254262,1112.7582785866477,1120.5946044921875,737700,826662639.7338867
2003-03-12 00:00:00,1133.6550080672553,1165.0003078294835,1123.2065748131793,1141.4913330078125,752300,858743929.8217773
2003-03-13 00:00:00,1144.1034088844476,1154.5518418422964,1123.20654296875,1123.20654296875,612100,687514724.9511719
2003-03-14 00:00:00,1125.8187819047407,1165.000410045277,1125.8187819047407,1149.3277587890625,2479600,2849873110.6933594
2003-03-17 00:00:00,1149.328100191253,1159.776537465719,1131.0433349609375,1131.0433349609375,439300,496867337.04833984
2003-03-18 00:00:00,1193.7333785527433,1193.7333785527433,1154.5517578125,1154.5517578125,890700,1028359250.6835938
2003-03-19 00:00:00,1167.6126481119793,1175.448974609375,1133.6552332899307,1175.448974609375,560700,659074240.0634766
2003-03-20 00:00:00,1209.406366141953,1209.406366141953,1183.2852783203125,1183.2852783203125,901700,1066968335.4614258
2003-03-21 00:00:00,1183.2852783203125,1183.2852783203125,1183.2852783203125,1183.2852783203125,0,0.0
2003-03-24 00:00:00,1222.4667926565876,1227.6910097192224,1209.40625,1209.40625,873400,1056295418.75
2003-03-25 00:00:00,1198.9579595151156,1222.466939113451,1196.345850670856,1201.570068359375,568100,682611955.8349609
2003-03-26 00:00:00,1223.139744740305,1238.922193059535,1207.3572964210755,1233.661376953125,619600,764376589.1601562
2003-03-27 00:00:00,1223.1394899556565,1238.9219349873424,1215.2482674398136,1225.7698974609375,544800,667799440.1367188
2003-03-28 00:00:00,1209.9873637105084,1228.4002148974073,1181.0528832739528,1196.8353271484375,713000,853343588.2568359
2003-03-31 00:00:00,1191.57430255113,1194.2047094000286,1136.3357587242563,1149.48779296875,751000,863265332.5195312
2003-04-01 00:00:00,1136.3357587242563,1154.7486066665474,1136.3357587242563,1149.48779296875,706100,811653330.6152344
2003-04-02 00:00:00,1154.7489868164062,1162.6402099609375,1144.2273559570312,1157.37939453125,532900,616767479.3457031
2003-04-03 00:00:00,1173.1614393946213,1173.1614393946213,1141.5965576171875,1141.5965576171875,597500,682103943.1762695
2003-04-04 00:00:00,1154.7486066665474,1157.3790135154463,1141.596572422054,1149.48779296875,611100,702451990.2832031
2003-04-07 00:00:00,1167.900846711882,1199.4657344608518,1152.118402837397,1196.8353271484375,903900,1081819452.2094727
2003-04-08 00:00:00,1196.835277296323,1196.835277296323,1170.5312052678323,1191.574462890625,537300,640232958.9111328
2003-04-09 00:00:00,1183.6829833984375,1188.9437966579862,1160.0093237304689,1183.6829833984375,781100,924574778.3325195
2003-04-10 00:00:00,1173.1618408203124,1175.7922485351562,1146.8577636718749,1157.37939453125,502300,581351669.8730469
2003-04-11 00:00:00,1162.6401724051987,1173.1618029247027,1131.0752808466864,1133.7056884765625,583800,661857380.9326172
2003-04-14 00:00:00,1133.7056884765625,1154.7489495155705,1120.5536503271824,1133.7056884765625,657000,744844637.3291016
2003-04-15 00:00:00,1136.335993705036,1146.857623276379,1094.2494754196641,1096.8798828125,937300,1028105514.1601562
2003-04-16 00:00:00,1120.55318720726,1133.7052199209602,1107.4011544935597,1123.18359375,750600,843061605.46875
2003-04-17 00:00:00,1123.18359375,1128.44440683548,1112.6619675790398,1123.18359375,336900,378400552.734375
2003-04-18 00:00:00,1125.8146863511029,1128.445094496783,1115.2930537683824,1117.9234619140625,335000,374504359.74121094
2003-04-21 00:00:00,1123.1840455242407,1144.2273063303155,1120.5536379234813,1125.814453125,399900,450213199.8046875
2003-04-22 00:00:00,1125.8142019755533,1138.9662370453611,1086.3580967661296,1099.5101318359375,548700,603301209.3383789
2003-04-23 00:00:00,1107.4018293313418,1125.8146863511029,1086.3585641659008,1117.9234619140625,706100,789365756.4575195
2003-04-24 00:00:00,1138.966165573155,1149.48779296875,1120.5533176308638,1149.48779296875,461300,530258718.8964844
2003-04-25 00:00:00,1110.0319098706516,1131.0751688255455,1104.7710951319282,1115.292724609375,583900,651219421.8994141
2003-04-28 00:00:00,1117.9231552850633,1117.9231552850633,1099.5103033156622,1104.7711181640625,291200,321709349.609375
2003-04-29 00:00:00,1104.7711181640625,1104.7711181640625,1104.7711181640625,1104.7711181640625,0,0.0
2003-04-30 00:00:00,1120.5534024272565,1136.3358447149644,1099.510146043646,1107.4013671875,870700,964214370.4101562
2003-05-01 00:00:00,1094.249488467262,1110.031933012463,1073.2062290736608,1104.7711181640625,650400,718543135.2539062
2003-05-02 00:00:00,1104.7708650914635,1104.7708650914635,1078.466796875,1078.466796875,784200,845733662.109375
2003-05-05 00:00:00,1078.466796875,1078.466796875,1078.466796875,1078.466796875,0,0.0
2003-05-06 00:00:00,1096.879934030813,1136.3360467657344,1094.2495265151515,1128.44482421875,1286500,1451744266.3574219
2003-05-07 00:00:00,1146.85767682838,1146.85767682838,1117.9231941561043,1128.44482421875,1010500,1140293494.8730469
2003-05-08 00:00:00,1144.227543370864,1144.227543370864,1112.6626456227023,1117.9234619140625,978000,1093329145.7519531
2003-05-09 00:00:00,1138.966552458821,1165.2706298828125,1125.8145137468255,1165.2706298828125,1121800,1307200592.602539
2003-05-12 00:00:00,1183.6833971118494,1186.313804660987,1154.7489140713376,1162.64013671875,710500,826055817.1386719
2003-05-13 00:00:00,1173.161549159459,1199.4656197684153,1165.2703279767718,1178.42236328125,992700,1169819880.0292969
2003-05-14 00:00:00,1231.0304379670517,1233.6608448857846,1207.3567756984546,1209.9871826171875,2140600,2590098563.1103516
2003-05-15 00:00:00,1220.50927734375,1228.4005011196796,1204.7268297918913,1220.50927734375,1321800,1613269162.7929688
2003-05-16 00:00:00,1241.551981437106,1262.5952353597688,1236.2911679564404,1252.0736083984375,1050000,1314677288.8183594
2003-05-19 00:00:00,1254.703964040249,1257.3343706734572,1231.0303043413764,1246.812744140625,1160100,1446427464.477539
2003-05-20 00:00:00,1246.8134172191499,1249.4438252723546,1231.03096889992,1233.661376953125,798700,985325341.7724609
2003-05-21 00:00:00,1238.9219349873424,1241.5523424926234,1217.8786749450944,1225.7698974609375,1020000,1250285295.4101562
2003-05-22 00:00:00,1228.4002713697262,1259.9651605698048,1225.7698639363862,1254.704345703125,875600,1098619125.0976562
2003-05-23 00:00:00,1262.5953011304575,1270.486521762523,1254.7040804983922,1265.2257080078125,875900,1108211197.644043
2003-05-26 00:00:00,1270.486379218347,1286.2688187117428,1267.8559726361145,1275.7471923828125,656300,837272882.3608398
2003-05-27 00:00:00,1275.7471410778985,1275.7471410778985,1262.595108695652,1270.486328125,504700,641214449.8046875
2003-05-28 00:00:00,1283.63896484375,1299.4214111328124,1283.63896484375,1288.8997802734375,622100,801824553.3081055
2003-05-29 00:00:00,1299.4216157528692,1320.4648807853043,1291.530391365706,1317.83447265625,1049400,1382935495.6054688
2003-05-30 00:00:00,1325.725140971522,1336.2467690744706,1304.681884765625,1304.681884765625,943300,1230706421.899414
2003-06-02 00:00:00,1307.3124637220758,1328.3557226954692,1307.3124637220758,1309.94287109375,685500,897965838.1347656
2003-06-03 00:00:00,1317.834132448456,1341.5077994984283,1315.2037249984592,1333.6165771484375,856300,1141975875.012207
2003-06-04 00:00:00,1336.2469845984344,1359.9206516484066,1330.9861696984406,1333.6165771484375,1152600,1537126466.821289
2003-06-05 00:00:00,1344.1377223016766,1349.3985353048142,1281.0079662640246,1296.7904052734375,1300300,1686216563.9770508
2003-06-06 00:00:00,1281.00848463105,1299.4213375928923,1257.3348165372522,1294.1605224609375,1527200,1976441949.9023438
2003-06-09 00:00:00,1286.2689114692066,1288.8993182411273,1257.3344369780793,1259.96484375,1077000,1356982136.71875
2003-06-10 00:00:00,1265.2260392351848,1299.4213375928923,1265.2260392351848,1294.1605224609375,835300,1081012284.411621
2003-06-11 00:00:00,1302.0514777398878,1323.094733945785,1294.1602566626764,1304.681884765625,969100,1264367214.5263672
2003-06-12 00:00:00,1302.0514274319175,1304.6818343560224,1283.6385789631834,1299.4210205078125,890700,1157394302.9663086
2003-06-13 00:00:00,1309.9421391553217,1333.6157922725865,1299.4205155476484,1328.35498046875,2698400,3584433079.296875
2003-06-16 00:00:00,1320.464427734375,1336.24687109375,1296.7907626953124,1315.20361328125,630500,829235878.1738281
2003-06-17 00:00:00,1317.8333568610767,1330.9853863706683,1317.8333568610767,1328.35498046875,740000,982982685.546875
2003-06-18 00:00:00,1341.50759674782,1367.8116672722867,1338.877189695373,1357.2900390625,872800,1184642746.09375
2003-06-19 00:00:00,1357.2900390625,1357.2900390625,1336.2467826429263,1357.2900390625,689800,936258668.9453125
2003-06-20 00:00:00,1357.2897907206022,1378.333043289914,1352.0289775782744,1375.70263671875,671600,923921890.8203125
2003-06-23 00:00:00,1383.5939433556475,1391.4851635649004,1373.0723164099772,1378.3331298828125,877400,1209349488.1591797
2003-06-24 00:00:00,1383.594109586967,1386.2245166394139,1349.3988179051598,1357.2900390625,552300,749631288.5742188
2003-06-25 00:00:00,1367.8118133544922,1373.0726280212402,1341.507740020752,1346.7685546875,585500,788532988.7695312
2003-06-26 00:00:00,1352.029442401961,1362.5510723039217,1320.4645526960785,1341.5078125,619800,831466542.1875
2003-06-27 00:00:00,1325.7250470773156,1341.5074881139503,1315.2034197195592,1320.4642333984375,936700,1236878847.4243164
2003-06-30 00:00:00,1299.4210205078127,1312.573055128337,1296.7906135837077,1299.4210205078125,873900,1135564029.8217773
2003-07-01 00:00:00,1294.1602494408548,1333.6163546067346,1273.1169933523856,1323.0947265625,704700,932384853.8085938
2003-07-02 00:00:00,1302.0516877484745,1336.2469845984344,1302.0516877484745,1333.6165771484375,704500,939532878.6010742
2003-07-03 00:00:00,1336.2467616177933,1352.0292036841452,1288.8994354187375,1323.0947265625,1042700,1379590871.3867188
2003-07-04 00:00:00,1259.9647179120852,1294.1600025318287,1244.182278856819,1278.3775634765625,2389800,3055066701.196289
2003-07-07 00:00:00,1194.2049427920595,1233.661053236731,1178.4224986141908,1186.313720703125,2636000,3127122967.7734375
2003-07-08 00:00:00,1228.400140875017,1231.030548028925,1194.2048478742136,1202.0960693359375,2056800,2472471195.4101562
2003-07-09 00:00:00,1204.7263015396659,1259.96484375,1204.7263015396659,1259.96484375,2213600,2789058178.125
2003-07-10 00:00:00,1281.0085571289062,1291.530187988281,1262.595703125,1288.8997802734375,1856800,2393229112.0117188
2003-07-11 00:00:00,1286.2689630266536,1286.2689630266536,1244.1824529889716,1265.2257080078125,2361300,2987577464.3188477
2003-07-14 00:00:00,1259.9652954101562,1288.8997802734375,1231.030810546875,1288.8997802734375,1057900,1363527077.5512695
2003-07-15 00:00:00,1273.1171977365043,1273.1171977365043,1244.1827159697655,1254.704345703125,1067300,1339145948.1689453
2003-07-16 00:00:00,1262.5952353597688,1262.5952353597688,1238.9215746967732,1252.0736083984375,1323100,1656618591.2719727
2003-07-17 00:00:00,1262.59619140625,1273.1178263346355,1252.0745564778647,1262.59619140625,1599000,2018891310.0585938
2003-07-18 00:00:00,1294.160595703125,1299.4214111328124,1278.3781494140624,1288.8997802734375,946700,1220201421.9848633
2003-07-21 00:00:00,1288.8997802734375,1288.8997802734375,1288.8997802734375,1288.8997802734375,0,0.0
2003-07-22 00:00:00,1288.9002787272136,1288.9002787272136,1241.5529215494792,1262.59619140625,812900,1026364443.9941406
2003-07-23 00:00:00,1257.334753136465,1265.2259754364845,1246.8131234031052,1254.704345703125,845200,1060476112.9882812
2003-07-24 00:00:00,1244.1827159697655,1254.704345703125,1238.9219011030857,1254.704345703125,1348800,1692345221.484375
2003-07-25 00:00:00,1254.704050935444,1257.3344577508224,1231.0303895970394,1249.4432373046875,1183200,1478341238.3789062
2003-07-28 00:00:00,1257.3348041682643,1286.269287109375,1252.0739890880623,1286.269287109375,746500,960200022.8271484
2003-07-29 00:00:00,1296.7904450406731,1312.5728845340689,1267.8559726361145,1275.7471923828125,733500,935760565.612793
2003-07-30 00:00:00,1275.7478296883294,1283.6390533771232,1233.6613033480958,1238.922119140625,1051700,1302974392.7001953
2003-07-31 00:00:00,1241.5519308742087,1262.5951839398733,1241.5519308742087,1246.812744140625,876400,1092706688.9648438
2003-08-01 00:00:00,1233.660756761472,1246.8127904156454,1204.7262827222903,1207.356689453125,1183300,1428665170.6298828
2003-08-04 00:00:00,1207.3568409511022,1209.987248011998,1178.42236328125,1178.42236328125,742600,875096446.9726562
2003-08-05 00:00:00,1183.6832412820777,1199.465684499172,1170.5312052678323,1191.574462890625,824300,982214829.7607422
2003-08-06 00:00:00,1181.0528340792287,1217.8785349191155,1181.0528340792287,1191.574462890625,632500,753670847.7783203
2003-08-07 00:00:00,1175.7920232650338,1186.3136521085687,1144.2271367344288,1146.8575439453125,1169200,1340905840.3808594
2003-08-08 00:00:00,1141.5966506100774,1181.0527560459095,1141.5966506100774,1170.5311279296875,1162800,1361093595.5566406
2003-08-11 00:00:00,1162.6398580799932,1209.9871826171875,1162.6398580799932,1209.9871826171875,468200,566515998.9013672
2003-08-12 00:00:00,1217.878576237402,1236.2914272820278,1215.2481689453125,1215.2481689453125,737800,896610099.0478516
2003-08-13 00:00:00,1231.0307617187502,1231.0307617187502,1215.2483160556892,1231.03076171875,503700,620070194.6777344
2003-08-14 00:00:00,1215.2479964546535,1225.7696241295857,1194.2047411047895,1209.9871826171875,747900,904949413.8793945
2003-08-15 00:00:00,1212.61767578125,1212.61767578125,1212.61767578125,1212.61767578125,537900,652267047.8027344
2003-08-18 00:00:00,1231.030445894282,1238.9216667012965,1220.5088181515957,1236.291259765625,501000,619381921.1425781
2003-08-19 00:00:00,1257.3345222225973,1257.3345222225973,1215.2480110184936,1217.87841796875,693100,844111531.4941406
2003-08-20 00:00:00,1217.8787236661994,1249.4436149923213,1217.8787236661994,1231.03076171875,765000,941738532.7148438
2003-08-21 00:00:00,1212.6182063870904,1252.0743302391647,1212.6182063870904,1244.18310546875,710900,884489769.6777344
2003-08-22 00:00:00,1252.073557407041,1262.5951839398733,1244.1823375074168,1246.812744140625,538400,671283981.4453125
2003-08-25 00:00:00,1259.9655865554494,1267.8568115234375,1249.4439532647984,1267.8568115234375,427600,542135572.6074219
2003-08-26 00:00:00,1267.8568115234375,1273.1176281687628,1262.595994878112,1267.8568115234375,496500,629490906.9213867
2003-08-27 00:00:00,1273.1170654296875,1281.0082869096236,1265.2258439497514,1273.1170654296875,579100,737262092.590332
2003-08-28 00:00:00,1275.7474444401314,1278.3778515420697,1246.8129663188088,1257.3345947265625,541900,681349616.8823242
2003-08-29 00:00:00,1273.1171644867445,1288.8996086745967,1254.70431293425,1283.6387939453125,921700,1183129876.3793945
2003-09-01 00:00:00,1294.1602566626764,1304.681884765625,1273.1170004567791,1304.681884765625,607200,792202840.4296875
2003-09-02 00:00:00,1288.8996086745967,1304.682052862449,1283.6387939453125,1283.6387939453125,466000,598175677.9785156
2003-09-03 00:00:00,1299.4212381331647,1302.0516454978067,1265.2259423928183,1283.6387939453125,1166400,1497236289.2578125
2003-09-04 00:00:00,1294.1597037438119,1333.6157922725865,1291.5292978418936,1328.35498046875,1890000,2510590913.0859375
2003-09-05 00:00:00,1336.2469845984344,1338.8773920484314,1323.09494734845,1333.6165771484375,1127500,1503652690.7348633
2003-09-08 00:00:00,1341.5081525869407,1365.1818258678866,1338.8777444446132,1352.02978515625,1283900,1735871041.1621094
2003-09-09 00:00:00,1357.2897792169226,1359.9201857657927,1341.5073399237026,1349.3985595703125,765500,1032964597.3510742
2003-09-10 00:00:00,1352.0289661191825,1365.1809988635327,1346.7681530214427,1349.3985595703125,625700,844318678.7231445
2003-09-11 00:00:00,1344.1383797869175,1354.6600109398485,1309.9430785398922,1312.573486328125,645100,846741156.0302734
2003-09-12 00:00:00,1325.7245745668317,1338.8766040764233,1317.8333568610767,1328.35498046875,2831200,3760838620.703125
2003-09-15 00:00:00,1328.35498046875,1328.35498046875,1328.35498046875,1328.35498046875,0,0.0
2003-09-16 00:00:00,1357.2906014409045,1357.2906014409045,1336.247336302286,1352.02978515625,877500,1186406136.4746094
2003-09-17 00:00:00,1367.8119169776119,1412.5288450326493,1365.1815094449628,1409.8984375,1819700,2565592186.71875
2003-09-18 00:00:00,1420.419757035527,1444.0934196527858,1412.5285361631074,1441.4630126953125,1729100,2492433695.251465
2003-09-19 00:00:00,1454.6148883979395,1488.810175105305,1444.09326171875,1444.09326171875,1211900,1750096623.8769531
2003-09-22 00:00:00,1446.7236141401768,1454.6148338536686,1375.70263671875,1375.70263671875,951600,1309118629.1015625
2003-09-23 00:00:00,1375.70263671875,1375.70263671875,1375.70263671875,1375.70263671875,0,0.0
2003-09-24 00:00:00,1417.7890084210562,1436.2018526862648,1404.6369768030502,1430.9410400390625,1252500,1792253652.6489258
2003-09-25 00:00:00,1432.530339010586,1440.4741301696095,1419.29068707888,1424.5865478515625,1136300,1618757694.3237305
2003-09-26 00:00:00,1382.2195773911883,1408.6988796400615,1382.2195773911883,1395.459228515625,935400,1305312562.3535156
2003-09-29 00:00:00,1379.571469139507,1395.4590484386183,1363.6838898403955,1387.5152587890625,1135100,1574968570.2514648
2003-09-30 00:00:00,1376.9237439385774,1421.9385586442618,1376.9237439385774,1382.2196044921875,788400,1089741936.1816406
2003-10-01 00:00:00,1382.2197438709773,1424.5866325720033,1382.2197438709773,1419.290771484375,663400,941557497.8027344
2003-10-02 00:00:00,1427.2343939887153,1461.6574869791668,1408.6988823784723,1429.88232421875,1092000,1561431498.046875
2003-10-03 00:00:00,1456.3618535580842,1469.6015067722485,1443.1222003439198,1461.65771484375,1055000,1542048889.1601562
2003-10-06 00:00:00,1482.8412393531307,1485.4891701376898,1435.178485231066,1437.826416015625,926800,1332577522.3632812
2003-10-07 00:00:00,1456.3616564674098,1456.3616564674098,1432.530283907034,1451.0657958984375,724800,1051732488.8671875
2003-10-08 00:00:00,1453.7135058686933,1459.009365635064,1382.219399022692,1387.5152587890625,809700,1123471105.041504
2003-10-09 00:00:00,1406.0510629507212,1424.5865760216348,1398.1072716346155,1411.346923828125,382800,540263602.4414062
2003-10-10 00:00:00,1400.7551102558919,1443.121994498036,1390.1633891953556,1432.5302734375,899500,1288560980.9570312
2003-10-13 00:00:00,1432.5302734374998,1432.5302734374998,1432.5302734374998,1432.5302734375,0,0.0
2003-10-14 00:00:00,1437.8261149088542,1461.6574869791668,1429.88232421875,1429.88232421875,467100,667898033.6425781
2003-10-15 00:00:00,1445.7699438566651,1448.417874156769,1432.5302923561462,1435.17822265625,443000,635783952.6367188
2003-10-16 00:00:00,1413.994873046875,1443.122108259451,1392.8114292559105,1413.994873046875,721200,1019773102.4414062
2003-10-17 00:00:00,1419.2906477802342,1424.5865084062798,1376.923762771869,1384.8675537109375,608300,842414932.9223633
2003-10-20 00:00:00,1350.4443031354967,1384.867393215421,1337.2046531047565,1379.571533203125,892100,1230715764.7705078
2003-10-21 00:00:00,1376.923603196977,1392.8111832338652,1368.9798131785328,1379.571533203125,590100,814085161.7431641
2003-10-22 00:00:00,1390.1635659707558,1390.1635659707558,1366.3321905541145,1371.6280517578125,476900,654129417.8833008
2003-10-23 00:00:00,1350.4436228534962,1379.5708382483756,1334.5560508199258,1337.2039794921875,654200,874798843.3837891
2003-10-24 00:00:00,1345.14828125,1379.5713671875,1302.7814062500001,1323.96484375,861100,1140066126.953125
2003-10-27 00:00:00,1345.1483748525943,1406.050761903007,1323.9649358785377,1403.40283203125,964000,1352880330.078125
2003-10-28 00:00:00,1403.4028836763823,1411.3466735839845,1361.0360041691708,1376.923583984375,677700,933141112.8662109
2003-10-29 00:00:00,1376.9235333136792,1411.3466216465213,1376.9235333136792,1403.40283203125,630800,885266506.4453125
2003-10-30 00:00:00,1392.811118555433,1408.6986978545444,1366.3318197235806,1387.5152587890625,377700,524064513.2446289
2003-10-31 00:00:00,1387.5153496320859,1400.7549999148348,1342.5005386707396,1366.3319091796875,554500,757631043.6401367
2003-11-03 00:00:00,1366.3319091796875,1366.3319091796875,1366.3319091796875,1366.3319091796875,0,0.0
2003-11-04 00:00:00,1395.4594540904232,1398.107384743346,1371.6280782141162,1392.8115234375,695600,968839695.703125
2003-11-05 00:00:00,1379.5717494872592,1435.1782883341546,1374.275888644698,1427.2344970703125,1224800,1748076812.0117188
2003-11-06 00:00:00,1435.178220810196,1448.417872293685,1392.8113360630316,1400.755126953125,1009600,1414202376.171875
2003-11-07 00:00:00,1416.6426730685764,1429.88232421875,1406.0509521484375,1429.88232421875,580000,829331748.046875
2003-11-10 00:00:00,1435.178485231066,1445.7702083693025,1421.93883130827,1437.826416015625,414200,595547701.5136719
2003-11-11 00:00:00,1440.4738898026317,1445.7697496916119,1403.4028705797698,1408.69873046875,674700,950449033.4472656
2003-11-12 00:00:00,1429.8831784877743,1448.418701171875,1413.995587615688,1448.418701171875,660100,956101184.6435547
2003-11-13 00:00:00,1451.0659380101447,1451.0659380101447,1411.3469798529327,1419.290771484375,408000,579070634.765625
2003-11-14 00:00:00,1429.8826236619475,1451.066069938421,1429.8826236619475,1437.826416015625,1127900,1621724414.6240234
2003-11-17 00:00:00,1445.7696142757638,1445.7696142757638,1427.2341064004336,1440.4737548828125,653500,941349598.815918
2003-11-18 00:00:00,1453.7139229152513,1498.7287438434103,1432.5304777725883,1461.65771484375,1634300,2388787203.3691406
2003-11-19 00:00:00,1461.657981654576,1482.8414306640625,1435.1786703927175,1482.8414306640625,1101900,1633942972.4487305
2003-11-20 00:00:00,1482.8408186258634,1533.1514892578125,1477.5449585593426,1533.1514892578125,1618400,2481252370.2148438
2003-11-21 00:00:00,1490.7845146365282,1525.2076028963415,1490.7845146365282,1519.9117431640625,810600,1232040459.008789
2003-11-24 00:00:00,1519.9117431640625,1519.9117431640625,1519.9117431640625,1519.9117431640625,0,0.0
2003-11-25 00:00:00,1533.1519833622046,1533.1519833622046,1488.1371582893937,1498.7288818359375,716200,1073389625.1708984
2003-11-26 00:00:00,1504.0241639672256,1530.5034626286206,1501.376234101086,1519.9117431640625,693400,1053906802.7099609
2003-11-27 00:00:00,1509.320264194101,1511.9681944821607,1472.2492401612633,1485.4888916015625,934900,1388783564.7583008
2003-11-28 00:00:00,1485.4885300095016,1488.1364596530123,1459.0092335743946,1469.6009521484375,511700,751994807.2143555
2003-12-01 00:00:00,1472.2489867951024,1533.1513729395042,1453.7134779685455,1517.2637939453125,796300,1208197159.1186523
2003-12-02 00:00:00,1535.7994192910728,1543.7432093908542,1522.5597691247706,1533.1514892578125,697800,1069833109.2041016
2003-12-03 00:00:00,1535.7998599646226,1562.279167895047,1530.5039983785377,1543.74365234375,768900,1186984494.2871094
2003-12-04 00:00:00,1554.3349225427348,1559.63078258547,1543.7432024572647,1549.0390625,392200,607533120.3125
2003-12-05 00:00:00,1551.6875365380527,1556.9833984374998,1543.7437436888818,1556.9833984375,634100,987283172.9492188
2003-12-08 00:00:00,1538.4473493243333,1562.2787196236775,1530.503559224552,1533.1514892578125,925900,1419544963.9038086
2003-12-09 00:00:00,1554.3353271484375,1562.2791192803716,1543.7436043058588,1554.3353271484375,672600,1045445941.0400391
2003-12-10 00:00:00,1556.98331319518,1575.518828828456,1554.3353823904263,1562.2791748046875,929900,1452763404.650879
2003-12-11 00:00:00,1570.2225913233406,1583.462242177669,1567.574661152475,1578.1663818359375,540700,853314562.6586914
2003-12-12 00:00:00,1572.8703541845955,1583.462073741394,1517.2638265114026,1538.447265625,2238900,3444429583.0078125
2003-12-15 00:00:00,1572.8710756350126,1583.4628000500632,1562.2793512199619,1570.22314453125,953700,1497521812.9394531
2003-12-16 00:00:00,1549.0392326586175,1575.5185357809871,1541.0954417219066,1572.87060546875,560900,882223122.6074219
2003-12-17 00:00:00,1572.8709594726563,1575.5188903808594,1525.208203125,1535.7999267578125,908400,1395120653.4667969
2003-12-18 00:00:00,1493.4329464732539,1509.3205310102035,1482.841223448621,1488.1370849609375,1470200,2187859142.3095703
2003-12-19 00:00:00,1509.3205451965332,1546.391576131185,1498.7288220723472,1525.2081298828125,978500,1492416155.090332
2003-12-22 00:00:00,1519.9116550720844,1546.3909521987757,1519.9116550720844,1541.0950927734375,516600,796129724.9267578
2003-12-23 00:00:00,1541.0950927734375,1541.0950927734375,1541.0950927734375,1541.0950927734375,0,0.0
2003-12-24 00:00:00,1551.6875122070312,1551.6875122070312,1525.208203125,1535.7999267578125,497200,763599723.5839844
2003-12-25 00:00:00,1525.2076028963415,1533.1513924947599,1514.6158834317837,1519.9117431640625,174400,265072608.0078125
2003-12-26 00:00:00,1519.9117431640625,1525.2076028963415,1509.3200236995046,1519.9117431640625,311200,472996534.47265625
2003-12-29 00:00:00,1525.2081482885615,1546.3915947925693,1522.5602174755606,1527.8560791015625,293800,448884116.04003906
2003-12-30 00:00:00,1551.687227559337,1556.9830884042494,1530.5037841796875,1530.5037841796875,337100,515932825.64697266
2003-12-31 00:00:00,1530.5037841796875,1530.5037841796875,1530.5037841796875,1530.5037841796875,0,0.0
2004-01-01 00:00:00,1530.5037841796875,1530.5037841796875,1530.5037841796875,1530.5037841796875,0,0.0
2004-01-02 00:00:00,1530.5037841796875,1530.5037841796875,1530.5037841796875,1530.5037841796875,0,0.0
2004-01-05 00:00:00,1562.2790792713993,1583.4625244140625,1551.6873567000678,1583.4625244140625,317700,503066044.00634766
2004-01-06 00:00:00,1586.110257029935,1586.110257029935,1562.2788842198022,1572.87060546875,860800,1353927017.1875
2004-01-07 00:00:00,1578.1664280247044,1578.1664280247044,1559.6309162861592,1567.57470703125,540100,846647099.2675781
2004-01-08 00:00:00,1564.9270986880897,1570.2229602741745,1541.0957215507076,1543.74365234375,658600,1016709569.4335938
2004-01-09 00:00:00,1522.5603975568497,1522.5603975568497,1482.8414306640625,1482.8414306640625,2237500,3317857701.11084
2004-01-12 00:00:00,1482.8414306640625,1482.8414306640625,1482.8414306640625,1482.8414306640625,0,0.0
2004-01-13 00:00:00,1482.8408659790919,1504.0243069216501,1472.2491455078125,1472.2491455078125,1494100,2199687448.3032227
2004-01-14 00:00:00,1474.898019292019,1474.898019292019,1440.474905735832,1448.418701171875,875300,1267800889.1357422
2004-01-15 00:00:00,1453.7137821013155,1459.009642873998,1419.29068707888,1424.5865478515625,791900,1128130087.2436523
2004-01-16 00:00:00,1427.2347293398798,1445.7702453053328,1427.2347293398798,1443.122314453125,794900,1147137927.758789
2004-01-19 00:00:00,1453.7135395250823,1459.0093994140625,1429.882170024671,1459.0093994140625,561600,819379678.7109375
2004-01-20 00:00:00,1443.1228375478463,1480.1938829160479,1435.179042111803,1448.418701171875,1077000,1559946941.1621094
2004-01-21 00:00:00,1459.0095594519948,1474.8971408616355,1451.0657687471746,1464.305419921875,1118800,1638264903.8085938
2004-01-22 00:00:00,1474.897170449323,1493.432682465742,1469.6013098732035,1485.4888916015625,984400,1462315264.8925781
2004-01-23 00:00:00,1490.7846948767221,1490.7846948767221,1456.3616024550572,1477.5450439453125,1013100,1496900884.020996
2004-01-26 00:00:00,1477.5450439453125,1485.4888345041584,1472.2491835727487,1477.5450439453125,493900,729759497.2045898
2004-01-27 00:00:00,1498.7288079855705,1501.3767387417286,1482.841223448621,1488.1370849609375,650200,967586732.6416016
2004-01-28 00:00:00,1477.54538023493,1493.432964968639,1459.0098647122695,1490.7850341796875,729400,1087378603.930664
2004-01-29 00:00:00,1469.6015878680755,1490.7850341796875,1469.6015878680755,1490.7850341796875,731900,1091105566.5161133
2004-01-30 00:00:00,1477.5450439453125,1482.8409043178765,1464.3053930139029,1477.5450439453125,719200,1062650395.6054688
2004-02-02 00:00:00,1485.4890592876234,1509.3204345703125,1480.1931981136925,1509.3204345703125,579000,873896531.6162109
2004-02-03 00:00:00,1511.968271222494,1530.5037841796875,1501.3765495326693,1530.5037841796875,1506100,2305091749.3530273
2004-02-04 00:00:00,1514.616467155753,1519.9123289290249,1485.4892274027577,1498.7288818359375,1114300,1670033593.0297852
2004-02-05 00:00:00,1490.7850891760297,1504.0247436092093,1488.1371582893937,1498.7288818359375,464000,695410201.171875
2004-02-06 00:00:00,1504.0243069216501,1504.0243069216501,1464.305355154353,1472.2491455078125,701400,1032635550.6591797
2004-02-09 00:00:00,1459.00957608884,1472.24922741451,1419.2906221118299,1432.5302734375,1079400,1546273177.1484375
2004-02-10 00:00:00,1440.4742697010868,1477.5452987007473,1440.4742697010868,1461.65771484375,972500,1421462127.6855469
2004-02-11 00:00:00,1461.65771484375,1461.65771484375,1461.65771484375,1461.65771484375,0,0.0
2004-02-12 00:00:00,1482.84072503811,1519.9117431640625,1482.84072503811,1519.9117431640625,1367600,2078631299.9511719
2004-02-13 00:00:00,1493.4324311755952,1504.024150545635,1488.1365714905755,1501.376220703125,936700,1406339105.9326172
2004-02-16 00:00:00,1509.3208187390544,1519.9125437828372,1498.7290936952716,1511.96875,806200,1218949206.25
2004-02-17 00:00:00,1498.7287225385085,1511.9683755644671,1490.7849307229335,1493.432861328125,514600,768520550.4394531
2004-02-18 00:00:00,1498.728290860615,1506.6720803881449,1490.7845013330852,1501.376220703125,536900,806088892.8955078
2004-02-19 00:00:00,1493.4327293957585,1496.0806597670276,1464.3054953117987,1474.897216796875,1162500,1714568014.5263672
2004-02-20 00:00:00,1459.0095594519948,1472.2492106266955,1453.7136989821147,1464.305419921875,898000,1314946267.0898438
2004-02-23 00:00:00,1464.3056454865828,1477.5452987007473,1456.3618535580842,1461.65771484375,921700,1347209915.7714844
2004-02-24 00:00:00,1466.953661665483,1477.5453848544034,1453.7140076793323,1456.3619384765625,716500,1043483328.918457
2004-02-25 00:00:00,1456.3616584329043,1496.0806127538017,1456.3616584329043,1485.4888916015625,1144700,1700439134.2163086
2004-02-26 00:00:00,1488.1365657892943,1517.2637939453125,1482.8407061245637,1517.2637939453125,880900,1336557676.0864258
2004-02-27 00:00:00,1527.8562468710475,1570.22314453125,1522.5603846635222,1570.22314453125,1358500,2133148141.8457031
2004-03-01 00:00:00,1567.5743899001288,1570.222319612798,1535.799233348099,1541.0950927734375,1209600,1864108624.21875
2004-03-02 00:00:00,1533.1514768800537,1554.3349169751148,1511.9680367849924,1514.615966796875,927700,1405109232.397461
2004-03-03 00:00:00,1525.2085992517605,1535.8003256354532,1501.3772148884518,1504.025146484375,1089500,1638635397.0947266
2004-03-04 00:00:00,1504.024956217163,1538.4480626094573,1504.024956217163,1511.96875,1222200,1847928206.25
2004-03-05 00:00:00,1533.1514892578125,1543.7432093908542,1514.6159790249892,1533.1514892578125,1295700,1986504384.6313477
2004-03-08 00:00:00,1538.4472717815897,1538.4472717815897,1519.9117624830164,1522.5596923828125,725700,1104921568.762207
2004-03-09 00:00:00,1530.5039983785377,1551.6874447228774,1525.208136792453,1543.74365234375,733200,1131872845.8984375
2004-03-10 00:00:00,1546.3913667144247,1549.0392971368808,1514.6162016449503,1530.5037841796875,968500,1482292914.9780273
2004-03-11 00:00:00,1533.1513729395042,1538.4472326042348,1517.2637939453125,1517.2637939453125,867800,1316681520.3857422
2004-03-12 00:00:00,1477.5455684116907,1514.6166041782924,1466.9538439069474,1482.8414306640625,3743800,5551461748.120117
2004-03-15 00:00:00,1511.9683755644671,1511.9683755644671,1485.48906951255,1493.432861328125,485800,725509684.0332031
2004-03-16 00:00:00,1493.4331551688058,1501.376948547363,1482.8414306640625,1482.8414306640625,437800,649187978.3447266
2004-03-17 00:00:00,1485.4892274027577,1514.616467155753,1477.54543474285,1498.7288818359375,939900,1408655276.0375977
2004-03-18 00:00:00,1519.9123844086391,1525.2082463752197,1496.0810055590262,1506.6727294921875,678200,1021825445.1416016
2004-03-19 00:00:00,1509.3210096762214,1519.912736059914,1496.0813516966052,1504.025146484375,746600,1122905174.3652344
2004-03-22 00:00:00,1496.0808957575905,1511.9684804912993,1490.7850341796875,1490.7850341796875,394200,587667460.4736328
2004-03-23 00:00:00,1464.305355154353,1477.545005743452,1448.4177744474343,1472.2491455078125,1260600,1855917272.8271484
2004-03-24 00:00:00,1480.192626953125,1482.8405565183364,1466.9529791270684,1480.192626953125,641800,949987627.9785156
2004-03-25 00:00:00,1490.7850891760297,1498.7288818359375,1482.841296516122,1498.7288818359375,459900,689265412.7563477
2004-03-26 00:00:00,1508.3221803695435,1516.3168209015375,1502.992420014881,1510.987060546875,829400,1253212668.0175781
2004-03-29 00:00:00,1518.981873098728,1518.981873098728,1500.327709744884,1505.657470703125,419700,631924440.4541016
2004-03-30 00:00:00,1524.3114614335316,1529.6412217881943,1510.987060546875,1510.987060546875,1121700,1694874185.8154297
2004-03-31 00:00:00,1516.3170789353392,1526.9766014586103,1500.3277951504322,1502.99267578125,886700,1332703605.6152344
2004-04-01 00:00:00,1510.9871459529595,1524.3115475927564,1494.9978639852034,1508.322265625,676100,1019776683.7890625
2004-04-02 00:00:00,1508.3227036167198,1529.6417524310905,1497.6631792095345,1513.6524658203125,794400,1202445518.8476562
2004-04-05 00:00:00,1534.9711802504391,1534.9711802504391,1502.9926139952217,1516.3170166015625,640300,970897785.7299805
2004-04-06 00:00:00,1518.981689453125,1524.3114497669956,1513.6519291392544,1518.981689453125,631000,958477446.0449219
2004-04-07 00:00:00,1524.3117312349495,1526.9766118839618,1518.9819699369252,1521.6468505859375,453400,689914682.0556641
2004-04-08 00:00:00,1526.976871329294,1526.976871329294,1510.9875847185162,1513.6524658203125,516400,781650133.3496094
2004-04-09 00:00:00,1521.6467535778486,1521.6467535778486,1500.327709744884,1505.657470703125,799100,1203170884.8388672
2004-04-12 00:00:00,1510.9868800023219,1524.3112792968748,1508.322000143411,1524.311279296875,292100,445251324.6826172
2004-04-13 00:00:00,1529.6414925329739,1540.3010151290225,1521.6468505859375,1521.6468505859375,564000,858208823.7304688
2004-04-14 00:00:00,1518.9817145477189,1529.6412353515625,1513.651954145797,1529.6412353515625,643600,984477099.0722656
2004-04-15 00:00:00,1526.9761870178995,1529.641066925435,1465.6839491445805,1473.6785888671875,876400,1291531915.2832031
2004-04-16 00:00:00,1494.9980338887965,1521.6468401969746,1481.6736307347073,1502.99267578125,989600,1487361551.953125
2004-04-19 00:00:00,1502.9926139952217,1518.9818971228306,1489.6682113888812,1516.3170166015625,951700,1443078904.699707
2004-04-20 00:00:00,1516.3170892879132,1537.6361344800102,1508.3224473408766,1521.6468505859375,1058800,1611119685.4003906
2004-04-21 00:00:00,1529.6412353515625,1534.9709957534842,1510.987073944836,1529.6412353515625,744100,1138206043.2250977
2004-04-22 00:00:00,1508.322265625,1526.9764279207157,1492.3329836572439,1508.322265625,1152400,1738190578.90625
2004-04-23 00:00:00,1518.9813136555138,1529.6408316460786,1508.3217956649487,1526.9759521484375,832300,1270902084.9731445
2004-04-26 00:00:00,1532.306092360924,1545.6304931640625,1524.311451879041,1545.6304931640625,541700,837268038.1469727
2004-04-27 00:00:00,1542.9655392128705,1548.2952992792361,1526.9762590137732,1540.3006591796875,480300,739806406.6040039
2004-04-28 00:00:00,1542.9654383092493,1542.9654383092493,1518.9815195790536,1524.311279296875,404800,617041205.859375
2004-04-29 00:00:00,1524.3112792968748,1524.3112792968748,1524.3112792968748,1524.311279296875,0,0.0
2004-04-30 00:00:00,1516.3170789353392,1518.981959566157,1494.9980338887965,1502.99267578125,640200,962215911.0351562
2004-05-03 00:00:00,1502.99267578125,1502.99267578125,1502.99267578125,1502.99267578125,0,0.0
2004-05-04 00:00:00,1502.99267578125,1502.99267578125,1502.99267578125,1502.99267578125,0,0.0
2004-05-05 00:00:00,1502.99267578125,1502.99267578125,1502.99267578125,1502.99267578125,0,0.0
2004-05-06 00:00:00,1505.6573001922122,1516.3168209015375,1494.997779482887,1510.987060546875,745700,1126743051.0498047
2004-05-07 00:00:00,1476.343602627841,1481.6733629261364,1455.0245614346593,1465.68408203125,1086900,1593052028.7597656
2004-05-10 00:00:00,1487.0031064947818,1494.9977468522807,1415.0513432772925,1420.381103515625,776900,1103494079.321289
2004-05-11 00:00:00,1423.0459836347914,1441.7001444689552,1404.3918228006273,1420.381103515625,834600,1185450068.9941406
2004-05-12 00:00:00,1473.6785888671875,1481.6732285897942,1444.364909884296,1473.6785888671875,1035800,1526436282.3486328
2004-05-13 00:00:00,1481.6733606409143,1487.0031209309896,1431.0406378851997,1439.0352783203125,1280400,1842540770.3613281
2004-05-14 00:00:00,1481.6736075265067,1518.981935773577,1481.6736075265067,1492.3331298828125,2137200,3189414365.185547
2004-05-17 00:00:00,1494.9979004782876,1500.3276612643067,1468.3490965481935,1484.33837890625,759800,1127800300.2929688
2004-05-18 00:00:00,1471.0138675400497,1487.0031487089632,1460.354346760774,1476.3436279296875,541000,798701902.7099609
2004-05-19 00:00:00,1465.6843239920481,1492.3331298828125,1460.3545628138952,1492.3331298828125,937800,1399510009.2041016
2004-05-20 00:00:00,1476.3437377272219,1500.3276612643067,1465.684216155184,1484.33837890625,1056900,1568797232.6660156
2004-05-21 00:00:00,1489.6680077268365,1521.6465696100604,1487.0031275699014,1518.981689453125,718500,1091388343.8720703
2004-05-24 00:00:00,1518.982228023905,1521.6471091257015,1502.9929414131273,1513.6524658203125,970300,1468696987.5854492
2004-05-25 00:00:00,1508.322375037758,1516.3170166015623,1489.6682113888812,1516.3170166015625,559300,848076107.3852539
2004-05-26 00:00:00,1518.9817145477189,1540.3007561554061,1516.3168343467578,1529.6412353515625,950800,1454382886.5722656
2004-05-27 00:00:00,1529.6410390146962,1529.6410390146962,1510.9868800023219,1524.311279296875,682700,1040647310.3759766
2004-05-28 00:00:00,1529.6412353515625,1542.965636356367,1518.9817145477189,1529.6412353515625,1043600,1596333593.2128906
2004-05-31 00:00:00,1545.6305165573278,1545.6305165573278,1505.6573135429142,1529.6412353515625,521900,798319760.7299805
2004-06-01 00:00:00,1540.3005162069242,1564.2844342793503,1537.635636421099,1556.289794921875,1200900,1868948414.7216797
2004-06-02 00:00:00,1550.9600353502246,1561.6195544935251,1537.635636421099,1556.289794921875,972400,1513336196.5820312
2004-06-03 00:00:00,1558.9547334186773,1566.9493730772347,1532.3059345568195,1542.9654541015625,1213200,1871925688.9160156
2004-06-04 00:00:00,1545.63047024984,1561.6197509765625,1540.300710007599,1561.6197509765625,727200,1135609882.9101562
2004-06-07 00:00:00,1561.619837349002,1596.2632808396795,1558.9549570804884,1585.603759765625,1224700,1941888924.584961
2004-06-08 00:00:00,1593.597947498296,1593.597947498296,1580.2735499439623,1588.2681884765625,666200,1058104267.1630859
2004-06-09 00:00:00,1582.9388676774145,1598.9281491691054,1582.9388676774145,1593.598388671875,864700,1377984526.6845703
2004-06-10 00:00:00,1596.263270127146,1625.576952884072,1590.9335096258867,1620.2471923828125,1082000,1753107462.1582031
2004-06-11 00:00:00,1652.2261962890623,1673.5452439831147,1620.2476247479838,1652.2261962890625,2857600,4721401578.515625
2004-06-14 00:00:00,1620.2476524328176,1652.2262245203076,1620.2476524328176,1636.2369384765625,663600,1085806832.3730469
2004-06-15 00:00:00,1641.5665283203125,1673.545097053825,1636.236766864727,1641.5665283203125,772300,1267781829.8217773
2004-06-16 00:00:00,1668.2148479725581,1694.8636474609375,1652.2255682795303,1694.8636474609375,968000,1640628010.7421875
2004-06-17 00:00:00,1668.2148479725581,1694.8636474609375,1641.5660484841785,1694.8636474609375,639700,1084204275.2807617
2004-06-18 00:00:00,1689.5343278046626,1721.5128955233629,1668.2152826588624,1673.5450439453125,1515300,2535922805.090332
2004-06-21 00:00:00,1716.1828129535122,1769.4804158402671,1710.8530526648367,1721.5125732421875,991500,1706879716.369629
2004-06-22 00:00:00,1689.5340115101346,1721.5125732421877,1678.8744909327836,1721.5125732421875,639500,1100907290.588379
2004-06-23 00:00:00,1748.1605683772934,1764.1498418685492,1732.1712948860377,1742.830810546875,992500,1729759579.4677734
2004-06-24 00:00:00,1758.8205566406252,1780.1395936908145,1732.1717603278885,1758.820556640625,801800,1410222322.3144531
2004-06-25 00:00:00,1721.5126705942125,1732.1721917743623,1684.2043464636877,1710.8531494140625,1163100,1989893298.083496
2004-06-28 00:00:00,1630.9071485950099,1657.5559582125754,1620.2476247479838,1652.2261962890625,2098300,3466866227.67334
2004-06-29 00:00:00,1636.2367633661142,1673.5450934754392,1630.9070019219248,1668.21533203125,1172200,1955482012.2070312
2004-06-30 00:00:00,1673.5450439453125,1684.2045665182127,1668.2152826588624,1673.5450439453125,776700,1299842435.6323242
2004-07-01 00:00:00,1689.53369140625,1689.53369140625,1678.874172848482,1689.53369140625,951000,1606746540.5273438
2004-07-02 00:00:00,1700.193115234375,1737.5014281078566,1678.8740793066713,1700.193115234375,2520400,4285166727.6367188
2004-07-05 00:00:00,1716.1828129535122,1753.4911349742406,1705.5232923761612,1721.5125732421875,1570900,2704324101.3061523
2004-07-06 00:00:00,1742.8317383556832,1748.1614990234375,1726.8424563524202,1748.1614990234375,731100,1278080871.9360352
2004-07-07 00:00:00,1737.502001953125,1737.502001953125,1689.5341552734376,1705.5234375,1361400,2321899607.8125
2004-07-08 00:00:00,1721.5123442150295,1726.8421037946428,1673.5445079985118,1678.874267578125,750900,1260666687.524414
2004-07-09 00:00:00,1652.225782923238,1726.8424311842873,1652.225782923238,1710.8531494140625,1077500,1843444268.4936523
2004-07-12 00:00:00,1716.1829100041375,1716.1829100041375,1684.2043464636877,1710.8531494140625,926100,1584421101.6723633
2004-07-13 00:00:00,1726.8426745830136,1748.1617199482362,1716.1831519004024,1737.502197265625,876100,1522225675.024414
2004-07-14 00:00:00,1758.820562031743,1764.150321310627,1689.53369140625,1689.53369140625,1129000,1907483537.5976562
2004-07-15 00:00:00,1710.8522635643635,1753.490326207712,1710.8522635643635,1742.830810546875,706200,1230787118.4082031
2004-07-16 00:00:00,1726.8424804687502,1732.1722412109377,1700.1936767578127,1705.5234375,626100,1067828224.21875
2004-07-19 00:00:00,1705.5234375000002,1705.5234375000002,1705.5234375000002,1705.5234375,0,0.0
2004-07-20 00:00:00,1678.874172848482,1700.1932099640183,1657.5551357329457,1689.53369140625,674600,1139759428.2226562
2004-07-21 00:00:00,1694.8639160156251,1732.1722412109377,1689.5341552734376,1732.1722412109375,602800,1044153427.0019531
2004-07-22 00:00:00,1705.5233888239875,1721.5126705942125,1694.8638676438377,1710.8531494140625,625200,1069625389.0136719
2004-07-23 00:00:00,1716.1823921801529,1721.512151162079,1694.8633562524492,1700.193115234375,386400,656954619.7265625
2004-07-26 00:00:00,1673.544607870234,1705.5231672562893,1673.544607870234,1694.8636474609375,393800,667437304.3701172
2004-07-27 00:00:00,1673.544413569598,1694.8634506851342,1673.544413569598,1689.53369140625,359500,607387362.0605469
2004-07-28 00:00:00,1684.203932127366,1694.8634506851342,1678.874172848482,1689.53369140625,447600,756235280.2734375
2004-07-29 00:00:00,1694.8639160156251,1732.1722412109377,1689.5341552734376,1732.1722412109375,810800,1404445253.1738281
2004-07-30 00:00:00,1742.830810546875,1769.4795996989678,1732.1712948860377,1742.830810546875,1051500,1832586597.290039
2004-08-02 00:00:00,1721.5127197265626,1726.8424804687502,1694.8639160156251,1705.5234375,640800,1092899418.75
2004-08-03 00:00:00,1700.1934073586135,1700.1934073586135,1678.87436776791,1694.8636474609375,662900,1123525111.9018555
2004-08-04 00:00:00,1689.5336164643493,1700.1931345492978,1678.8740983794007,1684.203857421875,728400,1226774089.7460938
2004-08-05 00:00:00,1673.5441605005508,1694.8631943922776,1657.5548850817556,1662.8846435546875,991200,1648251258.6914062
2004-08-06 00:00:00,1668.21533203125,1678.8748549196287,1657.5558091428713,1668.21533203125,560600,935201515.1367188
2004-08-09 00:00:00,1641.566018451065,1668.2148174518939,1636.2362586508991,1657.5552978515625,408600,677277094.7021484
2004-08-10 00:00:00,1630.907176461981,1646.8964625057258,1630.907176461981,1636.2369384765625,351900,575791778.6499023
2004-08-11 00:00:00,1636.236766864727,1646.896289775898,1625.5772439535563,1641.5665283203125,676100,1109863129.7973633
2004-08-12 00:00:00,1646.896289775898,1678.8748585094104,1636.236766864727,1641.5665283203125,767100,1259245683.8745117
2004-08-13 00:00:00,1614.917209967426,1630.9064892740344,1596.2630507763834,1604.2576904296875,1274300,2044305574.9145508
2004-08-16 00:00:00,1630.9070054091417,1646.896289775898,1609.5879595867998,1641.5665283203125,631200,1036156792.6757812
2004-08-17 00:00:00,1641.5659387807377,1652.2254578637296,1614.9171410732583,1625.57666015625,565300,918938485.9863281
2004-08-18 00:00:00,1598.927930660818,1614.917209967426,1598.927930660818,1604.2576904296875,546600,876887253.5888672
2004-08-19 00:00:00,1620.2476247479838,1662.8857201360886,1609.5881009009574,1652.2261962890625,1219900,2015550736.8530273
2004-08-20 00:00:00,1652.2255380513966,1668.2148174518939,1652.2255380513966,1657.5552978515625,597100,989726268.347168
2004-08-23 00:00:00,1646.8953681358923,1673.5441605005508,1641.5656096629607,1662.8846435546875,441900,734828723.9868164
2004-08-24 00:00:00,1662.8846435546875,1662.8846435546875,1646.8953681358923,1662.8846435546875,481700,801011532.800293
2004-08-25 00:00:00,1646.8958083818543,1700.1934073586135,1646.8958083818543,1694.8636474609375,434100,735740309.362793
2004-08-26 00:00:00,1700.1939006963858,1700.1939006963858,1662.8855705870608,1668.21533203125,430200,717666235.8398438
2004-08-27 00:00:00,1652.2253764540617,1689.53369140625,1652.2253764540617,1689.53369140625,327400,553153330.5664062
2004-08-30 00:00:00,1673.5445079985118,1689.533786737351,1668.2147484188986,1678.874267578125,438900,736857916.0400391
2004-08-31 00:00:00,1673.5441605005508,1684.203677446414,1646.8953681358923,1662.8846435546875,495500,823959340.8813477
2004-09-01 00:00:00,1657.5557600859624,1678.8748052317626,1657.5557600859624,1673.5450439453125,566700,948397976.4038086
2004-09-02 00:00:00,1684.204027157738,1684.204027157738,1668.2147484188986,1678.874267578125,399200,670206607.6171875
2004-09-03 00:00:00,1684.2046199649958,1684.2046199649958,1636.236766864727,1641.5665283203125,526500,864284777.1606445
2004-09-06 00:00:00,1646.896286254493,1673.5450934754392,1630.9070019219248,1668.21533203125,545600,910178285.15625
2004-09-07 00:00:00,1673.5443393369264,1684.203857421875,1662.8848212519779,1684.203857421875,355200,598229210.15625
2004-09-08 00:00:00,1694.8633562524492,1716.1823921801529,1689.5335972705232,1700.193115234375,646300,1098834810.3759766
2004-09-09 00:00:00,1705.5228935917721,1710.8526526342464,1678.8740983794007,1684.203857421875,566600,954269905.6152344
2004-09-10 00:00:00,1657.5559582125754,1662.8857201360886,1630.9071485950099,1652.2261962890625,3022900,4994514568.762207
2004-09-13 00:00:00,1662.8855705870608,1689.534377808007,1652.2260476986821,1668.21533203125,499100,832606272.2167969
2004-09-14 00:00:00,1678.8750059066278,1689.5345297536542,1652.2261962890623,1652.2261962890625,477600,789103231.3476562
2004-09-15 00:00:00,1662.8855741426541,1668.2153355982396,1641.5665283203125,1641.5665283203125,317900,521853999.35302734
2004-09-16 00:00:00,1641.5665248103035,1673.5450934754392,1641.5665248103035,1668.21533203125,502400,838111382.8125
2004-09-17 00:00:00,1646.8958740234373,1657.5553942436538,1641.5661139133292,1646.8958740234375,890400,1466396086.2304688
2004-09-20 00:00:00,1646.8958740234373,1646.8958740234373,1646.8958740234373,1646.8958740234375,0,0.0
2004-09-21 00:00:00,1652.225126608824,1673.5441605005508,1646.8953681358923,1662.8846435546875,346500,576189528.9916992
2004-09-22 00:00:00,1668.21533203125,1684.2046163638179,1657.5558091428713,1668.21533203125,713000,1189437531.7382812
2004-09-23 00:00:00,1668.21533203125,1668.21533203125,1668.21533203125,1668.21533203125,0,0.0
2004-09-24 00:00:00,1657.5552292596724,1684.204027157738,1646.8957101004462,1678.874267578125,907300,1523242622.9736328
2004-09-27 00:00:00,1674.0454803564296,1684.7765411279452,1663.314419584914,1679.4110107421875,288700,484845958.80126953
2004-09-28 00:00:00,1641.8523131531554,1652.5833740234373,1631.1212522828732,1652.5833740234375,610700,1009232666.5161133
2004-09-29 00:00:00,1668.6804975665982,1668.6804975665982,1636.4873046874998,1636.4873046875,607600,994329686.328125
2004-09-30 00:00:00,1641.85236328125,1652.5834244791668,1609.6591796875,1609.6591796875,963100,1550262755.9570312
2004-10-01 00:00:00,1647.2174369410463,1652.5829660516035,1625.7553204988178,1631.120849609375,617900,1007869572.9736328
2004-10-04 00:00:00,1668.6797776920782,1690.1418970193074,1652.5831881966562,1684.7763671875,837800,1411505640.4296875
2004-10-05 00:00:00,1695.5079506928064,1716.9700766509432,1679.411356224204,1706.239013671875,833200,1421638346.1914062
2004-10-06 00:00:00,1711.6040933739323,1733.0662136670223,1695.5075031541148,1727.70068359375,1075600,1858314855.2734375
2004-10-07 00:00:00,1749.1630686065298,1749.1630686065298,1722.3354141800494,1738.4320068359375,847800,1473842655.3955078
2004-10-08 00:00:00,1749.1624755859377,1759.8935337183668,1743.7969465197232,1749.1624755859375,1511500,2643859081.8481445
2004-10-11 00:00:00,1749.1624755859377,1749.1624755859377,1749.1624755859377,1749.1624755859375,0,0.0
2004-10-12 00:00:00,1749.1630686065298,1765.2596612624181,1727.7009450653454,1738.4320068359375,595600,1035410103.2714844
2004-10-13 00:00:00,1727.7006512920673,1759.8938311298077,1727.7006512920673,1743.7972412109375,558800,974433898.3886719
2004-10-14 00:00:00,1749.1626286462363,1749.1626286462363,1716.9694514318885,1733.0660400390625,492700,853881637.9272461
2004-10-15 00:00:00,1722.3352909509317,1727.7008214523364,1700.8731689453125,1700.8731689453125,702700,1195203575.817871
2004-10-18 00:00:00,1716.9699367088608,1722.335467761076,1684.7767503955697,1695.5078125,822200,1394046523.4375
2004-10-19 00:00:00,1711.604317855835,1716.9698486328127,1695.5077255249025,1716.9698486328125,471700,809894677.6000977
2004-10-20 00:00:00,1690.1418970193074,1695.5074268511148,1674.0453075238854,1684.7763671875,593600,1000083251.5625
2004-10-21 00:00:00,1668.6803510112147,1674.045882686492,1657.9492876606603,1663.3148193359375,329900,548727558.8989258
2004-10-22 00:00:00,1674.045882686492,1679.4114143617692,1657.9492876606603,1663.3148193359375,377400,627735012.8173828
2004-10-25 00:00:00,1636.4873046874998,1652.583901127049,1609.6596439549178,1636.4873046875,900300,1473329520.4101562
2004-10-26 00:00:00,1663.313792924789,1668.6793212890625,1657.9482645605156,1668.6793212890625,481800,803969696.9970703
2004-10-27 00:00:00,1679.4110107421875,1684.7765411279452,1657.9488891991564,1679.4110107421875,399700,671260580.9936523
2004-10-28 00:00:00,1679.4113445590615,1679.4113445590615,1652.5836872977345,1657.94921875,669100,1109333822.265625
2004-10-29 00:00:00,1641.8528368340162,1657.9494332735655,1631.1217725409836,1636.4873046875,701600,1148159492.96875
2004-11-01 00:00:00,1636.4869555743587,1652.5835485800083,1625.7558935705924,1647.218017578125,693000,1141522086.1816406
2004-11-02 00:00:00,1652.5831690079126,1679.4108178554436,1647.2176392384065,1674.0452880859375,752000,1258882056.640625
2004-11-03 00:00:00,1674.0452880859375,1674.0452880859375,1674.0452880859375,1674.0452880859375,0,0.0
2004-11-04 00:00:00,1700.8734821823407,1722.3356081404775,1690.1424192032723,1706.239013671875,1034500,1765104259.6435547
2004-11-05 00:00:00,1679.4112193433546,1706.2388746044305,1668.680157238924,1695.5078125,1103600,1871162421.875
2004-11-08 00:00:00,1700.8727821955604,1706.2383114769343,1684.7761943514383,1690.1417236328125,542000,916056814.2089844
2004-11-09 00:00:00,1690.1422814477849,1700.8733435522151,1684.7767503955697,1695.5078125,620000,1051214843.75
2004-11-10 00:00:00,1700.8734821823407,1706.2390136718748,1684.776887713738,1706.239013671875,830200,1416519629.1503906
2004-11-11 00:00:00,1700.873470368123,1700.873470368123,1652.5836872977345,1657.94921875,920100,1525479076.171875
2004-11-12 00:00:00,1663.3144348937194,1663.3144348937194,1652.5833740234373,1652.5833740234375,2013300,3327146106.9213867
2004-11-15 00:00:00,1652.582736196242,1674.044849653336,1641.851679467695,1668.6793212890625,1195400,1994739260.6689453
2004-11-16 00:00:00,1679.4103780176097,1695.5069631104302,1668.6793212890625,1668.6793212890625,498800,832337245.4589844
2004-11-17 00:00:00,1679.4114143617692,1679.4114143617692,1663.3148193359375,1663.3148193359375,691900,1150847523.4985352
2004-11-18 00:00:00,1668.6802816545307,1684.7768760113267,1647.2181558454693,1657.94921875,658700,1092091150.390625
2004-11-19 00:00:00,1657.9490795818915,1668.6801415856578,1647.218017578125,1647.218017578125,487500,803018783.5693359
2004-11-22 00:00:00,1620.3904501534137,1625.7559814453125,1609.6593875696162,1625.7559814453125,896200,1457002510.571289
2004-11-23 00:00:00,1625.7559814453125,1625.7559814453125,1625.7559814453125,1625.7559814453125,0,0.0
2004-11-24 00:00:00,1601.6111530692428,1615.0249818219165,1596.2456215681734,1606.9766845703125,957600,1538840873.1445312
2004-11-25 00:00:00,1620.3907082479507,1641.8528368340162,1615.0251761014342,1636.4873046875,913400,1494767504.1015625
2004-11-26 00:00:00,1647.2178435882963,1668.6799653288604,1647.2178435882963,1652.5833740234375,953200,1575242472.1191406
2004-11-29 00:00:00,1657.94921875,1674.045813106796,1652.5836872977345,1657.94921875,542900,900100630.859375
2004-11-30 00:00:00,1641.852486576242,1647.218017578125,1615.0248315668262,1647.218017578125,876400,1443621870.6054688
2004-12-01 00:00:00,1625.756240394467,1636.4873046874998,1615.0251761014342,1636.4873046875,642000,1050624849.609375
2004-12-02 00:00:00,1652.5835485800083,1657.9490795818915,1641.852486576242,1647.218017578125,487800,803512948.9746094
2004-12-03 00:00:00,1657.94921875,1674.045813106796,1657.94921875,1657.94921875,549000,910214121.09375
2004-12-06 00:00:00,1647.218017578125,1657.9490795818915,1636.4869555743587,1647.218017578125,559000,920794871.8261719
2004-12-07 00:00:00,1657.9494332735655,1657.9494332735655,1625.756240394467,1636.4873046875,356300,583080426.6601562
2004-12-08 00:00:00,1641.8526926348286,1663.3148193359375,1636.4871609595514,1663.3148193359375,792700,1318509657.2875977
2004-12-09 00:00:00,1652.5829660516035,1652.5829660516035,1620.3897913882606,1631.120849609375,620000,1011294926.7578125
2004-12-10 00:00:00,1615.0242622777034,1647.2174369410463,1615.0242622777034,1631.120849609375,3706800,6046238765.332031
2004-12-13 00:00:00,1652.5830186631943,1700.8727821955604,1647.2174893818203,1690.1417236328125,915300,1546986719.6411133
2004-12-14 00:00:00,1695.5078125,1706.2388746044305,1679.4112193433546,1695.5078125,717800,1217035507.8125
2004-12-15 00:00:00,1700.8733435522151,1706.2388746044305,1695.5078125,1695.5078125,426900,723812285.15625
2004-12-16 00:00:00,1690.1422814477849,1706.2388746044305,1668.680157238924,1695.5078125,537200,910826796.875
2004-12-17 00:00:00,1695.50733328899,1743.7970991105117,1690.141803753265,1733.0660400390625,886100,1535669818.0786133
2004-12-20 00:00:00,1733.0662136670223,1754.5283339601126,1722.3351535204774,1727.70068359375,554800,958528339.2578125
2004-12-21 00:00:00,1716.9700766509432,1738.4322026090802,1695.5079506928064,1706.239013671875,606400,1034663337.890625
2004-12-22 00:00:00,1733.0663883767766,1749.1629802192854,1716.9697965342677,1722.3353271484375,783200,1348933028.2226562
2004-12-23 00:00:00,1722.3353271484375,1722.3353271484375,1722.3353271484375,1722.3353271484375,0,0.0
2004-12-24 00:00:00,1749.1626177531919,1775.9902652647438,1743.7970882508814,1759.8936767578125,621100,1093069962.6342773
2004-12-27 00:00:00,1765.2591347417335,1770.624664026663,1754.528076171875,1754.528076171875,359200,630226484.9609375
2004-12-28 00:00:00,1754.5281671697444,1775.9902854225852,1754.5281671697444,1770.624755859375,268800,475943934.375
2004-12-29 00:00:00,1775.9902652647438,1792.0868537716751,1759.8936767578127,1759.8936767578125,422900,744259035.9008789
2004-12-30 00:00:00,1797.4526551922988,1808.1837158203125,1786.7215945642852,1808.1837158203125,382800,692172726.4160156
2004-12-31 00:00:00,1808.1837158203125,1808.1837158203125,1808.1837158203125,1808.1837158203125,0,0.0
2005-01-03 00:00:00,1808.1837158203125,1808.1837158203125,1808.1837158203125,1808.1837158203125,0,0.0
2005-01-04 00:00:00,1813.549298241025,1813.549298241025,1792.0871763683501,1802.8182373046875,416300,750513232.1899414
2005-01-05 00:00:00,1813.5488489487593,1829.6454363654643,1802.817790670956,1824.2799072265625,964400,1759335542.5292969
2005-01-06 00:00:00,1786.7214232676129,1829.6456616644323,1786.7214232676129,1813.549072265625,897600,1627841647.265625
2005-01-07 00:00:00,1829.64583707634,1829.64583707634,1792.087124878292,1808.1837158203125,592200,1070806396.5087891
2005-01-10 00:00:00,1808.1837158203125,1808.1837158203125,1808.1837158203125,1808.1837158203125,0,0.0
2005-01-11 00:00:00,1824.2805516442588,1861.8392688839936,1824.2805516442588,1845.74267578125,1099200,2028840349.21875
2005-01-12 00:00:00,1851.1076878789647,1851.1076878789647,1781.3558039878733,1797.452392578125,965200,1734901049.3164062
2005-01-13 00:00:00,1781.3561154320128,1813.549298241025,1781.3561154320128,1802.8182373046875,678900,1223933301.3061523
2005-01-14 00:00:00,1786.7217318982964,1802.8183240775602,1765.259608992611,1781.356201171875,1327800,2365284763.9160156
2005-01-17 00:00:00,1797.452793351139,1808.1838548039816,1781.356201171875,1781.356201171875,840300,1496873615.8447266
2005-01-18 00:00:00,1797.4527226473988,1797.4527226473988,1770.625070070572,1775.9906005859375,533500,947490985.4125977
2005-01-19 00:00:00,1786.7216459001816,1813.549298241025,1786.7216459001816,1802.8182373046875,534900,964327475.1342773
2005-01-20 00:00:00,1775.990193311592,1775.990193311592,1754.528076171875,1754.528076171875,580900,1019205359.4482422
2005-01-21 00:00:00,1759.894130377122,1759.894130377122,1727.7009450653454,1738.4320068359375,713100,1239675864.074707
2005-01-24 00:00:00,1711.604545161409,1722.3356081404775,1695.5079506928064,1706.239013671875,1100400,1877545410.6445312
2005-01-25 00:00:00,1706.2387353059287,1722.3353271484375,1700.873204691759,1722.3353271484375,683500,1177216196.105957
2005-01-26 00:00:00,1727.7006512920673,1743.7972412109375,1727.7006512920673,1743.7972412109375,684700,1193977971.057129
2005-01-27 00:00:00,1749.162446274221,1765.2590332031248,1738.4313883216184,1765.259033203125,581100,1025792024.1943359
2005-01-28 00:00:00,1781.3560642502782,1808.1837158203125,1775.9905339362713,1808.1837158203125,1128300,2040173686.5600586
2005-01-31 00:00:00,1813.549298241025,1840.3769505818686,1802.8182373046877,1802.8182373046875,940600,1695730834.008789
2005-02-01 00:00:00,1797.452688616907,1808.1837494444705,1781.3560973755614,1792.087158203125,635500,1138871389.038086
2005-02-02 00:00:00,1824.2805516442588,1856.4737378497457,1818.915020610011,1845.74267578125,1281300,2364950090.4785156
2005-02-03 00:00:00,1894.0321894867031,1910.1287803321993,1856.473477513879,1872.570068359375,1693000,3170261125.732422
2005-02-04 00:00:00,1888.6670087394068,1899.3980712890627,1883.301477464579,1899.3980712890625,905100,1719145194.3237305
2005-02-07 00:00:00,1899.3981201171875,1936.9568400065104,1894.032588704427,1931.59130859375,1066700,2060428448.8769531
2005-02-08 00:00:00,1904.762847206809,1910.1283763538706,1872.5696723244405,1888.666259765625,901500,1702632633.178711
2005-02-09 00:00:00,1861.8393049939286,1888.666960685484,1824.2805870257514,1829.6461181640625,1361400,2490880225.2685547
2005-02-10 00:00:00,1824.2804656631647,1867.2047119140625,1824.2804656631647,1867.2047119140625,923500,1724363551.4526367
2005-02-11 00:00:00,1867.2047119140625,1867.2047119140625,1867.2047119140625,1867.2047119140625,0,0.0
2005-02-14 00:00:00,1888.6663310021247,1904.7629190504383,1877.935272303249,1894.0318603515625,716100,1356316215.197754
2005-02-15 00:00:00,1877.9355986412072,1888.6666592048712,1872.5700683593752,1872.570068359375,488100,914001450.3662109
2005-02-16 00:00:00,1861.8395308125225,1883.3016579688629,1856.4739990234375,1856.4739990234375,598300,1110728393.6157227
2005-02-17 00:00:00,1840.3764857195424,1867.2041312839674,1840.3764857195424,1851.1075439453125,552100,1021996475.012207
2005-02-18 00:00:00,1845.7426743901353,1883.3013916015625,1840.3771433599313,1883.3013916015625,738800,1391383068.1152344
2005-02-21 00:00:00,1910.1286812041726,1947.68739122785,1910.1286812041726,1920.8597412109375,1381600,2653859818.4570312
2005-02-22 00:00:00,1920.859773877641,1936.9563641615318,1899.3976534991198,1904.76318359375,866200,1649905869.6289062
2005-02-23 00:00:00,1910.1295166015627,1915.495048951567,1894.0329195515494,1910.1295166015625,446800,853445868.0175781
2005-02-24 00:00:00,1888.666484375,1910.128603515625,1877.9354248046875,1877.9354248046875,688800,1293521920.6054688
2005-02-25 00:00:00,1883.300801652687,1910.128448399876,1883.300801652687,1894.0318603515625,555000,1051187682.4951172
2005-02-28 00:00:00,1904.7629190504383,1910.128448399876,1888.6663310021247,1894.0318603515625,651600,1234151160.2050781
2005-03-01 00:00:00,1904.76318359375,1915.4942437830107,1894.0321234044895,1904.76318359375,445500,848571998.2910156
2005-03-02 00:00:00,1888.6663310021247,1899.3973897010003,1877.935272303249,1894.0318603515625,659100,1248356399.1577148
2005-03-03 00:00:00,1883.3012018283878,1915.494384765625,1883.3012018283878,1915.494384765625,852200,1632384314.6972656
2005-03-04 00:00:00,1894.0329195515494,1915.495048951567,1883.3018548515406,1910.1295166015625,842700,1609666143.6401367
2005-03-07 00:00:00,1920.859773877641,1920.859773877641,1904.76318359375,1904.76318359375,362300,690095701.4160156
2005-03-08 00:00:00,1894.0325400142347,1904.7636025638906,1888.6670087394068,1899.3980712890625,858600,1630823184.008789
2005-03-09 00:00:00,1910.1293564480327,1931.5914840485723,1904.7638245478977,1926.2259521484375,983100,1893672733.557129
2005-03-10 00:00:00,1926.2254817888677,1953.0531347385734,1926.2254817888677,1936.95654296875,1099400,2129490023.3398438
2005-03-11 00:00:00,2017.43896484375,2022.8044940055686,2001.3423773582947,2017.43896484375,5018300,10124113957.27539
2005-03-14 00:00:00,2006.7078857421875,2022.804473060975,2006.7078857421875,2006.7078857421875,908400,1822893443.4082031
2005-03-15 00:00:00,2028.170023167387,2028.170023167387,2001.3423773582947,2017.43896484375,1093800,2206674739.7460938
2005-03-16 00:00:00,2028.1703453063965,2060.363525390625,2022.8048152923584,2060.363525390625,1592700,3281540986.8896484
2005-03-17 00:00:00,2065.7288414662275,2065.7288414662275,2038.9011941744586,2044.2667236328125,651600,1332044197.1191406
2005-03-18 00:00:00,2033.5357741914263,2081.825541916289,2033.5357741914263,2071.094482421875,657200,1361123293.8476562
2005-03-21 00:00:00,2071.094482421875,2071.094482421875,2071.094482421875,2071.094482421875,0,0.0
2005-03-22 00:00:00,2119.384124602505,2162.3083600374925,2108.653065743758,2135.480712890625,1686100,3600634030.004883
2005-03-23 00:00:00,2087.1918861790705,2103.2884817023023,2017.4399722450657,2038.902099609375,1813200,3696937287.0117188
2005-03-24 00:00:00,1985.2459405893935,2017.4391180043567,1979.880411020233,2001.342529296875,1762300,3526965939.379883
2005-03-25 00:00:00,2001.342263769268,2001.342263769268,1969.1490906255265,1990.6112060546875,1153200,2295572842.8222656
2005-03-28 00:00:00,2009.5703351179327,2014.9869667489784,1987.9038085937502,1987.90380859375,474500,943260357.1777344
2005-03-29 00:00:00,2004.1535966474933,2004.1535966474933,1928.3207578554259,1971.65380859375,856400,1688524321.6796875
2005-03-30 00:00:00,1987.9030798406548,2025.8194873580514,1971.6531909046275,1982.4864501953125,973700,1930347056.5551758
2005-03-31 00:00:00,1944.5706518822974,1982.487071278331,1939.154020540007,1971.65380859375,1137700,2243150538.0371094
2005-04-01 00:00:00,1928.3207578554259,1971.65380859375,1928.3207578554259,1971.65380859375,644300,1270336548.8769531
2005-04-04 00:00:00,1960.8204447428386,1971.6537068684897,1949.9871826171875,1949.9871826171875,659400,1285821548.2177734
2005-04-05 00:00:00,1977.0706373645414,2020.4036924300658,1977.0706373645414,2014.987060546875,1325800,2671469844.873047
2005-04-06 00:00:00,2020.4033351588894,2020.4033351588894,1993.3201805320946,2004.1534423828125,622500,1247585517.8833008
2005-04-07 00:00:00,2031.2368616421154,2031.2368616421154,1977.0705453316589,1987.90380859375,694900,1381394356.5917969
2005-04-08 00:00:00,2004.1533249438937,2020.4032167677633,1993.3200637279808,1998.7366943359375,963200,1925183183.984375
2005-04-11 00:00:00,2009.5702279897837,2009.5702279897837,1971.65380859375,1971.65380859375,349400,688895840.7226562
2005-04-12 00:00:00,1982.4871769627046,1987.9038085937502,1966.2372820695675,1987.90380859375,326200,648454222.3632812
2005-04-13 00:00:00,1987.9038085937502,2004.153703486887,1982.4871769627046,1987.90380859375,508400,1010650296.2890625
2005-04-14 00:00:00,1971.6534555704638,1982.4867163153565,1944.5703037082324,1955.403564453125,1017000,1988645425.0488281
2005-04-15 00:00:00,1944.570551554362,1971.6537068684897,1928.3206583658855,1949.9871826171875,1194200,2328674693.4814453
2005-04-18 00:00:00,1917.4877066776671,1933.7376024969694,1868.7380192197604,1884.9879150390625,1415000,2667257899.7802734
2005-04-19 00:00:00,1884.9875390625,1895.82080078125,1852.48775390625,1895.82080078125,783400,1485186015.3320312
2005-04-20 00:00:00,1901.2378108583648,1917.4877066776671,1868.7380192197604,1884.9879150390625,968500,1825610795.715332
2005-04-21 00:00:00,1868.7376610483836,1884.987553753152,1847.0711374420255,1879.5709228515625,717200,1348028265.8691406
2005-04-22 00:00:00,1895.820548317649,1928.3203291459515,1884.987288041548,1906.65380859375,947100,1805791822.1191406
2005-04-25 00:00:00,1912.0709118480413,1933.7374377613335,1901.237648891395,1922.9041748046875,384900,740125816.8823242
2005-04-26 00:00:00,1901.2371784556994,1917.4870688698506,1874.1540277654472,1906.65380859375,874500,1667368755.6152344
2005-04-27 00:00:00,1879.570908203125,1917.48732421875,1879.570908203125,1895.82080078125,527300,999666308.2519531
2005-04-28 00:00:00,1901.2374316406251,1906.6540625,1874.15427734375,1895.82080078125,597300,1132373764.3066406
2005-04-29 00:00:00,1895.82080078125,1895.82080078125,1895.82080078125,1895.82080078125,0,0.0
2005-05-02 00:00:00,1879.570908203125,1912.0706933593751,1879.570908203125,1895.82080078125,309500,586756537.8417969
2005-05-03 00:00:00,1895.82080078125,1895.82080078125,1895.82080078125,1895.82080078125,0,0.0
2005-05-04 00:00:00,1895.82080078125,1895.82080078125,1895.82080078125,1895.82080078125,0,0.0
2005-05-05 00:00:00,1895.82080078125,1895.82080078125,1895.82080078125,1895.82080078125,0,0.0
2005-05-06 00:00:00,1917.4872855927026,1939.15380859375,1906.6540240921788,1939.15380859375,521200,1010686965.0390625
2005-05-09 00:00:00,1960.8205729620038,1960.8205729620038,1917.4875216258267,1944.5706787109375,530600,1031789202.1240234
2005-05-10 00:00:00,1949.9873101279595,1949.9873101279595,1928.320784459871,1944.5706787109375,335700,652792376.8432617
2005-05-11 00:00:00,1933.737289428711,1949.9871826171875,1922.90402730306,1949.9871826171875,302500,589871122.7416992
2005-05-12 00:00:00,1955.4039415449815,1977.07046721307,1944.5706787109373,1944.5706787109375,524500,1019927320.9838867
2005-05-13 00:00:00,1917.4874113707983,1939.1539357930671,1906.6541491596638,1933.7373046875,786900,1521657885.0585938
2005-05-16 00:00:00,1912.0705521578168,1928.3204435359287,1906.6539216984463,1917.4871826171875,485400,930748278.4423828
2005-05-17 00:00:00,1928.3206009658682,1949.9871245722263,1868.7376610483836,1879.5709228515625,862700,1621505835.144043
2005-05-18 00:00:00,1857.9043992452046,1895.8208155563311,1852.487768343615,1879.5709228515625,845000,1588237429.8095703
2005-05-19 00:00:00,1906.6538085937498,1917.4870688698506,1901.2371784556994,1906.65380859375,516800,985358688.28125
2005-05-20 00:00:00,1917.4870688698506,1928.3203291459515,1906.6538085937498,1906.65380859375,717700,1368405438.4277344
2005-05-23 00:00:00,1912.0709118480413,1928.3208062830104,1906.6542803697182,1922.9041748046875,723300,1390836589.6362305
2005-05-24 00:00:00,1928.3205470932262,1939.15380859375,1928.3205470932262,1939.15380859375,322000,624407526.3671875
2005-05-25 00:00:00,1939.1539357930671,1949.9871980042017,1933.7373046875,1933.7373046875,284100,549374768.2617188
2005-05-26 00:00:00,1939.1537897099447,1960.8203125,1928.3205283149173,1960.8203125,507600,995312390.625
2005-05-27 00:00:00,1977.06982054997,1987.9030798406548,1966.2365612592853,1982.4864501953125,588800,1167288021.875
2005-05-30 00:00:00,1987.9039011309226,2031.2369561964467,1982.487269247732,2014.987060546875,701700,1413916420.3857422
2005-05-31 00:00:00,2014.9869610330334,2014.9869610330334,1982.4871713389523,1993.3204345703125,519400,1035330633.7158203
2005-06-01 00:00:00,1993.3196912904314,2020.402839269921,1987.9030616945336,2009.569580078125,640800,1287732186.9140625
2005-06-02 00:00:00,2025.8199462890627,2031.2365771614934,2014.9866845442014,2025.8199462890625,548100,1110351912.5610352
2005-06-03 00:00:00,2025.8195840053202,2031.2362139090776,2009.5696942940476,2020.4029541015625,469800,949185307.8369141
2005-06-06 00:00:00,2004.1536978016732,2009.5703294173532,1987.9038029546325,1993.3204345703125,379100,755667776.7456055
2005-06-07 00:00:00,1987.903346687803,1993.3199770602491,1939.153673335786,1955.403564453125,1007700,1970460171.899414
2005-06-08 00:00:00,1949.986672323258,1993.319709485997,1944.5700426779156,1982.4864501953125,483200,957937452.734375
2005-06-09 00:00:00,1966.2372043790258,1971.653835796048,1939.1540472939153,1944.5706787109375,570800,1109960943.4082031
2005-06-10 00:00:00,1933.7374922832937,1993.320440224796,1928.320860652248,1987.90380859375,3555700,7068389572.216797
2005-06-13 00:00:00,1982.4864501953123,2004.152968776682,1977.06982054997,1982.4864501953125,375600,744621910.6933594
2005-06-14 00:00:00,1977.0700859429103,1987.903346687803,1955.403564453125,1955.403564453125,453800,887362137.5488281
2005-06-15 00:00:00,1971.6539137006132,1993.320440224796,1966.2372820695675,1987.90380859375,288700,573907829.5410156
2005-06-16 00:00:00,1987.9032062687288,1998.736466248395,1966.2366863093966,1977.0699462890625,318800,630289898.8769531
2005-06-17 00:00:00,1982.4871769627046,1987.9038085937502,1977.0705453316589,1987.90380859375,279500,555619114.5019531
2005-06-20 00:00:00,2004.152968776682,2004.152968776682,1966.2365612592853,1982.4864501953125,514100,1019196284.0454102
2005-06-21 00:00:00,1977.06982054997,1993.319709485997,1966.2365612592853,1982.4864501953125,319500,633404420.8374023
2005-06-22 00:00:00,1977.0702877560177,2009.5700733081715,1977.0702877560177,2004.1534423828125,363700,728910606.9946289
2005-06-23 00:00:00,2004.153796780494,2014.9870605468752,1998.7371648973035,2014.987060546875,337100,679252138.1103516
2005-06-24 00:00:00,1987.9038085937502,2004.153703486887,1987.9038085937502,1987.90380859375,578600,1150201143.6523438
2005-06-27 00:00:00,1987.9038029546325,1998.737066185993,1977.070539723272,1993.3204345703125,529100,1054665841.9311523
2005-06-28 00:00:00,2009.5695800781252,2014.986209674023,1998.7363208863294,2009.569580078125,449900,904105354.0771484
2005-06-29 00:00:00,2009.5696942940476,2031.2362139090776,2004.15306439029,2020.4029541015625,527900,1066570719.4702148
2005-06-30 00:00:00,2020.4029541015625,2025.8195840053202,2014.986324197805,2020.4029541015625,511200,1032829990.1367188
2005-07-01 00:00:00,2025.8202664839662,2079.9865837696334,2025.8202664839662,2069.1533203125,1355900,2805564987.0117188
2005-07-04 00:00:00,2079.986083984375,2096.235975265503,2069.15282313029,2079.986083984375,492500,1024393146.3623047
2005-07-05 00:00:00,2090.8202105091386,2096.2368431788514,2074.5703125,2074.5703125,538800,1117778484.375
2005-07-06 00:00:00,2090.8199402959467,2107.0698362049825,2085.403308326268,2096.236572265625,497300,1042458447.3876953
2005-07-07 00:00:00,2096.235975265503,2096.235975265503,2063.736192703247,2079.986083984375,821100,1707876573.5595703
2005-07-08 00:00:00,2079.986318005181,2107.0694731875406,2063.7364248957656,2090.819580078125,1583800,3311440050.9277344
2005-07-11 00:00:00,2096.2362111145967,2112.4861042240123,2090.819580078125,2090.819580078125,691400,1445592657.6660156
2005-07-12 00:00:00,2107.0698362049825,2107.0698362049825,2085.403308326268,2096.236572265625,721300,1512015439.5751953
2005-07-13 00:00:00,2101.6528421510684,2112.4861042240123,2090.819580078125,2090.819580078125,685500,1433256822.1435547
2005-07-14 00:00:00,2101.653076171875,2112.4863394511117,2101.653076171875,2101.653076171875,501900,1054819678.9306641
2005-07-15 00:00:00,2112.4861042240123,2117.902735260484,2090.819580078125,2090.819580078125,1052300,2200169444.116211
2005-07-18 00:00:00,2090.819580078125,2090.819580078125,2090.819580078125,2090.819580078125,0,0.0
2005-07-19 00:00:00,2096.235975265503,2096.235975265503,2069.15282313029,2079.986083984375,845900,1759460228.4423828
2005-07-20 00:00:00,2090.8187284395294,2112.485243760146,2085.402099609375,2085.402099609375,938700,1957566950.9033203
2005-07-21 00:00:00,2079.9865837696334,2085.4032154982006,2069.1533203125,2069.1533203125,573700,1187073259.8632812
2005-07-22 00:00:00,2069.1529589074803,2069.1529589074803,2058.3196973425197,2063.736328125,446600,921664644.140625
2005-07-25 00:00:00,2069.15282313029,2079.986083984375,2069.15282313029,2079.986083984375,423400,880666107.9589844
2005-07-26 00:00:00,2079.9865837696334,2079.9865837696334,2069.1533203125,2069.1533203125,378400,782967616.40625
2005-07-27 00:00:00,2090.8187284395294,2107.068614929992,2074.5688419490666,2085.402099609375,624300,1301916530.7861328
2005-07-28 00:00:00,2090.819580078125,2101.6528421510684,2085.4029490416533,2090.819580078125,383600,802038390.9179688
2005-07-29 00:00:00,2085.403577839426,2096.2368431788514,2069.1536798302873,2074.5703125,1153500,2393016855.46875
2005-08-01 00:00:00,2079.986318005181,2096.2362111145967,2074.5696869687094,2090.819580078125,531000,1110225197.0214844
2005-08-02 00:00:00,2096.2362111145967,2112.4861042240123,2085.4029490416533,2090.819580078125,880800,1841593886.1328125
2005-08-03 00:00:00,2107.0698362049825,2117.9031001443395,2079.986676356589,2096.236572265625,870500,1824773936.1572266
2005-08-04 00:00:00,2069.153107338763,2074.5697385098074,2036.6533203125,2036.6533203125,908700,1850706872.1679688
2005-08-05 00:00:00,2058.320556640625,2063.737189684416,2042.0706575092515,2058.320556640625,658200,1354786590.3808594
2005-08-08 00:00:00,2058.320414490862,2074.5703125,2036.6538838120107,2074.5703125,637000,1321501289.0625
2005-08-09 00:00:00,2079.986083984375,2085.402714411418,2063.736192703247,2079.986083984375,862600,1794195996.0449219
2005-08-10 00:00:00,2085.4029490416533,2101.6528421510684,2074.5696869687094,2090.819580078125,598600,1251564600.6347656
2005-08-11 00:00:00,2096.236663195552,2128.73645642339,2090.820030990912,2123.31982421875,605400,1285457821.5820312
2005-08-12 00:00:00,2150.4024707524463,2161.235732569839,2139.5692089350537,2144.98583984375,1280500,2746654367.919922
2005-08-15 00:00:00,2166.652217113466,2182.9021087418173,2150.4023254851154,2172.06884765625,883700,1919457240.6738281
2005-08-16 00:00:00,2193.7359679571473,2209.985864016089,2177.4860718982054,2188.3193359375,766000,1676252611.328125
2005-08-17 00:00:00,2199.151830580628,2231.651611328125,2199.151830580628,2231.651611328125,1261200,2814559012.2070312
2005-08-18 00:00:00,2280.4017281916467,2329.1514088418244,2269.5684658249406,2285.818359375,2675300,6115249856.8359375
2005-08-19 00:00:00,2247.9012486554575,2269.567766714787,2237.0679896257925,2242.484619140625,1481900,3323137957.104492
2005-08-22 00:00:00,2226.2355623313847,2269.5686146395383,2226.2355623313847,2258.7353515625,987400,2230275286.1328125
2005-08-23 00:00:00,2264.151728445704,2296.6515140214797,2264.151728445704,2269.568359375,1727000,3919544556.640625
2005-08-24 00:00:00,2237.068825408423,2264.151983101019,2237.068825408423,2258.7353515625,912900,2061999502.4414062
2005-08-25 00:00:00,2220.818603515625,2247.901757217035,2220.818603515625,2220.818603515625,1169900,2598135684.2529297
2005-08-26 00:00:00,2237.0682414527078,2247.9015017018733,2226.2349812035422,2231.651611328125,504400,1125645072.7539062
2005-08-29 00:00:00,2215.4020895111007,2237.068613613899,2209.9854584854015,2226.2353515625,667900,1486902591.3085938
2005-08-30 00:00:00,2253.318359375,2285.8181434044473,2247.9017287034258,2253.318359375,1209000,2724261896.484375
2005-08-31 00:00:00,2258.735097516408,2280.401621233592,2247.9018356578163,2269.568359375,854800,1940027033.59375
2005-09-01 00:00:00,2280.401738630022,2296.651632254464,2274.985107421875,2274.985107421875,553100,1258294262.915039
2005-09-02 00:00:00,2285.8183593749995,2296.651621741706,2274.9850970082935,2285.818359375,613500,1402349563.4765625
2005-09-05 00:00:00,2296.651484375,2312.9013769531252,2285.81822265625,2302.068115234375,678800,1562643836.6210938
2005-09-06 00:00:00,2323.734788295201,2329.1514195033483,2274.985107421875,2274.985107421875,704700,1603182005.2001953
2005-09-07 00:00:00,2291.234853515625,2307.48474609375,2280.401591796875,2302.068115234375,682600,1571391695.4589844
2005-09-08 00:00:00,2302.0688609310355,2307.4854935449907,2274.985697861259,2291.235595703125,611400,1400861443.2128906
2005-09-09 00:00:00,2318.3183593749995,2329.151622736565,2296.651832651869,2318.318359375,3783400,8771125680.859375
2005-09-12 00:00:00,2334.5675009268302,2367.0672805220993,2334.5675009268302,2339.984130859375,764400,1788683869.6289062
2005-09-13 00:00:00,2367.0679546734236,2410.401006475225,2367.0679546734236,2404.984375,1253300,3014166917.1875
2005-09-14 00:00:00,2388.734149854298,2399.567411304884,2367.067626953125,2367.067626953125,509500,1206020955.9326172
2005-09-15 00:00:00,2394.1516462053573,2464.56787109375,2388.7350135216348,2464.56787109375,1153200,2842139668.9453125
2005-09-16 00:00:00,2491.6499457465275,2491.6499457465275,2426.6503819444442,2437.483642578125,834900,2035055093.1884766
2005-09-19 00:00:00,2437.483642578125,2437.483642578125,2437.483642578125,2437.483642578125,0,0.0
2005-09-20 00:00:00,2415.817823771338,2475.4007745818417,2410.401191879474,2459.15087890625,959300,2359063438.1347656
2005-09-21 00:00:00,2459.1508438773776,2491.650634765625,2453.73421206267,2491.650634765625,1011100,2519307956.8115234
2005-09-22 00:00:00,2518.7338707095287,2692.0660940701846,2518.7338707095287,2643.31640625,2387700,6311446583.203125
2005-09-23 00:00:00,2643.31640625,2643.31640625,2643.31640625,2643.31640625,0,0.0
2005-09-26 00:00:00,2643.3153342645533,2648.7319640478822,2599.982295997921,2605.39892578125,1650600,4300471466.894531
2005-09-27 00:00:00,2632.708895408501,2654.5571020094017,2572.626327256025,2578.08837890625,1250800,3224672944.3359375
2005-09-28 00:00:00,2616.3232754561386,2621.7853282232704,2594.4750643876114,2605.399169921875,621400,1618995044.1894531
2005-09-29 00:00:00,2621.785714285714,2638.171875,2605.3995535714284,2638.171875,865000,2282018671.875
2005-09-30 00:00:00,2676.40596810567,2676.40596810567,2621.78543814433,2649.095703125,1039900,2754794621.6796875
2005-10-03 00:00:00,2670.9451202392574,2692.7933420817053,2621.7866210937495,2621.78662109375,1505500,3947099758.0566406
2005-10-04 00:00:00,2649.096362654173,2703.716906214053,2627.248145230221,2670.944580078125,1015800,2713145504.4433594
2005-10-05 00:00:00,2714.640797993856,2796.571606786427,2709.178744074351,2736.489013671875,1663400,4551875825.341797
2005-10-06 00:00:00,2681.868688790101,2703.716906214053,2632.710199586209,2670.944580078125,1486600,3970626212.7441406
2005-10-07 00:00:00,2643.6336375269393,2649.0956904970362,2507.082313274515,2534.392578125,1979700,5017336986.9140625
2005-10-10 00:00:00,2534.3925781249995,2534.3925781249995,2534.3925781249995,2534.392578125,0,0.0
2005-10-11 00:00:00,2550.778642250557,2605.399169921875,2512.544272880634,2605.399169921875,1053800,2745569645.263672
2005-10-12 00:00:00,2578.0887204935625,2616.323087111052,2545.31640625,2545.31640625,1120600,2852281564.84375
2005-10-13 00:00:00,2539.8539730619314,2561.7021792818186,2518.0057668420436,2550.778076171875,776300,1980169020.5322266
2005-10-14 00:00:00,2583.55159308465,2583.55159308465,2457.9243486006185,2485.234619140625,2880700,7159215367.358398
2005-10-17 00:00:00,2490.695726407285,2501.6198304704744,2452.4613621861204,2474.3095703125,872400,2158587669.140625
2005-10-18 00:00:00,2463.3851326337826,2545.3159020118464,2436.074876174428,2507.08154296875,1820100,4563139116.357422
2005-10-19 00:00:00,2528.9300906284493,2534.392142660044,2463.3854662493104,2474.3095703125,914100,2261766378.2226562
2005-10-20 00:00:00,2468.847867049835,2485.2340254594574,2463.385814246627,2479.77197265625,1039400,2577474988.3789062
2005-10-21 00:00:00,2457.923551576327,2485.2338132605087,2446.9994469026547,2468.84765625,915500,2260230029.296875
2005-10-24 00:00:00,2457.923789720857,2457.923789720857,2397.841208194347,2430.613525390625,936000,2275054259.765625
2005-10-25 00:00:00,2457.9244622278,2463.386516588306,2403.303918622738,2414.22802734375,1168700,2821508295.5566406
2005-10-26 00:00:00,2386.917791748047,2414.228063964844,2370.531628417969,2403.303955078125,1125900,2705879923.022461
2005-10-27 00:00:00,2397.8413770653733,2408.7654835668104,2375.9931640625,2375.9931640625,1013800,2408781869.7265625
2005-10-28 00:00:00,2359.606201171875,2386.916458129883,2348.682098388672,2359.606201171875,1538000,3629074337.4023438
2005-10-31 00:00:00,2375.9929693953054,2501.6201838690804,2370.530916592098,2479.77197265625,1648400,4087656119.7265625
2005-11-01 00:00:00,2534.3920780908097,2539.854129983247,2479.7715591664387,2496.15771484375,1327100,3312650903.3691406
2005-11-02 00:00:00,2496.158727356628,2501.620781464629,2457.9243486006185,2485.234619140625,1289700,3205207088.305664
2005-11-03 00:00:00,2468.84765625,2468.84765625,2468.84765625,2468.84765625,1289700,3184072822.265625
2005-11-04 00:00:00,2490.69625225194,2496.1583054367034,2446.999826773836,2463.385986328125,1265800,3118153981.4941406
2005-11-07 00:00:00,2457.923828125,2479.772039930556,2414.2274045138893,2457.923828125,1182300,2906003341.9921875
2005-11-08 00:00:00,2457.923828125,2463.385881076389,2430.6135633680556,2457.923828125,556500,1367834610.3515625
2005-11-09 00:00:00,2441.537631122718,2446.999683988764,2430.613525390625,2430.613525390625,721000,1752472351.8066406
2005-11-10 00:00:00,2441.5376692708337,2463.385881076389,2430.6135633680556,2457.923828125,777900,1912018945.8984375
2005-11-11 00:00:00,2512.5442948413775,2528.930453285995,2512.5442948413775,2518.00634765625,1925400,4848169421.777344
2005-11-14 00:00:00,2518.005645552492,2523.4676968443628,2490.6953890931372,2507.08154296875,1484300,3721261134.2285156
2005-11-15 00:00:00,2518.00634765625,2528.930453285995,2507.082242026505,2518.00634765625,1096600,2761245760.8398438
2005-11-16 00:00:00,2518.006419214709,2545.316684065194,2507.082313274515,2534.392578125,1352700,3428272840.4296875
2005-11-17 00:00:00,2539.854353876073,2572.6266681196353,2528.9302491282187,2545.31640625,1504400,3829174001.5625
2005-11-18 00:00:00,2561.7022239555745,2599.9365855071505,2550.7781206551244,2578.08837890625,861900,2222054373.779297
2005-11-21 00:00:00,2610.861149912645,2616.323202527525,2556.240623763845,2589.012939453125,843400,2183573513.1347656
2005-11-22 00:00:00,2605.399169921875,2621.7853282232704,2589.0130116204796,2605.399169921875,947400,2468355173.5839844
2005-11-23 00:00:00,2605.399169921875,2605.399169921875,2605.399169921875,2605.399169921875,0,0.0
2005-11-24 00:00:00,2616.3235536232974,2621.785606971154,2556.240966796875,2556.240966796875,752400,1923315703.4179688
2005-11-25 00:00:00,2556.241071428571,2561.703125,2523.46875,2561.703125,666700,1707887473.4375
2005-11-28 00:00:00,2534.3927534054487,2561.7030201447315,2523.4686467097354,2556.240966796875,795900,2034512185.4736328
2005-11-29 00:00:00,2561.7021792818186,2578.0883339467346,2545.316024616903,2550.778076171875,660000,1683513530.2734375
2005-11-30 00:00:00,2567.1648229901034,2567.1648229901034,2518.00634765625,2518.00634765625,893800,2250594073.5351562
2005-12-01 00:00:00,2523.468955264729,2572.62744140625,2518.006901249005,2572.62744140625,1091800,2808794640.5273438
2005-12-02 00:00:00,2610.8611894898227,2616.3232421875,2578.0888733037577,2616.3232421875,1543500,4038294924.3164062
2005-12-05 00:00:00,2616.3232421875,2627.247347582855,2583.550926001435,2616.3232421875,935000,2446262231.4453125
2005-12-06 00:00:00,2621.785300925926,2676.4058280285494,2610.8611955054016,2654.5576171875,1052900,2794983715.1367188
2005-12-07 00:00:00,2698.2542216187753,2720.1024339395753,2687.3301154583755,2714.640380859375,1352200,3670736722.998047
2005-12-08 00:00:00,2709.1790656887756,2725.5652293925386,2676.40673828125,2676.40673828125,1332500,3566311978.7597656
2005-12-09 00:00:00,2649.096362654173,2681.868688790101,2627.248145230221,2670.944580078125,4077400,10890509430.810547
2005-12-12 00:00:00,2703.716274698975,2736.488593180175,2692.7921685385754,2714.640380859375,857700,2328347054.663086
2005-12-13 00:00:00,2725.56367523564,2736.487778142396,2692.791366515372,2698.25341796875,810600,2187204220.6054688
2005-12-14 00:00:00,2720.103069282017,2747.4133410619565,2660.0204713661487,2670.944580078125,1214700,3244396381.4208984
2005-12-15 00:00:00,2632.7091735468434,2720.1020091832534,2627.2471213195677,2692.791748046875,1566900,4219335390.0146484
2005-12-16 00:00:00,2665.481486910497,2709.177904728702,2638.171225774119,2692.791748046875,1235900,3328021321.411133
2005-12-19 00:00:00,2698.2542216187753,2720.1024339395753,2670.9439562177754,2714.640380859375,672800,1826410048.2421875
2005-12-20 00:00:00,2714.6401761119587,2763.7986501260584,2703.716070775492,2741.950439453125,1361000,3731794548.095703
2005-12-21 00:00:00,2752.874382019043,2802.0328531265254,2731.0261726379395,2796.57080078125,1230300,3440621056.201172
2005-12-22 00:00:00,2796.5700495049505,2796.5700495049505,2725.563388091739,2758.335693359375,1031100,2844119933.4228516
2005-12-23 00:00:00,2758.335693359375,2758.335693359375,2758.335693359375,2758.335693359375,0,0.0
2005-12-26 00:00:00,2725.564006987072,2758.3363196963355,2720.1019548688614,2752.874267578125,499400,1374785409.2285156
2005-12-27 00:00:00,2758.3369485237017,2785.647215340768,2741.9507884334616,2747.412841796875,497400,1366563147.5097656
2005-12-28 00:00:00,2736.489113918222,2780.185546875,2736.489113918222,2780.185546875,567700,1578311334.9609375
2005-12-29 00:00:00,2802.033622472427,2807.4956763174023,2758.337191712623,2785.6474609375,611400,1703144857.6171875
2005-12-30 00:00:00,2796.5709595959597,2796.5709595959597,2703.716064453125,2703.716064453125,663900,1794997095.1904297
2006-01-02 00:00:00,2703.716064453125,2703.716064453125,2703.716064453125,2703.716064453125,0,0.0
2006-01-03 00:00:00,2703.716064453125,2703.716064453125,2703.716064453125,2703.716064453125,0,0.0
2006-01-04 00:00:00,2731.0272400269287,2747.41340346709,2703.7169676266594,2725.565185546875,873600,2381053746.09375
2006-01-05 00:00:00,2752.8747524207747,2752.8747524207747,2714.640380859375,2714.640380859375,840800,2282469632.2265625
2006-01-06 00:00:00,2731.0272400269287,2780.1857303474135,2714.641076586767,2725.565185546875,1020000,2780076489.2578125
2006-01-09 00:00:00,2725.565185546875,2725.565185546875,2725.565185546875,2725.565185546875,0,0.0
2006-01-10 00:00:00,2725.5643024209107,2725.5643024209107,2632.709406346451,2654.5576171875,1023500,2716939721.1914062
2006-01-11 00:00:00,2665.481866107724,2698.2541841336383,2654.5577600990855,2687.330078125,1056600,2839432960.546875
2006-01-12 00:00:00,2714.640592108189,2960.432999844343,2709.1785386029414,2878.502197265625,2841300,8178688293.09082
2006-01-13 00:00:00,2894.8880653681713,2894.8880653681713,2758.3367415300504,2774.722900390625,2081700,5776140661.743164
2006-01-16 00:00:00,2796.5710059171597,2802.0330586630917,2747.4125312037722,2769.2607421875,654000,1811096525.390625
2006-01-17 00:00:00,2763.7995669072516,2807.4960027476827,2709.179022106713,2725.565185546875,788600,2149380705.3222656
2006-01-18 00:00:00,2741.951393096301,2769.261665935906,2638.1723563058035,2676.40673828125,1593600,4265121778.125
2006-01-19 00:00:00,2692.7920929519055,2725.5644105131864,2632.709510756224,2660.019775390625,1233000,3279804383.0566406
2006-01-20 00:00:00,2670.9435621529574,2681.8676667016402,2621.7850916838843,2643.63330078125,1121500,2964834746.826172
2006-01-23 00:00:00,2599.938119975363,2649.0966138404433,2561.7037358580783,2632.71044921875,1242600,3271406004.1992188
2006-01-24 00:00:00,2649.0962594454404,2665.482421875,2605.399826299949,2665.482421875,935100,2492492612.6953125
2006-01-25 00:00:00,2665.482778462137,2676.4068882099323,2621.7863394709543,2632.71044921875,810300,2133285277.0019531
2006-01-26 00:00:00,2632.709196232567,2654.557405329933,2627.247143958226,2643.63330078125,654300,1729729268.7011719
2006-01-27 00:00:00,2687.329912770792,2741.950439453125,2665.4817020978585,2741.950439453125,891400,2444174621.7285156
2006-01-30 00:00:00,2796.5700495049505,2829.3423547725865,2747.411591603496,2758.335693359375,870400,2400855387.5
2006-01-31 00:00:00,2763.7992832693985,2780.185445027913,2731.02695975237,2736.489013671875,733400,2006941042.6269531
2006-02-01 00:00:00,2736.48816586508,2736.48816586508,2654.557382455946,2692.791748046875,1229700,3311326012.573242
2006-02-02 00:00:00,2747.412525390625,2747.412525390625,2692.791998046875,2731.0263671875,1052200,2873585943.5546875
2006-02-03 00:00:00,2741.9502600244728,2785.6466785109187,2720.10205078125,2720.10205078125,1369500,3725179758.544922
2006-02-06 00:00:00,2747.412504447523,2829.3432948386026,2731.0263463693072,2818.419189453125,1091200,3075459019.53125
2006-02-07 00:00:00,2818.4197119421783,2845.72998046875,2785.647389710293,2845.72998046875,875000,2490013732.9101562
2006-02-08 00:00:00,2829.343891697304,2845.7300532322306,2780.1854070925247,2785.6474609375,1071300,2984264124.9023438
2006-02-09 00:00:00,2840.268887606534,2916.737665349787,2774.7242209694605,2883.96533203125,1474200,4251541692.4804688
2006-02-10 00:00:00,2889.425411629277,2982.280292532297,2883.9633598114524,2933.121826171875,2456200,7204333829.443359
2006-02-13 00:00:00,2938.584652688006,3086.0600906481845,2916.7364396568682,3036.901611328125,2974800,9034174913.378906
2006-02-14 00:00:00,3004.1302116549746,3009.5922665852563,2922.199387700748,2944.047607421875,1990400,5859832357.8125
2006-02-15 00:00:00,2998.668498646129,3004.1305541992188,2867.5791653719816,2883.96533203125,1178200,3397887954.1992188
2006-02-16 00:00:00,2829.3438503689235,2949.5090332031245,2791.1094740125864,2949.509033203125,1718300,5068141371.75293
2006-02-17 00:00:00,2949.5086705754647,2949.5086705754647,2774.7229715784,2791.109130859375,1470500,4104325976.928711
2006-02-20 00:00:00,2736.488207713667,2769.2605215785015,2687.3297369164156,2720.10205078125,2179400,5928190409.472656
2006-02-21 00:00:00,2823.880584657996,2834.8046875,2774.722121868979,2834.8046875,1128800,3199927531.25
2006-02-22 00:00:00,2856.653376579284,2878.5015859603877,2774.7225914001465,2796.57080078125,956300,2674360656.7871094
2006-02-23 00:00:00,2802.03320688101,2840.267578125,2774.722941706731,2840.267578125,1118400,3176555259.375
2006-02-24 00:00:00,2785.647389710293,2878.5023027006355,2785.647389710293,2845.72998046875,842700,2398096654.5410156
2006-02-27 00:00:00,2900.3500642186036,2922.1982756251464,2873.0397999604247,2911.274169921875,969700,2823062562.573242
2006-02-28 00:00:00,2894.8874019827285,2954.9699707031245,2834.804833262332,2954.969970703125,1441200,4258702721.7773438
2006-03-01 00:00:00,2900.350517521893,2911.2746249325214,2829.343819352807,2845.72998046875,1083700,3083917579.8339844
2006-03-02 00:00:00,2867.5791653719816,2911.2756097966976,2851.1929987127132,2883.96533203125,754900,2177105429.1503906
2006-03-03 00:00:00,2883.963963895631,2883.963963895631,2796.571116504854,2812.957275390625,1001500,2817176711.303711
2006-03-06 00:00:00,2818.4192714440665,2911.274169921875,2796.5710600375232,2911.274169921875,1067400,3107494048.9746094
2006-03-07 00:00:00,2911.273618900576,2971.356188896648,2889.425411629277,2933.121826171875,1091800,3202382409.814453
2006-03-08 00:00:00,2878.501412203764,2982.2804004995355,2878.501412203764,2938.583984375,1798300,5284455579.1015625
2006-03-09 00:00:00,2883.963590801887,2944.04616561026,2856.653329525354,2894.8876953125,1904800,5514182082.03125
2006-03-10 00:00:00,2894.8876953125005,2905.8117998231132,2878.5015385465804,2894.8876953125,3642300,10544049452.636719
2006-03-13 00:00:00,2894.8875573799437,2911.273713365113,2878.501401394774,2900.349609375,1112000,3225188765.625
2006-03-14 00:00:00,2900.350621474037,2905.812675375118,2878.5024058697127,2889.426513671875,573000,1655641392.3339844
2006-03-15 00:00:00,2878.5032764781604,2894.889443137429,2878.5032764781604,2883.96533203125,438600,1264907194.6289062
2006-03-16 00:00:00,2889.4252168488592,2894.887268298479,2856.6529081511403,2873.0390625,477800,1372738064.0625
2006-03-17 00:00:00,2878.5011139496196,2894.887268298479,2856.6529081511403,2873.0390625,913100,2623371967.96875
2006-03-20 00:00:00,2845.7304318721617,2867.578650159088,2834.8063227286984,2856.654541015625,1609100,4596642821.948242
2006-03-21 00:00:00,2856.6545410156245,2856.6545410156245,2856.6545410156245,2856.654541015625,0,0.0
2006-03-22 00:00:00,2862.115790264423,2873.039896334135,2840.267578125,2840.267578125,1060100,3010967659.5703125
2006-03-23 00:00:00,2873.0407047308195,2894.888923017746,2845.7304318721617,2856.654541015625,617300,1763412848.1689453
2006-03-24 00:00:00,2867.57861328125,2878.502722284226,2856.6545042782736,2867.57861328125,627700,1799979095.5566406
2006-03-27 00:00:00,2829.344379004473,2851.1925981473646,2818.420269433027,2823.88232421875,1251700,3534653505.2246094
2006-03-28 00:00:00,2845.9433198609104,2868.004895983863,2818.36634970722,2862.489501953125,857300,2454012250.024414
2006-03-29 00:00:00,2856.9740817313464,2879.0356576520517,2823.881717850288,2873.520263671875,788800,2266632783.984375
2006-03-30 00:00:00,2829.39599609375,2890.0653059515107,2823.880604288499,2829.39599609375,1158100,3276723503.076172
2006-03-31 00:00:00,2851.4575633147538,2851.4575633147538,2818.365212483248,2829.39599609375,834400,2360848019.140625
2006-04-03 00:00:00,2845.9432808010056,2895.581826396372,2834.912492890924,2879.03564453125,1094300,3150528705.810547
2006-04-04 00:00:00,2895.581323102145,2895.581323102145,2856.9735721274496,2884.550537109375,814300,2348889502.368164
2006-04-05 00:00:00,2895.581787109375,2928.674150390625,2862.489423828125,2895.581787109375,1164500,3371904991.088867
2006-04-06 00:00:00,2906.6129956515333,2934.1899690448113,2895.582206294222,2923.1591796875,1434100,4192102579.5898438
2006-04-07 00:00:00,2917.6432847994643,2939.7048597317853,2884.5509224009825,2928.674072265625,1264900,3704479834.008789
2006-04-10 00:00:00,2934.1881801385007,2978.3113106668993,2923.157397506401,2961.76513671875,1425900,4223180908.4472656
2006-04-11 00:00:00,2994.8581194196427,3022.435081845238,2983.8273344494046,3011.404296875,1276300,3843455304.1015625
2006-04-12 00:00:00,2961.766382976781,3005.8895320714078,2950.735595703125,2950.735595703125,1007800,2973751333.3496094
2006-04-13 00:00:00,2950.7353148052684,2978.312280364196,2928.673742358126,2967.281494140625,984200,2920398446.533203
2006-04-14 00:00:00,3011.4050684133285,3011.4050684133285,2961.7665233295925,2994.85888671875,991500,2969402586.1816406
2006-04-17 00:00:00,3000.3741384345794,3005.8895320714078,2950.735595703125,2950.735595703125,475800,1403959996.4355469
2006-04-18 00:00:00,2950.7348861837477,2956.2502784943717,2923.1579246306287,2939.7041015625,817100,2402032221.3867188
2006-04-19 00:00:00,2983.8278808593755,3005.889454839851,2972.7970938691374,2983.827880859375,771100,2300829678.930664
2006-04-20 00:00:00,2989.3427039376143,3038.981235921818,2983.827311494925,3022.43505859375,638900,1931033758.9355469
2006-04-21 00:00:00,3022.4354364199958,3077.5893677415283,2983.827684494923,3072.073974609375,990700,3043503686.645508
2006-04-24 00:00:00,3033.4664094931964,3033.4664094931964,2967.2816878315266,2989.34326171875,1033500,3089486260.986328
2006-04-25 00:00:00,2989.342738496273,3011.4043085220756,2967.28116847047,3005.888916015625,609300,1831488116.5283203
2006-04-26 00:00:00,2978.3124747751385,3011.4048356059734,2972.7970813033326,2989.34326171875,699200,2090148808.59375
2006-04-27 00:00:00,2967.281763788479,2978.3125510144587,2928.6740084975513,2956.2509765625,657800,1944621892.3828125
2006-04-28 00:00:00,2928.6742034736385,2934.189597453815,2851.4586877511697,2873.520263671875,1371300,3940458337.573242
2006-05-01 00:00:00,2873.5201858433643,2906.612548828125,2873.5201858433643,2906.612548828125,669500,1945977101.4404297
2006-05-02 00:00:00,2884.5507436542002,2912.1277106107414,2873.519956871584,2901.096923828125,592500,1718899927.368164
2006-05-03 00:00:00,2901.096923828125,2901.096923828125,2901.096923828125,2901.096923828125,0,0.0
2006-05-04 00:00:00,2901.096923828125,2901.096923828125,2901.096923828125,2901.096923828125,0,0.0
2006-05-05 00:00:00,2901.096923828125,2901.096923828125,2901.096923828125,2901.096923828125,0,0.0
2006-05-08 00:00:00,2917.642932128906,2923.1583251953125,2868.00439453125,2868.00439453125,922200,2644873652.6367188
2006-05-09 00:00:00,2901.0967529296877,2901.0967529296877,2862.4890014648436,2868.00439453125,1133400,3250596180.7617188
2006-05-10 00:00:00,2868.0042216378893,2873.519614371808,2812.8502942986993,2834.911865234375,1332500,3777520060.4248047
2006-05-11 00:00:00,2823.8810562015506,2868.0041977047,2823.8810562015506,2845.942626953125,850700,2421043392.7490234
2006-05-12 00:00:00,2801.8198117479124,2840.4275650593995,2779.7582384270627,2807.335205078125,1116800,3135231957.03125
2006-05-15 00:00:00,2779.7579730308216,2818.36572265625,2768.7271874235566,2818.36572265625,801800,2259765636.4257812
2006-05-16 00:00:00,2801.81979932598,2868.004518995098,2785.273619408701,2812.8505859375,938800,2640704130.078125
2006-05-17 00:00:00,2818.3648070080444,2834.9109800433166,2763.2108968904704,2785.2724609375,1523000,4241969958.0078125
2006-05-18 00:00:00,2757.696521020459,2796.3042723147455,2746.6657349363772,2763.2119140625,951300,2628643493.8476562
2006-05-19 00:00:00,2752.1810442105993,2823.8811515748034,2752.1810442105993,2801.819580078125,978700,2742140823.022461
2006-05-22 00:00:00,2829.396803635817,2862.4891639122593,2785.2736566005606,2796.304443359375,1014900,2837969379.5654297
2006-05-23 00:00:00,2812.850917070761,2906.6126143064535,2807.3355231157207,2879.03564453125,1961100,5646076802.490234
2006-05-24 00:00:00,2834.912060358349,2856.9736328125,2796.304308563586,2856.9736328125,1505900,4302316593.652344
2006-05-25 00:00:00,2829.3971377686958,2879.0356840453396,2829.3971377686958,2862.489501953125,760600,2177209515.185547
2006-05-26 00:00:00,2890.066811615566,2923.1591796875,2884.5514169369108,2923.1591796875,766000,2239139931.640625
2006-05-29 00:00:00,2923.158730320505,2945.220305643679,2895.581761166538,2906.612548828125,644300,1872730465.209961
2006-05-30 00:00:00,2890.066393229167,2912.12796875,2873.5202115885418,2895.581787109375,548300,1587647493.8720703
2006-05-31 00:00:00,2845.9429583896117,2884.550711701099,2807.3352050781245,2807.335205078125,836400,2348055165.5273438
2006-06-01 00:00:00,2829.3971377686958,2879.0356840453396,2807.3355616457434,2862.489501953125,902400,2583110526.5625
2006-06-02 00:00:00,2868.00435812022,2912.1275020913,2823.8812141491394,2884.550537109375,1250700,3607707356.7626953
2006-06-05 00:00:00,2840.4278868459646,2912.128008261494,2840.4278868459646,2879.03564453125,721100,2076072603.2714844
2006-06-06 00:00:00,2868.0042216378893,2873.519614371808,2823.8810797665374,2834.911865234375,816800,2315556011.5234375
2006-06-07 00:00:00,2818.36572265625,2845.942686674413,2801.819544245352,2818.36572265625,790400,2227636267.1875
2006-06-08 00:00:00,2790.7901418070514,2796.30553734422,2697.0284176751943,2752.182373046875,1384400,3810121277.2460938
2006-06-09 00:00:00,2724.6038521974665,2779.7577763310187,2614.296003930363,2680.480712890625,4041900,10834234993.432617
2006-06-12 00:00:00,2680.4809210841645,2719.088670976323,2647.3885640337426,2697.027099609375,847600,2286000169.6289062
2006-06-13 00:00:00,2724.6039721064208,2757.6963280429363,2625.3269042968755,2625.326904296875,2048400,5377719630.761719
2006-06-14 00:00:00,2603.2662072981366,2735.6356754658386,2575.689234763199,2663.935546875,1728800,4605411773.4375
2006-06-15 00:00:00,2619.8115234375,2652.9038795230263,2608.780738075658,2619.8115234375,1243900,3258783554.0039062
2006-06-16 00:00:00,2647.388684107516,2697.0272219345316,2630.842504831844,2641.873291015625,1409500,3723720403.6865234
2006-06-19 00:00:00,2647.387794154858,2724.603271484375,2647.387794154858,2724.603271484375,802600,2186766585.6933594
2006-06-20 00:00:00,2730.1196289062505,2752.181201665089,2697.0272697679925,2730.11962890625,849200,2318417588.8671875
2006-06-21 00:00:00,2757.696533203125,2763.2119262695314,2697.027209472656,2757.696533203125,1003600,2767624240.7226562
2006-06-22 00:00:00,2752.1810442105993,2801.8195800781255,2741.1502584622604,2801.819580078125,1085200,3040534608.3007812
2006-06-23 00:00:00,2829.3960963657923,2840.4268803672185,2735.6344323536705,2779.757568359375,802500,2230755448.6083984
2006-06-26 00:00:00,2801.8198117479124,2829.3967783989747,2763.212058436425,2807.335205078125,584000,1639483759.765625
2006-06-27 00:00:00,2763.212132963935,2790.7891003587847,2752.1813460059952,2774.242919921875,815600,2262672525.4882812
2006-06-28 00:00:00,2757.696645080194,2768.7274316605144,2680.4811390179484,2708.05810546875,1200300,3250482143.9941406
2006-06-29 00:00:00,2730.1195678710938,2779.75810546875,2702.5426025390625,2757.696533203125,1228900,3388933269.6533203
2006-06-30 00:00:00,2840.4279785156245,2856.974160914745,2796.304825451304,2840.427978515625,1195300,3395163562.7197266
2006-07-03 00:00:00,2818.3659792432595,2823.8813725490195,2785.273619408701,2812.8505859375,862600,2426364915.4296875
2006-07-04 00:00:00,2845.942626953125,2845.942626953125,2807.3348781378695,2845.942626953125,629100,1790382506.616211
2006-07-05 00:00:00,2818.366016877003,2829.396803635817,2785.2736566005606,2796.304443359375,574100,1605358380.9326172
2006-07-06 00:00:00,2801.81979932598,2818.3659792432595,2768.7274394914216,2812.8505859375,600900,1690241917.0898438
2006-07-07 00:00:00,2851.458766781705,2856.974160914745,2818.3664019834646,2840.427978515625,594500,1688634433.227539
2006-07-10 00:00:00,2845.943654186321,2950.7361530807784,2840.428259507665,2923.1591796875,1192400,3485575005.859375
2006-07-11 00:00:00,2939.704757888596,2972.797119140625,2923.1585772625813,2972.797119140625,1111700,3304858557.348633
2006-07-12 00:00:00,2917.643233882155,2961.766382976781,2912.1278402453268,2950.735595703125,801600,2365309653.515625
2006-07-13 00:00:00,2956.251168258102,3022.4358959056717,2950.7357742874715,2978.312744140625,1402400,4176785792.3828125
2006-07-14 00:00:00,2923.159113575919,2928.674508129836,2823.8820116054158,2851.458984375,2007600,5724589057.03125
2006-07-17 00:00:00,2901.096923828125,2901.096923828125,2901.096923828125,2901.096923828125,2007600,5824242184.277344
2006-07-18 00:00:00,2834.912197015224,2856.9737705328525,2796.304443359375,2796.304443359375,1675600,4685487725.292969
2006-07-19 00:00:00,2801.8190370674947,2879.0345223410086,2779.757469846491,2829.39599609375,1302500,3685288284.9121094
2006-07-20 00:00:00,2868.0037387305065,2868.0037387305065,2812.849820677997,2829.39599609375,1312700,3714148124.0722656
2006-07-21 00:00:00,2801.820016860962,2856.973954200744,2801.820016860962,2823.881591796875,937700,2647953768.6279297
2006-07-24 00:00:00,2829.3971377686958,2884.551078076078,2801.820167615005,2862.489501953125,638200,1826840800.1464844
2006-07-25 00:00:00,2884.550476998994,2928.673620050604,2862.488905473189,2912.12744140625,654900,1907152261.3769531
2006-07-26 00:00:00,2923.1591796875,2967.2823371167456,2917.6437850088446,2923.1591796875,1065600,3114918421.875
2006-07-27 00:00:00,2923.1585400570802,3016.920229077779,2912.1277531134688,2989.34326171875,1448000,4328569042.96875
2006-07-28 00:00:00,2983.8276734759816,2983.8276734759816,2939.704528581697,2967.281494140625,662900,1967010902.4658203
2006-07-31 00:00:00,2983.827536570327,2983.827536570327,2917.642822265625,2917.642822265625,721600,2105371060.546875
2006-08-01 00:00:00,2928.674198404948,2978.3127441406255,2923.1588044343175,2978.312744140625,803600,2393372121.1914062
2006-08-02 00:00:00,2923.1583492463405,2967.281494140625,2912.127563022769,2967.281494140625,1006300,2985975367.553711
2006-08-03 00:00:00,2967.2817766136095,2978.312563887266,2939.7048084294684,2950.735595703125,517000,1525530302.9785156
2006-08-04 00:00:00,2928.6740084975513,2961.7663701754896,2928.6740084975513,2956.2509765625,476800,1409540465.625
2006-08-07 00:00:00,2961.765977339311,2972.7967631022134,2912.12744140625,2912.12744140625,642100,1869877030.1269531
2006-08-08 00:00:00,2923.1588044343175,2978.3127441406255,2912.128016493056,2978.312744140625,1000400,2979504069.2382812
2006-08-09 00:00:00,2983.8274936779494,3050.0122070312495,2972.7967081190664,3050.01220703125,1441200,4395677592.7734375
2006-08-10 00:00:00,3033.465843479129,3050.0120208071967,3000.373488822993,3022.43505859375,609800,1843080898.7304688
2006-08-11 00:00:00,3044.4971076673496,3055.527894289333,3022.435534423383,3027.950927734375,1124800,3405839203.515625
2006-08-14 00:00:00,3033.465684775356,3110.681174933274,3022.434900467082,3099.650390625,755200,2340855975.0
2006-08-15 00:00:00,3094.1367331368583,3116.198314121791,3072.075152151925,3088.621337890625,639300,1974555621.3134766
2006-08-16 00:00:00,3099.6513541782306,3110.6821419155194,3083.105172572297,3105.166748046875,746600,2318317494.091797
2006-08-17 00:00:00,3050.0120208071967,3083.104375463333,3011.4042737083714,3022.43505859375,1290900,3901661417.138672
2006-08-18 00:00:00,3022.4357143360785,3083.1050443683716,3005.8895334181802,3055.528076171875,837300,2558393658.178711
2006-08-21 00:00:00,3066.5576277449327,3083.103801995355,3033.465279244088,3061.042236328125,563700,1725509508.618164
2006-08-22 00:00:00,3072.073974609375,3099.6509402701417,3055.5277952129154,3072.073974609375,591300,1816517341.1865234
2006-08-23 00:00:00,3110.681726534448,3138.2586921952143,3055.5277952129154,3072.073974609375,834300,2563031317.0166016
2006-08-24 00:00:00,3061.0432625163057,3072.074049047896,3033.46629618733,3038.981689453125,453400,1377874297.9980469
2006-08-25 00:00:00,3044.4968142518082,3099.650742046225,3016.9198503545995,3050.01220703125,662400,2020328085.9375
2006-08-28 00:00:00,3072.0740742223074,3072.0740742223074,3011.4047478014,3027.950927734375,654800,1982702267.4804688
2006-08-29 00:00:00,3038.9814214723665,3061.042992590133,3022.4352431340412,3050.01220703125,452200,1379215520.0195312
2006-08-30 00:00:00,3038.981689453125,3055.527869250511,3011.4047231241493,3038.981689453125,515000,1565075570.0683594
2006-08-31 00:00:00,3038.9820729155017,3105.166800456311,3027.9512849920334,3083.105224609375,858400,2646537524.8046875
2006-09-01 00:00:00,3061.043469811174,3083.1050443683716,3044.497288893276,3055.528076171875,447200,1366432155.6640625
2006-09-04 00:00:00,3110.681986637253,3116.1973802305815,3066.558837890625,3066.558837890625,505400,1549838836.6699219
2006-09-05 00:00:00,3061.0432625163057,3066.5586557821007,3038.981689453125,3038.981689453125,398000,1209514712.4023438
2006-09-06 00:00:00,3027.950927734375,3044.4971076673496,3011.4047478014,3027.950927734375,708400,2145000437.2070312
2006-09-07 00:00:00,3005.889454839851,3016.9202418300893,2972.7970938691374,2983.827880859375,794800,2371546399.7070312
2006-09-08 00:00:00,2956.2509133837802,3016.9202418300893,2939.704732898423,2983.827880859375,3025700,9028168019.11621
2006-09-11 00:00:00,2978.3125768082864,3000.374151451311,2934.1894275222376,2945.22021484375,922800,2717849214.2578125
2006-09-12 00:00:00,2978.3124873642564,3000.374061344732,2956.2509133837802,2983.827880859375,1116500,3331443828.979492
2006-09-13 00:00:00,3027.9514026988636,3055.528373579545,3011.4052201704544,3033.466796875,873400,2649429900.390625
2006-09-14 00:00:00,3050.0135711669923,3088.621337890625,3038.9827806745257,3088.621337890625,689100,2128368963.9404297
2006-09-15 00:00:00,3072.0744497647847,3099.65141969086,3066.55905577957,3077.58984375,621200,1911798810.9375
2006-09-18 00:00:00,3077.58984375,3077.58984375,3077.58984375,3077.58984375,0,0.0
2006-09-19 00:00:00,3127.228389616935,3132.7437836021504,3072.0744497647847,3077.58984375,640300,1970580776.953125
2006-09-20 00:00:00,3083.1043285425158,3083.1043285425158,3011.4042278787365,3044.49658203125,1051500,3201288156.0058594
2006-09-21 00:00:00,3016.920320696779,3066.5588634504734,3016.920320696779,3055.528076171875,860700,2629893015.161133
2006-09-22 00:00:00,3033.4663210453664,3061.043287600324,3016.920141112392,3027.950927734375,825900,2500784671.2158203
2006-09-25 00:00:00,3005.8893298583544,3055.527869250511,2994.858543326764,3038.981689453125,934500,2839928388.7939453
2006-09-26 00:00:00,3058.480510919744,3086.3355246803976,3036.1964999112215,3064.051513671875,576700,1767038507.9345703
2006-09-27 00:00:00,3091.906377320649,3119.761389728943,3075.1933698756725,3108.619384765625,865600,2690820939.453125
2006-09-28 00:00:00,3103.049195207868,3136.4752188546313,3091.9071873256134,3119.76220703125,938700,2928520783.7402344
2006-09-29 00:00:00,3142.0457034670535,3181.042724609375,3136.4747004467217,3181.042724609375,877900,2792637407.9345703
2006-10-02 00:00:00,3208.8977397110334,3259.0367668940185,3181.042724609375,3181.042724609375,1375200,4374569954.8828125
2006-10-03 00:00:00,3231.1813111618726,3259.0363224649923,3208.897302119377,3220.039306640625,965500,3108947950.5615234
2006-10-04 00:00:00,3264.6077498870645,3314.746776762463,3253.4657439147536,3275.749755859375,1802800,5905521659.863281
2006-10-05 00:00:00,3342.601855307866,3398.311886229664,3337.0308522156865,3381.598876953125,2157500,7295799577.026367
2006-10-06 00:00:00,3359.3150658937966,3398.31208987598,3348.173059041744,3376.028076171875,1106900,3736925477.5146484
2006-10-09 00:00:00,3376.028076171875,3376.028076171875,3376.028076171875,3376.028076171875,0,0.0
2006-10-10 00:00:00,3392.7394554125863,3532.0144741076842,3381.5974539169783,3448.449462890625,1908200,6580331265.087891
2006-10-11 00:00:00,3498.5891259611594,3554.299143890477,3493.0181241682276,3532.01513671875,1894700,6692109079.541016
2006-10-12 00:00:00,3537.5864648118877,3537.5864648118877,3409.453411755709,3415.0244140625,1782000,6085573505.859375
2006-10-13 00:00:00,3420.5952011911495,3454.0212129291735,3381.598187496788,3387.169189453125,2368400,8022171508.300781
2006-10-16 00:00:00,3442.8797481142246,3442.8797481142246,3387.1697198275865,3392.74072265625,920500,3123017835.205078
2006-10-17 00:00:00,3426.16748046875,3437.3094885353153,3392.741456269055,3426.16748046875,903300,3094857085.107422
2006-10-18 00:00:00,3409.4540967280323,3420.5961035800847,3348.173059041744,3376.028076171875,1007200,3400335478.3203125
2006-10-19 00:00:00,3403.881235505415,3409.452235890858,3353.742232036432,3359.313232421875,943900,3170855760.083008
2006-10-20 00:00:00,3370.456183584113,3415.024199234812,3359.314179671438,3387.169189453125,878600,2975966849.8535156
2006-10-23 00:00:00,3420.59676213499,3420.59676213499,3387.170735143443,3398.312744140625,1071300,3640612442.7978516
2006-10-24 00:00:00,3403.88346433562,3459.5935046684453,3398.3124603023375,3426.16748046875,1165300,3992512964.9902344
2006-10-25 00:00:00,3454.021453125,3498.589471875,3442.8794484375,3481.87646484375,1076800,3749284577.34375
2006-10-26 00:00:00,3487.4477452431956,3493.018748031124,3454.021728515625,3454.021728515625,755600,2609858818.0664062
2006-10-27 00:00:00,3476.305439437194,3476.305439437194,3392.7404048353383,3415.0244140625,615200,2100923019.53125
2006-10-30 00:00:00,3420.595274666287,3437.308280894298,3353.7432497542422,3364.88525390625,967500,3255526483.154297
2006-10-31 00:00:00,3298.0342237061773,3392.7412875626046,3270.1792049248747,3337.03125,1359400,4536360281.25
2006-11-01 00:00:00,3314.746179628612,3342.6011895414576,3303.604175663474,3325.88818359375,879700,2925783835.107422
2006-11-02 00:00:00,3331.459070638021,3353.7430777994796,3309.1750634765626,3342.60107421875,852700,2850235935.986328
2006-11-03 00:00:00,3342.60107421875,3342.60107421875,3342.60107421875,3342.60107421875,0,0.0
2006-11-06 00:00:00,3314.7453828579974,3364.884388649127,3292.461380284162,3348.17138671875,811500,2717041080.3222656
2006-11-07 00:00:00,3364.8840278509697,3376.0260279431914,3303.60302734375,3303.60302734375,742900,2454246689.013672
2006-11-08 00:00:00,3348.17138671875,3370.4553892925856,3325.887384144915,3348.17138671875,947100,3171053120.361328
2006-11-09 00:00:00,3342.601059422349,3359.3140647194605,3275.749038233902,3309.175048828125,1314300,4349248766.674805
2006-11-10 00:00:00,3286.8910563151044,3370.456083170573,3286.8910563151044,3342.60107421875,1803400,6028046777.246094
2006-11-13 00:00:00,3342.6011895414576,3359.314195489165,3292.4621716983356,3325.88818359375,827700,2752837649.560547
2006-11-14 00:00:00,3342.60107421875,3370.456083170573,3320.3170670572918,3342.60107421875,706900,2362884699.3652344
2006-11-15 00:00:00,3342.601841517857,3342.601841517857,3314.746826171875,3314.746826171875,725200,2403854398.3398438
2006-11-16 00:00:00,3342.6022537562603,3370.457272537563,3331.4602462437397,3337.03125,578200,1929471468.75
2006-11-17 00:00:00,3337.0306943696123,3437.3087452855607,3331.4596915409484,3392.74072265625,991500,3363902426.513672
2006-11-20 00:00:00,3392.741739642034,3504.1618296138577,3387.170735143443,3398.312744140625,1862600,6329697317.236328
2006-11-21 00:00:00,3415.0241268382356,3426.166130514706,3381.598115808824,3409.453125,754400,2572091437.5
2006-11-22 00:00:00,3415.0243285533447,3415.0243285533447,3303.6042852073956,3403.88232421875,1171000,3985946201.6601562
2006-11-23 00:00:00,3403.88232421875,3403.88232421875,3403.88232421875,3403.88232421875,0,0.0
2006-11-24 00:00:00,3376.0272580582573,3431.7372788182947,3359.314251830246,3364.88525390625,977000,3287492893.0664062
2006-11-27 00:00:00,3415.0239152174727,3504.159939105694,3403.8819122314453,3476.304931640625,1486400,5167179650.390625
2006-11-28 00:00:00,3420.595343047255,3459.5923583588688,3398.3113342977613,3437.308349609375,937600,3222820308.59375
2006-11-29 00:00:00,3442.8793639646874,3498.5893860353135,3426.1663573434994,3470.734375,1138700,3952125232.8125
2006-11-30 00:00:00,3437.3086360203024,3454.02164397502,3415.0246254140116,3442.879638671875,1169400,4026103449.4628906
2006-12-01 00:00:00,3454.0213561714954,3476.3053649209887,3431.7373474220017,3437.308349609375,595800,2047948314.6972656
2006-12-04 00:00:00,3431.738037109375,3437.309040416371,3376.0280040394177,3431.738037109375,970100,3329129069.7998047
2006-12-05 00:00:00,3431.7379047827426,3431.7379047827426,3364.8858676765853,3381.598876953125,955600,3231455886.8164062
2006-12-06 00:00:00,3348.172290240832,3387.169305268595,3348.172290240832,3370.456298828125,920100,3101156840.551758
2006-12-07 00:00:00,3376.027873860945,3398.311886229664,3364.8858676765853,3381.598876953125,945200,3196287258.4960938
2006-12-08 00:00:00,3331.4598491235065,3409.4538924140234,3331.4598491235065,3381.598876953125,3437800,11625260619.189453
2006-12-11 00:00:00,3392.7404048353383,3437.3084232896613,3370.4563956081765,3415.0244140625,656900,2243329537.5976562
2006-12-12 00:00:00,3442.8784621428213,3465.162465134037,3420.594459151606,3448.449462890625,666400,2298046722.0703125
2006-12-13 00:00:00,3470.734651929738,3481.876657232883,3415.0246254140116,3442.879638671875,673900,2320156588.5009766
2006-12-14 00:00:00,3426.16651452106,3459.5925292968755,3409.4535071331525,3459.592529296875,556800,1926301120.3125
2006-12-15 00:00:00,3476.3056545813106,3476.3056545813106,3437.3086360203024,3442.879638671875,592100,2038529034.0576172
2006-12-18 00:00:00,3498.5894831492674,3515.3024902343755,3481.8764760641593,3515.302490234375,1017800,3577874874.560547
2006-12-19 00:00:00,3498.589040249209,3559.8700584701346,3493.018038592761,3520.873046875,804400,2832190278.90625
2006-12-20 00:00:00,3543.156799791019,3610.008814881415,3537.5857985334856,3582.15380859375,1724600,6177782458.300781
2006-12-21 00:00:00,3621.1511661746354,3637.8641715569797,3610.0091625864056,3626.72216796875,917300,3326792244.6777344
2006-12-22 00:00:00,3643.4355042532065,3671.2905157536134,3621.1514950528813,3637.864501953125,642500,2337327942.504883
2006-12-25 00:00:00,3637.8645019531255,3649.006506553288,3610.0094904527186,3637.864501953125,246700,897461172.6318359
2006-12-26 00:00:00,3643.4355042532065,3649.006506553288,3626.722497352963,3637.864501953125,295200,1073897600.9765625
2006-12-27 00:00:00,3621.1512947665806,3676.861314686066,3610.0092907826834,3643.435302734375,408700,1489072008.227539
2006-12-28 00:00:00,3665.719844346374,3682.432852755248,3643.435833134542,3649.0068359375,459800,1677813343.1640625
2006-12-29 00:00:00,3632.293298750478,3665.719310702169,3626.722296758529,3643.435302734375,207000,754191107.6660156
2007-01-04 00:00:00,3665.7195134535323,3682.432520353776,3615.5804927527997,3637.864501953125,518500,1886232744.2626953
2007-01-05 00:00:00,3643.436270170123,3643.436270170123,3526.445197274752,3576.584228515625,988000,3533665217.7734375
2007-01-09 00:00:00,3548.728411695167,3604.4384338567866,3537.5864072628433,3598.867431640625,853700,3072353126.3916016
2007-01-10 00:00:00,3571.0121492692724,3593.2961564409998,3481.876120582364,3532.01513671875,1064200,3758770508.4960938
2007-01-11 00:00:00,3548.7273393110795,3582.1533425071025,3465.162331321023,3493.017333984375,871700,3044863210.0341797
2007-01-12 00:00:00,3498.589494211146,3582.1545299009026,3476.3054846938776,3548.728515625,1604900,5695354394.7265625
2007-01-15 00:00:00,3559.871218102001,3593.29723892925,3548.729211159585,3576.584228515625,650900,2327998674.3408203
2007-01-16 00:00:00,3559.8701456834087,3593.2961564409998,3532.01513671875,3532.01513671875,746100,2635236493.5058594
2007-01-17 00:00:00,3526.444548316884,3593.2965776688625,3487.447531194896,3554.299560546875,1059700,3766491244.3115234
2007-01-18 00:00:00,3587.7244294042675,3715.8574447401343,3576.582428070714,3688.00244140625,1760600,6493097098.339844
2007-01-19 00:00:00,3632.2939800280137,3649.006989138572,3593.2969587700445,3604.43896484375,978800,3528024858.7890625
2007-01-22 00:00:00,3660.148841543416,3671.290847149332,3637.8648303315836,3649.0068359375,678800,2476945840.234375
2007-01-23 00:00:00,3610.0090332031255,3660.148047553169,3604.438031608676,3610.009033203125,837500,3023382565.307617
2007-01-24 00:00:00,3554.3002146307927,3593.29723892925,3548.729211159585,3576.584228515625,1184400,4236106360.2539062
2007-01-25 00:00:00,3576.583441498524,3593.2964482344983,3515.3024167999506,3537.58642578125,1371400,4851446024.316406
2007-01-26 00:00:00,3481.8764033280017,3537.58642578125,3465.1633965920278,3537.58642578125,1285100,4546152315.771484
2007-01-29 00:00:00,3504.16047421875,3515.30247890625,3470.73446015625,3481.87646484375,1495300,5206449877.880859
2007-01-30 00:00:00,3476.304332386364,3504.159335049716,3459.5913307883525,3493.017333984375,846000,2955092664.5507812
2007-01-31 00:00:00,3504.1594703686646,3504.1594703686646,3426.1654598994096,3448.449462890625,989600,3412585588.4765625
2007-02-01 00:00:00,3476.3054737024568,3532.015497319483,3459.5924666173487,3515.302490234375,1046700,3679467116.5283203
2007-02-02 00:00:00,3571.012439253199,3582.1544437438483,3537.58642578125,3537.58642578125,1602600,5669336005.957031
2007-02-05 00:00:00,3565.440228174603,3576.582228887649,3470.7332221137153,3509.730224609375,1147700,4028117378.7841797
2007-02-06 00:00:00,3526.4432256789432,3543.156226748512,3498.588223896329,3509.730224609375,845800,2968529823.9746094
2007-02-07 00:00:00,3515.301336115057,3515.301336115057,3459.5913307883525,3493.017333984375,1137200,3972259312.2070312
2007-02-08 00:00:00,3481.8764033280017,3559.8704347625494,3481.8764033280017,3537.58642578125,1184300,4189563604.0527344
2007-02-09 00:00:00,3537.586138511682,3587.725154648068,3532.01513671875,3532.01513671875,1541500,5444601333.251953
2007-02-13 00:00:00,3587.7250976562505,3598.8671010651206,3543.1570840207687,3587.72509765625,1192100,4276927088.9160156
2007-02-14 00:00:00,3593.296705891673,3593.296705891673,3559.870690022913,3571.0126953125,1093000,3903116875.9765625
2007-02-15 00:00:00,3587.7257032468797,3610.009713826053,3571.0126953125,3571.0126953125,1364300,4871932620.214844
2007-02-16 00:00:00,3565.4420970266037,3576.584103579812,3532.0160773669795,3559.87109375,1214500,4323463443.359375
2007-02-19 00:00:00,3559.869855690906,3559.869855690906,3515.301844978031,3526.44384765625,982500,3464731080.3222656
2007-02-20 00:00:00,3509.730224609375,3520.8722253224205,3487.4462231832836,3509.730224609375,1121700,3936864392.944336
2007-02-21 00:00:00,3509.731551460598,3509.731551460598,3454.0215268342395,3459.592529296875,1110300,3841185585.2783203
2007-02-22 00:00:00,3465.162928654597,3498.58893761268,3459.5919271615835,3476.304931640625,1102600,3832973817.626953
2007-02-23 00:00:00,3420.59521484375,3431.737218800896,3387.1692029723126,3420.59521484375,2102300,7191117320.166016
2007-02-26 00:00:00,3437.3094885353153,3476.306516768293,3420.5964764354676,3426.16748046875,1149000,3936666435.0585938
2007-02-27 00:00:00,3448.451047030362,3459.593053644354,3431.738037109375,3431.738037109375,1212500,4160982369.995117
2007-02-28 00:00:00,3342.600231265547,3431.736237432628,3337.0292308801045,3359.313232421875,2039200,6850311543.5546875
2007-03-01 00:00:00,3364.8858676765853,3381.5988769531245,3320.3178429391473,3381.598876953125,1865400,6308034545.068359
2007-03-02 00:00:00,3381.598647709216,3398.311655852754,3259.0365879899364,3286.8916015625,1906400,6266130149.21875
2007-03-05 00:00:00,3259.0375164156303,3270.1795250187606,3208.8984777015435,3247.8955078125,1683600,5468156876.953125
2007-03-06 00:00:00,3214.467887426503,3231.1808920405056,3169.899875122496,3197.7548828125,2000500,6397108643.066406
2007-03-07 00:00:00,3220.040034794307,3242.3240488759284,3181.0430101514694,3186.614013671875,2196100,6998123035.424805
2007-03-08 00:00:00,3186.6134928103334,3214.468505859375,3181.042490200525,3214.468505859375,2362600,7594503291.943359
2007-03-09 00:00:00,3242.3228951165074,3242.3228951165074,3181.0418781984977,3197.7548828125,4227100,13517229665.136719
2007-03-12 00:00:00,3214.468431482627,3236.75244140625,3197.7554240399095,3236.75244140625,1540800,4987188161.71875
2007-03-13 00:00:00,3264.6066966711956,3281.3197002377715,3197.754682404891,3203.32568359375,1922600,6158713959.277344
2007-03-14 00:00:00,3175.471047794118,3175.471047794118,3119.761029411765,3125.33203125,1634900,5109605337.890625
2007-03-15 00:00:00,3169.8997716465606,3169.8997716465606,3130.9027621535447,3153.186767578125,1410700,4448200573.022461
2007-03-16 00:00:00,3119.761550134892,3130.903555671088,3080.7645307582056,3097.4775390625,1522500,4715909553.222656
2007-03-19 00:00:00,3103.047712423949,3158.757725214325,3097.4767111449114,3147.61572265625,1167400,3674526594.6289062
2007-03-20 00:00:00,3186.6138048390653,3197.7558111496915,3158.7587890625,3158.7587890625,1270500,4013203041.5039062
2007-03-22 00:00:00,3214.468875016837,3259.0369010136046,3169.90084902007,3231.181884765625,2340200,7561611846.728516
2007-03-23 00:00:00,3236.7525771318856,3314.7466151350636,3231.1815744173728,3286.8916015625,2417800,7947046514.2578125
2007-03-26 00:00:00,3259.036746900909,3286.891761831686,3242.3237379424427,3275.749755859375,1214100,3977087778.588867
2007-03-27 00:00:00,3222.2330494195644,3250.3994222291763,3188.4334020480305,3199.699951171875,1675600,5361417238.183594
2007-03-28 00:00:00,3199.7001435512366,3227.8665180543285,3165.9004941475264,3188.43359375,1619900,5164943578.515625
2007-03-29 00:00:00,3177.1676252092634,3199.700728934152,3137.734693690709,3154.634521484375,1691400,5335748829.638672
2007-03-30 00:00:00,3160.266466312915,3210.9659283393253,3160.266466312915,3182.799560546875,946000,3010928384.2773438
2007-04-02 00:00:00,3165.901073346819,3205.334004865374,3143.3679696219306,3154.634521484375,1062700,3352430105.9814453
2007-04-03 00:00:00,3182.800205317562,3222.233128215302,3171.533655918208,3216.599853515625,1529900,4921076115.893555
2007-04-04 00:00:00,3222.2343749999995,3244.767482517482,3205.3345443618878,3222.234375,1438700,4635828595.3125
2007-04-05 00:00:00,3222.233600484914,3267.2998046875,3205.333773908944,3267.2998046875,1273700,4161559761.2304688
2007-04-06 00:00:00,3267.300590034965,3267.300590034965,3216.601098120629,3222.234375,724200,2333542134.375
2007-04-09 00:00:00,3244.7658653846156,3306.731880174947,3239.1325913127675,3295.46533203125,1253300,4130206700.6347656
2007-04-10 00:00:00,3267.29971303061,3306.732640601669,3261.6664376633157,3301.099365234375,842800,2782166545.0195312
2007-04-11 00:00:00,3312.365017176889,3329.2648386930978,3295.4651956606804,3317.998291015625,1035600,3436119030.1757812
2007-04-12 00:00:00,3312.365154246795,3323.6317023904917,3250.3991394564637,3295.46533203125,814400,2683826966.40625
2007-04-13 00:00:00,3317.9979089188246,3334.8977284888697,3272.931723398705,3289.83154296875,1288300,4238289976.8066406
2007-04-16 00:00:00,3301.0992491539764,3351.798725676819,3295.4659739847716,3329.265625,1442300,4801799810.9375
2007-04-17 00:00:00,3340.5323346939877,3346.1656101319204,3233.50010137327,3256.033203125,1649600,5371152371.875
2007-04-18 00:00:00,3261.665740290939,3312.365207756601,3244.765917802385,3306.73193359375,871100,2880494187.3535156
2007-04-19 00:00:00,3256.032336489692,3278.565432243946,3205.332871042621,3227.865966796875,1384200,4468012071.240234
2007-04-20 00:00:00,3239.1325683593745,3256.032390455163,3216.5994722316573,3239.132568359375,728800,2360679815.8203125
2007-04-23 00:00:00,3244.767333984375,3261.667163848877,3222.2342274983725,3244.767333984375,1068400,3466709419.6289062
2007-04-24 00:00:00,3222.232692858311,3250.3990625511287,3199.6995971040574,3227.865966796875,753100,2430905859.5947266
2007-04-25 00:00:00,3205.332790655839,3261.665528628701,3205.332790655839,3210.966064453125,1439800,4623148939.599609
2007-04-26 00:00:00,3261.666743327109,3261.666743327109,3205.333984375,3205.333984375,1271100,4074300027.5390625
2007-04-27 00:00:00,3210.966064453125,3250.3989810341286,3177.166421669408,3210.966064453125,1434800,4607094109.277344
2007-05-01 00:00:00,3199.700038923487,3210.9665883563166,3154.6338411921706,3165.900390625,1103100,3492304720.8984375
2007-05-02 00:00:00,3154.634521484375,3165.901073346819,3137.734693690709,3154.634521484375,1089400,3436658847.705078
2007-05-07 00:00:00,3171.53369140625,3177.166966168961,3160.267141880828,3171.53369140625,1251500,3969174414.794922
2007-05-08 00:00:00,3165.9004166435393,3171.53369140625,3154.6338671181175,3171.53369140625,810600,2570845210.2539062
2007-05-09 00:00:00,3188.4341566893672,3222.2338120606328,3188.4341566893672,3205.333984375,1005000,3221360654.296875
2007-05-10 00:00:00,3143.367573541854,3149.0008487632554,3120.8344726562495,3120.83447265625,1607100,5015493081.005859
2007-05-11 00:00:00,3098.3008607171114,3120.833957885963,3081.401037840473,3115.20068359375,1781100,5548483937.548828
2007-05-14 00:00:00,3458.8312804098114,3509.5307617187495,3453.198004708818,3509.53076171875,6044700,21214060595.36133
2007-05-15 00:00:00,3464.46371459961,3481.3635375976564,3357.431502278646,3379.964599609375,3107500,10503239993.286133
2007-05-16 00:00:00,3272.9330802128234,3295.4661823141164,3261.6665291621766,3267.2998046875,2879900,9409496707.519531
2007-05-17 00:00:00,3267.2998046875,3301.0994578394398,3261.6665291621766,3267.2998046875,2441500,7977112473.144531
2007-05-18 00:00:00,3278.5663557381467,3301.0994578394398,3267.2998046875,3267.2998046875,1239500,4049818107.9101562
2007-05-21 00:00:00,3278.5649965887196,3306.7313625387947,3267.2984502086897,3289.83154296875,812100,2671672196.044922
2007-05-22 00:00:00,3295.466503319977,3301.0997793940287,3272.9333990237724,3284.199951171875,1245900,4091784719.165039
2007-05-23 00:00:00,3284.1995803146624,3301.09940662846,3250.3999276870672,3256.033203125,1080200,3517167066.015625
2007-05-24 00:00:00,3222.2327196074693,3244.76581554878,3222.2327196074693,3233.499267578125,819900,2651146049.4873047
2007-05-25 00:00:00,3205.332790655839,3210.966064453125,3182.799695466694,3210.966064453125,1178200,3783160217.138672
2007-05-28 00:00:00,3216.600536165422,3222.2338120606328,3199.7007084797892,3205.333984375,598400,1918071856.25
2007-05-29 00:00:00,3227.866402914979,3227.866402914979,3210.9665788159477,3216.599853515625,610200,1962769230.6152344
2007-05-30 00:00:00,3182.799560546875,3188.4328341053647,3165.8997398714046,3182.799560546875,1235400,3932030577.0996094
2007-05-31 00:00:00,3182.8003188493817,3194.0668686506183,3165.9004941475264,3188.43359375,1511400,4818998533.59375
2007-06-01 00:00:00,3171.533394172655,3194.0664911117146,3160.266845703125,3160.266845703125,974600,3079996067.8222656
2007-06-04 00:00:00,3154.634226590502,3160.2675019951275,3143.36767578125,3143.36767578125,1224100,3847796371.923828
2007-06-05 00:00:00,3143.36702299883,3160.266845703125,3143.36702299883,3160.266845703125,1176600,3718369970.654297
2007-06-06 00:00:00,3115.200743063902,3120.834017463656,3075.7678222656245,3075.767822265625,1899900,5843651285.522461
2007-06-07 00:00:00,3109.567922213447,3126.4677478776507,3109.567922213447,3120.83447265625,1190800,3716289690.0390625
2007-06-08 00:00:00,3070.1349327397083,3081.401482951597,3053.235107421875,3053.235107421875,4415500,13481559616.82129
2007-06-11 00:00:00,3098.3016070197614,3103.9348826688883,3047.60212617762,3064.501953125,893600,2738438945.3125
2007-06-12 00:00:00,3047.6012110647985,3064.5010329376164,3025.068115234375,3025.068115234375,1115400,3374160975.732422
2007-06-13 00:00:00,3041.96875,3058.868576388889,3041.96875,3041.96875,1107300,3368371996.875
2007-06-14 00:00:00,3041.968480041164,3053.2350299672426,3036.335205078125,3036.335205078125,1009400,3064876756.0058594
2007-06-15 00:00:00,3064.501657633764,3070.1349327397083,3047.6018323159306,3053.235107421875,758600,2316184152.4902344
2007-06-18 00:00:00,3058.868576388889,3070.1351273148152,3030.702199074074,3041.96875,949900,2889566115.625
2007-06-19 00:00:00,3036.3346631495865,3041.9679371071925,3019.434841276769,3025.068115234375,834100,2523209314.916992
2007-06-20 00:00:00,3008.168996326959,3030.7020974230413,3008.168996326959,3019.435546875,1283500,3875445524.4140625
2007-06-21 00:00:00,3008.168675063028,3013.8019497354303,2991.2688510458197,3002.535400390625,1456300,4372592303.588867
2007-06-22 00:00:00,2974.369410148866,2985.635960944884,2968.7361347508563,2980.002685546875,1182300,3523257175.1220703
2007-06-25 00:00:00,2968.7362101848857,2996.9025878906245,2968.7362101848857,2996.902587890625,975600,2923778164.7460938
2007-06-26 00:00:00,3019.435546875,3036.3353726970618,3019.435546875,3019.435546875,1075700,3248006817.7734375
2007-06-27 00:00:00,2985.635524254061,2991.268798828125,2980.0022496799966,2991.268798828125,810500,2424423361.4501953
2007-06-28 00:00:00,3002.535400390625,3002.535400390625,2991.2688510458197,3002.535400390625,553200,1661002583.4960938
2007-06-29 00:00:00,3019.435354466775,3030.701904296875,2991.2689798915258,3030.701904296875,896400,2716721187.0117188
2007-07-02 00:00:00,3036.335256523654,3058.8683567575963,3019.435431348198,3047.601806640625,1024900,3123487091.6259766
2007-07-03 00:00:00,3047.602025462963,3064.501851851852,3025.068923611111,3041.96875,882000,2683016437.5
2007-07-04 00:00:00,3053.2351985191235,3053.2351985191235,3013.8022716009796,3019.435546875,437400,1320701108.203125
2007-07-05 00:00:00,3022.9114349975307,3064.5019531250005,3022.9114349975307,3064.501953125,686000,2102248339.84375
2007-07-06 00:00:00,3047.6014502668554,3075.7678222656245,3013.8018038683317,3075.767822265625,1210000,3721679064.9414062
2007-07-09 00:00:00,3115.200549940123,3120.8338239906475,3081.400905636975,3087.0341796875,1356200,4186635754.4921875
2007-07-10 00:00:00,3098.3015389278016,3109.5680899784484,3087.0349878771553,3103.934814453125,928100,2880761901.2939453
2007-07-11 00:00:00,3081.401016937874,3092.667565445873,3058.8679199218745,3058.867919921875,670400,2050665053.515625
2007-07-12 00:00:00,3070.134330902936,3092.6674269095633,3058.867782899623,3081.40087890625,922000,2841051610.3515625
2007-07-13 00:00:00,3098.3016070197614,3103.9348826688883,3053.2354018267465,3064.501953125,1875000,5745941162.109375
2007-07-17 00:00:00,3041.9680971598755,3064.5011941758744,3041.9680971598755,3058.867919921875,684100,2092571544.0185547
2007-07-18 00:00:00,3053.2351985191235,3064.5017490671644,3013.8022716009796,3019.435546875,849600,2565312440.625
2007-07-19 00:00:00,3047.6017550042034,3047.6017550042034,3013.8021052259683,3036.335205078125,608900,1848824506.3720703
2007-07-20 00:00:00,3025.068796546437,3053.2351726781544,3013.80224609375,3013.80224609375,542900,1636193239.4042969
2007-07-23 00:00:00,2957.4695333810187,2968.736083984375,2946.202982777663,2968.736083984375,1068400,3171797632.1289062
2007-07-24 00:00:00,2974.3697991071426,2974.3697991071426,2957.469970703125,2957.469970703125,682500,2018473255.0048828
2007-07-25 00:00:00,2940.5697480130057,2946.203023392341,2923.669921875,2923.669921875,1184300,3462502288.4765625
2007-07-26 00:00:00,2923.6688629860105,2929.302136325097,2901.1357696296636,2906.76904296875,522300,1518205471.1425781
2007-07-27 00:00:00,2827.90299927719,2884.2357283464567,2822.269726370263,2861.70263671875,1040000,2976170742.1875
2007-07-30 00:00:00,2839.1697052908416,2844.802978515625,2805.370065942141,2844.802978515625,1026100,2919052336.254883
2007-07-31 00:00:00,2839.17087319831,2878.603801992731,2833.53759765625,2833.53759765625,1063500,3013467235.107422
2007-08-01 00:00:00,2833.536730417765,2850.4365518715485,2794.103813692269,2805.370361328125,1626800,4563776503.808594
2007-08-02 00:00:00,2844.803650379181,2884.236572265625,2816.6372776031494,2884.236572265625,1752100,5053470898.266602
2007-08-03 00:00:00,2861.7036649816177,2895.503314568015,2861.7036649816177,2872.97021484375,1422400,4086512833.59375
2007-08-06 00:00:00,2816.63690751356,2867.336371848804,2816.63690751356,2856.06982421875,1205700,3443563387.060547
2007-08-07 00:00:00,2867.336748600006,2901.136395931244,2867.336748600006,2884.236572265625,1178900,3400226495.0439453
2007-08-08 00:00:00,2878.6029194788584,2889.8694671089124,2850.436550403723,2856.06982421875,1037600,2963458049.609375
2007-08-09 00:00:00,2850.436309577883,2912.402316307837,2839.1697628997094,2906.76904296875,1816300,5279564612.744141
2007-08-10 00:00:00,2844.8041487403702,2906.7701797030318,2833.53759765625,2833.53759765625,2664600,7550244282.714844
2007-08-13 00:00:00,2884.2363013698628,2906.7693974743147,2872.969753317637,2878.60302734375,1185100,3411432447.705078
2007-08-14 00:00:00,2878.602837456597,2889.8693847656245,2867.3362901475693,2889.869384765625,672200,1942570200.4394531
2007-08-15 00:00:00,2839.17087319831,2856.0706998244905,2827.9043221141897,2833.53759765625,800100,2267113431.8847656
2007-08-16 00:00:00,2811.005126953125,2833.53823418321,2799.7385733380825,2811.005126953125,1374300,3863164345.9716797
2007-08-17 00:00:00,2811.004291942866,2850.437217881944,2788.4711914062495,2788.47119140625,2607000,7269544395.996094
2007-08-20 00:00:00,2765.9382743756473,2765.9382743756473,2715.2387948046066,2720.8720703125,1850400,5034701678.90625
2007-08-21 00:00:00,2703.9719238281255,2737.7715728759767,2698.3386489868167,2703.971923828125,1525000,4123557183.8378906
2007-08-22 00:00:00,2675.80517578125,2687.071723889803,2664.5386276726977,2675.80517578125,1300300,3479349470.0683594
2007-08-23 00:00:00,2703.9713541666665,2754.6708170572915,2703.9713541666665,2737.77099609375,1362700,3730760536.376953
2007-08-24 00:00:00,2749.038447851967,2771.5715498835407,2715.2387948046066,2720.8720703125,1021200,2778554558.203125
2007-08-27 00:00:00,2732.1384788685514,2749.038304511037,2732.1384788685514,2743.405029296875,573300,1572794103.2958984
2007-08-28 00:00:00,2720.8724370237255,2754.6720946265045,2720.8724370237255,2749.038818359375,434700,1195007174.3408203
2007-08-29 00:00:00,2692.705374145508,2709.605198669434,2681.438824462891,2703.971923828125,722100,1952538126.196289
2007-08-30 00:00:00,2692.70554081499,2698.3388160049794,2675.805715245021,2687.072265625,1072900,2882959833.7890625
2007-08-31 00:00:00,2703.9722186203317,2715.23876953125,2687.0723922539546,2715.23876953125,883300,2398370405.126953
2007-09-03 00:00:00,2709.6055192967133,2732.1386213282867,2698.3389682809266,2720.8720703125,712700,1939165524.5117188
2007-09-04 00:00:00,2709.6056684560326,2765.9384266359916,2709.6056684560326,2754.671875,961000,2647239671.875
2007-09-05 00:00:00,2743.4042697482637,2794.1037326388887,2732.137722439236,2737.77099609375,1371600,3755126698.2421875
2007-09-06 00:00:00,2709.60574167143,2771.57177734375,2709.60574167143,2771.57177734375,952600,2640199275.0976562
2007-09-07 00:00:00,2743.4049903330174,2799.737741674558,2743.4049903330174,2788.47119140625,1102300,3073731794.2871094
2007-09-10 00:00:00,2732.1381835937495,2771.5711058311854,2726.504908988402,2732.13818359375,848700,2318765676.4160156
2007-09-11 00:00:00,2760.3048157354797,2811.004291942866,2737.7717151988636,2788.47119140625,1254100,3497021721.142578
2007-09-12 00:00:00,2788.4711525656962,2794.1044276213843,2720.871851897437,2726.505126953125,1098300,2994520580.932617
2007-09-13 00:00:00,2771.5703455708417,2827.903076171875,2765.9370725107383,2827.903076171875,1170900,3311191711.8896484
2007-09-14 00:00:00,2884.237003780718,2980.002685546875,2878.603728382709,2980.002685546875,4966200,14799289336.96289
2007-09-18 00:00:00,2940.569580078125,2980.0025054814714,2929.303029962883,2940.569580078125,1572400,4623751607.714844
2007-09-19 00:00:00,2996.902511740903,3002.535787138912,2974.369410148866,2980.002685546875,1352900,4031645633.276367
2007-09-20 00:00:00,3030.701930115086,3053.2350299672426,3025.0686551520466,3036.335205078125,1043800,3169326687.060547
2007-09-21 00:00:00,2991.2690560557708,3070.134906874567,2991.2690560557708,3047.601806640625,1165000,3550456104.736328
2007-09-25 00:00:00,3101.7683060424356,3101.7683060424356,3050.452286273351,3090.36474609375,955500,2952843514.892578
2007-09-26 00:00:00,3096.066756002019,3101.7685363998125,3033.3471716262875,3044.750732421875,649600,1977870075.78125
2007-09-27 00:00:00,3033.346572392924,3067.5572480214155,3033.346572392924,3061.85546875,879300,2692289513.671875
2007-09-28 00:00:00,3078.9625237396413,3118.8750008992292,3067.5589588369016,3096.06787109375,1015400,3143747316.3085938
2007-10-01 00:00:00,3096.0672634250514,3113.1726074218745,3090.365482092777,3113.172607421875,686200,2136259043.2128906
2007-10-02 00:00:00,3113.1726074218745,3118.874388754149,3090.365482092777,3113.172607421875,650000,2023562194.8242188
2007-10-03 00:00:00,3096.067266956676,3135.979736328125,3096.067266956676,3135.979736328125,629100,1972844852.1240234
2007-10-04 00:00:00,3135.978985888492,3135.978985888492,3090.36474609375,3090.36474609375,753400,2328280799.7070312
2007-10-05 00:00:00,3078.96264830632,3107.4715617165634,3056.155517578125,3056.155517578125,741700,2266750547.3876953
2007-10-09 00:00:00,3061.8566908119783,3073.26025390625,3039.049564623435,3073.26025390625,844600,2595675610.4492188
2007-10-10 00:00:00,3078.9620327102803,3078.9620327102803,3021.9442172897197,3050.453125,525800,1603928253.125
2007-10-11 00:00:00,3101.7686845400726,3130.277587890625,3073.2597811895207,3130.277587890625,1175900,3680893415.600586
2007-10-12 00:00:00,3130.277449544271,3130.277449544271,3078.96142578125,3078.96142578125,2132800,6566808928.90625
2007-10-15 00:00:00,3033.347047959662,3039.048828125,3033.347047959662,3039.048828125,1068900,3248439292.3828125
2007-10-16 00:00:00,3039.0489334222925,3039.0489334222925,2987.73291015625,2987.73291015625,841300,2513579697.314453
2007-10-17 00:00:00,2942.4188924367895,2942.4188924367895,2925.013427734375,2925.013427734375,1531200,4478780560.546875
2007-10-18 00:00:00,2953.5228387850466,3050.453125,2930.715712616822,3050.453125,1310500,3997618820.3125
2007-10-19 00:00:00,2971.19859569748,2971.19859569748,2959.224853515625,2959.224853515625,999500,2957745241.088867
2007-10-22 00:00:00,2902.20654296875,2925.013667078524,2885.101199886419,2902.20654296875,833700,2419569594.873047
2007-10-23 00:00:00,2902.776600413603,2907.908203125,2902.776600413603,2907.908203125,529500,1539737393.5546875
2007-10-24 00:00:00,2913.0404155632614,2913.0404155632614,2867.9963378906255,2867.996337890625,852400,2444680078.4179688
2007-10-25 00:00:00,2867.994879331683,2879.3984375,2867.994879331683,2879.3984375,1145300,3297775030.46875
2007-10-26 00:00:00,2879.399053618664,2896.50439453125,2879.399053618664,2896.50439453125,792200,2294610781.3476562
2007-10-29 00:00:00,2907.908205986023,2930.7153291702275,2879.399302005768,2919.311767578125,768600,2243783024.560547
2007-10-30 00:00:00,2841.767035108997,2841.767035108997,2828.082763671875,2828.082763671875,3138700,8876503370.336914
2007-10-31 00:00:00,2782.46923220306,2799.574575843653,2725.4514200677518,2748.258544921875,2418700,6647212942.602539
2007-11-01 00:00:00,2757.950543007426,2879.3984375,2757.950543007426,2879.3984375,1748700,5035204047.65625
2007-11-02 00:00:00,2848.0345328005837,2867.9963378906255,2848.0345328005837,2867.996337890625,1503900,4313179692.553711
2007-11-05 00:00:00,2839.486328125,2856.591667451054,2822.3809887989455,2839.486328125,935500,2656339459.9609375
2007-11-06 00:00:00,2839.486583891369,2873.697265625,2839.486583891369,2873.697265625,859500,2469942799.8046875
2007-11-07 00:00:00,2873.698118894038,2873.698118894038,2845.189208984375,2845.189208984375,904900,2574611715.209961
2007-11-08 00:00:00,2845.1892099551133,2867.9963378906255,2845.1892099551133,2867.996337890625,1078400,3092847250.78125
2007-11-09 00:00:00,2865.715235799154,2865.715235799154,2736.85498046875,2736.85498046875,2136300,5846743294.775391
2007-11-12 00:00:00,2736.854967948718,2736.854967948718,2668.43359375,2668.43359375,1578300,4211588741.015625
2007-11-13 00:00:00,2662.731930429941,2662.731930429941,2639.9248046875,2639.9248046875,917000,2420811045.8984375
2007-11-14 00:00:00,2639.9251708984375,2639.9251708984375,2634.223388671875,2634.223388671875,948900,2499614573.510742
2007-11-15 00:00:00,2634.2221938311045,2691.239990234375,2634.2221938311045,2691.239990234375,1325900,3568315103.051758
2007-11-16 00:00:00,2691.2403435819892,2691.2403435819892,2651.327880859375,2651.327880859375,815900,2163218417.993164
2007-11-19 00:00:00,2651.3281353230705,2696.9423828124995,2651.3281353230705,2696.9423828125,864100,2330427912.9882812
2007-11-20 00:00:00,2696.9423828124995,2696.9423828124995,2696.9423828124995,2696.9423828125,1351200,3644108547.65625
2007-11-21 00:00:00,2699.223331617846,2699.223331617846,2639.9248046875,2639.9248046875,1281200,3382271659.765625
2007-11-22 00:00:00,2639.924337993421,2708.345703125,2639.924337993421,2708.345703125,1714100,4642375369.7265625
2007-11-26 00:00:00,2793.871939970483,2805.2754989091377,2753.95948368519,2776.7666015625,1351200,3751967032.03125
2007-11-27 00:00:00,2776.7675750921976,2776.7675750921976,2753.9604492187505,2753.96044921875,1125800,3100408673.7304688
2007-11-28 00:00:00,2753.95947819346,2765.363037109375,2753.95947819346,2765.363037109375,947400,2619904941.357422
2007-11-29 00:00:00,2765.3638946032916,2782.46923828125,2765.3638946032916,2782.46923828125,659100,1833925474.9511719
2007-11-30 00:00:00,2800.145006776148,2800.145006776148,2793.873046875,2793.873046875,860300,2403568982.2265625
2007-12-03 00:00:00,2773.9166843580165,2773.9166843580165,2753.9604492187505,2753.96044921875,900000,2478564404.296875
2007-12-04 00:00:00,2753.960692339999,2753.960692339999,2731.153564453125,2731.153564453125,1210600,3306334505.126953
2007-12-05 00:00:00,2728.3018339180653,2771.065185546875,2728.3018339180653,2771.065185546875,1081300,2996352785.131836
2007-12-06 00:00:00,2766.5042427571616,2766.5042427571616,2736.85498046875,2736.85498046875,978000,2676644170.8984375
2007-12-07 00:00:00,2744.8372200108784,2744.8372200108784,2702.64404296875,2702.64404296875,1590600,4298825614.746094
2007-12-10 00:00:00,2711.6981021392444,2759.662109375,2711.6981021392444,2759.662109375,1267200,3497043825.0
2007-12-11 00:00:00,2724.893869172579,2725.4506835937495,2724.893869172579,2725.45068359375,1448900,3948905495.4589844
2007-12-12 00:00:00,2651.3280107214096,2679.8369140625,2651.3280107214096,2679.8369140625,1664900,4461660478.222656
2007-12-13 00:00:00,2622.819091796875,2622.819091796875,2622.819091796875,2622.819091796875,1202900,3154989085.522461
2007-12-14 00:00:00,2631.942315348481,2674.1354980468755,2631.942315348481,2674.135498046875,3148400,8419248202.050781
2007-12-17 00:00:00,2611.41552734375,2611.41552734375,2611.41552734375,2611.41552734375,954600,2492857262.4023438
2007-12-18 00:00:00,2594.3101886251698,2622.819091796875,2582.9066273564877,2622.819091796875,1009000,2646424463.623047
2007-12-19 00:00:00,2618.8274427229635,2618.8274427229635,2537.2919921875,2537.2919921875,1149800,2917378332.6171875
2007-12-20 00:00:00,2537.29210762956,2537.29210762956,2520.186767578125,2520.186767578125,975100,2457434117.0654297
2007-12-21 00:00:00,2520.758412974965,2520.758412974965,2508.78466796875,2508.78466796875,1627700,4083548804.0527344
2007-12-25 00:00:00,2516.195652986053,2548.69580078125,2516.195652986053,2548.69580078125,733200,1868703761.1328125
2007-12-26 00:00:00,2565.8017578125,2571.503539496528,2554.3981944444445,2565.8017578125,566300,1453013535.4492188
2007-12-27 00:00:00,2569.792519196367,2577.204833984375,2569.792519196367,2577.204833984375,364800,940164323.4375
2007-12-28 00:00:00,2548.6971513227986,2554.398934659091,2491.679317959872,2508.78466796875,808900,2029355917.9199219
2008-01-04 00:00:00,2480.2745206591107,2485.976301166373,2400.449593557438,2428.95849609375,960000,2331800156.25
2008-01-07 00:00:00,2401.589956395349,2451.765625,2401.589956395349,2451.765625,1389800,3407463865.625
2008-01-08 00:00:00,2451.765866858937,2451.765866858937,2440.3623046875,2440.3623046875,1344900,3282043263.5742188
2008-01-09 00:00:00,2440.361489778203,2514.484619140625,2440.361489778203,2514.484619140625,1378400,3465965599.0234375
2008-01-10 00:00:00,2514.4852244755994,2514.4852244755994,2497.3798828125,2497.3798828125,1031300,2575547873.1445312
2008-01-11 00:00:00,2498.5200035129737,2520.186767578125,2498.5200035129737,2520.186767578125,2361000,5950160958.251953
2008-01-15 00:00:00,2520.187153822483,2605.7138671875,2520.187153822483,2605.7138671875,2145900,5591601387.597656
2008-01-16 00:00:00,2582.9062643612133,2639.924062691483,2560.0991450291053,2617.116943359375,2618300,6852397292.797852
2008-01-17 00:00:00,2617.1171723427105,2617.1171723427105,2571.5029296875,2571.5029296875,1985100,5104690465.722656
2008-01-18 00:00:00,2572.643157087053,2572.643157087053,2554.3974609375,2554.3974609375,1762300,4501614645.410156
2008-01-21 00:00:00,2554.398186639908,2554.398186639908,2485.976806640625,2485.976806640625,1716000,4265936200.1953125
2008-01-22 00:00:00,2485.9761573553656,2485.9761573553656,2377.642333984375,2377.642333984375,2002000,4760039952.636719
2008-01-23 00:00:00,2366.8090851981688,2417.554931640625,2366.8090851981688,2417.554931640625,2051500,4959613942.260742
2008-01-24 00:00:00,2418.1254785613655,2434.66064453125,2418.1254785613655,2434.66064453125,1787900,4352929766.357422
2008-01-25 00:00:00,2434.660296714469,2497.3798828125,2434.660296714469,2497.3798828125,1239400,3095252626.7578125
2008-01-28 00:00:00,2471.7222234292667,2471.7222234292667,2434.66064453125,2434.66064453125,1451500,3533909925.5371094
2008-01-29 00:00:00,2449.1465397123616,2491.677978515625,2449.1465397123616,2491.677978515625,881000,2195168299.0722656
2008-01-30 00:00:00,2491.678092108832,2491.678092108832,2463.169189453125,2463.169189453125,1176900,2898903819.067383
2008-01-31 00:00:00,2472.862226428724,2497.3798828125,2472.862226428724,2497.3798828125,1040700,2599023244.0429688
2008-02-01 00:00:00,2497.9492097963234,2503.080810546875,2497.9492097963234,2503.080810546875,1082500,2709584977.416992
2008-02-04 00:00:00,2503.6517912776294,2503.6517912776294,2337.72998046875,2337.72998046875,2852000,6667205904.296875
2008-02-05 00:00:00,2345.712841440465,2345.712841440465,2343.43212890625,2343.43212890625,1719300,4029062859.2285156
2008-02-06 00:00:00,2343.4316014879532,2343.4316014879532,2240.799560546875,2240.799560546875,1716400,3846108365.7226562
2008-02-07 00:00:00,2249.922399808202,2249.922399808202,2217.992431640625,2217.992431640625,1675400,3716024519.970703
2008-02-08 00:00:00,2217.992540289594,2217.992540289594,2178.080078125,2178.080078125,2574100,5606595929.1015625
2008-02-12 00:00:00,2178.0800857148643,2200.88720703125,2178.0800857148643,2200.88720703125,1709200,3761756414.2578125
2008-02-13 00:00:00,2209.5807399794303,2209.5807399794303,2166.676513671875,2166.676513671875,1102700,2389194191.6259766
2008-02-14 00:00:00,2174.08823311942,2195.184814453125,2174.08823311942,2195.184814453125,1692200,3714691743.017578
2008-02-15 00:00:00,2203.7384685701727,2229.396484375,2203.7384685701727,2229.396484375,1214300,2707156150.9765625
2008-02-18 00:00:00,2230.5372070312496,2230.5372070312496,2212.29150390625,2212.29150390625,1204200,2664041429.0039062
2008-02-19 00:00:00,2195.185789103296,2195.185789103296,2183.7822265625,2183.7822265625,1164400,2542796024.609375
2008-02-20 00:00:00,2180.360656705902,2180.360656705902,2149.571044921875,2149.571044921875,1051800,2260918825.048828
2008-02-21 00:00:00,2149.5715351356366,2160.97509765625,2149.5715351356366,2160.97509765625,2163500,4675269623.779297
2008-02-22 00:00:00,2160.975588569744,2160.975588569744,2115.361328125,2115.361328125,1529600,3235656687.5
2008-02-25 00:00:00,2123.716195783345,2189.483642578125,2123.716195783345,2189.483642578125,1909600,4181037963.8671875
2008-02-26 00:00:00,2183.7818584342276,2183.7818584342276,2178.080078125,2178.080078125,1789500,3897674299.8046875
2008-02-27 00:00:00,2178.0800857148643,2200.88720703125,2178.0800857148643,2200.88720703125,1014600,2233020160.2539062
2008-02-28 00:00:00,2201.4577446044277,2201.4577446044277,2160.97509765625,2160.97509765625,1433000,3096677314.9414062
2008-02-29 00:00:00,2162.68526359437,2162.68526359437,2155.27294921875,2155.27294921875,1321700,2848624256.982422
2008-03-03 00:00:00,2106.8077932889346,2106.8077932889346,2086.8515625,2086.8515625,1670400,3485876850.0
2008-03-04 00:00:00,2078.6085872719605,2078.6085872719605,2035.5356445312502,2035.53564453125,2518000,5125478752.9296875
2008-03-05 00:00:00,2060.62348053149,2060.62348053149,2041.2374267578123,2041.2374267578125,1920400,3919992354.345703
2008-03-06 00:00:00,2041.2373087565104,2052.640869140625,2041.2373087565104,2052.640869140625,2133600,4379514558.3984375
2008-03-07 00:00:00,2052.640977339311,2052.640977339311,2007.0267333984375,2007.0267333984375,1707800,3427600255.2978516
2008-03-10 00:00:00,2007.0266276041668,2052.640869140625,2007.0266276041668,2052.640869140625,2373000,4870916782.470703
2008-03-11 00:00:00,2043.518133802817,2043.518133802817,2024.132080078125,2024.132080078125,1518100,3072834910.7666016
2008-03-12 00:00:00,2024.1315886933924,2024.1315886933924,2018.4298095703125,2018.4298095703125,1538900,3106161633.947754
2008-03-13 00:00:00,1918.64923312396,1927.201904296875,1918.64923312396,1927.201904296875,2141000,4126139277.0996094
2008-03-14 00:00:00,1934.8140109756444,1934.8140109756444,1892.9908447265623,1892.9908447265625,5359300,10145105834.143066
2008-03-17 00:00:00,1902.1719622209525,1902.1719622209525,1796.0606689453125,1796.0606689453125,1704600,3061565016.2841797
2008-03-18 00:00:00,1802.9028274489183,1853.0784912109375,1802.9028274489183,1853.0784912109375,1559700,2890246522.741699
2008-03-19 00:00:00,1853.0793438535748,1881.5882568359375,1853.0793438535748,1881.5882568359375,1248500,2349162938.659668
2008-03-21 00:00:00,1881.5876608455883,1938.60546875,1881.5876608455883,1938.60546875,1079300,2092336882.421875
2008-03-24 00:00:00,1938.6061990365342,1955.7115478515625,1938.6061990365342,1955.7115478515625,1161500,2271558962.82959
2008-03-25 00:00:00,1955.711065134771,2001.3253173828123,1955.711065134771,2001.3253173828125,1260100,2521870032.434082
2008-03-26 00:00:00,1993.0192229486233,1993.0192229486233,1969.3731689453125,1969.3731689453125,1167800,2299833986.694336
2008-03-27 00:00:00,1976.9255475571576,1976.9255475571576,1975.1827392578125,1975.1827392578125,1091900,2156702032.9956055
2008-03-28 00:00:00,1975.1822396211846,1998.419677734375,1975.1822396211846,1998.419677734375,1171100,2340349284.5947266
2008-03-31 00:00:00,1998.420183249081,1998.420183249081,1975.1827392578125,1975.1827392578125,1470800,2905098772.9003906
2008-04-01 00:00:00,1975.182563736594,1975.182563736594,1963.5638427734375,1963.5638427734375,1532500,3009161589.050293
2008-04-02 00:00:00,1963.5645765984193,2021.6582031249998,1963.5645765984193,2021.658203125,1173200,2371809403.90625
2008-04-03 00:00:00,2026.3056696111507,2044.8956298828127,2026.3056696111507,2044.8956298828125,999100,2043055223.815918
2008-04-04 00:00:00,2044.8956426056338,2062.32373046875,2044.8956426056338,2062.32373046875,978600,2018190002.6367188
2008-04-07 00:00:00,2062.3233840811963,2062.3233840811963,2039.0859374999998,2039.0859375,886100,1806834049.21875
2008-04-08 00:00:00,2039.666560272995,2050.704345703125,2039.666560272995,2050.704345703125,1166300,2391736478.3935547
2008-04-09 00:00:00,2051.285663184691,2068.1328125,2051.285663184691,2068.1328125,1104900,2285079944.53125
2008-04-10 00:00:00,2021.6578525641023,2039.0859374999998,2021.6578525641023,2039.0859375,1401600,2857982850.0
2008-04-11 00:00:00,2040.248080794818,2073.9423828125,2040.248080794818,2073.9423828125,2203100,4569102463.574219
2008-04-14 00:00:00,2068.132861184934,2068.132861184934,1980.992431640625,1980.992431640625,1127000,2232578470.4589844
2008-04-15 00:00:00,1993.7729563365524,1993.7729563365524,1992.611083984375,1992.611083984375,1600200,3188576256.591797
2008-04-16 00:00:00,1993.1920201604637,1993.1920201604637,1992.611083984375,1992.611083984375,1711500,3410353870.239258
2008-04-17 00:00:00,2019.5195356897286,2033.2764892578125,2019.5195356897286,2033.2764892578125,1449100,2946420960.583496
2008-04-18 00:00:00,2033.2762797445828,2033.2762797445828,2027.4669189453127,2027.4669189453125,849800,1722941387.7197266
2008-04-21 00:00:00,2013.5250954112785,2021.6582031249998,2013.5250954112785,2021.658203125,1284100,2596011298.6328125
2008-04-22 00:00:00,2022.8198883734808,2091.370361328125,2022.8198883734808,2091.370361328125,1710800,3577916414.1601562
2008-04-23 00:00:00,2095.0824739836703,2132.035888671875,2095.0824739836703,2132.035888671875,1961600,4182201599.21875
2008-04-24 00:00:00,2134.3587905421405,2134.3587905421405,2108.797607421875,2108.797607421875,1374400,2898331431.640625
2008-04-25 00:00:00,2155.2729841902446,2155.2729841902446,2149.463623046875,2149.463623046875,1577800,3391423704.4433594
2008-04-28 00:00:00,2149.463517652835,2149.463517652835,2126.22607421875,2126.22607421875,1171000,2489810732.9101562
2008-04-30 00:00:00,2126.22624803626,2137.844970703125,2126.22624803626,2137.844970703125,1070800,2289204394.6289062
2008-05-01 00:00:00,2111.70319289116,2120.417236328125,2111.70319289116,2120.417236328125,954900,2024786418.9697266
2008-05-02 00:00:00,2120.4172544126154,2195.93896484375,2120.4172544126154,2195.93896484375,1324100,2907642783.3496094
2008-05-07 00:00:00,2178.510498046875,2178.510498046875,2178.510498046875,2178.510498046875,922600,2009893785.4980469
2008-05-08 00:00:00,2178.5104287637246,2178.5104287637246,2149.463623046875,2149.463623046875,1011800,2174827293.798828
2008-05-09 00:00:00,2144.816278671222,2144.816278671222,2085.560791015625,2085.560791015625,1667100,3476838394.7021484
2008-05-12 00:00:00,2085.560616629464,2114.607421875,2085.560616629464,2114.607421875,688800,1456541592.1875
2008-05-13 00:00:00,2139.5873309293534,2172.70068359375,2139.5873309293534,2172.70068359375,1372600,2982248958.3007812
2008-05-14 00:00:00,2172.7020540959534,2224.986328125,2172.7020540959534,2224.986328125,2566700,5710872408.3984375
2008-05-15 00:00:00,2287.645112488951,2287.645112488951,2277.26953125,2277.26953125,1463000,3331645324.21875
2008-05-16 00:00:00,2270.879198776008,2270.879198776008,2242.413330078125,2242.413330078125,1225500,2748077536.010742
2008-05-19 00:00:00,2250.547097243476,2254.03271484375,2250.547097243476,2254.03271484375,1205500,2717236437.7441406
2008-05-20 00:00:00,2261.584044265747,2261.584044265747,2230.79443359375,2230.79443359375,994000,2217409666.9921875
2008-05-21 00:00:00,2201.747661834068,2201.747661834068,2184.319580078125,2184.319580078125,1088800,2378287158.7890625
2008-05-22 00:00:00,2184.3197192120297,2184.3197192120297,2161.082275390625,2161.082275390625,1146800,2478329153.4179688
2008-05-23 00:00:00,2181.9961475762793,2213.36669921875,2181.9961475762793,2213.36669921875,1476600,3268257268.0664062
2008-05-26 00:00:00,2215.6907968026617,2215.6907968026617,2195.93896484375,2195.93896484375,1361100,2988892525.048828
2008-05-27 00:00:00,2195.9391238190406,2248.223388671875,2195.9391238190406,2248.223388671875,943400,2120973944.8730469
2008-05-28 00:00:00,2254.6129880915037,2254.6129880915037,2242.413330078125,2242.413330078125,1693400,3797302733.154297
2008-05-29 00:00:00,2242.413364955357,2242.413364955357,2236.60400390625,2236.60400390625,1528600,3418872880.3710938
2008-05-30 00:00:00,2235.4424830251965,2235.4424830251965,2219.17626953125,2219.17626953125,1760000,3905750234.375
2008-06-02 00:00:00,2219.1757435900104,2219.1757435900104,2184.319580078125,2184.319580078125,1244300,2717948853.491211
2008-06-03 00:00:00,2184.320147522139,2184.320147522139,2132.035888671875,2132.035888671875,1787700,3811440558.178711
2008-06-04 00:00:00,2132.035470613869,2161.082275390625,2132.035470613869,2161.082275390625,1257300,2717128744.848633
2008-06-05 00:00:00,2161.0819633606284,2172.70068359375,2161.0819633606284,2172.70068359375,1513800,3289034294.8242188
2008-06-06 00:00:00,2172.7004831414474,2207.556640625,2172.7004831414474,2207.556640625,1221900,2697413459.1796875
2008-06-09 00:00:00,2195.93858203125,2195.93858203125,2178.510498046875,2178.510498046875,1186700,2585238408.0322266
2008-06-10 00:00:00,2178.5103589060436,2201.747802734375,2178.5103589060436,2201.747802734375,1108500,2440637439.3310547
2008-06-11 00:00:00,2201.747661834068,2201.747661834068,2184.319580078125,2184.319580078125,1011300,2209002391.333008
2008-06-12 00:00:00,2189.5482149361274,2189.5482149361274,2149.463623046875,2149.463623046875,1153800,2480051128.2714844
2008-06-13 00:00:00,2151.2067835836383,2151.2067835836383,2132.035888671875,2132.035888671875,5426900,11570345564.233398
2008-06-16 00:00:00,2133.1966978199603,2190.12841796875,2133.1966978199603,2190.12841796875,876100,1918771506.9824219
2008-06-17 00:00:00,2188.967730034722,2195.93896484375,2188.967730034722,2195.93896484375,1362300,2991527651.8066406
2008-06-18 00:00:00,2195.93896484375,2195.93896484375,2195.93896484375,2195.93896484375,558500,1226431911.8652344
2008-06-19 00:00:00,2195.9384765625,2195.9384765625,2155.27294921875,2155.27294921875,860100,1853750263.6230469
2008-06-20 00:00:00,2155.27333704977,2155.27333704977,2132.035888671875,2132.035888671875,1007300,2147599750.6591797
2008-06-23 00:00:00,2149.4635881696427,2155.27294921875,2149.4635881696427,2155.27294921875,882500,1902028377.6855469
2008-06-24 00:00:00,2155.27294921875,2155.27294921875,2155.27294921875,2155.27294921875,749300,1614946020.8496094
2008-06-25 00:00:00,2155.272878511356,2155.272878511356,2126.22607421875,2126.22607421875,1613800,3431303638.5742188
2008-06-26 00:00:00,2126.226616753472,2195.93896484375,2126.226616753472,2195.93896484375,1097400,2409823420.0195312
2008-06-27 00:00:00,2195.938441122732,2195.938441122732,2161.082275390625,2161.082275390625,964300,2083931638.1591797
2008-06-30 00:00:00,2162.8252224609373,2178.510498046875,2162.8252224609373,2178.510498046875,1291300,2813110606.1279297
2008-07-01 00:00:00,2178.5103934151784,2236.60400390625,2178.5103934151784,2236.60400390625,1437400,3214894595.2148438
2008-07-02 00:00:00,2236.6041839026893,2236.6041839026893,2166.891845703125,2166.891845703125,3014700,6532528847.241211
2008-07-03 00:00:00,2166.891636345976,2166.891636345976,2161.082275390625,2161.082275390625,1374800,2971055912.2070312
2008-07-04 00:00:00,2161.0823453336147,2161.0823453336147,2149.463623046875,2149.463623046875,1332700,2864590170.4345703
2008-07-07 00:00:00,2149.46341656624,2184.319580078125,2149.46341656624,2184.319580078125,1065600,2327610944.53125
2008-07-08 00:00:00,2195.3571880483373,2195.3571880483373,2172.70068359375,2172.70068359375,1886300,4098365299.4628906
2008-07-09 00:00:00,2172.701169311844,2213.36669921875,2172.701169311844,2213.36669921875,1366800,3025229604.4921875
2008-07-10 00:00:00,2213.946936163651,2213.946936163651,2207.556640625,2207.556640625,966700,2134045004.4921875
2008-07-11 00:00:00,2207.5573378034774,2213.36669921875,2207.5573378034774,2213.36669921875,2579200,5708715390.625
2008-07-14 00:00:00,2213.3665239887855,2213.3665239887855,2161.082275390625,2161.082275390625,1277600,2760998715.0390625
2008-07-15 00:00:00,2132.035888671875,2132.035888671875,2132.035888671875,2132.035888671875,1403000,2991246351.8066406
2008-07-16 00:00:00,2132.0355743987125,2143.654296875,2132.0355743987125,2143.654296875,1110700,2380956827.5390625
2008-07-17 00:00:00,2143.654332036557,2143.654332036557,2137.844970703125,2137.844970703125,654900,1400074671.3134766
2008-07-18 00:00:00,2137.845044829387,2137.845044829387,2085.560791015625,2085.560791015625,1402400,2924790453.3203125
2008-07-22 00:00:00,2102.9886997767853,2126.226143973214,2097.1793387276784,2114.607421875,1334100,2821097761.5234375
2008-07-23 00:00:00,2143.6542271205353,2155.27294921875,2143.6542271205353,2155.27294921875,665800,1434980729.5898438
2008-07-24 00:00:00,2166.8909811733256,2190.12841796875,2166.8909811733256,2190.12841796875,1075500,2355483113.5253906
2008-07-25 00:00:00,2190.1290808202093,2201.747802734375,2190.1290808202093,2201.747802734375,760600,1674649378.7597656
2008-07-28 00:00:00,2209.8803844572367,2209.8803844572367,2207.556640625,2207.556640625,707600,1562067078.90625
2008-07-29 00:00:00,2193.0342836733216,2195.93896484375,2193.0342836733216,2195.93896484375,843200,1851615735.15625
2008-07-30 00:00:00,2195.9390881725194,2254.03271484375,2195.9390881725194,2254.03271484375,1039400,2342841603.8085938
2008-07-31 00:00:00,2254.03271484375,2254.03271484375,2254.03271484375,2254.03271484375,1328900,2995384074.7558594
2008-08-01 00:00:00,2256.3565936700766,2271.4609375,2256.3565936700766,2271.4609375,1353900,3075330963.28125
2008-08-04 00:00:00,2271.4609823297924,2341.17333984375,2271.4609823297924,2341.17333984375,1617000,3785677290.5273438
2008-08-05 00:00:00,2341.1723288356666,2346.981689453125,2341.1723288356666,2346.981689453125,1405500,3298682764.526367
2008-08-06 00:00:00,2346.981689453125,2346.981689453125,2346.981689453125,2346.981689453125,1558900,3658709755.6884766
2008-08-07 00:00:00,2327.229863353767,2346.981689453125,2327.229863353767,2346.981689453125,1217400,2857215508.7402344
2008-08-08 00:00:00,2324.9071230904933,2341.17333984375,2324.9071230904933,2341.17333984375,1927600,4512845729.8828125
2008-08-11 00:00:00,2341.7538879544495,2364.410400390625,2341.7538879544495,2364.410400390625,961300,2272907717.895508
2008-08-12 00:00:00,2364.4097713055,2364.4097713055,2346.981689453125,2346.981689453125,995400,2336185573.6816406
2008-08-13 00:00:00,2344.657942134367,2344.657942134367,2306.316162109375,2306.316162109375,1986800,4582188950.878906
2008-08-14 00:00:00,2301.6686736214974,2306.316162109375,2301.6686736214974,2306.316162109375,1064800,2455765449.4140625
2008-08-15 00:00:00,2306.3158172607423,2323.743896484375,2306.3158172607423,2323.743896484375,852700,1981456420.5322266
2008-08-18 00:00:00,2329.554271420739,2329.554271420739,2317.935546875,2317.935546875,1055500,2446580969.7265625
2008-08-19 00:00:00,2317.935271052004,2317.935271052004,2283.0791015625,2283.0791015625,1083600,2473944514.453125
2008-08-20 00:00:00,2283.0791015625,2283.0791015625,2283.0791015625,2283.0791015625,738000,1684912376.953125
2008-08-21 00:00:00,2283.0786781311035,2283.0786781311035,2230.79443359375,2230.79443359375,1202900,2683422624.169922
2008-08-22 00:00:00,2231.956719644561,2283.0791015625,2231.956719644561,2283.0791015625,1442400,3293113296.09375
2008-08-25 00:00:00,2283.0787226610846,2346.981689453125,2283.0787226610846,2346.981689453125,1026500,2409176704.223633
2008-08-26 00:00:00,2346.9820395300812,2346.9820395300812,2329.553955078125,2329.553955078125,1013900,2361934755.053711
2008-08-27 00:00:00,2423.666267142536,2423.666267142536,2422.50439453125,2422.50439453125,1937100,4692633262.646484
2008-08-28 00:00:00,2422.5035916180677,2474.787841796875,2422.5035916180677,2474.787841796875,1824600,4515497896.142578
2008-08-29 00:00:00,2523.005677333447,2532.881591796875,2523.005677333447,2532.881591796875,1829200,4633147007.714844
2008-09-01 00:00:00,2532.8812762833527,2532.8812762833527,2503.83447265625,2503.83447265625,992200,2484304563.7695312
2008-09-02 00:00:00,2503.834899174001,2503.834899174001,2434.12255859375,2434.12255859375,1423500,3464973462.158203
2008-09-03 00:00:00,2434.1222795758927,2480.59716796875,2434.1222795758927,2480.59716796875,875800,2172506999.7070312
2008-09-04 00:00:00,2480.5969898278636,2480.5969898278636,2428.312744140625,2428.312744140625,1868900,4538273687.524414
2008-09-05 00:00:00,2419.0178708584335,2419.0178708584335,2410.884765625,2410.884765625,1399500,3374033229.4921875
2008-09-08 00:00:00,2410.88566841839,2422.50439453125,2410.88566841839,2422.50439453125,1332700,3228471606.591797
2008-09-09 00:00:00,2422.5037682574725,2422.5037682574725,2405.07568359375,2405.07568359375,1405800,3381055395.9960938
2008-09-10 00:00:00,2445.7412463960195,2445.7412463960195,2428.3131615048364,2439.931884765625,1276700,3115061037.2802734
2008-09-11 00:00:00,2439.9318529211955,2439.9318529211955,2405.07568359375,2405.07568359375,873000,2099631071.7773438
2008-09-12 00:00:00,2405.075615544774,2405.075615544774,2376.02880859375,2376.02880859375,3215900,7641071045.556641
2008-09-16 00:00:00,2376.610408008312,2376.610408008312,2271.4609375,2271.4609375,2098600,4766887923.4375
2008-09-17 00:00:00,2328.3914597800926,2352.790771484375,2328.3914597800926,2352.790771484375,2159500,5080851671.020508
2008-09-18 00:00:00,2352.7912248883927,2352.7912248883927,2236.60400390625,2236.60400390625,2087100,4668016216.552734
2008-09-19 00:00:00,2236.6046268423806,2254.03271484375,2236.6046268423806,2254.03271484375,1752600,3950417736.0351562
2008-09-22 00:00:00,2254.612886432686,2300.5068359375,2254.612886432686,2300.5068359375,1354000,3114886255.859375
2008-09-24 00:00:00,2300.506908885542,2410.884765625,2300.506908885542,2410.884765625,2179100,5253558992.7734375
2008-09-25 00:00:00,2410.885355777878,2464.066650390625,2410.885355777878,2464.066650390625,1399700,3448954090.551758
2008-09-26 00:00:00,2464.0658466659975,2529.065185546875,2464.0658466659975,2529.065185546875,2051000,5187112695.556641
2008-09-29 00:00:00,2530.2477210078678,2530.2477210078678,2499.520751953125,2499.520751953125,1341900,3354106897.0458984
2008-09-30 00:00:00,2500.7021947585577,2500.7021947585577,2416.7939453125,2416.7939453125,1367100,3303999002.6367188
2008-10-01 00:00:00,2416.7942440326397,2458.157470703125,2416.7942440326397,2458.157470703125,1292100,3176185267.895508
2008-10-02 00:00:00,2458.156815858645,2529.065185546875,2458.156815858645,2529.065185546875,1914300,4841389484.692383
2008-10-03 00:00:00,2536.747290149533,2611.7919921875,2536.747290149533,2611.7919921875,3011400,7865150405.2734375
2008-10-06 00:00:00,2611.791800834037,2623.60986328125,2611.791800834037,2623.60986328125,3120100,8185925134.423828
2008-10-07 00:00:00,2564.520010318396,2564.520010318396,2505.4296875,2505.4296875,2738300,6860618113.28125
2008-10-08 00:00:00,2505.4302369725065,2505.4302369725065,2310.43212890625,2310.43212890625,2707800,6256188118.652344
2008-10-09 00:00:00,2276.749785129998,2276.749785129998,2198.15966796875,2198.15966796875,2701600,5938548158.984375
2008-10-10 00:00:00,2198.7508881183885,2198.7508881183885,1902.7083740234375,1902.7083740234375,4710100,8961946712.487793
2008-10-14 00:00:00,1902.708097236101,2032.706787109375,1902.708097236101,2032.706787109375,3160200,6423759988.623047
2008-10-15 00:00:00,2039.2064222547745,2127.2509765625,2039.2064222547745,2127.2509765625,2217200,4716540865.234375
2008-10-16 00:00:00,2127.2512005447247,2127.2512005447247,1932.253173828125,1932.253173828125,2831900,5471947762.963867
2008-10-17 00:00:00,1932.2541599996584,2026.7987060546875,1932.2541599996584,2026.7987060546875,2022200,4098592343.383789
2008-10-20 00:00:00,2026.7982467392744,2091.797607421875,2026.7982467392744,2091.797607421875,2410900,5043114851.733398
2008-10-21 00:00:00,2091.7967005172263,2133.159912109375,2091.7967005172263,2133.159912109375,1939600,4137476965.5273438
2008-10-22 00:00:00,2133.160619099935,2133.160619099935,1985.434814453125,1985.434814453125,2060800,4091584065.625
2008-10-23 00:00:00,1985.4349076704545,1985.4349076704545,1949.980712890625,1949.980712890625,4001400,7802652824.560547
2008-10-24 00:00:00,1949.9800918886324,1949.9800918886324,1760.8911132812498,1760.89111328125,2785700,4905314374.267578
2008-10-27 00:00:00,1760.8912028132959,1760.8912028132959,1740.2095947265625,1740.2095947265625,3241800,5641411464.18457
2008-10-28 00:00:00,1740.2095888738763,1740.2095888738763,1725.43701171875,1725.43701171875,2278500,3931408231.201172
2008-10-29 00:00:00,1726.0288948229706,1849.5277099609375,1726.0288948229706,1849.5277099609375,2052300,3795785719.152832
2008-10-30 00:00:00,2003.16162109375,2003.16162109375,2003.16162109375,2003.16162109375,1483000,2970688684.0820312
2008-10-31 00:00:00,2011.4338470362102,2011.4338470362102,1861.3444824218748,1861.344482421875,1856500,3455586031.616211
2008-11-04 00:00:00,1862.5270907315341,2079.9794921875,1862.5270907315341,2079.9794921875,1658500,3449645987.7929688
2008-11-05 00:00:00,2078.7972410010743,2078.7972410010743,2062.251953125,2062.251953125,1729100,3565839852.1484375
2008-11-06 00:00:00,2064.0249259211937,2064.0249259211937,1896.7993164062502,1896.79931640625,2042100,3873453884.033203
2008-11-07 00:00:00,1896.7994349998764,1896.7994349998764,1867.2542724609375,1867.2542724609375,1973700,3685399757.5561523
2008-11-10 00:00:00,1867.2539733529788,2020.8887939453125,1867.2539733529788,2020.8887939453125,1467800,2966260571.7529297
2008-11-11 00:00:00,2022.661441777927,2022.661441777927,1979.5255126953127,1979.5255126953125,1339300,2651178519.152832
2008-11-12 00:00:00,1979.5253251238569,1979.5253251238569,1938.1621093750002,1938.162109375,1816900,3521446736.5234375
2008-11-13 00:00:00,1938.1622049407492,1938.1622049407492,1932.253173828125,1932.253173828125,1938100,3744899876.196289
2008-11-14 00:00:00,1932.2531051867638,1944.0711669921875,1932.2531051867638,1944.0711669921875,2347600,4563901471.630859
2008-11-17 00:00:00,1944.0712151022517,2009.0705566406248,1944.0712151022517,2009.070556640625,2079900,4178665850.756836
2008-11-18 00:00:00,2009.0712392079581,2009.0712392079581,1967.7080078125,1967.7080078125,1193200,2347869194.921875
2008-11-19 00:00:00,1967.70743310979,2003.16162109375,1967.70743310979,2003.16162109375,1380600,2765564934.0820312
2008-11-20 00:00:00,2003.161204892113,2003.161204892113,1861.3444824218748,1861.344482421875,1547100,2879686048.754883
2008-11-21 00:00:00,1861.3451436039775,1873.1632080078123,1861.3451436039775,1873.1632080078125,2592000,4855239035.15625
2008-11-25 00:00:00,1873.1632029215496,1985.434814453125,1873.1632029215496,1985.434814453125,2746500,5452996717.895508
2008-11-26 00:00:00,1987.207534733174,1987.207534733174,1902.7083740234375,1902.7083740234375,1753000,3335447779.663086
2008-11-27 00:00:00,1902.7082776521381,1908.6173095703125,1902.7082776521381,1908.6173095703125,924000,1763562394.0429688
2008-11-28 00:00:00,1908.6173095703125,1908.6173095703125,1908.6173095703125,1908.6173095703125,924200,1763944117.5048828
2008-12-01 00:00:00,1908.6173806829247,1908.6173806829247,1896.7993164062502,1896.79931640625,100,189679.931640625
2008-12-02 00:00:00,1897.3901759813655,1897.3901759813655,1802.2547607421875,1802.2547607421875,1283400,2313013759.9365234
2008-12-03 00:00:00,1802.2543393648589,1843.6175537109375,1802.2543393648589,1843.6175537109375,949100,1749777420.2270508
2008-12-04 00:00:00,1843.6180271612152,1896.7993164062502,1843.6180271612152,1896.79931640625,1275100,2418608808.3496094
2008-12-05 00:00:00,1896.7994349998764,1896.7994349998764,1867.2542724609375,1867.2542724609375,984000,1837378204.1015625
2008-12-08 00:00:00,1867.2539733529788,2020.8887939453125,1867.2539733529788,2020.8887939453125,2057500,4157978693.5424805
2008-12-09 00:00:00,2020.8890675511852,2056.34326171875,2020.8890675511852,2056.34326171875,1709000,3514290634.2773438
2008-12-10 00:00:00,2056.342815896739,2056.342815896739,2038.6157226562498,2038.61572265625,1636100,3335379183.8378906
2008-12-11 00:00:00,2055.7524636621633,2139.06982421875,2055.7524636621633,2139.06982421875,2466500,5276015721.435547
2008-12-12 00:00:00,2139.069351551145,2139.069351551145,2032.706787109375,2032.706787109375,3585000,7287253831.787109
2008-12-15 00:00:00,1999.0257449063388,2079.9794921875,1999.0257449063388,2079.9794921875,1733800,3606268443.5546875
2008-12-16 00:00:00,2079.9790379723836,2079.9790379723836,2032.706787109375,2032.706787109375,1197400,2433963106.8847656
2008-12-17 00:00:00,2032.7064887152778,2127.2509765625,2032.7064887152778,2127.2509765625,1789100,3805864722.1679688
2008-12-18 00:00:00,2127.251405364731,2127.251405364731,2085.88818359375,2085.88818359375,1322400,2758378533.984375
2008-12-19 00:00:00,2087.6602650575383,2186.341064453125,2087.6602650575383,2186.341064453125,2222700,4859580283.959961
2008-12-22 00:00:00,2186.341427121125,2239.522705078125,2186.341427121125,2239.522705078125,1392100,3117639557.739258
2008-12-24 00:00:00,2241.8861255488123,2241.8861255488123,2144.97802734375,2144.97802734375,1018700,2185089116.455078
2008-12-25 00:00:00,2192.250446503175,2209.9775390625,2192.250446503175,2209.9775390625,281400,621887679.4921875
2008-12-26 00:00:00,2191.660464386069,2191.660464386069,2168.615234375,2168.615234375,389300,844241910.7421875
2008-12-29 00:00:00,2152.0699410337193,2168.615234375,2152.0699410337193,2168.615234375,578000,1253459605.46875
2008-12-30 00:00:00,2186.341064453125,2192.2500943570526,2174.5230046452702,2186.341064453125,399900,874317791.6748047
2009-01-05 00:00:00,2209.9776674871573,2233.6137922731164,2139.0692931292806,2156.79638671875,520300,1122181160.0097656
2009-01-06 00:00:00,2215.8868589169897,2215.8868589169897,2192.250732421875,2192.250732421875,837600,1836229213.4765625
2009-01-07 00:00:00,2192.250214383873,2192.250214383873,2133.159912109375,2133.159912109375,1434800,3060657841.8945312
2009-01-08 00:00:00,2133.160329736748,2133.160329736748,2062.251953125,2062.251953125,1348400,2780740533.59375
2009-01-09 00:00:00,2064.614982561384,2068.160400390625,2064.614982561384,2068.160400390625,924100,1911187026.0009766
2009-01-13 00:00:00,2077.0254961464216,2077.0254961464216,2026.7987060546875,2026.7987060546875,1824300,3697488879.4555664
2009-01-14 00:00:00,2026.79833837744,2026.79833837744,1967.7080078125,1967.7080078125,1361300,2678640911.0351562
2009-01-15 00:00:00,1967.7077284155425,1967.7077284155425,1902.7083740234375,1902.7083740234375,2283900,4345595655.432129
2009-01-16 00:00:00,1902.7080182650038,1932.253173828125,1902.7080182650038,1932.253173828125,1199200,2317158006.0546875
2009-01-19 00:00:00,1932.253535110758,1932.253535110758,1902.7083740234375,1902.7083740234375,1154600,2196867088.647461
2009-01-20 00:00:00,1902.7078315734864,1902.7078315734864,1890.8897705078125,1890.8897705078125,937400,1772520070.8740234
2009-01-21 00:00:00,1890.8903095885094,1902.7083740234375,1890.8903095885094,1902.7083740234375,2391000,4549375722.290039
2009-01-22 00:00:00,1902.7079977596507,2009.0705566406248,1902.7079977596507,2009.070556640625,1595400,3205271166.064453
2009-01-23 00:00:00,2009.0704948519485,2009.0704948519485,1914.5260009765627,1914.5260009765625,1037000,1985363463.0126953
2009-01-26 00:00:00,1914.5260009765627,1914.5260009765627,1914.5260009765627,1914.5260009765625,925800,1772468171.7041016
2009-01-27 00:00:00,1979.5257822672527,1985.434814453125,1979.5257822672527,1985.434814453125,1013700,2012635271.4111328
2009-01-28 00:00:00,1985.434814453125,1985.434814453125,1985.434814453125,1985.434814453125,954800,1895693160.8398438
2009-01-29 00:00:00,1985.4344324448527,2009.0705566406248,1985.4344324448527,2009.070556640625,1225200,2461513245.9960938
2009-01-30 00:00:00,2009.0712392079581,2009.0712392079581,1967.7080078125,1967.7080078125,785900,1546421723.3398438
2009-02-02 00:00:00,1967.7072634813264,1967.7072634813264,1938.1621093750002,1938.162109375,1398000,2709550628.90625
2009-02-03 00:00:00,1938.1625413746108,1938.1625413746108,1896.7993164062502,1896.79931640625,943400,1789440475.0976562
2009-02-04 00:00:00,1896.7989197704928,1944.0711669921875,1896.7989197704928,1944.0711669921875,942700,1832675889.1235352
2009-02-05 00:00:00,1944.0715010793585,1944.0715010793585,1908.6173095703125,1908.6173095703125,1426600,2722833453.833008
2009-02-06 00:00:00,1908.616970109351,1914.5260009765627,1908.616970109351,1914.5260009765625,955100,1828563783.5327148
2009-02-09 00:00:00,1914.5264384583659,1914.5264384583659,1902.7083740234375,1902.7083740234375,809200,1539671616.2597656
2009-02-10 00:00:00,1896.7990435431986,1908.6171061197917,1796.345511642157,1808.16357421875,825900,1493362295.9472656
2009-02-12 00:00:00,1896.7990261939262,1896.7990261939262,1831.7996826171873,1831.7996826171875,1199700,2197610079.23584
2009-02-13 00:00:00,1831.8006073095546,1849.5277099609375,1831.8006073095546,1849.5277099609375,1626700,3008626725.793457
2009-02-16 00:00:00,1849.5277099609375,1849.5277099609375,1849.5277099609375,1849.5277099609375,1033100,1910747077.1606445
2009-02-17 00:00:00,1849.526556777954,1890.8897705078125,1849.526556777954,1890.8897705078125,991200,1874249940.5273438
2009-02-18 00:00:00,1892.0716048020583,1892.0716048020583,1843.6175537109375,1843.6175537109375,1058800,1952022265.8691406
2009-02-19 00:00:00,1843.6181862571023,1843.6181862571023,1819.9820556640625,1819.9820556640625,801900,1459443610.4370117
2009-02-20 00:00:00,1819.9822018271998,1819.9822018271998,1796.3460693359373,1796.3460693359375,802100,1440849182.2143555
2009-02-23 00:00:00,1799.300225415276,1825.890869140625,1799.300225415276,1825.890869140625,1040800,1900387216.6015625
2009-02-24 00:00:00,1826.4815235616395,1826.4815235616395,1743.1641845703127,1743.1641845703125,1778000,3099345920.1660156
2009-02-25 00:00:00,1743.164575937632,1749.0736083984375,1743.164575937632,1749.0736083984375,1258000,2200334599.3652344
2009-02-26 00:00:00,1749.0735144511684,1769.7551269531248,1749.0735144511684,1769.755126953125,887400,1570480699.6582031
2009-02-27 00:00:00,1769.7554202832673,1796.3460693359373,1769.7554202832673,1796.3460693359375,1403200,2520632804.4921875
2009-03-02 00:00:00,1796.3458400106836,1796.3458400106836,1728.3919677734375,1728.3919677734375,1390700,2403674709.5825195
2009-03-03 00:00:00,1728.3913775571843,1728.3913775571843,1719.52783203125,1719.52783203125,1152000,1980896062.5
2009-03-04 00:00:00,1719.52783203125,1719.52783203125,1719.52783203125,1719.52783203125,1537400,2643602088.9648438
2009-03-05 00:00:00,1719.5279808566995,1725.43701171875,1719.5279808566995,1725.43701171875,1706300,2944113173.095703
2009-03-06 00:00:00,1725.4370483611474,1725.4370483611474,1692.9373779296875,1692.9373779296875,1467200,2483877720.8984375
2009-03-09 00:00:00,1692.9380861940401,1692.9380861940401,1687.0290527343752,1687.029052734375,1062300,1792130962.7197266
2009-03-10 00:00:00,1688.2101626603962,1688.2101626603962,1586.5748291015623,1586.5748291015625,2553300,4051001511.1450195
2009-03-11 00:00:00,1609.6199535815745,1609.6199535815745,1592.4837646484373,1592.4837646484375,2793300,4448284899.79248
2009-03-12 00:00:00,1592.4842763872289,1592.4842763872289,1583.6207275390625,1583.6207275390625,1890400,2993676623.3398438
2009-03-13 00:00:00,1583.6204310825892,1654.52880859375,1583.6204310825892,1654.52880859375,3868600,6400710148.925781
2009-03-16 00:00:00,1655.025219171175,1655.025219171175,1654.52880859375,1654.52880859375,1050200,1737586154.7851562
2009-03-17 00:00:00,1671.6645706471743,1681.1190185546875,1671.6645706471743,1681.1190185546875,1153100,1938498340.2954102
2009-03-18 00:00:00,1681.1194848547448,1689.9830322265625,1681.1194848547448,1689.9830322265625,1216600,2056033357.006836
2009-03-19 00:00:00,1689.9826802781358,1719.52783203125,1689.9826802781358,1719.52783203125,1096100,1884774456.6894531
2009-03-23 00:00:00,1719.528065093225,1757.9367675781252,1719.528065093225,1757.936767578125,1167800,2052918557.1777344
2009-03-24 00:00:00,1759.709922651811,1819.9820556640625,1759.709922651811,1819.9820556640625,1991300,3624130267.4438477
2009-03-25 00:00:00,1831.8006073095546,1849.5277099609375,1831.8006073095546,1849.5277099609375,2048500,3788757513.8549805
2009-03-26 00:00:00,1849.527010465923,1849.527010465923,1837.4385986328125,1837.4385986328125,1434700,2636173157.458496
2009-03-27 00:00:00,1841.6696437758887,1841.6696437758887,1801.1734619140625,1801.1734619140625,1578600,2843332426.977539
2009-03-30 00:00:00,1801.7775396800564,1801.7775396800564,1792.1068115234375,1792.1068115234375,1462900,2621673054.5776367
2009-03-31 00:00:00,1792.1069484286838,1792.1069484286838,1740.731201171875,1740.731201171875,1756200,3057072135.498047
2009-04-01 00:00:00,1740.7311533505156,1758.8637695312502,1740.7311533505156,1758.86376953125,1637000,2879259990.7226562
2009-04-02 00:00:00,1758.8638830280622,1807.217529296875,1758.8638830280622,1807.217529296875,985200,1780470709.8632812
2009-04-03 00:00:00,1764.9080071366782,1764.9080071366782,1746.775390625,1746.775390625,1866600,3260530944.140625
2009-04-06 00:00:00,1773.9745462351832,1773.9745462351832,1752.81982421875,1752.81982421875,1301300,2280944437.2558594
2009-04-07 00:00:00,1747.3795292482982,1761.8856201171875,1747.3795292482982,1761.8856201171875,1248900,2200418950.9643555
2009-04-08 00:00:00,1758.8642402544415,1764.9084472656252,1758.8642402544415,1764.908447265625,1013500,1788734711.303711
2009-04-09 00:00:00,1764.3033019286693,1764.3033019286693,1761.8856201171875,1761.8856201171875,1083900,1909707823.6450195
2009-04-10 00:00:00,1764.9084472656252,1764.9084472656252,1764.9084472656252,1764.908447265625,1269800,2241080746.3378906
2009-04-13 00:00:00,1758.2590973999652,1761.8856201171875,1758.2590973999652,1761.8856201171875,672600,1185044268.0908203
2009-04-14 00:00:00,1794.5248350412253,1801.1734619140625,1794.5248350412253,1801.1734619140625,1865600,3360269210.546875
2009-04-15 00:00:00,1801.1732907660776,1801.1732907660776,1773.9743652343752,1773.974365234375,2107000,3737763987.548828
2009-04-16 00:00:00,1773.9742830151956,1773.9742830151956,1758.8637695312502,1758.86376953125,1930400,3395310620.703125
2009-04-17 00:00:00,1758.8637916077957,1758.8637916077957,1704.4659423828125,1704.4659423828125,2087800,3558583994.506836
2009-04-20 00:00:00,1708.6971650477817,1708.6971650477817,1692.3778076171873,1692.3778076171875,2293300,3881130026.208496
2009-04-21 00:00:00,1697.2128335836414,1697.2128335836414,1634.9575195312502,1634.95751953125,2012200,3289861520.8007812
2009-04-22 00:00:00,1644.767244913283,1644.767244913283,1637.9796142578123,1637.9796142578125,1334200,2185392401.3427734
2009-04-23 00:00:00,1638.5840347796786,1638.5840347796786,1637.9796142578123,1637.9796142578125,1391300,2278921037.3168945
2009-04-24 00:00:00,1642.5662471982166,1642.5662471982166,1598.692626953125,1598.692626953125,1808300,2890915877.319336
2009-04-27 00:00:00,1603.0084666462296,1631.93505859375,1603.0084666462296,1631.93505859375,1600400,2611748867.7734375
2009-04-28 00:00:00,1631.9357979910712,1631.9357979910712,1586.604248046875,1586.604248046875,1640600,2602982929.345703
2009-04-30 00:00:00,1586.604076320842,1604.7366943359373,1586.604076320842,1604.7366943359375,1225400,1966444345.2392578
2009-05-01 00:00:00,1608.9677780526347,1608.9677780526347,1598.692626953125,1598.692626953125,1178100,1883419783.8134766
2009-05-07 00:00:00,1603.7280337138109,1603.7280337138109,1601.7142333984377,1601.7142333984375,1729500,2770164766.6625977
2009-05-08 00:00:00,1601.714605443618,1644.0240478515625,1601.714605443618,1644.0240478515625,2309900,3797531148.132324
2009-05-11 00:00:00,1644.628511455697,1716.5545654296875,1644.628511455697,1716.5545654296875,2590000,4445876324.462891
2009-05-12 00:00:00,1717.1588227959091,1717.1588227959091,1686.3333740234377,1686.3333740234375,1801400,3037760939.9658203
2009-05-13 00:00:00,1690.5646846744562,1728.6431884765625,1690.5646846744562,1728.6431884765625,1458900,2521917547.668457
2009-05-14 00:00:00,1728.6424952093162,1761.8856201171875,1728.6424952093162,1761.8856201171875,3574500,6297860149.108887
2009-05-15 00:00:00,1762.4906960666772,1831.3946533203127,1762.4906960666772,1831.3946533203125,3492000,6395230129.394531
2009-05-18 00:00:00,1831.3943032776283,1831.3943032776283,1825.35009765625,1825.35009765625,1371100,2502737518.8964844
2009-05-19 00:00:00,1864.0335276417916,1864.0335276417916,1861.6158447265623,1861.6158447265625,1746600,3251498234.399414
2009-05-20 00:00:00,1861.6158447265623,1861.6158447265623,1861.6158447265623,1861.6158447265625,1071400,1994535216.040039
2009-05-21 00:00:00,1861.6158447265623,1861.6158447265623,1861.6158447265623,1861.6158447265625,951800,1771885961.0107422
2009-05-22 00:00:00,1857.9891282178535,1857.9891282178535,1843.4830322265625,1843.4830322265625,837100,1543179646.2768555
2009-05-25 00:00:00,1838.647702998694,1916.0135498046877,1838.647702998694,1916.0135498046875,1498500,2871146304.382324
2009-05-26 00:00:00,1916.0135498046877,1916.0135498046877,1916.0135498046877,1916.0135498046875,1068800,2047835282.03125
2009-05-27 00:00:00,1916.012863633055,1946.23388671875,1916.012863633055,1946.23388671875,1644600,3200776250.0976562
2009-05-28 00:00:00,1947.4432498168944,1947.4432498168944,1934.14599609375,1934.14599609375,1054700,2039943782.0800781
2009-05-29 00:00:00,1935.3547546574518,1964.366943359375,1935.3547546574518,1964.366943359375,1633800,3209382712.060547
2009-06-01 00:00:00,1971.6202537144777,2000.6324462890623,1971.6202537144777,2000.6324462890625,1491100,2983143040.661621
2009-06-02 00:00:00,1995.2303989417285,1995.2303989417285,1988.543701171875,1988.543701171875,1171500,2329578945.9228516
2009-06-03 00:00:00,1994.5876170970776,1994.5876170970776,1958.3223876953125,1958.3223876953125,1072200,2099713264.086914
2009-06-04 00:00:00,1958.3225306919642,1958.3225306919642,1903.9246826171875,1903.9246826171875,1421700,2706809721.2768555
2009-06-05 00:00:00,1909.7506413841154,1909.7506413841154,1903.9246826171875,1903.9246826171875,1098100,2090699693.9819336
2009-06-08 00:00:00,1928.7062104797362,1934.14599609375,1928.7062104797362,1934.14599609375,1096800,2121371328.515625
2009-06-09 00:00:00,1934.145477484472,1946.23388671875,1934.145477484472,1946.23388671875,933600,1817003956.640625
2009-06-10 00:00:00,1954.6957739257812,1994.5875244140625,1954.6957739257812,1994.5875244140625,989400,1973444896.6552734
2009-06-11 00:00:00,1994.5875244140625,2012.7201382723722,1994.5875244140625,1994.5875244140625,1015200,2024905254.7851562
2009-06-12 00:00:00,2042.9413904060657,2048.985595703125,2036.8971851090064,2048.985595703125,4018700,8234258413.452148
2009-06-15 00:00:00,2030.8530114057862,2055.029832970141,2030.8530114057862,2036.897216796875,1030500,2099022581.9091797
2009-06-16 00:00:00,2012.720859861806,2024.8092734345496,1994.5882395026906,2000.6324462890625,899400,1799368822.1923828
2009-06-17 00:00:00,2006.6761316981044,2036.8971577778952,2006.6761316981044,2012.7203369140625,1389200,2796071092.0410156
2009-06-18 00:00:00,2012.720929722586,2024.809343714914,2006.6767227264222,2018.76513671875,1038900,2097295100.5371094
2009-06-19 00:00:00,2036.8967140694342,2042.94091796875,2018.7641023714868,2042.94091796875,1021000,2085842677.2460938
2009-06-22 00:00:00,2061.074006297244,2061.074006297244,2042.9413904060657,2048.985595703125,890300,1824211875.8544922
2009-06-23 00:00:00,2006.6759336529356,2006.6759336529356,1988.5433197946259,1994.5875244140625,1095900,2185868468.005371
2009-06-24 00:00:00,2036.897216796875,2042.9414221879636,2030.8530114057862,2036.897216796875,936400,1907350553.8085938
2009-06-25 00:00:00,2030.8525101701184,2055.0293257673816,2000.6314906735392,2042.94091796875,973100,1987985807.2753906
2009-06-26 00:00:00,2055.0298010001843,2061.074006297244,2024.8087745148878,2048.985595703125,877100,1797165265.991211
2009-06-29 00:00:00,2067.1177335660136,2079.206141364645,2036.8967140694342,2042.94091796875,559000,1142003973.1445312
2009-06-30 00:00:00,2067.1186182776164,2085.2512377361923,2061.0744117914246,2079.20703125,736400,1531128057.8125
2009-07-01 00:00:00,2067.1186182776164,2109.4280636809594,2067.1186182776164,2079.20703125,839900,1746325985.546875
2009-07-02 00:00:00,2109.427275643912,2115.471479872118,2091.294662959294,2097.3388671875,991700,2079930954.5898438
2009-07-03 00:00:00,2006.6766530754342,2024.8092734345496,1988.5440327163187,2000.6324462890625,2566700,5135023299.890137
2009-07-06 00:00:00,1970.4111556087632,2018.7648035991624,1952.2785376123636,2006.6763916015625,1302900,2614498670.617676
2009-07-07 00:00:00,2012.7203952325203,2036.897216796875,2000.631984450343,2036.897216796875,864400,1760693954.1992188
2009-07-08 00:00:00,2048.9856436593195,2085.2508762904577,2030.8530273437502,2030.85302734375,1644100,3338925462.2558594
2009-07-09 00:00:00,2024.8085475112453,2030.8527521306817,1994.5875244140625,1994.5875244140625,1052500,2099303369.4458008
2009-07-10 00:00:00,2018.7645421300208,2018.7645421300208,1970.4109004023555,2012.7203369140625,1994200,4013766895.8740234
2009-07-13 00:00:00,2012.7201382723722,2036.8969567501183,1988.5433197946259,1994.5875244140625,584100,1165038573.010254
2009-07-14 00:00:00,2000.6321624568634,2006.6763683857362,1946.2343090970091,1970.4111328125,1238900,2441142352.4414062
2009-07-15 00:00:00,1982.4995446702453,2000.6321624568634,1964.3669268836272,1970.4111328125,897300,1768049909.4726562
2009-07-16 00:00:00,1994.587432116997,2000.6316364567454,1970.410614758003,1982.4990234375,649100,1286840116.1132812
2009-07-17 00:00:00,1976.4548339843752,1994.587447140195,1964.3664252138285,1976.454833984375,654100,1292799106.9091797
2009-07-21 00:00:00,2000.6319264821464,2012.7203369140627,1988.54351605023,2012.7203369140625,548400,1103775832.7636719
2009-07-22 00:00:00,1994.5883087340944,2036.8977577072417,1994.5883087340944,2018.76513671875,705700,1424642556.9824219
2009-07-23 00:00:00,2006.6761898414316,2048.985627579052,2000.631984450343,2036.897216796875,714600,1455566751.1230469
2009-07-24 00:00:00,2055.0293257673816,2055.0293257673816,2024.8083062708026,2042.94091796875,639900,1307277893.4082031
2009-07-27 00:00:00,2055.030029296875,2073.162647202436,2042.9416173598347,2055.030029296875,883100,1814797018.8720703
2009-07-28 00:00:00,2055.0298010001843,2061.074006297244,2036.8971851090064,2048.985595703125,632300,1295573592.163086
2009-07-29 00:00:00,2048.985121868066,2055.0293257673816,2036.8967140694342,2042.94091796875,374500,765081373.7792969
2009-07-30 00:00:00,2024.8090095979624,2036.897421595562,2006.6763916015627,2006.6763916015625,899900,1805808084.802246
2009-07-31 00:00:00,2030.8530114057862,2048.985627579052,2012.7203952325203,2036.897216796875,987900,2012250760.4736328
2009-08-03 00:00:00,2030.8529525619372,2042.9413629938533,2012.7203369140627,2012.7203369140625,767200,1544159042.4804688
2009-08-04 00:00:00,2012.720363920769,2061.074006297244,2006.6761586237096,2048.985595703125,1870100,3831807962.524414
2009-08-05 00:00:00,2055.030205305233,2097.339650708576,2048.985998819041,2079.20703125,1605800,3338790650.78125
2009-08-06 00:00:00,2079.20604053442,2091.2944477468295,2061.073429715806,2085.250244140625,888400,1852536316.8945312
2009-08-07 00:00:00,2091.295654296875,2097.3398613902186,2067.118825923501,2091.295654296875,617800,1292002455.2246094
2009-08-10 00:00:00,2127.5601203304595,2127.5601203304595,2097.3390958939476,2103.38330078125,815900,1716150435.1074219
2009-08-11 00:00:00,2085.251254868577,2097.339667940279,2061.074428725173,2073.162841796875,991400,2055333641.3574219
2009-08-12 00:00:00,2061.0740545363656,2067.1182599748886,2030.8530273437502,2030.85302734375,1153100,2341776625.830078
2009-08-13 00:00:00,2024.808821905227,2042.9414382207963,2012.720411028181,2030.85302734375,1226300,2490435067.4316406
2009-08-14 00:00:00,2061.0740383612297,2061.0740383612297,2024.8088060146977,2036.897216796875,1578200,3214631187.548828
2009-08-17 00:00:00,2036.8969567501183,2048.9853659889914,1994.5875244140625,1994.5875244140625,933900,1862745289.050293
2009-08-18 00:00:00,2006.6767227264222,2024.809343714914,2000.6325157302583,2018.76513671875,777300,1569186140.7714844
2009-08-19 00:00:00,2006.6766530754342,2018.7650666481777,2000.6324462890623,2000.6324462890625,559000,1118353537.475586
2009-08-20 00:00:00,2006.6767227264222,2024.809343714914,2000.6325157302583,2018.76513671875,648600,1309371067.6757812
2009-08-21 00:00:00,2012.7201382723722,2018.7643428918086,1988.5433197946259,1994.5875244140625,714500,1425132786.1938477
2009-08-24 00:00:00,2048.985121868066,2055.0293257673816,2030.8525101701184,2042.94091796875,655100,1338330595.3613281
2009-08-25 00:00:00,2030.8530273437502,2055.0298490978425,2024.808821905227,2030.85302734375,732700,1488006013.1347656
2009-08-26 00:00:00,2030.852708027859,2073.1621394451063,2030.852708027859,2061.07373046875,738500,1522102949.9511719
2009-08-27 00:00:00,2067.1182115943034,2079.206622188422,2036.8971851090064,2048.985595703125,708400,1451501395.9960938
2009-08-28 00:00:00,2067.1182115943034,2073.1624168913627,2036.8971851090064,2048.985595703125,805700,1650867694.4580078
2009-08-31 00:00:00,2067.117934956928,2097.338957397819,2042.9411170042154,2061.07373046875,703000,1448934832.5195312
2009-09-02 00:00:00,2061.0740383612297,2067.118243752318,2012.7203952325203,2036.897216796875,1301500,2651021727.661133
2009-09-03 00:00:00,2024.8087473459789,2030.8529525619372,2012.7203369140627,2012.7203369140625,826200,1662909542.3583984
2009-09-04 00:00:00,2030.8529525619372,2030.8529525619372,2006.6761316981044,2012.7203369140625,657800,1323967437.6220703
2009-09-07 00:00:00,2024.808821905227,2036.8972327822732,2018.764616466704,2030.85302734375,443700,901089488.2324219
2009-09-08 00:00:00,2036.897216796875,2042.9414221879636,2030.8530114057862,2036.897216796875,433800,883606012.6464844
2009-09-09 00:00:00,2030.8525101701184,2048.985121868066,2024.8083062708026,2042.94091796875,742300,1516475043.4082031
2009-09-10 00:00:00,2055.0299964592473,2073.162614075064,2048.985790587308,2067.118408203125,744000,1537936095.703125
2009-09-11 00:00:00,2073.162614075064,2079.206819947003,2048.985790587308,2067.118408203125,3325200,6873582130.957031
2009-09-14 00:00:00,2061.074006297244,2067.1182115943034,2036.8971851090064,2048.985595703125,758900,1554975168.5791016
2009-09-15 00:00:00,2067.1184412339157,2067.1184412339157,2048.985823328355,2055.030029296875,586200,1204658603.1738281
2009-09-16 00:00:00,2061.074006297244,2073.1624168913627,2048.985595703125,2048.985595703125,655500,1343110057.9833984
2009-09-17 00:00:00,2055.030222189322,2073.162841796875,2048.9860156534714,2073.162841796875,877700,1819615026.2451172
2009-09-18 00:00:00,2061.073429715806,2085.250244140625,2061.073429715806,2085.250244140625,947900,1976608706.4208984
2009-09-21 00:00:00,2085.250244140625,2085.250244140625,2085.250244140625,2085.250244140625,0,0.0
2009-09-24 00:00:00,2085.2504587310877,2103.383071415706,2085.2504587310877,2097.3388671875,1398800,2933757607.421875
2009-09-25 00:00:00,2091.171305338542,2091.171305338542,2054.159423828125,2054.159423828125,1207500,2480397504.272461
2009-09-28 00:00:00,2035.6526531926768,2060.327230807133,2010.9780755782201,2029.4840087890625,1367600,2775522330.419922
2009-09-29 00:00:00,2047.9901585820894,2078.83338386194,2041.8215135261194,2066.49609375,1240600,2563695053.90625
2009-09-30 00:00:00,2078.8337951299,2085.00244140625,2054.1592100245007,2085.00244140625,736000,1534561796.875
2009-10-01 00:00:00,2047.9897881120178,2091.170295692693,2047.9897881120178,2078.8330078125,914900,1901924318.8476562
2009-10-02 00:00:00,2047.9900558794373,2060.327345372687,2035.6527663861875,2041.8214111328125,1469500,3000456563.659668
2009-10-05 00:00:00,2041.8211441719213,2091.170295692693,2041.8211441719213,2078.8330078125,1178800,2450528349.609375
2009-10-06 00:00:00,2091.1710876825996,2091.1710876825996,2060.3278563008503,2085.00244140625,1305800,2722596187.9882812
2009-10-07 00:00:00,2085.0022416548295,2091.170887340199,2035.653076171875,2035.653076171875,1335800,2719225379.1503906
2009-10-08 00:00:00,2041.8214111328123,2041.8214111328123,2023.3154768929378,2041.8214111328125,1071200,2187199095.6054688
2009-10-09 00:00:00,2060.328070746528,2060.328070746528,2035.6534830729167,2054.159423828125,1524100,3130744377.8564453
2009-10-13 00:00:00,2054.158661824794,2060.3273064548985,2010.9781494140625,2010.9781494140625,1202100,2417396833.4106445
2009-10-14 00:00:00,2029.4844304865057,2054.159013227983,2017.147139115767,2035.653076171875,938300,1910053281.3720703
2009-10-15 00:00:00,2054.159343174526,2072.665283203125,2047.990696498326,2072.665283203125,801600,1661448491.015625
2009-10-16 00:00:00,2072.6644773230087,2091.17041015625,2066.4958330452614,2091.17041015625,681300,1424714400.4394531
2009-10-19 00:00:00,2072.665283203125,2097.3398699079244,2066.496636526925,2072.665283203125,853500,1769019819.2138672
2009-10-20 00:00:00,2072.6644773230087,2091.17041015625,2072.6644773230087,2091.17041015625,538900,1126931734.0332031
2009-10-21 00:00:00,2072.66473880597,2085.00202891791,2060.32744869403,2066.49609375,842100,1740196360.546875
2009-10-22 00:00:00,2066.4959901193115,2072.6646348659365,2041.8214111328123,2041.8214111328125,737000,1504822380.0048828
2009-10-23 00:00:00,2041.8218324959996,2054.1591245352506,2035.6531864763742,2047.990478515625,539800,1105505260.3027344
2009-10-26 00:00:00,2054.158586403519,2054.158586403519,2023.3153643854484,2029.4840087890625,734500,1490656004.4555664
2009-10-27 00:00:00,2017.1464335123699,2023.3150770399307,1992.471859402127,1998.6405029296875,705600,1410240738.8671875
2009-10-28 00:00:00,1998.6408037860579,2023.315381610577,1992.472159329928,2004.8094482421875,848500,1701080816.833496
2009-10-29 00:00:00,2010.978538371021,2010.978538371021,1973.966663431677,1986.303955078125,1002100,1990475193.383789
2009-10-30 00:00:00,2010.9780926983174,2017.1467371544472,1973.9662259615386,2004.8094482421875,918700,1841818440.1000977
2009-11-02 00:00:00,2035.6523640950522,2041.821007622613,1992.471859402127,1998.6405029296875,1866200,3729862906.567383
2009-11-04 00:00:00,1992.472753682268,2023.3159851634175,1986.304107386038,2017.1473388671875,804300,1622391604.650879
2009-11-05 00:00:00,1992.4718730926515,2004.809160232544,1973.9659423828125,1973.9659423828125,698500,1378815210.7543945
2009-11-06 00:00:00,1992.472159329928,2017.1467371544472,1973.9662259615386,2004.8094482421875,976800,1958297869.0429688
2009-11-09 00:00:00,2023.3157848011365,2041.8217218572445,2004.8098477450285,2035.653076171875,1307900,2662430658.3251953
2009-11-10 00:00:00,2035.65333296613,2054.159272356731,2023.3160400390625,2023.3160400390625,673400,1362501021.3623047
2009-11-11 00:00:00,2017.1473388671877,2041.8219240521073,2010.9786925709577,2017.1473388671875,382000,770550283.4472656
2009-11-12 00:00:00,2029.484026066707,2029.484026066707,1992.472159329928,2004.8094482421875,748800,1501201314.84375
2009-11-13 00:00:00,1992.4726009013489,2010.978538371021,1986.303955078125,1986.303955078125,1864700,3703860985.0341797
2009-11-16 00:00:00,1998.6410676474884,1998.6410676474884,1961.6291960243866,1980.1351318359375,678500,1343521686.9506836
2009-11-17 00:00:00,1986.3037771064544,1986.3037771064544,1967.7978412949037,1980.1351318359375,621300,1230257957.409668
2009-11-18 00:00:00,1973.9664763931887,2010.978347825561,1973.9664763931887,1992.472412109375,747300,1488974633.569336
2009-11-19 00:00:00,2010.9778038024904,2010.9778038024904,1967.7972988128663,1973.9659423828125,1007800,1989362876.7333984
2009-11-20 00:00:00,1967.7978412949037,1986.3037771064544,1967.7978412949037,1980.1351318359375,681900,1350254146.3989258
2009-11-24 00:00:00,1967.7979509402546,1973.9665965544873,1924.617431640625,1924.617431640625,1269300,2442916905.9814453
2009-11-25 00:00:00,1924.617431640625,1949.2920140975561,1918.4487860263923,1924.617431640625,779300,1499854364.477539
2009-11-26 00:00:00,1930.7861880162718,1949.2921259205812,1906.1116041438593,1936.954833984375,1154800,2236795442.2851562
2009-11-27 00:00:00,1930.7860883159021,1955.4606709141885,1906.111505717616,1912.2801513671875,1353400,2588079956.8603516
2009-11-30 00:00:00,1924.6171043227523,1955.4603271484375,1918.4484597576154,1955.4603271484375,933900,1826204399.5239258
2009-12-01 00:00:00,1955.4605507538697,1980.1351318359375,1949.2919054833528,1980.1351318359375,1479000,2928619859.9853516
2009-12-02 00:00:00,1980.1354554374263,1986.3041017160476,1955.4608703229412,1961.6295166015625,816600,1601866663.256836
2009-12-03 00:00:00,1973.9662259615386,2010.9780926983174,1973.9662259615386,2004.8094482421875,975900,1956493540.5395508
2009-12-04 00:00:00,2017.146832146313,2047.9900558794373,1992.4722531598138,2041.8214111328125,1364800,2786677861.9140625
2009-12-07 00:00:00,2035.6527663861875,2047.9900558794373,2029.4841216395628,2041.8214111328125,473000,965781527.4658203
2009-12-08 00:00:00,2047.9901585820894,2078.83338386194,2041.8215135261194,2066.49609375,968300,2000988167.578125
2009-12-09 00:00:00,2054.159013227983,2060.3276589133525,2029.4844304865057,2035.653076171875,502400,1022712105.46875
2009-12-10 00:00:00,2035.6532777558773,2041.8219240521073,2010.9786925709577,2017.1473388671875,837000,1688352322.631836
2009-12-11 00:00:00,2047.9903454809132,2060.32763671875,2023.3157630052397,2060.32763671875,2813000,5795701642.089844
2009-12-14 00:00:00,2041.8214111328123,2047.9900558794373,2017.146832146313,2041.8214111328125,499700,1020298159.1430664
2009-12-15 00:00:00,2054.159013227983,2054.159013227983,2029.4844304865057,2035.653076171875,530800,1080524652.8320312
2009-12-16 00:00:00,2047.9905637481509,2091.1710876825996,2041.8219174718008,2085.00244140625,1033200,2154224522.4609375
2009-12-17 00:00:00,2091.1703373423793,2122.013557657164,2078.833049216466,2109.67626953125,1383400,2918526151.2695312
2009-12-18 00:00:00,2085.00244140625,2103.5083802352992,2060.3278563008503,2085.00244140625,2074300,4324920564.208984
2009-12-21 00:00:00,2097.3388671875,2109.676154641544,2091.1702234604777,2097.3388671875,859100,1801823820.8007812
2009-12-22 00:00:00,2097.3397339589496,2103.5083802352992,2066.4965025772003,2085.00244140625,898300,1872957693.1152344
2009-12-24 00:00:00,2091.17041015625,2097.339054433997,2072.6644773230087,2091.17041015625,1147400,2399408928.6132812
2009-12-25 00:00:00,2091.1702234604777,2103.507510914522,2078.8329360064336,2097.3388671875,624100,1308949187.0117188
2009-12-28 00:00:00,2109.6764393682065,2128.182373046875,2103.50779480865,2128.182373046875,778200,1656151522.7050781
2009-12-29 00:00:00,2128.1824294955745,2140.5197189419255,2122.013784772399,2134.35107421875,1150900,2456424651.3183594
2009-12-30 00:00:00,2134.3508457830776,2134.3508457830776,2109.67626953125,2109.67626953125,378900,799356338.5253906
2010-01-04 00:00:00,2115.845121025519,2128.1824103609447,2109.6764763578058,2118.929443359375,424800,900121227.5390625
2010-01-05 00:00:00,2128.1818615989964,2134.3505046760947,2106.5916108291513,2112.76025390625,887700,1875497277.3925781
2010-01-06 00:00:00,2122.013784772399,2137.435396580338,2118.929462410811,2134.35107421875,643600,1373668351.3671875
2010-01-07 00:00:00,2125.097994072493,2128.1823162699857,2112.760705282522,2122.013671875,496500,1053579788.0859375
2010-01-08 00:00:00,2128.1818615989964,2137.434826214644,2091.1700031364053,2112.76025390625,1974900,4172490225.439453
2010-01-12 00:00:00,2112.7607794171554,2115.8451017228736,2091.170523277126,2103.5078125,937600,1972248925.0
2010-01-13 00:00:00,2100.42390625,2106.5925520833334,2081.91796875,2081.91796875,1262900,2629254202.734375
2010-01-14 00:00:00,2088.0860880173764,2094.254732295123,2081.917443739629,2091.17041015625,665500,1391673907.9589844
2010-01-15 00:00:00,2088.0860880173764,2091.17041015625,2075.7487994618823,2091.17041015625,715000,1495186843.2617188
2010-01-18 00:00:00,2088.0863133242015,2091.1706357958765,2066.496056022474,2075.7490234375,1276400,2649486053.515625
2010-01-19 00:00:00,2085.0025765555247,2097.3398699079244,2066.496636526925,2072.665283203125,954800,1978980812.4023438
2010-01-20 00:00:00,2088.086755317943,2146.688894684325,2088.086755317943,2125.0986328125,1219800,2592195312.3046875
2010-01-21 00:00:00,2125.097994072493,2137.4352828624637,2109.676383085029,2122.013671875,1633700,3466733735.7421875
2010-01-22 00:00:00,2109.676875,2112.761197916667,2069.5806770833333,2081.91796875,1850400,3852381009.375
2010-01-25 00:00:00,2057.243275399357,2078.8335346614194,2054.158952647634,2069.58056640625,967500,2002319197.9980469
2010-01-26 00:00:00,2078.8333459091755,2100.4236032109025,2072.6647009658245,2075.7490234375,1136700,2359503914.9414062
2010-01-27 00:00:00,2078.8332530192415,2128.1824103609447,2075.748930685385,2118.929443359375,1317500,2791689541.6259766
2010-01-28 00:00:00,2118.9294062075405,2137.435339886209,2103.50779480865,2128.182373046875,1155200,2458476277.34375
2010-01-29 00:00:00,2103.507925682578,2115.8452155692794,2072.6647009658245,2075.7490234375,1102000,2287475423.828125
2010-02-01 00:00:00,2094.2548455828446,2109.676457111437,2075.7489117485334,2103.5078125,1277500,2687231230.46875
2010-02-02 00:00:00,2097.3390380147594,2125.097937047308,2078.8331053263937,2115.844970703125,1172300,2480405059.1552734
2010-02-03 00:00:00,2131.2666015625,2140.5195679947537,2115.8449908420766,2131.2666015625,869500,1853136310.0585938
2010-02-04 00:00:00,2128.182336055871,2149.772591639047,2122.0136916035353,2137.435302734375,1279800,2735489700.439453
2010-02-05 00:00:00,2094.255546569824,2106.592839922224,2069.5809598650253,2072.665283203125,1732100,3590063537.036133
2010-02-08 00:00:00,2072.6645880044844,2072.6645880044844,2054.1586541830156,2063.41162109375,826400,1705203363.671875
2010-02-09 00:00:00,2054.159013227983,2057.2433360706677,2029.4844304865057,2035.653076171875,1149700,2340390341.6748047
2010-02-10 00:00:00,2038.736824024032,2038.736824024032,2017.146570214398,2026.3995361328125,993000,2012214739.3798828
2010-02-12 00:00:00,2044.9058360541044,2078.83338386194,2041.8215135261194,2066.49609375,901100,1862119630.078125
2010-02-15 00:00:00,2072.6639856751135,2078.832628489623,2038.7364501953125,2038.7364501953125,692200,1411213370.8251953
2010-02-16 00:00:00,2066.496636526925,2081.918253217425,2060.3279898507258,2072.665283203125,739500,1532735976.928711
2010-02-17 00:00:00,2081.9174274411216,2115.844970703125,2081.9174274411216,2115.844970703125,1128900,2388577387.426758
2010-02-18 00:00:00,2109.6764026988635,2137.435302734375,2103.507758246528,2137.435302734375,967600,2068182398.9257812
2010-02-19 00:00:00,2137.435377362514,2143.6040220302266,2109.6764763578058,2118.929443359375,976700,2069558387.3291016
2010-02-22 00:00:00,2137.435768377764,2171.3633202567758,2137.435768377764,2162.1103515625,1006600,2176380279.8828125
2010-02-23 00:00:00,2140.5196445760207,2159.025578102615,2140.5196445760207,2152.85693359375,721700,1553716848.9746094
2010-02-24 00:00:00,2134.3511305047728,2152.8570651623286,2118.9295182901433,2140.519775390625,1155200,2472728444.53125
2010-02-25 00:00:00,2143.603984445765,2152.8569512850995,2125.098050767097,2128.182373046875,712200,1515691486.0839844
2010-02-26 00:00:00,2137.435302734375,2152.8569138652147,2131.2666582820393,2137.435302734375,660200,1411134786.8652344
2010-03-01 00:00:00,2143.6039668304534,2155.9412558481827,2137.4353223215885,2152.85693359375,458300,986654332.6660156
2010-03-02 00:00:00,2146.688420276477,2149.7727427194027,2131.266808061847,2140.519775390625,835000,1787334012.4511719
2010-03-03 00:00:00,2140.519775390625,2146.688420276477,2128.182485618921,2140.519775390625,746400,1597683960.3515625
2010-03-04 00:00:00,2143.6038901388383,2143.6038901388383,2131.2666015625,2131.2666015625,563200,1200329350.0
2010-03-05 00:00:00,2152.856990094866,2174.447246442522,2146.688345424107,2159.025634765625,969600,2093391255.46875
2010-03-08 00:00:00,2177.53196605296,2180.616288951052,2149.7730599701317,2162.1103515625,1407800,3043818952.9296875
2010-03-09 00:00:00,2152.8570651623286,2162.1100324911067,2137.435452947699,2140.519775390625,908300,1944234111.9873047
2010-03-10 00:00:00,2140.519775390625,2152.8570651623286,2140.519775390625,2140.519775390625,713000,1526190599.8535156
2010-03-11 00:00:00,2146.6882890848856,2155.9412558481827,2140.5196445760207,2152.85693359375,726000,1562974133.7890625
2010-03-12 00:00:00,2174.446870630438,2180.615514235063,2165.1939052234998,2171.362548828125,4025000,8739734259.033203
2010-03-15 00:00:00,2177.5307957525783,2183.6994382334638,2165.1935107908075,2168.27783203125,713400,1546849405.3710938
2010-03-16 00:00:00,2171.3634308510636,2177.532076961436,2168.2791077958777,2174.44775390625,617200,1342069153.7109375
2010-03-17 00:00:00,2183.7000650127284,2196.037353515625,2183.7000650127284,2196.037353515625,866900,1903744781.7626953
2010-03-18 00:00:00,2208.375111219618,2226.8810479058156,2205.290788438585,2220.71240234375,1169600,2597345225.78125
2010-03-19 00:00:00,2229.9648642068382,2266.9767291729268,2223.7962200458232,2245.386474609375,1397900,3138825752.8564453
2010-03-23 00:00:00,2248.471442707424,2251.555765674101,2208.375244140625,2208.375244140625,1627200,3593468197.265625
2010-03-24 00:00:00,2180.6157021373087,2189.868668341569,2149.7724814564417,2165.194091796875,3018600,6535854885.498047
2010-03-25 00:00:00,2177.5311924327507,2186.7841578396888,2159.0252616188745,2171.362548828125,1716600,3727360951.3183594
2010-03-26 00:00:00,2171.3629241071426,2171.3629241071426,2097.3391880580357,2159.025634765625,5393200,11644057053.417969
2010-03-29 00:00:00,2127.461228590745,2136.93064058744,2117.9918165940503,2133.774169921875,1969400,4202254850.2441406
2010-03-30 00:00:00,2127.461228590745,2136.93064058744,2114.8353459284854,2133.774169921875,1683900,3593062324.7314453
2010-03-31 00:00:00,2124.3047910859023,2133.774203230416,2102.209496082037,2105.365966796875,2318800,4881922603.808594
2010-04-01 00:00:00,2124.3042234879217,2130.6171632308283,2114.834813873563,2127.460693359375,2123700,4518088274.487305
2010-04-02 00:00:00,2124.305014120566,2127.4614851668075,2102.209716796875,2102.209716796875,1339800,2816540578.564453
2010-04-05 00:00:00,2108.522658889358,2117.992072028083,2092.7403036581504,2102.209716796875,1372900,2886123720.1904297
2010-04-06 00:00:00,2095.896140391791,2117.9914310284516,2095.896140391791,2114.8349609375,1952900,4130061195.2148438
2010-04-07 00:00:00,2124.3042234879217,2140.086572845187,2117.9912837450156,2127.460693359375,841300,1789832681.3232422
2010-04-08 00:00:00,2127.46113441104,2136.9305459885372,2114.83525230771,2121.148193359375,880500,1867670984.2529297
2010-04-09 00:00:00,2108.5223346953935,2127.461158060921,2108.5223346953935,2124.3046875,2031500,4315524972.65625
2010-04-12 00:00:00,2152.7127955613937,2162.1822066855643,2136.9304436877765,2140.0869140625,949400,2031798516.2109375
2010-04-13 00:00:00,2146.399854811947,2152.7127955613937,2127.4610325636063,2140.0869140625,1103900,2362441944.4335938
2010-04-14 00:00:00,2140.0873328993057,2152.713216869213,2130.617919921875,2130.617919921875,922200,1964855845.7519531
2010-04-15 00:00:00,2149.5565232496997,2149.5565232496997,2127.461228590745,2133.774169921875,716100,1527995683.0810547
2010-04-16 00:00:00,2124.3041014165265,2130.6170407966647,2105.3652832761118,2111.67822265625,939800,1984555193.6523438
2010-04-19 00:00:00,2108.522518643466,2111.6789894797585,2083.270751953125,2083.270751953125,1176100,2450134731.3720703
2010-04-20 00:00:00,2089.583543157003,2108.522366810994,2089.583543157003,2095.896484375,1027200,2152904868.75
2010-04-21 00:00:00,2111.6786871813015,2114.835157565728,2099.0528056435955,2108.522216796875,737300,1554613430.444336
2010-04-22 00:00:00,2099.052666974214,2102.209137150115,2058.0185546875,2058.0185546875,1560000,3210508945.3125
2010-04-23 00:00:00,2058.018783212266,2061.175253738665,2020.141136895476,2023.297607421875,2151900,4353934121.411133
2010-04-26 00:00:00,2048.549144159797,2064.3314950393024,2042.2362038079948,2058.0185546875,932600,1919308104.1015625
2010-04-27 00:00:00,2035.9232177734375,2039.0796878785127,2026.4538074582124,2035.9232177734375,1123200,2286748958.203125
2010-04-28 00:00:00,2016.984502504285,2016.984502504285,1969.6374484548887,1985.4197998046875,1944600,3860847342.7001953
2010-04-30 00:00:00,2001.2020466176116,2039.0796878785127,2001.2020466176116,2035.9232177734375,1623700,3305728528.6987305
2010-05-06 00:00:00,1982.2636485122607,1988.5765900680321,1972.7942361786033,1979.107177734375,1929500,3818687299.4384766
2010-05-07 00:00:00,1919.1331607070501,1950.6978508502582,1909.6637536640878,1947.5413818359375,2521800,4911309856.713867
2010-05-10 00:00:00,1938.073039719832,1966.4812764583962,1925.4471567249145,1960.1683349609375,1689100,3310920334.5825195
2010-05-11 00:00:00,1985.4201192901464,1991.7330608459179,1969.6377654007176,1979.107177734375,1227000,2428364507.080078
2010-05-12 00:00:00,1991.732518762303,2004.3583984374998,1979.106639087106,2004.3583984375,1159300,2323652691.3085938
2010-05-13 00:00:00,2010.6717134765624,2013.828183984375,1963.324655859375,1972.7940673828125,1192900,2353346042.980957
2010-05-14 00:00:00,1953.85509710509,2013.8280322343253,1944.3856862952107,1985.4197998046875,1786700,3547349556.311035
2010-05-17 00:00:00,1953.855323174239,1969.6376763501214,1931.7600287280036,1950.6988525390625,4047800,7896038815.307617
2010-05-18 00:00:00,1953.855323174239,1966.481205714945,1944.3859112687096,1950.6988525390625,2280200,4447983523.55957
2010-05-19 00:00:00,1934.9155057786543,1953.854319864579,1928.6025677500127,1947.5413818359375,1146300,2232466685.998535
2010-05-20 00:00:00,1947.5419194224605,1950.6983893080721,1928.60310010879,1938.072509765625,1568600,3040060538.8183594
2010-05-21 00:00:00,1919.1340838738206,1922.290554406508,1869.8931435639001,1873.680908203125,2908900,5450350393.87207
2010-05-24 00:00:00,1893.2507285342856,1909.6643727296478,1878.099672353951,1883.1500244140625,1604400,3021325899.169922
2010-05-25 00:00:00,1879.3625289870392,1880.6251171825293,1848.4291181975314,1860.4237060546875,1677600,3121046809.2773438
2010-05-26 00:00:00,1893.2507973459244,1912.8209122901471,1879.9936227062897,1882.518798828125,2779300,5232084497.583008
2010-05-27 00:00:00,1862.949059737356,1878.7314136829455,1856.6361181591203,1871.1558837890625,1531500,2865675236.022949
2010-05-28 00:00:00,1887.5689209803638,1900.1948000504665,1875.5743358637662,1881.2559814453125,1701500,3200957052.429199
2010-05-31 00:00:00,1881.8875387326889,1925.4468276198259,1881.2562446908464,1915.9774169921875,1200200,2299556095.8740234
2010-06-01 00:00:00,1903.3517317842848,1919.1340844524796,1876.8373793017176,1909.6646728515625,1034300,1975166171.130371
2010-06-02 00:00:00,1887.5688184637504,1906.5076360403098,1883.14976102922,1890.093994140625,1761200,3328833542.4804688
2010-06-03 00:00:00,1909.6636752424567,1925.4460196659481,1903.3507374730602,1922.28955078125,936000,1799263019.53125
2010-06-04 00:00:00,1919.1334957714523,1928.602904467693,1912.820556640625,1912.820556640625,649100,1241611823.3154297
2010-06-07 00:00:00,1874.9437245115203,1879.994077978218,1856.004899011404,1864.843017578125,2043100,3810060769.213867
2010-06-08 00:00:00,1844.6410154414984,1851.5852492436397,1835.171605711306,1847.7974853515625,1923600,3554423242.8222656
2010-06-09 00:00:00,1844.0102676985555,1844.6415618675724,1825.7027367970634,1832.64697265625,1778700,3259729170.263672
2010-06-10 00:00:00,1835.1718244924682,1852.8480580961107,1834.5405304351953,1844.6412353515625,1289600,2378849337.109375
2010-06-11 00:00:00,1845.27235765363,1860.423413617943,1841.4845936625516,1854.1104736328125,4981000,9235324269.16504
2010-06-14 00:00:00,1873.0497662625332,1880.625296156416,1866.7368246842975,1871.1558837890625,800000,1496924707.03125
2010-06-15 00:00:00,1871.7872535948343,1874.9437245115203,1854.7423106447295,1864.843017578125,1113600,2076689184.375
2010-06-16 00:00:00,1883.7811475151364,1883.7811475151364,1871.786562460583,1876.8369140625,907100,1702478764.7460938
2010-06-17 00:00:00,1877.4687584355868,1887.569464600674,1873.6809936236791,1881.8878173828125,1013400,1907105114.1357422
2010-06-18 00:00:00,1887.5691510717952,1891.9882092850069,1879.9936227062897,1882.518798828125,972800,1831314287.5
2010-06-21 00:00:00,1893.2505663575032,1906.5077393796796,1889.4628026368812,1897.038330078125,992500,1882810542.602539
2010-06-22 00:00:00,1900.1952652994792,1912.8211474609375,1887.5693831380208,1893.88232421875,1141900,2162624226.0253906
2010-06-23 00:00:00,1888.8320679653407,1900.1953624918701,1879.9939500002622,1880.625244140625,1145900,2155008467.260742
2010-06-24 00:00:00,1890.0945086578824,1922.2905073023553,1883.1502736561333,1903.3516845703125,822600,1565697095.727539
2010-06-25 00:00:00,1882.5190302734375,1897.0387947591146,1878.7312656249999,1893.88232421875,1744900,3304635267.529297
2010-06-28 00:00:00,1909.6644765737617,1928.6032978290389,1900.1950659461233,1915.9774169921875,1335600,2558979438.1347656
2010-06-29 00:00:00,1915.9775157021056,1915.9775157021056,1880.6250475375857,1886.93798828125,1516900,2862296234.423828
2010-06-30 00:00:00,1869.2621304429729,1897.0390753060228,1865.4743652343752,1865.474365234375,1759200,3281742503.3203125
2010-07-01 00:00:00,1862.3178837217133,1863.5804721174568,1828.2279970366378,1830.753173828125,2509900,4595007390.991211
2010-07-02 00:00:00,1830.7529083849515,1841.4849081927255,1816.2331439391398,1837.6971435546875,1512100,2778781850.769043
2010-07-05 00:00:00,1838.3284140033552,1839.591002199786,1830.1215907265546,1834.5406494140625,857500,1573118606.8725586
2010-07-06 00:00:00,1835.1718629807692,1852.848096955128,1821.9146875,1846.53515625,1537700,2839417109.765625
2010-07-07 00:00:00,1849.060156575632,1850.9540386069489,1833.2778063146588,1845.9036865234375,1183200,2184073241.8945312
2010-07-08 00:00:00,1865.4735498641132,1867.998725566129,1854.7415531305464,1867.367431640625,1618300,3021960714.6240234
2010-07-09 00:00:00,1874.9430767295314,1879.3621344861328,1852.2164939812947,1857.266845703125,1866800,3467145747.5585938
2010-07-12 00:00:00,1859.7925913272381,1861.0551796445004,1834.5408249819939,1835.172119140625,1512800,2776248381.8359375
2010-07-13 00:00:00,1839.591002199786,1840.853590396217,1831.3841789229855,1834.5406494140625,1431400,2625961485.571289
2010-07-14 00:00:00,1848.4291670685443,1849.0604611829804,1836.4345788942608,1840.8536376953125,1673500,3080668562.6831055
2010-07-15 00:00:00,1840.221958489027,1840.853252471356,1830.752548754092,1832.01513671875,1590300,2913453671.923828
2010-07-16 00:00:00,1828.227502816069,1830.752678924931,1768.2545702305972,1768.8858642578125,3504600,6199237399.87793
2010-07-21 00:00:00,1772.6737656947544,1775.830236075265,1761.3104723249162,1767.6234130859375,1839300,3251189743.688965
2010-07-22 00:00:00,1768.2548034382448,1768.2548034382448,1751.2098624554415,1754.3663330078125,1972700,3460838465.1245117
2010-07-23 00:00:00,1772.6738622115643,1773.3051563220386,1749.9472742344929,1754.3663330078125,2379000,4173637506.225586
2010-07-26 00:00:00,1830.752598359835,1843.3784783485235,1818.1267183711466,1822.5457763671875,3193000,5819388663.94043
2010-07-27 00:00:00,1830.1223900064542,1835.1727449978484,1819.3903856497418,1833.91015625,1067000,1956782136.71875
2010-07-28 00:00:00,1844.0100851958653,1877.4686728423496,1843.3787910893277,1873.680908203125,1730300,3242030075.463867
2010-07-29 00:00:00,1871.1554731889205,1876.837119362571,1860.4234748609138,1874.9432373046875,1022100,1916379482.849121
2010-07-30 00:00:00,1874.9431553171644,1874.9431553171644,1855.3730415747966,1861.0546875,1259000,2343067851.5625
2010-08-02 00:00:00,1861.0549676586456,1883.7815547806645,1850.954262271082,1852.84814453125,1270500,2354043567.626953
2010-08-03 00:00:00,1878.099672353951,1888.2003764741742,1873.6806143013537,1883.1500244140625,1280500,2411373606.262207
2010-08-04 00:00:00,1871.155386054278,1876.2057379734529,1864.8424461553095,1866.736328125,1188700,2218989473.2421875
2010-08-05 00:00:00,1887.5688184637504,1893.2504637367183,1878.0994096754707,1890.093994140625,1493800,2823422408.4472656
2010-08-06 00:00:00,1879.3621481190555,1889.462851635987,1873.0492084209734,1887.5689697265625,850500,1605377408.7524414
2010-08-09 00:00:00,1887.5688001173164,1912.820556640625,1878.0993914210758,1912.820556640625,1191500,2279125693.2373047
2010-08-10 00:00:00,1922.2906542645387,1925.4471249611963,1900.1953593879348,1906.50830078125,1056500,2014226019.7753906
2010-08-11 00:00:00,1892.6194455331733,1906.5079137792475,1868.6302731081364,1871.7867431640625,1027900,1924009593.2983398
2010-08-12 00:00:00,1840.2215314948041,1861.0542280777643,1837.0650623155677,1858.529052734375,1145800,2129502588.6230469
2010-08-13 00:00:00,1858.5298041044775,1903.3516845703123,1847.7978045563198,1903.3516845703125,1786600,3400528119.6533203
2010-08-16 00:00:00,1888.200724148671,1903.3517831187708,1878.7313122923588,1900.1953125,1358900,2582175410.15625
2010-08-17 00:00:00,1886.3063328696962,1906.5077393796796,1883.1498631025115,1897.038330078125,697900,1323943050.5615234
2010-08-18 00:00:00,1912.821095936334,1912.821095936334,1888.831920475746,1903.3516845703125,718400,1367367850.1953125
2010-08-19 00:00:00,1909.6646728515627,1912.8211433852016,1900.1952612506457,1909.6646728515625,887000,1693872564.819336
2010-08-20 00:00:00,1900.1953624918701,1900.1953624918701,1874.9435968773603,1880.625244140625,1357300,2552572643.8720703
2010-08-23 00:00:00,1883.1503711586379,1906.5082537375415,1880.6251946636212,1900.1953125,1033700,1964231894.53125
2010-08-24 00:00:00,1903.3512692115896,1938.07243664331,1903.3512692115896,1928.60302734375,2215800,4273398587.9882812
2010-08-25 00:00:00,1925.4467291581004,1931.7596692537006,1906.5079088712994,1919.1337890625,1715400,3292082101.7578125
2010-08-26 00:00:00,1925.447509765625,1928.6039810931097,1912.8216244556866,1925.447509765625,1007400,1939695821.3378906
2010-08-27 00:00:00,1919.1332784415847,1934.9156244814005,1915.9768092336217,1931.7591552734375,1791900,3461519230.3344727
2010-08-30 00:00:00,1944.3857154107861,1966.4810076313634,1944.3857154107861,1957.0115966796875,1571000,3074465218.383789
2010-08-31 00:00:00,1931.7593740331065,1941.2287827293471,1912.820556640625,1912.820556640625,2058400,3937349833.7890625
2010-09-01 00:00:00,1925.4462910473833,1944.3851070248986,1922.2898217177974,1941.2286376953125,1836600,3565260515.991211
2010-09-02 00:00:00,1953.854319864579,1953.854319864579,1934.9155057786543,1947.5413818359375,1212400,2361199171.3378906
2010-09-03 00:00:00,1950.6989227147494,1969.6377472071256,1947.54245196602,1960.1683349609375,1236200,2423160095.678711
2010-09-06 00:00:00,1966.481224646935,1972.794165978065,1960.1682833158052,1969.6376953125,1197800,2359232031.4453125
2010-09-07 00:00:00,1972.7936525788775,1982.2630621112562,1957.0113033582466,1966.480712890625,1270800,2499003689.9414062
2010-09-08 00:00:00,1957.011572817801,1969.6374539327544,1944.3856917028475,1953.8551025390625,1115800,2180111523.413086
2010-09-09 00:00:00,1963.3248057096669,1966.4812764583962,1950.6989227147494,1960.1683349609375,646100,1266464761.2182617
2010-09-10 00:00:00,1960.1683530670603,1985.4201192901464,1957.0118822891745,1979.107177734375,2747700,5437992792.260742
2010-09-13 00:00:00,1988.5765900680321,2004.358943957461,1979.1071777343748,1979.107177734375,1603900,3174290002.368164
2010-09-14 00:00:00,1979.107059981662,1982.2635305717442,1957.011765851085,1963.32470703125,1709800,3356892584.0820312
2010-09-16 00:00:00,1957.0112552424305,1960.1677250089506,1922.29008781071,1928.60302734375,2727000,5259300455.566406
2010-09-17 00:00:00,1931.7597680382517,1931.7597680382517,1906.508006364549,1915.9774169921875,2485700,4762545065.41748
2010-09-21 00:00:00,1925.446630223178,1941.2289796512368,1925.446630223178,1938.072509765625,2646900,5129884126.098633
2010-09-22 00:00:00,1944.3858328125,1982.26347890625,1941.2293623046874,1972.7940673828125,2606500,5142087736.633301
2010-09-24 00:00:00,1953.8553934634788,1975.9506887045843,1938.073039719832,1960.1683349609375,2549700,4997841203.649902
2010-09-27 00:00:00,1969.6377472071256,1972.794217955855,1957.0118642122081,1960.1683349609375,1937100,3797042081.652832
2010-09-28 00:00:00,1937.5634667543732,1944.0220116435544,1923.3546679981744,1929.1673583984375,2765900,5335883996.594238
2010-09-29 00:00:00,1933.6884180373152,1940.792817702783,1927.8757274019324,1931.7508544921875,1815200,3506514151.0742188
2010-09-30 00:00:00,1931.1049366422042,1937.5634815808069,1883.9575585904045,1885.249267578125,1839600,3468104552.6367188
2010-10-01 00:00:00,1886.5402925037201,1904.6242117745535,1885.8944382440475,1898.8115234375,1707400,3242030795.1171875
2010-10-04 00:00:00,1880.7278426765686,1880.7278426765686,1836.8097474492313,1842.6224365234375,2740600,5049891049.536133
2010-10-05 00:00:00,1820.6632813258464,1872.9774799024315,1812.9130296848707,1871.0399169921875,2045300,3826837942.224121
2010-10-06 00:00:00,1878.1445466605917,1882.66552734375,1863.9357502278087,1882.66552734375,1685100,3172479680.126953
2010-10-07 00:00:00,1874.2697954104958,1880.7283405359626,1850.3731784462682,1858.769287109375,1652000,3070686862.3046875
2010-10-08 00:00:00,1860.0603313577587,1888.4779197535022,1860.0603313577587,1872.9774169921875,2529800,4738258269.506836
2010-10-12 00:00:00,1867.8113455992427,1867.8113455992427,1832.9352001419954,1833.5810546875,1590000,2915393876.953125
2010-10-13 00:00:00,1854.8937777531082,1860.0606127886322,1816.1425149866784,1818.080078125,1708600,3106371621.484375
2010-10-14 00:00:00,1843.9140069978973,1850.3725499295886,1835.5179011866985,1838.101318359375,1052800,1935153067.96875
2010-10-15 00:00:00,1838.1017674957145,1844.5603120055378,1815.496861711333,1836.81005859375,1293500,2375913810.7910156
2010-10-18 00:00:00,1840.684731845936,1850.3725462240725,1836.8096060946814,1841.9764404296875,652700,1202258022.668457
2010-10-19 00:00:00,1847.1436114643896,1848.4353202835953,1828.4138335859045,1832.934814453125,1332300,2442019053.2958984
2010-10-20 00:00:00,1825.8301326976105,1827.7676956258356,1808.3920663435829,1811.621337890625,2159200,3911652792.7734375
2010-10-21 00:00:00,1827.7681243113982,1830.9973966158352,1810.9759083283252,1813.559326171875,1655300,3001984752.6123047
2010-10-22 00:00:00,1813.5592615000226,1814.8509703757347,1796.7670461157632,1799.3504638671875,2274700,4092982500.1586914
2010-10-25 00:00:00,1797.4128719980392,1820.6636313914744,1793.5377454324669,1806.454833984375,1162900,2100726326.4404297
2010-10-26 00:00:00,1809.0378093849513,1814.8504978121075,1794.1831611822188,1799.995849609375,1309500,2357094565.0634766
2010-10-27 00:00:00,1813.559091743897,1816.7883636309055,1771.5785572127884,1785.787353515625,2311100,4127133152.709961
2010-10-28 00:00:00,1785.7875206722088,1808.3924259971734,1776.0997041043668,1799.3504638671875,1764100,3174234153.3081055
2010-10-29 00:00:00,1785.7874123898546,1808.3923163441564,1785.7874123898546,1787.7249755859375,1930100,3450487975.378418
2010-11-01 00:00:00,1791.6000075978477,1805.8088036206136,1776.0995028457394,1780.6204833984375,2788000,4964369907.714844
2010-11-02 00:00:00,1782.558144715107,1790.9542519184752,1778.0371639132932,1783.849853515625,1400400,2498103334.8632812
2010-11-04 00:00:00,1791.600121638283,1805.1630641596978,1783.8498687689034,1788.370849609375,2016600,3606428655.3222656
2010-11-05 00:00:00,1798.70458984375,1814.2050961835166,1796.1211721204556,1798.70458984375,2459900,4424633420.556641
2010-11-08 00:00:00,1820.663204421322,1832.2885813917312,1814.8505159361173,1824.538330078125,1605500,2929296288.9404297
2010-11-09 00:00:00,1825.8301569468056,1831.6428458086807,1823.2467396748611,1828.41357421875,1895900,3466489295.361328
2010-11-10 00:00:00,1834.2268066406248,1846.4980423188545,1829.059970565581,1834.226806640625,1470500,2697230519.165039
2010-11-11 00:00:00,1843.2680699209147,1851.0183210908697,1834.2261102226341,1839.3929443359375,1319700,2427446868.6401367
2010-11-12 00:00:00,1840.6848106063717,1858.1228772331688,1840.0389562868606,1844.5599365234375,1824000,3364477324.21875
2010-11-15 00:00:00,1854.8938227568017,1857.4772403372428,1845.2060068301469,1851.66455078125,1148400,2126451570.1171875
2010-11-16 00:00:00,1874.2690603952221,1883.3110200249716,1849.726598543045,1854.8934326171875,2043700,3790845708.239746
2010-11-17 00:00:00,1865.8734627715812,1877.4988426019338,1861.9983361614638,1875.561279296875,1599700,3000335378.491211
2010-11-18 00:00:00,1887.1862037607489,1927.8750233490196,1884.6027866440331,1924.645751953125,2802200,5393242326.123047
2010-11-19 00:00:00,1947.2509765625002,1950.480248497098,1936.917306371787,1947.2509765625,2261400,4403513358.3984375
2010-11-22 00:00:00,1953.7094217598242,1963.3972370743356,1944.0216064453127,1944.0216064453125,1444900,2808916819.152832
2010-11-24 00:00:00,1924.6459845738013,1944.0216152909873,1915.6040235724479,1916.2498779296875,2453800,4702093950.463867
2010-11-25 00:00:00,1918.187454150424,1919.4791628737576,1882.0196098970828,1884.60302734375,3019100,5689804999.853516
2010-11-26 00:00:00,1887.8327003434295,1892.35368183587,1873.6239013671873,1873.6239013671875,2494600,4673942184.350586
2010-11-29 00:00:00,1872.332045105256,1872.332045105256,1848.4354305247475,1860.7066650390625,3699800,6884242519.311523
2010-11-30 00:00:00,1861.9984569701937,1869.7487106932747,1851.664785339419,1859.4150390625,2266300,4213992303.0273438
2010-12-01 00:00:00,1859.4141507400059,1859.4141507400059,1847.7887757093285,1850.3721923828125,2100400,3886521752.8808594
2010-12-02 00:00:00,1875.5610473379027,1880.727882179054,1861.9981058798805,1863.9356689453125,1688800,3147814557.7148438
2010-12-03 00:00:00,1871.6857429003192,1874.9150143684012,1856.831094147142,1858.122802734375,1638800,3045091649.1210938
2010-12-06 00:00:00,1867.8112502850288,1872.3322318728556,1858.7692871093752,1858.769287109375,2135900,3970145320.336914
2010-12-07 00:00:00,1858.7689491274634,1860.060657917684,1845.2060068301469,1851.66455078125,2408800,4460289569.921875
2010-12-08 00:00:00,1849.727211951544,1856.1857566860117,1843.914521690523,1851.0189208984375,2848400,5272442294.287109
2010-12-09 00:00:00,1854.2478420790007,1856.8312594834995,1851.664424674502,1855.53955078125,1479300,2744899657.470703
2010-12-10 00:00:00,1884.6029965818614,1884.6029965818614,1847.7892985677538,1855.53955078125,4633700,8598013616.455078
2010-12-13 00:00:00,1856.831529170965,1868.4569091796877,1854.248111391249,1868.4569091796875,1272300,2377237725.5493164
2010-12-14 00:00:00,1871.6857368364724,1885.8945312499998,1870.3940282534245,1885.89453125,1737400,3276553158.59375
2010-12-15 00:00:00,1885.8948061786384,1898.166039506513,1884.6030974072833,1894.936767578125,1868000,3539741881.8359375
2010-12-16 00:00:00,1898.8126299658186,1914.3131412308458,1895.5833567856048,1907.208740234375,1491700,2844983277.807617
2010-12-17 00:00:00,1907.853610481661,1915.6038621153034,1903.9784846648397,1914.9580078125,1661600,3181894225.78125
2010-12-20 00:00:00,1916.2497315366265,1920.1248573840212,1892.9989764522588,1899.45751953125,1465800,2784224832.1289062
2010-12-21 00:00:00,1908.4992049335224,1916.2494555119326,1903.3323712145823,1910.436767578125,1391500,2658372762.084961
2010-12-22 00:00:00,1906.5617512468166,1914.312002268145,1901.3949172325974,1902.040771484375,1455900,2769181159.2041016
2010-12-24 00:00:00,1898.8115234374998,1903.9783575148808,1894.936397879464,1898.8115234375,896100,1701525006.1523438
2010-12-27 00:00:00,1903.9782254294498,1916.8953097268002,1903.9782254294498,1910.436767578125,976400,1865350459.8632812
2010-12-28 00:00:00,1909.7913818359375,1913.666508075713,1909.1455274626417,1909.7913818359375,526700,1005887120.8129883
2010-12-29 00:00:00,1912.3745906012857,1914.9580078125,1909.145319087268,1914.9580078125,798600,1529285465.0390625
2010-12-30 00:00:00,1914.3120256696427,1914.9578799293154,1898.8115234374998,1898.8115234375,1361800,2585801532.6171875
2011-01-04 00:00:00,1905.27074703866,1905.9166015291814,1889.1243847756205,1892.99951171875,2722900,5154448370.458984
2011-01-05 00:00:00,1892.35347483678,1892.9993292650518,1869.10271541899,1874.9154052734375,3193300,5987167363.659668
2011-01-06 00:00:00,1875.5613676421815,1888.478456951012,1869.1028229877663,1886.5408935546875,2103800,3968904731.8603516
2011-01-07 00:00:00,1894.9375021495619,1916.2507051389741,1892.3540836053908,1907.208740234375,1891600,3607676053.0273438
2011-01-11 00:00:00,1905.2703940519432,1907.8538115354033,1897.5201416015623,1897.5201416015625,1622800,3079295685.7910156
2011-01-12 00:00:00,1903.978685310213,1903.978685310213,1895.582578488967,1897.5201416015625,1259400,2389736866.333008
2011-01-13 00:00:00,1905.2703538566154,1916.2498779296875,1900.7493733559388,1916.2498779296875,1787900,3426063156.7504883
2011-01-14 00:00:00,1894.2905204630463,1913.0202937645904,1892.3529577077143,1902.040771484375,2279100,4334941122.290039
2011-01-17 00:00:00,1908.4999021368512,1908.4999021368512,1898.8120853747353,1905.2706298828125,1170400,2229928745.2148438
2011-01-18 00:00:00,1903.3326453786444,1904.6243539944428,1898.1658109154516,1899.45751953125,1400400,2660000310.3515625
2011-01-19 00:00:00,1902.6872409899731,1902.6872409899731,1895.5828419231402,1898.166259765625,1345400,2553792885.888672
2011-01-20 00:00:00,1896.8744270151908,1898.811990270569,1878.1446488798688,1882.019775390625,2989600,5626486320.5078125
2011-01-21 00:00:00,1891.7074887100664,1898.1660325431496,1878.1445466605917,1882.66552734375,2780700,5235128031.884766
2011-01-24 00:00:00,1886.5405701180487,1903.9786376953125,1885.8947157633352,1903.9786376953125,1399600,2664808501.3183594
2011-01-25 00:00:00,1907.2072952673414,1908.4990035607834,1899.4570455066885,1907.8531494140625,2106500,4018892659.2407227
2011-01-26 00:00:00,1843.2684873683538,1845.2060505996449,1796.1211154069347,1812.913330078125,14863000,26945330824.95117
2011-01-27 00:00:00,1817.4342433756046,1826.4762047854335,1816.142534602772,1818.7259521484375,4920200,8948495429.760742
2011-01-28 00:00:00,1821.9551174746225,1823.246826171875,1815.49657398836,1823.246826171875,2559600,4666782576.269531
2011-01-31 00:00:00,1818.7251472915934,1841.3300408126183,1814.8500226879892,1836.1632080078125,2738800,5028883794.091797
2011-02-01 00:00:00,1840.685157775879,1876.2071520487468,1832.9349044799806,1860.060791015625,5252000,9769039274.414062
2011-02-02 00:00:00,1867.1647444896612,1885.2486645331446,1860.7062016169887,1877.4984130859375,2287200,4294214370.4101562
2011-02-03 00:00:00,1874.9151883198713,1887.8322753906248,1867.1649360774193,1887.832275390625,2226300,4202880994.7021484
2011-02-04 00:00:00,1892.353059519892,1904.6242909638777,1891.061350946841,1901.39501953125,2515800,4783529590.136719
2011-02-07 00:00:00,1905.2697328271781,1911.728274294389,1903.332170387015,1907.8531494140625,1589500,3032532580.9936523
2011-02-08 00:00:00,1911.7291547452528,1913.0208636335942,1899.4579203060096,1904.624755859375,1546100,2944740335.0341797
2011-02-09 00:00:00,1910.4368733089684,1911.08272755958,1903.3324765522414,1905.9158935546875,1353000,2578704203.979492
2011-02-10 00:00:00,1903.332783340599,1909.1454725330202,1899.457657212318,1903.9786376953125,1896000,3609943497.0703125
2011-02-14 00:00:00,1906.5619645720794,1914.3122164605838,1906.5619645720794,1913.0205078125,1515600,2899373881.640625
2011-02-15 00:00:00,1912.375283114137,1914.9587012608633,1908.5001558940476,1913.6669921875,1472200,2817300545.8984375
2011-02-16 00:00:00,1914.3122911825476,1921.4166890243182,1910.4371650870364,1919.4791259765625,1568300,3010319113.269043
2011-02-17 00:00:00,1926.5835388791918,1944.0216064453127,1925.2918301705904,1944.0216064453125,2752700,5351308276.062012
2011-02-18 00:00:00,1953.7090894633543,1986.001801685889,1950.4798182411007,1973.084716796875,3125100,6166087048.461914
2011-02-21 00:00:00,1986.0020001210746,2002.1483578456364,1973.0849139414254,1979.54345703125,1889300,3739951453.3691406
2011-02-22 00:00:00,1973.0854736328126,1979.5440185546875,1950.48056640625,1953.7098388671875,2078800,4061372013.0371094
2011-02-23 00:00:00,1947.2509527143266,1963.3973121895697,1944.021680819278,1950.480224609375,1765100,3442792644.458008
2011-02-24 00:00:00,1947.2508782168165,1956.938693531328,1944.0216064453127,1944.0216064453125,1779800,3459969655.151367
2011-02-25 00:00:00,1940.7924089242292,1953.7094965044237,1940.7924089242292,1950.480224609375,1559200,3041188766.2109375
2011-02-28 00:00:00,1966.6261743523683,1976.3139880191286,1960.1676319078613,1973.084716796875,1948800,3845147496.09375
2011-03-01 00:00:00,1982.7723465582087,1998.9187011718748,1979.5430756354754,1998.918701171875,2562800,5122828847.363281
2011-03-02 00:00:00,2002.1488523020325,2011.8366693293005,1995.6903076171873,1995.6903076171875,2654500,5297559921.569824
2011-03-03 00:00:00,2008.6065673828125,2015.0651094001205,2002.1480253655045,2008.6065673828125,1723900,3462636861.5112305
2011-03-04 00:00:00,2034.441162109375,2053.816792224702,2008.6069886222717,2034.441162109375,3537100,7196021834.49707
2011-03-07 00:00:00,2027.9821934347367,2027.9821934347367,2002.1480253655045,2008.6065673828125,2116900,4252019242.492676
2011-03-08 00:00:00,2031.211890423487,2037.6704337952629,2024.7533470517112,2034.441162109375,2560100,5208372819.116211
2011-03-09 00:00:00,2044.1290759103235,2047.3583477522038,2034.4412603846822,2037.6705322265625,1635600,3332813922.5097656
2011-03-10 00:00:00,2040.8995361328127,2044.1288075507443,2034.4409932969493,2040.8995361328125,1580600,3225845806.8115234
2011-03-11 00:00:00,2018.2947998046875,2034.4411582031248,2018.2947998046875,2018.2947998046875,4183500,8443536294.98291
2011-03-14 00:00:00,1874.9154726969402,1973.0853493245443,1872.977909342448,1937.5633544921875,5081700,9846115698.52295
2011-03-15 00:00:00,1918.1878617926736,1944.0220417494775,1821.3096869546598,1873.6239013671875,7580500,14203005984.313965
2011-03-16 00:00:00,1911.729038783482,1937.5632149832588,1892.3534066336495,1916.8958740234375,6323500,12121491059.387207
2011-03-17 00:00:00,1885.894845564735,1947.2510134855056,1881.3738647705732,1932.3963623046875,4101400,7925530440.356445
2011-03-18 00:00:00,1937.5631607587065,1960.1680643008915,1937.5631607587065,1947.2509765625,2586300,5036175200.683594
2011-03-22 00:00:00,1992.4610587658954,1995.6903311463911,1947.2512454389544,1960.1683349609375,3124400,6124349945.751953
2011-03-23 00:00:00,1953.7094217598242,1960.1679653028318,1937.5630629023049,1944.0216064453125,3113100,6051933663.024902
2011-03-24 00:00:00,1963.3970712746307,1979.5434287686653,1953.7092567782097,1966.6263427734375,3284000,6458400909.667969
2011-03-25 00:00:00,1979.5439459050742,1995.6903076171873,1973.085401220229,1995.6903076171875,3095200,6177060640.136719
2011-03-28 00:00:00,2002.1484294953893,2002.1484294953893,1963.397169569672,1969.855712890625,3148300,6201696740.893555
2011-03-29 00:00:00,1936.6930171495187,1970.5188198463084,1931.3870088833557,1964.549560546875,3968300,7795922021.118164
2011-03-30 00:00:00,1964.5498689912954,1975.1618871897629,1956.590855342445,1969.192626953125,2669700,5257153556.176758
2011-03-31 00:00:00,1981.7941174545492,1983.1206195411987,1970.5188497180272,1979.14111328125,2197800,4349756338.769531
2011-04-01 00:00:00,1975.1618871897629,1987.7636588004432,1969.192626953125,1969.192626953125,1837100,3617603774.975586
2011-04-04 00:00:00,1969.1927805790285,1969.1927805790285,1947.3054913371598,1949.95849609375,2121400,4136641953.6132812
2011-04-05 00:00:00,1948.6321436624576,1956.5911585446731,1937.3568725793189,1953.27490234375,1720700,3361000124.4628906
2011-04-06 00:00:00,1965.2134246670735,1967.866429627812,1951.9483998633807,1953.27490234375,2007100,3920418056.4941406
2011-04-07 00:00:00,1963.2231303733986,1973.1718962367772,1959.2436240280472,1967.20263671875,1530500,3010803635.498047
2011-04-08 00:00:00,1969.855863478204,1981.131132730436,1956.590840828519,1973.172119140625,2446900,4828154858.325195
2011-04-11 00:00:00,1965.2132964395237,1987.7638371344085,1965.2132964395237,1987.1005859375,1018700,2024259366.8945312
2011-04-12 00:00:00,1987.7641168738144,1988.4273681640625,1971.846085907858,1988.4273681640625,1758800,3497246055.126953
2011-04-13 00:00:00,1981.1315731010563,1996.3863525390625,1979.1418192613164,1996.3863525390625,1571500,3137321153.0151367
2011-04-14 00:00:00,1985.1104152728317,1988.4266705606246,1957.2538708553714,1967.20263671875,2322300,4568434683.251953
2011-04-15 00:00:00,1967.8664042531582,1971.8459116429522,1953.9381283888788,1970.5194091796875,1166200,2298019734.9853516
2011-04-18 00:00:00,1965.21284758739,1976.4881153595754,1961.233341314854,1965.8760986328125,792300,1557563632.9467773
2011-04-19 00:00:00,1957.9171207526858,1966.539384495838,1941.9990953807128,1944.652099609375,1002600,1949708195.0683594
2011-04-20 00:00:00,1951.9483566750337,1961.897125057679,1949.2953517729948,1953.9381103515625,1200700,2346093489.099121
2011-04-21 00:00:00,1957.917508705508,1970.5192812886398,1955.2645039511647,1961.2337646484375,755400,1481515985.8154297
2011-04-22 00:00:00,1955.2641165240236,1957.2538696955203,1941.9990953807128,1944.652099609375,1088500,2116753810.4248047
2011-04-25 00:00:00,1945.9789622400297,1947.9687157801523,1930.0609339190478,1935.366943359375,1248200,2415725018.701172
2011-04-26 00:00:00,1936.0301960547683,1936.6934472353284,1918.1224141796472,1924.0916748046875,1788900,3442007597.0581055
2011-04-27 00:00:00,1923.4282507299151,1941.999282116273,1923.4282507299151,1938.019775390625,1157300,2242870286.0595703
2011-04-28 00:00:00,1938.683225878242,1949.95849609375,1925.4182020952912,1949.95849609375,1379100,2689187761.9628906
2011-05-02 00:00:00,1959.2435522807118,1967.2025646799564,1951.2845398814673,1964.549560546875,916100,1799723852.4169922
2011-05-06 00:00:00,1949.958067374958,1979.14111328125,1930.7237871185384,1979.14111328125,1963200,3885449833.59375
2011-05-09 00:00:00,1977.1513161055161,1981.130822276812,1965.2127975916285,1968.529052734375,853200,1679548987.7929688
2011-05-10 00:00:00,1977.1516259355305,1980.4678815979516,1963.8866032858457,1973.172119140625,1657200,3269940835.8398438
2011-05-11 00:00:00,1981.7941174545492,1986.4368747578228,1974.4983559779762,1979.14111328125,1751800,3467059402.2460938
2011-05-12 00:00:00,1979.8046451515925,1985.7739053882306,1969.192626953125,1969.192626953125,1208900,2380556966.723633
2011-05-13 00:00:00,1981.7940722226047,1981.7940722226047,1943.9887636159485,1957.2537841796875,1679200,3286620554.3945312
2011-05-16 00:00:00,1953.2748214170283,1969.1928505219548,1945.315806864565,1963.8868408203125,1082000,2124925561.7675781
2011-05-17 00:00:00,1966.5390986644102,1971.84510635052,1958.5800871352455,1967.8656005859375,1043700,2053861327.331543
2011-05-18 00:00:00,1973.83580902201,1999.702608938629,1973.1725577420966,1996.3863525390625,1688900,3371696910.8032227
2011-05-19 00:00:00,1996.3855619303386,1999.7018170166016,1985.1102946370443,1989.7530517578125,1046800,2082873494.5800781
2011-05-20 00:00:00,1983.1207562734767,1996.38577805457,1973.1719899376565,1986.43701171875,898600,1785012298.7304688
2011-05-23 00:00:00,1989.7530517578125,1999.7018170166016,1986.4367966715495,1989.7530517578125,1081600,2152116900.78125
2011-05-24 00:00:00,1993.0695084849929,2016.283296437397,1989.7532530632209,2012.967041015625,1442800,2904308846.7773438
2011-05-25 00:00:00,2039.4974082921926,2042.8136642406353,2029.548640446865,2036.18115234375,1432200,2916218646.3867188
2011-05-26 00:00:00,2046.129920189078,2049.4461761375205,2029.548640446865,2036.18115234375,1475700,3004792526.513672
2011-05-27 00:00:00,2036.1809732275071,2039.4972288842296,2019.5996949438957,2029.5484619140625,904400,1835523628.9550781
2011-05-30 00:00:00,2026.2323844984223,2039.4974082921926,2026.2323844984223,2036.18115234375,899500,1831544946.5332031
2011-05-31 00:00:00,2036.1805368565433,2049.445556640625,2029.5480269645025,2049.445556640625,1307300,2679240176.196289
2011-06-01 00:00:00,2046.1293016946045,2049.445556640625,2029.5480269645025,2049.445556640625,964200,1976075405.7128906
2011-06-02 00:00:00,2019.5994456898081,2042.8132324218748,2019.5994456898081,2042.813232421875,1365700,2789870031.5185547
2011-06-03 00:00:00,2032.8646889544548,2042.8134557845747,2026.232177734375,2026.232177734375,752200,1524131844.0917969
2011-06-06 00:00:00,2026.232004616477,2029.5482599431816,2006.3344726562498,2006.33447265625,849200,1703779234.1796875
2011-06-07 00:00:00,2006.3342235045284,2026.2317529938296,2006.3342235045284,2019.5992431640625,764300,1543579701.550293
2011-06-08 00:00:00,2009.6508996841756,2026.232177734375,2006.3346440741357,2026.232177734375,546700,1107741131.5673828
2011-06-09 00:00:00,2026.2319561846843,2042.8132324218748,2022.9157009372461,2042.813232421875,1034500,2113290288.9404297
2011-06-10 00:00:00,2052.76190472422,2052.76190472422,2032.86437414531,2046.12939453125,3058800,6258700591.9921875
2011-06-13 00:00:00,2042.813447980183,2046.1297035775533,2029.548425590701,2039.4971923828125,600600,1224922013.7451172
2011-06-14 00:00:00,2042.8132324218748,2046.129487669313,2032.8644666795606,2042.813232421875,820600,1676332538.5253906
2011-06-15 00:00:00,2049.4457077001716,2056.0782180810784,2039.4969421288115,2052.761962890625,1220400,2505190699.5117188
2011-06-16 00:00:00,2049.445649627735,2052.76190472422,2042.813139434765,2046.12939453125,870600,1781360250.8789062
2011-06-17 00:00:00,2046.1297401976742,2052.762251511119,2029.5484619140625,2029.5484619140625,829800,1684119313.696289
2011-06-20 00:00:00,2046.1298457976309,2062.711124936996,2042.813589969758,2056.07861328125,1518100,3121332942.8222656
2011-06-21 00:00:00,2066.0269484933933,2066.0269484933933,2049.4456728233017,2062.710693359375,1203500,2482472319.458008
2011-06-22 00:00:00,2066.027400390625,2079.2924238281253,2056.0786328125,2072.659912109375,1581000,3276875321.044922
2011-06-23 00:00:00,2062.7112379807695,2075.976262019231,2059.394981971154,2069.34375,797800,1650922443.75
2011-06-24 00:00:00,2072.659912109375,2079.2924238281253,2066.027400390625,2072.659912109375,683600,1416870315.9179688
2011-06-27 00:00:00,2075.9760537754123,2075.9760537754123,2056.0785197136674,2059.394775390625,801200,1649987094.0429688
2011-06-28 00:00:00,2075.9761110553773,2075.9761110553773,2059.394832213082,2066.02734375,749900,1549313905.078125
2011-06-29 00:00:00,2075.976187375992,2089.2412109375,2066.027419704861,2089.2412109375,1124200,2348724969.3359375
2011-06-30 00:00:00,2079.292236328125,2089.241003009121,2075.975980767793,2079.292236328125,1063800,2211951081.0058594
2011-07-01 00:00:00,2079.2924238281253,2082.6086796875,2069.34365625,2072.659912109375,683300,1416248517.944336
2011-07-04 00:00:00,2085.924747448789,2085.924747448789,2072.659725207461,2079.292236328125,1102500,2292419690.551758
2011-07-05 00:00:00,2082.6085490361684,2085.9248046875,2079.2922933848367,2085.9248046875,1018900,2125348783.4960938
2011-07-06 00:00:00,2082.6083984375,2085.9246538490247,2066.027121379877,2082.6083984375,1129800,2352930968.5546875
2011-07-07 00:00:00,2075.9758876144506,2082.6083984375,2075.9758876144506,2082.6083984375,565600,1177923310.15625
2011-07-08 00:00:00,2092.557164672074,2092.557164672074,2082.6083984375,2082.6083984375,1451600,3023114351.171875
2011-07-11 00:00:00,2082.6087740384614,2082.6087740384614,2066.0274939903848,2069.34375,537000,1111237593.75
2011-07-12 00:00:00,2059.394795670677,2082.608585637979,2059.394795670677,2075.97607421875,1291300,2680707904.638672
2011-07-13 00:00:00,2092.557466827877,2095.8737227182537,2079.292443266369,2089.2412109375,1286100,2686973121.3867188
2011-07-14 00:00:00,2082.6078768819334,2095.8728952060223,2069.342858557845,2092.556640625,1318100,2758198908.0078125
2011-07-15 00:00:00,2092.5574126578344,2129.036226507654,2089.2411568533057,2125.719970703125,2273900,4833674641.381836
2011-07-19 00:00:00,2129.0356200022075,2142.300639441474,2109.1380908433084,2112.454345703125,721400,1523924564.9902344
2011-07-20 00:00:00,2135.6681297218406,2135.6681297218406,2105.821835983492,2112.454345703125,1015100,2144352406.3232422
2011-07-21 00:00:00,2129.036376953125,2135.6688890308606,2119.0876088365217,2129.036376953125,1420200,3023657462.548828
2011-07-22 00:00:00,2138.9852957480803,2138.9852957480803,2129.0365269306476,2132.352783203125,991100,2113374843.4326172
2011-07-25 00:00:00,2125.719933930391,2138.984956919036,2125.719933930391,2135.668701171875,904500,1931712340.209961
2011-07-26 00:00:00,2132.352632991993,2135.6688890308606,2125.720120914257,2129.036376953125,588400,1252725004.1992188
2011-07-27 00:00:00,2125.719970703125,2129.036226507654,2112.4549474850087,2125.719970703125,1063900,2261553476.8310547
2011-07-28 00:00:00,2115.7706005629416,2119.0868554227577,2109.1380908433084,2112.454345703125,553300,1168820989.477539
2011-07-29 00:00:00,2099.1898641860525,2109.1386313148964,2075.97607421875,2075.97607421875,1432800,2974458519.140625
2011-08-01 00:00:00,2079.292462398499,2122.403789370079,2075.9762064776082,2105.822509765625,1411000,2971315561.279297
2011-08-02 00:00:00,2102.505881534869,2129.0359242040786,2099.189626201218,2119.087158203125,1212600,2569605088.0371094
2011-08-03 00:00:00,2119.086910507054,2119.086910507054,2029.5480269645025,2049.445556640625,2732300,5599700094.40918
2011-08-04 00:00:00,2056.078066532666,2066.026831370727,2042.8130467485842,2049.445556640625,2132600,4370647594.091797
2011-08-05 00:00:00,2022.9156661765448,2056.0782180810784,2016.283155795638,2052.761962890625,2620300,5378852171.362305
2011-08-08 00:00:00,2029.5481765574516,2056.0782180810784,2019.5994109860915,2052.761962890625,2502900,5137857916.918945
2011-08-09 00:00:00,2003.018444764478,2032.86474609375,1999.7021890612255,2032.86474609375,3195500,6496019296.142578
2011-08-10 00:00:00,2072.659912109375,2072.659912109375,2072.659912109375,2072.659912109375,3150400,6529707787.109375
2011-08-11 00:00:00,2062.710522805877,2115.7706005629416,2062.710522805877,2112.454345703125,2774600,5861215827.587891
2011-08-12 00:00:00,2112.454345703125,2112.454345703125,2112.454345703125,2112.454345703125,3720200,7858752656.884766
2011-08-15 00:00:00,2135.668363917151,2142.300874364099,2125.7195982467297,2138.984619140625,2240600,4792608937.646484
2011-08-16 00:00:00,2115.771352797654,2145.617657147464,2115.771352797654,2129.036376953125,2162900,4604892779.711914
2011-08-17 00:00:00,2109.1389892957814,2135.669039475603,2105.822733023304,2132.352783203125,1608400,3429676216.5039062
2011-08-18 00:00:00,2132.352783203125,2132.352783203125,2132.352783203125,2132.352783203125,3217000,6859778903.564453
2011-08-19 00:00:00,2125.7199903553114,2152.250037036813,2125.7199903553114,2142.30126953125,1909400,4090510044.0429688
2011-08-22 00:00:00,2115.771501840737,2142.301552020558,2112.455245568259,2132.352783203125,1888500,4026948231.0791016
2011-08-23 00:00:00,2132.3518896484375,2155.565673828125,2129.0356347656248,2155.565673828125,2185900,4711851006.420898
2011-08-24 00:00:00,2155.566235654843,2158.882491402004,2129.036189677552,2135.668701171875,1508900,3222510503.198242
2011-08-25 00:00:00,2132.352502025687,2152.250037036813,2132.352502025687,2142.30126953125,1213100,2598825670.0683594
2011-08-26 00:00:00,2142.3012497257705,2145.6175055302992,2119.087459094067,2125.719970703125,1363400,2898206608.0566406
2011-08-29 00:00:00,2125.7199903553114,2148.9337812016256,2115.7712228497485,2142.30126953125,1367200,2928954295.703125
2011-08-30 00:00:00,2148.9339394144495,2155.566451573136,2129.0364029383895,2143.6279296875,1183700,2537412380.3710938
2011-08-31 00:00:00,2145.617466453548,2172.1475124066055,2142.3012107094155,2158.21923828125,1868000,4031553537.109375
2011-09-01 00:00:00,2168.83154296875,2175.464055332569,2148.9340058772937,2168.83154296875,1559400,3382075908.1054688
2011-09-02 00:00:00,2145.617525366438,2152.250037036813,2132.352502025687,2142.30126953125,1252200,2682589649.7070312
2011-09-05 00:00:00,2129.0358185944733,2152.2496047785253,2129.0358185944733,2148.933349609375,1227600,2638030579.9804688
2011-09-06 00:00:00,2148.9337075824387,2165.514986190328,2148.9337075824387,2162.19873046875,1652700,3573465841.845703
2011-09-07 00:00:00,2165.5144384765626,2168.830693359375,2145.6169091796874,2155.565673828125,1488200,3207912835.7910156
2011-09-08 00:00:00,2158.8824802283925,2188.7287817983706,2155.566224498395,2182.759521484375,1452400,3170239929.0039062
2011-09-09 00:00:00,2172.1473675239376,2188.728645138624,2172.1473675239376,2175.463623046875,3411000,7420506418.212891
2011-09-12 00:00:00,2168.8312419119056,2178.7800090766395,2155.5662190255944,2162.19873046875,1208900,2613882045.263672
2011-09-13 00:00:00,2155.5660903564003,2165.514856927276,2138.9848127382743,2152.9130859375,1189600,2561105407.03125
2011-09-14 00:00:00,2148.933811033639,2158.882578677313,2129.0362757462904,2134.34228515625,1300100,2774858404.9316406
2011-09-15 00:00:00,2162.19869394084,2175.4637166030534,2152.2499269441796,2172.1474609375,968100,2102855956.9335938
2011-09-16 00:00:00,2175.464236802789,2178.78049326133,2158.882954510085,2164.18896484375,890500,1927210273.1933594
2011-09-20 00:00:00,2162.1987673343606,2172.147534668721,2148.93374422188,2152.25,1056300,2273421675.0
2011-09-21 00:00:00,2155.566235654843,2158.882491402004,2135.668701171875,2135.668701171875,1122100,2396433849.584961
2011-09-22 00:00:00,2132.352783203125,2142.301552020558,2125.7202706581697,2132.352783203125,1648400,3514970327.8320312
2011-09-26 00:00:00,2148.9332436615564,2152.2494986672073,2105.8219285880996,2109.13818359375,2260600,4767917777.832031
2011-09-27 00:00:00,2125.7204983989272,2132.353011654462,2102.5067020045553,2115.771728515625,2132500,4511883211.05957
2011-09-28 00:00:00,2105.599429859835,2115.7714077818628,2064.911518171722,2075.08349609375,2737700,5680956087.255859
2011-09-29 00:00:00,2064.911518171722,2081.8648147084355,2058.1301995570366,2075.08349609375,1613500,3348147220.9472656
2011-09-30 00:00:00,2102.2085703125,2129.3338421875,2098.817911328125,2119.161865234375,2323300,4923448761.499023
2011-10-03 00:00:00,2081.864051734744,2159.849187223179,2081.864051734744,2153.06787109375,1959200,4218290573.046875
2011-10-04 00:00:00,2159.85006321635,2183.5846792956504,2149.6780848966496,2163.24072265625,2554300,5525565777.880859
2011-10-05 00:00:00,2163.239845287894,2166.6305033526082,2136.114580770177,2153.06787109375,1156900,2490884220.0683594
2011-10-06 00:00:00,2149.677934876963,2166.6312308933425,2105.599365234375,2105.599365234375,1850600,3896622185.3027344
2011-10-07 00:00:00,2108.989881990797,2108.989881990797,2088.6459281452267,2095.42724609375,1153900,2417913499.267578
2011-10-11 00:00:00,2129.333621923116,2132.7242805567516,2078.473742418583,2092.036376953125,1379200,2885336571.09375
2011-10-12 00:00:00,2102.2090892302685,2122.553048158303,2095.4277695875903,2115.771728515625,884400,1871188516.6992188
2011-10-13 00:00:00,2122.552517887844,2122.552517887844,2078.4739512224414,2095.42724609375,835900,1751567635.0097656
2011-10-14 00:00:00,2108.989670121303,2112.380328754938,2088.6457183194893,2092.036376953125,1575000,3294957293.701172
2011-10-17 00:00:00,2125.9427937694686,2125.9427937694686,2098.817526863319,2108.989501953125,1002200,2113629278.8574219
2011-10-18 00:00:00,2108.989670121303,2108.989670121303,2088.6457183194893,2092.036376953125,621200,1299572997.3632812
2011-10-19 00:00:00,2122.552806340382,2139.506103515625,2112.380828035237,2139.506103515625,2578200,5516074636.083984
2011-10-20 00:00:00,2132.724501171875,2136.11516015625,2115.77120625,2119.161865234375,1282100,2716977427.416992
2011-10-21 00:00:00,2139.5057848848096,2139.5057848848096,2112.3805134441145,2122.552490234375,641400,1361405167.2363281
2011-10-24 00:00:00,2136.114846553529,2149.6774804999004,2125.94287109375,2125.94287109375,1030900,2191634505.810547
2011-10-25 00:00:00,2132.724212202772,2132.724212202772,2095.4269684281603,2098.817626953125,787900,1653658408.2763672
2011-10-26 00:00:00,2105.599429859835,2108.9900891671773,2075.08349609375,2075.08349609375,1009500,2094796789.3066406
2011-10-27 00:00:00,2081.8646101967033,2098.817905068012,2075.0832922481795,2095.42724609375,778000,1630242397.4609375
2011-10-28 00:00:00,2122.5522126071573,2125.94287109375,2092.036286227821,2125.94287109375,1293400,2749694509.4726562
2011-10-31 00:00:00,2112.3810686942857,2139.506347264999,2108.990408872947,2115.771728515625,921100,1948837339.1357422
2011-11-01 00:00:00,2098.817728017832,2102.2083867060674,2081.864434576654,2088.645751953125,1195900,2497811454.760742
2011-11-02 00:00:00,2071.6928367864075,2088.646133323121,2058.1301995570366,2075.08349609375,1480800,3072783641.015625
2011-11-04 00:00:00,2078.4739512224414,2108.989881990797,2078.4739512224414,2095.42724609375,1280000,2682146875.0
2011-11-07 00:00:00,2092.0365871194886,2098.817905068012,2081.8646101967033,2095.42724609375,1012200,2120991458.4960938
2011-11-08 00:00:00,2071.692425151312,2105.599011487667,2068.3017665176762,2092.036376953125,1145100,2395590855.2490234
2011-11-09 00:00:00,2102.2082854780897,2108.989602528019,2088.645651378231,2098.817626953125,877800,1842342112.9394531
2011-11-10 00:00:00,2071.6928367864075,2088.646133323121,2064.911518171722,2075.08349609375,1414100,2934375571.826172
2011-11-11 00:00:00,2075.083155752018,2081.8644732544753,2047.9578857421875,2047.9578857421875,1511900,3096307527.4536133
2011-11-14 00:00:00,2054.7394825190454,2064.9114601552783,2025.5798132951777,2044.5675048828125,1165900,2383761253.942871
2011-11-15 00:00:00,2041.1768456707348,2058.130141731123,2037.786186458657,2044.5675048828125,670600,1371086968.774414
2011-11-16 00:00:00,2041.1761474609373,2054.73877966998,2041.1761474609373,2041.1761474609375,631400,1288798619.506836
2011-11-17 00:00:00,2044.566805513198,2051.3481216177192,2034.394831356416,2041.1761474609375,791800,1616203273.5595703
2011-11-18 00:00:00,2034.3956016563438,2044.5675796646256,2030.3268104530312,2032.3612060546875,1094000,2223403159.423828
2011-11-21 00:00:00,2015.4074968464145,2025.5794727726245,2006.5917843770324,2020.1544189453125,919400,1857329972.7783203
2011-11-22 00:00:00,2011.3383913539365,2012.6946545982748,1985.5693897115057,1995.063232421875,1172500,2339211640.0146484
2011-11-24 00:00:00,1974.7197140381284,1977.432241117851,1953.0194974003466,1956.41015625,1513500,2961026771.484375
2011-11-25 00:00:00,1922.5038195371046,1965.9042584966724,1920.4694239608748,1945.560302734375,1842600,3584889413.8183594
2011-11-28 00:00:00,1966.581425970611,1979.4659249683496,1949.628137815692,1958.44384765625,1193300,2337011043.408203
2011-11-29 00:00:00,1977.4325453618283,1993.70771034423,1960.4792485051596,1986.9263916015625,1132000,2249200675.2929688
2011-11-30 00:00:00,1985.5701931899678,2010.661073363475,1976.7544785344112,2009.3048095703125,1226800,2465015140.3808594
2011-12-01 00:00:00,2037.7857175985753,2047.9576928944086,1988.2821044921873,1988.2821044921875,1601500,3184233790.3442383
2011-12-02 00:00:00,2001.1666004212752,2033.038789584203,1997.7759419996871,2031.00439453125,1370400,2783288422.265625
2011-12-05 00:00:00,2033.7163516490916,2064.910400390625,2033.0382201547104,2064.910400390625,657900,1358504552.4169922
2011-12-06 00:00:00,2061.5205207471026,2071.692497000789,2041.17656823973,2047.9578857421875,763400,1563411049.975586
2011-12-07 00:00:00,2081.863687750154,2088.6450026939656,2054.7384279749076,2064.910400390625,1121900,2316622978.198242
2011-12-08 00:00:00,2071.692425151312,2098.817694220396,2068.3017665176762,2092.036376953125,1328500,2779270326.7822266
2011-12-09 00:00:00,2058.1299238344973,2088.645853512439,2058.1299238344973,2078.473876953125,3864600,8032470144.873047
2011-12-12 00:00:00,2081.864990234375,2095.4276286072377,2075.083671047944,2081.864990234375,1017300,2117881254.5654297
2011-12-13 00:00:00,2071.6930114547285,2095.4276286072377,2064.911692268297,2081.864990234375,773000,1609281637.4511719
2011-12-14 00:00:00,2081.8642244664634,2092.0361995045732,2075.08290777439,2085.2548828125,832500,1735974689.9414062
2011-12-15 00:00:00,2092.036969014022,2095.4276286072377,2075.083671047944,2081.864990234375,825400,1718371362.9394531
2011-12-16 00:00:00,2085.254771330938,2102.208062154767,2071.692138671875,2071.692138671875,1690100,3501366883.569336
2011-12-19 00:00:00,2071.6925592469156,2095.427171218648,2071.6925592469156,2078.473876953125,878200,1825315758.7402344
2011-12-20 00:00:00,2088.6459281452267,2098.817905068012,2078.4739512224414,2095.42724609375,628000,1315928310.546875
2011-12-21 00:00:00,2102.208185226588,2115.7708186796626,2095.42686850005,2108.989501953125,916900,1933732474.3408203
2011-12-22 00:00:00,2112.380828035237,2142.8967629506737,2112.380828035237,2139.506103515625,1303800,2789488057.763672
2011-12-26 00:00:00,2142.895896899606,2163.239845287894,2142.895896899606,2153.06787109375,867500,1867786378.1738281
2011-12-27 00:00:00,2156.459120352057,2156.459120352057,2142.896484375,2142.896484375,506000,1084305621.09375
2011-12-28 00:00:00,2146.2874940116453,2159.8501322044517,2142.8968344634436,2156.45947265625,1000700,2157968994.2871094
2011-12-29 00:00:00,2146.286489250147,2166.6304370155513,2139.505173328346,2159.84912109375,810700,1750989682.4707031
2011-12-30 00:00:00,2163.2397790546506,2170.0210949764523,2153.0678051719487,2159.84912109375,628800,1358113127.34375
2012-01-04 00:00:00,2176.8024108982536,2180.193068859154,2156.4584631328494,2159.84912109375,850100,1836087737.8417969
2012-01-05 00:00:00,2149.6772130290356,2163.239845287894,2146.2865549643207,2153.06787109375,720900,1552146628.2714844
2012-01-06 00:00:00,2156.4586960565475,2156.4586960565475,2125.9427711123512,2136.11474609375,694300,1483104468.2128906
2012-01-10 00:00:00,2146.2871433692644,2159.849779346321,2142.896484375,2142.896484375,749600,1606315204.6875
2012-01-11 00:00:00,2146.2874940116453,2159.8501322044517,2142.8968344634436,2156.45947265625,816900,1761611743.2128906
2012-01-12 00:00:00,2139.5056827708913,2142.8963415391495,2125.9430476978587,2132.724365234375,600600,1280914253.7597656
2012-01-13 00:00:00,2139.505825380736,2149.6778023635284,2119.1618714151505,2142.896484375,1722800,3691782063.28125
2012-01-16 00:00:00,2129.333529580343,2132.7241880669358,2115.7708956339716,2125.94287109375,361000,767465376.4648438
2012-01-17 00:00:00,2129.333706466117,2132.724365234375,2122.5523889296005,2132.724365234375,511200,1090248695.5078125
2012-01-18 00:00:00,2129.3341962706368,2166.631451300855,2119.162217626032,2156.45947265625,1242000,2678322665.0390625
2012-01-19 00:00:00,2146.2867210751488,2149.677379402282,2136.11474609375,2136.11474609375,985200,2104500247.8515625
2012-01-20 00:00:00,2146.2867210751488,2149.677379402282,2136.11474609375,2136.11474609375,666100,1422866032.3730469
2012-01-23 00:00:00,2122.552490234375,2125.943149164462,2112.3805134441145,2122.552490234375,813600,1726908706.0546875
2012-01-24 00:00:00,2125.9430814123457,2139.5057167004625,2122.5524225903164,2129.333740234375,1156300,2462148603.833008
2012-01-25 00:00:00,2125.9431081464213,2125.9431081464213,2092.036519499748,2102.20849609375,1809100,3803105390.283203
2012-01-26 00:00:00,2105.5997490516074,2125.9437079796426,2105.5997490516074,2115.771728515625,696700,1474058163.256836
2012-01-27 00:00:00,2129.333429439484,2146.2867210751488,2125.9427711123512,2136.11474609375,1309400,2797028648.5351562
2012-01-30 00:00:00,2136.1151663864716,2146.2871433692644,2129.3338483979433,2142.896484375,583500,1250380098.6328125
2012-01-31 00:00:00,2149.678081820771,2163.240719560965,2136.1154440805767,2139.506103515625,946400,2024828576.3671875
2012-02-01 00:00:00,2153.068741255819,2159.850060125916,2129.3341252104797,2139.506103515625,746900,1597997108.7158203
2012-02-02 00:00:00,2153.0688131080483,2159.8501322044517,2139.506174915242,2156.45947265625,1002000,2160772391.6015625
2012-02-03 00:00:00,2156.4591140625002,2156.4591140625002,2115.77120625,2119.161865234375,1175900,2491922437.3291016
2012-02-06 00:00:00,2122.553048158303,2122.553048158303,2105.5997490516074,2115.771728515625,964200,2040027100.6347656
2012-02-07 00:00:00,2115.771728515625,2125.9437079796426,2108.990408872947,2115.771728515625,893700,1890865193.774414
2012-02-08 00:00:00,2115.77120625,2122.55252421875,2112.380547265625,2119.161865234375,680400,1441877733.1054688
2012-02-09 00:00:00,2122.55252421875,2129.3338421875,2119.161865234375,2119.161865234375,690400,1463069351.7578125
2012-02-10 00:00:00,2115.7711049462578,2132.7243990564043,2112.3804461242285,2129.333740234375,986700,2101013601.4892578
2012-02-13 00:00:00,2153.067904210617,2159.8492204443514,2136.1146136262814,2149.67724609375,788200,1694375605.3710938
2012-02-14 00:00:00,2156.4586960565475,2156.4586960565475,2136.11474609375,2136.11474609375,930500,1987654771.2402344
2012-02-15 00:00:00,2136.1151663864716,2153.068461357793,2129.3338483979433,2142.896484375,1248800,2676049129.6875
2012-02-16 00:00:00,2142.8967629506737,2149.678081820771,2136.1154440805767,2139.506103515625,898400,1922132283.3984375
2012-02-17 00:00:00,2149.6778023635284,2159.849779346321,2142.896484375,2142.896484375,1347700,2887981591.9921875
2012-02-20 00:00:00,2159.84912109375,2163.2397790546506,2149.677147211048,2159.84912109375,873100,1885764267.6269531
2012-02-21 00:00:00,2156.4590590264233,2176.8030124134652,2156.4590590264233,2173.412353515625,1226800,2666342275.2929688
2012-02-22 00:00:00,2183.5843033753854,2214.100233080942,2183.5843033753854,2200.53759765625,1692200,3723749722.7539062
2012-02-23 00:00:00,2197.1471144153224,2217.4910691784276,2193.7564552881386,2207.319091796875,1213300,2678140254.0771484
2012-02-24 00:00:00,2210.709750924059,2214.100410051243,2197.1471144153224,2207.319091796875,1197400,2643043880.517578
2012-02-27 00:00:00,2210.7096150405537,2231.053568553197,2197.1469793654583,2220.881591796875,1235600,2744121294.8242188
2012-02-28 00:00:00,2217.490798232407,2234.444091796875,2214.1001395195135,2234.444091796875,942700,2106410445.336914
2012-02-29 00:00:00,2237.8350292078267,2258.1789840188067,2231.0537109375,2231.0537109375,1577700,3519933439.7460938
2012-03-01 00:00:00,2234.4449291694455,2244.6169091201414,2217.49162925162,2224.27294921875,1345900,2993648962.3535156
2012-03-02 00:00:00,2231.053507977221,2251.3974609375,2231.053507977221,2251.3974609375,1091500,2457400328.6132812
2012-03-05 00:00:00,2254.787775179793,2271.741066722498,2251.397116871252,2261.569091796875,995200,2250713560.15625
2012-03-06 00:00:00,2258.178334159282,2271.740966796875,2244.6157015216886,2271.740966796875,1511500,3433736471.3134766
2012-03-07 00:00:00,2244.6161432840736,2268.350755071065,2244.6161432840736,2251.3974609375,1078600,2428357301.3671875
2012-03-08 00:00:00,2248.0062815730735,2258.1782556978383,2244.6156235314847,2254.78759765625,1164200,2625023721.1914062
2012-03-09 00:00:00,2271.741523057401,2271.741523057401,2244.6162511402977,2264.960205078125,3858500,8739348951.293945
2012-03-12 00:00:00,2271.741000005839,2275.131658214803,2261.569025378947,2268.350341796875,1051200,2384489879.296875
2012-03-13 00:00:00,2261.5698586770363,2271.741837051896,2258.17919921875,2258.17919921875,1308600,2955053300.0976562
2012-03-14 00:00:00,2264.9605181353227,2268.351177593609,2258.17919921875,2258.17919921875,789900,1783735749.4628906
2012-03-15 00:00:00,2258.178367169983,2271.741000005839,2254.7877089610192,2268.350341796875,1057300,2398326816.381836
2012-03-16 00:00:00,2271.7416650172318,2278.5229834202682,2264.9603466141953,2275.13232421875,816800,1858328082.421875
2012-03-19 00:00:00,2275.132012603896,2285.30398881524,2271.7413538667815,2281.913330078125,553000,1261898071.5332031
2012-03-21 00:00:00,2281.91294127507,2285.303599434468,2271.740966796875,2271.740966796875,1111000,2523904214.111328
2012-03-22 00:00:00,2275.132012603896,2285.30398881524,2271.7413538667815,2281.913330078125,1263300,2882741109.8876953
2012-03-23 00:00:00,2271.7413538667815,2285.30398881524,2271.7413538667815,2281.913330078125,1073200,2448949385.8398438
2012-03-26 00:00:00,2278.522705078125,2285.3040226527623,2275.1320462908066,2278.522705078125,958600,2184191865.0878906
2012-03-27 00:00:00,2285.3040975235413,2295.47607421875,2278.5227797267353,2295.47607421875,1699600,3901391135.7421875
2012-03-28 00:00:00,2281.584529111433,2288.529991909337,2257.275409318769,2267.693603515625,1992900,4519286582.446289
2012-03-29 00:00:00,2253.803330167718,2271.1669921875,2250.3305977637615,2271.1669921875,1073100,2437189299.3164062
2012-03-30 00:00:00,2274.639664391979,2285.057861328125,2271.1669320799297,2285.057861328125,1581800,3614504525.048828
2012-04-02 00:00:00,2288.530622317467,2295.4760870285977,2250.33056640625,2250.33056640625,1440700,3242051247.0214844
2012-04-03 00:00:00,2239.9123982874953,2239.9123982874953,2215.603271484375,2215.603271484375,1076900,2385983163.0615234
2012-04-04 00:00:00,2208.657622424586,2222.548550867508,2201.712158203125,2201.712158203125,1262500,2779661599.7314453
2012-04-05 00:00:00,2205.184814453125,2236.4394023745076,2201.71208246186,2205.184814453125,1240200,2734870206.8847656
2012-04-06 00:00:00,2205.18473883095,2219.075666319649,2198.2392750866006,2208.657470703125,862100,1904083605.493164
2012-04-09 00:00:00,2205.1844579303074,2208.657189360119,2173.929875062004,2187.82080078125,895600,1959412309.1796875
2012-04-10 00:00:00,2187.82080078125,2201.7117265004963,2170.4571436321926,2187.82080078125,859700,1880869542.4316406
2012-04-11 00:00:00,2170.457763671875,2191.294158203125,2166.98503125,2170.457763671875,982500,2132474752.8076172
2012-04-12 00:00:00,2173.93049609375,2177.403228515625,2156.566833984375,2170.457763671875,763800,1657795639.8925781
2012-04-13 00:00:00,2173.93049609375,2180.8759609375,2156.566833984375,2170.457763671875,2552100,5539225258.666992
2012-04-16 00:00:00,2153.094509721945,2184.349107443715,2153.094509721945,2173.930908203125,822900,1788927744.3603516
2012-04-17 00:00:00,2170.4581751229284,2184.349107443715,2156.5672428021417,2173.930908203125,778000,1691318246.5820312
2012-04-18 00:00:00,2170.4572363744805,2201.711820578273,2166.9845047962817,2194.766357421875,1164500,2555805423.2177734
2012-04-19 00:00:00,2180.8759609375,2184.348693359375,2160.03956640625,2170.457763671875,992100,2153311147.338867
2012-04-20 00:00:00,2166.9846947732744,2180.8756223038727,2160.0392310079756,2163.511962890625,631900,1367123209.350586
2012-04-23 00:00:00,2177.40283203125,2184.348295610297,2170.457368452203,2177.40283203125,680400,1481504886.9140625
2012-04-24 00:00:00,2170.457747971513,2173.9304803682676,2156.5668183844955,2160.03955078125,930100,2009052786.1816406
2012-04-25 00:00:00,2187.82112060935,2198.2393164217756,2173.9301928594496,2184.348388671875,1027600,2244636404.1992188
2012-04-26 00:00:00,2194.7664909788678,2208.657418136962,2166.9846366626793,2177.40283203125,1072500,2335264537.3535156
2012-04-27 00:00:00,2170.4578399658203,2198.239700317383,2163.5123748779297,2166.985107421875,1165600,2525837841.2109375
2012-05-01 00:00:00,2170.457763671875,2177.403228515625,2160.03956640625,2170.457763671875,693500,1505212459.1064453
2012-05-02 00:00:00,2177.4030003638786,2191.293928595865,2166.9848041898886,2180.875732421875,681300,1485830636.4990234
2012-05-07 00:00:00,2146.1486211942324,2170.457747971513,2142.675888797478,2160.03955078125,798600,1725007585.2539062
2012-05-08 00:00:00,2170.4571631646922,2173.929894625756,2153.093505859375,2153.093505859375,767000,1651422718.9941406
2012-05-09 00:00:00,2153.0934118375812,2160.038874456412,2132.2570239810884,2146.14794921875,1014100,2176408635.3027344
2012-05-10 00:00:00,2166.9848041898886,2208.657588885848,2156.566608015899,2180.875732421875,1494900,3260191132.397461
2012-05-11 00:00:00,2219.075927734375,2229.4941245781984,2201.7122663280024,2219.075927734375,2762700,6130641065.551758
2012-05-14 00:00:00,2219.0758518218995,2222.548583984375,2194.76672668457,2222.548583984375,1179200,2620829290.234375
2012-05-15 00:00:00,2212.130554675312,2226.021484375,2198.2396249756243,2226.021484375,1804400,4016633166.40625
2012-05-16 00:00:00,2153.0941333800233,2246.85791015625,2149.62140090683,2246.85791015625,2298000,5163279477.5390625
2012-05-17 00:00:00,2236.439665887049,2236.439665887049,2208.6578066834836,2215.603271484375,1794200,3975235389.6972656
2012-05-18 00:00:00,2194.766263640873,2208.657189360119,2177.4026064918157,2187.82080078125,1324200,2897112304.3945312
2012-05-21 00:00:00,2187.8215482449646,2215.6034091750594,2180.8760830124406,2198.23974609375,1161600,2553475289.0625
2012-05-22 00:00:00,2201.711931692749,2222.548322213501,2194.766468185832,2212.130126953125,1177400,2604562011.4746094
2012-05-23 00:00:00,2215.603086646047,2222.548550867508,2194.766693981664,2201.712158203125,1352900,2978696378.833008
2012-05-24 00:00:00,2187.82112060935,2205.184780296726,2177.4029247969247,2184.348388671875,1262400,2757521405.859375
2012-05-25 00:00:00,2194.766468185832,2219.0755904600423,2194.766468185832,2212.130126953125,975600,2158154151.8554688
2012-05-28 00:00:00,2239.91214312716,2278.1121951804917,2236.439411122312,2260.74853515625,1815700,4104841115.283203
2012-05-29 00:00:00,2250.330611349454,2250.330611349454,2208.65782225039,2226.021484375,1306700,2908742273.6328125
2012-05-30 00:00:00,2229.494140625,2243.385069850078,2208.657746787383,2229.494140625,1082800,2414096255.46875
2012-05-31 00:00:00,2212.130463171826,2239.9123214220217,2205.184998609277,2219.075927734375,1534800,3405837733.8867188
2012-06-01 00:00:00,2208.6572810683138,2250.330059956395,2198.2390863462933,2239.911865234375,1666300,3732365141.040039
2012-06-04 00:00:00,2215.6032428505982,2250.33056640625,2215.6032428505982,2250.33056640625,1305500,2937806554.4433594
2012-06-05 00:00:00,2246.85791015625,2257.276107575831,2229.4942477902823,2246.85791015625,1435700,3225813901.611328
2012-06-06 00:00:00,2250.330534462617,2267.694195993964,2226.0214083187307,2229.494140625,1316000,2934014289.0625
2012-06-07 00:00:00,2229.494140625,2229.494140625,2229.494140625,2229.494140625,1843800,4110741296.484375
2012-06-08 00:00:00,2219.075975206163,2253.8032987618153,2215.6032428505982,2250.33056640625,3610500,8124818510.009766
2012-06-11 00:00:00,2267.6939991659465,2274.639463175643,2257.2758031514018,2260.74853515625,849000,1919375506.3476562
2012-06-12 00:00:00,2232.966402086361,2250.330059956395,2226.0209389383476,2239.911865234375,978700,2192201742.504883
2012-06-13 00:00:00,2243.384707782452,2264.2210982572115,2239.911976036659,2257.275634765625,912700,2060215471.850586
2012-06-14 00:00:00,2250.330447313262,2281.5850368592796,2250.330447313262,2278.1123046875,1360500,3099371790.5273438
2012-06-15 00:00:00,2281.5851130128817,2288.5305775882634,2271.166916149809,2274.6396484375,857300,1950048570.6054688
2012-06-18 00:00:00,2281.5850368592796,2288.530501202839,2271.1668403439403,2278.1123046875,789400,1798341853.3203125
2012-06-19 00:00:00,2285.0577853814966,2298.94871416801,2278.11232098824,2288.530517578125,986100,2256719943.383789
2012-06-20 00:00:00,2292.003614891773,2326.730942390133,2288.5308821419367,2316.312744140625,1214500,2813161827.758789
2012-06-21 00:00:00,2312.8395405783585,2326.73046875,2309.366808535448,2326.73046875,1217600,2833027018.75
2012-06-22 00:00:00,2316.3116926547295,2326.729886174916,2302.420767961148,2319.784423828125,1109300,2573336861.352539
2012-06-25 00:00:00,2316.312576248123,2330.2035062406158,2305.8943787537537,2312.83984375,1307600,3024269379.6875
2012-06-26 00:00:00,2312.8389614813345,2333.675348521707,2305.8934991345436,2319.784423828125,1360000,3154906816.40625
2012-06-27 00:00:00,2326.7304100693154,2340.621337890625,2305.8940183373516,2340.621337890625,1131700,2648881168.0908203
2012-06-28 00:00:00,2430.9129805530574,2455.222110358588,2385.767453771358,2413.54931640625,2979200,7190446123.4375
2012-06-29 00:00:00,2420.4945526560264,2430.9127501566977,2413.5490876555787,2423.96728515625,2010500,4873386226.806641
2012-07-02 00:00:00,2423.967117024973,2427.439849284321,2396.185258950188,2420.494384765625,930700,2252754123.901367
2012-07-03 00:00:00,2399.658352379765,2451.7493441101506,2399.658352379765,2448.276611328125,1096800,2685269787.3046875
2012-07-04 00:00:00,2448.2760473148683,2458.694243260889,2434.3851193868404,2451.748779296875,1037900,2544670058.0322266
2012-07-05 00:00:00,2437.8580622209824,2448.2762590680804,2423.967133091518,2430.91259765625,1002900,2437962244.189453
2012-07-06 00:00:00,2420.4939539085044,2430.9121488320707,2382.2939058554293,2406.60302734375,1053400,2535115629.0039062
2012-07-09 00:00:00,2396.1853653345356,2448.27635153746,2392.7126329210073,2437.858154296875,1093700,2666285463.354492
2012-07-10 00:00:00,2437.8577869110277,2437.8577869110277,2357.984953436735,2401.6845703125,1855800,4457046225.5859375
2012-07-11 00:00:00,2371.8760378327743,2382.2942341922153,2368.4033057129604,2376.955078125,1143700,2718523522.8515625
2012-07-12 00:00:00,2368.4036264358256,2399.6582197465623,2354.5126960754983,2369.08935546875,1564000,3705255751.953125
2012-07-13 00:00:00,2368.403278151364,2413.5487951835744,2364.930546071963,2400.146728515625,1383100,3319642940.209961
2012-07-17 00:00:00,2417.0214506434268,2430.912378520688,2403.130522766166,2420.300537109375,934600,2262012881.982422
2012-07-18 00:00:00,2427.439948139727,2448.2763425443604,2423.967215738955,2442.719970703125,1069100,2611511920.678711
2012-07-19 00:00:00,2430.912229558582,2437.8576930716067,2413.548570776021,2420.340576171875,977400,2365640879.1503906
2012-07-20 00:00:00,2417.0216964876613,2417.0216964876613,2385.7671055848036,2388.984130859375,885500,2115445447.8759766
2012-07-23 00:00:00,2375.34864987036,2413.5487012571643,2371.875917926105,2385.766845703125,795000,1896684642.3339844
2012-07-24 00:00:00,2375.34864987036,2396.18504153589,2375.34864987036,2385.766845703125,763000,1820340103.2714844
2012-07-25 00:00:00,2364.9302789212525,2413.548522540779,2361.457547234143,2387.15576171875,1060600,2531817400.8789062
2012-07-26 00:00:00,2392.7119065310812,2392.7119065310812,2351.039130219945,2364.407958984375,1099100,2598720787.7197266
2012-07-27 00:00:00,2375.3486916934744,2378.8214236988742,2354.5122996610753,2361.457763671875,755000,1782900611.5722656
2012-07-30 00:00:00,2382.2939058554293,2410.0757589849386,2368.4029792906745,2406.60302734375,800400,1926245063.0859375
2012-07-31 00:00:00,2410.0764819341475,2417.021947299952,2392.712818519636,2400.81591796875,1205600,2894423670.703125
2012-08-01 00:00:00,2403.129941322664,2437.857252613454,2396.184479064506,2434.384521484375,1011900,2463353697.290039
2012-08-02 00:00:00,2417.0215436461344,2430.912472057894,2403.130615234375,2403.130615234375,915300,2199585452.1240234
2012-08-03 00:00:00,2389.23928463207,2406.6029422238726,2368.4028955219064,2376.01611328125,939900,2233217544.873047
2012-08-06 00:00:00,2389.2393868983477,2417.021240234375,2382.293923564341,2417.021240234375,1023900,2474788047.8759766
2012-08-07 00:00:00,2410.0762400704607,2423.9671694080425,2403.13077540167,2418.10693359375,855000,2067481428.2226562
2012-08-08 00:00:00,2430.912961798199,2465.6402898238875,2427.44022899563,2458.69482421875,1522000,3742133522.4609375
2012-08-09 00:00:00,2462.16744889006,2496.894775390625,2451.7492509398903,2496.894775390625,1705900,4259452797.338867
2012-08-10 00:00:00,2469.1127165884545,2479.5309137048616,2455.221787099912,2467.924560546875,1123500,2772713243.774414
2012-08-13 00:00:00,2465.6398542853644,2479.5307830419015,2462.1671220962303,2476.3837890625,455600,1128240454.296875
2012-08-14 00:00:00,2479.53101211242,2517.731069721995,2476.0582796024587,2494.81103515625,1105900,2759011523.779297
2012-08-15 00:00:00,2521.203369140625,2524.6761010540417,2500.366977660124,2521.203369140625,697100,1757530868.6279297
2012-08-16 00:00:00,2521.203680500585,2528.14914518516,2510.785483473723,2522.5927734375,782900,1974937882.3242188
2012-08-17 00:00:00,2517.730847440432,2528.1490440505304,2503.8399186269676,2520.509033203125,759100,1913318407.1044922
2012-08-20 00:00:00,2521.2036716495777,2545.5127979602485,2514.258206989386,2527.45458984375,1037800,2622992373.3398438
2012-08-21 00:00:00,2535.094746623815,2545.51294421268,2524.67654903495,2529.46630859375,614400,1554104100.0
2012-08-22 00:00:00,2535.094717483166,2552.4583799316806,2528.14925250376,2539.95654296875,599900,1523719930.1269531
2012-08-23 00:00:00,2542.0403167466197,2552.458514766073,2531.6221187271663,2542.73486328125,745000,1894337473.1445312
2012-08-24 00:00:00,2531.6217838434673,2542.0399804847984,2528.1490516296903,2535.7890625,412200,1045252251.5625
2012-08-27 00:00:00,2555.9310761533243,2566.3492734746014,2545.512878832047,2559.40380859375,797400,2040868596.9726562
2012-08-28 00:00:00,2566.3489527094976,2573.294416722243,2542.039828664888,2562.876220703125,1030200,2640275082.5683594
2012-08-29 00:00:00,2555.9308252427186,2559.403557342233,2472.585254854369,2503.83984375,1804700,4518679766.015625
2012-08-30 00:00:00,2510.785705990851,2510.785705990851,2476.058379490286,2496.894775390625,1019400,2545334534.033203
2012-08-31 00:00:00,2472.5847355769233,2503.839317908654,2469.112004206731,2483.0029296875,1345500,3340880441.8945312
2012-09-03 00:00:00,2476.0584882315943,2483.003953836732,2455.2220914161812,2458.69482421875,1376500,3384393425.5371094
2012-09-04 00:00:00,2469.1130080202793,2476.058473584331,2441.3311457640734,2448.276611328125,1081000,2646587016.845703
2012-09-05 00:00:00,2441.3306001520627,2486.4761162288437,2417.0214761107195,2462.1669921875,1446100,3560539687.4023438
2012-09-06 00:00:00,2465.6400751589363,2465.6400751589363,2420.4945526560264,2423.96728515625,1199100,2906579171.6308594
2012-09-07 00:00:00,2441.3305833508543,2472.5851711889163,2434.3851193868404,2451.748779296875,1264000,3099010457.03125
2012-09-10 00:00:00,2441.329983742533,2444.802714871612,2417.02086583898,2434.384521484375,702100,1709181372.5341797
2012-09-11 00:00:00,2417.0220492356116,2430.9129805530574,2403.1311179181653,2413.54931640625,1028500,2482335471.923828
2012-09-12 00:00:00,2417.021684410562,2444.803542852063,2406.603487494999,2441.330810546875,1003800,2450607867.626953
2012-09-13 00:00:00,2441.3300225286202,2458.693678449876,2423.966366607364,2455.220947265625,921800,2263222669.189453
2012-09-14 00:00:00,2458.693678449876,2465.6391408183786,2434.3845601601174,2455.220947265625,2616500,6424085608.520508
2012-09-18 00:00:00,2448.2762751572504,2472.5854012935633,2437.8580782416875,2441.330810546875,1385700,3382952104.1748047
2012-09-19 00:00:00,2465.6392728365386,2493.421123798077,2458.693810096154,2483.0029296875,1192900,2961974194.8242188
2012-09-20 00:00:00,2465.6396655581607,2496.894252868053,2465.6396655581607,2476.057861328125,1558400,3858688571.09375
2012-09-21 00:00:00,2493.4220427405685,2510.785705990851,2486.4765774404555,2496.894775390625,1196800,2988283667.1875
2012-09-24 00:00:00,2486.4763501449966,2521.203673471044,2479.5308854797872,2507.312744140625,1261600,3163225758.0078125
2012-09-25 00:00:00,2500.3675080406815,2503.840240690738,2486.4765774404555,2496.894775390625,1126100,2811753206.567383
2012-09-26 00:00:00,2475.6444477831196,2528.769865117521,2465.0193643162393,2486.26953125,1270200,3158059558.59375
2012-09-27 00:00:00,2468.560707339783,2514.6027291409555,2465.0190133550777,2511.06103515625,999100,2508801080.2246094
2012-09-28 00:00:00,2503.977620905096,2514.6027027476916,2472.1023753773084,2493.3525390625,968100,2413814593.0664062
2012-10-01 00:00:00,2489.8112558621733,2496.894644925793,2457.9360050758864,2472.102783203125,763600,1887697685.2539062
2012-10-02 00:00:00,2475.6444777349348,2479.1861722667445,2454.394310544077,2472.102783203125,891100,2202890790.1123047
2012-10-03 00:00:00,2468.5607391313,2468.5607391313,2415.4353286765377,2433.143798828125,826900,2011966607.2509766
2012-10-04 00:00:00,2429.601671795512,2461.4769123875817,2429.601671795512,2436.68505859375,620800,1512694084.375
2012-10-05 00:00:00,2454.3939914954703,2465.0190737097364,2415.435356709828,2418.97705078125,762400,1844228103.515625
2012-10-09 00:00:00,2415.4349268353176,2493.3521825396824,2411.89323339421,2454.3935546875,1181000,2898638788.0859375
2012-10-10 00:00:00,2443.768634627351,2450.8520219740967,2397.7266168735023,2401.268310546875,1001600,2405110339.84375
2012-10-11 00:00:00,2372.935030340087,2415.4353592417006,2365.851642189818,2387.101806640625,1248500,2980296605.5908203
2012-10-12 00:00:00,2411.893662638406,2436.6855211383604,2401.26858042414,2418.97705078125,1784800,4317390240.234375
2012-10-15 00:00:00,2408.351752347202,2426.0602211144605,2401.268364840298,2404.81005859375,702000,1688176661.1328125
2012-10-16 00:00:00,2415.435410527458,2436.685575429459,2394.185245625457,2422.518798828125,751100,1819553869.7998047
2012-10-17 00:00:00,2429.60199660698,2457.935547587819,2418.976914989165,2426.060302734375,1216600,2951544964.3066406
2012-10-18 00:00:00,2450.8515694654957,2489.8101926795425,2443.768183426578,2482.726806640625,1287900,3197503854.272461
2012-10-19 00:00:00,2472.1021052675696,2486.2688795097906,2454.3936374647933,2475.643798828125,897200,2221147616.3085938
2012-10-22 00:00:00,2450.8524804687504,2500.4362011718754,2450.8524804687504,2479.18603515625,902300,2236969559.5214844
2012-10-23 00:00:00,2489.81103515625,2500.436117809833,2472.102564066945,2489.81103515625,1185800,2952417925.4882812
2012-10-24 00:00:00,2465.0193643162393,2503.9780036948005,2465.0193643162393,2486.26953125,1251400,3111317691.40625
2012-10-25 00:00:00,2482.7272692768515,2528.769287109375,2482.7272692768515,2528.769287109375,1024000,2589459750.0
2012-10-26 00:00:00,2532.311282063341,2535.852976164129,2500.43603515625,2500.43603515625,1428700,3572372963.4277344
2012-10-29 00:00:00,2518.145104359772,2525.2284942454535,2500.4366296455682,2507.52001953125,1001000,2510027539.5507812
2012-10-30 00:00:00,2511.0611174586134,2528.769587962553,2496.894341055462,2500.43603515625,1027100,2568197851.7089844
2012-10-31 00:00:00,2507.519691950158,2525.228164350936,2482.727830589069,2518.144775390625,1287200,3241355954.8828125
2012-11-01 00:00:00,2539.394229786399,2542.9359232728516,2489.810520976065,2503.977294921875,1016300,2544792124.8291016
2012-11-02 00:00:00,2532.310508913048,2532.310508913048,2482.726806640625,2482.726806640625,842800,2092442152.6367188
2012-11-05 00:00:00,2475.6444477831196,2493.35292022792,2465.0193643162393,2486.26953125,856200,2128743972.65625
2012-11-06 00:00:00,2486.269151167436,2493.3525390625,2465.0189874822445,2493.3525390625,845200,2107381566.015625
2012-11-07 00:00:00,2482.7278667985543,2493.352950393983,2447.3109214804576,2472.102783203125,1294700,3200631473.413086
2012-11-08 00:00:00,2447.3106578804595,2457.9357403314602,2411.8937163771243,2422.518798828125,1425400,3453058295.8496094
2012-11-09 00:00:00,2426.060575913753,2433.1439644565667,2408.352104556718,2411.893798828125,1129400,2723992856.3964844
2012-11-12 00:00:00,2411.8941046387445,2411.8941046387445,2380.018852154532,2383.560546875,774900,1847021067.7734375
2012-11-13 00:00:00,2383.5607167119565,2394.185801630435,2358.768851902174,2362.310546875,812300,1918904857.2265625
2012-11-14 00:00:00,2369.39306640625,2390.6432284367993,2365.851372734492,2369.39306640625,483400,1145364608.3007812
2012-11-15 00:00:00,2383.5598957118705,2383.5598957118705,2358.7680394414647,2372.934814453125,823200,1953399939.2578125
2012-11-16 00:00:00,2369.3937679931278,2383.560546875,2365.8520732726597,2383.560546875,1319100,3144154717.3828125
2012-11-19 00:00:00,2397.726942997685,2404.81033130787,2387.101860532407,2390.6435546875,950400,2272067634.375
2012-11-20 00:00:00,2397.726670723531,2401.268364476446,2372.934814453125,2372.934814453125,1260300,2990609746.6552734
2012-11-21 00:00:00,2387.102241595468,2394.185631036404,2369.3937679931278,2383.560546875,1788200,4262282969.921875
2012-11-22 00:00:00,2397.726942997685,2401.2686371527775,2376.4767780671295,2390.6435546875,949300,2269437926.4648438
2012-11-26 00:00:00,2404.809949686115,2418.9767240583456,2380.018094534712,2397.7265625,1709000,4097714695.3125
2012-11-27 00:00:00,2422.5188566128886,2436.685633552145,2387.101914264747,2394.185302734375,1454400,3482103104.296875
2012-11-28 00:00:00,2401.26858042414,2436.6855211383604,2397.726886352718,2418.97705078125,1472900,3562911298.095703
2012-11-29 00:00:00,2418.976914989165,2429.60199660698,2408.35183337135,2426.060302734375,1013900,2459782540.942383
2012-11-30 00:00:00,2436.68551865065,2450.852294921875,2422.5187423794255,2450.852294921875,1125300,2757944087.475586
2012-12-03 00:00:00,2454.39396301003,2457.9356570403475,2429.6021047978074,2433.143798828125,1020300,2482536617.944336
2012-12-04 00:00:00,2429.60205078125,2447.310520539131,2422.518662878098,2429.60205078125,1041100,2529458695.0683594
2012-12-05 00:00:00,2422.518284997275,2440.2267519928687,2422.518284997275,2436.68505859375,779700,1899883340.1855469
2012-12-06 00:00:00,2443.7684743641776,2457.9352481286073,2436.6850874819625,2454.3935546875,953300,2339773375.6835938
2012-12-07 00:00:00,2457.935869140625,2496.8945068359376,2454.3941748046877,2479.18603515625,1184800,2937339614.453125
2012-12-10 00:00:00,2511.0603507962956,2511.0603507962956,2472.1017275822483,2482.726806640625,955900,2373238554.4677734
2012-12-11 00:00:00,2479.1851136211662,2489.8101926795425,2475.6434206017075,2482.726806640625,477700,1185998595.5322266
2012-12-12 00:00:00,2486.269892367356,2486.269892367356,2457.9363323403777,2461.47802734375,841700,2071826055.6152344
2012-12-13 00:00:00,2475.643798828125,2486.2688795097906,2461.477024585904,2475.643798828125,858500,2125340201.2939453
2012-12-14 00:00:00,2479.1854087752527,2486.2687956574673,2447.310167805285,2454.3935546875,3100500,7609847216.308594
2012-12-17 00:00:00,2482.726806640625,2486.2684996600838,2461.476648523872,2482.726806640625,1044700,2593704694.897461
2012-12-18 00:00:00,2486.26953125,2507.5196981837607,2482.7278367610397,2486.26953125,1031200,2563841140.625
2012-12-19 00:00:00,2503.977729257038,2507.519423357826,2486.2692587530983,2500.43603515625,1323000,3308076874.5117188
2012-12-20 00:00:00,2511.0613864303136,2567.728498112803,2511.0613864303136,2518.144775390625,2660200,6698768731.494141
2012-12-21 00:00:00,2550.019612970711,2567.72808250523,2539.39453125,2539.39453125,1715200,4355569500.0
2012-12-25 00:00:00,2550.0202103616134,2557.1035998348398,2528.770041941933,2546.478515625,854400,2175711243.75
2012-12-26 00:00:00,2553.5614948141165,2567.728271484375,2539.394718143858,2567.728271484375,828000,2126079008.7890625
2012-12-27 00:00:00,2560.645096892683,2585.436958135074,2557.103402429484,2581.895263671875,1076600,2779668440.8691406
2012-12-28 00:00:00,2578.353081597222,2585.436469184028,2550.01953125,2550.01953125,950200,2423028558.59375
2013-01-04 00:00:00,2588.9778083895717,2599.602888314563,2571.2693418479193,2574.81103515625,1240100,3193023164.6972656
2013-01-07 00:00:00,2578.352783203125,2585.4361699701662,2571.2693964360833,2578.352783203125,822700,2121210834.741211
2013-01-08 00:00:00,2571.269613297259,2596.0614690728526,2567.7279196150316,2592.519775390625,947200,2455634731.25
2013-01-09 00:00:00,2585.436845862347,2613.770400337551,2571.2700686247454,2606.68701171875,1157400,3016979547.3632812
2013-01-10 00:00:00,2599.6034871750085,2617.3119577960915,2599.6034871750085,2613.770263671875,1021800,2670750455.419922
2013-01-11 00:00:00,2617.312167110519,2663.3541944074564,2617.312167110519,2659.8125,2193000,5832968812.5
2013-01-15 00:00:00,2677.520560735887,2751.8961318674396,2673.97886687248,2744.812744140625,1654600,4541567166.455078
2013-01-16 00:00:00,2755.4371065555283,2758.9787994945455,2695.2283265922324,2698.77001953125,1638200,4421125045.996094
2013-01-17 00:00:00,2698.770074566882,2716.4785396230955,2666.8948374656984,2702.311767578125,1598200,4318834666.943359
2013-01-18 00:00:00,2727.104489053474,2758.979736328125,2720.0211007702183,2758.979736328125,1334500,3681858458.129883
2013-01-21 00:00:00,2762.521488174854,2773.14657082168,2730.646240234375,2730.646240234375,953700,2604217319.3115234
2013-01-22 00:00:00,2734.1879092383324,2737.7296034212836,2677.520802311113,2712.937744140625,1323600,3590844398.1445312
2013-01-23 00:00:00,2709.396221704394,2712.937916111851,2659.8125,2659.8125,2133000,5673380062.5
2013-01-24 00:00:00,2666.8960948364897,2709.396431009183,2666.8960948364897,2705.854736328125,1099300,2974546111.645508
2013-01-25 00:00:00,2727.1040878781846,2780.2294921875,2720.020700636943,2780.2294921875,1098200,3053248028.3203125
2013-01-28 00:00:00,2805.0222023618253,2808.563897061777,2751.8967818625483,2755.4384765625,1033500,2847745665.5273438
2013-01-29 00:00:00,2720.0211007702183,2773.1465128946365,2720.0211007702183,2758.979736328125,887500,2448594515.991211
2013-01-30 00:00:00,2766.062906080056,2808.563232421875,2762.521212218238,2808.563232421875,1129000,3170867889.404297
2013-01-31 00:00:00,2808.5636083984377,2833.35546875,2801.4802197265626,2833.35546875,1051300,2978706604.296875
2013-02-01 00:00:00,2833.355062905844,2854.605225877638,2695.2290035891842,2727.104248046875,2606000,7106833670.410156
2013-02-04 00:00:00,2659.81201138972,2663.3537051465637,2603.1449112802184,2627.936767578125,3046100,8004958187.719727
2013-02-05 00:00:00,2617.3118203829063,2666.8955355187127,2606.6867385680907,2652.728759765625,2385300,6327553910.668945
2013-02-06 00:00:00,2698.77001953125,2698.77001953125,2666.8947830800935,2698.77001953125,2461400,6642752526.074219
2013-02-07 00:00:00,2691.6881579492706,2705.854937727951,2659.81290344724,2670.43798828125,1273000,3399467559.0820312
2013-02-08 00:00:00,2620.8539438502676,2663.354278074866,2620.8539438502676,2649.1875,1853300,4909739193.75
2013-02-12 00:00:00,2691.687738743498,2741.2714602466676,2677.520961171164,2723.56298828125,1850600,5040225666.113281
2013-02-13 00:00:00,2727.104682674333,2744.8131546397512,2702.3128219227483,2723.56298828125,940500,2561510990.4785156
2013-02-14 00:00:00,2716.479516854558,2737.729682566588,2709.396128283881,2734.18798828125,1070400,2926674822.65625
2013-02-15 00:00:00,2723.56298828125,2741.2714602466676,2705.854516315832,2723.56298828125,1066400,2904407570.703125
2013-02-18 00:00:00,2741.2712656199856,2762.521430469753,2730.646183195102,2758.979736328125,799800,2206631993.1152344
2013-02-19 00:00:00,2748.3546539032413,2769.6048187530087,2748.3546539032413,2758.979736328125,820600,2264018771.6308594
2013-02-20 00:00:00,2769.6049267015446,2773.1466209812143,2741.2713724641885,2766.063232421875,1184100,3275295473.510742
2013-02-21 00:00:00,2769.60498046875,2794.3968409077283,2762.521591771899,2769.60498046875,1105100,3060690463.9160156
2013-02-22 00:00:00,2773.146693857471,2819.188720703125,2751.896527621015,2819.188720703125,1573200,4435147695.410156
2013-02-25 00:00:00,2840.4388150101536,2943.14794921875,2836.8971207270984,2943.14794921875,2589700,7621870244.091797
2013-02-26 00:00:00,2868.772134816075,2932.5226267008766,2868.772134816075,2879.397216796875,1522000,4382442563.964844
2013-02-27 00:00:00,2872.314238934712,2893.56440593053,2858.1474609375,2858.1474609375,761100,2175336032.5195312
2013-02-28 00:00:00,2875.855253575212,2928.980658505788,2865.2301725890966,2925.43896484375,1153700,3375078933.7402344
2013-03-01 00:00:00,2890.0223482572114,2960.856229341947,2890.0223482572114,2946.689453125,1226200,3613230607.421875
2013-03-04 00:00:00,2953.7726776924223,2985.647922415722,2946.6892899761338,2967.939453125,1017300,3019284805.6640625
2013-03-05 00:00:00,2982.1059024552246,2996.272676338622,2953.772354688429,2978.564208984375,748300,2228859597.583008
2013-03-06 00:00:00,2978.564989603224,3013.98193359375,2960.856517607961,3013.98193359375,1025500,3090838472.9003906
2013-03-07 00:00:00,3024.606661567599,3045.8568254662005,3024.606661567599,3038.7734375,1343800,4083503745.3125
2013-03-08 00:00:00,3038.773519736842,3042.3152138157893,3017.523355263158,3028.1484375,4778700,14470612938.28125
2013-03-11 00:00:00,3028.1480845980177,3028.1480845980177,2999.8145352684455,3021.064697265625,1200500,3626788169.067383
2013-03-12 00:00:00,3021.065103120893,3045.8569621148513,3013.9817148369048,3031.690185546875,1420900,4307728584.643555
2013-03-13 00:00:00,3021.065239292118,3042.31540510191,3013.9818506888537,3024.60693359375,772100,2335299013.4277344
2013-03-14 00:00:00,3031.6900495337995,3056.481907415501,3021.064967584499,3038.7734375,1352000,4108421687.5
2013-03-15 00:00:00,3049.398678273168,3088.3573141163793,3045.8569841056033,3081.27392578125,2071200,6381934555.078125
2013-03-18 00:00:00,3042.314639177985,3077.731573277845,3006.897705078125,3006.897705078125,1224500,3681946239.868164
2013-03-19 00:00:00,3042.3153430750394,3088.357368057549,3038.7736488456158,3084.815673828125,1316800,4062085279.296875
2013-03-21 00:00:00,3095.4405378228453,3116.690701698059,3081.273761906036,3102.52392578125,1276900,3961612800.830078
2013-03-22 00:00:00,3106.066091586155,3120.232869654963,3052.940673828125,3052.940673828125,1205600,3680625276.3671875
2013-03-25 00:00:00,3081.273356958763,3106.065211554983,3056.481502362543,3091.8984375,1139900,3524455028.90625
2013-03-26 00:00:00,3077.732260336226,3095.4407313393112,3067.107177734375,3067.107177734375,1217700,3734816410.3271484
2013-03-27 00:00:00,3074.3238047972777,3103.1906949831678,3067.107082250805,3081.54052734375,927400,2857820685.0585938
2013-03-28 00:00:00,3067.1068406983873,3085.148645643672,3009.3730648734763,3034.631591796875,1628300,4941290620.922852
2013-03-29 00:00:00,3034.6320431663876,3041.848766217913,2998.5484279087614,3031.023681640625,878100,2661541894.848633
2013-04-01 00:00:00,3005.7648037723493,3027.4149704261717,2922.7724982660297,2926.380859375,1693900,4956996537.6953125
2013-04-02 00:00:00,2929.9896454930904,2940.8147303902324,2818.1304348892904,2872.255859375,1559400,4478995787.109375
2013-04-03 00:00:00,2908.339492519745,2973.2900022782505,2893.9060459067437,2969.681640625,1330700,3951755359.1796875
2013-04-04 00:00:00,2976.8984867288245,3081.5409789895953,2904.731250686914,3077.9326171875,1946100,5989964666.308594
2013-04-05 00:00:00,3103.1906949831678,3153.707752808475,3059.8903597043327,3081.54052734375,2905600,8953724156.25
2013-04-08 00:00:00,3121.232607085129,3146.491136853448,3081.540631734914,3139.2744140625,1509800,4739676510.3515625
2013-04-09 00:00:00,3142.882701117872,3153.7077850482433,3117.624171947005,3132.0576171875,1203300,3768804930.7617188
2013-04-10 00:00:00,3139.2743398077478,3150.0994237381196,3114.015810636881,3132.0576171875,1243800,3895653264.2578125
2013-04-11 00:00:00,3146.490966796875,3168.1411339996057,3117.624077193234,3146.490966796875,1443000,4540386465.087891
2013-04-12 00:00:00,3175.3579472900115,3193.3997538087046,3139.2743342526246,3178.96630859375,2949500,9376361127.197266
2013-04-15 00:00:00,3168.1415886687355,3189.7917589785447,3124.841248049117,3142.883056640625,1403000,4409464928.466797
2013-04-16 00:00:00,3092.365548790048,3160.9244115986953,3063.498659186407,3146.490966796875,1632300,5136017205.102539
2013-04-17 00:00:00,3132.057316276489,3168.140925911011,3121.2322333861325,3150.09912109375,906800,2856509883.0078125
2013-04-18 00:00:00,3103.19074803328,3132.0576387126594,3081.5405800237454,3110.407470703125,1398100,4348660684.790039
2013-04-19 00:00:00,3110.407150495776,3160.9242039841065,3095.973706641967,3150.09912109375,934800,2944712658.3984375
2013-04-22 00:00:00,3160.924502075057,3204.2248377199203,3157.316140771318,3178.96630859375,1086200,3452993204.3945312
2013-04-23 00:00:00,3168.141357421875,3182.574803241565,3153.7079116021855,3168.141357421875,639100,2024759141.5283203
2013-04-24 00:00:00,3175.3581821518455,3225.875244140625,3171.7498205812185,3225.875244140625,1215000,3919438421.6308594
2013-04-25 00:00:00,3225.875052509181,3265.567027428198,3218.6583297966326,3254.741943359375,1255800,4087304932.470703
2013-04-26 00:00:00,3251.1334373344807,3254.7417985301904,3186.182935811705,3193.399658203125,1134900,3624189272.0947266
2013-04-30 00:00:00,3193.3995634578882,3211.441368901153,3182.574480191929,3207.8330078125,891700,2860424693.0664062
2013-05-01 00:00:00,3186.1830683770904,3207.833236452133,3142.8827322270054,3182.57470703125,767200,2441671315.234375
2013-05-02 00:00:00,3171.749495200061,3200.6163848037017,3103.1906323914136,3146.490966796875,1129900,3555220143.383789
2013-05-07 00:00:00,3222.266375325521,3247.52490234375,3200.616209309896,3247.52490234375,1272100,4131176428.2714844
2013-05-08 00:00:00,3247.5251254656455,3283.608737970819,3243.9167642151283,3269.17529296875,1116000,3648399626.953125
2013-05-09 00:00:00,3287.2173817896396,3316.084274275169,3269.175573986184,3272.783935546875,1058900,3465550909.350586
2013-05-10 00:00:00,3308.8675511537867,3308.8675511537867,3222.266873697199,3272.783935546875,1766700,5782027378.930664
2013-05-13 00:00:00,3269.174678115679,3348.5586106968544,3243.9161541125777,3326.908447265625,1758600,5850701195.361328
2013-05-14 00:00:00,3355.775882633588,3373.8176884541986,3308.8671875,3308.8671875,1407700,4657892339.84375
2013-05-15 00:00:00,3341.3427734375,3362.9929425958426,3301.650796647206,3341.3427734375,1534500,5127290485.839844
2013-05-16 00:00:00,3341.3421532175735,3348.5588749307863,3236.699688375986,3258.349853515625,1830300,5963757736.889648
2013-05-17 00:00:00,3240.30789907623,3261.958063212597,3229.482817008047,3243.916259765625,1318900,4278401155.004883
2013-05-20 00:00:00,3240.3083704105943,3251.1334540533912,3211.4414806964687,3218.658203125,1051100,3383131637.3046875
2013-05-21 00:00:00,3211.4411435808456,3243.9163911002024,3204.2244219098775,3233.09130859375,1201600,3884882516.40625
2013-05-22 00:00:00,3251.132978658913,3276.391503465364,3197.007568359375,3197.007568359375,1827600,5842851031.933594
2013-05-23 00:00:00,3247.525214236319,3258.350298283773,3009.373365192322,3016.590087890625,2848700,8593360183.374023
2013-05-24 00:00:00,3052.6737388692873,3103.190798377763,2890.297476163474,3020.198486328125,2793600,8437226491.40625
2013-05-27 00:00:00,3031.023690201783,3038.2404132736924,2897.514313371467,2984.114990234375,1498400,4471397901.3671875
2013-05-28 00:00:00,2933.5982903582085,2991.332082050375,2919.164842435167,2948.03173828125,1070100,3154688763.1347656
2013-05-29 00:00:00,2987.7233001373625,2998.5483845581502,2937.2062395070207,2955.248046875,1182800,3495467389.84375
2013-05-30 00:00:00,2908.338924814602,2937.205812405814,2828.954983938769,2843.388427734375,2219200,6310047598.828125
2013-05-31 00:00:00,2893.9054236778848,2897.5137845552886,2789.262958233173,2814.521484375,2001800,5634109107.421875
2013-06-03 00:00:00,2814.52186784195,2821.7385905800065,2756.7880859375,2756.7880859375,1427000,3933936598.6328125
2013-06-04 00:00:00,2742.354266826923,2832.563288762019,2724.312462439904,2814.521484375,2011000,5660002705.078125
2013-06-05 00:00:00,2825.3471748046877,2843.3889830729167,2706.271240234375,2706.271240234375,1509900,4086198945.629883
2013-06-06 00:00:00,2706.271121376439,2789.2634357653164,2695.4460368909336,2742.354736328125,1735300,4758808173.950195
2013-06-07 00:00:00,2691.8373451283705,2753.1794830200356,2673.7955398661156,2709.879150390625,1880800,5096740706.0546875
2013-06-10 00:00:00,2771.2216569767443,2792.871826171875,2724.3129570539604,2792.871826171875,997400,2785610359.423828
2013-06-11 00:00:00,2796.4799642562866,2839.7802991867065,2767.6130743026733,2771.221435546875,1261800,3496727207.373047
2013-06-12 00:00:00,2749.5718864889704,2764.0053347120097,2713.4882659313726,2760.39697265625,821700,2268218192.4316406
2013-06-13 00:00:00,2709.8792924114873,2727.9210986192866,2598.0200939231304,2605.23681640625,2240200,5836251516.113281
2013-06-14 00:00:00,2634.1036442937075,2727.9210343644427,2634.1036442937075,2670.187255859375,3071300,8200946118.920898
2013-06-17 00:00:00,2699.0540796396685,2832.563439194037,2673.7955521564095,2828.955078125,1553800,4395630400.390625
2013-06-18 00:00:00,2796.480224609375,2832.5638404107863,2764.004970388105,2796.480224609375,1182800,3307676809.6679688
2013-06-19 00:00:00,2861.4307707167163,2861.4307707167163,2782.0468149086864,2800.088623046875,817200,2288232422.7539062
2013-06-20 00:00:00,2756.788182308799,2785.655074270148,2709.8794828716077,2742.354736328125,1574400,4317563296.875
2013-06-21 00:00:00,2735.138174951604,2854.214111328125,2702.6629195761893,2854.214111328125,1709900,4880420708.959961
2013-06-24 00:00:00,2857.822333757267,2861.430695289789,2789.263464639353,2792.871826171875,659700,1842457543.725586
2013-06-25 00:00:00,2818.1299949178892,2872.255410953444,2789.263106365593,2828.955078125,1420400,4018247792.96875
2013-06-26 00:00:00,2879.4721742936367,2886.688896534974,2782.0464240355814,2785.65478515625,892200,2485361199.3164062
2013-06-27 00:00:00,2818.1303624842567,2883.0808701983624,2810.9136394049115,2865.0390625,992800,2844410781.25
2013-06-28 00:00:00,2850.6056799965236,2926.3812740217477,2846.997318376275,2919.16455078125,1399600,4085662705.2734375
2013-07-01 00:00:00,2929.989928377448,2951.6401002620105,2893.906308569844,2948.03173828125,709100,2090449305.6152344
2013-07-02 00:00:00,2976.898215716575,2980.506577190171,2926.3811550862333,2955.248046875,797600,2357105842.1875
2013-07-03 00:00:00,2929.989088653639,2958.855976226582,2911.9472839205505,2937.205810546875,863900,2537452099.7314453
2013-07-04 00:00:00,2926.3808966575584,2951.639424742149,2901.122368572968,2929.9892578125,579800,1698807771.6796875
2013-07-05 00:00:00,2944.423109052248,2973.2900022782505,2940.8147473989975,2969.681640625,641200,1904159867.96875
2013-07-08 00:00:00,2987.7232405282916,2998.5483247331044,2951.6396265122494,2973.289794921875,987000,2934637027.5878906
2013-07-09 00:00:00,2980.5065110000373,3023.8068477215875,2966.073065426187,3020.198486328125,1090200,3292620389.794922
2013-07-10 00:00:00,3031.0235705085124,3045.4570160823623,3002.156679360812,3020.198486328125,879000,2654754469.482422
2013-07-11 00:00:00,3016.5904543901447,3063.499157628269,3005.7653690275006,3052.674072265625,922000,2814565494.6289062
2013-07-12 00:00:00,3063.499060202206,3095.974315257353,3045.457251838235,3067.107421875,1657500,5083730551.7578125
2013-07-16 00:00:00,3088.75764177229,3103.1910886964597,3063.4991096549934,3095.974365234375,1574600,4874921235.498047
2013-07-17 00:00:00,3059.8907116029754,3095.974328485086,3052.6739882265533,3092.365966796875,680800,2105282750.1953125
2013-07-18 00:00:00,3099.582271190958,3157.3160503982403,3099.582271190958,3146.490966796875,5730700,18031595783.42285
2013-07-19 00:00:00,3175.358285625729,3175.358285625729,3074.3241583558197,3092.365966796875,1620100,5009942102.807617
2013-07-22 00:00:00,3139.2748772608093,3164.533410756011,3088.757810270405,3160.925048828125,1321100,4175898082.006836
2013-07-23 00:00:00,3153.7072401197447,3204.224289732647,3124.8403546266577,3197.007568359375,956400,3057618038.3789062
2013-07-24 00:00:00,3171.749926507269,3171.749926507269,3142.8830329781927,3164.533203125,626300,1981947145.1171875
2013-07-25 00:00:00,3153.7077850482433,3164.5328689786147,3117.624171947005,3132.0576171875,810500,2538532698.7304688
2013-07-26 00:00:00,3103.190182952701,3117.6236256641087,3049.0647727849214,3056.281494140625,1121300,3427008439.379883
2013-07-29 00:00:00,3002.1566861347087,3020.1984931427296,2969.6814335202707,2973.289794921875,882000,2622441599.1210938
2013-07-30 00:00:00,2958.8564007098857,3016.5901841383716,2948.031316317045,3002.15673828125,829800,2491189661.4257812
2013-07-31 00:00:00,2991.331298828125,3020.198187115972,2958.8560495042975,2991.331298828125,1053500,3151367523.3154297
2013-08-01 00:00:00,2976.897761057548,3052.673340429922,2944.422512755102,3005.7646484375,1415600,4254960436.328125
2013-08-02 00:00:00,3023.8064519062864,3099.58203125,2980.506120852736,3099.58203125,1117800,3464712794.53125
2013-08-05 00:00:00,3092.3657295986372,3092.3657295986372,3034.631947015699,3045.45703125,823700,2508542956.640625
2013-08-06 00:00:00,3031.0237323113206,3074.3240713443397,2980.506670106132,3059.890625,1353500,4141561960.9375
2013-08-07 00:00:00,3009.3734689789376,3012.9818304525334,2951.639685401404,2955.248046875,1323400,3910975265.234375
2013-08-08 00:00:00,2955.2473665730336,2984.1142517166045,2883.0801537141074,2890.296875,1480500,4279084523.4375
2013-08-09 00:00:00,2908.3394659205037,2940.8147205027426,2893.906019439509,2919.16455078125,1250800,3651291020.1171875
2013-08-12 00:00:00,2904.7304310964705,2915.555513448383,2886.6886271766166,2901.1220703125,765000,2219358383.7890625
2013-08-13 00:00:00,2922.7728665499394,2962.46484375,2915.5561434226556,2962.46484375,632100,1872574027.734375
2013-08-14 00:00:00,2962.464410540278,2991.331298828125,2929.9891612164506,2991.331298828125,820800,2455284730.078125
2013-08-15 00:00:00,2944.4225324401104,2984.114502852906,2926.3807277070214,2937.205810546875,844100,2479295424.682617
2013-08-16 00:00:00,2901.122756060432,2944.423095703125,2890.297671149759,2944.423095703125,1200400,3534485484.0820312
2013-08-19 00:00:00,2940.8143950671683,2962.4645623928163,2919.1642277415203,2958.856201171875,489600,1448655996.09375
2013-08-20 00:00:00,2922.7730712890625,2951.639965820312,2886.689453125,2886.689453125,863200,2491790335.9375
2013-08-21 00:00:00,2886.689305904523,2890.297667536903,2836.1722430511936,2872.255859375,923000,2651092158.203125
2013-08-22 00:00:00,2850.605749619746,2879.472643286781,2828.9555793694694,2854.214111328125,683800,1951711609.3261719
2013-08-23 00:00:00,2879.4725729585134,2940.8147205027426,2872.255849718016,2919.16455078125,964200,2814658459.8632812
2013-08-26 00:00:00,2937.2060383509524,2937.2060383509524,2908.3391485391494,2911.947509765625,447600,1303387705.3710938
2013-08-27 00:00:00,2901.122426086199,2933.5976771244773,2890.2973424067727,2911.947509765625,561900,1636223305.7373047
2013-08-28 00:00:00,2857.8221853595887,2911.9476055368536,2857.8221853595887,2897.51416015625,690100,1999574521.9238281
2013-08-29 00:00:00,2886.688514357054,2901.121956928839,2872.2550717852687,2890.296875,642700,1857593801.5625
2013-08-30 00:00:00,2897.5135962858926,2901.121956928839,2861.4299898564295,2890.296875,1108900,3205050204.6875
2013-09-02 00:00:00,2890.2971182408437,2948.030893386728,2886.688757294226,2937.205810546875,575700,1690949385.131836
2013-09-03 00:00:00,2958.856233372677,3016.590013536046,2948.031149592045,3009.373291015625,913800,2749965313.330078
2013-09-04 00:00:00,2976.898113049959,3020.1984492397764,2962.464667653353,3016.590087890625,605800,1827450275.2441406
2013-09-05 00:00:00,3023.8069585891,3031.023681640625,2976.8982587541855,3031.023681640625,1024400,3104980659.4726562
2013-09-06 00:00:00,3009.3735209860565,3020.19860559392,2973.2899056265114,2984.114990234375,703000,2097832838.1347656
2013-09-09 00:00:00,3034.6316292008423,3059.89015643557,2987.72293576492,3038.239990234375,1003800,3049785302.1972656
2013-09-10 00:00:00,3041.8478839995587,3063.498046875,3016.5893606448767,3063.498046875,1075300,3294179449.8046875
2013-09-11 00:00:00,3063.4984797093302,3077.9319236655583,3031.023230807818,3034.631591796875,898000,2725099169.4335938
2013-09-12 00:00:00,3016.589921875,3020.1982830255683,2966.072865767045,2976.89794921875,1202800,3580612853.3203125
2013-09-13 00:00:00,2944.4226988636365,2980.5063103693183,2926.3808931107956,2976.89794921875,3055600,9096209373.632812
2013-09-17 00:00:00,2991.3313767262953,3002.156460116137,2948.0310431669277,2951.639404296875,895000,2641717266.845703
2013-09-18 00:00:00,2973.28962526483,2998.5481536347984,2955.247819286282,2980.50634765625,953800,2842806954.3945312
2013-09-19 00:00:00,2998.5482498503084,2998.5482498503084,2948.0311914894123,2966.072998046875,1817500,5390837673.950195
2013-09-20 00:00:00,2980.50634765625,2987.7230700476694,2962.464541677701,2980.50634765625,1340900,3996560961.5722656
2013-09-24 00:00:00,2980.50662869842,2998.548436378193,2976.898267162466,2984.114990234375,1245100,3715521574.3408203
2013-09-25 00:00:00,2991.3313938210226,2991.3313938210226,2973.2895880681817,2976.89794921875,1469400,4374253846.582031
2013-09-26 00:00:00,2980.568603515625,2987.9099054947274,2936.52079164101,2980.568603515625,1559900,4649388964.624023
2013-09-27 00:00:00,2973.2270543936884,2995.250958500308,2962.215102340378,2976.897705078125,1451400,4320669329.150391
2013-09-30 00:00:00,2958.5451439878993,2958.5451439878993,2929.179931640625,2929.179931640625,1224200,3585902072.314453
2013-10-01 00:00:00,2932.8508227171014,2951.204081933103,2918.1682153443,2921.8388671875,1197700,3499486411.2304688
2013-10-02 00:00:00,2918.1671799879805,2936.5204326923076,2848.4248197115385,2863.107421875,2119600,6068642491.40625
2013-10-03 00:00:00,2855.7663608693038,2874.119615116536,2844.7544083209646,2859.43701171875,1461500,4179067192.626953
2013-10-04 00:00:00,2855.7665825878403,2874.1198382599987,2833.74267578125,2833.74267578125,1364900,3867775378.173828
2013-10-07 00:00:00,2830.071989402821,2844.7545937576997,2789.6948274269057,2793.365478515625,1262100,3525506570.4345703
2013-10-08 00:00:00,2789.6945658688824,2793.3652166134466,2760.3293599123676,2775.011962890625,1299900,3607238050.5615234
2013-10-09 00:00:00,2778.683125600765,2815.3896398094935,2767.6711713381465,2804.377685546875,1149900,3224753900.6103516
2013-10-10 00:00:00,2822.7309796543195,2859.4374943442326,2819.060328185328,2852.09619140625,767200,2188128198.046875
2013-10-11 00:00:00,2910.8258903181872,2914.496540873444,2859.4367825446,2874.119384765625,1791700,5149559701.68457
2013-10-15 00:00:00,2881.4616523487707,2881.4616523487707,2844.755134484455,2855.76708984375,800100,2284899248.5839844
2013-10-16 00:00:00,2863.1076625681967,2866.778313417643,2841.083757471518,2859.43701171875,851800,2435668446.5820312
2013-10-17 00:00:00,2870.4487229567308,2877.7900240384615,2848.4248197115385,2863.107421875,820600,2349465950.390625
2013-10-18 00:00:00,2866.778072415865,2885.1313251201923,2859.4367713341344,2863.107421875,633300,1813205930.2734375
2013-10-21 00:00:00,2877.791028002218,2899.8149389308064,2870.449724359355,2896.144287109375,708800,2052787070.703125
2013-10-22 00:00:00,2877.790517965749,2877.790517965749,2863.10791328225,2866.778564453125,712300,2042006371.459961
2013-10-23 00:00:00,2888.8024556268124,2892.473106777545,2844.7546418180173,2848.42529296875,880300,2507468785.4003906
2013-10-24 00:00:00,2830.0722741415334,2848.425531431686,2811.7190168513807,2841.084228515625,1178800,3349070088.5742188
2013-10-25 00:00:00,2830.072245492985,2837.413548334731,2804.377685546875,2804.377685546875,1442200,4044473498.095703
2013-10-28 00:00:00,2833.7426662569083,2837.413317379003,2804.377457280153,2822.730712890625,1001700,2827529355.102539
2013-10-29 00:00:00,2811.718519810268,2852.0956787109376,2800.7065673828124,2826.401123046875,875600,2474796823.3398438
2013-10-30 00:00:00,2855.766579396685,2863.1078816573445,2811.7187658327257,2830.072021484375,1326200,3753241514.892578
2013-10-31 00:00:00,2826.401123046875,2844.754377092634,2811.718519810268,2826.401123046875,1133700,3204290953.198242
2013-11-01 00:00:00,2830.0725273387293,2870.4496969894763,2782.3540541151187,2855.76708984375,1744100,4980743381.396484
2013-11-05 00:00:00,2815.389448060879,2866.778564453125,2815.389448060879,2866.778564453125,1332700,3820555792.8466797
2013-11-06 00:00:00,2844.7549024811183,2881.461417351842,2844.7549024811183,2870.449462890625,735700,2111789669.8486328
2013-11-07 00:00:00,2874.119384765625,2877.7900353208815,2848.4248308788315,2874.119384765625,1344000,3862816453.125
2013-11-08 00:00:00,2830.072052744378,2877.790517965749,2826.4014015735033,2866.778564453125,1175900,3371044913.9404297
2013-11-11 00:00:00,2888.8019756610574,2888.8019756610574,2855.7661207932692,2863.107421875,1117600,3199808854.6875
2013-11-12 00:00:00,2863.107710040984,2914.496822785309,2855.766408220366,2910.826171875,1236400,3598945478.90625
2013-11-13 00:00:00,2885.131839039668,2903.485095013203,2877.790536650254,2888.802490234375,813900,2351196346.801758
2013-11-14 00:00:00,2888.802742719047,2936.521212420886,2885.1320912035208,2899.814697265625,1575000,4567208148.193359
2013-11-15 00:00:00,2929.1794399898054,2943.8620436990273,2914.496836280583,2925.5087890625,1684400,4927727004.296875
2013-11-18 00:00:00,2932.8501110338184,2951.203365796233,2914.4968562714043,2947.53271484375,1550500,4570149474.365234
2013-11-19 00:00:00,2936.5207418444165,2940.191392771722,2914.496836280583,2925.5087890625,914300,2674792685.8398438
2013-11-20 00:00:00,2918.1676935086584,2932.8502982558716,2877.7905304538212,2881.461181640625,1346100,3878734896.6064453
2013-11-21 00:00:00,2888.802742719047,2914.4973033277297,2885.1320912035208,2899.814697265625,1242300,3602439798.413086
2013-11-22 00:00:00,2914.497546216532,2918.1681980379635,2885.1323316450807,2896.144287109375,1544800,4473963694.7265625
2013-11-25 00:00:00,2918.1682153443,2932.8508227171014,2903.485607971498,2921.8388671875,1092000,3190648042.96875
2013-11-26 00:00:00,2918.167721534556,2929.1796752007244,2899.814465424276,2914.4970703125,1253900,3654487876.4648438
2013-11-27 00:00:00,2903.484870054382,2910.826171875,2892.4729173234555,2910.826171875,1038200,3022019731.640625
2013-11-28 00:00:00,2921.8386285538063,2929.179931640625,2910.8266739235787,2929.179931640625,962600,2819628602.1972656
2013-11-29 00:00:00,2918.1682250976564,2936.521484375,2910.826921386719,2936.521484375,1080500,3172911463.8671875
2013-12-02 00:00:00,2936.5207686335402,2962.2153253590836,2932.850117672748,2954.8740234375,1326000,3918162955.078125
2013-12-03 00:00:00,2969.55737545814,2991.5812867717977,2962.216071686921,2973.22802734375,1502600,4467572433.886719
2013-12-04 00:00:00,2940.1913791574716,2962.2152846193253,2907.1555209646913,2910.826171875,1479800,4307440569.140625
2013-12-05 00:00:00,2921.838124605927,2951.2033318883987,2903.484870054382,2910.826171875,1452100,4226810684.1796875
2013-12-06 00:00:00,2907.1555344259723,2929.1794399898054,2896.1435816440558,2925.5087890625,1106500,3237075475.0976562
2013-12-09 00:00:00,2951.2038682994275,2965.886474609375,2940.1919135669673,2965.886474609375,1440700,4272952643.9697266
2013-12-10 00:00:00,2969.556884765625,2976.89818732376,2951.2036283702873,2969.556884765625,1231000,3655524525.1464844
2013-12-11 00:00:00,2943.862077185951,2969.5566339693696,2943.862077185951,2962.21533203125,993500,2942960932.373047
2013-12-12 00:00:00,2943.8625378142624,2947.5331893576717,2910.8266739235787,2929.179931640625,1188200,3480451594.7753906
2013-12-13 00:00:00,2932.850832519531,2962.216047363281,2925.5095288085936,2936.521484375,3294800,9675250986.71875
2013-12-16 00:00:00,2936.52145714512,2947.5334126094144,2892.4736352879436,2896.144287109375,1301900,3770490247.3876953
2013-12-17 00:00:00,2925.509257874308,2936.521212420886,2888.802742719047,2899.814697265625,1306400,3788317920.5078125
2013-12-18 00:00:00,2888.8022664131463,2918.167473695618,2881.4609645925284,2910.826171875,1895800,5518344256.640625
2013-12-19 00:00:00,2932.8505831840343,2936.5212347274437,2914.4973254669876,2929.179931640625,1471900,4311459941.381836
2013-12-20 00:00:00,2910.826654600585,2921.8386091577117,2892.473397005373,2903.4853515625,1892700,5495426724.902344
2013-12-24 00:00:00,2921.838849859395,2921.838849859395,2888.802983466512,2896.144287109375,1553400,4498870535.595703
2013-12-25 00:00:00,2885.1320912035208,2899.814697265625,2885.1320912035208,2899.814697265625,1405000,4074239649.658203
2013-12-26 00:00:00,2914.4968661552034,2958.544677734375,2907.1555642253415,2958.544677734375,1160400,3433095244.0429688
2013-12-27 00:00:00,2962.2158066138363,2965.8864581709786,2936.5212457138405,2943.862548828125,1307200,3848217123.828125
2013-12-30 00:00:00,2965.8860093941717,2991.58056640625,2958.5447073907208,2991.58056640625,1195400,3576135409.0820312
2014-01-06 00:00:00,2976.898401704946,2984.239704791765,2914.4973254669876,2929.179931640625,2185100,6400551068.62793
2014-01-07 00:00:00,2936.520735062893,2951.2033387382075,2914.496829549921,2918.16748046875,1406600,4104694378.0273438
2014-01-08 00:00:00,2932.850594156698,2943.862548828125,2921.838639485271,2943.862548828125,918000,2702465819.8242188
2014-01-09 00:00:00,2932.85032642278,2940.1916288668926,2910.8264190904442,2914.4970703125,1561800,4551861524.4140625
2014-01-10 00:00:00,2907.1560223801694,2940.191886270853,2896.1440677499413,2929.179931640625,2288100,6702256601.586914
2014-01-14 00:00:00,2894.675771735605,2908.6242474299943,2874.1201233438737,2882.195556640625,2051000,5911383086.669922
2014-01-15 00:00:00,2899.8139840016665,2918.9013671875,2890.2702924087494,2918.9013671875,1214600,3545297600.5859375
2014-01-16 00:00:00,2935.05297411008,2945.330798431626,2923.30688917117,2929.179931640625,946300,2771882969.3115234
2014-01-17 00:00:00,2928.4455498896277,2929.913810380923,2907.8899030114853,2920.3701171875,1055400,3082158621.6796875
2014-01-20 00:00:00,2923.3068736739256,2925.509264588296,2904.9536160541747,2908.624267578125,766300,2228878776.245117
2014-01-21 00:00:00,2921.838880348063,2954.1406167137197,2915.231707000542,2941.660400390625,1040800,3061680144.7265625
2014-01-22 00:00:00,2932.1157416044775,2957.810296175373,2918.901399253731,2951.203125,1268400,3743306043.75
2014-01-23 00:00:00,2958.54465420643,2965.1518258907618,2926.977056159066,2932.85009765625,1163400,3412077803.6132812
2014-01-24 00:00:00,2911.5603047642667,2936.520730977576,2896.1435709266343,2913.7626953125,1951400,5685916523.6328125
2014-01-27 00:00:00,2875.588615538706,2882.1957887681797,2859.437747644437,2864.57666015625,1983300,5681314890.087891
2014-01-28 00:00:00,2863.8417927380856,2877.790265965982,2855.7663608693038,2859.43701171875,1548700,4428410100.048828
2014-01-29 00:00:00,2892.4729240369497,2918.16748046875,2876.3220599941037,2918.16748046875,1294800,3778443253.7109375
2014-01-30 00:00:00,2879.2587871936,2882.1953081392335,2848.4253172644485,2877.056396484375,2093400,6022829860.400391
2014-01-31 00:00:00,2898.346188310376,2900.5485790309767,2854.2983738983644,2894.675537109375,1461400,4230278829.9316406
2014-02-03 00:00:00,2855.7663594913947,2899.0800394939633,2836.6789750834832,2857.96875,1526600,4362975093.75
2014-02-04 00:00:00,2826.4013147189658,2827.135444930581,2766.936767578125,2766.936767578125,2769600,7663308071.484375
2014-02-05 00:00:00,2811.7182016105867,2821.2618926343303,2731.698023026891,2755.190185546875,1934000,5328537818.847656
2014-02-06 00:00:00,2750.051971022477,2752.9884920806967,2711.877197265625,2711.877197265625,1528200,4144290732.861328
2014-02-07 00:00:00,2736.103296125394,2764.734374351552,2728.761994016123,2764.000244140625,1067700,2951123060.6689453
2014-02-10 00:00:00,2786.7585332838157,2789.6950543937037,2755.9250616299905,2772.075927734375,1171400,3247209741.748047
2014-02-12 00:00:00,2808.0481147023957,2837.413323745035,2801.4409426678017,2830.072021484375,1653100,4678392058.71582
2014-02-13 00:00:00,2801.4406482514883,2808.047819591704,2769.873051848235,2775.011962890625,1361000,3776791281.4941406
2014-02-14 00:00:00,2775.0119493236507,2808.781936008542,2747.1150038013493,2761.0634765625,1817200,5017404549.609375
2014-02-17 00:00:00,2775.0122089673373,2786.7582923915375,2750.785911904924,2777.214599609375,746900,2074301584.4482422
2014-02-18 00:00:00,2810.2505104011616,2845.4887613152828,2789.6948640345913,2835.945068359375,1238100,3511183589.135742
2014-02-19 00:00:00,2793.3652917053473,2857.968746546365,2791.1629011994037,2854.298095703125,870300,2484095632.6904297
2014-02-20 00:00:00,2858.7031034953857,2858.7031034953857,2817.591810789751,2833.74267578125,1100200,3117683691.8945312
2014-02-21 00:00:00,2857.2348973013527,2902.0168419918414,2857.2348973013527,2897.612060546875,1226500,3553921192.260742
2014-02-24 00:00:00,2888.8017553909626,2909.3573968524483,2850.6269926767745,2886.599365234375,990600,2859465331.201172
2014-02-25 00:00:00,2877.7905580919396,2916.6994610457336,2871.1833858922387,2914.4970703125,1040800,3033408550.78125
2014-02-26 00:00:00,2909.3586538480386,2946.0651723169767,2896.8784375685996,2926.24365234375,850800,2489648099.4140625
2014-02-27 00:00:00,2917.433350284984,2932.1159539602986,2896.877705139544,2918.16748046875,759800,2217223651.6601562
2014-02-28 00:00:00,2922.5725030010235,2932.85032642278,2893.207293224575,2914.4970703125,1081700,3152611480.9570312
2014-03-03 00:00:00,2896.1435464936117,2908.6237594949785,2849.159215194349,2887.333984375,913700,2638157061.5234375
2014-03-04 00:00:00,2857.9682931987336,2895.408925860726,2848.424602520187,2886.599365234375,886500,2558970337.2802734
2014-03-05 00:00:00,2914.496836280583,2943.1279135135665,2913.028575909661,2925.5087890625,1078200,3154283576.3671875
2014-03-06 00:00:00,2936.521023254017,2996.719704230725,2936.521023254017,2969.556884765625,1895700,5629388986.450195
2014-03-07 00:00:00,2986.4418915268125,3006.2634085059726,2979.8347192004253,2982.771240234375,1489500,4442837762.329102
2014-03-10 00:00:00,2982.771735222456,2998.1884732090843,2974.6963010389836,2993.049560546875,1448600,4335731593.408203
2014-03-11 00:00:00,2976.898465320261,3017.2756331606097,2975.430204671521,3015.0732421875,1216700,3668439613.7695312
2014-03-12 00:00:00,3014.3393454282054,3024.617170765759,2993.783694753098,2998.922607421875,1230200,3689274591.6503906
2014-03-13 00:00:00,2995.985335675607,3013.6044604137137,2972.4931693581307,2978.3662109375,997000,2969431112.3046875
2014-03-14 00:00:00,2921.8385950918414,2926.9775071937615,2877.0566467751073,2885.132080078125,3380600,9753477509.91211
2014-03-17 00:00:00,2888.802243361064,2903.4848468851355,2868.9807286035675,2885.86572265625,1012000,2920496111.328125
2014-03-18 00:00:00,2943.8625250110285,2970.291216008634,2907.890140042066,2912.294921875,1415300,4121771002.9296875
2014-03-19 00:00:00,2913.7626966650796,2945.3302945377422,2888.0681402570985,2915.23095703125,1321000,3851020094.2382812
2014-03-20 00:00:00,2931.3815188554768,2932.115648962879,2860.1708984375,2860.1708984375,1680600,4806803211.9140625
2014-03-24 00:00:00,2957.0759095076464,2960.012429775281,2911.559845359316,2940.19091796875,2064700,6070612188.330078
2014-03-25 00:00:00,2943.8623155974583,2982.771219020567,2942.394055090926,2957.07666015625,1803100,5331904925.927734
2014-03-26 00:00:00,2973.227512247254,2976.898163496942,2932.1162182507487,2940.92578125,2024900,5955080614.453125
2014-03-27 00:00:00,2921.4492797851562,2998.6055043538413,2906.467488606771,2984.372802734375,1883800,5621961485.791016
2014-03-28 00:00:00,2973.8854079850294,3012.088973679547,2971.6381394147634,3005.34716796875,1249800,3756082890.5273438
2014-03-31 00:00:00,3005.3475033734912,3024.074743549049,2993.3620696611342,3009.842041015625,1204600,3625655722.607422
2014-04-01 00:00:00,2980.627534858097,2987.369341295323,2941.6748754430123,2949.165771484375,1511700,4458253896.75293
2014-04-02 00:00:00,2943.9218846305475,2957.4054963158783,2923.696467102551,2924.445556640625,1178000,3444996865.7226562
2014-04-03 00:00:00,2949.1658789485145,2957.4058648942687,2931.936817425574,2942.424072265625,850600,2502825915.8691406
2014-04-04 00:00:00,2925.944436564282,2955.158935546875,2925.944436564282,2955.158935546875,590400,1744725835.546875
2014-04-07 00:00:00,2949.9146779209796,2958.9037526124603,2928.940170307524,2940.176513671875,840500,2471218359.741211
2014-04-08 00:00:00,2921.4497109015438,2940.176952638092,2893.7333931314524,2929.689697265625,1768300,5180570291.674805
2014-04-09 00:00:00,2904.2205002529117,2911.711396565145,2860.7733016419575,2898.227783203125,1773000,5138557859.619141
2014-04-10 00:00:00,2928.1912093073684,2935.682105212478,2888.489461010287,2894.482177734375,1374000,3977018512.2070312
2014-04-11 00:00:00,2854.0314164508404,2905.7185995834147,2846.5405203446703,2874.2568359375,2276500,6543245687.011719
2014-04-14 00:00:00,2850.2861732071365,2912.4606153559384,2850.2861732071365,2888.48974609375,1011800,2922573925.0976562
2014-04-15 00:00:00,2901.9732095671375,2904.96956806953,2856.278742405652,2857.02783203125,1014700,2899026141.1621094
2014-04-16 00:00:00,2898.977224102457,2946.9189663098364,2891.4863268825543,2943.922607421875,1196600,3522697792.0410156
2014-04-17 00:00:00,2951.413019776072,2970.8893493481983,2944.6712133857204,2952.162109375,1031400,3044859999.609375
2014-04-18 00:00:00,2965.645650843754,2966.394740424669,2932.68570928348,2944.671142578125,672900,1981469211.8408203
2014-04-21 00:00:00,2952.162552337104,2985.8715893467893,2946.169834646493,2949.915283203125,1019100,3006258665.1123047
2014-04-22 00:00:00,2966.3950490598686,2966.3950490598686,2934.9332833880217,2935.682373046875,546800,1605231121.5820312
2014-04-23 00:00:00,2943.921676856884,2950.663482223732,2928.1907976675725,2946.1689453125,545100,1605956692.0898438
2014-04-24 00:00:00,2939.4282139974457,2949.1663808633903,2904.97008508718,2914.708251953125,857600,2499653796.875
2014-04-25 00:00:00,2925.194847954644,2978.3802088265465,2919.951220826428,2966.394775390625,743600,2205811154.9804688
2014-04-28 00:00:00,2970.1402296328347,2972.3874984068316,2932.6857500662163,2938.678466796875,841100,2471722458.4228516
2014-04-30 00:00:00,2960.4022070362034,2968.642192936355,2940.1767870994686,2953.660400390625,802200,2369426373.1933594
2014-05-01 00:00:00,2966.3947597287734,2978.380193101415,2947.6675200840214,2977.631103515625,703300,2094167955.102539
2014-05-02 00:00:00,2958.9039865550258,2981.376675060507,2956.6567177044776,2959.653076171875,623300,1844751762.3779297
2014-05-07 00:00:00,2943.1732032620175,2951.413189323581,2922.9477829290895,2936.431396484375,1307500,3839384050.9033203
2014-05-08 00:00:00,2958.154996286657,2994.8603887450126,2945.420472372534,2980.627685546875,888000,2646797384.765625
2014-05-09 00:00:00,2973.1367231052723,2992.6130533649693,2970.8894542291537,2981.376708984375,762900,2274492291.2841797
2014-05-12 00:00:00,2985.1223484044126,3009.8423076258296,2961.1514788563723,2962.649658203125,1152300,3413861201.147461
2014-05-13 00:00:00,3003.84912109375,3006.0963897628976,2921.449269891677,3003.84912109375,1194300,3587497005.3222656
2014-05-14 00:00:00,2996.3580077638785,3010.5907083007573,2972.387143701768,3009.092529296875,1284700,3865781172.3876953
2014-05-15 00:00:00,2992.613022589338,3048.045654296875,2984.3730367949743,3048.045654296875,1762500,5372180465.698242
2014-05-16 00:00:00,2996.3587480709875,3045.0495777271412,2992.613299635899,3033.813232421875,1066400,3235258431.0546875
2014-05-19 00:00:00,3026.3221580560016,3054.0384748500787,3012.8385444805044,3033.06396484375,822700,2495301723.876953
2014-05-20 00:00:00,3070.5187501792957,3081.006006217966,3043.5515203655714,3060.031494140625,1584500,4848619902.46582
2014-05-21 00:00:00,3045.0492185354233,3078.75825047493,3041.303770542145,3068.27099609375,1334500,4094607644.2871094
2014-05-22 00:00:00,3081.005472028005,3105.7254284045976,3075.0127553306493,3101.97998046875,1586000,4919740249.0234375
2014-05-23 00:00:00,3101.2310773426243,3134.9401107920007,3096.736539549374,3119.209228515625,1265100,3946111594.995117
2014-05-26 00:00:00,3112.4670816370453,3114.714350288047,3053.2890071606735,3106.474365234375,1426500,4431385682.006836
2014-05-27 00:00:00,3108.721866785923,3139.434540650555,3104.9764187536507,3125.950927734375,1299400,4061860635.498047
2014-05-28 00:00:00,3137.1875870805193,3140.9330354891636,3122.9548831276707,3133.442138671875,868200,2720454464.794922
2014-05-29 00:00:00,3113.9654689867566,3134.9399777987915,3110.2200209846073,3120.707275390625,633100,1975719776.0498047
2014-05-30 00:00:00,3125.950235054959,3128.946592816814,3093.739389115021,3119.95751953125,1462600,4563249868.066406
2014-06-02 00:00:00,3142.430991676406,3175.390935331653,3138.6855435337643,3174.641845703125,1514900,4809264932.055664
2014-06-03 00:00:00,3186.6270445917694,3208.3506422159257,3176.888880139561,3191.12158203125,1195700,3815624075.6347656
2014-06-04 00:00:00,3191.8711258468097,3213.5947265625,3178.3875116094846,3213.5947265625,1358400,4365347076.5625
2014-06-05 00:00:00,3170.896251318487,3212.096178987402,3147.6744739050987,3151.419921875,1848100,5824139157.6171875
2014-06-06 00:00:00,3161.1583232993576,3166.4019508498545,3124.452930445882,3134.940185546875,1121400,3515521924.0722656
2014-06-09 00:00:00,3143.9288479803618,3143.9288479803618,3110.219818159271,3114.71435546875,1047200,3261728873.046875
2014-06-10 00:00:00,3131.1944488540153,3131.1944488540153,3092.990880219672,3096.736328125,718300,2224385704.4921875
2014-06-11 00:00:00,3100.48193359375,3112.4673674998867,3085.500141211079,3100.48193359375,745300,2310789185.107422
2014-06-12 00:00:00,3060.7799983344344,3086.249043841867,3049.543654728214,3083.252685546875,1020600,3146767690.8691406
2014-06-13 00:00:00,3044.3003015681547,3115.4638174758747,3044.3003015681547,3104.9765625,1874300,5819657571.09375
2014-06-16 00:00:00,3102.7287428320456,3104.2269218483816,3067.521535948147,3078.0087890625,743400,2288191733.7890625
2014-06-17 00:00:00,3069.0202231576645,3140.9328278496673,3068.271133525456,3119.209228515625,981400,3061191936.8652344
2014-06-18 00:00:00,3136.4377900553773,3148.4232222600313,3126.699626389096,3138.68505859375,717400,2251692661.0351562
2014-06-19 00:00:00,3122.2057019630843,3180.634695425925,3112.467536385944,3173.143798828125,1064600,3378128888.232422
2014-06-20 00:00:00,3148.423550964655,3206.8525390625,3148.423550964655,3206.8525390625,2204900,7070789163.378906
2014-06-23 00:00:00,3209.849058243957,3212.8454167580703,3170.8963975604834,3174.641845703125,951500,3020671716.1865234
2014-06-24 00:00:00,3178.3867760097855,3203.1067297237432,3161.906806867147,3197.114013671875,615100,1966544829.8095703
2014-06-25 00:00:00,3184.379578023289,3200.1104580840956,3179.135951336353,3193.36865234375,495600,1582633504.1015625
2014-06-26 00:00:00,3197.8632097676427,3202.3577469563534,3180.634150544252,3190.372314453125,539500,1721205863.647461
2014-06-27 00:00:00,3201.608656086737,3203.1068351490144,3141.681493595642,3154.416015625,1010000,3185960175.78125
2014-06-30 00:00:00,3168.648732838824,3179.885075863075,3140.9324200456713,3179.135986328125,738600,2348109839.501953
2014-07-01 00:00:00,3197.1141351669266,3203.1068514465273,3161.1578374893234,3179.135986328125,1011600,3216013963.7695312
2014-07-02 00:00:00,3179.885111924164,3211.3468727488553,3179.885111924164,3200.859619140625,1000400,3202139962.9882812
2014-07-03 00:00:00,3211.34652302341,3212.8447019471437,3174.641139391932,3179.884765625,788300,2506703160.7421875
2014-07-04 00:00:00,3199.3610916335397,3199.3610916335397,3172.393871006331,3179.884765625,521500,1658309905.2734375
2014-07-07 00:00:00,3183.6314532773713,3184.3805430310836,3166.4023889419877,3168.649658203125,607400,1924637802.3925781
2014-07-08 00:00:00,3157.4120495960674,3183.6301804942555,3145.4266183283244,3166.401123046875,977700,3095790378.0029297
2014-07-09 00:00:00,3131.9436220067496,3172.3944604636654,3131.9436220067496,3164.903564453125,831900,2632883275.2685547
2014-07-10 00:00:00,3165.6531779601833,3167.1513574102355,3138.6859478592446,3142.431396484375,942000,2960170375.4882812
2014-07-11 00:00:00,3101.9793136879116,3172.393719746029,3100.481134835611,3156.662841796875,1406900,4441108952.124023
2014-07-14 00:00:00,3157.412915972745,3181.3837850857053,3149.9220193749447,3173.143798828125,594400,1886116674.0234375
2014-07-15 00:00:00,3175.3908825134963,3212.0962737008426,3165.6527175046085,3200.11083984375,960900,3074986506.0058594
2014-07-16 00:00:00,3180.6346125490577,3203.856391397155,3180.6346125490577,3185.129150390625,832700,2652257043.5302734
2014-07-17 00:00:00,3194.1182053644857,3201.60910171853,3185.8782193750367,3188.12548828125,469500,1496824916.7480469
2014-07-18 00:00:00,3156.6636859814175,3167.15094075212,3134.940086813534,3158.161865234375,675100,2132075075.2197266
2014-07-22 00:00:00,3173.1430073553315,3188.124796814044,3158.161217896619,3168.27392578125,672400,2130347387.6953125
2014-07-23 00:00:00,3168.649012458395,3172.3944604636654,3154.0417652378424,3164.903564453125,536800,1698920233.3984375
2014-07-24 00:00:00,3176.1397630075767,3187.3761065087824,3148.0489042545614,3163.77978515625,871400,2756917704.7851562
2014-07-25 00:00:00,3168.648879523026,3203.4815445106906,3164.9034316748903,3202.35791015625,866100,2773562185.986328
2014-07-28 00:00:00,3205.354325667748,3255.543327728916,3200.859788169733,3243.183349609375,1240900,4024466218.5302734
2014-07-29 00:00:00,3245.8048350149743,3286.630213161366,3245.8048350149743,3282.884765625,1209000,3969007681.640625
2014-07-30 00:00:00,3278.0158062840405,3305.7321190885446,3275.3939929106414,3300.863037109375,1112700,3672870301.3916016
2014-07-31 00:00:00,3310.2264185352847,3327.830021349401,3292.6228157211685,3295.24462890625,1097200,3615542406.8359375
2014-08-01 00:00:00,3290.3756405317185,3322.2119443957135,3266.030231694546,3285.881103515625,1116700,3669343428.2958984
2014-08-04 00:00:00,3243.5579415889356,3294.8705787711165,3186.2525876555515,3267.52880859375,1046400,3419142145.3125
2014-08-05 00:00:00,3272.7718212907434,3292.99723652875,3258.539121678813,3263.408203125,992700,3239585323.2421875
2014-08-06 00:00:00,3246.9285733597003,3275.0194307829297,3230.0740589057623,3240.186767578125,898700,2911955848.022461
2014-08-07 00:00:00,3239.812929211347,3258.5401715767307,3221.4602316932715,3257.0419921875,702600,2288397703.7109375
2014-08-08 00:00:00,3220.7108242857976,3243.5580577177584,3170.8963645079148,3175.016357421875,1446700,4593296164.282227
2014-08-11 00:00:00,3184.37974051735,3187.3760987770697,3131.194381407321,3169.39794921875,1728800,5479255174.609375
2014-08-12 00:00:00,3178.0126069319454,3218.837989861301,3173.5180693617413,3217.71435546875,783600,2521400968.9453125
2014-08-13 00:00:00,3187.3762398168233,3204.230755773551,3158.1617454918273,3162.28173828125,1019400,3223630004.0039062
2014-08-14 00:00:00,3179.510887826762,3209.4744725865853,3164.1545506373527,3202.732666015625,924100,2959645256.665039
2014-08-15 00:00:00,3209.4739858522103,3243.557558347548,3203.4812698090736,3238.6884765625,843500,2731833729.9804688
2014-08-18 00:00:00,3232.3212798952754,3269.40121114784,3232.3212798952754,3251.797607421875,922000,2998157394.0429688
2014-08-19 00:00:00,3272.772476862153,3276.5179248787035,3253.296147176088,3261.5361328125,725700,2366896771.5820312
2014-08-20 00:00:00,3243.5581136585456,3257.790816697694,3235.692672505332,3237.93994140625,453200,1467434381.4453125
2014-08-21 00:00:00,3250.6737690759865,3256.291940125202,3228.9501743523538,3245.8046875,643800,2089649057.8125
2014-08-22 00:00:00,3250.299642096508,3257.790537791591,3233.8196715673253,3238.314208984375,524000,1696876645.5078125
2014-08-25 00:00:00,3237.939858231862,3246.1798439902313,3225.954424401507,3227.8271484375,586700,1893766187.9882812
2014-08-26 00:00:00,3234.568610963599,3246.554043519277,3222.957723175286,3228.950439453125,517500,1670981852.4169922
2014-08-27 00:00:00,3233.070561662237,3256.2923381709325,3223.332397319881,3241.310546875,533700,1729887438.8671875
2014-08-28 00:00:00,3224.8307784453395,3249.5507356320286,3224.8307784453395,3247.303466796875,465100,1510320842.4072266
2014-08-29 00:00:00,3248.0525939189965,3258.165303793975,3233.070801511621,3255.1689453125,664000,2161432179.6875
2014-09-01 00:00:00,3256.2919322025014,3265.6555505950782,3249.175582224143,3265.281005859375,422800,1380560809.2773438
2014-09-02 00:00:00,3265.6561999976625,3276.892544303194,3249.1762283495495,3255.1689453125,882300,2872035560.4492188
2014-09-03 00:00:00,3266.7804553484316,3269.0277246366786,3213.595082193252,3215.09326171875,1411300,4537461120.263672
2014-09-04 00:00:00,3215.0928402374457,3228.9509990315723,3189.623791642834,3192.24560546875,845400,2698724434.8632812
2014-09-05 00:00:00,3220.7106201744973,3220.7106201744973,3181.0088727924185,3191.12158203125,704500,2248145154.5410156
2014-09-08 00:00:00,3189.249288384749,3201.6092680109027,3176.140219084283,3186.2529296875,640200,2039839125.5859375
2014-09-09 00:00:00,3216.9654560310196,3216.9654560310196,3196.74003576956,3198.9873046875,753500,2410436934.0820312
2014-09-10 00:00:00,3217.714157611773,3259.288627579752,3213.2196203179374,3255.917724609375,1215200,3956591218.9453125
2014-09-11 00:00:00,3281.0125372152224,3281.0125372152224,3249.1762283495495,3255.1689453125,962100,3131798042.2851562
2014-09-12 00:00:00,3255.918469182157,3262.285731804508,3237.5657710353807,3258.540283203125,2231300,7270780933.911133
2014-09-16 00:00:00,3246.5547450970507,3261.1619941808976,3238.314758434368,3251.423828125,658000,2139436878.90625
2014-09-17 00:00:00,3260.03795360588,3279.5142832919446,3254.7943263827087,3261.5361328125,544900,1777211038.7695312
2014-09-18 00:00:00,3281.012219785488,3295.6194659694647,3278.7649511417994,3283.634033203125,1080300,3547309846.069336
2014-09-19 00:00:00,3295.994467244823,3334.5725843046207,3295.619922419,3328.205322265625,1516700,5047889012.280273
2014-09-22 00:00:00,3328.20448844401,3370.902587890625,3328.20448844401,3370.902587890625,1130300,3810131195.0927734
2014-09-24 00:00:00,3367.158224054446,3375.772755662149,3344.3109880514066,3364.161865234375,980000,3296878627.9296875
2014-09-25 00:00:00,3376.1466827663603,3378.019406686244,3361.913980975244,3373.8994140625,1074000,3623567970.703125
2014-09-26 00:00:00,3348.028099641074,3372.377394911191,3317.5914805534276,3352.213134765625,1306800,4380672124.511719
2014-09-29 00:00:00,3354.115756770775,3393.6833655167097,3350.6916367831464,3392.5419921875,1155200,3919064509.375
2014-09-30 00:00:00,3392.1612123027057,3392.1612123027057,3341.5603328459692,3374.66015625,1131200,3817415568.75
2014-10-01 00:00:00,3377.3232185609877,3378.8450494581652,3352.21300875756,3361.343994140625,765200,2572100424.3164062
2014-10-02 00:00:00,3338.897849062824,3341.5610538193696,3289.818789977922,3299.710693359375,1353000,4464508568.115234
2014-10-03 00:00:00,3252.914169750229,3271.556601834178,3216.7706789752265,3268.512939453125,1999300,6534737919.848633
2014-10-06 00:00:00,3309.9826168522955,3331.668709859259,3276.882790683773,3325.200927734375,1195300,3974612668.9208984
2014-10-07 00:00:00,3282.2082730707148,3333.1896001359146,3282.2082730707148,3316.449462890625,889400,2949650152.294922
2014-10-08 00:00:00,3296.6671684240605,3314.1682289834957,3281.8293127323655,3313.02685546875,1058200,3505845018.4570312
2014-10-09 00:00:00,3300.471754752908,3316.070526158657,3254.4363562139915,3260.523681640625,1388400,4526911079.589844
2014-10-10 00:00:00,3259.7625138192807,3271.9371637308373,3217.5316969385685,3226.2822265625,1994900,6436110413.769531
2014-10-14 00:00:00,3176.822727064318,3266.6107706076923,3170.3549442667018,3225.140869140625,2203500,7106597905.151367
2014-10-15 00:00:00,3226.2823258287867,3238.837433936375,3181.388302898622,3207.639892578125,1135200,3641312806.0546875
2014-10-16 00:00:00,3155.8977908336137,3220.1951659572883,3150.5713810600546,3184.43212890625,1558900,4964211245.751953
2014-10-17 00:00:00,3158.9417609985844,3196.607090920162,3099.59033203125,3099.59033203125,1571200,4870076329.6875
2014-10-20 00:00:00,3161.223602746205,3223.618676864676,3150.570785213783,3216.009521484375,1624500,5224407467.651367
2014-10-21 00:00:00,3232.3692200470705,3232.3692200470705,3149.048968259134,3162.364990234375,1060400,3353371835.6445312
2014-10-22 00:00:00,3187.8556537513286,3221.716395269871,3165.4086453289237,3221.3359375,1122000,3614338921.875
2014-10-23 00:00:00,3193.5625419781363,3218.2922971876405,3157.0385958225606,3173.017822265625,1101200,3494127225.8789062
2014-10-24 00:00:00,3211.0636465992648,3245.3048466222426,3197.7476243681067,3233.89111328125,1230800,3980273182.2265625
2014-10-27 00:00:00,3261.2838910216997,3271.556250454456,3222.857657588056,3229.325439453125,1160300,3746986307.397461
2014-10-28 00:00:00,3217.5312174345036,3253.6747039730253,3215.628928669318,3231.608154296875,677000,2187798720.4589844
2014-10-29 00:00:00,3241.5002972146735,3263.1863907523775,3209.1613857987995,3255.19677734375,956500,3113595717.529297
2014-10-30 00:00:00,3271.937045672082,3281.8289483683,3188.236330550238,3217.151123046875,2280800,7337678281.4453125
2014-10-31 00:00:00,3173.0178176677664,3313.406735499829,3158.560422335467,3272.69775390625,2853200,9337661231.445312
2014-11-04 00:00:00,3348.0277472788025,3348.0277472788025,3254.4351534344178,3259.381103515625,2621300,8543815686.645508
2014-11-05 00:00:00,3233.891239872685,3329.0056881042347,3232.7498664939067,3317.972412109375,1865300,6189013940.307617
2014-11-06 00:00:00,3316.4505551611906,3332.0493245499265,3264.3278379354156,3284.87255859375,1455700,4781788983.544922
2014-11-07 00:00:00,3317.5917722933355,3343.0824430208186,3294.003390426112,3325.200927734375,1139800,3790064017.4316406
2014-11-10 00:00:00,3298.5685567954333,3324.8201404654315,3275.3606350002174,3278.404296875,1052700,3451176203.3203125
2014-11-11 00:00:00,3281.8281433656716,3335.8531371470217,3274.2189893119603,3327.863525390625,1089800,3626705669.970703
2014-11-12 00:00:00,3348.028430051078,3392.541989859712,3337.7560700952395,3351.8330078125,1663600,5576109391.796875
2014-11-13 00:00:00,3351.0722702579633,3376.1824848171173,3326.7229712915114,3368.19287109375,897800,3023963559.6679688
2014-11-14 00:00:00,3401.292949046064,3401.292949046064,3318.3531433534417,3356.39892578125,2537100,8515519714.599609
2014-11-17 00:00:00,3329.7656904145833,3342.701251826157,3248.7282027479578,3271.5556640625,1770200,5791307836.5234375
2014-11-18 00:00:00,3312.2656342160344,3319.4943324758674,3280.6876365546595,3305.7978515625,1070400,3538526020.3125
2014-11-19 00:00:00,3300.090827337725,3335.0929435603525,3292.481671637154,3305.417236328125,1108300,3663393923.022461
2014-11-20 00:00:00,3309.602470942026,3319.1139161395827,3284.8727134283768,3297.04736328125,1131900,3731927910.498047
2014-11-21 00:00:00,3284.4923961587024,3303.134829543595,3234.6524211909286,3269.654541015625,1651400,5399507509.033203
2014-11-25 00:00:00,3302.374090407028,3302.374090407028,3198.1286410093867,3239.97900390625,3281300,10631343105.517578
2014-11-26 00:00:00,3256.7183416651987,3260.5229191671438,3229.705841401387,3239.21728515625,1106700,3584841769.482422
2014-11-27 00:00:00,3235.4129566337137,3239.217534428438,3196.2258053480514,3203.8349609375,1106800,3546004534.765625
2014-11-28 00:00:00,3218.672668528753,3248.728831745511,3216.770379717566,3237.695556640625,728400,2358337443.4570312
2014-12-01 00:00:00,3218.672868781199,3267.371465377416,3216.0096642798435,3258.240478515625,858800,2798176922.9492188
2014-12-02 00:00:00,3204.2152275063877,3236.1736790749624,3203.4543119928503,3229.325439453125,1429800,4617289513.330078
2014-12-03 00:00:00,3310.74371507983,3405.0972477550536,3285.2530429457975,3399.390380859375,3561600,12107268780.46875
2014-12-04 00:00:00,3442.001669000531,3585.814715411739,3432.4902241320647,3572.879150390625,4891200,17475666500.390625
2014-12-05 00:00:00,3626.142796156686,3792.783289779247,3615.489979212778,3792.40283203125,7275100,27590109843.310547
2014-12-08 00:00:00,3747.508356741462,3834.252712613244,3737.616456510469,3761.204833984375,4235000,15928702471.923828
2014-12-09 00:00:00,3682.8319321065987,3728.4868734137053,3577.8255671002535,3597.609375,3618400,13017589762.5
2014-12-10 00:00:00,3545.865800473771,3591.52072494339,3515.8096418646046,3528.36474609375,2767700,9765455107.763672
2014-12-11 00:00:00,3500.2114391234204,3528.3653137424567,3472.4380222695063,3522.658447265625,1729800,6093494582.080078
2014-12-12 00:00:00,3523.038392003626,3537.115327263252,3494.504063774655,3494.884521484375,3030600,10591597030.810547
2014-12-15 00:00:00,3411.565066904434,3454.5567979806247,3407.7604889330896,3414.228271484375,1878200,6412603539.501953
2014-12-16 00:00:00,3359.441745116409,3408.901249857647,3325.5810072551,3340.79931640625,2098800,7011669605.2734375
2014-12-17 00:00:00,3336.9946843169596,3427.924080001802,3336.233768871898,3397.867919921875,2694300,9154875536.645508
2014-12-18 00:00:00,3440.859432576809,3479.6661179066227,3414.2273936249762,3478.144287109375,2494800,8677274367.480469
2014-12-19 00:00:00,3572.8786626832098,3574.020035911625,3535.97426163111,3561.08447265625,2842500,10122382613.52539
2014-12-22 00:00:00,3576.302702194233,3614.3484756218313,3572.878582585749,3602.173828125,1851200,6668344190.625
2014-12-24 00:00:00,3652.395331045994,3655.438993821866,3577.8255930371383,3590.000244140625,1074400,3857096262.3046875
2014-12-25 00:00:00,3574.0203170566015,3593.0432056932664,3567.5525349201353,3587.716796875,578400,2075135395.3125
2014-12-26 00:00:00,3589.2388950021023,3603.315833640546,3579.3469921750875,3591.902099609375,422700,1518297017.5048828
2014-12-29 00:00:00,3614.3491006497475,3628.0455814522097,3553.8563104388727,3598.369873046875,863300,3106472711.401367
2014-12-30 00:00:00,3594.5651684068657,3628.0454536333477,3549.2906917937817,3554.99755859375,982500,3492785101.3183594
2015-01-05 00:00:00,3538.257307619662,3631.469462497814,3533.3113565444946,3603.696044921875,1471300,5302117990.893555
2015-01-06 00:00:00,3538.2570263211783,3568.6936459024355,3505.157202526561,3512.766357421875,1907900,6702006933.325195
2015-01-07 00:00:00,3489.558681765462,3555.758334036198,3488.4173084504496,3541.681396484375,1266300,4484831152.368164
2015-01-08 00:00:00,3590.7600328476415,3667.61249381768,3570.5957732861957,3653.916015625,1565900,5721667088.8671875
2015-01-09 00:00:00,3686.635650015844,3688.537938792942,3631.8497332354227,3658.101318359375,1527700,5588481384.057617
2015-01-13 00:00:00,3647.8296695641393,3788.979524320949,3640.981428632542,3786.69677734375,2120000,8027797167.96875
2015-01-14 00:00:00,3737.6172388408654,3800.012314896434,3721.2575542653203,3763.10791015625,1695500,6380349461.669922
2015-01-15 00:00:00,3785.554688702663,3870.7772264181804,3750.933032755734,3861.646240234375,2593400,10014793359.423828
2015-01-16 00:00:00,3762.7272232431496,3866.972648841595,3762.7272232431496,3861.646240234375,1978700,7641039415.551758
2015-01-19 00:00:00,3857.842450620955,3947.630499767557,3829.6885708038003,3938.49951171875,1610900,6344528863.427734
2015-01-20 00:00:00,3942.3035904165417,3956.7609863281255,3915.6715453162565,3956.760986328125,1537600,6083915692.578125
2015-01-21 00:00:00,3954.4780706823226,3988.71927006287,3930.1287733450445,3986.4365234375,1581800,6305745292.7734375
2015-01-22 00:00:00,3994.805804159285,4045.78713537427,3946.8681345093732,3972.7392578125,1832400,7279647416.015625
2015-01-23 00:00:00,3956.7604199464736,3956.7604199464736,3884.473450735913,3927.084716796875,1210700,4754521466.625977
2015-01-26 00:00:00,3911.1067240630987,3974.262727583962,3889.04016861605,3971.97998046875,980500,3894526370.8496094
2015-01-27 00:00:00,4016.113616640539,4141.664724398343,4008.5044585946116,4140.90380859375,1773300,7343064723.779297
2015-01-28 00:00:00,4108.943624042495,4178.947848748404,4094.486229809753,4172.099609375,1372300,5725372293.9453125
2015-01-29 00:00:00,4167.534266743366,4287.758917856285,4153.8377875026545,4255.03955078125,2151600,9155143097.460938
2015-01-30 00:00:00,4288.52073470406,4571.581365170686,4207.8636733345365,4480.271484375,4477500,20060415571.289062
2015-02-02 00:00:00,4403.419459620514,4656.804405197433,4386.6793130658825,4653.7607421875,4876400,22693598883.203125
2015-02-03 00:00:00,4660.6076934633875,4793.767913276627,4406.461902505547,4500.8154296875,4389000,19754078920.898438
2015-02-04 00:00:00,4548.752912909195,4595.929674468307,4456.682136318025,4561.6884765625,2234800,10194461407.421875
2015-02-05 00:00:00,4561.68696293197,4561.68696293197,4466.572555864997,4493.20458984375,1587600,7133411606.8359375
2015-02-06 00:00:00,4516.034232827105,4561.689170311457,4475.705704715929,4558.6455078125,1517500,6917744558.105469
2015-02-09 00:00:00,4603.5389404296875,4717.67626953125,4602.7780249023435,4717.67626953125,2128500,10041573939.697266
2015-02-10 00:00:00,4677.348034902489,4683.435359496474,4573.863516804761,4673.54345703125,1657000,7744061508.300781
2015-02-12 00:00:00,4714.632656376416,4758.004841885366,4683.435119431381,4702.4580078125,1689100,7942921820.996094
2015-02-13 00:00:00,4697.130937658791,4755.721425622459,4666.694320534807,4679.6298828125,1778300,8321785820.605469
2015-02-16 00:00:00,4755.721835081437,4813.551412596028,4695.609511086008,4791.48486328125,2288600,10965792258.105469
2015-02-17 00:00:00,4717.676373389381,4792.246096710697,4717.676373389381,4768.65771484375,1015800,4844002506.738281
2015-02-18 00:00:00,4754.960954110337,4773.983841588775,4719.958841150012,4742.025390625,1698900,8056226936.1328125
2015-02-19 00:00:00,4754.200197668691,4755.722028717881,4708.545266192999,4730.61181640625,1804200,8534969839.160156
2015-02-20 00:00:00,4717.675511218079,4729.089242293607,4626.365662613858,4678.10791015625,1950300,9123713857.177734
2015-02-23 00:00:00,4687.239662958642,4766.374878047554,4687.239662958642,4728.3291015625,1380500,6527458324.707031
2015-02-24 00:00:00,4717.676467871125,4767.896894787173,4688.761676616431,4761.8095703125,1439700,6855577238.378906
2015-02-25 00:00:00,4759.526527614904,4767.135682734992,4713.110681382368,4724.5244140625,1169800,5526748659.5703125
2015-02-26 00:00:00,4698.654099237351,4793.7685546875,4698.654099237351,4793.7685546875,1681600,8061201201.5625
2015-02-27 00:00:00,4793.767866619272,4815.073501582025,4738.22103260924,4749.634765625,1780000,8454349882.8125
2015-03-02 00:00:00,4713.1102415029645,4773.222561341313,4687.239116509244,4732.89404296875,1152600,5455133673.925781
2015-03-03 00:00:00,4719.19919078125,4763.3323015625,4702.4590453125,4755.72314453125,1554000,7390393766.6015625
2015-03-04 00:00:00,4754.9609045489815,4786.1584396884455,4703.2186511469445,4780.83203125,1409200,6737148498.4375
2015-03-05 00:00:00,4794.528344755575,5124.765656551151,4786.919190105908,5122.48291015625,4405000,22564537219.23828
2015-03-06 00:00:00,5120.962607375325,5360.6510503654035,5119.440775991261,5267.8193359375,5186500,27321544985.839844
2015-03-09 00:00:00,5251.078521999132,5268.579580687146,5170.421468915245,5234.33837890625,2442400,12784348056.640625
2015-03-10 00:00:00,5288.363032870822,5322.6042323642305,5239.664438035753,5259.4482421875,2255500,11862685510.253906
2015-03-11 00:00:00,5326.407845564715,5437.5014949150645,5291.405736865289,5411.63037109375,2950200,15965391920.800781
2015-03-12 00:00:00,5440.545576709812,5766.217395847127,5438.26283031399,5746.43359375,4612900,26507723524.609375
2015-03-13 00:00:00,5744.911919552335,5744.911919552335,5425.327415418298,5441.306640625,6052100,32931331919.726562
2015-03-16 00:00:00,5417.717458836394,5425.326612570715,5257.925230415658,5262.49072265625,2896500,15242804378.173828
2015-03-17 00:00:00,5264.773410070003,5505.222665393333,5258.686087150425,5445.1103515625,3290300,17916046589.746094
2015-03-18 00:00:00,5402.500212856188,5499.897399792188,5388.042817920376,5480.87451171875,1971400,10804996012.402344
2015-03-19 00:00:00,5515.876633504509,5569.901635708789,5470.221702064274,5562.29248046875,2984000,16597880761.71875
2015-03-20 00:00:00,5587.401708135541,5611.751000612777,5515.11474609375,5515.11474609375,3386000,18674178530.273438
2015-03-23 00:00:00,6087.323977623457,6656.48876953125,6086.5630621262535,6656.48876953125,5817700,38725454714.50195
2015-03-24 00:00:00,6655.728854054418,7423.492706088362,6625.292229593211,7281.96240234375,23768600,173082051556.34766
2015-03-25 00:00:00,7132.82126823636,7151.844154059479,6794.974816017783,6886.28466796875,9627300,66296328383.93555
2015-03-26 00:00:00,6807.150361496762,6901.503887634209,6559.091897619282,6785.8447265625,7219000,48987013081.05469
2015-03-27 00:00:00,6683.726964861943,6975.492185614102,6681.423555224426,6758.9716796875,4826600,32622852709.179688
2015-03-30 00:00:00,6726.724093011196,6854.947232325529,6719.813863946351,6755.1328125,3150700,21283396952.34375
2015-03-31 00:00:00,6805.0391333823045,6854.178533645925,6553.19970703125,6553.19970703125,3705200,24280915554.492188
2015-04-01 00:00:00,6449.546522521242,6518.648806691112,6339.750671006892,6415.76318359375,3821300,24516555853.466797
2015-04-02 00:00:00,6411.156144409909,6485.633048123414,6358.177728366282,6426.51220703125,2331600,14984055861.914062
2015-04-03 00:00:00,6426.512718200684,6463.36727142334,6304.432010650635,6388.12255859375,1771600,11317197924.804688
2015-04-06 00:00:00,6276.790376735437,6451.849484490261,6235.329009109295,6427.27978515625,1604600,10313213143.261719
2015-04-07 00:00:00,6442.63591000163,6485.632884255007,6360.480977053212,6478.72265625,1707500,11062418935.546875
2015-04-08 00:00:00,6510.972849230274,6626.1433595350545,6461.065628098202,6558.57666015625,1654000,10847885795.898438
2015-04-09 00:00:00,6572.3964953847235,6928.6572399943625,6557.040428806722,6810.41552734375,3769700,25673223413.427734
2015-04-10 00:00:00,6788.148449720062,6826.538611747661,6409.621452127935,6473.34912109375,3371100,21822307222.11914
2015-04-13 00:00:00,6430.351925926621,6449.547006302521,6363.553046218488,6395.80078125,1509000,9651263378.90625
2015-04-14 00:00:00,6373.534328015102,6480.258972225932,6359.713870491398,6467.97412109375,1143600,7396775204.8828125
2015-04-15 00:00:00,6357.410286958054,6422.673556812091,6325.162553618411,6401.94287109375,1190900,7624073765.185547
2015-04-16 00:00:00,6371.998539209596,6414.995516941339,6319.020120218697,6381.97998046875,1494700,9539145476.80664
2015-04-17 00:00:00,6349.733105445235,6404.247138152202,6339.751662836918,6377.3740234375,1107400,7062303993.5546875
2015-04-20 00:00:00,6355.107021331787,6548.593425750732,6352.035808563232,6486.4013671875,1379400,8947342045.898438
2015-04-21 00:00:00,6544.755064330121,6587.752047390009,6458.761098210344,6522.48876953125,1076300,7020154662.646484
2015-04-22 00:00:00,6546.2904799830585,6563.9499546534325,6480.259400780789,6514.810546875,1210900,7888784091.2109375
2015-04-23 00:00:00,6517.881156517499,6523.25577874575,6307.503086440247,6323.626953125,1689400,10683135374.609375
2015-04-24 00:00:00,6311.342563282018,6341.286889312189,6203.850110866023,6243.77587890625,1575300,9835820142.041016
2015-04-27 00:00:00,6144.729398583475,6345.126046469304,6143.193792086266,6328.234375,1332200,8430473834.375
2015-04-28 00:00:00,6272.952769549529,6308.271720271595,6039.540573473268,6071.0205078125,2227200,13521376875.0
2015-04-30 00:00:00,5965.831629536541,6237.633997214268,5943.565333879326,6166.99609375,2638500,16271619193.359375
2015-05-01 00:00:00,6142.42529296875,6183.886663696289,6101.731725402832,6142.42529296875,1165000,7155925466.308594
2015-05-07 00:00:00,6089.446917709158,6279.094299965388,6048.753349856606,6065.64501953125,1717400,10417138756.542969
2015-05-08 00:00:00,6043.379134812452,6081.76929575015,6009.595793187277,6052.5927734375,1052200,6368538116.2109375
2015-05-11 00:00:00,6123.230963011947,6207.689321122457,6078.698374190042,6143.19384765625,1272000,7814142574.21875
2015-05-12 00:00:00,6135.514744372935,6143.960578710077,6017.273063652946,6100.19580078125,931700,5683552427.587891
2015-05-13 00:00:00,6064.876977781278,6115.551984811733,5988.09666409877,6036.46826171875,1416000,8547639058.59375
2015-05-14 00:00:00,5975.811558164132,6142.424831724664,5838.374802554293,6045.681640625,2192500,13255156997.070312
2015-05-15 00:00:00,6028.79077248433,6241.472260510076,6028.79077248433,6186.1904296875,1450600,8973687837.304688
2015-05-18 00:00:00,6153.175890829254,6229.956223881778,6105.57208433669,6137.81982421875,976000,5990512148.4375
2015-05-19 00:00:00,6130.909677370439,6217.671454896157,6097.126330369274,6180.81689453125,1350600,8347811297.753906
2015-05-20 00:00:00,6219.205917028641,6355.874886563344,6181.583560246616,6252.9892578125,2058200,12869902490.429688
2015-05-21 00:00:00,6292.147174983733,6358.9460528633645,6223.812690716063,6231.49072265625,1469600,9157798766.015625
2015-05-22 00:00:00,6288.307959260241,6288.307959260241,6104.803001718947,6115.55224609375,1485900,9087099082.470703
2015-05-25 00:00:00,6186.190341710517,6295.218395393388,6140.889953208479,6251.45361328125,1131000,7070394036.621094
2015-05-26 00:00:00,6255.292847627368,6279.8625507234865,6194.636393108826,6230.72314453125,1357500,8458206668.701172
2015-05-27 00:00:00,6181.583608541542,6203.849901504864,6065.645324491142,6077.93017578125,2284600,13885639279.589844
2015-05-28 00:00:00,6065.644469714871,6137.817960873504,5991.935372361374,6092.517578125,2256700,13748984418.554688
2015-05-29 00:00:00,6027.254904722556,6161.620459923377,5950.474587464943,5988.86474609375,5819000,34849203957.51953
2015-06-01 00:00:00,5950.474457231169,6131.676001993305,5899.7994489502325,6120.9267578125,2039900,12486078493.261719
2015-06-02 00:00:00,6142.426350404732,6196.172580970774,6114.01762853411,6165.46044921875,1115600,6878187677.1484375
2015-06-03 00:00:00,6142.425284705434,6142.425284705434,6013.4343537266195,6034.1650390625,1422100,8581186102.050781
2015-06-04 00:00:00,6064.876881253556,6079.465140621049,6034.164756269363,6071.787109375,1370100,8318955518.5546875
2015-06-05 00:00:00,6036.468465339006,6121.694616401411,6034.9328590135565,6074.0908203125,1145500,6957871034.667969
2015-06-08 00:00:00,6104.036537713571,6110.178964418189,6030.327417258162,6061.03955078125,809100,4903987100.537109
2015-06-09 00:00:00,6050.289631562379,6061.038877100688,5945.1005859375,5945.1005859375,970300,5768531098.535156
2015-06-10 00:00:00,5950.474673930655,5953.545886665587,5850.660260045366,5923.6015625,1617200,9579648446.875
2015-06-11 00:00:00,5981.187377559403,6074.859375,5961.224492858948,6074.859375,1133600,6886460587.5
2015-06-12 00:00:00,6127.836311295829,6133.210932794271,6020.343881326976,6054.89501953125,2144600,12985327858.886719
2015-06-15 00:00:00,6019.577696325195,6117.0887125794425,6015.7386799372325,6100.96484375,858700,5238898511.328125
2015-06-16 00:00:00,6039.54025530134,6141.658085704986,6038.772452065222,6127.06982421875,1019800,6248385806.738281
2015-06-17 00:00:00,6127.070601577325,6165.460768253874,6035.702004887136,6069.4853515625,747200,4535119454.6875
2015-06-18 00:00:00,6084.841149614135,6094.054789209766,6038.772951635984,6048.75439453125,738400,4466400244.921875
2015-06-19 00:00:00,6104.035221980168,6137.050758400941,5974.276485814803,5988.86474609375,2534300,15177579926.02539
2015-06-22 00:00:00,5985.025968435699,6133.979789843848,5984.258165232563,6126.3017578125,967200,5925359060.15625
2015-06-23 00:00:00,6142.42568597561,6295.986328125,6127.837424971418,6295.986328125,1492700,9398018791.992188
2015-06-24 00:00:00,6369.695002591117,6502.524949004843,6364.320380481892,6435.72607421875,1870600,12038669194.433594
2015-06-25 00:00:00,6477.1866386538295,6588.518082774835,6436.4930763199445,6481.79345703125,1651600,10705330073.632812
2015-06-26 00:00:00,6526.327683654578,6706.761449026205,6483.330701268148,6557.8076171875,1726100,11319431728.027344
2015-06-29 00:00:00,6372.766803347345,6454.153945655154,6300.593299791362,6302.12890625,1192300,7514028294.921875
2015-06-30 00:00:00,6295.2193164324,6387.355713306639,6288.309086666832,6308.27197265625,1089100,6870339005.419922
2015-07-01 00:00:00,6305.96735735093,6351.2677438216115,6242.239695027769,6299.05712890625,854700,5383804128.076172
2015-07-02 00:00:00,6339.750282803569,6403.477940969088,6313.644977049018,6380.44384765625,825600,5267694440.625
2015-07-03 00:00:00,6355.107028898106,6419.6024971145425,6340.518768230103,6408.08544921875,657900,4215879417.0410156
2015-07-06 00:00:00,6368.15972178661,6438.029812778,6280.630157247947,6311.34228515625,988000,6235606177.734375
2015-07-07 00:00:00,6398.872394599277,6494.847802485636,6370.463673864915,6481.02734375,898400,5822554965.625
2015-07-08 00:00:00,6440.332784106553,6501.75703574324,6270.6482889602075,6274.4873046875,1234700,7747109475.097656
2015-07-09 00:00:00,6159.318345161334,6277.56005859375,6090.983848437405,6277.56005859375,1619000,10163369734.863281
2015-07-10 00:00:00,6252.98853609726,6540.914702727476,6239.935883210023,6390.42529296875,1766600,11289325322.558594
2015-07-13 00:00:00,6239.936336593347,6313.645440606262,5998.078339050969,6242.23974609375,2192900,13688607539.208984
2015-07-14 00:00:00,6372.767638256735,6487.938137743302,6326.6994384621075,6484.09912109375,1405300,9112104494.873047
2015-07-15 00:00:00,6526.327755659774,6695.244474041557,6526.327755659774,6679.12060546875,1667900,11140105257.861328
2015-07-16 00:00:00,6762.811664381213,6807.344257084904,6612.3222131756365,6719.046875,1580000,10616094062.5
2015-07-17 00:00:00,6745.91915361597,6779.7024956099485,6641.497914725488,6695.244140625,1141800,7644629759.765625
2015-07-21 00:00:00,6756.668461441954,6894.873043607812,6733.634364414311,6884.8916015625,1345900,9266375606.542969
2015-07-22 00:00:00,6884.891340018775,6907.15763296631,6748.222369513217,6785.8447265625,1258700,8541342757.324219
2015-07-23 00:00:00,6259.131622314453,6437.261962890625,6123.230457305908,6388.12255859375,6396300,40860348321.5332
2015-07-24 00:00:00,6379.677088237966,6543.986980750052,6327.4664681873965,6471.8134765625,2183000,14127968819.335938
2015-07-27 00:00:00,6219.20642021648,6301.361369224278,6157.782159276071,6184.6552734375,2701400,16707227755.664062
2015-07-28 00:00:00,6142.426905850664,6194.637534550395,6045.683682083516,6128.6064453125,1848800,11330567596.09375
2015-07-29 00:00:00,6293.68248120664,6358.945749585628,6219.973378096253,6239.16845703125,1751200,10926031801.953125
2015-07-30 00:00:00,6266.809546393725,6312.877737129283,6188.493622143276,6206.9208984375,1352300,8393619130.957031
2015-07-31 00:00:00,6214.598896044047,6266.041708749131,6153.94244524253,6215.36669921875,1206800,7500704532.6171875
2015-08-03 00:00:00,6195.403882181813,6295.986099131351,6184.6546376223205,6286.7724609375,898400,5648036378.90625
2015-08-04 00:00:00,6286.772958365648,6438.030197349287,6286.772958365648,6434.958984375,1377900,8866729984.570312
2015-08-05 00:00:00,6449.546560243944,6608.481814764242,6445.707544434275,6593.8935546875,1521200,10030630875.390625
2015-08-06 00:00:00,6610.78667669013,6688.334813083359,6514.04345703125,6514.04345703125,1622800,10570989722.070312
2015-08-07 00:00:00,6481.026672500407,6520.952438045961,6324.394823052464,6493.3115234375,1356000,8804930425.78125
2015-08-10 00:00:00,6493.311889676938,6626.141847926212,6481.027038046947,6577.00244140625,1059900,6970964887.646484
2015-08-11 00:00:00,6577.770566569528,6601.5724677675735,6477.956142190627,6520.953125,843200,5498467675.0
2015-08-12 00:00:00,6520.185531554552,6570.092745350012,6411.157464493701,6460.296875,724700,4681777145.3125
2015-08-13 00:00:00,6455.6897613936835,6606.94700247296,6399.640123836388,6606.17919921875,1060100,7003210569.091797
2015-08-14 00:00:00,6606.180134787489,6656.855156741925,6543.220259025916,6584.681640625,916200,6032885319.140625
2015-08-17 00:00:00,6639.194278182597,6756.668167920303,6584.680250918695,6686.0302734375,950600,6355740377.9296875
2015-08-18 00:00:00,6707.528571582548,6739.00850192079,6665.299396738564,6678.35205078125,631600,4218047155.2734375
2015-08-19 00:00:00,6678.352192422268,6708.296517037636,6554.735877984468,6556.271484375,834600,5471864180.859375
2015-08-20 00:00:00,6556.271589864265,6578.5378828852345,6423.4416349460635,6432.6552734375,804700,5176357698.535156
2015-08-21 00:00:00,6334.376795775125,6411.157120572399,6188.494178660304,6190.02978515625,1500500,9288139692.626953
2015-08-24 00:00:00,5977.347360539309,6143.960639567829,5906.70947265625,5906.70947265625,1846500,10906739041.259766
2015-08-25 00:00:00,5743.167663116291,6142.425308145766,5721.669174537781,5730.8828125,2564300,14695702796.09375
2015-08-26 00:00:00,5732.418654903548,5880.604671565265,5701.70652709801,5858.33837890625,1864900,10925215242.822266
2015-08-27 00:00:00,5982.722634981851,6065.645381975953,5880.60480766504,5922.833984375,1291600,7649932374.21875
2015-08-28 00:00:00,6100.1957625441855,6185.421908502953,6038.771513204533,6176.97607421875,1652800,10209306055.46875
2015-08-31 00:00:00,6218.438150215471,6361.249546182885,6206.153298949457,6352.8037109375,1770300,11246368409.472656
2015-09-01 00:00:00,6289.076702138357,6289.076702138357,5875.99853515625,5875.99853515625,1963600,11538110723.632812
2015-09-02 00:00:00,5731.650017374271,6138.585651561593,5728.578805040782,5951.24169921875,1854300,11035387482.861328
2015-09-03 00:00:00,6031.861469812657,6209.991798350913,6020.34442270889,6096.35693359375,1618400,9866344061.328125
2015-09-04 00:00:00,6160.084380789549,6186.957489767193,5899.0313221495835,5970.43701171875,1691100,10096606030.517578
2015-09-07 00:00:00,5945.099763755304,6122.46229060891,5895.192559229397,6039.53955078125,1250800,7554256070.1171875
2015-09-08 00:00:00,6126.301396304768,6126.301396304768,5716.294510024941,5719.36572265625,2198600,12574597477.832031
2015-09-09 00:00:00,5908.245696591449,6266.0419921875,5881.372584261273,6266.0419921875,1742200,10916698358.789062
2015-09-10 00:00:00,6065.645428156317,6123.998472781618,5980.419270874627,6052.5927734375,1190300,7204401178.222656
2015-09-11 00:00:00,6023.415460190709,6246.078364391513,6019.576444601041,6196.93896484375,2990400,18531326280.46875
2015-09-14 00:00:00,6246.0780849759385,6291.37846690754,6097.89208984375,6097.89208984375,886200,5403951970.019531
2015-09-15 00:00:00,6186.190702136511,6216.135028484199,6077.162642101339,6098.6611328125,951800,5804705666.2109375
2015-09-16 00:00:00,6149.335166781557,6180.8150945925245,6038.771517884497,6108.6416015625,776600,4743971067.7734375
2015-09-17 00:00:00,6150.102638224544,6150.102638224544,6057.198466036632,6124.76513671875,773300,4736280880.224609
2015-09-18 00:00:00,6111.714534906705,6204.618738263955,6035.702004887136,6069.4853515625,1380200,8377103682.2265625
2015-09-24 00:00:00,5949.707855459922,6006.525300459797,5775.41650390625,5775.41650390625,1302200,7520747371.386719
2015-09-25 00:00:00,5754.68535248451,5887.51531458989,5704.778141288847,5855.267578125,1709000,10006652291.015625
2015-09-28 00:00:00,5942.832446962485,5987.002671173837,5606.518809984819,5646.814453125,1747300,9866678893.945312
2015-09-29 00:00:00,5504.229854497966,5539.876000254253,5230.684431629068,5238.43359375,2507700,13136419923.046875
2015-09-30 00:00:00,5424.4141319567925,5477.10844066723,5295.77802539896,5447.66162109375,1923700,10479666660.498047
2015-10-01 00:00:00,5491.055644259829,5525.926869773756,5331.422923018293,5464.70849609375,1652200,9028791377.246094
2015-10-02 00:00:00,5302.751523730156,5373.268897493044,5254.706719627969,5326.77392578125,1680400,8951110904.882812
2015-10-05 00:00:00,5424.413507634943,5521.278034556995,5379.46836714311,5455.41015625,955500,5212644404.296875
2015-10-06 00:00:00,5549.175983163518,5558.474979364882,5381.79405153898,5456.9609375,1605900,8763333569.53125
2015-10-07 00:00:00,5424.4131833526935,5450.760333100407,5252.381793823508,5336.84765625,1672300,8924810335.546875
2015-10-08 00:00:00,5337.623955060592,5354.672115195803,5172.566768296959,5179.541015625,1645600,8523452695.3125
2015-10-09 00:00:00,5231.460613580166,5359.321819511247,5183.415796806064,5356.9970703125,2238700,11992709341.308594
2015-10-13 00:00:00,5323.67365576553,5415.113756403133,5318.249243015842,5360.86962890625,1282500,6875315299.072266
2015-10-14 00:00:00,5422.089014185405,5460.83482677784,5246.183025015748,5305.07666015625,1758100,9326855276.220703
2015-10-15 00:00:00,5272.52903776696,5417.438345536276,5257.030716080402,5397.29052734375,1449600,7823912348.4375
2015-10-16 00:00:00,5441.4612413504465,5511.9786114676335,5387.217110491071,5424.4130859375,1071300,5811173738.964844
2015-10-19 00:00:00,5447.660362977771,5508.878736900281,5423.6379630841275,5436.03662109375,999200,5431687791.796875
2015-10-20 00:00:00,5488.731677099525,5488.731677099525,5387.217650599449,5421.31396484375,603600,3272305109.1796875
2015-10-21 00:00:00,5474.783250338465,5576.2972780517475,5432.937773265814,5553.82470703125,1407300,7815897510.205078
2015-10-22 00:00:00,5516.628665840933,5596.445037884986,5461.609613266876,5475.55810546875,813600,4454914074.609375
2015-10-23 00:00:00,5568.547233163844,5570.0970654024095,5487.955956758467,5548.3994140625,1188900,6596492063.378906
2015-10-26 00:00:00,5616.592831261162,5668.5122186362305,5540.651040772255,5640.615234375,1417700,7996700217.7734375
2015-10-27 00:00:00,5651.463978181838,5732.83018107627,5615.817832151896,5645.2646484375,1018000,5746879412.109375
2015-10-28 00:00:00,5730.504965679557,5771.575521890648,5678.5855832994985,5725.85546875,1305000,7472241386.71875
2015-10-29 00:00:00,5705.7089689986615,5737.480538702443,5659.988905278585,5733.60595703125,2252200,12913227336.425781
2015-10-30 00:00:00,5742.904007294953,5980.028366522082,5687.884956624605,5895.5625,1745200,10288935675.0
2015-11-02 00:00:00,5812.64708321679,5861.466809418984,5669.287569765902,5670.83740234375,1447400,8207970056.152344
2015-11-04 00:00:00,5656.88816345844,5761.501848673083,5652.23866633779,5712.68212890625,1470900,8402784143.408203
2015-11-05 00:00:00,5757.627004577873,5867.665098070479,5742.903597702102,5809.54638671875,875400,5085676906.933594
2015-11-06 00:00:00,5794.0492593722065,5876.190388366917,5765.377355855185,5851.39306640625,523500,3063204270.263672
2015-11-09 00:00:00,5866.115964310199,5934.30859375,5852.167471924785,5934.30859375,888200,5270852892.96875
2015-11-10 00:00:00,5857.592216945106,6026.523967612394,5857.592216945106,6024.19921875,784100,4723574607.421875
2015-11-11 00:00:00,5993.978384027098,6168.334574900543,5991.653634815452,6135.7880859375,1029000,6313725940.4296875
2015-11-12 00:00:00,6111.764618837127,6145.8609347023275,6052.096066073027,6059.0703125,928700,5627058599.21875
2015-11-13 00:00:00,5903.311668179376,5972.279210640385,5856.041779526326,5949.806640625,1801100,10716196740.429688
2015-11-16 00:00:00,5845.967606471058,5966.079613231797,5823.49503746421,5937.40771484375,681200,4044562135.3515625
2015-11-17 00:00:00,6028.847431475536,6059.069160245143,5959.10498046875,5959.10498046875,945600,5634929669.53125
2015-11-18 00:00:00,6014.1237200978385,6027.2972935086955,5963.754174703384,5976.15283203125,650800,3889280263.0859375
2015-11-19 00:00:00,6027.299822725273,6049.772398562125,5983.129587459737,5999.40283203125,986200,5916611072.949219
2015-11-20 00:00:00,5999.402341992012,6035.048493856082,5969.955520886911,6026.5244140625,731300,4407197304.003906
2015-11-24 00:00:00,6083.092172983531,6326.4158599028715,6083.092172983531,6307.81787109375,1935500,12208781489.501953
2015-11-25 00:00:00,6277.596736129258,6346.56428452026,6239.625838700505,6301.619140625,1005800,6338168531.640625
2015-11-26 00:00:00,6337.265889222487,6382.211037373001,6320.217729579189,6349.66455078125,775100,4921624993.310547
2015-11-27 00:00:00,6379.885293171332,6388.4093716633615,6329.515738445699,6350.4384765625,711100,4515796800.683594
2015-11-30 00:00:00,6357.413538866137,6377.561363343285,6197.005859375,6197.005859375,1762500,10922222827.148438
2015-12-01 00:00:00,6145.861077861156,6255.124274428856,6057.52062106174,6241.17578125,1326000,8275799085.9375
2015-12-02 00:00:00,6149.735191853967,6275.2716209215505,6137.336532192971,6240.400390625,1085500,6773954624.0234375
2015-12-03 00:00:00,6274.497390955939,6331.841198159934,6241.950905786105,6283.79638671875,796500,5005043822.021484
2015-12-04 00:00:00,6163.683574305445,6200.1046364116,6093.1661987382095,6110.21435546875,801200,4895503741.6015625
2015-12-07 00:00:00,6176.082533440127,6220.252759839887,6121.838395756211,6175.3076171875,544100,3359984874.5117188
2015-12-08 00:00:00,6226.451656799317,6283.795455505371,6167.558025695801,6199.32958984375,1188500,7367903217.529297
2015-12-09 00:00:00,6104.015610679251,6156.70991835047,6032.72331206525,6050.54638671875,1014500,6138279309.326172
2015-12-10 00:00:00,5923.46051921063,5982.354161212201,5866.891626235437,5919.5859375,1201900,7114750338.28125
2015-12-11 00:00:00,5829.694136530025,5996.301107067571,5822.71989125171,5950.5810546875,2428300,14449795975.097656
2015-12-14 00:00:00,5834.343786892647,5909.5106546478055,5807.221721207796,5887.0380859375,1022800,6021262554.296875
2015-12-15 00:00:00,5924.235072544643,5969.955133928572,5851.3929408482145,5858.3671875,893100,5232107735.15625
2015-12-16 00:00:00,5956.781144456129,6046.671428410456,5944.38248460036,6044.3466796875,1082300,6541796411.425781
2015-12-17 00:00:00,6195.455100853983,6349.663426691374,6102.465155625406,6276.04638671875,1740900,10925969154.638672
2015-12-18 00:00:00,6272.947516989793,6575.939793597948,6255.1244418951965,6258.9990234375,2323500,14542784230.957031
2015-12-21 00:00:00,6121.83792894071,6242.724855132451,6103.239940295827,6201.654296875,1224800,7595786182.8125
2015-12-22 00:00:00,6201.65364241146,6333.389381410579,6194.6793974056245,6265.9716796875,773200,4844849302.734375
2015-12-24 00:00:00,6296.1947054898355,6326.4164400761865,6056.74557761336,6058.29541015625,900400,5454889187.3046875
2015-12-25 00:00:00,6058.29541015625,6058.29541015625,6058.29541015625,6058.29541015625,0,0.0
2015-12-28 00:00:00,6140.436013661128,6214.053053198963,6056.745063449694,6196.22998046875,462400,2865136742.96875
2015-12-29 00:00:00,6196.2298530255985,6297.743873879319,6155.159294970276,6285.34521484375,569400,3578875565.3320312
2015-12-30 00:00:00,6305.493706482835,6331.065943463777,6190.031181932516,6248.14990234375,768400,4801078384.9609375
2016-01-04 00:00:00,6131.911495462533,6229.550930370694,6044.345970505214,6056.74462890625,1171400,7094870658.300781
2016-01-05 00:00:00,5991.652315970875,6059.070028269047,5911.061027706393,5993.2021484375,958500,5744484259.277344
2016-01-06 00:00:00,5964.530281412491,6093.941293104824,5936.63329685606,6073.0185546875,905000,5496081791.9921875
2016-01-07 00:00:00,6076.892684809351,6153.609386645123,5969.179335767206,6043.5712890625,875300,5289937949.316406
2016-01-08 00:00:00,5940.508246263805,6187.70654140575,5937.408581120959,6052.09619140625,1561000,9447322154.785156
2016-01-12 00:00:00,5951.357427055703,6044.347386853448,5836.669809971817,5842.869140625,1419200,8292199884.375
2016-01-13 00:00:00,5905.637706475037,5943.60860893105,5804.898577510104,5931.98486328125,826800,4904565084.9609375
2016-01-14 00:00:00,5796.3734228286385,5828.144988381577,5523.602908813174,5611.943359375,1752900,9837175514.648438
2016-01-15 00:00:00,5666.188172205699,5728.956394572858,5533.677480541698,5601.8701171875,1347700,7549640356.933594
2016-01-18 00:00:00,5463.160758094564,5566.224641899752,5462.385841674975,5537.552734375,1209600,6698223787.5
2016-01-19 00:00:00,5553.050223725092,5594.120787757666,5446.111773979897,5502.6806640625,1017600,5599527843.75
2016-01-20 00:00:00,5463.1595360714155,5519.728422047758,5344.597350394973,5361.6455078125,1373100,7362075446.777344
2016-01-21 00:00:00,5361.644833450868,5478.657171917565,5257.806069513534,5262.45556640625,1233700,6492291432.275391
2016-01-22 00:00:00,5417.439870787345,5510.429827087514,5285.704099362106,5502.6806640625,1427200,7853425843.75
2016-01-25 00:00:00,5557.69935783039,5600.319751678782,5484.857230162228,5549.9501953125,819400,4547629190.0390625
2016-01-26 00:00:00,5489.5065859529,5546.075470873082,5439.91194711877,5503.455078125,851500,4686191999.0234375
2016-01-27 00:00:00,5544.525421601106,5582.496315473706,5472.458214863314,5570.09765625,844700,4705061490.234375
2016-01-28 00:00:00,5573.19794913712,5632.866503375657,5503.4554831440255,5562.34912109375,797100,4433748484.423828
2016-01-29 00:00:00,5650.688913095445,5656.88824267646,5414.339472819236,5571.6474609375,2155100,12007457443.066406
2016-02-01 00:00:00,5561.574163800683,5642.940373526066,5518.953768230244,5618.91796875,1423700,7999653512.109375
2016-02-02 00:00:00,5676.261805678383,6094.716600909282,5669.287559091202,6024.19921875,1969200,11862853101.5625
2016-02-03 00:00:00,6024.199274553572,6144.311300223215,5912.611328125,6075.34375,1858100,11288596221.875
2016-02-04 00:00:00,6038.147683979552,6098.591154122058,5970.729967282142,6025.7490234375,1681400,10131694408.007812
2016-02-05 00:00:00,5890.138344038041,6048.221257099975,5862.241359380053,5990.1025390625,1166000,6984459560.546875
2016-02-08 00:00:00,5951.356517879787,6136.561492850265,5949.03176923999,6110.9892578125,953500,5826828257.324219
2016-02-09 00:00:00,5927.334425206129,5981.578562971121,5794.82374580879,5821.1708984375,1522100,8860404224.511719
2016-02-10 00:00:00,5809.547970855482,5811.0978035808,5625.117876542609,5721.982421875,1772600,10142786041.015625
2016-02-12 00:00:00,5527.477364280006,5575.522169633345,5253.157024036754,5319.02490234375,2446900,13015122033.544922
2016-02-15 00:00:00,5414.339768040051,5577.847094654686,5410.465186840653,5527.4775390625,2125400,11748100761.523438
2016-02-16 00:00:00,5449.212012344306,5577.848132089635,5433.713684664146,5443.78759765625,1284000,6989823275.390625
2016-02-17 00:00:00,5412.0151141605165,5446.111429312731,5185.739568150369,5250.0576171875,1419200,7450881770.3125
2016-02-18 00:00:00,5401.165458389337,5484.856400929659,5390.31663250448,5405.0400390625,1466300,7925410209.277344
2016-02-19 00:00:00,5367.069464469531,5433.712255971753,5307.400918589637,5387.21728515625,1252100,6745334762.744141
2016-02-22 00:00:00,5309.725494977678,5468.583306780134,5309.725494977678,5424.4130859375,985400,5345216654.8828125
2016-02-23 00:00:00,5459.284588170446,5498.03039788067,5373.268890613751,5381.79296875,856100,4607352960.546875
2016-02-24 00:00:00,5359.321079758646,5438.362541605868,5280.279617911426,5343.82275390625,975300,5211830331.884766
2016-02-25 00:00:00,5356.996086379977,5516.628835373796,5356.996086379977,5493.38134765625,1251100,6872769404.052734
2016-02-26 00:00:00,5540.650276101859,5571.646921003128,5464.70849609375,5464.70849609375,735300,4018200157.1777344
2016-02-29 00:00:00,5470.910130144707,5537.552944761201,5391.86865234375,5391.86865234375,1193000,6432499302.246094
2016-03-01 00:00:00,5401.165941979417,5500.355216093242,5401.165941979417,5487.181640625,1012700,5556868847.4609375
2016-03-02 00:00:00,5571.647689951401,5677.036297160495,5541.425957001734,5640.615234375,1086500,6128528452.1484375
2016-03-03 00:00:00,5579.3974319306935,5636.741238869981,5540.651616431174,5635.19140625,997300,5619976389.453125
2016-03-04 00:00:00,5633.641191554297,5649.914432960437,5482.532521354422,5520.50341796875,1039300,5737459202.294922
2016-03-07 00:00:00,5517.40463682552,5523.6039678781335,5424.414671036327,5471.6845703125,1040700,5694382132.324219
2016-03-08 00:00:00,5420.539025613652,5440.686847581623,5284.153769215081,5313.6005859375,1325900,7045303016.894531
2016-03-09 00:00:00,5299.652511535046,5395.742131571652,5264.781278457245,5371.7197265625,1034100,5554895369.238281
2016-03-10 00:00:00,5432.163169872762,5485.632393656104,5408.91568127131,5454.6357421875,709400,3869518595.5078125
2016-03-11 00:00:00,5331.422944137563,5491.055666011449,5310.500208746325,5436.03662109375,2273800,12360460069.042969
2016-03-14 00:00:00,5524.3787003491,5539.102111108902,5463.160308242552,5481.75830078125,679500,3724854765.3808594
2016-03-15 00:00:00,5467.034189595063,5482.532514725028,5359.320829941808,5384.89306640625,1037800,5588442024.316406
2016-03-16 00:00:00,5331.424486407874,5346.9228134032455,5243.0840225342545,5295.00341796875,934800,4949769195.1171875
2016-03-17 00:00:00,5295.777676141605,5343.047567602629,5213.636553274908,5250.0576171875,1141500,5992940770.019531
2016-03-18 00:00:00,5225.260574776786,5257.807059151786,5140.019782366072,5180.3154296875,1190000,6164575361.328125
2016-03-22 00:00:00,5225.259840060701,5421.313635038509,5220.610342946603,5357.7705078125,1420000,7608034121.09375
2016-03-23 00:00:00,5393.416948208357,5482.532314450305,5350.021639429669,5368.61962890625,966300,5187697147.412109
2016-03-24 00:00:00,5413.564498349111,5478.6574582491,5370.944107938404,5438.36181640625,989200,5379627508.7890625
2016-03-25 00:00:00,5437.587794359024,5474.008861244428,5382.5687358725645,5388.76806640625,760500,4098158114.501953
2016-03-28 00:00:00,5462.3846973661875,5518.953584145551,5436.037544619635,5493.38134765625,862400,4737492074.21875
2016-03-29 00:00:00,5556.081813055178,5562.351901150035,5479.273233893179,5509.05615234375,662300,3648647889.6972656
2016-03-30 00:00:00,5474.571283537995,5503.570444238197,5385.222518137375,5403.2490234375,759100,4101606333.6914062
2016-03-31 00:00:00,5474.570124255678,5478.488928925868,5306.0615234375,5306.0615234375,1347800,7151509721.2890625
2016-04-01 00:00:00,5298.223240908559,5332.708717624532,5001.17788465052,5027.0419921875,1997200,10040008266.796875
2016-04-04 00:00:00,4873.425751661795,5091.311303119173,4859.318054085418,5044.28564453125,1258700,6349242340.771484
2016-04-05 00:00:00,5109.338010575174,5155.579910041954,4987.855054348889,5009.0166015625,1151900,5769886223.339844
2016-04-06 00:00:00,5085.042622326021,5099.934084999293,4993.342562706393,5028.61181640625,876500,4407578257.080078
2016-04-07 00:00:00,5083.47369953239,5368.7626953125,5038.0155628421535,5368.7626953125,1906100,10233398573.535156
2016-04-08 00:00:00,5344.466872011534,5473.0036907547355,5284.1172680894215,5404.03271484375,1606700,8682659362.939453
2016-04-11 00:00:00,5351.520997160954,5392.276575932537,5299.792762566251,5378.95263671875,854800,4597928713.8671875
2016-04-12 00:00:00,5300.575549321797,5395.410628645756,5291.170417488016,5324.08837890625,666200,3546907678.0273438
2016-04-13 00:00:00,5385.221895909196,5444.7877326271555,5361.709065625791,5421.27490234375,836400,4534354328.3203125
2016-04-14 00:00:00,5492.597597064394,5589.783970071811,5431.4642333984375,5586.64892578125,1091000,6095033978.027344
2016-04-15 00:00:00,5585.080635964912,5647.7815131578955,5545.892587719299,5584.296875,975800,5449156890.625
2016-04-18 00:00:00,5447.139926668084,5521.597235018223,5407.951869641694,5416.5732421875,892500,4834291618.652344
2016-04-19 00:00:00,5467.5163310762655,5513.758226651595,5423.6257183268,5498.0830078125,1119200,6153454502.34375
2016-04-20 00:00:00,5540.407575216208,5581.94691621019,5476.92292199899,5531.00244140625,794700,4395487640.185547
2016-04-21 00:00:00,5648.565861136014,5737.130859375,5579.594889056097,5737.130859375,1393200,7992970713.28125
2016-04-22 00:00:00,5743.401015999315,5748.103582333376,5643.863361928366,5725.37451171875,985500,5642356581.298828
2016-04-25 00:00:00,5691.672355225591,5698.726204192409,5620.3501045611,5653.26806640625,817500,4621546644.287109
2016-04-26 00:00:00,5645.430676246101,5719.104212767986,5611.728952092473,5716.7529296875,486500,2781200300.2929688
2016-04-27 00:00:00,5721.454342638598,5751.237255655074,5585.863712326752,5619.5654296875,1088400,6116335013.671875
2016-04-28 00:00:00,5620.350551647083,5663.457409873354,5329.575198884419,5357.0068359375,1199500,6425729699.707031
2016-05-02 00:00:00,5121.878145158128,5157.931151229631,5060.744787036883,5152.44482421875,1238400,6380787670.3125
2016-05-06 00:00:00,5094.447062298157,5190.849675938569,5089.744495779113,5157.14794921875,1323400,6824969595.996094
2016-05-09 00:00:00,5164.985004691996,5200.254249792321,5151.661067654096,5174.39013671875,752200,3892176260.8398438
2016-05-10 00:00:00,5183.795552669663,5218.28103865658,5143.823739366646,5204.17333984375,1091600,5680875617.7734375
2016-05-11 00:00:00,5270.00848992862,5280.197382012063,5166.552047235197,5201.8212890625,705800,3671445465.8203125
2016-05-12 00:00:00,5161.849541397719,5191.632457063239,5118.742689776572,5168.11962890625,481000,2485865541.5039062
2016-05-13 00:00:00,5246.49678801801,5349.169491816989,5142.256562023628,5205.7412109375,1380600,7187046315.8203125
2016-05-16 00:00:00,5197.903095896252,5216.713360416987,5112.47314453125,5112.47314453125,646700,3306236382.5683594
2016-05-17 00:00:00,5143.823319303997,5176.741280512403,5088.96005062332,5175.95751953125,937800,4854012961.816406
2016-05-18 00:00:00,5158.715545512013,5257.469443830839,5148.526651241023,5211.2275390625,889700,4636429141.503906
2016-05-19 00:00:00,5232.389301989983,5312.3329372211065,5223.767929563097,5291.17138671875,687700,3638738562.6464844
2016-05-20 00:00:00,5281.765148993977,5348.384831092878,5255.901037120287,5331.14208984375,545700,2909204238.4277344
2016-05-23 00:00:00,5321.737652997191,5358.5744232020315,5260.604289678519,5317.81884765625,463000,2462150126.4648438
2016-05-24 00:00:00,5305.278387110128,5313.115997373254,5251.98263732087,5288.03564453125,646100,3416599829.9316406
2016-05-25 00:00:00,5393.843311046673,5398.545877141744,5281.765485780809,5283.3330078125,620500,3278308131.3476562
2016-05-26 00:00:00,5378.9517228739005,5384.438049853373,5324.088453079179,5345.25,647200,3459445800.0
2016-05-27 00:00:00,5372.6824080766755,5392.276435823126,5331.143069254201,5375.03369140625,529000,2843392822.7539062
2016-05-30 00:00:00,5405.600794460421,5468.301688118074,5352.305034851416,5463.59912109375,486200,2656401892.6757812
2016-05-31 00:00:00,5447.139291632969,5454.976902124527,5374.249514061477,5390.70849609375,1304900,7034335516.552734
2016-06-01 00:00:00,5312.332934126287,5312.332934126287,5196.336286995763,5214.36279296875,1131200,5898487191.40625
2016-06-02 00:00:00,5141.473851202443,5186.148242897343,5041.936171461177,5067.80029296875,1106300,5606507464.111328
2016-06-03 00:00:00,4989.42236197589,5047.4206740692325,4938.477898650657,4983.93603515625,1056000,5263036453.125
2016-06-06 00:00:00,4905.560275805112,4964.3423529237225,4895.371382437886,4952.5859375,777400,3850140307.8125
2016-06-07 00:00:00,4984.720843505859,5030.962750701904,4971.396904144287,5016.0712890625,908700,4558103980.371094
2016-06-08 00:00:00,5016.070525291829,5037.232072820404,4969.828625136795,5035.66455078125,653600,3291310350.390625
2016-06-09 00:00:00,5005.098912687589,5008.233957418367,4950.235629898968,4974.5322265625,712500,3544354211.4257812
2016-06-10 00:00:00,5013.718025618221,5030.1770030354455,4915.7479219442685,4950.2333984375,1787600,8849037223.046875
2016-06-13 00:00:00,4871.858590537623,4878.128678813733,4765.26708984375,4765.26708984375,750000,3573950317.3828125
2016-06-14 00:00:00,4744.105953363027,4776.240158565056,4656.324709884312,4694.72900390625,781500,3668930716.5527344
2016-06-15 00:00:00,4690.0262311077895,4744.88950587008,4671.215965475004,4719.025390625,700200,3304261578.515625
2016-06-16 00:00:00,4671.214842381067,4700.997755805644,4458.031883131462,4472.92333984375,1194000,5340670467.7734375
2016-06-17 00:00:00,4522.301201585458,4603.812349759615,4522.301201585458,4534.0576171875,1521900,6900382287.597656
2016-06-20 00:00:00,4597.5421324092995,4643.784032479561,4574.029301865099,4601.4609375,844900,3887774346.09375
2016-06-21 00:00:00,4567.759162506781,4708.052383180891,4545.813854244909,4695.51220703125,862300,4048940176.123047
2016-06-22 00:00:00,4617.136718418062,4654.757251856199,4574.813618300157,4611.650390625,798900,3684247497.0703125
2016-06-23 00:00:00,4653.189870514678,4653.189870514678,4596.759068648911,4615.5693359375,487200,2248705380.46875
2016-06-24 00:00:00,4624.190467782284,4655.540911631656,4218.985981029159,4239.36376953125,1555200,6593058534.375
2016-06-27 00:00:00,4349.090202351752,4470.573168897889,4340.468830532348,4438.43896484375,1174300,5212058876.416016
2016-06-28 00:00:00,4334.199151804115,4561.489884900534,4322.44273457499,4516.03173828125,886000,4001204120.1171875
2016-06-29 00:00:00,4549.731763756794,4661.809566033662,4549.731763756794,4650.8369140625,1211200,5633093670.3125
2016-06-30 00:00:00,4711.187010173556,4718.240858633307,4453.329660922666,4458.0322265625,2303900,10270860446.777344
2016-07-01 00:00:00,4479.978381821614,4554.435685228375,4469.005726582722,4541.8955078125,1272700,5780470412.792969
2016-07-04 00:00:00,4546.598493303572,4546.598493303572,4476.059988839285,4515.248046875,617700,2789068718.5546875
2016-07-05 00:00:00,4490.167190202986,4504.274889526368,4356.1440466308595,4389.06201171875,1130900,4963590229.052734
2016-07-06 00:00:00,4335.76652916495,4338.117812532177,4205.662182845105,4281.68701171875,1420300,6081280062.744141
2016-07-07 00:00:00,4334.198525965899,4374.1703387731795,4319.307066292598,4363.9814453125,746600,3258148547.0703125
2016-07-08 00:00:00,4389.062003653113,4421.196207608431,4305.9833300125365,4317.73974609375,1497600,6466247043.75
2016-07-11 00:00:00,4317.73974609375,4317.73974609375,4317.73974609375,4317.73974609375,0,0.0
2016-07-12 00:00:00,4624.189875279678,4670.431774032474,4572.4616495562095,4641.4326171875,1174700,5452290895.410156
2016-07-13 00:00:00,4703.350937860099,4718.242400586202,4622.623534660701,4633.59619140625,972400,4505708936.5234375
2016-07-14 00:00:00,4693.9451102281255,4773.104979343678,4668.0809945765095,4762.13232421875,879400,4187819165.9179688
2016-07-15 00:00:00,4702.567104191042,4733.133790368283,4658.6764778852585,4689.2431640625,1344800,6306094207.03125
2016-07-19 00:00:00,4750.375851667938,4883.615233747389,4737.835674531049,4878.12890625,1138100,5551798508.203125
2016-07-20 00:00:00,4880.47997960523,4889.885112053482,4823.265423878366,4874.99365234375,886600,4322169372.167969
2016-07-21 00:00:00,4952.587127402163,4958.857217134591,4874.994766963357,4895.37255859375,654000,3201573653.3203125
2016-07-22 00:00:00,4875.777973341011,4930.641252256599,4833.454872463271,4918.10107421875,678700,3337915199.0722656
2016-07-25 00:00:00,4937.693778145333,4971.395497583469,4890.668123115378,4938.4775390625,676000,3338410816.40625
2016-07-26 00:00:00,4859.319126707843,4876.561871996161,4805.239607394481,4861.67041015625,858400,4173257880.078125
2016-07-27 00:00:00,4898.507464973895,4946.316897832041,4854.616838087729,4869.50830078125,840300,4091847825.1464844
2016-07-28 00:00:00,4834.237986329093,4871.858515405584,4730.781531368742,4744.10546875,847100,4018731742.578125
2016-07-29 00:00:00,4665.7299836194725,4791.915524920117,4622.62312168447,4737.05224609375,1267100,6002318901.025391
2016-08-01 00:00:00,4749.592356467427,4803.671873397502,4703.350450686638,4776.240234375,871300,4161538116.2109375
2016-08-02 00:00:00,4720.5915819662,4753.509537543583,4700.213799942106,4706.48388671875,621800,2926491680.7617188
2016-08-03 00:00:00,4549.731550670191,4780.940992090985,4548.947789851815,4631.24267578125,1329200,6155847764.6484375
2016-08-04 00:00:00,4624.190240907833,4784.861257752936,4624.190240907833,4780.15869140625,1400100,6692700183.837891
2016-08-05 00:00:00,4764.482964083876,4773.88809577807,4660.242754473224,4697.86328125,1041300,4891885034.765625
2016-08-08 00:00:00,4724.512345525278,4796.618373360104,4711.188405599278,4794.26708984375,755500,3622068786.376953
2016-08-09 00:00:00,4806.806435220509,4863.237229829327,4787.2124093146695,4831.10302734375,1049600,5070725737.5
2016-08-10 00:00:00,4763.700195633105,4826.401086658219,4754.295061979337,4774.6728515625,1066400,5091711128.90625
2016-08-12 00:00:00,4839.724199469552,4882.8310546875,4773.888275136687,4882.8310546875,1075300,5250508233.105469
2016-08-15 00:00:00,4827.184207070021,4827.184207070021,4724.511511644438,4737.83544921875,658100,3117969509.1308594
2016-08-16 00:00:00,4732.34905630042,4795.04993813282,4730.78153425461,4760.564453125,1144200,5447037847.265625
2016-08-17 00:00:00,4751.94321929035,4785.644944249855,4717.457733285273,4748.0244140625,876500,4161643398.9257812
2016-08-18 00:00:00,4702.566964285714,4722.944754464285,4606.164341517857,4608.515625,1254800,5782765406.25
2016-08-19 00:00:00,4607.730747007979,4636.729902925532,4559.137566821809,4604.595703125,1020000,4696687617.1875
2016-08-22 00:00:00,4618.702643406404,4647.7017945698235,4599.108622350038,4635.16162109375,661900,3068013477.001953
2016-08-23 00:00:00,4624.974609375,4673.567801339285,4602.245535714285,4630.4609375,1237800,5731584548.4375
2016-08-24 00:00:00,4624.190572375586,4684.540178150658,4599.110216728804,4677.486328125,885500,4141914143.5546875
2016-08-25 00:00:00,4674.350095934929,4686.890270571911,4617.919310068512,4668.86376953125,1434200,6696084418.261719
2016-08-26 00:00:00,4650.054120624681,4653.189164697241,4561.48912557486,4601.4609375,1771700,8152408342.96875
2016-08-29 00:00:00,4679.837681466694,4732.349676887607,4656.324847696136,4682.18896484375,952300,4458848551.220703
2016-08-30 00:00:00,4733.916714437696,4780.158616118461,4706.485077847411,4742.5380859375,827200,3923027504.6875
2016-08-31 00:00:00,4780.942374714967,4790.34750725539,4719.025252157183,4726.0791015625,743400,3513367204.1015625
2016-09-01 00:00:00,4742.538580100711,4882.048060725059,4725.295835304444,4879.69677734375,1051000,5128561312.988281
2016-09-02 00:00:00,4900.0729136792925,4959.638739245451,4845.209653289408,4953.36865234375,1158000,5736000899.4140625
2016-09-05 00:00:00,5023.125695013231,5061.529995068723,5015.288082757008,5053.6923828125,977100,4937962827.246094
2016-09-06 00:00:00,5038.014791585792,5060.743856451379,5030.960943868886,5047.419921875,1022300,5159977386.1328125
2016-09-07 00:00:00,5038.016391319716,5038.800152426019,4981.585591665854,5023.90869140625,1039700,5223357866.455078
2016-09-08 00:00:00,5000.395860102308,5052.124093137849,4989.4232046099205,5051.34033203125,945300,4775032015.869141
2016-09-09 00:00:00,5051.3394126300245,5052.12317359397,4983.152208766749,5001.1787109375,1553300,7768330891.699219
2016-09-12 00:00:00,4959.640137258288,4980.801686516501,4929.857216080061,4965.12646484375,954700,4740206235.986328
2016-09-13 00:00:00,5016.071707240949,5037.233259755872,4966.6947513727955,5022.341796875,518900,2606093158.3984375
2016-09-14 00:00:00,5009.015385546193,5031.744449257794,4924.369217240922,4940.04443359375,932100,4604615416.552734
2016-09-15 00:00:00,4912.614603157222,4912.614603157222,4849.9137147952915,4864.80517578125,815300,3966275659.814453
2016-09-16 00:00:00,4903.993718471504,5034.8818359375,4887.53473364045,5034.8818359375,1225400,6169744201.7578125
2016-09-20 00:00:00,4957.287888618889,5009.016110065347,4953.369083963855,4998.04345703125,954900,4772631697.119141
2016-09-21 00:00:00,5015.286094279732,5126.580144191862,4981.584374940143,5114.82373046875,1334100,6823686338.818359
2016-09-23 00:00:00,5109.337323812162,5123.445020058308,5076.419365904491,5082.689453125,676000,3435898070.3125
2016-09-26 00:00:00,5116.392148084708,5131.283608074538,5019.989538676862,5033.3134765625,792200,3987390936.1328125
2016-09-27 00:00:00,4999.611549727825,5069.366280551743,4928.289296862919,5068.58251953125,1097600,5563276173.4375
2016-09-28 00:00:00,5044.812643003224,5075.713804158733,4971.917596174844,5045.60498046875,788600,3978964087.5976562
2016-09-29 00:00:00,5070.959478341872,5125.630760217746,5043.22766869469,5103.4453125,576900,2944177600.78125
2016-09-30 00:00:00,5002.025575312898,5032.926731250995,4963.993383389087,4981.4248046875,949500,4729862852.050781
2016-10-03 00:00:00,5017.8726993794735,5084.429040252342,4999.648939378569,5064.62060546875,503200,2548517088.671875
2016-10-04 00:00:00,5074.921214628921,5114.5380859375,5047.981742139088,5114.5380859375,673700,3445664308.4960938
2016-10-05 00:00:00,5120.876685850465,5134.34642183367,5059.074367809874,5092.3525390625,532900,2713714668.0664062
2016-10-06 00:00:00,5126.424197125685,5147.817312013227,5097.107706353869,5131.17822265625,556400,2854987563.0859375
2016-10-07 00:00:00,5135.931246014647,5161.286043896854,5109.78411069862,5125.630859375,398900,2044614149.8046875
2016-10-11 00:00:00,5158.91063829756,5276.968952704922,5158.91063829756,5275.38427734375,878000,4631787395.5078125
2016-10-12 00:00:00,5196.150040938865,5285.6841907751095,5185.057314410481,5261.9140625,832900,4382648222.65625
2016-10-13 00:00:00,5284.098773352645,5331.639023225363,5235.766185982048,5252.4052734375,566600,2976012827.9296875
2016-10-14 00:00:00,5246.857892685636,5276.174374417646,5177.1322064041,5181.88623046875,1173900,6083016245.947266
2016-10-17 00:00:00,5177.92496323004,5254.7816918349845,5162.87055247237,5197.7333984375,618000,3212199240.234375
2016-10-18 00:00:00,5152.57134342995,5288.853408795158,5152.57134342995,5280.1376953125,806000,4255790982.421875
2016-10-19 00:00:00,5292.021745781789,5327.676930474135,5269.043960091165,5288.06005859375,748300,3957055341.845703
2016-10-20 00:00:00,5339.562069726705,5418.795814640293,5311.830259006949,5415.62646484375,1124300,6088788834.423828
2016-10-21 00:00:00,5459.2049648734555,5467.128339278206,5401.3643317187725,5418.00341796875,762100,4129060404.8339844
2016-10-24 00:00:00,5406.911346780859,5419.5887473594785,5381.556545623623,5391.85693359375,672200,3624406230.7617188
2016-10-25 00:00:00,5384.725777063299,5417.211615329867,5356.201626390214,5396.61083984375,721000,3890956415.5273438
2016-10-26 00:00:00,5396.610071638344,5457.620051893248,5368.085925025662,5427.51123046875,607600,3297755823.6328125
2016-10-27 00:00:00,5376.009765625,5389.479502694362,5333.223541992907,5376.009765625,560400,3012715872.65625
2016-10-28 00:00:00,5418.003833620223,5428.304221136612,5373.6329335496275,5401.36474609375,805400,4350259166.503906
2016-10-31 00:00:00,5358.578598482639,5423.550274525161,5303.114972592682,5307.07666015625,849600,4508892330.46875
2016-11-01 00:00:00,5281.721497888482,5306.283959099785,5248.443324634459,5256.36669921875,608400,3197973499.8046875
2016-11-02 00:00:00,5229.427262931034,5248.443362068966,5131.969754849139,5170.001953125,850100,4395018660.3515625
2016-11-04 00:00:00,5170.794178651799,5181.88690290879,5027.38110075784,5050.35888671875,1225200,6187699708.0078125
2016-11-07 00:00:00,5110.57646780303,5139.100615530303,5074.921283143939,5098.69140625,1272500,6488084814.453125
2016-11-08 00:00:00,5150.192846974478,5153.3621964187705,5047.188990034989,5052.7353515625,846800,4278656295.703125
2016-11-09 00:00:00,5025.004076297393,5126.4232692595615,4738.177921201263,4796.0185546875,1957300,9387247117.089844
2016-11-10 00:00:00,5197.7344099084,5321.339069656222,5111.369615597422,5319.75439453125,1701000,9048902225.097656
2016-11-11 00:00:00,5411.665082388255,5457.620657026398,5334.8083454934285,5357.7861328125,1594400,8542454210.15625
2016-11-14 00:00:00,5376.009713024123,5401.36451196543,5318.96141540618,5332.43115234375,871100,4645080776.806641
2016-11-15 00:00:00,5318.960651125585,5411.664121434194,5309.452602888805,5409.287109375,741200,4009363605.46875
2016-11-16 00:00:00,5444.150767343211,5534.477239105273,5444.150767343211,5513.87646484375,876900,4835118272.021484
2016-11-17 00:00:00,5514.668682094069,5638.273324968591,5498.821933007591,5597.07177734375,952500,5331210867.919922
2016-11-18 00:00:00,5704.829666809056,5768.216663106934,5555.870225509041,5564.5859375,1349600,7509965181.25
2016-11-21 00:00:00,5555.870550771893,5661.251438286534,5540.023800769692,5623.21923828125,741900,4171866352.8808594
2016-11-22 00:00:00,5550.323324822901,5613.710314970771,5515.4604802415715,5599.4482421875,741500,4151990871.5820312
2016-11-24 00:00:00,5308.660927737352,5337.185076005791,5193.771997211693,5199.318359375,3022500,15714939741.210938
2016-11-25 00:00:00,5235.765807370106,5269.836317315159,5218.334383677287,5261.12060546875,1425200,7498149086.9140625
2016-11-28 00:00:00,5269.045575899059,5288.0616802331315,5214.374275938603,5275.38427734375,980900,5174624437.646484
2016-11-29 00:00:00,5229.426379211731,5278.551293683114,5223.087680570262,5238.14208984375,959700,5027044963.623047
2016-11-30 00:00:00,5235.765279826752,5261.912412731455,5201.694773314562,5236.5576171875,1199400,6280727206.0546875
2016-12-01 00:00:00,5283.306094094739,5304.699205153611,5173.963526460505,5207.24169921875,1619400,8432607207.714844
2016-12-02 00:00:00,5150.192687172502,5218.333698110476,5136.7229524522045,5216.7490234375,943200,4920437678.90625
2016-12-05 00:00:00,5185.84785728484,5227.841736037491,5130.384243837943,5138.3076171875,848200,4358312520.8984375
2016-12-06 00:00:00,5193.770638602121,5193.770638602121,5098.69016924556,5102.65185546875,930100,4745976490.771484
2016-12-07 00:00:00,5115.331389377934,5121.670089984351,5032.135943918721,5063.037109375,868800,4398766640.625
2016-12-08 00:00:00,5025.004582918327,5025.004582918327,4944.978492903387,4971.91796875,1558600,7749231346.09375
2016-12-09 00:00:00,5031.3430154138205,5543.985366748111,4991.726141276704,5452.07421875,5804500,31646564802.734375
2016-12-12 00:00:00,5398.195001834284,5419.588112805886,5274.590360665027,5391.06396484375,2153000,11606960716.308594
2016-12-13 00:00:00,5405.326304224917,5431.4734411406935,5334.0159308182565,5419.58837890625,1060200,5745847599.316406
2016-12-14 00:00:00,5413.249453728103,5434.64256485964,5334.015708796485,5337.18505859375,1287500,6871625762.939453
2016-12-15 00:00:00,5322.130953841107,5379.179253480314,5301.530178971393,5311.83056640625,836600,4443877451.855469
2016-12-16 00:00:00,5316.584736122563,5354.616936917479,5314.207723572881,5345.10888671875,971600,5193307794.3359375
2016-12-19 00:00:00,5320.545584996165,5364.124141537459,5317.376235429526,5359.3701171875,582700,3122904967.2851562
2016-12-20 00:00:00,5341.9390433534045,5404.533701381425,5322.1306072685875,5391.06396484375,665100,3585596643.017578
2016-12-21 00:00:00,5426.719735677083,5427.512073206019,5336.393257378472,5348.2783203125,671300,3590299236.4257812
2016-12-22 00:00:00,5347.48478751347,5368.877896012931,5309.452594625539,5330.845703125,513300,2736323099.4140625
2016-12-26 00:00:00,5332.4310382889735,5396.610371736434,5290.4371534406355,5369.6708984375,540900,2904454988.9648438
2016-12-27 00:00:00,5392.6483564094015,5406.910429641163,5341.938762696472,5343.5234375,583400,3117411573.4375
2016-12-28 00:00:00,5316.584497008523,5353.0320211310855,5283.306322809662,5322.130859375,439300,2338012086.5234375
2016-12-29 00:00:00,5341.14689233038,5353.824291867138,5257.159120399358,5259.5361328125,567900,2986890569.8242188
2016-12-30 00:00:00,5231.804561717352,5343.524150268337,5230.2198867024445,5315.0,745500,3962332500.0
2017-01-04 00:00:00,5387.89470292196,5435.434950300682,5367.293929057846,5426.71923828125,868900,4715276346.142578
2017-01-05 00:00:00,5390.271913324985,5455.243587129578,5389.479575839563,5392.64892578125,705800,3806131611.8164062
2017-01-06 00:00:00,5408.495705391135,5479.80607947335,5400.572330493111,5463.1669921875,661000,3611153381.8359375
2017-01-10 00:00:00,5467.128214344774,5509.122097730321,5387.102134685525,5390.271484375,805300,4340785626.3671875
2017-01-11 00:00:00,5431.473930348788,5439.397305885402,5379.179651807136,5387.10302734375,572900,3086271324.3652344
2017-01-12 00:00:00,5308.660892386736,5314.999591959735,5191.394950286252,5207.24169921875,1091700,5684745763.037109
2017-01-13 00:00:00,5235.765640314008,5275.382511079096,5213.580192685558,5254.78173828125,800900,4208554694.189453
2017-01-16 00:00:00,5226.257426396398,5247.650535934406,5179.509520368898,5202.4873046875,645000,3355604311.5234375
2017-01-17 00:00:00,5230.220069196171,5236.558769476972,5131.97021484375,5131.97021484375,649200,3331675063.4765625
2017-01-18 00:00:00,5135.139276117355,5149.401350946874,5075.713964327692,5097.8994140625,709900,3618998794.0429688
2017-01-19 00:00:00,5125.631334549555,5162.078859884115,5098.691859302269,5106.615234375,904200,4617401494.921875
2017-01-20 00:00:00,5093.938356000159,5147.024974424799,5082.845629762175,5131.17822265625,710300,3644675891.5527344
2017-01-23 00:00:00,5054.3204458480295,5116.122765141986,5015.495911932596,5068.58251953125,1002700,5082267692.333984
2017-01-24 00:00:00,5054.321061228758,5106.615337767572,5011.534834969727,5017.87353515625,741000,3718244289.5507812
2017-01-25 00:00:00,5070.959754755542,5086.806503989153,5007.572757821097,5040.05859375,689300,3474112388.671875
2017-01-26 00:00:00,5070.9604134165365,5116.915992163124,5040.05924839728,5078.8837890625,779500,3958989913.5742188
2017-01-27 00:00:00,5131.176180462173,5135.930204100649,5066.996861342741,5082.05126953125,859800,4369547681.542969
2017-01-30 00:00:00,5051.1503806805285,5054.319729938995,4995.6867686573705,5018.66455078125,750600,3767009611.8164062
2017-01-31 00:00:00,4969.540185036202,4989.348620084976,4919.622928713295,4924.376953125,1017300,5009568674.4140625
2017-02-01 00:00:00,4878.422257047934,4947.355623356716,4845.144080209212,4934.67822265625,741200,3657583498.6328125
2017-02-02 00:00:00,4936.26200773278,5003.610686810996,4872.875015659165,4891.89111328125,1100700,5384504548.388672
2017-02-03 00:00:00,4883.96809822293,4925.9619835580725,4854.651612234246,4910.115234375,703100,3452302021.2890625
2017-02-06 00:00:00,4936.263172421346,4952.902261766587,4902.984993730865,4917.2470703125,662400,3257184459.375
2017-02-07 00:00:00,4891.891479074615,4908.530565738134,4858.613305747576,4864.15966796875,624800,3039126960.546875
2017-02-08 00:00:00,4857.821562976372,4895.06142816311,4834.051436261433,4872.8759765625,506800,2469573544.921875
2017-02-09 00:00:00,4845.936343983707,4867.329457340077,4810.281155056424,4820.58154296875,634900,3060587221.6308594
2017-02-10 00:00:00,4910.907361100802,5027.380962598352,4887.929575771353,5003.61083984375,1426700,7138651585.205078
2017-02-13 00:00:00,5031.342192611271,5035.303879377107,4980.632602008574,4995.68701171875,526600,2630728780.3710938
2017-02-14 00:00:00,4991.725796983682,4991.725796983682,4893.475955900194,4898.22998046875,649700,3182380018.310547
2017-02-15 00:00:00,4940.2240578228375,4942.601070200299,4868.913686499011,4910.115234375,587800,2886165734.765625
2017-02-16 00:00:00,4926.754053027613,4942.600801348705,4870.498096487735,4881.5908203125,642600,3136910261.1328125
2017-02-17 00:00:00,4833.259322958977,4899.023343254976,4815.035558298639,4876.837890625,555400,2708595764.453125
2017-02-20 00:00:00,4809.487257568439,4870.497227722109,4798.394535722317,4844.35009765625,485700,2352900842.4316406
2017-02-21 00:00:00,4849.105142913434,4919.6231752205085,4849.105142913434,4901.3994140625,431900,2116914406.9335938
2017-02-22 00:00:00,4886.345110600391,4919.623283884844,4845.935900183556,4910.115234375,465100,2283694595.5078125
2017-02-23 00:00:00,4936.261827969776,4949.731563294895,4902.983658343014,4944.9775390625,489200,2419083012.109375
2017-02-24 00:00:00,4912.492690493181,5004.403844057247,4904.569315185934,4996.48046875,840200,4198042889.84375
2017-02-27 00:00:00,4952.9008616590845,5008.36447713119,4947.354500111874,4979.84033203125,707900,3525228971.044922
2017-02-28 00:00:00,5035.303794474587,5075.712998804754,4986.178879406542,4992.517578125,1038200,5183231749.609375
2017-03-01 00:00:00,5028.965701950604,5074.128935763615,4996.479867102648,5033.7197265625,666000,3352457337.890625
2017-03-02 00:00:00,5074.920755323211,5081.2594541589,5043.227261144768,5074.12841796875,939700,4768158474.365234
2017-03-03 00:00:00,5089.976299555808,5089.976299555808,5033.720334850256,5061.4521484375,626200,3169481335.3515625
2017-03-06 00:00:00,5044.812360977628,5044.812360977628,4994.102766018845,4998.064453125,370700,1852782492.7734375
2017-03-07 00:00:00,4984.593933777684,4987.7632829646345,4950.523430017956,4963.9931640625,667400,3312969037.6953125
2017-03-08 00:00:00,4944.186815137987,4944.186815137987,4878.422791795607,4880.7998046875,733600,3580554736.71875
2017-03-09 00:00:00,4833.259490298819,4868.914683260041,4823.751438842494,4850.69091796875,860700,4174989673.095703
2017-03-10 00:00:00,4870.499081472855,4941.01712576293,4847.521291760359,4933.09375,1429600,7052350825.0
2017-03-13 00:00:00,4914.076709644214,4955.278255742489,4900.606973419778,4925.16943359375,508100,2502478589.2089844
2017-03-14 00:00:00,4943.3939350844,4956.0713357834475,4902.1923828125,4902.1923828125,482500,2365307824.7070312
2017-03-15 00:00:00,4896.645236982526,4930.715745912987,4872.875114472902,4914.07666015625,536800,2637876351.171875
2017-03-16 00:00:00,4892.68375696091,4907.738168520789,4866.53662109375,4866.53662109375,775200,3772539188.671875
2017-03-17 00:00:00,4864.952300468519,4868.913988009617,4819.7890625,4819.7890625,1014800,4891121940.625
2017-03-21 00:00:00,4793.641911664208,4828.504761930857,4781.756849073306,4800.77294921875,527500,2532407730.7128906
2017-03-22 00:00:00,4755.609261259191,4775.417697035846,4714.40771484375,4714.40771484375,956500,4509330979.248047
2017-03-23 00:00:00,4708.862646394602,4749.271866479766,4696.185244014943,4740.55615234375,608900,2886524641.1621094
2017-03-24 00:00:00,4738.1782971672255,4799.98062278245,4723.916222025251,4787.30322265625,799600,3827927656.8359375
2017-03-27 00:00:00,4759.571223167594,4773.040960273279,4686.676175301535,4696.9765625,743800,3493611167.1875
2017-03-28 00:00:00,4745.3093791357605,4770.6641796253825,4723.123928707341,4733.42431640625,834300,3949095907.1777344
2017-03-29 00:00:00,4768.759582242983,4796.867798035928,4734.226631411651,4785.62451171875,734000,3512648391.6015625
2017-03-30 00:00:00,4747.880113113332,4774.382150280576,4676.404921965314,4689.25439453125,826900,3877544458.8378906
2017-03-31 00:00:00,4690.05745521773,4723.787320477858,4629.0224609375,4629.0224609375,895100,4143438004.7851562
2017-04-03 00:00:00,4664.35922404027,4724.591135507732,4640.266459453285,4696.48291015625,736700,3459898959.9121094
2017-04-04 00:00:00,4676.405250146258,4732.621696567388,4653.918671577807,4697.28564453125,855100,4016648954.638672
2017-04-05 00:00:00,4704.513143203299,4733.424456476655,4670.783277717717,4689.25439453125,584600,2741338119.0429688
2017-04-06 00:00:00,4657.934202261306,4681.223873272613,4624.204333900104,4634.64453125,1083000,5019320027.34375
2017-04-07 00:00:00,4611.355023751299,4678.814762865738,4581.6406148556525,4638.66015625,1237500,5740341943.359375
2017-04-10 00:00:00,4652.311922569142,4684.435602338305,4591.276931007731,4609.748046875,573600,2644151479.6875
2017-04-11 00:00:00,4584.049061981078,4620.99129338457,4553.531566473846,4594.4892578125,851800,3913585949.8046875
2017-04-12 00:00:00,4522.210396529636,4549.515520571903,4519.8011208788475,4539.87841796875,887800,4030504059.4726562
2017-04-13 00:00:00,4516.588840672139,4544.697057141471,4513.376473075644,4525.4228515625,939500,4251634769.0429688
2017-04-14 00:00:00,4605.732994840356,4612.960823428597,4489.284645363136,4510.1650390625,1511700,6818016489.550781
2017-04-17 00:00:00,4482.056182120164,4543.894262396683,4482.056182120164,4530.24169921875,733200,3321573213.8671875
2017-04-18 00:00:00,4512.573207230316,4560.758719320336,4499.723737339645,4554.333984375,707500,3222191293.9453125
2017-04-19 00:00:00,4558.349817023027,4657.130124897204,4555.940541221217,4577.6240234375,1216700,5569595149.316406
2017-04-20 00:00:00,4598.504800745539,4612.960456773031,4547.910004649317,4567.9873046875,923600,4218993074.609375
2017-04-21 00:00:00,4622.597849184783,4627.4164014945645,4584.049430706522,4617.779296875,743000,3431010017.578125
2017-04-24 00:00:00,4682.025617338978,4690.859627937731,4645.886483071353,4680.41943359375,600900,2812464037.6464844
2017-04-25 00:00:00,4686.845271448766,4688.451455571949,4644.281392184409,4669.17724609375,768400,3587795795.8984375
2017-04-26 00:00:00,4685.239393362714,4704.513604099893,4661.14662994124,4698.0888671875,713200,3350676980.078125
2017-04-27 00:00:00,4673.995227921369,4710.134366281587,4671.5859520306885,4695.6787109375,648900,3047025915.5273438
2017-04-28 00:00:00,4722.182383560107,4731.819490465332,4686.043232665515,4699.69580078125,575500,2704674933.3496094
2017-05-01 00:00:00,4661.948649924926,4694.0723270992585,4639.462075902894,4688.45068359375,343000,1608138584.4726562
2017-05-02 00:00:00,4665.9643010478285,4701.300347389671,4647.493185914593,4683.63232421875,713800,3343176753.0273438
2017-05-08 00:00:00,4730.2111720126595,4804.095624954113,4724.5895288540705,4785.62451171875,1224600,5860475777.050781
2017-05-09 00:00:00,4780.003225704934,4800.080524199999,4759.92592720987,4784.82177734375,764900,3659910177.4902344
2017-05-10 00:00:00,4808.112242206399,4832.205004402189,4771.973098912715,4813.73388671875,746600,3593933719.8242188
2017-05-11 00:00:00,4793.655750263233,4845.053633998675,4771.9722680623445,4826.58251953125,797600,3849682217.578125
2017-05-12 00:00:00,4844.250665808456,4856.297045116667,4791.246596852329,4815.33935546875,1306600,6291722401.855469
2017-05-15 00:00:00,4796.064810647295,4870.752357095755,4782.412248393276,4795.26171875,799800,3835250322.65625
2017-05-16 00:00:00,4824.977514786004,4872.359950433869,4819.35586987863,4845.85791015625,1063500,5153569887.451172
2017-05-17 00:00:00,4816.141915428413,4842.643946979045,4774.381138439539,4800.080078125,710600,3410936903.515625
2017-05-18 00:00:00,4778.397926013951,4851.479306058871,4766.3515446878655,4799.2783203125,1073200,5150585493.359375
2017-05-19 00:00:00,4795.260953789617,4830.5969916336535,4767.955833637407,4814.53515625,805500,3878108068.359375
2017-05-22 00:00:00,4793.656126113833,4818.551978000167,4776.791194190832,4804.8994140625,516800,2483172017.1875
2017-05-23 00:00:00,4773.578490186514,4813.733087176643,4773.578490186514,4784.82177734375,499300,2389061513.4277344
2017-05-24 00:00:00,4806.505536163789,4820.96119191165,4790.443696443943,4810.52099609375,720200,3464537221.3867188
2017-05-25 00:00:00,4790.443386273933,4801.686673349849,4757.516616980181,4781.609375,733100,3505397832.8125
2017-05-26 00:00:00,4787.2306432950945,4805.701756329114,4757.516244066455,4758.3193359375,845100,4021255670.8007812
2017-05-29 00:00:00,4746.273885250011,4762.335725809232,4715.756388187489,4731.01513671875,530900,2511695936.0839844
2017-05-30 00:00:00,4742.258468865735,4745.470837007219,4684.435842319024,4689.25439453125,591000,2771349347.1679688
2017-05-31 00:00:00,4663.555059483968,4718.968405291509,4662.751967515743,4686.8447265625,2273000,10653198063.476562
2017-06-01 00:00:00,4682.025815354287,4750.2886274134835,4671.585620568763,4732.62060546875,1331600,6301957598.2421875
2017-06-02 00:00:00,4761.530959595563,4818.550473532363,4720.573280570538,4801.685546875,1272900,6112065532.6171875
2017-06-05 00:00:00,4801.68742188139,4925.363598996248,4780.807028342519,4909.3017578125,997000,4894573852.5390625
2017-06-06 00:00:00,4902.876182792585,4906.088550479918,4812.126795625417,4820.15771484375,807400,3891795338.9648438
2017-06-07 00:00:00,4818.552530434236,4828.992727583511,4780.004110190763,4799.2783203125,707400,3395009483.7890625
2017-06-08 00:00:00,4818.551881473439,4828.992077216631,4791.246754145089,4807.30859375,906500,4357825240.234375
2017-06-09 00:00:00,4841.038387498954,4845.8569393113285,4790.443593469022,4800.8837890625,1547500,7429367663.574219
2017-06-12 00:00:00,4820.157452642524,4875.570792234716,4802.489431323274,4863.5244140625,777300,3780417527.0507812
2017-06-13 00:00:00,4861.918534086,4888.42056772076,4834.613408522914,4880.3896484375,570500,2784262294.4335938
2017-06-14 00:00:00,4892.436475721669,4904.482855750531,4862.722071650477,4865.13134765625,561400,2731284738.5742188
2017-06-15 00:00:00,4877.98132019444,4913.317371904772,4857.100926001971,4889.224609375,623500,3048431543.9453125
2017-06-16 00:00:00,4914.923402226812,4926.969783114623,4866.737878675569,4909.3017578125,1147200,5631950976.5625
2017-06-19 00:00:00,4920.545069791076,4965.518225317157,4918.135793602179,4957.4873046875,646800,3206502788.671875
2017-06-20 00:00:00,4979.171130593111,5003.263894128239,4957.487643411496,4989.611328125,765000,3817052666.015625
2017-06-21 00:00:00,4979.169101499394,4999.246396263505,4960.697990316412,4971.13818359375,569600,2831560309.375
2017-06-22 00:00:00,4996.035047760375,5039.402013293096,4986.397944308659,5031.37109375,736500,3705604810.546875
2017-06-23 00:00:00,5057.87290024259,5061.888359833129,5022.5368558458495,5032.97705078125,646800,3255329556.4453125
2017-06-26 00:00:00,5019.324741540414,5034.583488754697,4997.6412586569595,5022.537109375,594500,2985898311.5234375
2017-06-27 00:00:00,5027.355223988152,5049.841796875,5013.70266187828,5049.841796875,633000,3196549857.421875
2017-06-28 00:00:00,5002.459470558621,5056.266628132458,5002.459470558621,5047.4326171875,690100,3483233249.1210938
2017-06-29 00:00:00,5049.842623558155,5059.479727801586,5008.081838503284,5012.900390625,500900,2510961805.6640625
2017-06-30 00:00:00,4974.351535430096,5003.262845613416,4957.486604489826,4983.185546875,609200,3035756635.15625
2017-07-03 00:00:00,5002.459939855499,5008.081583711493,4952.668237130978,4966.32080078125,538900,2676350279.5410156
2017-07-04 00:00:00,5000.050300870754,5036.189437320992,4988.0039220540075,5012.0966796875,617200,3093466070.703125
2017-07-05 00:00:00,4979.973293774954,4996.035133135621,4885.208441547015,4902.87646484375,734800,3602633626.3671875
2017-07-06 00:00:00,4904.482786350908,4950.259029812837,4895.648774454747,4915.72607421875,570500,2804421725.341797
2017-07-07 00:00:00,4865.934101536601,4877.17738878227,4837.022791476307,4845.0537109375,767800,3720032239.2578125
2017-07-10 00:00:00,4890.027701459326,4905.2864510615145,4868.344215182531,4889.224609375,485900,2375674237.6953125
2017-07-11 00:00:00,4884.405019963853,4906.088501637484,4876.374100825472,4894.84521484375,332800,1629004487.5
2017-07-12 00:00:00,4876.374800918481,4904.483021938268,4859.509868306609,4869.14697265625,455000,2215461872.5585938
2017-07-13 00:00:00,4892.436378910762,4910.907494589512,4865.934343371685,4867.54052734375,356100,1733331181.7871094
2017-07-14 00:00:00,4900.466946645652,4918.134969068825,4871.555637225913,4880.3896484375,728100,3553411703.0273438
2017-07-17 00:00:00,4880.3896484375,4880.3896484375,4880.3896484375,4880.3896484375,0,0.0
2017-07-18 00:00:00,4849.069875072904,4869.147176642435,4818.552376687219,4819.35546875,820900,3956208904.296875
2017-07-19 00:00:00,4808.91470874979,4823.370364186914,4794.459053312667,4800.8837890625,530600,2547348938.4765625
2017-07-20 00:00:00,4800.883892503042,4894.845654868859,4800.883892503042,4867.54052734375,609600,2967252705.46875
2017-07-21 00:00:00,4851.478584560723,4859.5095042504445,4823.370365646698,4857.9033203125,581700,2825842361.4257812
2017-07-24 00:00:00,4820.157497602402,4831.400784001342,4783.21527086303,4788.8369140625,629700,3015530604.7851562
2017-07-25 00:00:00,4795.262552362821,4814.536761248553,4764.745054960411,4770.36669921875,572200,2729603825.2929688
2017-07-26 00:00:00,4767.152896564327,4820.96004684563,4750.287968864218,4806.50439453125,606500,2915144915.283203
2017-07-27 00:00:00,4815.3392710562475,4838.628937310522,4779.200133765132,4784.82177734375,634400,3035490935.546875
2017-07-28 00:00:00,4726.998909188768,4771.972055453561,4719.771082110497,4750.28857421875,712100,3382680493.701172
2017-07-31 00:00:00,4751.8947927555855,4769.562814631642,4739.045322300272,4753.5009765625,721700,3430601654.7851562
2017-08-01 00:00:00,4738.242230396815,4773.578274148927,4736.6360465899015,4753.5009765625,411200,1954639601.5625
2017-08-02 00:00:00,4755.910782268674,4770.366438141831,4707.725262691484,4711.74072265625,621800,2929760381.3476562
2017-08-03 00:00:00,4698.890625,4743.863770616134,4675.600960305931,4698.890625,714200,3355947684.375
2017-08-04 00:00:00,4679.617854998052,4689.254960585829,4638.66015625,4638.66015625,637300,2956218117.578125
2017-08-07 00:00:00,4659.539523649848,4673.995178842143,4648.296236278063,4668.37353515625,409900,1913566312.0605469
2017-08-08 00:00:00,4664.358704736888,4671.5865333082775,4615.370088864135,4624.2041015625,585800,2708858762.6953125
2017-08-09 00:00:00,4611.354175589747,4652.3118668044945,4563.9717484981775,4570.396484375,751000,3432367759.765625
2017-08-10 00:00:00,4641.067720200089,4641.067720200089,4557.54616925688,4571.19873046875,603600,2759175553.7109375
2017-08-11 00:00:00,4571.19873046875,4571.19873046875,4571.19873046875,4571.19873046875,0,0.0
2017-08-14 00:00:00,4545.5006948852,4545.5006948852,4498.118267146997,4507.75537109375,686000,3092320184.5703125
2017-08-15 00:00:00,4529.438353930846,4572.805316894013,4511.770331982888,4540.681640625,498800,2264892002.34375
2017-08-16 00:00:00,4547.106314552144,4552.727957823403,4527.832109050687,4546.30322265625,372500,1693497950.4394531
2017-08-17 00:00:00,4546.303499174562,4590.473556135275,4533.454028058718,4572.00244140625,656100,2999690801.8066406
2017-08-18 00:00:00,4555.9412523352585,4556.744344394545,4501.3309923037405,4506.95263671875,642000,2893463592.7734375
2017-08-21 00:00:00,4516.589106034985,4527.832393283294,4481.253060397442,4482.05615234375,466500,2090879195.0683594
2017-08-22 00:00:00,4482.056102432903,4494.102481493374,4453.144792687771,4454.7509765625,457700,2038939521.9726562
2017-08-23 00:00:00,4471.615487173717,4494.905151169413,4454.750558073385,4461.17529296875,547000,2440262885.2539062
2017-08-24 00:00:00,4441.099862833969,4441.902955033397,4413.794728053435,4418.61328125,660600,2918935933.59375
2017-08-25 00:00:00,4441.902082520855,4460.373199479449,4430.658793937364,4440.2958984375,449200,1994580917.578125
2017-08-28 00:00:00,4462.781650609585,4483.66203983324,4447.522904638453,4477.2373046875,493100,2207725714.9414062
2017-08-29 00:00:00,4513.376787900713,4527.832443093277,4465.191270592164,4509.361328125,897500,4047151791.9921875
2017-08-30 00:00:00,4542.2885924618495,4600.914311565405,4539.879316334305,4578.427734375,836400,3829396957.03125
2017-08-31 00:00:00,4572.80517578125,4599.307207885357,4521.407295336922,4572.80517578125,956500,4373888150.634766
2017-09-01 00:00:00,4641.871905438312,4677.207954545454,4603.32348823052,4637.8564453125,926900,4298829139.160156
2017-09-04 00:00:00,4637.856655014293,4640.265931198716,4591.277315448782,4600.111328125,882800,4060978280.46875
2017-09-05 00:00:00,4593.686574130081,4618.582427940926,4549.516510917292,4563.97216796875,833200,3802701610.3515625
2017-09-06 00:00:00,4562.365165001707,4584.851738601435,4542.287867144809,4555.9404296875,864800,3939977283.59375
2017-09-07 00:00:00,4577.623754609472,4577.623754609472,4506.148576686623,4518.998046875,826000,3732692386.71875
2017-09-08 00:00:00,4474.828448123429,4535.863437724537,4465.994436470636,4470.81298828125,1673900,7483693861.083984
2017-09-11 00:00:00,4551.1227573128635,4628.219595975654,4543.0918366188225,4627.41650390625,806800,3733399635.3515625
2017-09-12 00:00:00,4661.949094728744,4674.7985668244655,4628.219230477477,4673.1923828125,709600,3316097314.84375
2017-09-13 00:00:00,4701.301104989901,4706.9227496320145,4678.81452642145,4697.28564453125,512300,2406419435.6933594
2017-09-14 00:00:00,4689.254450771311,4704.513199626364,4661.146229196213,4671.58642578125,713300,3332242597.5097656
2017-09-15 00:00:00,4693.269281427772,4694.072373365045,4653.917776501357,4658.736328125,1068300,4976928019.3359375
2017-09-18 00:00:00,4658.736328125,4658.736328125,4658.736328125,4658.736328125,0,0.0
2017-09-19 00:00:00,4690.05701301329,4722.180691184614,4667.570438293364,4713.3466796875,846200,3988433960.3515625
2017-09-20 00:00:00,4691.662719810344,4729.408037823197,4666.766871759313,4680.41943359375,840900,3935764701.7089844
2017-09-21 00:00:00,4722.181259126439,4729.409087584286,4667.570999667153,4674.798828125,611200,2857237043.75
2017-09-22 00:00:00,4722.180918564641,4726.1963785294065,4674.798490980404,4711.74072265625,723600,3409415586.9140625
2017-09-25 00:00:00,4739.0462160984525,4740.652400208298,4708.528718011393,4722.984375,566800,2676987543.75
2017-09-26 00:00:00,4747.076756440552,4757.51695231836,4722.180904731931,4744.66748046875,746700,3542843207.6660156
2017-09-27 00:00:00,4753.6070156371925,4768.235999443223,4676.398489994256,4686.9638671875,768000,3599588250.0
2017-09-28 00:00:00,4691.027643186164,4692.6530858899705,4652.829739646706,4675.5859375,776400,3630124921.875
2017-09-29 00:00:00,4632.511018451892,4695.903274493865,4632.511018451892,4694.27783203125,1022400,4799429655.46875
2017-10-02 00:00:00,4697.529145772666,4702.405473605648,4661.769408330798,4674.77294921875,530600,2480434526.8554688
2017-10-03 00:00:00,4697.529197630844,4809.684739027566,4685.3383779138085,4798.306640625,888900,4265214772.8515625
2017-10-04 00:00:00,4803.183170351097,4807.246777094203,4752.794446736584,4770.67431640625,643000,3067543585.4492188
2017-10-05 00:00:00,4811.309760638298,4816.998809341756,4765.797371010639,4774.7373046875,551000,2630880254.8828125
2017-10-06 00:00:00,4804.808312505306,4810.4973615898025,4770.6740179983335,4786.11572265625,700000,3350281005.859375
2017-10-09 00:00:00,4786.11572265625,4786.11572265625,4786.11572265625,4786.11572265625,0,0.0
2017-10-10 00:00:00,4771.488412601485,4780.428350012253,4739.7922708724,4767.4248046875,757700,3612277774.5117188
2017-10-11 00:00:00,4756.8584003284695,4830.003327037774,4756.045678920588,4826.75244140625,602500,2908118345.9472656
2017-10-12 00:00:00,4831.629349260685,4834.880235282054,4791.805995498906,4830.00390625,748500,3615257923.828125
2017-10-13 00:00:00,4753.607141695766,4801.557700998219,4706.469303737422,4734.91455078125,1795600,8502012567.3828125
2017-10-16 00:00:00,4734.101197099677,4777.175422584018,4732.47575462857,4773.11181640625,593800,2834273796.5820312
2017-10-17 00:00:00,4788.5544781540575,4809.685234507079,4760.9219506154905,4807.2470703125,663200,3188166257.03125
2017-10-18 00:00:00,4825.126686117768,4895.020722669246,4801.557766815526,4885.26806640625,1123900,5490552779.833984
2017-10-19 00:00:00,4883.642675635349,4899.897102913217,4860.073756082441,4895.83349609375,649300,3178864689.013672
2017-10-20 00:00:00,4899.89834721862,4900.7110687889,4864.951319696576,4896.6474609375,757800,3710679445.8984375
2017-10-23 00:00:00,4929.968573803602,4944.597560669488,4903.148764549478,4932.40673828125,798800,3940006502.5390625
2017-10-24 00:00:00,5030.7449871368035,5190.038366374091,5010.426954070823,5034.80859375,1552600,7817043822.65625
2017-10-25 00:00:00,5038.872356026051,5038.872356026051,4926.7168100370845,4944.5966796875,1398700,6916007375.878906
2017-10-26 00:00:00,4926.717662693299,5004.738925579897,4912.088675902061,4966.541015625,869100,4316420796.6796875
2017-10-27 00:00:00,5006.363363199301,5116.8934634257785,4990.921658020601,5113.642578125,1142100,5840291188.4765625
2017-10-30 00:00:00,5079.508580299498,5114.455599331958,5062.441431469691,5098.201171875,1744400,8893302124.21875
2017-10-31 00:00:00,5049.438428641615,5117.70703125,5028.307670691401,5117.70703125,893600,4573183003.125
2017-11-01 00:00:00,5121.770875045672,5152.654291937411,5098.201951628293,5143.71435546875,1027100,5283109014.501953
2017-11-02 00:00:00,5224.986533681478,5282.68976029392,5190.852230614963,5276.18798828125,1600800,8446121731.640625
2017-11-03 00:00:00,5276.18798828125,5276.18798828125,5276.18798828125,5276.18798828125,0,0.0
2017-11-06 00:00:00,5282.689802705626,5282.689802705626,5165.657905537993,5190.03955078125,892800,4633667310.9375
2017-11-07 00:00:00,5195.727086697515,5303.819015765365,5168.094563477162,5292.44091796875,1320600,6989197476.269531
2017-11-08 00:00:00,5288.377910454921,5294.066959997442,5252.61817047336,5261.55810546875,847100,4457065871.142578
2017-11-09 00:00:00,5278.625393369438,5339.57949721897,5162.406235362998,5205.48046875,1316000,6850412296.875
2017-11-10 00:00:00,5155.092525932582,5205.4812594353125,5138.838095770411,5190.03955078125,1184800,6149158859.765625
2017-11-13 00:00:00,5139.64984375,5172.971419270833,5118.519088541667,5120.14453125,718000,3676263773.4375
2017-11-14 00:00:00,5109.579504817336,5169.72088915907,5080.321534056492,5115.2685546875,615600,3148959322.265625
2017-11-15 00:00:00,5087.634879371892,5129.896383162201,5065.69140625,5065.69140625,771700,3909194058.203125
2017-11-16 00:00:00,5083.572543831759,5184.350001135538,5068.130836664244,5172.1591796875,669800,3464312218.5546875
2017-11-17 00:00:00,5203.855639789825,5241.24082789389,5168.908616127328,5192.4775390625,998800,5186246566.015625
2017-11-20 00:00:00,5185.162109375,5200.603814716399,5159.967748028507,5185.162109375,525100,2722728623.6328125
2017-11-21 00:00:00,5173.784656731508,5188.41364256581,5145.339406498143,5155.90478515625,507400,2616106087.9882812
2017-11-22 00:00:00,5197.353192172607,5203.042241796565,5110.3920050635425,5116.0810546875,542500,2775473972.1679688
2017-11-23 00:00:00,5116.0810546875,5116.0810546875,5116.0810546875,5116.0810546875,0,0.0
2017-11-24 00:00:00,5056.751953125,5068.942772684125,5010.426838800326,5056.751953125,984900,4980394998.6328125
2017-11-27 00:00:00,5077.882692792339,5094.137118825605,5020.179480374244,5038.8720703125,618400,3116038488.28125
2017-11-28 00:00:00,5025.055458238499,5072.193290452285,5017.740967032912,5043.748046875,548500,2766495803.7109375
2017-11-29 00:00:00,5067.317837917167,5090.886758093526,5042.123474970024,5083.572265625,515800,2622106574.609375
2017-11-30 00:00:00,5120.144441119918,5183.536705629022,5102.2645716429915,5177.84765625,902100,4670936370.703125
2017-12-01 00:00:00,5201.41651916269,5295.692193572514,5185.162092540307,5280.25048828125,1077300,5688413851.025391
2017-12-04 00:00:00,5294.0659312471025,5300.567700889408,5253.429870982694,5259.931640625,631600,3322172824.21875
2017-12-05 00:00:00,5227.424040127021,5296.505359065267,5214.420497738645,5278.62548828125,742700,3920435150.1464844
2017-12-06 00:00:00,5203.854698496976,5233.925387837034,5107.953581142198,5124.2080078125,1113500,5705805616.699219
2017-12-07 00:00:00,5128.271906526821,5189.226010011688,5124.20829962783,5160.78076171875,703100,3628544953.564453
2017-12-08 00:00:00,5202.2286097983315,5309.5078125,5202.2286097983315,5309.5078125,1788600,9496585673.4375
2017-12-11 00:00:00,5342.830618432021,5424.10276048301,5315.198090134684,5423.2900390625,834200,4524108550.5859375
2017-12-12 00:00:00,5413.538328587468,5466.365230157529,5394.033011084675,5457.42529296875,817800,4463082404.589844
2017-12-13 00:00:00,5567.1419192583135,5603.714384421324,5543.572997264373,5578.52001953125,887100,4948705109.326172
2017-12-14 00:00:00,5582.583125565214,5598.0248316921225,5548.448827810993,5560.6396484375,494700,2750848434.0820312
2017-12-15 00:00:00,5589.085369479129,5615.0924556829,5550.074740173473,5603.71435546875,924200,5178952807.324219
2017-12-18 00:00:00,5648.413269919487,5716.681861958801,5626.46979390685,5715.869140625,1000900,5721013422.8515625
2017-12-19 00:00:00,5725.621488223523,5776.822929495074,5709.36706242303,5774.384765625,868400,5014475730.46875
2017-12-20 00:00:00,5766.258403497907,5794.7036528456765,5737.813154150137,5787.38916015625,702300,4064483407.1777344
2017-12-21 00:00:00,5771.947141736839,5809.33232457546,5766.258092174439,5784.95068359375,713800,4129297797.9492188
2017-12-22 00:00:00,5206.293173697615,5207.1058950797105,4851.946651104397,4925.904296875,7516700,37026544828.32031
2017-12-25 00:00:00,4969.791035400867,5074.632089132137,4957.600215199557,4996.61083984375,2384900,11916417191.94336
2017-12-26 00:00:00,5021.805509154673,5164.031753547304,5007.176524017145,5120.95751953125,2168200,11103260093.847656
2017-12-27 00:00:00,5158.342225771736,5168.094881626354,5112.0171104623005,5138.8369140625,927800,4767812888.8671875
2017-12-28 00:00:00,5159.969025788484,5298.131686740451,5156.7181396484375,5178.66162109375,1257800,6513720587.011719
2017-12-29 00:00:00,5172.158413780004,5227.423462827307,5146.15133187539,5214.419921875,854600,4456243265.234375
2018-01-01 00:00:00,5214.419921875,5214.419921875,5214.419921875,5214.419921875,0,0.0
2018-01-02 00:00:00,5214.419921875,5214.419921875,5214.419921875,5214.419921875,0,0.0
2018-01-03 00:00:00,5214.419921875,5214.419921875,5214.419921875,5214.419921875,0,0.0
2018-01-04 00:00:00,5280.250721423882,5363.148300858273,5253.4309163127555,5358.27197265625,1455800,7800572337.792969
2018-01-05 00:00:00,5342.830520936359,5353.395899210191,5283.5018583217625,5341.205078125,1231700,6578762294.7265625
2018-01-08 00:00:00,5341.205078125,5341.205078125,5341.205078125,5341.205078125,0,0.0
2018-01-09 00:00:00,5380.214736677212,5451.73420749709,5376.151130380628,5411.09814453125,1014700,5490641287.255859
2018-01-10 00:00:00,5445.233774557933,5461.488203735718,5400.534094319026,5406.22314453125,802200,4336872206.542969
2018-01-11 00:00:00,5388.3428066790375,5412.724448338218,5349.3321800243475,5372.08837890625,729000,3916252428.2226562
2018-01-12 00:00:00,5356.646353188257,5381.840714734129,5296.504974014242,5299.755859375,1005500,5328904516.6015625
2018-01-15 00:00:00,5299.756087030246,5330.639499284064,5254.243690024618,5307.88330078125,792200,4204905150.8789062
2018-01-16 00:00:00,5282.689083198961,5307.883446518833,5259.120162673919,5260.74560546875,534800,2813446749.8046875
2018-01-17 00:00:00,5218.484255958728,5248.55494860325,5176.222741971833,5240.427734375,1001500,5248288375.9765625
2018-01-18 00:00:00,5084.384617196177,5209.543701443014,5084.384617196177,5122.58251953125,1739200,8909195517.96875
2018-01-19 00:00:00,5159.96737063269,5168.094583375851,5080.320685749716,5102.26416015625,1098500,5604837179.931641
2018-01-22 00:00:00,5095.763483250651,5153.466706107238,5095.763483250651,5150.2158203125,629300,3241030815.7226562
2018-01-23 00:00:00,5146.965106600467,5239.615354848131,5135.587005938473,5217.671875,689800,3599150059.375
2018-01-24 00:00:00,5177.034552787195,5220.921501900305,5177.034552787195,5198.97802734375,590500,3069996525.1464844
2018-01-25 00:00:00,5176.2225135784,5203.855040735201,5158.342643065176,5162.40625,619900,3200175634.375
2018-01-26 00:00:00,5192.477518438485,5209.544669461682,5144.526951278073,5156.7177734375,866100,4466233263.574219
2018-01-29 00:00:00,5156.717175548411,5205.48045853232,5121.770156076609,5126.646484375,582800,2987809571.09375
2018-01-30 00:00:00,5133.148334409777,5183.537060935016,5109.579413938294,5112.017578125,814100,4161693510.3515625
2018-01-31 00:00:00,5094.951780600526,5120.1461505476655,5060.00475131901,5064.068359375,841700,4262426338.0859375
2018-02-01 00:00:00,5108.766162163091,5182.72380148171,5105.515276918317,5171.345703125,690800,3572365611.71875
2018-02-02 00:00:00,5147.7780846172345,5158.343464329901,5088.4494139230355,5121.77099609375,664200,3401880295.6054688
2018-02-05 00:00:00,5071.381262851945,5155.904283899477,5060.815885221004,5138.0244140625,1195400,6141994384.5703125
2018-02-06 00:00:00,4975.48028419888,5012.052746268294,4743.854691092595,4838.13037109375,1948100,9425161775.927734
2018-02-07 00:00:00,4919.4018395265075,5134.7729757357465,4916.963675720364,4953.5361328125,1379200,6831917034.375
2018-02-08 00:00:00,4929.967644415575,5016.1161063852505,4929.967644415575,4994.9853515625,1020300,5096383554.199219
2018-02-09 00:00:00,4812.123085858212,4859.260923888913,4765.797969172869,4804.80859375,1632600,7844330510.15625
2018-02-12 00:00:00,4804.80859375,4804.80859375,4804.80859375,4804.80859375,0,0.0
2018-02-13 00:00:00,4804.809064415027,4852.759628488181,4691.028064919407,4708.09521484375,1312800,6180787398.046875
2018-02-14 00:00:00,4701.59306657594,4754.419954964433,4656.893391785676,4677.21142578125,1368900,6402634720.751953
2018-02-15 00:00:00,4443.961487945457,4541.488075098612,4390.321865011221,4481.3466796875,2757200,12355969065.234375
2018-02-16 00:00:00,4495.973400714686,4578.05823684487,4487.846189216648,4530.92041015625,1701300,7708454893.798828
2018-02-19 00:00:00,4544.7380265399515,4572.370553883005,4521.9818275515545,4561.80517578125,1095100,4995632847.998047
2018-02-20 00:00:00,4562.617806099851,4586.186726010234,4539.861607565687,4558.55419921875,749700,3417548083.154297
2018-02-21 00:00:00,4542.29857823989,4587.810963350184,4518.729664522059,4559.36572265625,896800,4088839180.078125
2018-02-22 00:00:00,4510.6034831898005,4546.36322251599,4501.663548358253,4526.85791015625,861700,3900793461.1816406
2018-02-23 00:00:00,4531.734406216702,4583.748574437267,4522.794471053793,4576.43408203125,681900,3120670400.5371094
2018-02-26 00:00:00,4632.51324290811,4674.774767229377,4609.757037504351,4669.8984375,649300,3032165055.46875
2018-02-27 00:00:00,4699.155000270797,4741.416511860919,4667.458866578207,4689.40234375,916600,4298306188.28125
2018-02-28 00:00:00,4634.1370702164895,4671.522251772077,4629.2607421875,4629.2607421875,903300,4181611228.4179688
2018-03-01 00:00:00,4603.254878493721,4617.883866455035,4571.558737910872,4594.31494140625,918600,4220337705.1757812
2018-03-02 00:00:00,4518.72998046875,4543.924338273522,4497.599228761522,4518.72998046875,1180000,5332101376.953125
2018-03-05 00:00:00,4527.669913883346,4575.620465834364,4491.097459005452,4518.72998046875,1301800,5882482688.574219
2018-03-06 00:00:00,4561.804466233969,4612.193184727912,4549.613647243498,4562.6171875,897200,4093580140.625
2018-03-07 00:00:00,4536.610970384783,4591.063305572133,4522.794706232769,4532.54736328125,1065500,4829429215.576172
2018-03-08 00:00:00,5020.179745605947,5020.179745605947,4861.699083408576,4978.73095703125,3299200,16425829173.4375
2018-03-09 00:00:00,5028.307197024116,5225.7984931089495,5016.116376278139,5126.646484375,3552300,18211386306.445312
2018-03-12 00:00:00,5370.463031655246,5530.569148065065,5341.205061143807,5515.12744140625,3292600,18159108613.57422
2018-03-13 00:00:00,5485.869070860469,5633.784355437743,5481.805464141313,5631.34619140625,1875700,10562716051.220703
2018-03-14 00:00:00,5614.279101505706,5676.85864563077,5560.639492255652,5589.8974609375,1433300,8012000030.761719
2018-03-15 00:00:00,5617.529588055798,5638.6603417145725,5551.699163195769,5593.14794921875,1000700,5597063152.783203
2018-03-16 00:00:00,5621.592568556376,5663.041349963977,5597.210932434258,5640.28515625,1287300,7260739081.640625
2018-03-19 00:00:00,5599.649535393845,5663.041794285096,5582.582388769278,5638.66015625,853200,4810904845.3125
2018-03-20 00:00:00,5595.586872392199,5636.222942634699,5513.5020105023505,5533.00732421875,1166200,6452593141.503906
2018-03-21 00:00:00,5533.00732421875,5533.00732421875,5533.00732421875,5533.00732421875,0,0.0
2018-03-22 00:00:00,5510.249334863224,5560.638045595012,5488.305864060671,5555.76171875,1224300,6801919072.265625
2018-03-23 00:00:00,5393.218991437415,5485.869227275851,5355.021087188235,5358.27197265625,1800900,9649711995.55664
2018-03-26 00:00:00,5336.328417851902,5441.169472665014,5326.575761590217,5433.85498046875,1189000,6460853571.777344
2018-03-27 00:00:00,5453.361616503936,5502.937631199426,5399.721994046519,5498.8740234375,1078000,5927786197.265625
2018-03-28 00:00:00,5463.507626219292,5553.976667147204,5454.4607221265005,5549.0419921875,982900,5454153374.121094
2018-03-29 00:00:00,5595.921701446452,5673.23161325362,5542.462719877666,5581.11767578125,1196900,6680039746.142578
2018-03-30 00:00:00,5623.061846894126,5623.061846894126,5533.41525609239,5577.0048828125,677500,3778420808.1054688
2018-04-02 00:00:00,5575.359698470233,5687.212319652112,5545.7516516867945,5614.0146484375,859400,4824684188.8671875
2018-04-03 00:00:00,5553.97776729493,5633.755028279324,5519.4350357346775,5604.14697265625,936900,5250525298.681641
2018-04-04 00:00:00,5627.9979153732065,5649.381511135256,5566.314466059603,5588.5205078125,952500,5323065783.691406
2018-04-05 00:00:00,5681.456237454703,5818.804701793866,5657.605306521556,5787.5517578125,1454700,8419151542.089844
2018-04-06 00:00:00,5757.943319210608,5780.14935686504,5658.427372685185,5729.15771484375,1049700,6013896853.271484
2018-04-09 00:00:00,5729.98023398742,5823.739060838944,5706.951750199327,5802.35546875,721300,4185238999.609375
2018-04-10 00:00:00,5806.468018145234,5834.431178572562,5643.623730950793,5665.00732421875,1175500,6659216109.619141
2018-04-11 00:00:00,5593.454244516866,5627.996970332145,5471.732258310648,5494.7607421875,1252400,6881638353.515625
2018-04-12 00:00:00,5469.263819808725,5636.220294308149,5452.814906064939,5624.7060546875,1017400,5722575940.0390625
2018-04-13 00:00:00,5665.006929650929,5665.829375488567,5585.229683400037,5622.23974609375,922500,5186516165.771484
2018-04-16 00:00:00,5634.576662909716,5692.147873886753,5609.9032867767,5688.03564453125,524900,2985649909.814453
2018-04-17 00:00:00,5659.249055508748,5755.475205704145,5659.249055508748,5734.9140625,807800,4632663579.6875
2018-04-18 00:00:00,5728.335727820577,5819.627223267537,5720.111268771301,5791.6640625,912600,5285472623.4375
2018-04-19 00:00:00,5805.645725553032,5847.590467301608,5800.711050053199,5833.60888671875,880100,5134159181.201172
2018-04-20 00:00:00,5821.271716988488,5873.908251304292,5782.616762100319,5817.98193359375,803700,4675912080.029297
2018-04-23 00:00:00,5858.2825483733695,5888.713048765033,5836.076507547022,5881.31103515625,693100,4076336678.466797
2018-04-24 00:00:00,5916.674637093067,5916.674637093067,5847.589195125342,5870.61767578125,717300,4210994058.8378906
2018-04-25 00:00:00,5894.468428811193,6102.5471943322245,5862.39304598384,6056.490234375,1251500,7579697528.3203125
2018-04-26 00:00:00,6040.86378078691,6044.976009364709,5966.843666386526,5993.984375,865200,5185995281.25
2018-04-27 00:00:00,6044.976975328667,6053.201433798503,5979.181307569988,6040.86474609375,748300,4520379089.501953
2018-04-30 00:00:00,6040.86474609375,6040.86474609375,6040.86474609375,6040.86474609375,0,0.0
2018-05-01 00:00:00,6021.948489713034,6112.417532852673,6009.611802012174,6109.9501953125,666400,4071670810.15625
2018-05-02 00:00:00,6091.8566641564685,6120.642270102935,6001.387616896145,6119.81982421875,820200,5019476219.824219
2018-05-03 00:00:00,6119.81982421875,6119.81982421875,6119.81982421875,6119.81982421875,0,0.0
2018-05-04 00:00:00,6119.81982421875,6119.81982421875,6119.81982421875,6119.81982421875,0,0.0
2018-05-07 00:00:00,6092.678236804517,6102.547586000204,5926.544192010441,6045.798828125,775400,4687912411.328125
2018-05-08 00:00:00,6081.164521570096,6140.380621861284,6061.4258214730335,6090.21142578125,757800,4615162218.457031
2018-05-09 00:00:00,6010.433493884938,6025.237517268891,5951.2174003491255,5999.74169921875,684500,4106823193.1152344
2018-05-10 00:00:00,6016.190501742085,6057.312788151805,5995.629358537224,6035.92919921875,482800,2914146617.3828125
2018-05-11 00:00:00,6066.361072593116,6135.44652949358,6033.463235973847,6116.5302734375,666900,4079114039.3554688
2018-05-14 00:00:00,6116.529388448396,6134.623195971036,6056.490845305095,6073.76220703125,678400,4120440281.25
2018-05-15 00:00:00,5966.022767914319,6127.222169969903,5966.022767914319,6020.30419921875,1180200,7105163015.917969
2018-05-16 00:00:00,6071.295434172188,6271.149781300857,6056.491408458953,6253.87841796875,1385000,8661621608.886719
2018-05-17 00:00:00,6276.083828164927,6447.974998402964,6230.026863890619,6437.283203125,1295700,8340787846.2890625
2018-05-18 00:00:00,6538.444710623038,6686.48496822205,6506.369321476585,6681.55029296875,1691500,11301842320.55664
2018-05-21 00:00:00,6670.8580097994145,6787.645315605298,6662.633551644071,6750.63525390625,946500,6389476267.822266
2018-05-22 00:00:00,6744.0565132893835,6744.0565132893835,6599.3060320285385,6635.49365234375,876900,5818664383.740234
2018-05-23 00:00:00,6616.577057033297,6704.578765560651,6547.491603609954,6590.2587890625,1108700,7306619919.433594
2018-05-24 00:00:00,6591.08050067726,6639.6048018427155,6540.911307946874,6555.71533203125,686900,4503120861.572266
2018-05-25 00:00:00,6497.322498387238,6568.875290458084,6433.994165175109,6494.03271484375,755700,4907540522.607422
2018-05-28 00:00:00,6491.564723455027,6493.209615061122,6364.908069785691,6378.8896484375,704400,4493289868.359375
2018-05-29 00:00:00,6370.665132977228,6413.432314350171,6337.767301151886,6396.9833984375,782100,5003080715.917969
2018-05-30 00:00:00,6354.215828950149,6402.7401279286705,6292.532398045249,6322.962890625,908200,5742514897.265625
2018-05-31 00:00:00,6378.066409659353,6498.143481975312,6341.056353123611,6478.40478515625,2232100,14460447320.947266
2018-06-01 00:00:00,6579.566398865784,6596.837760662807,6499.789156279537,6526.107421875,958900,6257884406.8359375
2018-06-04 00:00:00,6598.483338957621,6694.709507555158,6587.791542446784,6616.5771484375,723800,4789078540.0390625
2018-06-05 00:00:00,6635.493010918125,6767.906790635257,6556.538210589897,6765.439453125,1575200,10656920226.5625
2018-06-06 00:00:00,6720.204990277228,6789.290441162467,6672.503131332658,6747.345703125,971600,6555721085.15625
2018-06-07 00:00:00,6849.329088722209,6898.675840081879,6798.33744565055,6880.58203125,1219300,8389493670.703125
2018-06-08 00:00:00,6867.42211601634,6876.469019402708,6741.587914369573,6748.16748046875,1282700,8655874427.197266
2018-06-11 00:00:00,6781.066052145209,6800.80475260021,6754.7477848718745,6767.08447265625,528200,3574374018.4570312
2018-06-12 00:00:00,6815.60884078926,6882.226955439186,6778.598777094858,6802.44970703125,655900,4461726762.841797
2018-06-13 00:00:00,6744.056076971477,6836.9924594955955,6632.203439597315,6739.94384765625,838800,5653464899.4140625
2018-06-14 00:00:00,6661.810978851607,6666.745653650756,6526.107421875,6526.107421875,1100500,7181981217.7734375
2018-06-15 00:00:00,6618.221259863592,6735.83100761561,6600.1274525171275,6722.671875,1039000,6984856078.125
2018-06-18 00:00:00,6718.5599013230285,6719.382347142752,6621.511294595631,6656.87646484375,607100,4041389701.8066406
2018-06-19 00:00:00,6628.090972147484,6672.5030471562895,6567.22998046875,6567.22998046875,732300,4809182514.697266
2018-06-20 00:00:00,6600.127378107212,6723.494244987721,6590.258028756772,6718.5595703125,792800,5326474027.34375
2018-06-21 00:00:00,6656.054589541595,6764.617447050491,6626.446537493715,6645.36279296875,781200,5191357413.8671875
2018-06-22 00:00:00,6586.968342640908,6628.090632206652,6553.248065196998,6575.4541015625,862900,5673959344.238281
2018-06-25 00:00:00,6535.154400174827,6546.668641504105,6437.283348875959,6461.13427734375,715900,4625526029.150391
2018-06-26 00:00:00,6497.322498387238,6573.8099657733155,6469.359338267596,6494.03271484375,822800,5343290117.7734375
2018-06-27 00:00:00,6480.8735441505805,6549.95899817452,6462.779734763358,6518.7060546875,538500,3510323210.4492188
2018-06-28 00:00:00,6488.27553668828,6518.706034198417,6361.61887137582,6389.58203125,680100,4345554739.453125
2018-06-29 00:00:00,6405.207567082986,6423.301373769661,6356.683267332358,6418.36669921875,754400,4842015837.890625
2018-07-02 00:00:00,6384.646759935852,6413.432363001389,6243.186082013791,6256.34521484375,590900,3696874387.451172
2018-07-03 00:00:00,6280.19588137136,6336.944639335558,6202.063533449636,6268.681640625,783400,4910885197.265625
2018-07-04 00:00:00,6235.783231996402,6364.907205542093,6189.726273279467,6342.701171875,509700,3232874787.3046875
2018-07-05 00:00:00,6361.618997359505,6377.245469363361,6292.533542184559,6337.76806640625,595700,3775408437.158203
2018-07-06 00:00:00,6752.279582863757,7571.435546875,6714.447078501793,7571.435546875,4528600,34288003017.578125
2018-07-09 00:00:00,8808.3935546875,8808.3935546875,8660.353326877626,8808.3935546875,1962900,17289995708.496094
2018-07-10 00:00:00,8750.82482227488,8989.334145438388,8323.152932464454,8676.8046875,7501900,65092521085.15625
2018-07-11 00:00:00,8471.190749457313,8528.761948725469,8009.79870960823,8193.2041015625,4684400,38380245293.359375
2018-07-12 00:00:00,8446.517236872676,9005.780306110595,8430.06832307156,8849.515625,4600500,40712196632.8125
2018-07-13 00:00:00,8849.518251926173,9129.149869552093,8812.508184887449,8939.9873046875,3115900,27856106442.67578
2018-07-16 00:00:00,8939.9873046875,8939.9873046875,8939.9873046875,8939.9873046875,0,0.0
2018-07-17 00:00:00,8841.293643628433,9042.792894111128,8668.580000357551,8985.2216796875,1789300,16077257151.464844
2018-07-18 00:00:00,8902.976716576894,9166.159400115424,8861.854422273997,9018.119140625,2021300,18228324218.945312
2018-07-19 00:00:00,9129.148744831247,9404.66809884192,9059.240849037495,9199.056640625,2105900,19372293379.492188
2018-07-20 00:00:00,9203.168339230662,9359.433038466928,9055.128097848936,9170.2705078125,1601700,14688022272.363281
2018-07-23 00:00:00,9051.015092208154,9129.147435121355,8981.10720644371,9022.2294921875,1026700,9263123019.628906
2018-07-24 00:00:00,8841.294169835695,8976.997754768057,8713.815044596204,8853.630859375,1510700,13375180139.257812
2018-07-25 00:00:00,9166.158650533022,9449.90245801924,9009.893944960902,9137.373046875,1939700,17723762499.023438
2018-07-26 00:00:00,7533.603561573982,8215.4111328125,7258.084217346112,8215.4111328125,11475400,94275128913.47656
2018-07-27 00:00:00,8179.224536132812,8516.427357632505,8106.849296396293,8388.9482421875,3897900,32699281353.222656
2018-07-30 00:00:00,8138.100666340067,8221.990132531748,7927.554555113887,7941.5361328125,2329900,18502985035.839844
2018-07-31 00:00:00,7796.786791395977,7920.153671006673,7673.419911785281,7880.67626953125,2923500,23039157073.97461
2018-08-01 00:00:00,7959.629597178405,8108.49227098387,7871.627906033737,8081.3515625,1720300,13902349092.96875
2018-08-02 00:00:00,8142.212903721235,8253.243079681071,8068.192786414679,8095.33349609375,1720100,13924783146.63086
2018-08-03 00:00:00,8131.522077418546,8183.336165703908,8071.483530675191,8126.58740234375,931100,7566665530.322266
2018-08-06 00:00:00,8126.587233945249,8170.999308698112,8020.491722035631,8096.15673828125,698900,5658403944.384766
2018-08-07 00:00:00,8068.1941434618975,8245.020008991389,8032.006524469815,8153.728515625,907200,7397062509.375
2018-08-08 00:00:00,8155.372773465399,8277.917200981166,8052.567045683716,8060.79150390625,914900,7374818146.923828
2018-08-09 00:00:00,8053.390045466189,8120.830607529937,7988.416821038919,8027.07177734375,666000,5346029803.7109375
2018-08-10 00:00:00,8022.958014682534,8027.0702432907765,7887.254470610507,7891.36669921875,1366600,10784341731.152344
2018-08-13 00:00:00,7821.4586312292195,7938.245920991001,7785.271020317118,7791.8505859375,1035900,8071578021.972656
2018-08-14 00:00:00,7919.332609823292,7999.109872587115,7900.416351642179,7983.4833984375,847100,6762808786.816406
2018-08-15 00:00:00,7924.265663846242,8037.76318970102,7898.769842820894,8022.13671875,630400,5057154987.5
2018-08-16 00:00:00,8007.331234752182,8128.230751135561,7971.143624406137,8006.5087890625,1180100,9448481021.972656
2018-08-17 00:00:00,8117.540073352917,8124.942085577859,7855.179862268867,7869.98388671875,1022500,8047058524.169922
2018-08-20 00:00:00,7988.417370087102,8076.419085169911,7875.7422769436935,7902.060546875,815300,6442549963.8671875
2018-08-21 00:00:00,7859.292818063204,8038.586019647317,7796.786931272413,8027.07177734375,1200200,9634091547.167969
2018-08-22 00:00:00,8026.248796735492,8069.838425409227,7913.573718843007,7944.82666015625,667500,5303171795.654297
2018-08-23 00:00:00,8010.62255430394,8024.604133710836,7933.31264464228,7957.16357421875,616600,4906387059.863281
2018-08-24 00:00:00,8125.764273395839,8201.429284848513,8054.211490826463,8174.28857421875,1131100,9245937806.298828
2018-08-27 00:00:00,8193.205754329463,8208.009779984746,8045.165497776632,8054.21240234375,1042700,8398127271.923828
2018-08-28 00:00:00,8085.46310712659,8113.426258956751,8013.087890625,8013.087890625,991500,7944976643.5546875
2018-08-29 00:00:00,8039.408721361234,8084.643246136156,8008.155776971287,8030.36181640625,725200,5823618389.2578125
2018-08-30 00:00:00,8125.764718049899,8170.999238241472,8061.613943960031,8076.41796875,1016600,8210486507.03125
2018-08-31 00:00:00,8116.718498870061,8290.254581883697,8047.6330440210295,8273.8056640625,1236600,10231388084.179688
2018-09-03 00:00:00,8189.916767370889,8212.12280801349,8122.476199493362,8177.580078125,640900,5241011072.0703125
2018-09-04 00:00:00,8224.456586234177,8236.793271113527,8069.836802412974,8121.65087890625,667100,5417953301.318359
2018-09-05 00:00:00,8179.225081673964,8182.5148655177745,8055.858187531068,8065.7275390625,1068000,8614197011.71875
2018-09-06 00:00:00,8141.391200435444,8148.793212841134,7999.930518904493,8114.25048828125,893400,7249271386.230469
2018-09-07 00:00:00,8114.249455918,8166.063536165601,8069.837387134342,8132.34326171875,720300,5857726851.416016
2018-09-10 00:00:00,8118.362808170413,8364.27411195351,8116.717916506312,8347.8251953125,784900,6552207995.800781
2018-09-11 00:00:00,8347.822434402004,8680.912886218044,8343.710206601807,8565.7705078125,1222700,10473367599.902344
2018-09-12 00:00:00,8499.977304325634,8504.089533306922,8347.824832017917,8434.181640625,733700,6188159069.7265625
2018-09-13 00:00:00,8528.762638086588,8656.241732484219,8499.977036125834,8631.568359375,720800,6221634473.4375
2018-09-14 00:00:00,8701.47668728824,8705.588916346504,8417.73288226797,8495.865234375,1601700,13607827345.898438
2018-09-17 00:00:00,8495.865234375,8495.865234375,8495.865234375,8495.865234375,0,0.0
2018-09-18 00:00:00,8557.549656209672,8812.507887197178,8553.437426677616,8763.1611328125,894500,7838647633.300781
2018-09-19 00:00:00,8783.722584014937,8828.957110430743,8586.33555965505,8672.6923828125,1087700,9433287504.785156
2018-09-20 00:00:00,8709.700347324588,8907.087324034494,8680.914746554392,8717.9248046875,1080900,9423204921.386719
2018-09-21 00:00:00,8709.699202584894,8767.270396558544,8388.94540758885,8446.5166015625,1852700,15648861307.714844
2018-09-24 00:00:00,8446.5166015625,8446.5166015625,8446.5166015625,8446.5166015625,0,0.0
2018-09-25 00:00:00,8549.323143109295,8796.056855753142,8516.425314756782,8754.9345703125,1308300,11454080898.339844
2018-09-26 00:00:00,8783.91103360904,8978.465142270503,8746.65599152493,8883.2578125,951400,8451531482.8125
2018-09-27 00:00:00,8850.143834478975,9102.650276903305,8800.47043596927,8957.76953125,1136400,10179609295.3125
2018-09-28 00:00:00,9048.835266444394,9255.807710782097,9032.277470897377,9156.4609375,1361900,12470184150.78125
2018-10-01 00:00:00,9189.578934639972,9301.344083845053,9148.184434934388,9226.833984375,860100,7935999909.9609375
2018-10-02 00:00:00,9272.366664820558,9351.016203495376,9210.274923761492,9342.7373046875,1209500,11300040770.019531
2018-10-03 00:00:00,9334.458967013888,9371.71401388889,9243.391074652778,9313.76171875,709800,6610908067.96875
2018-10-04 00:00:00,9334.459213581786,9334.459213581786,9098.510577140916,9135.765625,914600,8355571240.625
2018-10-05 00:00:00,9152.32234931757,9156.461798593607,9003.302175380242,9032.2783203125,910600,8224792638.4765625
2018-10-08 00:00:00,9032.2783203125,9032.2783203125,9032.2783203125,9032.2783203125,0,0.0
2018-10-09 00:00:00,9148.18374875992,9268.227788902019,8837.725024254494,8866.701171875,1051900,9326882962.695312
2018-10-10 00:00:00,8821.166095529696,8949.489018552416,8763.213807712982,8903.955078125,661800,5892637470.703125
2018-10-11 00:00:00,8659.728389341273,8672.146737891953,8407.221968810767,8514.84765625,1039300,8849481169.140625
2018-10-12 00:00:00,8374.10578492043,8568.659898559214,8336.850741883216,8502.4287109375,1348200,11462974388.085938
2018-10-15 00:00:00,8498.291426160496,8560.383180370145,8374.107917741201,8527.267578125,824000,7026468484.375
2018-10-16 00:00:00,8610.057062619502,8659.73046875,8510.710250358508,8659.73046875,671600,5815874982.8125
2018-10-17 00:00:00,8688.704517505786,8750.796260127314,8610.054976851852,8717.6806640625,699100,6094530552.246094
2018-10-18 00:00:00,8721.820908156842,8771.494306779472,8663.868609763773,8734.2392578125,531300,4640501317.675781
2018-10-19 00:00:00,8730.098818264387,8945.350187894424,8713.541020600538,8937.0712890625,950100,8491111431.738281
2018-10-22 00:00:00,8812.886274983763,8862.559659342525,8663.866121907477,8763.212890625,757400,6637257443.359375
2018-10-23 00:00:00,8692.84368653065,8692.84368653065,8365.827185942117,8407.2216796875,1102400,9268121179.6875
2018-10-24 00:00:00,8316.154243981946,8407.222135155467,8230.88158224674,8254.0625,1325500,10940759843.75
2018-10-25 00:00:00,8010.66494127115,8071.928811222997,7752.363219312015,7779.68359375,1448400,11268093717.1875
2018-10-26 00:00:00,7655.4977227003055,8021.4250497721705,7562.77405611196,7707.65478515625,2171300,16735630835.009766
2018-10-29 00:00:00,7832.666304001995,7864.126120041745,7651.35841682554,7694.40869140625,1074000,8263794934.5703125
2018-10-30 00:00:00,7613.277814171696,7888.137343782941,7613.277814171696,7854.19384765625,1084200,8515516969.628906
2018-10-31 00:00:00,7797.067202048302,7909.660230236725,7708.482981341233,7791.27197265625,1295300,10092034586.18164
2018-11-01 00:00:00,7794.5845927099535,7944.4326873759655,7684.475219281337,7717.5908203125,1295900,10001225944.042969
2018-11-02 00:00:00,8030.532318786646,8076.066264924096,7791.27212908259,7977.54736328125,1314400,10485688254.296875
2018-11-05 00:00:00,7916.2840945590215,8103.387232539605,7913.800424585828,8034.67236328125,946400,7604013924.609375
2018-11-06 00:00:00,8106.69985682271,8312.0166015625,8040.468648842132,8312.0166015625,866000,7198206376.953125
2018-11-07 00:00:00,8291.317749146816,8361.688394047213,8141.469670005969,8191.14306640625,799400,6547999767.285156
2018-11-08 00:00:00,8403.08357447143,8663.868926782612,8394.80467439806,8639.0322265625,717400,6197641719.3359375
2018-11-09 00:00:00,8680.424803733826,8692.84315109253,8477.591796875,8477.591796875,621000,5264584505.859375
2018-11-12 00:00:00,8490.009650985054,8614.193117357338,8407.220673403532,8568.6591796875,382800,3280082733.984375
2018-11-13 00:00:00,8444.476868492811,8518.986958508924,8187.831002881754,8349.26953125,730500,6099141392.578125
2018-11-14 00:00:00,8345.130739155537,8423.780284812261,8232.53770537328,8244.9560546875,642400,5296559769.53125
2018-11-15 00:00:00,8170.446904351628,8332.713354169535,8127.396621746878,8268.9658203125,575200,4756309139.84375
2018-11-16 00:00:00,8403.081953513682,8485.870938277363,8291.31682408271,8320.29296875,553200,4602786070.3125
2018-11-19 00:00:00,8262.341074645876,8357.548411678368,8227.569699381835,8328.572265625,496900,4138467558.7890625
2018-11-20 00:00:00,8278.899346815966,8374.10668930435,8094.27989138197,8151.404296875,706100,5755706574.0234375
2018-11-21 00:00:00,8113.320550323439,8249.92237591562,8095.934863429889,8158.8544921875,658200,5370158026.7578125
2018-11-22 00:00:00,8159.6817446776,8228.396597032333,8081.0322148739915,8127.39404296875,794300,6455589088.330078
2018-11-23 00:00:00,8127.39404296875,8127.39404296875,8127.39404296875,8127.39404296875,0,0.0
2018-11-26 00:00:00,8200.248944287798,8236.676097599122,8080.204916330026,8095.10693359375,835000,6759414289.550781
2018-11-27 00:00:00,8157.197359224607,8182.861940381205,8034.669681444719,8171.271484375,715900,5849813255.6640625
2018-11-28 00:00:00,8278.89949845679,8411.3618904321,8256.546469810957,8382.3857421875,744100,6237333230.761719
2018-11-29 00:00:00,8411.360769678764,8659.727721539359,8394.80297288806,8440.3369140625,662500,5591723205.566406
2018-11-30 00:00:00,8378.246103126501,8672.147028680838,8361.688304503721,8622.4736328125,1858700,16026591741.308594
2018-12-03 00:00:00,8717.681359863282,8750.796958571214,8601.776764385517,8610.0556640625,622100,5356315628.613281
2018-12-04 00:00:00,8539.68587143842,8676.287729779411,8444.478515625,8444.478515625,634400,5357177170.3125
2018-12-05 00:00:00,8316.156373315323,8556.244511519548,8241.646261458838,8523.12890625,676500,5765896705.078125
2018-12-06 00:00:00,8378.247303743648,8398.944554988075,7914.628875868506,7983.34375,1213500,9687787640.625
2018-12-07 00:00:00,8107.527642375668,8254.064188143102,8014.8039523985335,8146.4384765625,896000,7299208875.0
2018-12-10 00:00:00,8022.252455496159,8054.540158877413,7929.528794503841,7975.890625,718100,5727487057.8125
2018-12-11 00:00:00,7959.335136046654,8045.435703359828,7919.596412671343,7987.4833984375,830700,6635202459.082031
2018-12-12 00:00:00,8039.640771411606,8353.411119714046,8022.255079289307,8332.7138671875,1072300,8935169079.785156
2018-12-13 00:00:00,8332.712345196758,8432.05913917824,8272.276378858025,8382.3857421875,646100,5415859428.027344
2018-12-14 00:00:00,8270.620831051945,8448.617175263775,7958.506311201437,7961.81787109375,1757300,13991302544.873047
2018-12-17 00:00:00,7956.022807917135,7999.90097740929,7786.305359881442,7924.56298828125,610900,4841115529.541016
2018-12-18 00:00:00,7753.1890561372775,7845.912726643137,7655.498046140032,7700.2041015625,686000,5282340013.671875
2018-12-19 00:00:00,7676.1952040516635,7769.746763376279,7580.987864915992,7663.77685546875,662600,5078018544.433594
2018-12-20 00:00:00,7551.184584373954,7651.359272972709,7358.286217072218,7417.06640625,913000,6771781628.90625
2018-12-21 00:00:00,7402.990911243419,7425.343936808569,7243.208172944383,7273.01220703125,1007100,7324650593.701172
2018-12-24 00:00:00,7273.01220703125,7273.01220703125,7273.01220703125,7273.01220703125,0,0.0
2018-12-25 00:00:00,6900.462573518275,6927.782941235864,6646.300364751615,6662.0302734375,1147600,7645345941.796875
2018-12-26 00:00:00,6728.260436021959,6914.535641891892,6721.6373175910285,6892.1826171875,968500,6675078864.746094
2018-12-27 00:00:00,7119.853545824504,7330.965482357673,7007.260513006814,7228.30712890625,1036400,7491417508.3984375
2018-12-28 00:00:00,7191.051962612657,7220.856000219617,6993.186268499783,7038.72021484375,734900,5172755485.888672
2018-12-31 00:00:00,7038.72021484375,7038.72021484375,7038.72021484375,7038.72021484375,0,0.0
2019-01-04 00:00:00,6866.518423154705,7080.94189453125,6799.459345233855,7080.94189453125,1052000,7449150873.046875
2019-01-07 00:00:00,7281.291164544793,7303.644190291548,7071.007144556802,7087.56494140625,941400,6672233635.839844
2019-01-08 00:00:00,7126.475190217391,7237.412420176631,7013.054290930707,7140.54931640625,888900,6347234287.353516
2019-01-09 00:00:00,7206.782351475471,7441.075218272434,7186.085101758425,7394.71337890625,869000,6426005926.269531
2019-01-10 00:00:00,7374.015240972009,7428.655973643409,7080.114330390999,7095.84423828125,962900,6832588417.041016
2019-01-11 00:00:00,7085.08265030142,7177.806330697979,7035.4092500889765,7051.13916015625,1183500,8345023196.044922
2019-01-15 00:00:00,6956.75859477676,7114.88556033696,6929.438228999344,7086.7373046875,793500,5623326051.269531
2019-01-16 00:00:00,7133.927391313855,7308.612163226032,7055.277849457662,7098.328125,739400,5248503815.625
2019-01-17 00:00:00,7098.3289825766915,7209.266244492399,7077.631732219284,7175.32275390625,502300,3604164619.2871094
2019-01-18 00:00:00,7172.838178907494,7339.24405078658,7127.3042338659525,7280.4638671875,634400,4618726277.34375
2019-01-21 00:00:00,7328.48144564652,7343.383463949914,7222.511537711279,7261.42236328125,510800,3709134543.1640625
2019-01-22 00:00:00,7331.7927314544395,7426.172177184544,7220.027598353,7263.90576171875,774200,5623715840.722656
2019-01-23 00:00:00,7136.41173425382,7296.194502781777,7125.6491643529735,7258.939453125,590900,4289307322.8515625
2019-01-24 00:00:00,7204.297269550199,7217.543506772999,7095.843702288526,7167.8701171875,571700,4097871345.9960938
2019-01-25 00:00:00,7123.992947168445,7198.503041909313,7109.918818161837,7121.50927734375,619500,4411774997.314453
2019-01-28 00:00:00,7092.532392227332,7169.526148790556,7014.710745808589,7144.689453125,606700,4334683091.2109375
2019-01-29 00:00:00,7089.220072717829,7220.854545631777,7058.588151347916,7215.88720703125,739900,5339034944.482422
2019-01-30 00:00:00,7285.431170772628,7285.431170772628,7186.912271986044,7216.71630859375,772100,5572026661.865234
2019-01-31 00:00:00,7037.063962929831,7077.630566951427,6851.61663025968,6970.0048828125,1418100,9884163924.316406
2019-02-01 00:00:00,7042.859643180483,7157.936343592153,7004.7767063535985,7129.7880859375,881000,6281343303.7109375
2019-02-04 00:00:00,7164.559032300938,7386.433520474806,7161.2474727759545,7348.3505859375,959600,7051477222.265625
2019-02-05 00:00:00,7441.902001514986,7624.865661803652,7419.548975144879,7473.36181640625,1172600,8763264065.917969
2019-02-06 00:00:00,7446.0412395268495,7531.313893259479,7289.570059376686,7290.39794921875,834200,6081649969.238281
2019-02-07 00:00:00,7282.120091897355,7296.1942212245785,7013.0558547592655,7128.96044921875,843200,6011139450.78125
2019-02-08 00:00:00,6995.669374854472,7044.514876998426,6887.215802297556,6888.87158203125,1203700,8292134723.291016
2019-02-12 00:00:00,6946.824844976177,7249.004688667787,6917.020805598375,7200.1591796875,1185400,8535068691.6015625
2019-02-13 00:00:00,7223.339572981464,7304.47278537713,7171.182507869965,7203.47021484375,875400,6305917826.074219
2019-02-14 00:00:00,7210.921170538758,7322.6863092325275,7157.108325982498,7163.7314453125,725400,5196570790.4296875
2019-02-15 00:00:00,7149.657555892377,7161.24801510758,7030.441403964574,7075.1474609375,719300,5089153568.652344
2019-02-18 00:00:00,7191.052062040703,7310.268214116902,7179.461602811073,7252.31591796875,727500,5276059830.322266
2019-02-19 00:00:00,7267.21831649175,7296.194466079037,7226.651707069546,7262.2509765625,434800,3157626724.609375
2019-02-20 00:00:00,7299.505029916201,7413.753832698149,7268.045214657404,7375.6708984375,712900,5258115783.496094
2019-02-21 00:00:00,7399.680030134546,7510.61727829275,7361.59709419964,7479.9853515625,1006200,7526361260.7421875
2019-02-22 00:00:00,7444.385886012105,7467.566802916947,7357.457447618948,7386.43359375,591900,4372030044.140625
2019-02-25 00:00:00,7455.976255218157,7507.305427750194,7432.795338590786,7461.771484375,530500,3958469772.4609375
2019-02-26 00:00:00,7483.2959120097385,7603.339933167103,7451.008209767413,7595.06103515625,752800,5717561947.265625
2019-02-27 00:00:00,7650.531862705321,7782.166379118063,7614.104700930726,7771.40380859375,924500,7184662821.044922
2019-02-28 00:00:00,7751.534253766059,7761.468934001581,7599.202490154721,7612.44873046875,818500,6230789285.888672
2019-03-01 00:00:00,7708.4851277020925,7806.176164655035,7687.787874110368,7793.7578125,647800,5048796310.9375
2019-03-04 00:00:00,7894.758855630138,7977.547853696729,7866.610596287497,7955.19482421875,754500,6002194494.873047
2019-03-05 00:00:00,7914.626673068722,8013.145561572402,7908.003554513853,8008.17822265625,681700,5459175094.384766
2019-03-06 00:00:00,8000.727223413155,8006.522452155279,7872.40430126611,7917.1103515625,736700,5832535195.996094
2019-03-07 00:00:00,7809.4876829779705,7827.701266040147,7672.057919872453,7688.61572265625,1051800,8086886017.089844
2019-03-08 00:00:00,7727.525151408175,7802.86314034948,7582.6444034441265,7594.23486328125,1503200,11415653846.484375
2019-03-11 00:00:00,7664.605538044038,7665.433428035186,7496.543869841085,7525.52001953125,313900,2362260734.1308594
2019-03-12 00:00:00,7662.948392202877,7774.713521086562,7623.209679710901,7739.1142578125,356200,2756672498.6328125
2019-03-13 00:00:00,7660.465425536491,7671.227994490558,7454.320835570147,7518.068359375,479200,3602658357.8125
2019-03-14 00:00:00,7636.45606474178,7638.111844460935,7470.878092826303,7478.3291015625,352600,2636858841.2109375
2019-03-15 00:00:00,7593.406631854122,7620.7270002417345,7494.059837717347,7558.63525390625,1015300,7674282373.291016
2019-03-18 00:00:00,7616.586439878609,7624.037448352403,7531.313787345185,7570.224609375,304600,2305890416.015625
2019-03-19 00:00:00,7568.570483156181,7568.570483156181,7446.042761486184,7508.96240234375,236900,1778873193.1152344
2019-03-20 00:00:00,7509.789116633773,7524.691134503844,7441.074256455116,7504.82177734375,707100,5306659478.759766
2019-03-22 00:00:00,6262.98779296875,6262.98779296875,6262.98779296875,6262.98779296875,134100,839866663.0371094
2019-03-25 00:00:00,6262.98779296875,6262.98779296875,6262.98779296875,6262.98779296875,0,0.0
2019-03-26 00:00:00,5021.152114202845,5297.667333682441,5000.45486723581,5221.50146484375,9422100,49197508951.9043
2019-03-27 00:00:00,5293.615393268256,5322.125281335913,5065.536288726998,5223.17919921875,3728800,19476190598.046875
2019-03-28 00:00:00,5156.934952287222,5198.02272670382,5089.852871607063,5168.67431640625,1904000,9841155898.4375
2019-03-29 00:00:00,5215.632378053074,5292.776779786335,5186.283964350203,5209.7626953125,1917200,9988157039.453125
2019-04-01 00:00:00,5282.714289417273,5333.02585407839,5243.303563766065,5244.14208984375,1594900,8363882219.091797
2019-04-02 00:00:00,5324.640024722015,5385.01389586847,5276.844043397739,5344.7646484375,1252800,6695921151.5625
2019-04-03 00:00:00,5383.336633216076,5495.699111230243,5318.770134655696,5437.8408203125,1488300,8093138492.871094
2019-04-04 00:00:00,5425.2633686515055,5427.778946720432,5317.093511687665,5374.11328125,1166000,6266216085.9375
2019-04-05 00:00:00,5425.264253198106,5443.711828711299,5381.660892894196,5430.29541015625,1056700,5738193159.912109
2019-04-08 00:00:00,5416.039879020262,5417.71693115806,5335.541376405933,5372.4365234375,753900,4050279895.0195312
2019-04-09 00:00:00,5387.529885458846,5394.238093876538,5307.8699104987545,5384.17578125,976100,5255493980.078125
2019-04-10 00:00:00,5333.025692065099,5429.456188069421,5331.348639960676,5384.17578125,737300,3969752803.515625
2019-04-11 00:00:00,5397.592536701911,5466.35167729684,5389.207275653748,5446.22705078125,1005500,5476181299.560547
2019-04-12 00:00:00,5452.0967441113835,5456.289374643613,5346.442454699197,5376.62939453125,1643200,8834877421.09375
2019-04-15 00:00:00,5450.418752552328,5541.818082402821,5426.101499656326,5518.33935546875,1262300,6965799768.408203
2019-04-16 00:00:00,5514.147340677005,5576.19826878073,5472.221037904217,5542.6572265625,1103900,6118539312.402344
2019-04-17 00:00:00,5535.949119195335,5542.657327761461,5459.643246755654,5478.0908203125,1043700,5717483389.160156
2019-04-18 00:00:00,5467.190298507462,5467.190298507462,5328.83348880597,5337.21875,965300,5152017259.375
2019-04-19 00:00:00,5398.4310007131235,5418.555626997236,5338.895647955958,5346.4423828125,530700,2837356972.5585938
2019-04-22 00:00:00,5327.995096283882,5416.0403410288945,5322.1254133008815,5405.97802734375,515500,2786781673.095703
2019-04-23 00:00:00,5450.4195147847895,5474.736771081522,5383.337428448977,5411.0087890625,846600,4580960040.8203125
2019-04-24 00:00:00,5494.861971504693,5570.3293265230695,5411.847880984479,5432.81103515625,1355600,7364718639.2578125
2019-04-25 00:00:00,5411.009331730585,5483.961107937087,5397.592913117895,5457.966796875,789800,4310702176.171875
2019-04-26 00:00:00,5457.966101070436,5492.345669382602,5403.461907404807,5411.84716796875,856900,4637411838.232422
2019-05-07 00:00:00,5355.66566819411,5437.002691806891,5333.863991761818,5363.21240234375,1253800,6724395710.058594
2019-05-08 00:00:00,5316.255291131315,5334.702864696756,5246.657627225338,5294.45361328125,1280300,6778488961.083984
2019-05-09 00:00:00,5272.651570862191,5341.410703942774,5249.172842493212,5327.15576171875,950300,5062396120.361328
2019-05-10 00:00:00,5409.33130469855,5437.841189113331,5280.198298819837,5335.541015625,1104700,5894172159.9609375
2019-05-13 00:00:00,5300.323301681703,5444.549786081206,5228.210059481952,5347.28076171875,1229400,6573946968.457031
2019-05-14 00:00:00,5228.209450427628,5523.370593418891,5224.016820555593,5470.54345703125,1260000,6892884755.859375
2019-05-15 00:00:00,5421.909912385062,5421.909912385062,5146.034817863769,5198.0234375,1978600,10284809173.4375
2019-05-16 00:00:00,5209.7628447927045,5264.267043233317,5193.830848325449,5261.75146484375,1012800,5329101883.59375
2019-05-17 00:00:00,5327.9954759400425,5477.25313957198,5295.292954133045,5462.15966796875,1217900,6652364259.619141
2019-05-20 00:00:00,5437.003485323155,5460.482217215358,5353.150871422427,5361.5361328125,717900,3849046789.7460938
2019-05-21 00:00:00,5373.274648966604,5417.716527305435,5293.614678359266,5385.8525390625,634800,3418939191.796875
2019-05-22 00:00:00,5415.201165382701,5487.3144048102195,5382.4986498283615,5423.58642578125,665400,3608854407.7148438
2019-05-23 00:00:00,5411.008877625852,5548.527156865064,5333.025950984103,5538.46484375,1115100,6175942147.265625
2019-05-24 00:00:00,5567.8126182637,5567.8126182637,5470.54360264343,5539.302734375,930000,5151551542.96875
2019-05-27 00:00:00,5561.943055648015,5576.197997898281,5501.569182588063,5510.79296875,545900,3008341881.640625
2019-05-28 00:00:00,5551.042843105181,5611.41672296977,5524.210007609809,5526.7255859375,1009400,5578676806.4453125
2019-05-29 00:00:00,5440.356941569035,5501.569342422078,5386.691275067738,5493.18408203125,998800,5486592261.1328125
2019-05-30 00:00:00,5433.649201985999,5525.048548130517,5432.810675874582,5509.955078125,729600,4020063225.0
2019-05-31 00:00:00,5450.420061099796,5503.247209384302,5348.119869183769,5352.3125,1064600,5698071887.5
2019-06-03 00:00:00,5292.776833757096,5318.771143301847,5264.2669458693035,5317.9326171875,721400,3836356590.0390625
2019-06-04 00:00:00,5361.535590672162,5409.331575762608,5285.229719738291,5306.19287109375,666500,3536577548.5839844
2019-06-05 00:00:00,5326.317971703686,5383.337748478852,5280.199034606126,5322.9638671875,911800,4853478454.1015625
2019-06-06 00:00:00,5287.745170519378,5320.447685846091,5261.75086346481,5281.87548828125,517900,2735483315.3808594
2019-06-07 00:00:00,5265.943580512669,5319.609247575218,5241.626325124951,5295.2919921875,378700,2005327077.4414062
2019-06-10 00:00:00,5337.219130435724,5358.182284915047,5288.584612043694,5296.13134765625,810900,4294632909.814453
2019-06-11 00:00:00,5307.030681510947,5378.305386508329,5279.35932545314,5354.82666015625,581300,3112760737.548828
2019-06-12 00:00:00,5325.478634043058,5364.050830101314,5296.96875,5296.96875,768300,4069661090.625
2019-06-13 00:00:00,5298.646738882116,5305.354948078358,5196.346548639416,5233.24169921875,639800,3348228039.1601562
2019-06-14 00:00:00,5231.564138479085,5276.844546153051,5168.6746833763555,5258.39697265625,1048200,5511851706.738281
2019-06-17 00:00:00,5258.396195834539,5276.8437666060845,5224.855158068093,5251.68798828125,492500,2586456334.2285156
2019-06-18 00:00:00,5270.135928006305,5277.68266203209,5143.518501573695,5149.38818359375,837100,4310552848.486328
2019-06-19 00:00:00,5233.24202175457,5330.511061094985,5224.856759742465,5303.67822265625,981000,5202908336.425781
2019-06-20 00:00:00,5386.6917866816175,5462.997663485482,5374.11389490076,5398.43115234375,964400,5206247003.3203125
2019-06-21 00:00:00,5334.702302066491,5334.702302066491,5179.574995263238,5186.283203125,1233800,6398836216.015625
2019-06-24 00:00:00,5219.824940608098,5261.7512453519375,5199.700314331055,5232.40283203125,488000,2553412582.03125
2019-06-25 00:00:00,5187.1219827859095,5230.725336019804,5145.195681599474,5173.70556640625,633800,3279094587.9882812
2019-06-26 00:00:00,5188.799336863633,5196.346071516473,5103.269677464782,5163.6435546875,586400,3027960580.46875
2019-06-27 00:00:00,5141.003707221461,5203.054640892051,5090.692139380442,5200.5390625,711100,3698103327.34375
2019-06-28 00:00:00,5116.686678475415,5172.029405577902,5078.953000905537,5107.462890625,1260700,6438978466.2109375
2019-07-01 00:00:00,5165.320967178771,5276.844942606494,5147.711918427025,5253.3662109375,1102300,5790785574.316406
2019-07-02 00:00:00,5253.3658162480315,5287.745385037524,5191.314887213339,5258.39697265625,878000,4616872541.9921875
2019-07-03 00:00:00,5218.986568620565,5230.725934295482,5174.544684279805,5223.17919921875,810100,4231297469.2871094
2019-07-04 00:00:00,5257.558447218356,5288.583911739422,5179.575522881625,5197.1845703125,586900,3050227624.3164062
2019-07-05 00:00:00,5222.3405329958805,5236.595476647282,5197.184750081642,5215.63232421875,485700,2533232619.873047
2019-07-08 00:00:00,5211.439351591736,5217.3090338863685,5128.425273424788,5153.5810546875,1004200,5175226095.1171875
2019-07-09 00:00:00,5165.320945599574,5177.898837512559,5102.431486034644,5111.6552734375,878400,4490077992.1875
2019-07-10 00:00:00,5099.916346380817,5170.35254715293,5087.338453385797,5161.96728515625,1006200,5193971482.324219
2019-07-11 00:00:00,5167.8359633375185,5177.898275776274,5113.3317709609255,5134.294921875,649500,3334724551.7578125
2019-07-12 00:00:00,5136.810532563447,5141.003162772852,5049.603824207815,5092.36865234375,967400,4926357434.277344
2019-07-16 00:00:00,5033.673100017714,5057.990361370456,4985.038577312229,5029.48046875,774500,3895332623.046875
2019-07-17 00:00:00,5012.70941067426,5041.21930026324,4961.559314646972,5026.96435546875,782500,3933599608.154297
2019-07-18 00:00:00,5047.927446018624,5051.281550633919,4917.117366022128,4935.56494140625,960100,4738635900.244141
2019-07-19 00:00:00,4925.501507537688,5011.031155778895,4903.699832495812,5006.0,647400,3240884400.0
2019-07-22 00:00:00,4960.719454427526,4995.937543860582,4909.569372155708,4928.85546875,693000,3415696839.84375
2019-07-23 00:00:00,4905.376965016172,4983.359880870275,4856.7424583544735,4958.2041015625,717400,3557015622.4609375
2019-07-24 00:00:00,4967.429380072879,4972.46053744635,4901.185807988855,4933.0498046875,582200,2872021596.2890625
2019-07-25 00:00:00,4905.377206679787,4931.3715132451,4889.445212333307,4892.79931640625,572300,2800149048.779297
2019-07-26 00:00:00,4880.221097176535,4912.923609683388,4836.617747167397,4875.18994140625,531000,2588725858.8867188
2019-07-29 00:00:00,4863.450977842575,4888.60675876245,4835.779618830712,4861.77392578125,642700,3124662102.0996094
2019-07-30 00:00:00,4862.612746213041,4902.861998121684,4839.972542014429,4860.09716796875,848400,4123306437.3046875
2019-07-31 00:00:00,4783.790749492703,5006.0001357531,4772.889911676155,4952.33447265625,1940400,9609509810.742188
2019-08-01 00:00:00,4868.482428783051,4874.352111353061,4767.859299011441,4860.09716796875,1443900,7017494300.830078
2019-08-02 00:00:00,4779.598797605245,4793.853741387576,4670.5904039756515,4700.77734375,1346800,6331006926.5625
2019-08-05 00:00:00,4666.397521136558,4698.261511397688,4531.3948255565065,4590.93017578125,1112500,5107409820.556641
2019-08-06 00:00:00,4486.114405318755,4616.085944164439,4438.318420065827,4607.70068359375,902100,4156606786.669922
2019-08-07 00:00:00,4577.514690681562,4653.820577630091,4558.228587386878,4632.857421875,869000,4025953099.609375
2019-08-08 00:00:00,4621.117073964685,4649.6269597412775,4574.159615038533,4641.24169921875,476000,2209231048.828125
2019-08-09 00:00:00,4642.080393236737,4679.814066953437,4589.253250033356,4615.24755859375,710300,3278210340.8691406
2019-08-13 00:00:00,4537.2647092689795,4575.8369097173945,4504.562191497497,4523.009765625,720600,3259280837.109375
2019-08-14 00:00:00,4577.514322856806,4596.800424601761,4523.010122273239,4559.9052734375,541200,2467820733.984375
2019-08-15 00:00:00,4442.511163072183,4486.114519146126,4414.839802486796,4465.1513671875,736300,3287690951.6601562
2019-08-16 00:00:00,4443.350389440736,4503.724276596753,4436.642179756734,4494.50048828125,542200,2436918164.7460938
2019-08-19 00:00:00,4528.040144587821,4550.68034531076,4483.598269094644,4516.30078125,408500,1844908869.140625
2019-08-20 00:00:00,4534.748146716391,4616.085160442628,4513.784998848803,4609.376953125,607700,2801118374.4140625
2019-08-21 00:00:00,4538.103746157786,4613.571103355533,4525.525853291496,4603.5087890625,479300,2206461762.5976562
2019-08-22 00:00:00,4597.6383167041295,4601.830946940044,4517.978342221749,4552.35791015625,567700,2584373585.595703
2019-08-23 00:00:00,4486.114471407263,4568.290026210611,4486.114471407263,4523.84814453125,468900,2121232394.9707031
2019-08-26 00:00:00,4398.069109186071,4464.312666788683,4398.069109186071,4438.318359375,799600,3548879360.15625
2019-08-27 00:00:00,4495.33825890026,4526.363723473905,4460.120163978826,4462.6357421875,787900,3516110701.2695312
2019-08-28 00:00:00,4462.635312904984,4484.436988616282,4425.740169393556,4448.38037109375,761000,3385217462.4023438
2019-08-29 00:00:00,4461.798551895743,4481.923183590066,4421.549288507095,4446.705078125,568300,2527062495.8984375
2019-08-30 00:00:00,4494.500431629835,4574.998946823204,4478.568433831147,4553.197265625,1002800,4565946217.96875
2019-09-02 00:00:00,4469.343696752916,4481.921587081489,4429.094447701483,4475.21337890625,761400,3407427466.6992188
2019-09-03 00:00:00,4461.797337611396,4488.630172567901,4426.579241730983,4434.1259765625,621400,2755365881.8359375
2019-09-04 00:00:00,4414.000367030201,4436.640566481155,4364.527338600342,4372.91259765625,929900,4066371424.560547
2019-09-05 00:00:00,4393.876677802744,4510.431803416213,4377.944682215291,4431.6103515625,1189800,5272729996.2890625
2019-09-06 00:00:00,4451.735024502706,4472.698176812476,4410.647245975558,4434.1259765625,913200,4049243841.796875
2019-09-09 00:00:00,4455.08976452979,4490.307865435164,4447.543028621495,4486.115234375,636300,2854515123.6328125
2019-09-10 00:00:00,4510.431787799397,4522.171152928453,4481.083374976757,4509.59326171875,635300,2864944599.169922
2019-09-11 00:00:00,4611.053999721235,4627.824517996271,4566.612126292389,4617.76220703125,1005000,4640851018.066406
2019-09-12 00:00:00,4646.273743278763,4651.304900553564,4570.806384156747,4583.38427734375,1027000,4707135652.832031
2019-09-13 00:00:00,4625.309470179462,4642.079990375906,4569.966753531194,4628.66357421875,1800300,8332983032.666016
2019-09-17 00:00:00,4469.344003021761,4541.457245847253,4408.970125307395,4517.978515625,2236700,10105362545.898438
2019-09-18 00:00:00,4483.599392258977,4543.973275977445,4430.7722440053185,4454.2509765625,1410000,6280493876.953125
2019-09-19 00:00:00,4476.890625090222,4574.99817390752,4473.536520857152,4538.10302734375,1318700,5984396462.158203
2019-09-20 00:00:00,4553.197366592852,4623.633568948984,4526.364527600039,4549.84326171875,1397500,6358405958.251953
2019-09-24 00:00:00,4606.862170911815,4642.918791470463,4529.7177734375,4529.7177734375,1385500,6275923975.097656
2019-09-25 00:00:00,4544.811031100901,4776.244212758438,4544.811031100901,4745.21875,1837400,8718864931.25
2019-09-26 00:00:00,4829.072164365326,4829.910690526876,4698.262083163557,4726.77197265625,1518300,7176657886.083984
2019-09-27 00:00:00,4763.3474564218095,4778.658216103166,4623.849423769457,4672.33349609375,1242400,5804907135.546875
2019-09-30 00:00:00,4669.780750069716,4684.240909040788,4611.940114185428,4670.63134765625,1090000,5090988168.9453125
2019-10-01 00:00:00,4690.195589475155,4714.862922100252,4650.217498668965,4705.50634765625,719800,3387023469.0429688
2019-10-02 00:00:00,4673.185134879292,4673.185134879292,4613.643278410134,4633.20703125,1000900,4637376917.578125
2019-10-03 00:00:00,4550.697453101566,4595.7791288051885,4513.271156291011,4537.087890625,965000,4378289814.453125
2019-10-04 00:00:00,4545.59392900037,4606.836960977919,4533.685561671401,4603.4345703125,768200,3536358436.9140625
2019-10-07 00:00:00,4614.492912468923,4627.251879047179,4568.560632787205,4597.48095703125,429400,1974158322.9492188
2019-10-08 00:00:00,4610.239867828151,4668.931113377992,4605.136281258599,4636.6083984375,735200,3408834494.53125
2019-10-09 00:00:00,4576.216427800713,4600.883765422687,4505.616806330925,4532.8359375,955000,4328858320.3125
2019-10-10 00:00:00,4537.938936815521,4542.191925509819,4448.626174235272,4504.765625,750200,3379475171.875
2019-10-11 00:00:00,4571.962661125627,4632.355098137705,4534.536362132227,4623.84912109375,1065700,4927636008.349609
2019-10-15 00:00:00,4699.552683927575,4728.4730081363605,4651.919208760164,4668.08056640625,821500,3834828185.3027344
2019-10-16 00:00:00,4733.57666015625,4773.554755938342,4720.817693417284,4733.57666015625,862000,4080343081.0546875
2019-10-17 00:00:00,4753.140191520434,4785.4629057791635,4705.506717875992,4714.0126953125,733700,3458671114.5507812
2019-10-18 00:00:00,4725.070371445665,4773.554441863739,4713.162003272804,4720.8173828125,744600,3515120623.2421875
2019-10-21 00:00:00,4764.198057780595,4769.301644344902,4702.104421248193,4707.2080078125,514700,2422799961.6210938
2019-10-23 00:00:00,5557.8056640625,5557.8056640625,5557.8056640625,5557.8056640625,245900,1366664412.7929688
2019-10-24 00:00:00,6408.40283203125,6408.40283203125,6408.40283203125,6408.40283203125,366400,2348038797.65625
2019-10-25 00:00:00,6804.78192101227,7192.65449050997,6738.435297282401,6932.37158203125,13691700,94915951989.69727
2019-10-28 00:00:00,6974.9008126378,7101.63986398939,6907.703597491655,6944.279296875,4987100,34631815281.44531
2019-10-29 00:00:00,6942.579187607556,6974.901903746871,6650.824144560584,6796.2763671875,3505400,23823667177.539062
2019-10-30 00:00:00,6834.552383685031,7055.707781290271,6779.26353428372,6930.669921875,4292100,29747128371.679688
2019-10-31 00:00:00,6815.838876659674,6903.450433416936,6701.85879311139,6708.66357421875,3040700,20399033330.126953
2019-11-01 00:00:00,6629.557681386137,6736.732978775751,6460.288759318413,6482.404296875,2254600,14615228727.734375
2019-11-05 00:00:00,6481.554300090651,6571.717653871439,6413.50648591647,6509.6240234375,1808800,11774607933.59375
2019-11-06 00:00:00,6477.301689020422,6489.210057194589,6383.735939080534,6411.8056640625,1452000,9309941824.21875
2019-11-07 00:00:00,6420.311310324235,6435.622068615946,6320.791381428112,6365.0224609375,1177400,7494177445.5078125
2019-11-08 00:00:00,6420.311288587639,6443.277425947452,6302.078211068603,6437.3232421875,1574600,10136209177.148438
2019-11-11 00:00:00,6464.542533211752,6473.048510229136,6353.114234284023,6354.8154296875,1011800,6429802251.7578125
2019-11-12 00:00:00,6332.700452946674,6380.333928482605,6239.134697429664,6279.11279296875,1579400,9917230745.214844
2019-11-13 00:00:00,6282.514089397708,6284.215284656142,6137.061894801579,6145.56787109375,1484100,9120637277.490234
2019-11-14 00:00:00,6110.6939361422565,6209.363270300455,6059.658073646636,6069.0146484375,1132800,6874979793.75
2019-11-15 00:00:00,6090.279709429824,6117.498836622807,6006.070534676535,6060.5087890625,1183200,7170793999.21875
2019-11-18 00:00:00,6105.590654926915,6336.953243132561,6084.325711158014,6328.447265625,1566900,9916044020.507812
2019-11-19 00:00:00,6328.446815842115,6553.004606081674,6322.492632010006,6537.69384765625,2121000,13866448650.878906
2019-11-20 00:00:00,6540.244933561458,6638.91425496777,6413.505891410248,6482.404296875,1589000,10300540427.734375
2019-11-21 00:00:00,6493.463584581804,6604.891896027994,6443.278314541153,6548.75244140625,1206800,7903034446.2890625
2019-11-22 00:00:00,6533.441386210492,6617.650564342876,6512.176442237668,6570.01708984375,889900,5846658208.251953
2019-11-25 00:00:00,6644.869055802728,6768.205719024873,6640.616067415757,6757.14794921875,1360200,9191072640.527344
2019-11-26 00:00:00,6804.781734065516,6826.04667698447,6699.3076171875,6699.3076171875,1543400,10339711376.367188
2019-11-27 00:00:00,6747.791909536367,6876.232169001889,6729.929356895466,6753.74609375,1353200,9139169214.0625
2019-11-28 00:00:00,6754.597056330505,6867.7265625,6746.091078423025,6867.7265625,1063400,7303140426.5625
2019-11-29 00:00:00,6888.139995833654,6973.199763626117,6876.231628342709,6898.34716796875,1265400,8729168506.347656
2019-12-02 00:00:00,6803.080186282443,6900.898918643343,6771.608072392413,6866.0244140625,1089300,7479160394.238281
2019-12-03 00:00:00,6803.930756724893,6803.930756724893,6602.339109100965,6620.20166015625,2111600,13979217825.585938
2019-12-04 00:00:00,6501.118840775695,6651.674648026421,6482.405689591989,6627.85791015625,961900,6375336523.779297
2019-12-05 00:00:00,6618.500811693192,6711.215962506013,6575.970925999238,6630.4091796875,915400,6069476563.0859375
2019-12-06 00:00:00,6862.62239117627,7144.170235930775,6828.598482444608,7015.72998046875,3485400,24452625273.92578
2019-12-09 00:00:00,7081.2262431707095,7097.38760036233,6969.797938323219,6998.71826171875,1493100,10449786236.572266
2019-12-10 00:00:00,7006.373557008807,7028.48909816241,6883.036885190636,6899.1982421875,1347600,9297359551.171875
2019-12-11 00:00:00,6889.841475053267,6889.841475053267,6732.480898153902,6736.73388671875,1193900,8042986587.353516
2019-12-12 00:00:00,6755.446473025892,6809.034124473969,6630.408619647045,6777.56201171875,1057500,7167271827.392578
2019-12-13 00:00:00,6905.151200348268,7116.099401590737,6854.965942794615,7059.9599609375,2776400,19601272835.546875
2019-12-16 00:00:00,7061.662463544185,7142.4692491424385,7027.638553818605,7036.14453125,1372800,9659219212.5
2019-12-17 00:00:00,7036.9953569716245,7085.479429901322,6917.911669074123,7054.85791015625,1297000,9150150709.472656
2019-12-18 00:00:00,6998.716762113354,7011.47572558342,6929.818359375,6929.818359375,1012400,7015748107.03125
2019-12-19 00:00:00,6945.130572734072,7046.351704167674,6940.877584018375,7036.14453125,805800,5669725263.28125
2019-12-20 00:00:00,7020.834181483752,7041.248528510117,6935.774402207235,6936.625,1237700,8585460762.5
2019-12-23 00:00:00,6974.051271901548,7012.328172405947,6916.210622250455,7008.92578125,695800,4876810558.59375
2019-12-24 00:00:00,6980.855116632648,7056.558309684958,6980.855116632648,7006.373046875,424000,2970702171.875
2019-12-25 00:00:00,7051.455519073464,7133.963502831019,7036.9953569716245,7054.85791015625,808100,5701030677.197266
2019-12-26 00:00:00,7093.13386713852,7126.307175786848,7056.558167859595,7122.90478515625,736600,5246731664.746094
2019-12-27 00:00:00,7070.167863124925,7121.203723542092,7025.936784096713,7077.8232421875,564100,3992600090.9179688
2019-12-30 00:00:00,7102.4899844016645,7139.916278930247,6965.5437703311645,6978.302734375,861500,6011807805.6640625
2020-01-06 00:00:00,6877.082687324444,6936.624528773141,6775.86155686166,6794.57470703125,1145400,7782505869.433594
2020-01-07 00:00:00,6847.311342266907,6904.301386978942,6805.632055835717,6895.79541015625,861000,5937279848.144531
2020-01-08 00:00:00,6736.733740124153,6819.241716486785,6646.57038451138,6782.666015625,1348900,9149138188.476562
2020-01-09 00:00:00,6889.840863992612,6947.681503344649,6879.633692342252,6922.16357421875,770300,5332142601.220703
2020-01-10 00:00:00,6950.234217535646,7034.443394813339,6917.911503025017,7031.8916015625,900300,6330812008.886719
2020-01-14 00:00:00,6997.016546264919,7035.293442032233,6877.932870544389,6894.94482421875,999100,6888739373.876953
2020-01-15 00:00:00,6932.371766302901,7004.672576135508,6866.02514080945,6989.36181640625,946400,6614732023.046875
2020-01-16 00:00:00,6999.5679178737655,7020.83285868636,6951.934450453552,6996.16552734375,640300,4479644787.158203
2020-01-17 00:00:00,7059.110486339616,7127.158304017308,7039.546738757279,7084.62841796875,883600,6259977670.1171875
2020-01-20 00:00:00,7046.351263368534,7113.548480872893,7017.430941910961,7103.34130859375,489100,3474244234.033203
2020-01-21 00:00:00,7110.9958760261425,7133.111413439621,7014.027750443968,7019.98193359375,602600,4230241113.1835938
2020-01-22 00:00:00,6985.1083454003565,7096.536644626787,6983.407149992319,7094.83544921875,664000,4710970738.28125
2020-01-23 00:00:00,7037.845200195313,7159.480668364025,7037.845200195313,7145.0205078125,993300,7097148870.410156
2020-01-24 00:00:00,7116.099918471002,7196.056097330226,7105.0421490543,7164.583984375,932700,6682407482.2265625
2020-01-27 00:00:00,7054.0069133399975,7079.52484501734,6954.486979798363,7013.17822265625,969000,6795769697.753906
2020-01-28 00:00:00,7022.534226551139,7050.603949113662,6962.141793159045,7019.1318359375,819100,5749370886.816406
2020-01-29 00:00:00,6985.108910389388,7010.626843573957,6917.06108856387,6983.40771484375,813200,5678907153.7109375
2020-01-30 00:00:00,6954.48612016223,7002.97018435612,6898.3466774114095,6934.07177734375,812100,5631159690.380859
2020-01-31 00:00:00,6923.865448705202,7093.984992899433,6915.359471495491,7084.62841796875,1297600,9193013835.15625
2020-02-03 00:00:00,7052.305018721198,7397.64765985023,7035.293065956222,7383.1875,1556300,11490454706.25
2020-02-04 00:00:00,7357.670602105886,7547.353902021448,7324.4972895646,7484.40966796875,1363200,10202747259.375
2020-02-05 00:00:00,7560.112924840329,7746.393835117109,7498.869885845222,7691.10498046875,1351100,10391451939.111328
2020-02-06 00:00:00,7885.040662802419,8021.136294522849,7787.22192750336,7910.55859375,1384500,10952168373.046875
2020-02-07 00:00:00,7934.376204044118,8023.6889722071355,7910.559465867313,7953.08935546875,1078900,8580588105.615234
2020-02-10 00:00:00,7902.05310849263,7966.698537582559,7821.246322130219,7839.95947265625,723800,5674562666.308594
2020-02-12 00:00:00,7798.279328272958,7821.24546503816,7693.655816342594,7725.1279296875,858000,6628159763.671875
2020-02-13 00:00:00,7708.967584127004,7753.198668136118,7670.690684503731,7722.5771484375,577500,4459788303.222656
2020-02-14 00:00:00,7703.01394397274,7712.370520097265,7544.802747685314,7613.701171875,744900,5671446002.9296875
2020-02-17 00:00:00,7612.850211430522,7612.850211430522,7510.778476752124,7534.59521484375,542500,4087517904.0527344
2020-02-18 00:00:00,7531.192830862713,7549.05538444845,7440.178867354433,7463.99560546875,538300,4017868834.423828
2020-02-19 00:00:00,7572.020468082003,7670.68979792895,7527.789389185097,7610.29736328125,884400,6730546988.0859375
2020-02-20 00:00:00,7633.26325383046,7744.691545144455,7587.3309810750725,7628.15966796875,675700,5154347487.646484
2020-02-21 00:00:00,7649.4252458610335,7733.634419589516,7589.032808136566,7652.82763671875,584400,4472312470.8984375
2020-02-25 00:00:00,7270.0589564204365,7520.985292227623,7219.0230915105,7419.76416015625,1529900,11351497188.623047
2020-02-26 00:00:00,7370.428632574866,7426.568077439256,7294.7254417728855,7340.65771484375,1214000,8911558465.820312
2020-02-27 00:00:00,7276.012395910315,7276.86299357175,7026.787281110021,7049.75341796875,1266200,8926397777.832031
2020-02-28 00:00:00,6844.759072022127,6874.529988826001,6721.422416691791,6788.61962890625,1639700,11131299605.517578
2020-03-02 00:00:00,6634.6612897205805,6830.298738007214,6617.649337695656,6765.6533203125,1225200,8289278448.046875
2020-03-03 00:00:00,6900.898077652918,6949.382139088419,6820.09130859375,6820.09130859375,1263300,8615821350.146484
2020-03-04 00:00:00,6813.286446954025,6949.3820563813215,6783.515532391804,6861.7705078125,829900,5694583344.433594
2020-03-05 00:00:00,7019.1321713834695,7067.616239944892,6968.946907433927,7030.18994140625,1081700,7604556459.619141
2020-03-06 00:00:00,6925.567025661104,6940.87778548202,6612.54704710015,6670.3876953125,1306200,8712860407.617188
2020-03-09 00:00:00,6442.426821691806,6852.414903029996,6367.574225928817,6826.89697265625,2125500,14510569515.38086
2020-03-10 00:00:00,6894.094487725258,6997.01681135447,6554.705999063644,6735.03271484375,2255700,15192213294.873047
2020-03-11 00:00:00,6704.4105935034295,6727.376729766382,6485.807000185695,6495.16357421875,1294800,8409937795.8984375
2020-03-12 00:00:00,6381.18393442363,6553.004669528079,6175.339291377706,6285.9169921875,1450000,9114579638.671875
2020-03-13 00:00:00,5733.0283066582615,6080.072156675557,5480.400798189789,5840.20361328125,2487500,14527506488.03711
2020-03-16 00:00:00,5945.679172569341,5995.864447416493,5656.475893789144,5704.109375,1339100,7638372864.0625
2020-03-17 00:00:00,5513.5750795717595,5911.654860077712,5435.320079985119,5626.70458984375,2092500,11773879354.248047
2020-03-18 00:00:00,5647.969309077474,5735.580881191176,5456.584806887348,5467.642578125,1770700,9681554713.085938
2020-03-19 00:00:00,5652.221789467253,5699.004663571196,5174.185875896058,5220.96875,2304900,12033810871.875
2020-03-23 00:00:00,5306.028890473074,5722.821797868362,5243.935253248878,5686.24609375,1846700,10500790661.328125
2020-03-24 00:00:00,5794.271671482047,5943.976870275476,5670.084404301134,5851.26171875,1247300,7298278741.796875
2020-03-25 00:00:00,6021.381158208527,6464.542562845713,5998.415020156312,6458.58837890625,1564000,10101232224.609375
2020-03-26 00:00:00,6335.25253518212,6416.059327722707,6107.292320436039,6293.5732421875,1272700,8009830665.332031
2020-03-27 00:00:00,6583.62656744905,6695.054872401999,6411.805822407097,6646.57080078125,1703400,11321768702.050781
2020-03-30 00:00:00,6542.58275329286,6731.64990234375,6463.518309144306,6731.64990234375,1348900,9080322553.271484
2020-03-31 00:00:00,6860.56018652824,6952.515584243199,6717.9004106340035,6815.87158203125,1370100,9338425654.541016
2020-04-01 00:00:00,6733.37034794689,6746.261293092928,6234.061072623707,6271.87451171875,1102000,6911605711.9140625
2020-04-02 00:00:00,6222.029487531923,6253.8271520400285,6042.415652878032,6057.025390625,1374100,8322958589.2578125
2020-04-03 00:00:00,6092.259032181616,6203.12113052432,6064.758356623735,6161.8701171875,1168100,7197680483.886719
2020-04-06 00:00:00,6148.980393009568,6349.2197265625,6085.385068190182,6349.2197265625,1076900,6837474723.535156
2020-04-07 00:00:00,6479.847549920161,6540.864682021532,6247.810568689599,6424.84619140625,1036500,6659353077.392578
2020-04-08 00:00:00,6497.894494937342,6631.1009023854685,6363.82869131213,6598.44384765625,901300,5947177439.892578
2020-04-09 00:00:00,6539.145279022225,6591.56844396116,6475.549964178271,6588.130859375,673900,4439741386.1328125
2020-04-10 00:00:00,6701.572143062533,6703.290935610125,6535.708662219872,6607.89794921875,874900,5781249915.771484
2020-04-13 00:00:00,6492.738810269547,6646.570742372558,6474.691488626177,6530.55224609375,472100,3083073715.3808594
2020-04-14 00:00:00,6623.366372432728,6875.16945367352,6586.4123366192325,6854.5439453125,953500,6535807651.855469
2020-04-15 00:00:00,6815.012270292847,6858.841479092965,6771.1830614927285,6832.2001953125,755500,5161727247.558594
2020-04-16 00:00:00,6757.433599871474,6812.43496708396,6701.572836296294,6717.9013671875,675500,4537942373.535156
2020-04-17 00:00:00,6874.310672427845,6928.45263671875,6785.792857793507,6928.45263671875,908400,6293806375.1953125
2020-04-20 00:00:00,6828.763335580233,6895.796250276339,6772.04317699122,6802.9814453125,746100,5075704456.347656
2020-04-21 00:00:00,6802.981535035606,6830.482218350555,6619.930111720474,6622.50830078125,858700,5686747877.880859
2020-04-22 00:00:00,6549.4588117446,6674.9306640625,6465.237979366832,6674.9306640625,768700,5131019201.464844
2020-04-23 00:00:00,6030.383027451398,6282.186109543924,5973.662879266733,6081.08740234375,2893700,17596842616.16211
2020-04-24 00:00:00,6140.385317282996,6157.573239794634,6008.897710068958,6137.80712890625,1501200,9214076061.914062
2020-04-27 00:00:00,6161.8718141382105,6257.264808750392,6085.385539178894,6172.1845703125,1234500,7619561852.050781
2020-04-28 00:00:00,6199.684917596274,6362.97021484375,6187.653369378039,6362.97021484375,885700,5635682719.287109
2020-04-30 00:00:00,6554.61534435176,6577.819043617198,6386.17367561006,6471.25390625,1153400,7463944255.46875
2020-05-01 00:00:00,6393.048596167585,6443.7529740643295,6135.2297255061685,6165.30859375,1261000,7774454136.71875
2020-05-07 00:00:00,6101.713108283021,6389.610839448487,6101.713108283021,6369.8447265625,883100,5625209878.027344
2020-05-08 00:00:00,6534.848930027174,6534.848930027174,6370.704250169837,6483.28515625,1123300,7282674216.015625
2020-05-11 00:00:00,6531.4116053427415,6545.161945564516,6393.908203125,6393.908203125,626400,4005144098.4375
2020-05-12 00:00:00,6485.004097494029,6552.896401191621,6425.7057562898035,6477.26953125,583300,3778191317.578125
2020-05-13 00:00:00,6420.549188667446,6515.082773295129,6351.797490756404,6366.4072265625,907800,5779424480.2734375
2020-05-14 00:00:00,6406.799546856747,6469.535478033211,6366.4079199349135,6436.87841796875,713800,4594643814.746094
2020-05-15 00:00:00,6504.769523061758,6504.769523061758,6355.23459149712,6405.93896484375,724700,4642383967.822266
2020-05-18 00:00:00,6418.830586745887,6478.128927954277,6378.438963024229,6457.50341796875,620700,4008172371.533203
2020-05-19 00:00:00,6531.41153900721,6540.005501558536,6369.845043042295,6436.0185546875,890800,5733205328.515625
2020-05-20 00:00:00,6472.972084187723,6559.7710991243885,6450.627783312939,6496.17578125,673900,4377772858.984375
2020-05-21 00:00:00,6484.1444897633,6645.710979369066,6456.643810681468,6584.69384765625,666100,4386064571.923828
2020-05-22 00:00:00,6584.693889916925,6591.569059731508,6479.8475502445335,6523.6767578125,503300,3283366512.2070312
2020-05-25 00:00:00,6582.974839988045,6600.162763852242,6495.316428280632,6514.22314453125,341300,2223304359.2285156
2020-05-26 00:00:00,6615.632260496811,6661.1802612510755,6546.880561245091,6618.21044921875,633900,4195283603.7597656
2020-05-27 00:00:00,6618.211252492301,6808.13784472718,6618.211252492301,6802.1220703125,725400,4934259349.8046875
2020-05-28 00:00:00,6794.3870709190605,6918.14013671875,6711.885027052601,6918.14013671875,817000,5652120491.699219
2020-05-29 00:00:00,6954.233414640244,7253.3032648991175,6921.576362025769,7251.58447265625,1974600,14318978699.707031
2020-06-01 00:00:00,7273.069610877405,7342.680698964497,7230.959199565459,7261.8974609375,838600,6089827210.7421875
2020-06-02 00:00:00,7295.4139618557865,7360.728069654236,7220.646496349666,7359.00927734375,670700,4935687522.314453
2020-06-03 00:00:00,7444.949220431989,7577.296234162397,7412.292165095913,7484.4814453125,836400,6260020280.859375
2020-06-04 00:00:00,7519.718816627512,7519.718816627512,7352.995908007428,7419.16943359375,792400,5878949859.1796875
2020-06-05 00:00:00,7373.618983910661,7524.872706657547,7352.134080111387,7518.85693359375,702500,5281996995.849609
2020-06-08 00:00:00,7622.845824784302,7657.2216796875,7518.858863702126,7657.2216796875,1126500,8625860222.167969
2020-06-09 00:00:00,7673.548955738309,7689.877484146756,7524.873407598234,7589.328125,695500,5278377710.9375
2020-06-10 00:00:00,7589.327724429343,7670.9703621624185,7542.9203303494905,7645.1884765625,615300,4704084469.628906
2020-06-11 00:00:00,7442.371738198451,7485.341551929389,7289.399201316312,7297.9931640625,1199900,8756861997.558594
2020-06-12 00:00:00,7281.664275054877,7281.664275054877,7019.548424247401,7194.005859375,1503800,10818346011.328125
2020-06-15 00:00:00,7158.7706794079695,7272.210983091265,7004.079356203475,7013.53271484375,548100,3844117281.0058594
2020-06-16 00:00:00,7271.351891183228,7491.357337837631,7175.95890454792,7475.02880859375,1035000,7736654816.894531
2020-06-17 00:00:00,7446.668824155289,7446.668824155289,7330.65032545235,7352.99462890625,637200,4685328177.5390625
2020-06-18 00:00:00,7367.603260078599,7406.276087175711,7290.257605884377,7358.14990234375,385500,2836566787.3535156
2020-06-19 00:00:00,7389.0894478183445,7389.0894478183445,7249.867246079967,7306.58740234375,951300,6950756595.849609
2020-06-22 00:00:00,7264.47565488953,7396.82266197021,7256.741089540659,7321.19580078125,420000,3074902236.328125
2020-06-23 00:00:00,7350.416373962722,7440.652983253741,7185.412288402002,7395.10498046875,667200,4934014042.96875
2020-06-24 00:00:00,7412.2929873350995,7532.608467709235,7359.869813743512,7450.9658203125,597200,4449716787.890625
2020-06-25 00:00:00,7347.837153366137,7493.934500275172,7317.758287826042,7417.4482421875,703700,5219658328.027344
2020-06-26 00:00:00,7495.654740330613,7537.765160220111,7433.77820498278,7517.1396484375,523100,3932215750.0976562
2020-06-29 00:00:00,7436.356026883787,7471.5912744398065,7310.8841697330845,7334.947265625,514400,3773096873.4375
2020-06-30 00:00:00,7449.245743165662,7458.69910070775,7316.039341436234,7344.3994140625,603000,4428672846.6796875
2020-07-01 00:00:00,7467.294011802834,7506.82623927929,7322.056045639331,7346.119140625,596500,4381960067.3828125
2020-07-02 00:00:00,7335.806065467359,7354.712782130934,7232.678520029674,7240.4130859375,535900,3880137372.7539062
2020-07-03 00:00:00,7304.868714238556,7338.385170692121,7243.851575566681,7322.056640625,380800,2788239168.75
2020-07-06 00:00:00,7340.962319763857,7423.464354731936,7301.430094674985,7403.6982421875,296600,2195936898.6328125
2020-07-07 00:00:00,7374.47938951852,7374.47938951852,7262.757874469295,7299.7119140625,456700,3333778431.1523438
2020-07-08 00:00:00,7321.196925115334,7411.433534710018,7297.993225505273,7334.947265625,642100,4709769639.2578125
2020-07-09 00:00:00,7605.656611136043,7801.598950948362,7567.843177137174,7689.87744140625,1695300,13036649226.416016
2020-07-10 00:00:00,7689.877832848504,7710.503343352344,7493.076086791027,7496.513671875,1134700,8506294063.4765625
2020-07-13 00:00:00,7542.061505237874,7550.655467755238,7308.305724765598,7424.32421875,823600,6114673426.5625
2020-07-14 00:00:00,7412.292204163341,7496.513031526589,7369.322394284133,7403.6982421875,484700,3588572537.9882812
2020-07-15 00:00:00,7363.30695987472,7377.916695906217,7240.413297962711,7271.3515625,1064700,7741808008.59375
2020-07-16 00:00:00,7259.320037552895,7308.30562322124,7143.301545180498,7171.66162109375,947300,6793715053.662109
2020-07-17 00:00:00,7295.41461442021,7406.276728362983,7254.163595278712,7312.6025390625,912900,6675674857.910156
2020-07-20 00:00:00,7283.383656284265,7366.7450975420315,7265.336333950109,7347.83837890625,372100,2734130660.7910156
2020-07-21 00:00:00,7397.683620038211,7575.578660622308,7397.683620038211,7534.32763671875,642900,4843819237.646484
2020-07-22 00:00:00,7448.387080017802,7541.201872292167,7425.18338194921,7512.841796875,462900,3477694467.7734375
2020-07-27 00:00:00,7421.746195358949,7575.578127847283,7416.589817733642,7516.27978515625,615000,4622512067.871094
2020-07-28 00:00:00,7597.06219986127,7623.703481331371,7522.294732509694,7549.79541015625,443900,3351354182.5683594
2020-07-29 00:00:00,7549.795686358549,7616.828590574368,7542.061120487493,7558.3896484375,327400,2474616770.8984375
2020-07-30 00:00:00,7519.717537857361,7573.000107839894,7459.559797554502,7548.93701171875,359200,2711578174.609375
2020-07-31 00:00:00,7485.341661097487,7516.279927434974,7280.805344755214,7293.6962890625,628700,4585546856.933594
2020-08-03 00:00:00,7422.604942750317,7596.202974293164,7309.164644910437,7542.92041015625,889300,6707919120.751953
2020-08-04 00:00:00,7562.686585818763,7708.783940317535,7505.1070402221885,7520.576171875,629500,4734202700.1953125
2020-08-05 00:00:00,7528.310155708906,7528.310155708906,7347.836967044651,7444.94873046875,568200,4230219868.6523438
2020-08-06 00:00:00,7414.8695750340385,7448.38602304358,7295.41351674362,7337.52392578125,523600,3841927527.5390625
2020-08-07 00:00:00,7466.434913343381,7468.15370591091,7336.666074494987,7413.15234375,578400,4287767315.625
2020-08-11 00:00:00,7928.788436608144,8499.427448304199,7926.210248302288,8431.53515625,2951200,24883146553.125
2020-08-12 00:00:00,8336.14189814659,8389.42445460897,7896.131109295967,7985.50830078125,1544600,12334416121.386719
2020-08-13 00:00:00,8162.546245779607,8188.328135374615,8000.979737650889,8089.49755859375,1021100,8260185957.080078
2020-08-14 00:00:00,8200.35859261904,8342.158966522013,8130.747499975765,8311.220703125,1062500,8830671997.070312
2020-08-17 00:00:00,8258.796853865362,8282.85994563521,8214.967650998855,8259.65625,629300,5197801678.125
2020-08-18 00:00:00,8267.393008488638,8273.408783027038,8092.935546875,8092.935546875,962600,7790259757.421875
2020-08-19 00:00:00,8052.541701186373,8151.3722556833245,8040.510155421527,8104.10546875,792100,6419261941.796875
2020-08-20 00:00:00,8005.276893137205,8098.951094033818,7988.088966367183,8043.09033203125,616600,4959369498.730469
2020-08-21 00:00:00,8047.384622898254,8074.885296534814,7963.16380988629,7973.4765625,712000,5677115312.5
2020-08-24 00:00:00,7985.50993394038,8065.433784979602,7971.7595939766425,8057.69921875,408100,3288347051.171875
2020-08-25 00:00:00,8112.7007482207355,8166.84271295992,8048.246028293134,8090.3564453125,555300,4492574934.082031
2020-08-26 00:00:00,8088.637270706571,8123.0131197108485,8054.261421702293,8086.05908203125,331100,2677294162.060547
2020-08-27 00:00:00,8079.185611092453,8092.076557179718,8035.356394395749,8076.607421875,296900,2397944743.5546875
2020-08-28 00:00:00,7992.386231537199,8025.043293558534,7638.314927516411,7854.8828125,844100,6630306582.03125
2020-08-31 00:00:00,7983.792037510962,8028.480647408763,7890.117835994418,7962.30712890625,723600,5761525438.4765625
2020-09-01 00:00:00,8091.215374773971,8173.717411521534,8057.698922345274,8109.2626953125,693000,5619719047.8515625
2020-09-02 00:00:00,8048.246655510467,8164.265160421723,8026.761747193567,8143.6396484375,546200,4448055975.9765625
2020-09-03 00:00:00,8187.467307706467,8239.03107788201,8150.513272413996,8206.3740234375,575000,4718665063.4765625
2020-09-04 00:00:00,8077.466878324335,8153.093762598464,8061.997742904627,8093.79541015625,537000,4346368135.253906
2020-09-07 00:00:00,8164.266197127526,8212.392397868487,8080.904742272644,8082.62353515625,438500,3544230420.1660156
2020-09-08 00:00:00,8056.837979460822,8128.167851705648,7906.4436705108865,7973.4765625,713900,5692264917.96875
2020-09-09 00:00:00,7917.6181640625,7987.229264821109,7848.007063303891,7917.6181640625,658300,5212168037.402344
2020-09-10 00:00:00,7987.227895474488,8006.994007115968,7890.11612958374,7933.0859375,588800,4671001000.0
2020-09-11 00:00:00,8023.323947248788,8023.323947248788,7790.427547323293,7975.19775390625,1098900,8763944811.767578
2020-09-14 00:00:00,7942.5394884026355,7988.08748590159,7931.367338072703,7964.8837890625,399700,3183564050.4882812
2020-09-15 00:00:00,8000.980126963596,8019.8868469199015,7951.135137987883,8014.73046875,410500,3290046857.421875
2020-09-16 00:00:00,8006.993120021446,8118.714608226102,7988.086406632966,8108.40185546875,511700,4149069229.4433594
2020-09-17 00:00:00,8053.401229493525,8158.24755859375,8032.775722129546,8158.24755859375,436400,3560259234.5703125
2020-09-18 00:00:00,8164.264202466813,8234.73469347758,8113.559824788335,8221.84375,777400,6391661331.25
2020-09-23 00:00:00,8200.359247355467,8247.626042430351,8154.811244828759,8205.515625,662400,5435333550.0
2020-09-24 00:00:00,8184.030766274868,8198.640503020293,8063.7152871949065,8104.96630859375,552600,4478804382.128906
2020-09-25 00:00:00,8134.185313349184,8230.437691066576,8134.185313349184,8183.1708984375,582100,4763423779.980469
2020-09-28 00:00:00,8249.343605822465,8301.766770730808,8179.732517993357,8294.8916015625,692900,5747530390.722656
2020-09-29 00:00:00,8346.019746620188,8383.282632001215,8174.437158121507,8294.8916015625,542400,4499149204.6875
2020-09-30 00:00:00,8340.820745554112,8398.014944952198,8276.693915925956,8305.291015625,929300,7718106940.8203125
2020-10-02 00:00:00,8358.153745812539,8384.151113606667,8223.834012209538,8269.7626953125,617800,5109059393.1640625
2020-10-05 00:00:00,8358.153237496614,8475.141385455354,8319.157188177034,8399.7490234375,658400,5530394757.03125
2020-10-06 00:00:00,8393.683943279746,8513.271841707641,8391.0842063574,8459.5439453125,455000,3849092495.1171875
2020-10-07 00:00:00,8347.75285187252,8388.48205191799,8159.705268683862,8189.1689453125,790300,6471900217.480469
2020-10-08 00:00:00,8261.961786075319,8378.083338344471,8216.899691164903,8331.2880859375,596800,4972112729.6875
2020-10-09 00:00:00,8311.3577903125,8312.224369166666,8083.447551666667,8124.1767578125,1029400,8363027554.4921875
2020-10-12 00:00:00,8102.5133913875225,8145.8423400045685,8006.323125457681,8061.7841796875,548300,4420276265.722656
2020-10-13 00:00:00,8030.586654210258,8043.585337690689,7758.4808800199025,7796.6103515625,1013500,7901864591.308594
2020-10-14 00:00:00,7758.481956039069,7781.879589548848,7703.887477849584,7748.0830078125,652600,5056398970.8984375
2020-10-15 00:00:00,7690.886985837843,7716.017771481708,7566.099636433826,7615.49462890625,727400,5539510793.066406
2020-10-16 00:00:00,7549.63454226716,7586.897430848139,7397.116672726409,7410.98193359375,728100,5395935945.849609
2020-10-19 00:00:00,7443.912419507167,7537.5029365393875,7423.11452683334,7534.03662109375,687400,5178896773.339844
2020-10-20 00:00:00,7443.9115437646515,7519.303895837705,7405.782078348395,7485.50732421875,595300,4456122510.107422
2020-10-21 00:00:00,7443.912632411391,7455.178157931921,7381.518952605383,7426.5810546875,452500,3360527927.2460938
2020-10-22 00:00:00,7417.048694527042,7417.048694527042,7229.001076030446,7240.2666015625,521400,3775075006.0546875
2020-10-23 00:00:00,7234.1999812424965,7267.9965551845735,7175.272621548619,7218.6015625,494600,3570320332.8125
2020-10-26 00:00:00,7313.05906140453,7360.720899107724,7270.596696905322,7323.4580078125,449100,3288964991.3085938
2020-10-27 00:00:00,7265.39709077205,7339.922871998958,7216.868675089412,7329.52392578125,441500,3235984813.232422
2020-10-28 00:00:00,7313.925547356682,7355.521332460132,7273.196341109553,7308.72607421875,488000,3566658324.21875
2020-10-29 00:00:00,7231.600551789917,7338.1897510553645,7231.600551789917,7248.93212890625,439100,3183006097.8027344
2020-10-30 00:00:00,7198.670036324406,7261.063709445311,6998.490335061503,7009.755859375,1124300,7881068512.6953125
2020-11-02 00:00:00,6993.291075914005,7123.277898886384,6993.291075914005,7088.61474609375,633900,4493472887.548828
2020-11-04 00:00:00,7218.602580457089,7315.659421875,7100.747844449626,7257.5986328125,782500,5679070930.175781
2020-11-05 00:00:00,8557.4677734375,8557.4677734375,8557.4677734375,8557.4677734375,186100,1592544752.6367188
2020-11-06 00:00:00,9133.74224281311,9445.710668563843,8839.105396270752,8873.7685546875,4587200,40705751114.0625
2020-11-09 00:00:00,6733.31742302904,6860.70450941067,6549.6027134174365,6775.77978515625,5154900,34928467214.50195
2020-11-10 00:00:00,6834.707438509452,6845.106384783335,6637.994038161836,6689.98876953125,2813400,18821614404.19922
2020-11-11 00:00:00,6729.851324720742,6884.102359461959,6704.72053816178,6851.17236328125,1929400,13218651957.714844
2020-11-12 00:00:00,6941.295930826619,6984.624869221292,6862.437262948314,6923.96435546875,1383300,9577919892.919922
2020-11-13 00:00:00,6932.630766159338,6969.027077681675,6855.5052488858155,6917.89892578125,1158800,8016461275.1953125
2020-11-16 00:00:00,6915.299234598986,6920.498707707707,6768.847408703343,6770.58056640625,1457600,9868798233.59375
2020-11-17 00:00:00,6759.314476174458,6765.380527627435,6658.791337810838,6682.18896484375,1296100,8660785117.333984
2020-11-18 00:00:00,6713.386803227286,6747.183380654143,6624.129175664047,6671.791015625,992900,6624421299.4140625
2020-11-19 00:00:00,6671.79072308204,6757.58203125,6618.062833118267,6757.58203125,1102800,7452261464.0625
2020-11-20 00:00:00,6756.715057743578,6756.715057743578,6688.2553309817795,6709.05322265625,670100,4495736564.501953
2020-11-24 00:00:00,6774.9141125190545,6793.978849085366,6717.719902820122,6750.64990234375,890500,6011453738.037109
2020-11-25 00:00:00,6800.043896857109,6825.17468225393,6690.854967201954,6697.78759765625,969500,6493505075.927734
2020-11-26 00:00:00,6750.648999407493,6780.979258069786,6711.652952555974,6775.77978515625,732400,4962581114.6484375
2020-11-27 00:00:00,6773.180109091931,6782.712476185075,6712.519591226471,6744.5830078125,1096600,7396109726.3671875
2020-11-30 00:00:00,6813.042561136997,6847.705713317801,6702.987052962945,6834.70703125,2049200,14005681648.4375
2020-12-01 00:00:00,6835.573973391327,6917.03238534604,6760.181613390687,6774.046875,916300,6207059151.5625
2020-12-02 00:00:00,6800.910260630781,6814.775521100976,6734.1836946179665,6745.44921875,887700,5987935271.484375
2020-12-03 00:00:00,6715.11886994321,6715.11886994321,6612.86257536929,6663.99072265625,1000000,6663990722.65625
2020-12-04 00:00:00,6663.992088787938,6674.39103613065,6626.72919414322,6652.7265625,621400,4134004285.9375
2020-12-07 00:00:00,6694.321226544545,6707.319908537836,6562.601249012537,6598.99755859375,819200,5405898800.0
2020-12-08 00:00:00,6584.266069414271,6584.266069414271,6478.543450242313,6482.009765625,1272500,8248357426.7578125
2020-12-09 00:00:00,6483.7430543189275,6566.068046321106,6482.876475455747,6539.2041015625,1351700,8839042184.082031
2020-12-10 00:00:00,6492.408582744336,6794.844593873243,6457.745429606352,6674.39013671875,2116300,14125011846.33789
2020-12-11 00:00:00,6631.9272978627105,6698.65386286146,6517.538900721997,6604.19677734375,1314400,8680556244.140625
2020-12-14 00:00:00,6558.269143178104,6637.994402318219,6557.402564274407,6629.32861328125,705400,4676328403.808594
2020-12-15 00:00:00,6585.999553483039,6594.6653423692005,6525.339031279905,6565.20166015625,735100,4826079740.380859
2020-12-16 00:00:00,6622.395894949776,6622.395894949776,6522.739322335379,6551.33642578125,598900,3923595385.4003906
2020-12-17 00:00:00,6540.9367095422995,6573.000124785154,6507.14013671875,6507.14013671875,543800,3538582806.3476562
2020-12-18 00:00:00,6499.340951924697,6528.804630906756,6423.94859688237,6430.0146484375,1104600,7102594180.6640625
2020-12-21 00:00:00,6410.949980945123,6410.949980945123,6320.825785484418,6395.3515625,851700,5446920925.78125
2020-12-22 00:00:00,6307.827495860661,6355.489332963605,6289.6293398759,6317.35986328125,641900,4055113296.2402344
2020-12-23 00:00:00,6311.293307944961,6317.359359456099,6254.965686770112,6261.03173828125,586600,3672721217.6757812
2020-12-24 00:00:00,6235.0350013861935,6303.494732464652,6190.839478791239,6251.5,738600,4617357900.0
2020-12-25 00:00:00,6262.765284178063,6262.765284178063,6211.63713255685,6249.7666015625,567400,3546117569.7265625
2020-12-28 00:00:00,6265.36436546506,6313.0261967376155,6218.569112942913,6273.16357421875,560600,3516735499.7070312
2020-12-29 00:00:00,6324.291574037358,6443.8794388245815,6300.027369587777,6419.615234375,802800,5153667110.15625
2020-12-30 00:00:00,6422.216009544667,6446.480217919683,6376.287329406242,6388.41943359375,678500,4334542585.693359
2021-01-04 00:00:00,6384.953250282689,6384.953250282689,6288.7629936619805,6322.5595703125,422000,2668120138.671875
2021-01-05 00:00:00,6359.822059500751,6366.754690169235,6251.499705305684,6277.4970703125,726600,4561229371.2890625
2021-01-06 00:00:00,6248.033250236906,6300.894557901878,6230.701673953308,6287.029296875,514000,3231533058.59375
2021-01-07 00:00:00,6362.421991398088,6378.020410881221,6278.363841961202,6303.49462890625,847700,5343472396.923828
2021-01-08 00:00:00,6352.022781900953,6378.020146629061,6287.895948904954,6375.42041015625,889600,5671573996.875
2021-01-12 00:00:00,6417.016381688284,6616.3295171087175,6396.218489296587,6591.19873046875,1594100,10507029896.240234
2021-01-13 00:00:00,6509.740563149329,6609.397134603293,6493.275564387371,6589.4658203125,1068900,7043480015.332031
2021-01-14 00:00:00,6585.1322037871805,6641.459824953935,6547.869315938405,6584.265625,793700,5225931626.5625
2021-01-15 00:00:00,6569.534787891979,6785.31293881997,6564.335314375642,6749.783203125,1344800,9077108451.5625
2021-01-18 00:00:00,6707.318939208984,6714.251568603516,6603.329498291016,6655.32421875,831300,5532571023.046875
2021-01-19 00:00:00,6645.792486902723,6671.789849610649,6610.262757868558,6642.326171875,910700,6049166444.7265625
2021-01-20 00:00:00,6581.666687011719,6636.261157226562,6538.337742396763,6551.33642578125,1318000,8634661409.179688
2021-01-21 00:00:00,6567.8009012663215,6705.58693416002,6560.001691857244,6695.18798828125,1265400,8472090880.371094
2021-01-22 00:00:00,6614.59619140625,6628.461452648553,6553.935673471174,6614.59619140625,975200,6450554205.859375
2021-01-25 00:00:00,6754.981720864848,6835.573548964968,6684.788838326035,6802.6435546875,1169700,7957052165.917969
2021-01-26 00:00:00,6828.640383644725,6866.769847715837,6752.3814555025,6760.1806640625,783300,5295249514.160156
2021-01-27 00:00:00,6813.909046108144,6868.503510041098,6782.712209575027,6819.97509765625,1087200,7414676926.171875
2021-01-28 00:00:00,6655.32526916591,6734.183940975037,6637.993692944124,6680.4560546875,2469600,16498054272.65625
2021-01-29 00:00:00,6689.989272250753,6728.9853237081725,6610.26401149336,6623.2626953125,977700,6475563937.207031
2021-02-01 00:00:00,6729.850907740721,6819.108523436998,6659.658025494133,6753.24853515625,1244100,8401716502.587891
2021-02-02 00:00:00,6677.856692875657,6724.651951299649,6631.061434451664,6676.12353515625,1022200,6824333477.636719
2021-02-03 00:00:00,6666.591163676224,6732.451156973948,6487.209339825843,6616.32958984375,1273900,8428542264.501953
2021-02-04 00:00:00,6637.993216440704,6655.324791418355,6519.271927843787,6543.5361328125,733500,4799683753.417969
2021-02-05 00:00:00,6575.5996075913245,6655.324853228963,6527.937775960127,6642.326171875,888500,5901706803.7109375
2021-02-08 00:00:00,6655.3255791629335,6798.311089652762,6615.462951996073,6770.58056640625,989200,6697458296.2890625
2021-02-09 00:00:00,6762.781022461188,6767.113916504282,6686.522087302733,6754.115234375,589200,3979524696.09375
2021-02-10 00:00:00,6738.517530245777,6827.775156996718,6685.656217315608,6822.57568359375,637300,4348027483.154297
2021-02-12 00:00:00,6817.375757777354,6817.375757777354,6721.185506205817,6741.9833984375,815200,5496064866.40625
2021-02-15 00:00:00,6724.651081468341,6771.446333839383,6683.055301582969,6747.18212890625,586100,3954523445.751953
2021-02-16 00:00:00,6754.981344042141,6783.578442740459,6702.986619136108,6743.7158203125,733800,4948538668.9453125
2021-02-17 00:00:00,6758.4473972046135,6785.31133736532,6674.389261863052,6685.65478515625,437500,2924973968.5058594
2021-02-18 00:00:00,6747.18269745291,6808.709793717893,6691.721652932363,6705.5869140625,682300,4575221951.464844
2021-02-19 00:00:00,6679.589556173313,6705.586920818512,6605.930356345247,6638.8603515625,701700,4658488308.691406
2021-02-22 00:00:00,6655.324918032787,6663.990705686476,6571.266777792009,6607.6630859375,559300,3695665963.9648438
2021-02-24 00:00:00,6737.649900742828,6737.649900742828,6597.264140753074,6607.6630859375,1021000,6746424010.7421875
2021-02-25 00:00:00,6667.457561115819,6675.25677063623,6567.800995021678,6583.3994140625,710100,4674871923.925781
2021-02-26 00:00:00,6585.998877066539,6586.865455866153,6334.691025178474,6342.490234375,1305300,8278852502.9296875
2021-03-01 00:00:00,6449.946108190728,6454.279002257765,6371.087436170662,6417.01611328125,633600,4065821409.375
2021-03-02 00:00:00,6369.354150690184,6407.483617714724,6313.893107745399,6356.35546875,745000,4735484824.21875
2021-03-03 00:00:00,6412.68359375,6439.547538534628,6363.288598500845,6412.68359375,785600,5037804231.25
2021-03-04 00:00:00,6398.818243596276,6402.284559004508,6224.635894332618,6271.43115234375,815900,5116860677.197266
2021-03-05 00:00:00,6295.695085016799,6332.9579740265335,6222.035885811509,6287.029296875,739400,4648629462.109375
2021-03-08 00:00:00,6317.359689876733,6365.021525671414,6248.89996209892,6280.96337890625,669700,4206361174.8535156
2021-03-09 00:00:00,6313.893582090354,6366.754892618424,6287.029637395762,6300.0283203125,745700,4697931118.457031
2021-03-10 00:00:00,6362.422405783598,6494.142401109001,6343.357669618079,6401.41845703125,833200,5333661858.3984375
2021-03-11 00:00:00,6384.086218107032,6445.613314820159,6371.087535702851,6428.28173828125,682900,4389873599.072266
2021-03-12 00:00:00,6397.084714865227,6462.078125,6351.156038369988,6462.078125,1266800,8186160568.75
2021-03-15 00:00:00,6475.9442369712115,6548.736865889395,6433.481870102271,6524.47265625,632100,4124119166.015625
2021-03-16 00:00:00,6483.743224035896,6585.999532567871,6464.678488546883,6575.6005859375,903000,5937767329.1015625
2021-03-17 00:00:00,6542.669684942306,6615.4623013045775,6535.7370548125655,6604.19677734375,536900,3545793249.7558594
2021-03-18 00:00:00,6611.129776181472,6714.252655112603,6594.664778705073,6666.5908203125,755600,5037276023.828125
2021-03-19 00:00:00,6628.462083698914,6672.657608116308,6575.600770180071,6605.064453125,899200,5939273956.25
2021-03-22 00:00:00,6522.738809749538,6532.271176815731,6439.547242626387,6501.94091796875,828000,5383607080.078125
2021-03-23 00:00:00,6549.602101975726,6581.665515282567,6455.14501953125,6455.14501953125,584000,3769804691.40625
2021-03-24 00:00:00,6395.351805425996,6395.351805425996,6256.699191758223,6270.564453125,859300,5388296034.5703125
2021-03-25 00:00:00,6324.292333109702,6360.688644152537,6254.099447527092,6337.291015625,831000,5266288833.984375
2021-03-26 00:00:00,6379.753984245224,6594.6655555699745,6373.687931828799,6521.00634765625,1013500,6609039933.349609
2021-03-29 00:00:00,6625.861953223095,6631.061426374984,6496.741703284533,6556.53564453125,841900,5519947359.130859
2021-03-30 00:00:00,6681.781212560321,6681.781212560321,6513.619986605205,6556.5361328125,610800,4004732269.921875
2021-03-31 00:00:00,6431.291160747005,6515.371775132367,6403.264289285217,6497.85498046875,715900,4651814380.517578
2021-04-01 00:00:00,6542.523067012194,6597.700972396634,6502.234437683873,6549.52978515625,648800,4249334924.609375
2021-04-02 00:00:00,6606.458423602913,6650.250405729407,6580.183234327017,6630.98193359375,640800,4249133223.046875
2021-04-05 00:00:00,6672.1464068497,6713.310870110653,6638.864500383398,6674.77392578125,670900,4478105826.806641
2021-04-06 00:00:00,6673.021774089406,6728.199667745743,6569.6727034315045,6596.82373046875,836300,5516923685.791016
2021-04-07 00:00:00,6570.548085281076,6591.568233781042,6446.178873322943,6462.81982421875,874200,5649797090.332031
2021-04-08 00:00:00,6449.683200268214,6459.317436444606,6327.941488584716,6347.2099609375,873800,5546192063.8671875
2021-04-09 00:00:00,6375.23707567004,6475.9586395802,6353.341083515657,6405.015625,859100,5502548923.4375
2021-04-12 00:00:00,6433.042445658849,6443.552521812409,6345.4584777125065,6351.58935546875,499700,3173889200.9277344
2021-04-13 00:00:00,6369.105929135254,6388.374401418117,6331.44482421875,6331.44482421875,539600,3416447627.1484375
2021-04-14 00:00:00,6330.569410264757,6376.113075086805,6306.0458984375,6306.0458984375,620200,3911009666.2109375
2021-04-15 00:00:00,6326.190642479329,6351.589995744163,6287.6536926982,6302.54296875,548400,3456314564.0625
2021-04-16 00:00:00,6355.968787212653,6357.720466635889,6306.921763362039,6343.70703125,491200,3116028893.75
2021-04-19 00:00:00,6392.753523821791,6468.07573276119,6354.216579713261,6427.787109375,643700,4137566562.3046875
2021-04-20 00:00:00,6378.739935888572,6477.709812691456,6352.464747356833,6433.0419921875,738400,4750158207.03125
2021-04-21 00:00:00,6349.837140339177,6399.759997856327,6271.887415443979,6320.05859375,854000,5397330039.0625
2021-04-22 00:00:00,6376.112251318313,6401.511599572191,6319.182677645827,6394.5048828125,497300,3179987278.2226562
2021-04-23 00:00:00,6355.967608847563,6408.517981802069,6347.209213355145,6389.24951171875,371200,2371689418.75
2021-04-26 00:00:00,6427.786948815851,6442.676222304047,6336.69962865277,6411.14599609375,603100,3866562150.2441406
2021-04-27 00:00:00,6398.8848582983765,6418.153331728785,6349.837835020973,6368.23046875,627200,3994154150.0
2021-04-28 00:00:00,6327.941359656463,6332.320557829235,6239.481556566456,6296.4111328125,684000,4306745214.84375
2021-04-30 00:00:00,6296.4112186332895,6296.4112186332895,6221.08900903495,6243.86083984375,728700,4549901393.994141
2021-05-06 00:00:00,6292.90725116976,6421.655666746929,6278.893818181768,6308.67236328125,1164400,7345818099.8046875
2021-05-07 00:00:00,6317.4308254950865,6419.904055300012,6291.155638365619,6334.07177734375,730600,4627672840.527344
2021-05-10 00:00:00,6371.733393386315,6426.035451171875,6336.699807718212,6349.83740234375,616600,3915309742.2851562
2021-05-11 00:00:00,6329.692877982594,6329.692877982594,6186.055181567879,6207.951171875,1050900,6523935886.5234375
2021-05-12 00:00:00,6198.316961421983,6241.23310259899,6021.3973590188125,6080.07861328125,1232600,7494304898.730469
2021-05-13 00:00:00,6082.706838175216,6094.0927545029745,5872.505305970458,5962.716796875,1320000,7870786171.875
2021-05-14 00:00:00,5971.474904242035,6127.374366394439,5958.337309116833,6082.70654296875,1167100,7099126806.298828
2021-05-17 00:00:00,6085.333873992082,6129.125856389837,5971.474719757918,6028.404296875,550900,3321047927.1484375
2021-05-18 00:00:00,5977.605466841271,6086.209580817581,5939.944362801099,6049.42431640625,732400,4430598369.3359375
2021-05-19 00:00:00,6023.149716084168,6103.726969811047,5953.082538930361,6084.45849609375,794700,4835319166.845703
2021-05-20 00:00:00,6023.149514099227,6046.797185595618,5981.985048901806,6036.287109375,649800,3922379363.671875
2021-05-21 00:00:00,6073.947829438779,6151.021716820266,6043.293442412051,6143.13916015625,728600,4475891192.089844
2021-05-24 00:00:00,6059.934125135371,6144.014725802085,6052.051568822866,6141.38720703125,615000,3776953132.3242188
2021-05-25 00:00:00,6159.78007151511,6159.78007151511,6090.5887412649045,6133.5048828125,876200,5374176978.3203125
2021-05-26 00:00:00,6095.843643024774,6229.847102418853,6087.085246985946,6204.44775390625,1141000,7079274887.207031
2021-05-27 00:00:00,6204.448075081702,6337.575701763298,6186.931282097282,6331.44482421875,2868600,18162382622.753906
2021-05-28 00:00:00,6357.720275457974,6516.247258493915,6350.713557975722,6476.83447265625,1663500,10774214145.263672
2021-05-31 00:00:00,6460.1928470712155,6516.246581102202,6413.773348576804,6444.427734375,733000,4723765529.296875
2021-06-01 00:00:00,6454.937131772483,6482.088156343031,6307.796095390152,6362.09814453125,624900,3975675130.517578
2021-06-02 00:00:00,6314.803783275463,6336.699774202216,6229.8473384796625,6290.2802734375,856300,5386366998.144531
2021-06-03 00:00:00,6296.4103980485115,6494.35013235912,6296.4103980485115,6482.08837890625,951600,6168355301.3671875
2021-06-04 00:00:00,6508.364464430129,6670.394800309496,6446.179849038588,6650.25048828125,1336600,8888724802.636719
2021-06-07 00:00:00,6793.012010547027,6837.679830626694,6726.448200232228,6788.6328125,1867100,12675056324.21875
2021-06-08 00:00:00,8102.392578125,8102.392578125,8102.392578125,8102.392578125,228500,1851396704.1015625
2021-06-09 00:00:00,9419.6533203125,9419.6533203125,9419.6533203125,9419.6533203125,532700,5017849323.730469
2021-06-10 00:00:00,9498.480987304687,9537.893771484374,8621.765499218749,8758.396484375,15416700,135025571080.66406
2021-06-11 00:00:00,9196.317401066004,10063.398756023656,8916.048680271611,9371.4853515625,17288500,162018924500.48828
2021-06-14 00:00:00,9235.730189927715,9498.48211567246,9183.179804778767,9371.4853515625,4551100,42650566983.49609
2021-06-15 00:00:00,9415.277123691638,10050.26092970805,9389.001931718545,9988.9521484375,7681900,76734131509.08203
2021-06-16 00:00:00,9984.57352573366,10146.603885581091,9699.925596271954,9848.818359375,5650900,55654687666.99219
2021-06-17 00:00:00,9958.297075452301,10094.052224677906,9765.612347519189,9984.572265625,4443000,44361454576.171875
2021-06-18 00:00:00,10510.075698757764,11066.233871150362,10413.733338185817,10575.763671875,11263900,119124344423.63281
2021-06-21 00:00:00,10685.243152006173,10711.518340084876,10352.42410300926,10641.451171875,4298700,45744406152.53906
2021-06-22 00:00:00,10755.30988456432,11180.092074630582,10689.6219170283,11131.9208984375,4778200,53190544436.91406
2021-06-23 00:00:00,10947.994810545257,10996.165987711656,10413.732663790648,10571.3837890625,5740400,60683971502.734375
2021-06-24 00:00:00,10834.136894929847,11123.163990752551,10711.519339126276,10729.0361328125,5335500,57244772286.62109
2021-06-25 00:00:00,10177.255222720994,10523.211833131907,10089.671270718232,10304.251953125,5106500,52618662598.63281
2021-06-28 00:00:00,10124.70859375,10299.8765625,9949.540625,10115.9501953125,3560300,36015817480.37109
2021-06-29 00:00:00,10023.986039826767,10194.774792798913,9914.506069972826,10072.1572265625,2572000,25905588386.71875
2021-06-30 00:00:00,10050.259642716675,10063.397237020881,9546.651861055492,9568.5478515625,4389200,41998270230.078125
2021-07-01 00:00:00,9459.06827773312,9678.028191569534,9406.51789841238,9533.5146484375,2915800,27797822011.914062
2021-07-02 00:00:00,9572.927230574907,9678.02798699476,9424.034492313449,9507.2392578125,1827900,17378282639.35547
2021-07-05 00:00:00,9515.997881324405,9533.514674479167,9099.97404389881,9196.31640625,2659800,24460362377.34375
2021-07-06 00:00:00,9222.591595982143,9336.450751488095,9139.386828497023,9196.31640625,1617100,14871363260.546875
2021-07-07 00:00:00,9104.355465958492,9262.006642858207,9104.355465958492,9191.939453125,1221000,11223358072.265625
2021-07-08 00:00:00,9266.382786408636,9323.312359292999,9156.902838554091,9178.798828125,1675400,15378159556.640625
2021-07-09 00:00:00,9283.898762564282,9445.929071156206,9200.694009503564,9367.103515625,2622900,24568975811.132812
2021-07-12 00:00:00,9108.733603395061,9240.109568828644,8937.944848331405,9222.5927734375,2104400,19408024232.421875
2021-07-13 00:00:00,9126.247584864912,9454.687397180107,9086.834807387087,9441.5498046875,1454000,13728013416.015625
2021-07-14 00:00:00,9389.001753975677,9529.136108512628,9314.555378127923,9362.7265625,1050700,9837416799.21875
2021-07-15 00:00:00,9288.278392719225,9375.862347388902,9161.281658448195,9213.83203125,860000,7923895546.875
2021-07-16 00:00:00,8758.396283239597,8767.154679522837,7987.657410314513,8020.0634765625,7569600,60708672492.1875
2021-07-19 00:00:00,7757.310248363826,8296.827366235804,7755.558569409696,8117.2802734375,5469300,44395840999.51172
2021-07-20 00:00:00,8080.497191815902,8175.0878808161315,7979.775624824917,8109.39990234375,2314200,18766773254.003906
2021-07-21 00:00:00,8040.20754917747,8083.123689690508,7919.341684059116,8006.0498046875,2426800,19429081666.015625
2021-07-26 00:00:00,8102.392330886143,8319.600556814126,8061.227868714308,8281.939453125,2269700,18797517976.757812
2021-07-27 00:00:00,8215.374294868769,8240.773639703651,8038.454720501659,8117.2802734375,1541100,12509540629.394531
2021-07-28 00:00:00,8133.923002383167,8178.590825482288,8050.7182338651955,8106.77197265625,909400,7372298431.933594
2021-07-29 00:00:00,8172.4579210559,8173.333760507305,8068.2330263387585,8153.189453125,929500,7578389596.6796875
2021-07-30 00:00:00,8044.58658836048,8056.8483425506865,7818.6199754266745,7867.6669921875,1451200,11417558339.0625
2021-08-02 00:00:00,7961.383574351937,7994.665485883881,7896.571430842361,7963.13525390625,843900,6720089840.771484
2021-08-03 00:00:00,7913.210570954624,8018.311320098459,7886.935383668665,7992.0361328125,773600,6182639152.34375
2021-08-04 00:00:00,7992.912631239991,8166.328881621924,7727.53321777673,7793.22119140625,1952200,15213926409.863281
2021-08-05 00:00:00,7731.912402890537,8022.691165663494,7724.9056857152855,7821.248046875,1683500,13167071086.914062
2021-08-06 00:00:00,7745.050019142436,7821.2480686353,7660.09357315614,7743.29833984375,1370500,10612190374.75586
2021-08-10 00:00:00,7794.973104946661,8032.325656793913,7766.946235355842,7994.66455078125,1709600,13667678516.015625
2021-08-11 00:00:00,7970.140817612523,8086.627491100706,7952.624024606781,8046.3388671875,1144800,9211448735.15625
2021-08-12 00:00:00,8082.247446254732,8210.99586136087,8063.854815525284,8097.13671875,1082600,8765960211.71875
2021-08-13 00:00:00,8142.682097574116,8151.440495011541,8024.443732168877,8039.3330078125,1080000,8682479648.4375
2021-08-16 00:00:00,7985.030850000779,7985.030850000779,7835.262255578256,7910.58447265625,980200,7753954900.097656
2021-08-17 00:00:00,7965.76292549991,8022.692512103263,7874.675586934545,7892.1923828125,645900,5097567060.058594
2021-08-18 00:00:00,8022.691052519474,8140.929403184336,7940.362126871349,8095.3857421875,1034000,8370628857.421875
2021-08-19 00:00:00,8009.552836189103,8129.542856807791,7979.7742909260705,8022.6904296875,786700,6311450561.035156
2021-08-20 00:00:00,8023.567471712844,8055.973540532118,7908.832471298655,7971.01708984375,842100,6712393491.357422
2021-08-23 00:00:00,8035.829519381821,8049.842955055948,7928.101232636975,7944.7421875,771500,6129368597.65625
2021-08-24 00:00:00,8020.937877426771,8081.370800940906,7998.166051175068,8035.8271484375,693100,5569631796.582031
2021-08-25 00:00:00,8062.104773888221,8071.739010989011,7955.252326043097,7970.1416015625,589300,4696804445.800781
2021-08-26 00:00:00,8046.338643560402,8046.338643560402,7932.4794921875,7932.4794921875,521300,4135201559.2773438
2021-08-27 00:00:00,7927.224568054739,8024.4427679281325,7874.674189744798,7917.59033203125,751700,5951652652.587891
2021-08-30 00:00:00,7901.8248074138055,7945.616787060301,7808.985810563233,7843.1435546875,796100,6243926583.886719
2021-08-31 00:00:00,7844.895593581472,8005.174246436826,7844.895593581472,7957.87890625,1191300,9480221141.015625
2021-09-01 00:00:00,7996.416228702796,8143.557294028324,7978.8994352116615,8088.37939453125,1013500,8197572516.357422
2021-09-02 00:00:00,8079.620487607759,8112.026553520115,7948.244544719828,8000.794921875,1266800,10135407007.03125
2021-09-03 00:00:00,8054.221266635782,8147.060267751854,7976.271539283609,8123.41259765625,1026300,8337058348.974609
2021-09-06 00:00:00,8224.133944761727,8228.51314281538,8069.110333662385,8075.2412109375,953800,7702165066.9921875
2021-09-07 00:00:00,8126.915573231837,8138.301487926525,8014.80810546875,8014.80810546875,820300,6574547088.916016
2021-09-08 00:00:00,8004.298303888155,8052.469483088707,7917.59018132716,8016.56005859375,1345800,10788686526.855469
2021-09-09 00:00:00,8001.670379172166,8051.593235084251,7957.002560724511,7964.00927734375,827800,6592606879.785156
2021-09-10 00:00:00,7280.854175863611,7462.152962631777,7246.696433429029,7269.46826171875,5381500,39120643450.43945
2021-09-13 00:00:00,7304.503490972305,7351.798837316731,7236.187990697025,7258.083984375,1503600,10913255078.90625
2021-09-14 00:00:00,7269.468826456021,7393.838052161654,7265.089628367794,7338.66015625,1512300,11098255754.296875
2021-09-15 00:00:00,7335.156768388802,7412.2306544327685,7299.247344209228,7300.9990234375,1083700,7912092641.699219
2021-09-16 00:00:00,7320.26845531059,7355.302044472162,7237.939520780894,7307.130859375,970100,7088647646.6796875
2021-09-17 00:00:00,7339.534985207101,7431.49813239645,7317.638997781066,7400.84375,1563700,11572699371.875
2021-09-21 00:00:00,7357.928627838197,7406.975646426334,7308.881609250059,7338.66015625,955300,7010622047.265625
2021-09-22 00:00:00,7357.052721987315,7470.036031646406,7331.653373304263,7456.8984375,892300,6653790475.78125
2021-09-24 00:00:00,7565.503399386386,7651.335690789474,7508.573818353727,7571.63427734375,1139500,8627877259.033203
2021-09-27 00:00:00,7569.883473548912,7600.537866881576,7466.53437602736,7492.8095703125,963200,7217074178.125
2021-09-28 00:00:00,7532.220532001254,7817.744240539905,7515.579579663111,7687.244140625,2514700,19331112840.429688
2021-09-29 00:00:00,7595.319209809607,7634.2106383248665,7470.689859340254,7552.00830078125,1456400,10998744889.257812
2021-09-30 00:00:00,7603.273996732075,7641.281527755033,7419.423614109398,7421.19140625,2083800,15464278652.34375
2021-10-01 00:00:00,7321.311438578656,7378.764685410432,7232.037931963124,7237.34130859375,1290700,9341236427.001953
2021-10-04 00:00:00,7247.948667899295,7300.982438640021,7099.45410982526,7208.17333984375,785800,5664182610.449219
2021-10-05 00:00:00,7050.839254085999,7123.318734947858,6978.359773224139,7087.962890625,909600,6447211045.3125
2021-10-06 00:00:00,7071.16877813555,7181.6557902939185,7008.412155229597,7068.51708984375,1352400,9559462512.304688
2021-10-07 00:00:00,6984.5473877135455,7125.086875773081,6958.030503174011,7101.2216796875,1094300,7770866884.082031
2021-10-08 00:00:00,7152.487351662005,7268.2777425502545,7118.899299343275,7148.06787109375,1103500,7887892895.751953
2021-10-11 00:00:00,7071.169637297634,7124.203409577366,6818.375322764243,7097.6865234375,1145800,8132529218.5546875
2021-10-12 00:00:00,7080.007732960972,7102.10513537346,6983.6630584425275,7032.27734375,726600,5109652717.96875
2021-10-13 00:00:00,7026.973907040878,7133.041437713193,6974.824037793656,7028.74169921875,806200,5666571557.910156
2021-10-14 00:00:00,7024.322357794944,7125.9704100343315,6954.494565387016,7080.0078125,850100,6018714641.40625
2021-10-15 00:00:00,7128.621962805436,7210.824299140328,7114.479625371476,7194.0302734375,768600,5529331668.1640625
2021-10-18 00:00:00,7186.074981314176,7216.127447410692,7119.782776689506,7187.8427734375,685500,4927266221.191406
2021-10-19 00:00:00,7230.270353681209,7320.42775906941,7222.315288499897,7235.57373046875,561300,4061327534.9121094
2021-10-20 00:00:00,7294.794647701321,7314.240362259594,7233.805815677645,7293.02685546875,593000,4324764925.292969
2021-10-21 00:00:00,7279.768873403867,7279.768873403867,7054.375349518729,7103.87353515625,993000,7054146420.410156
2021-10-22 00:00:00,7027.858735417768,7179.004986676281,7026.974839211577,7105.6416015625,904500,6427052828.613281
2021-10-25 00:00:00,7027.857796649839,7062.329744086556,6992.501953125,6992.501953125,765500,5352760245.1171875
2021-10-26 00:00:00,7070.284959290663,7194.914310367045,7053.490933259093,7180.77197265625,954800,6856201079.4921875
2021-10-27 00:00:00,7210.824719885476,7260.322903792511,7166.629912825624,7218.77978515625,676300,4882060768.701172
2021-10-28 00:00:00,7147.1842538068395,7188.72737276911,7073.820873511765,7085.3115234375,2678900,18980841040.13672
2021-10-29 00:00:00,7140.1123905792565,7140.1123905792565,7002.2246048735915,7095.03369140625,766000,5434795807.6171875
2021-11-01 00:00:00,7261.20693322384,7377.8812260035775,7129.506405767924,7233.80615234375,1253100,9064682489.501953
2021-11-02 00:00:00,7270.929538294754,7394.674996033785,7237.341485479874,7312.47265625,870100,6362582458.203125
2021-11-04 00:00:00,7415.887731605627,7500.741750942235,7359.318385381222,7468.03759765625,1278200,9545645657.324219
2021-11-05 00:00:00,7473.341787427781,7498.090879095194,7342.525160042883,7400.8623046875,647300,4790578169.824219
2021-11-08 00:00:00,7412.353307980682,7433.5668161361245,7272.697712624023,7349.5966796875,598200,4396528733.7890625
2021-11-09 00:00:00,7344.292830213289,7420.307896213812,7282.420102073329,7293.02685546875,560300,4086282947.1191406
2021-11-10 00:00:00,7254.135523214163,7288.6074722095755,7206.405132297437,7219.66357421875,473200,3416344803.3203125
2021-11-11 00:00:00,7209.0572360227625,7295.679061565949,7179.004765936351,7208.17333984375,517800,3732392155.3710938
2021-11-12 00:00:00,7258.55456127204,7357.550921581644,7232.037679046253,7344.29248046875,781900,5742502290.478516
2021-11-15 00:00:00,7376.112700445594,7466.270099540316,7324.846728411341,7449.47607421875,650500,4845884186.279297
2021-11-16 00:00:00,7460.083405504962,7491.019770338216,7285.95586630064,7303.6337890625,653600,4773655044.53125
2021-11-17 00:00:00,7274.465089699073,7298.330285011573,7106.524826388889,7159.55859375,703200,5034601603.125
2021-11-18 00:00:00,6899.693341229189,6928.861914155215,6487.797735667723,6516.96630859375,3119600,20330328096.289062
2021-11-19 00:00:00,6405.595201823816,6422.389228156733,6254.448964827559,6397.64013671875,2399000,15347938687.988281
2021-11-22 00:00:00,6350.793979904087,6487.797886220737,6318.0898216220485,6475.42333984375,1026700,6648317143.017578
2021-11-24 00:00:00,6459.511872219557,6505.474463538032,6291.571634709743,6333.11474609375,928400,5879663730.2734375
2021-11-25 00:00:00,6352.561750270408,6423.273443608607,6326.044865268584,6358.7490234375,635000,4037805629.8828125
2021-11-26 00:00:00,6328.697313395353,6342.839653760482,6234.120412203551,6324.27783203125,947800,5994150529.199219
2021-11-29 00:00:00,6257.984704910397,6321.625227333215,6198.763663211386,6227.04833984375,1046300,6515360677.978516
2021-11-30 00:00:00,6232.351576637636,6273.8946945077205,6067.946897407087,6075.01806640625,2912800,17695312623.828125
2021-12-01 00:00:00,6044.081402389841,6111.2575045515305,5991.931533606426,5992.8154296875,1238900,7424499035.839844
2021-12-02 00:00:00,5997.235618124202,6140.426800163425,5997.235618124202,6063.52783203125,1155400,7005800057.128906
2021-12-03 00:00:00,6010.493273038157,6138.658203125,5976.905222394709,6138.658203125,1134600,6964921597.265625
2021-12-06 00:00:00,6097.115275136365,6121.86436584437,6029.939171786066,6056.4560546875,660700,4001500515.3320312
2021-12-07 00:00:00,6097.9994388240175,6120.980738347053,6003.42255232537,6086.5087890625,1131600,6887493345.703125
2021-12-08 00:00:00,6131.587603761528,6166.943449826176,6058.224223177384,6121.86474609375,770100,4714448040.966797
2021-12-09 00:00:00,6114.792751102216,6120.980023327963,6048.500548683502,6052.0361328125,774600,4687907188.4765625
2021-12-10 00:00:00,5995.467840854349,6030.823688360492,5923.872249654407,5934.47900390625,1304800,7743308204.296875
2021-12-13 00:00:00,6000.7706617906215,6030.82312938539,5961.879233138568,5995.46728515625,776500,4655480346.923828
2021-12-14 00:00:00,5965.414885024403,6036.126574282361,5934.478520974047,5970.71826171875,892900,5331254335.888672
2021-12-15 00:00:00,6070.598417470834,6225.280235038888,6057.339975965001,6136.890625,1197400,7348312834.375
2021-12-16 00:00:00,6311.018314522214,6317.205587379588,6208.486364314289,6296.8759765625,907500,5714414948.730469
2021-12-17 00:00:00,6164.2919921875,6231.468102225677,6120.98107913657,6164.2919921875,972200,5992924674.8046875
2021-12-20 00:00:00,6063.526609197754,6157.2195859579515,6033.474144953916,6077.6689453125,978900,5949430130.566406
2021-12-21 00:00:00,6182.853898783883,6219.9775390625,6127.1684383659585,6219.9775390625,848500,5277650941.894531
2021-12-22 00:00:00,6219.9772254710315,6347.258271437754,6214.673848555752,6295.1083984375,977700,6154727481.152344
2021-12-23 00:00:00,5808.964752381021,5839.017217624623,5709.968396284448,5724.99462890625,4608500,26383637747.314453
2021-12-24 00:00:00,5721.4599321713495,5845.205396485267,5683.452396703503,5806.31396484375,2230000,12948080141.601562
2021-12-27 00:00:00,5874.3733479304965,5963.646852014303,5829.294647848574,5892.05126953125,1252700,7380972625.341797
2021-12-28 00:00:00,5815.153191407426,5911.497878725166,5803.662540626411,5872.6064453125,1157100,6795192917.871094
2021-12-29 00:00:00,5828.411596590585,5892.052123577925,5773.61003168482,5812.50146484375,961600,5589301408.59375
2021-12-30 00:00:00,5813.383824201404,5841.668495384991,5751.511105987311,5772.724609375,1160700,6700401454.1015625
2022-01-04 00:00:00,5824.8761200357085,5860.2319690192335,5767.422865437481,5847.857421875,858300,5019216025.1953125
2022-01-05 00:00:00,5789.52000959055,5833.714818824065,5759.4675393117595,5817.8046875,1202900,6998237258.59375
2022-01-06 00:00:00,5802.778891839514,5897.355790762107,5802.778891839514,5822.224609375,812100,4728228605.2734375
2022-01-07 00:00:00,5802.778278601542,5831.946851822236,5694.942947300798,5742.67333984375,1011000,5805842746.582031
2022-01-11 00:00:00,5790.403153053055,5839.017436890319,5721.459259611117,5787.75146484375,1127300,6524532226.318359
2022-01-12 00:00:00,5610.97237513229,5664.006140492709,5497.833675696731,5637.4892578125,2115300,11924981027.050781
2022-01-13 00:00:00,5578.267730752268,5610.087987178679,5475.735793378276,5480.1552734375,1878500,10294471681.152344
2022-01-14 00:00:00,5432.4251009020045,5511.975745074015,5418.2827641603135,5478.3876953125,1310700,7180522752.246094
2022-01-17 00:00:00,5496.950706917013,5538.493830124136,5430.658489033306,5440.38134765625,623600,3392621808.3984375
2022-01-18 00:00:00,5441.265243251379,5457.1753755415875,5336.9654871266775,5367.90185546875,1023000,5491363598.144531
2022-01-19 00:00:00,5305.144337439653,5351.990830256098,5261.833428986713,5286.58251953125,1281500,6774755498.779297
2022-01-20 00:00:00,5318.402637728537,5359.945752897765,5252.110432671259,5299.8408203125,1084200,5746087417.3828125
2022-01-21 00:00:00,5244.155654665513,5260.949680864509,5181.399030448211,5245.03955078125,1216700,6381639621.435547
2022-01-24 00:00:00,5213.219293503535,5357.2943604484435,5198.193059527684,5345.8037109375,848500,4535914448.730469
2022-01-25 00:00:00,5263.6013638069,5277.7437016441645,5184.934609587116,5208.7998046875,1179700,6144821129.589844
2022-01-26 00:00:00,5244.155662440963,5245.923454675058,5142.507608980536,5216.7548828125,712700,3717981204.9804688
2022-01-27 00:00:00,5239.736811713699,5252.111358839878,5007.272104986185,5058.5380859375,1244800,6296868209.375
2022-01-28 00:00:00,5079.750948285613,5143.391468257174,5079.750948285613,5128.365234375,892000,4574501789.0625
2022-01-31 00:00:00,5121.2945757943635,5126.597952987108,5060.305738077793,5108.0361328125,1003600,5126425062.890625
2022-02-01 00:00:00,5118.642777130026,5124.830050388515,5044.395498028157,5072.68017578125,902300,4577079322.607422
2022-02-02 00:00:00,5139.855623734885,5230.013022465919,5115.990429953141,5199.07666015625,1158500,6023130310.791016
2022-02-03 00:00:00,5148.694939376241,5204.380395372928,5100.080652395006,5119.5263671875,1159500,5936090822.753906
2022-02-04 00:00:00,5100.08049304108,5118.642311126672,4994.012961123415,5088.58984375,1362300,6932185944.140625
2022-02-07 00:00:00,5093.008882100791,5138.971475274904,5048.814080971836,5084.169921875,811300,4124787057.6171875
2022-02-08 00:00:00,5145.158886150398,5234.43238683777,5137.203821732711,5163.720703125,746500,3854717504.8828125
2022-02-09 00:00:00,5169.908302857276,5214.103107976589,5140.739731478529,5197.30908203125,813600,4228530669.140625
2022-02-10 00:00:00,5211.45111391974,5276.859421658895,5210.567217869211,5272.43994140625,888600,4685090131.933594
2022-02-14 00:00:00,5214.987148896107,5214.987148896107,5089.473898871827,5119.5263671875,973000,4981299155.2734375
2022-02-15 00:00:00,5201.728798336091,5239.736332461572,5132.784899224755,5175.2119140625,681400,3526389398.2421875
2022-02-16 00:00:00,5252.994937632381,5260.0661069914695,5191.122205740363,5242.38818359375,624000,3271250226.5625
2022-02-17 00:00:00,5233.5493513720485,5243.272209481336,5153.114797922486,5221.1748046875,574300,2998520690.3320312
2022-02-18 00:00:00,5171.676724080913,5263.601929909732,5171.676724080913,5220.291015625,557000,2907702095.703125
2022-02-21 00:00:00,5131.900994527326,5140.7399559371215,5080.635018350511,5102.732421875,739300,3772450079.4921875
2022-02-22 00:00:00,5082.402158435845,5085.937742546062,4971.915154991588,5007.27099609375,885100,4431935558.642578
2022-02-24 00:00:00,4985.174076085748,5025.833297273682,4925.06914041663,4971.03173828125,1065900,5298622729.833984
2022-02-25 00:00:00,5000.19992922665,5035.5557710454705,4966.611879498771,5034.671875,606500,3053528492.1875
2022-02-28 00:00:00,5032.904656553319,5066.492710109523,5001.084395289547,5054.1181640625,784200,3963439464.2578125
2022-03-01 00:00:00,5097.428617456617,5149.578485400078,5088.589656788233,5106.267578125,806800,4119736682.03125
2022-03-02 00:00:00,5062.956440889942,5081.518257450468,5006.387095181675,5035.5556640625,643700,3241387180.9570312
2022-03-03 00:00:00,5067.376606255739,5073.56387927925,5024.949591237376,5054.1181640625,430900,2177819516.8945312
2022-03-04 00:00:00,5083.286974975435,5098.313210164895,4980.755017212064,5032.02099609375,923600,4647574591.9921875
2022-03-07 00:00:00,4976.335325420512,4981.638702321493,4876.455060452036,4933.0244140625,1077900,5317307015.917969
2022-03-08 00:00:00,4931.2568956717105,5019.646515597713,4911.811179287989,4934.79248046875,905700,4469441549.560547
2022-03-09 00:00:00,4935.675638696589,4943.630703300505,4818.117461772046,4819.88525390625,1215300,5857606549.072266
2022-03-10 00:00:00,4908.275334546903,4946.282869102191,4848.1703961804005,4940.9794921875,1370500,6771612394.042969
2022-03-11 00:00:00,4916.229782584469,4933.907703413611,4810.162257609615,4833.1435546875,1052300,5085916962.597656
2022-03-14 00:00:00,4885.292991906144,5025.832450149871,4883.52519997855,4957.7724609375,977400,4845726803.3203125
2022-03-15 00:00:00,4954.237983092198,5100.964745838551,4949.8185022865855,5073.56396484375,717600,3640789501.171875
2022-03-16 00:00:00,5100.080881190908,5135.436727854277,5016.110745365409,5024.94970703125,1148600,5771657233.496094
2022-03-17 00:00:00,5133.668377005749,5157.533570907119,5043.510977822797,5150.46240234375,807300,4157968297.4121094
2022-03-18 00:00:00,5190.237337028423,5214.102529143506,5124.82903271301,5177.86279296875,858300,4444159635.205078
2022-03-22 00:00:00,5266.253568861797,5266.253568861797,5171.676675295464,5188.470703125,700600,3635042574.609375
2022-03-23 00:00:00,5259.181839770979,5322.822359512746,5258.297943663454,5313.9833984375,763100,4055100731.3476562
2022-03-24 00:00:00,5283.04714422075,5302.492858989506,5184.050778125264,5248.5751953125,754700,3961099699.9023438
2022-03-25 00:00:00,5251.2267093035125,5274.2080078125,5199.9607357065415,5274.2080078125,600800,3168744171.09375
2022-03-28 00:00:00,5280.395389988652,5280.395389988652,5199.960843539209,5208.7998046875,530600,2763789176.3671875
2022-03-29 00:00:00,5208.799497248095,5220.290146062659,5171.6758626164265,5219.40625,1138600,5942815956.25
2022-03-30 00:00:00,5285.714044912459,5291.986294160532,5171.917522840263,5204.1748046875,760500,3957774938.9648438
2022-03-31 00:00:00,5196.109569020751,5214.030278001681,5080.52099609375,5080.52099609375,1208900,6141841832.177734
2022-04-01 00:00:00,5088.5852385442095,5159.372037953435,5045.575537637338,5137.8671875,897900,4613290947.65625
2022-04-04 00:00:00,5187.149209989635,5249.871691367986,5156.684004748722,5214.0302734375,529600,2761350432.8125
2022-04-05 00:00:00,5291.985398397641,5313.490249322385,5222.094632892219,5268.6884765625,721700,3802412473.5351562
2022-04-06 00:00:00,5242.7038615878155,5309.906526024508,5237.327648432881,5303.63427734375,863100,4577566744.775391
2022-04-07 00:00:00,5287.5052542885805,5438.039211706049,5274.960757837125,5401.3017578125,1307600,7062742178.515625
2022-04-08 00:00:00,5396.821381305215,5416.534160715594,5276.752633987449,5350.2275390625,1607200,8598885700.78125
2022-04-11 00:00:00,5370.836487167065,5411.1580824160665,5263.312233169726,5302.73779296875,751200,3983416630.078125
2022-04-12 00:00:00,5167.435913522215,5180.876443902453,4977.476417481516,5014.2138671875,1648500,8265931560.058594
2022-04-13 00:00:00,5019.590564145453,5148.619668257724,5010.630209693211,5147.7236328125,1027200,5287741715.625
2022-04-14 00:00:00,5169.228688809747,5206.86217900389,5146.827801789424,5176.39697265625,529800,2742455116.1132812
2022-04-15 00:00:00,5142.347285953027,5159.37195896803,5089.48119606433,5139.6591796875,525500,2700890898.9257812
2022-04-18 00:00:00,5114.570572733564,5122.634892136964,5042.88773359224,5097.5458984375,671800,3424531334.5703125
2022-04-19 00:00:00,5123.530357863568,5141.451065656025,5072.456340655064,5099.33740234375,603100,3075410387.3535156
2022-04-20 00:00:00,5117.258490095669,5157.580085622601,5067.976540007197,5135.17919921875,803700,4127143522.4121094
2022-04-21 00:00:00,5158.476788972554,5189.8380339984415,5136.971935240515,5175.50146484375,821400,4251156903.2226562
2022-04-22 00:00:00,5096.649324750133,5096.649324750133,5018.694245415874,5065.2880859375,807000,4087687485.3515625
2022-04-25 00:00:00,5003.46144288331,5062.599776556357,4984.644700350977,5014.2138671875,628300,3150430572.7539062
2022-04-26 00:00:00,5013.3189807050485,5040.200047625719,4980.165664836221,5021.38330078125,591200,2968641807.421875
2022-04-27 00:00:00,4946.115555802351,4960.452122630763,4911.170174158095,4916.54638671875,971900,4778391433.251953
2022-04-28 00:00:00,4935.36395780919,5085.001899158888,4928.195673193635,5075.1455078125,1029000,5222324727.5390625
2022-05-02 00:00:00,5062.600653198561,5147.724027013404,5022.279055075741,5138.763671875,859000,4414197994.140625
2022-05-06 00:00:00,5053.6399558898265,5093.065515829393,4931.7791342584405,5068.87255859375,1422700,7211484989.111328
2022-05-09 00:00:00,5037.511235497121,5053.639873390922,4928.194911994693,4959.55615234375,956400,4743319504.1015625
2022-05-10 00:00:00,4944.323746011321,5024.966938679139,4928.195107477758,5010.63037109375,646200,3237869345.8007812
2022-05-11 00:00:00,4977.4770114094,5021.3827492238115,4955.076124769394,4978.373046875,644200,3207067916.796875
2022-05-12 00:00:00,4904.8978737431,4914.75426333228,4820.670544526466,4828.73486328125,1194900,5769855288.134766
2022-05-13 00:00:00,4977.477113178069,5080.521193828919,4926.403090594604,5020.48681640625,1548200,7772717689.160156
2022-05-16 00:00:00,5059.015697253729,5139.658880525573,4995.39718600594,5001.66943359375,925800,4630545561.621094
2022-05-17 00:00:00,5028.550897444565,5046.471606273662,4957.764097569632,4970.30859375,571300,2839537299.609375
2022-05-18 00:00:00,4970.308719997956,5089.481436738488,4969.412684533741,5000.77392578125,731000,3655565739.7460938
2022-05-19 00:00:00,4911.170844164191,4923.715341850434,4853.82456902708,4901.314453125,945400,4633702683.984375
2022-05-20 00:00:00,4930.883158690243,4946.115761579164,4862.784463422124,4889.66552734375,654600,3200775054.1992188
2022-05-23 00:00:00,4946.115645706483,5004.357949505563,4943.427539377294,5003.4619140625,882600,4416055485.3515625
2022-05-24 00:00:00,4982.853320115106,4982.853320115106,4876.22509765625,4876.22509765625,865300,4219397577.001953
2022-05-25 00:00:00,4860.992752636939,4885.1857119588185,4769.59712853206,4770.4931640625,1085400,5177893280.2734375
2022-05-26 00:00:00,4770.493262607882,4810.814862310615,4718.523200768803,4723.8994140625,1116700,5275178475.683594
2022-05-27 00:00:00,4773.180979118197,4789.309617681014,4726.58713438117,4766.0126953125,831100,3961033151.0742188
2022-05-30 00:00:00,4808.126706858266,4868.161088028505,4791.998067140888,4835.90380859375,1066100,5155557050.341797
2022-05-31 00:00:00,4847.551770899691,4887.873366036564,4747.19580078125,4747.19580078125,2948300,13996157379.44336
2022-06-01 00:00:00,4756.156827690068,4806.334819843543,4714.939191278286,4731.9638671875,1073600,5080236407.8125
2022-06-02 00:00:00,4723.003403490643,4723.003403490643,4614.583101494368,4623.54345703125,1306300,6039734817.919922
2022-06-03 00:00:00,4647.73606794594,4672.825061565081,4612.790683976422,4664.7607421875,898400,4190821050.78125
2022-06-06 00:00:00,4650.4231551012335,4730.170295911255,4638.774696331231,4710.45751953125,838700,3950660721.6308594
2022-06-07 00:00:00,4710.457963078802,4756.155767171825,4695.2253617144615,4733.7548828125,704400,3334456939.453125
2022-06-08 00:00:00,4754.3642567334255,4880.70525940953,4749.884079333563,4865.47265625,1172500,5704766689.453125
2022-06-09 00:00:00,4852.03187481487,4932.675063869965,4852.03187481487,4915.650390625,864400,4249088197.65625
2022-06-10 00:00:00,4826.047008949258,4844.863753692655,4738.235533480074,4834.111328125,1604600,7756815037.109375
2022-06-13 00:00:00,4754.3640592999855,4779.453051697347,4688.0574365355305,4703.2900390625,807600,3798377035.546875
2022-06-14 00:00:00,4648.631308416843,4654.903555748941,4601.1414357595395,4649.52734375,1045200,4859685979.6875
2022-06-15 00:00:00,4661.176521547379,4664.760663432459,4549.172087638609,4555.4443359375,934200,4255696098.6328125
2022-06-16 00:00:00,4624.438695781128,4654.007863957989,4597.557633802164,4608.31005859375,678800,3128120867.7734375
2022-06-17 00:00:00,4507.95396737834,4578.740761936656,4490.033259895222,4577.8447265625,1503800,6884162899.8046875
2022-06-20 00:00:00,4655.799551797327,4657.591622448518,4602.037432261561,4650.42333984375,716200,3330633195.9960938
2022-06-21 00:00:00,4684.4733814640895,4744.5077572403125,4657.592317683691,4734.6513671875,776000,3674089460.9375
2022-06-22 00:00:00,4745.404042881166,4812.6067058751405,4723.899190723095,4795.58203125,773500,3709382701.171875
2022-06-23 00:00:00,4817.98212671593,4917.442051593272,4808.1257377641205,4913.85791015625,855900,4205770985.3027344
2022-06-24 00:00:00,4978.372850192749,5002.565806808157,4920.130547229731,4982.85302734375,882200,4395872940.722656
2022-06-27 00:00:00,5012.422802560609,5073.353219180938,4997.190198405527,5035.7197265625,851000,4285397487.3046875
2022-06-28 00:00:00,5032.134416852678,5120.841914585659,4998.085074288504,5118.15380859375,813000,4161059046.3867188
2022-06-29 00:00:00,5114.570594019397,5225.678995150862,5100.234026131466,5197.005859375,1479700,7690009570.1171875
2022-06-30 00:00:00,5185.357423495497,5212.238488417713,5098.441980246997,5129.80322265625,1156000,5930052525.390625
2022-07-01 00:00:00,5153.995561110745,5196.109224423019,5072.456340655064,5099.33740234375,783500,3995330854.736328
2022-07-04 00:00:00,5187.148975321888,5232.84678111588,5165.644125536481,5219.40625,796300,4156213196.875
2022-07-05 00:00:00,5249.871453862661,5256.143701716738,5181.7727628755365,5219.40625,729900,3809644621.875
2022-07-06 00:00:00,5250.768168464711,5612.766520010743,5250.768168464711,5525.85107421875,2748600,15188354262.597656
2022-07-07 00:00:00,5570.652421440125,5582.300882350327,5470.296450521468,5513.30615234375,1118100,6164427608.935547
2022-07-08 00:00:00,5546.459263278431,5546.459263278431,5403.093595730038,5462.23193359375,1251100,6833798372.119141
2022-07-11 00:00:00,5551.836040512256,5598.42988720474,5507.9303003597215,5538.3955078125,864600,4788496756.0546875
2022-07-12 00:00:00,5530.331078629851,5594.845634310562,5492.697587816103,5518.6826171875,961200,5304557731.640625
2022-07-13 00:00:00,5483.737021497074,5551.835716535274,5479.256844191929,5512.41015625,692100,3815139069.140625
2022-07-14 00:00:00,5510.618085956358,5586.781100152503,5510.618085956358,5567.96435546875,626700,3489443261.5722656
2022-07-15 00:00:00,5587.677269167661,5645.023540050716,5549.147743418109,5631.5830078125,851700,4796419247.753906
2022-07-19 00:00:00,5619.038185186143,5627.10250406139,5494.489260335103,5550.04345703125,1155700,6414185223.291016
2022-07-20 00:00:00,5593.949133476001,5622.622266948888,5555.4196103718095,5618.14208984375,706600,3969779200.6835938
2022-07-21 00:00:00,5555.420468085316,5687.1376953125,5549.148219169736,5687.1376953125,928800,5282213491.40625
2022-07-22 00:00:00,5689.825431756383,5754.339987832992,5628.895017684032,5684.44921875,1160300,6595666428.515625
2022-07-25 00:00:00,5594.845732228386,5594.845732228386,5367.252712371562,5472.0888671875,2195300,12012876690.136719
2022-07-26 00:00:00,5494.489462343289,5499.865675124447,5406.677986917711,5467.6083984375,806600,4410172934.1796875
2022-07-27 00:00:00,5463.128748424951,5491.801886025344,5422.8071486743975,5466.712890625,751100,4106048052.1484375
2022-07-28 00:00:00,5508.825903599102,5517.786258029159,5446.103422588702,5492.697265625,739400,4061300358.203125
2022-07-29 00:00:00,5493.593434629931,5511.5141439257395,5401.3017817565205,5445.20751953125,972700,5296553354.248047
2022-08-01 00:00:00,5437.1424166726465,5481.9441834547215,5396.820826568779,5463.12744140625,590200,3224337815.9179688
2022-08-02 00:00:00,5427.287275896283,5459.54455539641,5300.0502289791175,5312.5947265625,863900,4589550584.277344
2022-08-03 00:00:00,5334.995377659015,5364.564549218092,5301.842064092776,5317.970703125,486900,2589319935.3515625
2022-08-04 00:00:00,5376.212137506295,5403.0931981938265,5311.697591856219,5337.6826171875,589700,3147631439.3554688
2022-08-05 00:00:00,5375.317191007931,5471.192993547996,5288.401743845442,5412.95068359375,1040200,5630551301.074219
2022-08-08 00:00:00,5362.772819958432,5492.697975997525,5358.29264216398,5476.5693359375,779800,4270628768.1640625
2022-08-09 00:00:00,5483.736665334481,5567.067957797897,5456.855603249508,5464.919921875,711300,3887197540.4296875
2022-08-10 00:00:00,5467.60818550041,5482.8407877871205,5412.053988925349,5461.3359375,538300,2939837135.15625
2022-08-12 00:00:00,5589.4701936835645,5589.4701936835645,5445.208458963614,5479.2578125,1106000,6060059140.625
2022-08-15 00:00:00,5502.5541174581995,5566.172639252619,5501.658081939968,5559.900390625,491500,2732691041.9921875
2022-08-16 00:00:00,5589.469562726632,5592.157669281326,5544.667786815069,5559.900390625,485800,2700999609.765625
2022-08-17 00:00:00,5559.003597828612,5579.612411940485,5535.706677528235,5543.77099609375,835900,4634038175.634766
2022-08-18 00:00:00,5454.167193400972,5482.840324695342,5407.573355047621,5427.2861328125,902800,4899753920.703125
2022-08-19 00:00:00,5429.974263989275,5446.99893577406,5315.28173828125,5315.28173828125,986200,5241930850.292969
2022-08-22 00:00:00,5253.456126621792,5260.624410608312,5214.92660019424,5218.5107421875,1562000,8151313779.296875
2022-08-23 00:00:00,5212.2380586350255,5212.2380586350255,5147.723508141347,5172.8125,1709100,8840853843.75
2022-08-24 00:00:00,5148.619690221285,5157.580044711751,5072.4566770523315,5080.52099609375,1261200,6407553080.2734375
2022-08-25 00:00:00,5133.386657109062,5207.757593143283,5127.114409491718,5145.93115234375,1029400,5297221528.222656
2022-08-26 00:00:00,5141.451692708333,5158.4763671875,5100.234059758772,5107.40234375,817800,4176833636.71875
2022-08-29 00:00:00,5033.927238392699,5076.040905214425,5004.358068071062,5056.328125,925300,4678620414.0625
2022-08-30 00:00:00,5057.223806630949,5074.248479261351,5015.110142755745,5064.39208984375,537300,2721097869.873047
2022-08-31 00:00:00,5027.654819868188,5116.362327828791,5027.654819868188,5104.7138671875,903400,4611598507.6171875
2022-09-01 00:00:00,5060.8081123288275,5076.040714649931,5027.654801394662,5038.4072265625,785500,3957668876.4648438
2022-09-02 00:00:00,5072.456708902051,5102.02587890625,5032.135113441781,5102.02587890625,670500,3420908351.8066406
2022-09-05 00:00:00,5058.119528403131,5076.9362706699985,5034.822609406057,5071.56005859375,697300,3536398828.857422
2022-09-06 00:00:00,5093.96162264112,5140.55546685877,5081.417126120984,5089.4814453125,491400,2500971182.2265625
2022-09-07 00:00:00,5053.640412801793,5089.481834169182,5014.214849297666,5047.3681640625,701400,3540224030.2734375
2022-09-08 00:00:00,5119.946923482782,5194.31787109375,5098.4420711615385,5194.31787109375,991900,5152243896.337891
2022-09-09 00:00:00,5278.544835819349,5315.28228926844,5224.7827088206795,5302.73779296875,1651500,8757471465.08789
2022-09-12 00:00:00,5315.2826576341295,5366.356681822455,5288.401592271854,5360.98046875,910500,4881172716.796875
2022-09-13 00:00:00,5411.158172264416,5501.657754214856,5400.405746686146,5500.76171875,1292800,7111384750.0
2022-09-14 00:00:00,5358.292441037243,5388.757648895983,5323.347055552218,5359.1884765625,1253400,6717206836.5234375
2022-09-15 00:00:00,5377.109220948621,5394.133896035777,5312.594662723609,5325.13916015625,659600,3512461790.0390625
2022-09-16 00:00:00,5315.282648851011,5396.8218803151785,5291.985725575535,5383.38134765625,967100,5206268101.318359
2022-09-20 00:00:00,5451.479171525187,5486.424550829835,5376.212200715174,5403.09326171875,1093900,5910443718.994141
2022-09-21 00:00:00,5365.4604338619165,5368.148540291707,5265.1044604830695,5299.15380859375,794000,4207528124.0234375
2022-09-22 00:00:00,5254.352138031095,5254.352138031095,5200.590008378662,5230.1591796875,775000,4053373364.2578125
2022-09-26 00:00:00,5177.29327842916,5249.872156164148,5128.0113244115755,5136.9716796875,941700,4837486230.761719
2022-09-27 00:00:00,5154.892818213499,5242.704307207923,5150.412640203579,5182.669921875,934400,4842686775.0
2022-09-28 00:00:00,6078.705078125,6078.705078125,6078.705078125,6078.705078125,245800,1494145708.203125
2022-09-29 00:00:00,6985.43310546875,6985.43310546875,6985.43310546875,6985.43310546875,338700,2365966192.8222656
2022-09-30 00:00:00,7255.637538160166,7344.496883166376,6691.652715773809,7026.2353515625,14981300,105262139672.36328
2022-10-03 00:00:00,6890.22612114244,6900.200129213577,6600.979887079479,6765.09765625,4867800,32931142371.09375
2022-10-04 00:00:00,6881.1588724183375,6929.215456979962,6719.761286532125,6767.81787109375,3290300,22268151141.259766
2022-10-05 00:00:00,6709.787377997423,6872.091694303037,6702.533553804994,6863.0244140625,3011400,20667311720.507812
2022-10-06 00:00:00,6873.904505287729,7142.295975221137,6831.2882921564105,7063.41064453125,3595300,25395080290.283203
2022-10-07 00:00:00,7031.676301245136,7273.772700011409,6963.671694850115,7077.91943359375,3639900,25762918946.33789
2022-10-11 00:00:00,7021.701854952982,7178.565803933724,6956.417436880071,7038.9296875,2192400,15432149446.875
2022-10-12 00:00:00,7046.184314341546,7180.380077888393,7041.65067368118,7110.56201171875,1855100,13190803587.939453
2022-10-13 00:00:00,7118.72199419697,7242.94373833211,7103.3076171875,7103.3076171875,2210700,15703282149.316406
2022-10-14 00:00:00,7253.8243073238755,7490.480325350317,7240.223386747643,7477.7861328125,3802100,28431290655.566406
2022-10-17 00:00:00,7421.569248590287,7423.3827047292225,7205.767968057057,7283.74658203125,2552500,18591763150.634766
2022-10-18 00:00:00,7435.169725524106,7539.443447284505,7408.874613080179,7504.0810546875,2602900,19532372577.246094
2022-10-19 00:00:00,7509.521013266527,7633.742744589578,7494.106637846878,7553.95068359375,2147100,16219087512.74414
2022-10-20 00:00:00,7452.397900579744,7559.391811307132,7444.237348066637,7491.38720703125,1565600,11728515811.328125
2022-10-21 00:00:00,7456.930825389163,7528.562335020212,7456.930825389163,7514.0546875,1259800,9466206095.3125
2022-10-24 00:00:00,7571.17901930672,7612.888508514877,7344.4970127406505,7382.57958984375,1733600,12798439976.953125
2022-10-25 00:00:00,7457.8380691924585,7675.452797047315,7421.568947883316,7646.4375,2611600,19969436175.0
2022-10-26 00:00:00,7640.091556891395,7915.7369204440865,7632.837731534745,7881.28125,2483900,19576314496.875
2022-10-27 00:00:00,8021.823425602792,8062.626189720812,7916.642966987451,8038.14453125,2482700,19956301427.734375
2022-10-28 00:00:00,7959.25930803761,8108.869445406738,7934.777649195389,8005.50244140625,2541100,20342782253.85742
2022-10-31 00:00:00,8141.511179322731,8195.008134393456,8078.946943731544,8136.9775390625,1919700,15620555781.738281
2022-11-01 00:00:00,8160.553182056608,8232.184704432439,8080.761106498721,8156.92626953125,1812000,14780350400.390625
2022-11-02 00:00:00,8092.547705013064,8199.54161304573,8060.812223816934,8165.99267578125,1606800,13121117031.445312
2022-11-04 00:00:00,8097.081403309574,8176.87347088978,7988.274038427474,7998.248046875,1533000,12261314255.859375
2022-11-07 00:00:00,8008.223193741372,8010.9433782501155,7788.794976702716,7881.28125,2661200,20973665662.5
2022-11-08 00:00:00,7839.570829223164,7870.399583351499,7616.5157258240315,7798.76806640625,2627900,20494382601.708984
2022-11-09 00:00:00,7807.835230249371,7820.529422935875,7572.0859375,7572.0859375,1717800,13007329223.4375
2022-11-10 00:00:00,7571.179207841565,7714.442239558806,7481.4131310060775,7701.748046875,1705300,13133790944.335938
2022-11-11 00:00:00,7806.928379090222,7832.316764062873,7584.780010579524,7604.72802734375,1791300,13622349315.38086
2022-11-14 00:00:00,7543.977211027993,7646.437478437388,7504.081177700441,7514.9619140625,1381700,10383422876.660156
2022-11-15 00:00:00,7954.72538176643,8104.335513761353,7907.575521986211,7936.5908203125,2601900,20650215655.371094
2022-11-16 00:00:00,7933.870209674994,7939.310577818771,7726.2294921875,7726.2294921875,1403600,10844535715.234375
2022-11-17 00:00:00,7735.296597328723,7822.342485658761,7720.788949273716,7796.9541015625,879500,6857421132.324219
2022-11-18 00:00:00,7850.452162188827,8113.4033203125,7802.395571221397,8113.4033203125,1623200,13169676269.53125
2022-11-21 00:00:00,8079.853355812944,8180.500165654178,8036.330411016735,8108.86865234375,1094900,8878400287.451172
2022-11-22 00:00:00,8116.123241869402,8358.219645129275,8116.123241869402,8350.9658203125,1973400,16479795949.804688
2022-11-24 00:00:00,8454.332645619066,8665.600288951246,8432.57117162777,8595.7822265625,2762900,23749286713.76953
2022-11-25 00:00:00,8606.66186183064,8626.609877102477,8471.559394762291,8584.900390625,1639300,14073227210.351562
2022-11-28 00:00:00,8584.900607865322,8757.17892593613,8574.019871987166,8690.0810546875,2085900,18126640071.972656
2022-11-29 00:00:00,8282.05417292501,8282.96090099299,7682.706919990543,8149.671875,9064400,73871885743.75
2022-11-30 00:00:00,8272.98650811723,8596.688413355925,7985.553723913684,8461.5859375,9578900,81052685536.71875
2022-12-01 00:00:00,8641.118231497763,9112.616812859655,8609.382750059944,8863.2666015625,11389300,100946402305.17578
2022-12-02 00:00:00,8735.417645579866,8771.686765968407,8597.594988103414,8663.7861328125,4426200,38347650181.05469
2022-12-05 00:00:00,8725.443362970305,9112.6162109375,8592.154349735696,9112.6162109375,6275900,57189868078.22266
2022-12-06 00:00:00,8931.271654517639,9021.944463192944,8787.101888723902,8816.1171875,3998000,35246836515.625
2022-12-07 00:00:00,8675.574514295247,8916.764190382468,8669.227417556109,8832.4384765625,2147700,18969428116.11328
2022-12-08 00:00:00,8817.023934046889,8851.479601415645,8656.533062355578,8730.884765625,1850600,16157375347.265625
2022-12-09 00:00:00,8594.87371162927,8774.405834733247,8590.340072156947,8652.904296875,2071000,17920164798.828125
2022-12-12 00:00:00,8577.647707626566,8692.80217473741,8554.979505439393,8686.455078125,1452500,12617076000.976562
2022-12-13 00:00:00,8636.584236275094,8681.013908461706,8562.232539962804,8615.7294921875,1281300,11039334198.339844
2022-12-14 00:00:00,8635.677187223682,8759.898919127256,8627.51663549279,8716.3759765625,1361000,11862987704.101562
2022-12-15 00:00:00,8695.52155652264,8755.365604773995,8615.7294921875,8615.7294921875,1031100,8883678679.394531
2022-12-16 00:00:00,8584.900719572368,8613.916015625,8498.761559416118,8613.916015625,2234300,19246072553.710938
2022-12-19 00:00:00,8547.723757170332,8571.298682139719,8440.729866924643,8515.98828125,1246400,10614327793.75
2022-12-20 00:00:00,8498.762710763755,8511.456904506495,8162.366576581171,8195.0087890625,2349400,19253353649.023438
2022-12-21 00:00:00,8205.887769557263,8293.84037880003,8120.6553441055075,8169.61865234375,1520700,12423539084.61914
2022-12-22 00:00:00,8215.862164171007,8240.343819444444,8110.681719292535,8160.5517578125,1173300,9574775377.441406
2022-12-23 00:00:00,8056.27910013267,8060.812740594197,7626.489984379953,7864.95947265625,4440900,34927498522.11914
2022-12-26 00:00:00,7870.3997595668425,7908.482339048617,7817.809530758676,7857.70556640625,1102100,8659977304.736328
2022-12-27 00:00:00,7899.4138061523445,8004.59424709744,7830.502482774523,7834.12939453125,1067900,8366066780.419922
2022-12-28 00:00:00,7779.726351461746,7864.052056669898,7718.975574591357,7804.2080078125,1208100,9428263694.238281
2022-12-29 00:00:00,7813.274854452146,7907.5745625713325,7712.6280505941695,7894.88037109375,1127500,8901477618.408203
2022-12-30 00:00:00,7890.347188500797,7942.937413383932,7826.876227434943,7892.16064453125,1264700,9981215567.138672
2023-01-04 00:00:00,7756.151444300246,7821.435861413832,7393.460238113655,7417.94189453125,2427000,18003344978.027344
2023-01-05 00:00:00,7446.957061914134,7477.7858139055,7194.8866779847385,7363.5380859375,2802900,20639260901.07422
2023-01-06 00:00:00,7253.823780993003,7483.225958066907,7228.435397759527,7387.11279296875,2547200,18816453706.25
2023-01-10 00:00:00,8066.252714846037,8066.252714846037,7593.847401847523,7744.3642578125,10880100,84259457561.42578
2023-01-11 00:00:00,7777.913475671411,7875.840108379794,7552.13818359375,7552.13818359375,4835600,36519119400.58594
2023-01-12 00:00:00,7498.641459147136,7518.5894775390625,7244.757588704428,7355.37841796875,4234100,31143407759.521484
2023-01-13 00:00:00,7253.82429732815,7446.957369244512,7228.435912287502,7347.21728515625,3154900,23179735812.939453
2023-01-16 00:00:00,7344.497341907875,7550.324613094675,7312.761859566297,7498.64111328125,3637600,27277056913.671875
2023-01-17 00:00:00,7521.308595846142,7525.8422357471945,7327.268808081094,7392.55322265625,2359100,17439772307.56836
2023-01-18 00:00:00,7418.848826978031,7586.593514461646,7408.87481853306,7565.73876953125,2335900,17672809191.748047
2023-01-19 00:00:00,7480.50597202769,7487.759796000566,7375.325524420999,7404.3408203125,1384000,10247607695.3125
2023-01-20 00:00:00,7540.349924192504,7691.77349770623,7437.889661874833,7611.07470703125,3383400,25751310163.76953
2023-01-23 00:00:00,7553.9515973291955,7642.81094873218,7485.946991663646,7504.98828125,1716100,12879310389.453125
2023-01-24 00:00:00,7495.921285065363,7507.708750494884,7336.337137711848,7443.3310546875,2305700,17162088412.792969
2023-01-25 00:00:00,7444.237411080672,7615.609015306525,7443.330683015985,7540.3505859375,1824800,13759631749.21875
2023-01-26 00:00:00,7575.712127040628,7602.913965916895,7493.199882449281,7508.6142578125,938400,7046083619.53125
2023-01-27 00:00:00,7514.962451297705,7514.962451297705,7372.606140383886,7388.92724609375,1210100,8941340860.498047
2023-01-30 00:00:00,7371.699493329172,7446.957926040896,7327.269816186105,7352.658203125,1226700,9019505817.773438
2023-01-31 00:00:00,7344.497145882738,7356.284610437859,7253.824341612581,7264.705078125,1312000,9531293062.5
2023-02-01 00:00:00,7272.866190600059,7296.44112152583,7242.037434774053,7271.052734375,1097600,7980707481.25
2023-02-02 00:00:00,7271.051871160208,7279.212423204159,7128.69557439351,7194.88671875,1495500,10759953087.890625
2023-02-03 00:00:00,7194.888004327702,7258.358976010492,7117.816110141457,7135.0439453125,1282300,9149266851.074219
2023-02-06 00:00:00,7148.643894200055,7172.218823328569,6904.73405052428,6919.24169921875,3208300,22199003143.603516
2023-02-07 00:00:00,6934.655725533105,7009.007421335108,6811.340717861492,6888.41259765625,2934600,20214735609.08203
2023-02-08 00:00:00,6897.480010000101,7090.613077192164,6872.998353595473,6986.33935546875,2408900,16829392873.388672
2023-02-09 00:00:00,6941.909752155172,6946.443392275441,6818.594740883868,6863.0244140625,1730500,11876463748.535156
2023-02-10 00:00:00,6931.935913574871,6935.562825759867,6786.859426175004,6791.39306640625,2072800,14077199548.046875
2023-02-13 00:00:00,6773.2591250628775,6827.662812814387,6738.803456153588,6759.658203125,1182400,7992619859.375
2023-02-14 00:00:00,6845.796391729767,6897.479887667329,6790.485983796586,6803.18017578125,1316900,8959107973.486328
2023-02-15 00:00:00,6776.885284664639,6795.019845233717,6719.761418872041,6779.60546875,1053200,7140280479.6875
2023-02-16 00:00:00,6782.326092387355,6920.148761644424,6782.326092387355,6862.1181640625,1340900,9201414246.191406
2023-02-17 00:00:00,6829.475079918033,6965.484275614755,6786.858865266394,6913.80078125,1456400,10069259457.8125
2023-02-20 00:00:00,6967.298176999984,7095.146829128693,6936.469424004409,7082.45263671875,1659700,11754746641.16211
2023-02-21 00:00:00,7047.090277187379,7081.545942464414,6964.578026129215,6999.03369140625,1120000,7838917734.375
2023-02-22 00:00:00,6959.137750674646,6960.951206766027,6810.434351181402,6877.5322265625,1187400,8166381765.8203125
2023-02-24 00:00:00,6853.95677362882,6854.863501605222,6712.507209309982,6831.28857421875,1031000,7043058520.019531
2023-02-27 00:00:00,6770.537776699274,6795.019431978621,6738.802297633454,6743.3359375,664000,4477575062.5
2023-02-28 00:00:00,6699.813095673902,6764.190782748317,6649.036328403942,6666.26416015625,1383800,9224776344.824219
2023-03-01 00:00:00,6620.020735183668,6668.984044278302,6601.88617625973,6639.96875,976900,6486585471.875
2023-03-02 00:00:00,6651.756766407087,6799.553433926764,6649.036582342307,6775.07177734375,1194600,8093500745.214844
2023-03-03 00:00:00,6780.511610013472,6902.013155311922,6748.776131763877,6856.6767578125,1492100,10230847390.332031
2023-03-06 00:00:00,6894.760382470538,6918.335312763047,6732.4560546875,6732.4560546875,1527700,10285173114.746094
2023-03-07 00:00:00,6763.284748197197,6818.595161072921,6711.601247641192,6727.015625,1242900,8361007720.3125
2023-03-08 00:00:00,6711.600876764552,6794.113127478625,6688.932676018927,6780.51220703125,838500,5685459485.595703
2023-03-09 00:00:00,6755.124460890278,6781.419576241395,6693.466949032488,6750.5908203125,1028800,6945007835.9375
2023-03-10 00:00:00,6687.119557466621,6764.19144389166,6677.145548635145,6680.7724609375,1577900,10541590866.113281
2023-03-13 00:00:00,6610.047383771384,6620.928120205576,6550.203333383331,6611.86083984375,1003000,6631696422.363281
2023-03-14 00:00:00,6579.21875052454,6871.185183499857,6533.882347888622,6752.40380859375,2310300,15600078518.99414
2023-03-15 00:00:00,6811.341818849619,6859.398410489532,6728.829557732031,6769.63232421875,1365500,9243932938.720703
2023-03-16 00:00:00,6641.783224642479,6702.534006355932,6557.457512711864,6687.11962890625,1283200,8580911907.8125
2023-03-17 00:00:00,6770.5380598074335,6811.3408203125,6719.761291178906,6811.3408203125,1096700,7469997477.636719
2023-03-20 00:00:00,6755.124200294212,6790.4865954366915,6553.83056640625,6553.83056640625,1106300,7250502755.615234
2023-03-22 00:00:00,6644.503285201641,6680.7724079374575,6588.286144961125,6632.7158203125,945800,6273222622.8515625
2023-03-23 00:00:00,6548.389798270361,6555.6436224722665,6416.91423461082,6518.4677734375,1589900,10363711912.988281
2023-03-24 00:00:00,6510.306995168829,6526.628099056439,6407.84673187439,6498.51953125,1025100,6661632371.484375
2023-03-27 00:00:00,6600.980215750376,6633.622425608482,6536.602524085778,6621.8349609375,837900,5548435513.769531
2023-03-28 00:00:00,6678.95832530899,6694.372701025832,6584.658615041256,6620.927734375,668200,4424103912.109375
2023-03-29 00:00:00,6620.928311089264,6772.351897497359,6590.099556970251,6758.7509765625,1285600,8689050255.46875
2023-03-30 00:00:00,6778.915646877109,6823.827337885354,6738.58678148195,6791.74755859375,1234900,8387129060.107422
2023-03-31 00:00:00,6846.741084442464,6929.231940881529,6799.996265793659,6877.904296875,1524900,10488116262.304688
2023-04-03 00:00:00,6857.740489621888,6868.739271481746,6777.999321137912,6810.0791015625,974700,6637784100.292969
2023-04-04 00:00:00,6869.655334619259,6875.154725147306,6777.08226073046,6868.73876953125,916500,6295199082.275391
2023-04-05 00:00:00,6868.73823029199,6875.154185404352,6733.086607916327,6745.001953125,923000,6225636802.734375
2023-04-06 00:00:00,6781.66466301636,6892.569031745239,6770.665882646553,6882.48681640625,1189300,8185341570.751953
2023-04-07 00:00:00,6922.815431049422,6969.560245955224,6850.406796195337,6900.81787109375,1190100,8212663348.388672
2023-04-10 00:00:00,6911.817253907793,6987.892155389606,6875.1546507840285,6957.6455078125,679400,4727024358.0078125
2023-04-11 00:00:00,6981.47644958133,7005.3071424642385,6899.902154712912,6931.98193359375,900000,6238783740.234375
2023-04-12 00:00:00,6966.810241876132,7036.469178645319,6951.228637598814,6956.72802734375,904400,6291664827.9296875
2023-04-13 00:00:00,6892.569384028234,6984.225891794566,6859.573041232354,6979.64306640625,1134200,7916311165.917969
2023-04-14 00:00:00,7021.804563002558,7071.299073693348,6978.726007401316,7052.9677734375,1174100,8280889462.792969
2023-04-17 00:00:00,7039.21961054288,7064.883432039651,6973.22692669404,6989.72509765625,705200,4929154138.8671875
2023-04-18 00:00:00,7043.802717716951,7152.873963443472,7008.056679201536,7146.4580078125,909800,6501847495.5078125
2023-04-19 00:00:00,7107.9616730563475,7108.878238068992,7023.637691893075,7067.6328125,989000,6989888851.5625
2023-04-20 00:00:00,7040.13648373942,7052.051829955878,6984.226013031426,6985.142578125,807200,5638407089.0625
2023-04-21 00:00:00,7017.222100167736,7079.54852425491,6975.976672462988,7069.46630859375,744400,5262510720.1171875
2023-04-24 00:00:00,7140.04193637313,7144.624761749492,7075.882381104051,7104.2958984375,773700,5496593736.621094
2023-04-25 00:00:00,7075.882335478905,7126.293414293846,6995.224609375,6995.224609375,804500,5627658198.2421875
2023-04-26 00:00:00,6996.140625448258,7043.802005315061,6934.730770619877,6988.80810546875,1259700,8803801570.458984
2023-04-27 00:00:00,6984.226233242373,7128.126957470596,6982.393102997428,7106.12939453125,1316800,9357351186.71875
2023-04-28 00:00:00,7195.03570755338,7219.782964127131,7121.710502890416,7179.4541015625,1130500,8116372861.816406
2023-05-01 00:00:00,7222.532345090525,7284.858766342575,7195.035394538149,7264.6943359375,960200,6975559501.3671875
2023-05-02 00:00:00,7283.025694199231,7347.185245998116,7276.609739019343,7300.4404296875,1047300,7645751262.011719
2023-05-08 00:00:00,7378.348501223218,7591.908153494648,7343.51903003732,7475.50439453125,2350600,17571920629.785156
2023-05-09 00:00:00,7490.169786785822,7668.8999762649255,7487.420091563066,7579.9931640625,2695200,20429597575.78125
2023-05-10 00:00:00,7470.00580870715,7502.085588253745,7396.6805983149325,7419.5947265625,1722600,12780993875.976562
2023-05-11 00:00:00,7332.519962321857,7364.599737157015,7252.778807731606,7267.44384765625,1239900,9010903626.708984
2023-05-12 00:00:00,7245.446709339712,7333.436954007215,7230.7816685617945,7305.0234375,1649400,12048905657.8125
2023-05-15 00:00:00,7364.600142110462,7514.916809603445,7286.6921132269035,7510.333984375,1980300,14872714389.257812
2023-05-16 00:00:00,7641.403321660857,7744.9751790853115,7579.993459294145,7634.07080078125,1935600,14776507441.992188
2023-05-17 00:00:00,7590.992231290996,7689.981263044126,7531.415499217352,7685.3984375,1346100,10345314836.71875
2023-05-18 00:00:00,7678.982070094855,7697.313371288684,7553.4126569171285,7567.1611328125,1118800,8466139875.390625
2023-05-19 00:00:00,7619.40551479481,7662.484073581693,7565.328175041063,7637.73681640625,1077800,8231952740.722656
2023-05-22 00:00:00,7665.233753388192,7740.39208984375,7644.152756577487,7740.39208984375,1031000,7980344244.628906
2023-05-23 00:00:00,7756.889701570974,7873.293458170231,7754.140006533196,7858.62841796875,1505200,11828807494.726562
2023-05-24 00:00:00,7854.962398373984,7944.785772357724,7800.88506097561,7891.625,1479200,11673291700.0
2023-05-25 00:00:00,8006.19650528169,8241.753746478873,7965.867639084508,8134.515625,2664200,21671976528.125
2023-05-26 00:00:00,8151.929012163027,8285.747500556978,8134.514277372034,8228.00390625,1553700,12783849669.140625
2023-05-29 00:00:00,8304.079050682773,8353.573561580883,8103.351312040441,8180.3427734375,1491900,12204253383.691406
2023-05-30 00:00:00,8195.007936170921,8239.919622657038,8104.267998168357,8178.509765625,1001000,8186688275.390625
2023-05-31 00:00:00,8097.852473484808,8184.9261559953975,8075.854911587396,8128.09912109375,2219000,18036251949.70703
2023-06-01 00:00:00,8204.173152732217,8305.91186571996,8140.930168983081,8294.9130859375,1239400,10280715278.710938
2023-06-02 00:00:00,8478.225945723683,8725.698486842106,8478.225945723683,8707.3671875,2893400,25193896220.3125
2023-06-05 00:00:00,8844.85216537787,8990.585998983577,8799.023915816326,8982.3369140625,2672700,24007091870.214844
2023-06-06 00:00:00,8937.425229492188,8987.836304009885,8846.685295360332,8982.3369140625,1794700,16120600059.667969
2023-06-07 00:00:00,8995.168459778404,9064.82739629187,8772.443175926137,8797.1904296875,2541100,22354540600.878906
2023-06-08 00:00:00,9165.650776322174,9715.589822901504,9138.153823993207,9445.203125,7177700,67794834470.3125
2023-06-09 00:00:00,9706.423828125,9843.908584897308,9555.19059567546,9706.423828125,3662100,35545894700.97656
2023-06-12 00:00:00,10256.36352912228,10311.35743544465,9788.915325382122,9894.3203125,4254000,42090438609.375
2023-06-13 00:00:00,9761.417426575083,9820.994152652771,9463.533796186643,9674.34375,3666800,35473883662.5
2023-06-14 00:00:00,9440.61957947531,9559.773030478396,9248.140927854938,9280.220703125,3576300,33188853300.585938
2023-06-15 00:00:00,9099.657819552325,9225.227231445826,8678.954461456584,8732.115234375,4709700,41125643119.33594
2023-06-16 00:00:00,8816.439268764603,8863.184086594627,8762.361930490655,8826.521484375,2730800,24103464869.53125
2023-06-19 00:00:00,8817.355655966117,8870.516428112274,8651.457384268626,8777.943359375,1769700,15534326363.085938
2023-06-20 00:00:00,8798.10796765479,8849.435610762266,8753.196279935748,8826.521484375,1339000,11818712267.578125
2023-06-21 00:00:00,8772.444520728459,8824.688731122516,8716.534049955872,8762.3623046875,1051600,9214500199.609375
2023-06-22 00:00:00,8743.114702249775,8821.022737650888,8652.374755135535,8656.041015625,1253900,10853809829.492188
2023-06-23 00:00:00,8716.533252573758,8947.5076352918,8707.367602465898,8869.599609375,2372100,21039577233.398438
2023-06-26 00:00:00,8875.098451407068,8913.594179482985,8716.532714332461,8753.1953125,1575600,13791534534.375
2023-06-27 00:00:00,8714.699028842557,8797.189869460546,8561.632691251401,8578.130859375,1419500,12176656754.882812
2023-06-28 00:00:00,8579.048744853018,8813.689394284896,8567.133399374055,8792.6083984375,1471500,12938323258.300781
2023-06-29 00:00:00,8782.527071757773,8950.258490473247,8777.944246109808,8918.1787109375,1443900,12876958240.722656
2023-06-30 00:00:00,8883.349602144179,8926.42816501054,8810.940953921998,8912.6796875,1419100,12647983744.53125
2023-07-03 00:00:00,8999.751159667969,9080.408874511719,8996.084899902344,9033.6640625,1369200,12368892834.375
2023-07-04 00:00:00,8990.586612820845,9022.666389704189,8817.355817650783,8958.5068359375,1415900,12684349829.003906
2023-07-05 00:00:00,8864.101575123712,9179.399987060695,8848.51996755706,9075.828125,1699000,15419831984.375
2023-07-06 00:00:00,9117.07233577636,9174.815932554677,9002.501707247955,9020.8330078125,1839000,16589311901.367188
2023-07-07 00:00:00,9063.911348901154,9089.575169082085,8289.413918440898,8599.212890625,12279600,105594894611.71875
2023-07-10 00:00:00,8652.373607656536,8808.189657794419,8427.815182457824,8475.4765625,5598500,47449955535.15625
2023-07-11 00:00:00,8408.56715207892,8500.22365035752,8093.268798000529,8111.60009765625,4789900,38853753307.76367
2023-07-12 00:00:00,7983.281391580844,8050.190638605573,7765.138914979668,7776.1376953125,4979700,38722832881.34766
2023-07-13 00:00:00,7781.638678393659,7981.4498953418115,7772.4730262400735,7964.03515625,2627200,20923113162.5
2023-07-14 00:00:00,8038.275759905835,8111.600966381601,7950.285512134916,8018.111328125,2125900,17045702872.460938
2023-07-18 00:00:00,8065.772440085631,8266.500186037763,8044.691443935408,8241.7529296875,2150000,17719768798.828125
2023-07-19 00:00:00,8315.077389705883,8436.063965482026,8289.413570601851,8414.06640625,2069500,17412910427.734375
2023-07-20 00:00:00,8304.080012555036,8382.904613115712,8230.75480273115,8326.994140625,1477000,12298970345.703125
2023-07-21 00:00:00,8372.822221294771,8405.818565024012,8253.66875782807,8278.416015625,1367300,11319078218.164062
2023-07-24 00:00:00,8359.073243903778,8388.403325461335,8295.830255545296,8344.408203125,1051900,8777482988.867188
2023-07-25 00:00:00,8322.410530631532,8336.15900617773,8189.5086003516235,8243.5859375,1149300,9474353317.96875
2023-07-26 00:00:00,8184.9251098017885,8225.25396812556,8140.929991630402,8187.6748046875,1145600,9379800256.25
2023-07-27 00:00:00,8142.763909464445,8216.08911351185,8112.51726279489,8197.7578125,1287900,10557892286.71875
2023-07-28 00:00:00,8120.7671289780965,8245.419987842772,8016.27870316506,8222.505859375,1926800,15843124289.84375
2023-07-31 00:00:00,8333.408447265625,8399.401123046875,8197.7568359375,8227.0869140625,1581300,13009492537.207031
2023-08-01 00:00:00,8312.328179075708,8397.5687260659,8287.580923497911,8392.0693359375,1368100,11481190058.496094
2023-08-02 00:00:00,8349.90655562139,8412.232971184756,8188.591127104446,8411.31640625,2554300,21485025496.484375
2023-08-03 00:00:00,8414.066346642057,8445.229555333324,8272.915342569848,8348.990234375,1773900,14810273776.757812
2023-08-04 00:00:00,8248.16845752002,8261.916932557557,8132.681267204704,8240.8359375,1054700,8691609663.28125
2023-08-07 00:00:00,8195.007738045388,8404.901124916252,8182.175827931012,8379.2373046875,815800,6835781793.1640625
2023-08-08 00:00:00,8423.232352771189,8550.634887813103,8389.319447760032,8548.8017578125,1160100,9917464919.238281
2023-08-09 00:00:00,8597.380966344628,8704.619087140185,8584.549054454563,8668.873046875,1363100,11816540850.195312
2023-08-10 00:00:00,8601.96281871318,8721.116272781665,8598.296558587997,8712.8671875,1103500,9614648941.40625
2023-08-14 00:00:00,8734.863891601562,8811.855346679688,8730.281066894531,8755.0283203125,1107700,9697944870.410156
2023-08-15 00:00:00,8799.024973780806,8808.190624795163,8682.621205898498,8739.4482421875,853500,7459119074.707031
2023-08-16 00:00:00,8682.621049797379,8689.953570477035,8526.804985354695,8573.5498046875,1027100,8805893004.394531
2023-08-17 00:00:00,8526.80309737877,8526.80309737877,8378.319586492458,8477.30859375,1026900,8705348194.921875
2023-08-18 00:00:00,8394.819629054182,8558.884779572873,8378.321457493643,8470.89453125,774700,6562401993.359375
2023-08-21 00:00:00,8563.466674713249,8629.459353786284,8473.643305974954,8565.2998046875,951400,8149026234.1796875
2023-08-22 00:00:00,8702.783992475812,8744.0294142411,8389.318787059621,8419.5654296875,5371100,45222327879.39453
2023-08-23 00:00:00,8401.236198836617,8478.227671747622,8291.248380392322,8432.3994140625,2225500,18766304895.996094
2023-08-24 00:00:00,8441.563781519659,8521.304937762028,8423.232481234058,8444.3134765625,1234500,10424504986.816406
2023-08-25 00:00:00,8367.322574690934,8385.653876201923,8312.328670157967,8340.7421875,1291800,10774570757.8125
2023-08-28 00:00:00,8358.155884636306,8377.40374882946,8292.163207402638,8319.66015625,1076400,8955282192.1875
2023-08-29 00:00:00,8382.903812347286,8487.392226365171,8319.660824915407,8346.2412109375,1523200,12712994612.5
2023-08-30 00:00:00,8340.740722441433,8415.89904543486,8315.993469748475,8333.408203125,1061700,8847579489.257812
2023-08-31 00:00:00,8357.24045821013,8501.141176782074,8332.4932008761,8485.5595703125,1666600,14142033579.882812
2023-09-01 00:00:00,8426.898501954623,8431.481326895866,8342.574523035782,8359.9892578125,1122400,9383251942.96875
2023-09-04 00:00:00,8359.990487964667,8373.738964811446,8290.331538607654,8312.3291015625,928500,7717997570.800781
2023-09-05 00:00:00,8292.163328067523,8356.322876311662,8286.663938218026,8347.1572265625,858500,7166034479.003906
2023-09-06 00:00:00,8331.576111451339,8358.15649728545,8297.663205387125,8325.16015625,578900,4819435214.453125
2023-09-07 00:00:00,8329.74391396176,8351.741477114829,8231.671444904332,8245.419921875,973500,8026916293.9453125
2023-09-08 00:00:00,8229.837102611646,8255.500922510646,8139.09716796875,8139.09716796875,1568800,12768615637.109375
2023-09-11 00:00:00,8151.012567254755,8277.4985376001,8096.018667104605,8240.8359375,1259500,10379332863.28125
2023-09-12 00:00:00,8249.085337721457,8259.167553134228,8143.680358406127,8148.26318359375,1305900,10640816891.455078
2023-09-13 00:00:00,8148.263302379659,8197.757815127523,8075.854663359638,8175.76025390625,1303800,10659556219.042969
2023-09-14 00:00:00,8179.426509748187,8241.752933175223,8131.765127127512,8212.4228515625,1011800,8309329441.2109375
2023-09-15 00:00:00,8249.084533806914,8273.831787408335,8197.756896707671,8233.5029296875,1358100,11181920328.808594
2023-09-19 00:00:00,8198.674500864412,8295.830397688518,8170.260983868683,8188.59228515625,960100,7861867452.978516
2023-09-20 00:00:00,8195.007696266213,8229.837166399097,8100.6015009060275,8108.8505859375,1093900,8870271655.957031
2023-09-21 00:00:00,8052.023325996367,8067.604930611272,7773.387572882776,7782.55322265625,1857000,14452201334.472656
2023-09-22 00:00:00,7790.803042120607,7836.631295309551,7728.476617783642,7771.55517578125,1261000,9799931076.660156
2023-09-25 00:00:00,7808.21835977037,8041.942468438223,7790.803622261784,7923.70556640625,2497000,19785492799.316406
2023-09-26 00:00:00,7905.373454719436,7905.373454719436,7510.333923243022,7511.25048828125,3255300,24451373714.501953
2023-09-27 00:00:00,7492.003363958912,7759.640381609512,7472.755496251163,7755.97412109375,2832800,21971123490.234375
2023-09-28 00:00:00,7744.86963283785,7817.96935816571,7627.354884525973,7699.529296875,1657700,12763509715.429688
2023-09-29 00:00:00,7741.168723633753,7741.168723633753,7643.085543535119,7683.79931640625,1886800,14497792550.195312
2023-10-02 00:00:00,7833.6997931916,7881.816068793533,7657.890324646077,7671.77001953125,1225400,9400986981.933594
2023-10-03 00:00:00,7701.380131272074,7726.363582376765,7478.3796973376075,7532.0478515625,1995900,15033214306.933594
2023-10-04 00:00:00,7412.682407417208,7536.6743488220145,7321.076420856941,7512.6162109375,1730100,12997577306.542969
2023-10-05 00:00:00,7513.54119274663,7594.968732766544,7433.964278636259,7550.5537109375,1178100,8895307326.855469
2023-10-06 00:00:00,7548.703062433389,7653.26342600963,7532.047429297351,7596.8193359375,975700,7412216626.074219
2023-10-10 00:00:00,7596.819185341657,7669.91890710073,7552.404164526018,7626.42919921875,1262400,9627604221.09375
2023-10-11 00:00:00,7633.832171402061,7668.068752049561,7547.778063288074,7627.35498046875,1067600,8142964177.1484375
2023-10-12 00:00:00,7660.665986769646,7829.07294529025,7637.533162797036,7797.6123046875,1090100,8500177173.339844
2023-10-13 00:00:00,7751.3466280897,7759.674444689056,7596.819364523867,7618.1015625,1220800,9300178387.5
2023-10-16 00:00:00,7573.6867633104475,7679.172443337006,7557.956442604732,7675.47119140625,1042000,7997840981.4453125
2023-10-17 00:00:00,7741.168470398239,7753.197539262114,7595.894331042212,7605.1474609375,760600,5784475158.7890625
2023-10-18 00:00:00,7604.221683761846,7790.209583303843,7552.4041595113395,7762.4501953125,1122700,8714902834.277344
2023-10-19 00:00:00,7650.488126753357,7660.666570076324,7545.00244140625,7545.00244140625,1226300,9252436493.896484
2023-10-20 00:00:00,7530.196860263992,7540.375302812887,7443.217442118893,7481.1552734375,738400,5524085053.90625
2023-10-23 00:00:00,7431.18870695762,7557.031275024639,7389.549621935444,7510.765625,878400,6597456525.0
2023-10-24 00:00:00,7495.0354056104925,7611.624845253322,7445.993815919461,7573.68701171875,1030300,7803169728.173828
2023-10-25 00:00:00,7595.8937847585985,7613.4747302952555,7545.001573994593,7562.58251953125,494200,3737428281.1523438
2023-10-26 00:00:00,7606.072891872696,7609.774143888206,7477.45438433373,7532.0478515625,1131900,8525524963.183594
2023-10-27 00:00:00,7456.17172634778,7491.333618331053,7370.117622283454,7440.44140625,1209200,8996981748.4375
2023-10-30 00:00:00,7356.238512693301,7358.089138734231,7167.47465651853,7187.83154296875,1422100,10221815237.25586
2023-10-31 00:00:00,7189.681727842176,7411.756839126876,7189.681727842176,7366.41650390625,1357500,9999910404.052734
2023-11-01 00:00:00,7457.097176365521,7483.931252319683,7369.192444791538,7479.3046875,1062100,7943769508.59375
2023-11-02 00:00:00,7479.304357651711,7518.167500423129,7421.934956417713,7517.2421875,781400,5873973045.3125
2023-11-06 00:00:00,7612.549437460804,7638.458199372668,7533.8978387997895,7561.6572265625,940500,7111738621.582031
2023-11-07 00:00:00,7538.524038194949,7649.561583866164,7031.452579629731,7170.24951171875,3799000,27239777895.01953
2023-11-08 00:00:00,7320.151644384091,7513.542074630112,7264.632860581406,7442.29296875,2409300,17930716449.609375
2023-11-09 00:00:00,7402.504173948321,7453.396390144216,7315.524749904428,7412.6826171875,990500,7342262132.324219
2023-11-10 00:00:00,7309.972495454582,7362.715334978748,7204.48681640625,7204.48681640625,1586300,11428477436.865234
2023-11-13 00:00:00,7203.562089947234,7370.118438847748,7176.728011513262,7334.95654296875,1235400,9061605313.183594
2023-11-14 00:00:00,7320.1505623248695,7359.939018168628,7222.067392105373,7244.27490234375,958200,6941464211.425781
2023-11-15 00:00:00,7309.972476223685,7334.95592645888,7250.752446036557,7318.30029296875,1159700,8487032849.755859
2023-11-16 00:00:00,7297.0183217633785,7306.271451768151,7149.8935546875,7149.8935546875,1142300,8167323407.519531
2023-11-17 00:00:00,7122.133862890675,7210.963907172539,7113.8060462392505,7209.11328125,733900,5290768237.109375
2023-11-20 00:00:00,7172.100697177847,7235.021977968467,7138.789430876931,7144.34130859375,745000,5322534274.902344
2023-11-21 00:00:00,7135.088414781516,7230.395652068832,7117.507468097448,7178.578125,879300,6312123745.3125
2023-11-22 00:00:00,7143.416416396104,7185.055501724838,7124.91015625,7124.91015625,787000,5607304292.96875
2023-11-24 00:00:00,7189.682008719738,7247.051414709523,7182.279504721057,7195.23388671875,831300,5981397930.029297
2023-11-27 00:00:00,7235.9478801027035,7241.4997582715805,7100.85217799337,7117.5078125,690000,4911080390.625
2023-11-28 00:00:00,7114.731926904966,7117.5078660102745,7017.574058219178,7092.5244140625,1037000,7354947817.3828125
2023-11-29 00:00:00,7035.153948084312,7076.793028403106,7019.423628852767,7028.6767578125,635500,4466724079.589844
2023-11-30 00:00:00,6949.100278152291,7123.984426297535,6942.623087480245,7099.0009765625,1523300,10813908187.597656
2023-12-01 00:00:00,7186.905433981336,7196.158563161175,7113.805713460603,7134.16259765625,1041200,7428090096.6796875
2023-12-04 00:00:00,7059.212629082863,7061.063255017869,6895.432233834774,6958.353515625,1754200,12206343737.109375
2023-12-05 00:00:00,6955.577502582775,6955.577502582775,6866.747458649298,6871.3740234375,1255800,8629071498.632812
2023-12-06 00:00:00,6876.000602254649,6963.905333409835,6849.166526428328,6961.12939453125,1503800,10468146383.496094
2023-12-07 00:00:00,6990.739655138117,7012.021853955876,6888.9552260097,6904.685546875,1294300,8936734503.320312
2023-12-08 00:00:00,6879.701940189265,6879.701940189265,6777.917513367365,6866.74755859375,1581800,10861821288.183594
2023-12-11 00:00:00,6902.834734247011,7012.021664359765,6880.627223037637,7003.69384765625,1137000,7963199904.785156
2023-12-12 00:00:00,7040.7064669249485,7076.793673155737,6931.519535252305,6999.0673828125,1544100,10807259945.800781
2023-12-13 00:00:00,6951.876302963238,7049.959477209758,6841.764060177051,6846.390625,1619300,11086360339.0625
2023-12-14 00:00:00,6899.133435296909,6968.531907352604,6767.738994871458,6825.1083984375,1443600,9852726483.984375
2023-12-15 00:00:00,6775.141458607951,6801.050221355974,6668.73046875,6668.73046875,1745700,11641602779.296875
2023-12-18 00:00:00,6615.987265091554,6642.821339313604,6566.02036826429,6572.49755859375,1021100,6711177257.080078
2023-12-19 00:00:00,6514.202786377709,6588.227818041092,6490.14465108711,6575.2734375,991400,6518726085.9375
2023-12-20 00:00:00,6634.493695163322,6736.278117264851,6541.96240234375,6541.96240234375,1513500,9901260095.947266
2023-12-21 00:00:00,6450.356966286447,6479.966982485151,6350.42316161582,6426.298828125,1613000,10365620009.765625
2023-12-22 00:00:00,6444.805302833667,6507.726589350924,6441.104050685593,6461.4609375,903500,5837929957.03125
2023-12-25 00:00:00,6514.2026956926165,6532.708953350834,6463.310487132518,6466.08642578125,537000,3472288410.6445312
2023-12-26 00:00:00,6479.041731585219,6516.979565203471,6474.415166509823,6491.07080078125,743700,4827409354.541016
2023-12-27 00:00:00,6491.070392452486,6536.410727339182,6464.236316703216,6487.369140625,1363600,8846176560.15625
2023-12-28 00:00:00,6477.190448531498,6529.933285040969,6449.4310608949345,6521.60546875,787400,5135112146.09375
2023-12-29 00:00:00,6521.6058769896845,6526.232441885392,6473.489602074324,6525.30712890625,832600,5432970715.527344
2024-01-04 00:00:00,6568.796178504151,6646.5224609375,6482.742080095799,6646.5224609375,1179700,7840902547.167969
2024-01-05 00:00:00,6655.776005415483,6775.141375177556,6655.776005415483,6717.77197265625,1190300,7996163979.052734
2024-01-09 00:00:00,6743.680634893324,6752.0084512646245,6670.580913411906,6722.3984375,1155300,7766386914.84375
2024-01-10 00:00:00,6848.241648611305,7049.034573587478,6842.689770501365,7008.32080078125,2753300,19296009660.791016
2024-01-11 00:00:00,7018.498769398851,7116.581942708843,7016.648143487342,7098.07568359375,1585100,11251159766.064453
2024-01-12 00:00:00,7234.096616228566,7234.096616228566,6888.02957421405,6920.41552734375,2327200,16105191015.234375
2024-01-15 00:00:00,6914.863618655272,6960.203952833528,6908.386428058378,6944.4736328125,186900,1297922121.9726562
2024-01-16 00:00:00,6914.864122978275,6987.963850760329,6871.374411513003,6876.0009765625,787200,5412787968.75
2024-01-17 00:00:00,6847.315511067708,6873.224272460937,6652.99980061849,6662.2529296875,2036200,13565679415.429688
2024-01-18 00:00:00,6628.942109706038,6636.3446134578035,6540.112064684851,6551.2158203125,1499100,9820927636.230469
2024-01-19 00:00:00,6562.319368921013,6597.4812606326595,6468.862762003216,6492.9208984375,1959900,12725475668.847656
2024-01-22 00:00:00,6477.190738024326,6513.277943564747,6450.356662109653,6485.5185546875,1670200,10832113090.039062
2024-01-23 00:00:00,6529.008223684211,6585.452314053363,6474.414759228802,6487.369140625,1378900,8945433308.007812
2024-01-24 00:00:00,6470.713914449506,6512.353000128074,6441.103897966968,6491.07080078125,1255000,8146293854.980469
2024-01-25 00:00:00,6474.414491914945,6510.501695742968,6381.883200048217,6431.85009765625,1303900,8386489342.333984
2024-01-26 00:00:00,6466.086595468637,6508.650989199541,6428.148766273701,6435.55126953125,1026000,6602875602.5390625
2024-01-29 00:00:00,6487.369029737099,6560.468752080449,6471.638709739162,6515.12841796875,1125500,7332777034.423828
2024-01-30 00:00:00,6561.395002209405,6616.913786602659,6494.7724609375,6494.7724609375,1306400,8484770742.96875
2024-01-31 00:00:00,6470.713279128859,6504.949857325308,6418.895755372071,6475.33984375,1498800,9705239357.8125
2024-02-01 00:00:00,6449.431384020317,6476.265460080085,6398.539170803513,6416.1201171875,1356900,8706033387.011719
2024-02-02 00:00:00,6421.672238338694,6433.701307373047,6283.800600944967,6292.12841796875,1904500,11983358572.021484
2024-02-05 00:00:00,6304.157414495002,6343.945873150996,6245.8626959990115,6318.037109375,1398600,8836406701.171875
2024-02-06 00:00:00,6343.020204549071,6349.497395129939,5990.475974361881,5995.1025390625,4418800,26491159099.609375
2024-02-07 00:00:00,5902.571379814973,6102.438979445014,5897.944815008722,6033.9658203125,2541000,15332307149.414062
2024-02-08 00:00:00,6015.459452680425,6040.442902183943,5904.421899331455,6016.384765625,1759600,10586430633.59375
2024-02-09 00:00:00,6049.696391804089,6133.899874773525,6008.982619818867,6112.61767578125,1725300,10546099276.02539
2024-02-13 00:00:00,6107.065179923535,6194.044593092142,6075.6045411178675,6186.64208984375,1701500,10526571515.86914
2024-02-14 00:00:00,6164.434773551934,6169.0613382273705,6007.131574587084,6064.5009765625,1459100,8848713374.902344
2024-02-15 00:00:00,6008.982394903273,6033.965844959077,5794.309787016369,5829.4716796875,2284900,13319759840.917969
2024-02-16 00:00:00,5884.989877299868,5985.8489805429,5862.782368328925,5946.98583984375,1519000,9033471490.722656
2024-02-19 00:00:00,5934.957418804342,5940.5092966516795,5808.189541290123,5826.69580078125,1229100,7161591808.740234
2024-02-20 00:00:00,5797.0853893910535,5837.799157488932,5774.877879519484,5799.861328125,1312500,7612317993.1640625
2024-02-21 00:00:00,5799.862246074843,5803.563498305905,5705.480314182751,5735.09033203125,1541900,8842935782.958984
2024-02-22 00:00:00,5709.180883824738,5727.687142767444,5673.093678886462,5699.00244140625,1534500,8745119246.33789
2024-02-26 00:00:00,5682.347157638068,5813.74160420778,5681.421844634056,5773.02783203125,1465300,8459217682.275391
2024-02-27 00:00:00,5754.521512066695,5798.93653579707,5723.986183252063,5775.8037109375,1246800,7201272066.796875
2024-02-28 00:00:00,5736.940548433542,5893.31844402794,5729.538044500079,5844.27685546875,1584800,9262009960.546875
2024-02-29 00:00:00,5811.891166762647,5820.218984068946,5748.969880448388,5786.90771484375,1387200,8027598382.03125
2024-03-01 00:00:00,5785.981795702056,5855.380265984745,5747.11865234375,5747.11865234375,1329900,7643093095.751953
2024-03-04 00:00:00,5781.355140099159,5818.367657001202,5728.612303513747,5773.95263671875,1209800,6985327899.902344
2024-03-05 00:00:00,5718.434339873236,5736.015286872846,5614.799283875534,5638.857421875,1785800,10069871583.984375
2024-03-06 00:00:00,5639.782286435464,5682.34668105007,5602.769769379283,5637.00634765625,1419700,8002857911.767578
2024-03-07 00:00:00,5644.409783000412,5678.6463669300865,5580.563180536965,5616.650390625,2069900,11625904643.554688
2024-03-08 00:00:00,5709.180994233631,5906.27265578497,5666.616597842262,5829.4716796875,3246900,18927711596.777344
2024-03-11 00:00:00,5906.273170064099,6034.891683402483,5840.575943826507,5896.0947265625,2730200,16097517822.460938
2024-03-12 00:00:00,5908.123181763072,6001.579789650006,5835.948771711777,5992.32666015625,1482700,8884822739.013672
2024-03-13 00:00:00,5967.342972196868,6059.874263438873,5951.612652685727,6003.43017578125,1638600,9837220686.035156
2024-03-14 00:00:00,5920.152915026559,5920.152915026559,5756.372504592095,5781.35595703125,1605500,9281966989.013672
2024-03-15 00:00:00,5761.924177129578,5858.156731236127,5723.061030278857,5835.94921875,1181600,6895757596.875
2024-03-18 00:00:00,5903.497190432566,5984.924737886808,5876.663112294235,5965.4931640625,1175700,7013630312.988281
2024-03-19 00:00:00,5910.899107980352,5919.2269245069365,5797.08561545036,5857.23095703125,1349200,7902576007.2265625
2024-03-21 00:00:00,5903.496650608791,5935.882604021222,5861.857567649952,5922.92822265625,1038800,6152737837.6953125
2024-03-22 00:00:00,5934.03198954392,5959.940752323778,5867.409456681427,5899.79541015625,949300,5600675782.861328
2024-03-25 00:00:00,5838.724869450482,5855.380502992496,5774.878274206095,5826.69580078125,1395800,8132901998.730469
2024-03-26 00:00:00,5810.964816089693,5897.944225757277,5771.1763627311175,5880.36328125,998900,5873894881.640625
2024-03-27 00:00:00,5922.928731002808,5946.061556854248,5840.57587097168,5922.00341796875,1230900,7289394007.177734
2024-03-28 00:00:00,5945.428356892453,5950.113485621288,5829.237164417328,5838.607421875,1040200,6073319440.234375
2024-03-29 00:00:00,5856.411207509309,5872.340645993735,5817.993149988049,5818.93017578125,385100,2240870010.6933594
2024-04-01 00:00:00,5856.411095060865,5887.332945642786,5696.1796875,5696.1796875,1099500,6262949566.40625
2024-04-02 00:00:00,5717.731125404095,5742.093794899425,5666.194709163973,5706.48681640625,1115900,6367868638.427734
2024-04-03 00:00:00,5669.005940755208,5669.005940755208,5514.3966878255205,5565.93310546875,1885100,10492340497.11914
2024-04-04 00:00:00,5638.08406513604,5710.235049516209,5619.34354971262,5665.2578125,1109400,6285037017.1875
2024-04-05 00:00:00,5634.336121165425,5719.60546875,5608.099398831709,5719.60546875,894500,5116187091.796875
2024-04-08 00:00:00,5753.3381855567695,5795.504344897169,5685.87233061213,5733.66064453125,787000,4512390927.246094
2024-04-09 00:00:00,5756.149597347191,5756.149597347191,5683.998609394117,5743.96826171875,765600,4397582101.171875
2024-04-10 00:00:00,5721.479757991649,5743.968378068918,5639.021484375,5639.021484375,622900,3512546482.6171875
2024-04-11 00:00:00,5575.303443605765,5625.902836203196,5550.00374730705,5593.10693359375,754600,4220558492.0898438
2024-04-12 00:00:00,5643.7062898158165,5664.320857037458,5594.980949110118,5660.57275390625,776900,4397698972.509766
2024-04-15 00:00:00,5594.980869234838,5646.517286553196,5554.688761149576,5633.39892578125,648000,3650442503.90625
2024-04-16 00:00:00,5575.3032555740865,5670.8798828125,5554.688688914822,5670.8798828125,797900,4524795058.496094
2024-04-17 00:00:00,5656.824623831565,5659.635701166581,5529.389117977484,5532.2001953125,1041800,5763446163.4765625
2024-04-18 00:00:00,5505.026104686024,5540.633082043993,5445.056458609445,5457.23779296875,1118500,6103920471.435547
2024-04-19 00:00:00,5434.749555822106,5547.192650080495,5430.0644268946735,5529.38916015625,1410700,7800309288.232422
2024-04-22 00:00:00,5593.106673182427,5713.982994315034,5550.003488902582,5708.36083984375,1002400,5722060905.859375
2024-04-23 00:00:00,5762.708361395475,5772.078618893678,5662.446606164691,5706.48681640625,641600,3661281941.40625
2024-04-24 00:00:00,5731.787016273583,5784.260462883248,5666.195208011502,5705.55029296875,1168700,6668076627.392578
2024-04-25 00:00:00,5856.4110064319875,5934.184144597405,5787.071100115833,5864.84423828125,2587700,15176457435.40039
2024-04-26 00:00:00,5809.559983473558,5854.537222055289,5749.59033203125,5847.041015625,1179200,6894830765.625
2024-04-30 00:00:00,5911.695058071074,6104.722349553503,5872.339979225142,6092.541015625,2085800,12707822050.390625
2024-05-01 00:00:00,6064.4310438616585,6190.929528243816,6007.272469437128,6136.58203125,1404000,8615761171.875
2024-05-02 00:00:00,6128.148367372517,6141.266727791969,6064.430616763751,6132.83349609375,995400,6104622462.011719
2024-05-07 00:00:00,6184.370187523692,6204.047729029449,6104.722995714675,6179.68505859375,1653700,10219345181.396484
2024-05-08 00:00:00,6144.077385043377,6229.346721941188,6114.092563277113,6193.73974609375,1097400,6797009997.363281
2024-05-09 00:00:00,6221.850875738152,6335.2309895882,6221.850875738152,6267.76513671875,1424900,8930938543.310547
2024-05-10 00:00:00,6306.183682737515,6378.334669895135,6280.883985941985,6365.21630859375,1269100,8078096017.236328
2024-05-13 00:00:00,6348.349275143452,6358.656558099405,6277.1353201750535,6338.0419921875,985000,6242971362.3046875
2024-05-14 00:00:00,6365.216038245536,6452.359434617807,6323.986904478011,6415.8154296875,1234200,7918399403.3203125
2024-05-15 00:00:00,6418.626755934495,6534.817955603967,6263.08047250601,6431.7451171875,3523300,22660967571.38672
2024-05-16 00:00:00,6502.959049801558,6631.3315843581595,6398.012160237037,6433.619140625,2516400,16189559205.46875
2024-05-17 00:00:00,6365.215527660675,6372.711733198919,6227.472750895458,6352.09716796875,1426000,9058090561.523438
2024-05-20 00:00:00,6271.513227836213,6289.31671675432,6203.110349361383,6235.90625,1468900,9159922690.625
2024-05-21 00:00:00,6212.480830603254,6249.024835489155,6128.148511635788,6220.9140625,1202100,7478160794.53125
2024-05-22 00:00:00,6220.914713196051,6284.63247196956,6160.945057879806,6177.8115234375,933000,5763898151.3671875
2024-05-23 00:00:00,6192.8037615304975,6237.78100174134,6118.778720350151,6221.8515625,1130200,7031936635.9375
2024-05-24 00:00:00,6230.284034011634,6338.0419921875,6206.858390929923,6338.0419921875,1129600,7159452234.375
2024-05-27 00:00:00,6382.082452492488,6395.200813134816,6264.954232471704,6353.9716796875,875500,5562902205.566406
2024-05-28 00:00:00,6371.7753282757985,6399.886101782898,6287.443007754501,6310.86865234375,860300,5429240301.611328
2024-05-29 00:00:00,6284.631924276412,6324.924032930638,6245.276841404844,6246.2138671875,879300,5492295853.417969
2024-05-30 00:00:00,6182.496418280656,6210.607193144012,6026.9501307034225,6160.94482421875,1299700,8007379988.037109
2024-05-31 00:00:00,6259.3319838173775,6336.168094995975,6236.843365911447,6327.73486328125,1967300,12448552796.533203
2024-06-03 00:00:00,6362.405352633726,6395.201256513281,6308.994880601307,6389.5791015625,910300,5816433856.152344
2024-06-04 00:00:00,6340.853180873677,6526.38427734375,6340.853180873677,6526.38427734375,1438100,9385593229.248047
2024-06-05 00:00:00,6559.18051509534,6662.253351761123,6557.306463519598,6634.142578125,2006600,13312070497.265625
2024-06-06 00:00:00,6615.40141373102,6649.134338786872,6416.75196617989,6448.61083984375,1641700,10586684415.771484
2024-06-07 00:00:00,6382.082636190644,6406.445306656208,6333.357295259516,6341.79052734375,1146200,7268960302.441406
2024-06-10 00:00:00,6302.434968071295,6492.651188487363,6289.316608042601,6439.24072265625,893600,5754105509.765625
2024-06-11 00:00:00,6245.277081066584,6282.75811381117,6115.967518097764,6230.28466796875,2969200,18498961236.132812
2024-06-12 00:00:00,6109.408291835979,6186.244408389744,6099.101007908035,6168.44091796875,1142200,7045593216.503906
2024-06-13 00:00:00,6174.999593225917,6199.3622623342435,5941.68018522694,6006.3349609375,1660400,9972918569.140625
2024-06-14 00:00:00,5912.633087080153,5939.806836608731,5828.300760956981,5862.03369140625,2535100,14860841611.083984
2024-06-17 00:00:00,5865.781102941177,5973.5390625,5837.6703308823535,5973.5390625,1078200,6440669817.1875
2024-06-18 00:00:00,5955.736212706017,5986.658065289293,5872.340913314759,5898.57763671875,955500,5636090931.884766
2024-06-19 00:00:00,5872.340160836721,5958.54652668912,5868.592057973574,5949.17626953125,909600,5411370734.765625
2024-06-20 00:00:00,5949.176667007412,5996.027955926986,5858.28516650344,5890.14404296875,850600,5010156522.949219
2024-06-21 00:00:00,5860.159141460167,5985.720594123369,5860.159141460167,5960.4208984375,1250800,7455294459.765625
2024-06-24 00:00:00,5999.776133619153,6080.3603515625,5967.91725675783,6080.3603515625,808200,4914147236.1328125
2024-06-25 00:00:00,6043.81628830269,6214.35498046875,6012.894437525327,6214.35498046875,1223700,7604506189.599609
2024-06-26 00:00:00,6275.261233858057,6311.805236862457,6202.173227849257,6209.66943359375,1477500,9174786588.134766
2024-06-27 00:00:00,6142.203554207247,6227.4728941664935,6123.46303993049,6211.54345703125,970000,6025197153.3203125
2024-06-28 00:00:00,6212.481003548335,6259.332293167855,6166.5667397212055,6176.8740234375,1069700,6607402142.871094
2024-07-01 00:00:00,6221.8510011227545,6268.702288781811,6172.188636204154,6259.33203125,947800,5932594899.21875
2024-07-02 00:00:00,6240.592277934463,6259.332795285617,6113.156759946612,6208.7333984375,1464500,9092690062.011719
2024-07-03 00:00:00,6157.196443808951,6238.71768724395,6085.982484026653,6146.88916015625,1834500,11276468164.30664
2024-07-04 00:00:00,5968.854937946218,6065.3686049177195,5934.184979907913,5971.666015625,2118800,12652765953.90625
2024-07-05 00:00:00,5968.853954610798,6074.737863067787,5966.979903133683,6070.052734375,932900,5662752195.8984375
2024-07-08 00:00:00,6076.611578949265,6127.210966036892,6068.178347767994,6092.541015625,781300,4760102295.5078125
2024-07-09 00:00:00,6100.974643265987,6226.536093457607,6090.667360041301,6196.55126953125,1248400,7735774604.8828125
2024-07-10 00:00:00,6193.740385260825,6216.22900390625,6143.140993308619,6216.22900390625,845500,5255821622.802734
2024-07-11 00:00:00,6278.072985286421,6498.274052680795,6278.072985286421,6489.8408203125,1787800,11602537418.554688
2024-07-12 00:00:00,6435.492877465686,6519.8251953125,6416.752362388617,6519.8251953125,1980900,12915121729.394531
2024-07-16 00:00:00,6371.775494990458,6376.460624030892,6137.51904296875,6137.51904296875,2335600,14334789476.757812
2024-07-17 00:00:00,6136.581840634777,6251.836011714038,6128.148608604587,6214.35498046875,1427400,8870370299.121094
2024-07-18 00:00:00,6170.314802553319,6364.279140310121,6157.196441545613,6277.1357421875,1245200,7816289426.171875
2024-07-19 00:00:00,6277.135611910158,6279.009663443793,6147.826056089349,6188.1181640625,1253300,7755568495.019531
2024-07-22 00:00:00,6184.370469938213,6193.740728225998,6094.415990375475,6160.94482421875,881300,5429640673.583984
2024-07-23 00:00:00,6116.903972441543,6182.495773616621,6114.0928952483255,6171.25146484375,664500,4100796598.388672
2024-07-24 00:00:00,6143.140416120811,6208.732214340527,6101.911285811276,6124.39990234375,816700,5001797400.244141
2024-07-25 00:00:00,6171.252257681088,6229.347860471284,6148.763637246174,6183.43359375,1426400,8820049678.125
2024-07-26 00:00:00,6233.095062495286,6337.104916965667,6201.236188153006,6210.6064453125,1382900,8588647653.222656
2024-07-29 00:00:00,5528.452050239468,5587.484673826771,5341.983921765289,5404.7646484375,6801100,36758344850.48828
2024-07-30 00:00:00,5366.346622541126,5501.278334370341,5345.7320554561065,5500.34130859375,2862500,15744726995.84961
2024-07-31 00:00:00,5441.308766852485,5450.679024759928,5326.991620381673,5397.2685546875,3187500,17203793518.066406
2024-08-01 00:00:00,5472.230694110577,5472.230694110577,5336.361952561599,5359.78759765625,2115900,11340774577.88086
2024-08-02 00:00:00,5266.084578556093,5276.391861539032,5113.349385263452,5128.341796875,3592900,18425619241.992188
2024-08-05 00:00:00,5020.584522858854,5098.357668696346,4672.010905370334,4693.5625,3093700,14520474306.25
2024-08-06 00:00:00,4841.612157095721,4932.503656851534,4701.058291493949,4916.57421875,3003000,14764472378.90625
2024-08-07 00:00:00,4862.226970590682,5249.218633503373,4853.793738226967,5192.06005859375,1843200,9570005100.0
2024-08-08 00:00:00,5116.160418863977,5219.2332478154485,5052.442670057612,5163.94873046875,1255900,6485403210.595703
2024-08-09 00:00:00,5175.1931884327305,5276.391968869221,5124.593798214486,5219.2333984375,1571700,8203069132.324219
2024-08-13 00:00:00,5145.208356965859,5317.62109375,5145.208356965859,5317.62109375,1337100,7110191164.453125
2024-08-14 00:00:00,5378.528052898181,5404.76477510744,5318.558402134159,5396.33154296875,1165300,6288345147.021484
2024-08-15 00:00:00,5401.016593862487,5468.482449996786,5387.898232947485,5466.6083984375,950000,5193277978.515625
2024-08-16 00:00:00,5519.081947428385,5622.15478515625,5506.900612060546,5622.15478515625,1208400,6793811842.3828125
2024-08-19 00:00:00,5634.336379096312,5654.013921747405,5488.160347973907,5507.837890625,1282300,7062700527.1484375
2024-08-20 00:00:00,5548.130038219781,5581.862968700429,5505.026849272288,5537.82275390625,1067400,5911072007.519531
2024-08-21 00:00:00,5537.822374186773,5646.5173649491535,5535.011296839471,5563.1220703125,1093000,6080492422.8515625
2024-08-22 00:00:00,5577.177416909268,5844.229762981032,5577.177416909268,5793.63037109375,2095800,12142290531.738281
2024-08-23 00:00:00,5827.363525826096,5876.088868058441,5732.723918797886,5778.63818359375,1144900,6615962856.396484
2024-08-26 00:00:00,5722.41620294538,5725.227280169686,5612.78419119745,5644.64306640625,1084500,6121615405.517578
2024-08-27 00:00:00,5623.091555275406,5689.6203838747315,5599.665911402404,5671.81689453125,877500,4977019324.951172
2024-08-28 00:00:00,5671.816958060488,5738.345787404994,5629.650798616787,5732.7236328125,838500,4806888766.113281
2024-08-29 00:00:00,5732.724191783903,5758.9609157737605,5681.187769660968,5728.0390625,909700,5210797135.15625
2024-08-30 00:00:00,5716.79418079509,5755.21223708301,5701.80176858517,5733.66064453125,1207900,6925688692.529297
2024-09-02 00:00:00,5697.1165362421125,5710.234896687407,5604.35098737896,5642.76904296875,991400,5594241229.199219
2024-09-03 00:00:00,5578.11460533161,5702.739037132232,5576.240553725585,5684.935546875,728100,4139201571.6796875
2024-09-04 00:00:00,5573.429112552701,5625.902554096573,5553.7515719737485,5611.84716796875,1049900,5891878341.650391
2024-09-05 00:00:00,5528.452601104507,5610.910877188778,5481.601307874808,5498.4677734375,996100,5477023749.121094
2024-09-06 00:00:00,5483.475216595477,5514.397069320639,5402.890994342023,5443.18310546875,1196700,6513857222.314453
2024-09-09 00:00:00,5351.354309209988,5399.142624701094,5301.691942130995,5363.53564453125,1017600,5457933871.875
2024-09-10 00:00:00,5431.938118079694,5477.85237852232,5350.416880150949,5357.9130859375,919400,4926065291.2109375
2024-09-11 00:00:00,5363.535552599677,5434.74951171875,5359.787449488147,5434.74951171875,957000,5201055282.714844
2024-09-12 00:00:00,5500.341811018434,5570.6187506822125,5466.60887997982,5499.40478515625,1036800,5701782881.25
2024-09-13 00:00:00,5520.01893892941,5528.452171054748,5447.867952968187,5461.92333984375,947200,5173533787.5
2024-09-17 00:00:00,5502.21520875573,5523.766801024357,5256.714462043536,5314.81005859375,1266100,6729081015.185547
2024-09-18 00:00:00,5314.81020290008,5368.220672146432,5236.1000376949305,5272.64404296875,800300,4219697027.5878906
2024-09-19 00:00:00,5359.787578993659,5456.301236447565,5359.787578993659,5393.5205078125,828600,4469071092.7734375
2024-09-20 00:00:00,5468.4826147091735,5487.223130866504,5388.835421040517,5390.70947265625,1103800,5950265115.917969
2024-09-24 00:00:00,5322.3059879519415,5342.920553398235,5235.16259765625,5235.16259765625,1817200,9513337472.460938
2024-09-25 00:00:00,5209.86349747618,5244.533452405428,5159.2641037956555,5163.01220703125,1397500,7215309559.326172
2024-09-26 00:00:00,5164.886100049496,5229.540878878127,5155.5158422482455,5206.115234375,1741400,9065929069.140625
2024-09-27 00:00:00,5228.932807197398,5308.79287188914,5202.312785633484,5252.70068359375,1345100,7065407689.501953
2024-09-30 00:00:00,5101.536302546188,5133.860610091207,5038.7891173117405,5081.5712890625,1530200,7775820386.5234375
2024-10-01 00:00:00,5131.0087576742835,5156.678062187384,5082.522293593982,5131.95947265625,1080100,5543029426.416016
2024-10-02 00:00:00,5107.240366675415,5216.5725785457935,5097.733217817121,5207.0654296875,1316100,6853018812.011719
2024-10-03 00:00:00,5233.685726656881,5292.630052733671,5193.75569931454,5272.6650390625,1530800,8071395641.796875
2024-10-04 00:00:00,5205.164349233105,5248.897236916159,5190.90362498863,5226.080078125,1176400,6147960603.90625
2024-10-07 00:00:00,5274.566720132493,5302.137454610475,5239.390265798517,5265.0595703125,1385500,7294740034.667969
2024-10-08 00:00:00,5207.06612348122,5249.848299043873,5194.706828318675,5215.62255859375,1447500,7549613653.564453
2024-10-09 00:00:00,5260.306005886053,5318.299619903592,5177.593802287266,5220.3759765625,1699800,8873595084.960938
2024-10-10 00:00:00,5228.9324182874125,5341.116786534306,5212.770263539978,5279.3203125,1523200,8041460700.0
2024-10-11 00:00:00,5269.813042821882,5276.468047566561,5191.854415812791,5208.96728515625,1446700,7535812971.435547
2024-10-15 00:00:00,5252.700647824206,5274.567093959944,5165.23486328125,5165.23486328125,1016800,5252010808.984375
2024-10-16 00:00:00,5097.73386687888,5105.339586933902,5017.873806301142,5054.0009765625,1491200,7536526256.25
2024-10-17 00:00:00,5067.311174176276,5078.719754680988,5018.82470703125,5018.82470703125,979200,4914433153.125
2024-10-18 00:00:00,5048.296310837204,5111.994211557749,5041.641306284311,5065.4091796875,913500,4627251285.644531
2024-10-21 00:00:00,5014.071146743777,5038.789737910887,4978.89469008289,5003.61328125,959200,4799465859.375
2024-10-22 00:00:00,4967.486136553251,4968.436851603308,4891.428932548607,4914.24609375,1174300,5770799187.890625
2024-10-23 00:00:00,4915.196248157357,4931.358402164838,4857.20263671875,4857.20263671875,930900,4521569934.521484
2024-10-24 00:00:00,4841.991171331727,4908.541216883115,4837.237596649485,4887.62548828125,1128800,5517151651.171875
2024-10-25 00:00:00,4901.8863559509655,4902.83707091527,4837.2377383783,4898.08349609375,740200,3625561403.8085938
2024-10-28 00:00:00,4891.428464253743,4953.224936591254,4864.808445400662,4928.50634765625,856900,4223237089.3066406
2024-10-29 00:00:00,4957.02784967997,5014.0707478350905,4927.555685633158,4971.28857421875,960900,4776911190.966797
2024-10-30 00:00:00,4972.239950856855,5005.5149792086695,4951.32421875,4951.32421875,3027400,14989638939.84375
2024-10-31 00:00:00,4942.767260996795,4962.732275899841,4900.935801199938,4922.80224609375,1163600,5728172693.5546875
2024-11-01 00:00:00,4846.74486203048,4861.005586418565,4813.4698384582825,4824.87841796875,1372300,6621180652.978516
2024-11-05 00:00:00,4820.125014105473,4827.730734048835,4783.047129381584,4804.91357421875,1379500,6628378275.634766
2024-11-06 00:00:00,4810.617738529928,4851.498482157751,4784.948434391527,4808.71630859375,1326800,6380204798.2421875
2024-11-07 00:00:00,4823.928095047181,4876.217422053014,4778.293773296637,4798.2587890625,1445700,6936842731.347656
2024-11-08 00:00:00,4842.941970716977,4951.323475361997,4798.258367924732,4825.8291015625,2678200,12924535499.804688
2024-11-11 00:00:00,4848.646702760766,4856.252423078822,4737.413043109195,4812.51953125,2218100,10674649572.265625
2024-11-12 00:00:00,4839.139331329219,4934.210830962406,4808.716451446599,4819.17431640625,1588100,7653330731.884766
2024-11-13 00:00:00,4805.864163689484,4870.512781519529,4782.09628948726,4808.71630859375,1631200,7843978042.578125
2024-11-14 00:00:00,4826.779637795195,4837.237501891265,4695.580979135409,4712.69384765625,1840000,8671356679.6875
2024-11-15 00:00:00,4829.632463741549,4848.646764779902,4781.14599609375,4781.14599609375,1850600,8847988780.371094
2024-11-18 00:00:00,4696.5317435886545,4711.743182434287,4536.811635709527,4548.22021484375,2874000,13071584897.460938
2024-11-19 00:00:00,4588.1503320312495,4617.622495374178,4515.89599609375,4515.89599609375,1804100,8147127966.552734
2024-11-20 00:00:00,4487.374915904198,4511.1427915180975,4401.81056369416,4416.0712890625,1946800,8597207585.546875
2024-11-21 00:00:00,4406.563978903375,4447.444723475725,4390.401824072445,4391.3525390625,1717000,7539952309.5703125
2024-11-22 00:00:00,4405.613267179099,4458.853306661626,4396.106117271505,4420.82470703125,1342900,5936725499.072266
2024-11-25 00:00:00,4435.085826999214,4475.966575243794,4407.515089811009,4423.67724609375,1698700,7514500537.939453
2024-11-26 00:00:00,4444.5925785055615,4458.853303356382,4337.161784629384,4391.3525390625,1600300,7027481468.261719
2024-11-27 00:00:00,4380.894705500216,4409.416155405816,4373.28898552539,4390.40185546875,869400,3817015373.1445312
2024-11-28 00:00:00,4387.549792747546,4434.134828466859,4366.6340624245895,4432.2333984375,911400,4039537519.3359375
2024-11-29 00:00:00,4404.662898048548,4466.459377300254,4394.205032329029,4439.83935546875,911300,4046025604.638672
2024-12-02 00:00:00,4449.346441701681,4483.572183560925,4384.697818189776,4412.2685546875,923400,4074288783.3984375
2024-12-03 00:00:00,4420.825257926039,4461.706007622989,4411.318106833725,4448.39599609375,1131700,5034249748.779297
2024-12-04 00:00:00,4355.225246282399,4355.225246282399,4175.540118243243,4291.52734375,2844600,12207678682.03125
2024-12-05 00:00:00,4330.50714840679,4333.359293619792,4221.174915241745,4232.58349609375,1617200,6844934029.8828125
2024-12-06 00:00:00,4232.583182026698,4263.956777041721,4222.12531702169,4242.09033203125,1324000,5616527599.609375
2024-12-09 00:00:00,4253.498660558235,4300.083692826307,4223.075782342352,4249.69580078125,2215900,9416900924.951172
2024-12-10 00:00:00,4273.464339443222,4279.168629996428,4185.047835868535,4200.25927734375,1721900,7232426449.658203
2024-12-11 00:00:00,4209.76589363726,4238.287342781145,4179.343014550451,4216.4208984375,1275300,5377201571.777344
2024-12-12 00:00:00,4222.1255197336,4266.809126900338,4199.308358627181,4221.1748046875,1464500,6181910501.464844
2024-12-13 00:00:00,4154.624654268789,4198.357545366354,4142.265358958606,4165.08251953125,1983300,8260608160.986328
2024-12-16 00:00:00,4168.885440773775,4171.737585887189,4109.941108429882,4133.708984375,1022900,4228370920.1171875
2024-12-17 00:00:00,4111.84214636975,4154.624318990937,4105.187141739787,4130.8564453125,1065300,4400601371.191406
2024-12-18 00:00:00,4164.132293911638,4166.033724182831,4120.39939767421,4135.61083984375,998000,4127339618.1640625
2024-12-19 00:00:00,4117.546623826054,4154.624508455289,4114.694478854574,4125.15234375,1149400,4741450103.90625
2024-12-20 00:00:00,4145.117594778151,4174.589761163042,4103.2861328125,4103.2861328125,2114400,8675988199.21875
2024-12-23 00:00:00,4110.891986428227,4111.842701503719,4032.933350237867,4062.405517578125,1403900,5703211106.12793
2024-12-24 00:00:00,4064.3066864945395,4120.398872343236,4047.1938162356155,4048.14453125,2006900,8124221259.765625
2024-12-25 00:00:00,4057.651572911796,4070.010867768369,4029.1301232427813,4066.2080078125,1189000,4834721321.2890625
2024-12-26 00:00:00,4063.356064305161,4081.4196499911222,4012.9681673916903,4015.8203125,3239400,13008848320.3125
2024-12-27 00:00:00,4063.3558555629306,4148.920204416619,4059.552995613878,4140.36376953125,2340700,9691349475.341797
2024-12-30 00:00:00,4112.79287468057,4170.786486644397,4089.97571587513,4115.64501953125,1372300,5647899660.302734
2025-01-06 00:00:00,4125.152315822681,4160.328770232784,4093.7787213488045,4155.5751953125,1536400,6384625730.078125
2025-01-07 00:00:00,4173.638894444523,4214.519639879857,4137.511724059809,4196.4560546875,1443900,6059262897.363281
2025-01-08 00:00:00,4206.913723011201,4222.125162461637,4137.511530518586,4143.2158203125,1199900,4971444662.792969
2025-01-09 00:00:00,4135.610541294643,4164.131993303572,4109.941234486608,4159.37841796875,1174600,4885605889.746094
2025-01-10 00:00:00,4166.033411897049,4178.392707733347,4047.1940288557134,4049.095458984375,1658800,6716639547.363281
2025-01-14 00:00:00,4038.6375705915834,4075.7154578922123,4012.96826399884,4071.91259765625,1576000,6417334253.90625
2025-01-15 00:00:00,4085.2221478555502,4097.581442228862,3999.6578021941586,4004.411376953125,1233000,4937439227.783203
2025-01-16 00:00:00,4040.5387209806886,4099.483050557348,4013.918701171875,4013.918701171875,1410500,5661632328.00293
2025-01-17 00:00:00,4012.0171946399614,4042.440073841023,3988.2493202641326,4031.031494140625,978700,3945170523.3154297
2025-01-20 00:00:00,4041.489800802972,4064.306962698825,4017.721923828125,4017.721923828125,574000,2306172384.2773438
2025-01-21 00:00:00,4046.243313791383,4065.2576150779964,4030.0811576977612,4049.095458984375,621100,2514893189.5751953
2025-01-22 00:00:00,4135.610558096301,4219.273484329055,4128.955552600514,4203.111328125,1969200,8276766827.34375
2025-01-23 00:00:00,4185.998844930757,4300.084664006771,4182.19598429489,4264.908203125,1803300,7690908962.6953125
2025-01-24 00:00:00,4283.92215882426,4347.620069308332,4269.661432596483,4304.837890625,1914600,8242042625.390625
2025-01-27 00:00:00,4400.85985085493,4464.557757531811,4387.549840504537,4445.54345703125,2448300,10884024045.84961
2025-01-28 00:00:00,4448.395541823171,4499.734152478963,4436.9869616774395,4476.9169921875,1875300,8395562435.449219
2025-01-29 00:00:00,4477.867716585578,4482.621291656264,4374.239780044638,4402.76123046875,1629500,7174299425.048828
2025-01-30 00:00:00,4374.239655285026,4416.071114713963,4367.584650375877,4406.56396484375,1134000,4997043536.1328125
2025-01-31 00:00:00,4417.021780661654,4422.72607052045,4381.845326532407,4393.25390625,1275000,5601398730.46875
2025-02-03 00:00:00,4235.4355454401775,4243.041265836029,4175.5404973228415,4205.96337890625,2048300,8615074789.013672
2025-02-04 00:00:00,4270.611972007546,4293.42913303341,4228.780510126795,4236.38623046875,984400,4170298605.2734375
2025-02-05 00:00:00,4201.20981736474,4211.667682943154,4137.511908841672,4161.27978515625,1193000,4964406783.691406
2025-02-06 00:00:00,4174.589801116245,4289.626322622751,4174.589801116245,4279.16845703125,1124200,4810641179.394531
2025-02-07 00:00:00,4246.8435052092,4443.641491682964,4228.779921909676,4283.92138671875,2537600,10870878910.9375
2025-02-10 00:00:00,4280.11924964377,4318.147852483786,4154.624860271718,4232.58349609375,1519500,6431410622.314453
2025-02-12 00:00:00,4225.928096988136,4229.730956917933,4092.827999445202,4096.630859375,1878300,7694701743.1640625
2025-02-13 00:00:00,4185.04780449126,4263.9571565523165,4185.04780449126,4201.2099609375,1315300,5525851461.621094
2025-02-14 00:00:00,4195.505415055842,4209.7661404639175,4116.596067797824,4149.87109375,1044400,4334125370.3125
2025-02-17 00:00:00,4157.476481866399,4172.687921086583,4132.757893133601,4145.1171875,656300,2720440410.15625
2025-02-18 00:00:00,4121.349424761801,4167.934458628774,4081.4193957329667,4156.52587890625,760400,3160622278.3203125
2025-02-19 00:00:00,4148.919802996991,4164.131241321454,4102.334773128327,4108.0390625,728400,2992295653.125
2025-02-20 00:00:00,4102.335301767482,4114.694596998762,4018.6723802018873,4032.93310546875,1210200,4880655644.238281
2025-02-21 00:00:00,4050.0460335450016,4092.828209955688,4040.5388832315157,4068.109619140625,831200,3381412715.4296875
2025-02-25 00:00:00,4068.109386056689,4161.279453790635,4066.207956102935,4156.52587890625,1217700,5061401562.744141
2025-02-26 00:00:00,4183.146202843468,4221.1748046875,4154.624751460445,4221.1748046875,1080200,4559713024.0234375
2025-02-27 00:00:00,4213.569004828326,4230.6818753353,4181.244693870708,4208.8154296875,811500,3415453721.1914062
2025-02-28 00:00:00,4183.145922777907,4199.308077479549,4069.060124883964,4096.630859375,2403300,9845432944.335938
2025-03-03 00:00:00,4163.181018493226,4165.082448508523,4047.193787560096,4078.5673828125,1274800,5199357699.609375
2025-03-04 00:00:00,4035.7852819758014,4090.926753437426,4016.770981471793,4031.982421875,1150100,4637182983.3984375
2025-03-05 00:00:00,4059.553016961614,4075.7151718300797,4015.820127317531,4050.99658203125,920600,3729347453.4179688
2025-03-06 00:00:00,4057.6518180655903,4095.680419921875,4035.7853719982263,4095.680419921875,833800,3414978334.1308594
2025-03-07 00:00:00,4050.046078008671,4070.9618089279647,4007.2639011282977,4022.475341796875,1616100,6500722399.87793
2025-03-10 00:00:00,4040.5386650167334,4075.7151192768792,4024.3765103566666,4074.764404296875,1118600,4558031462.646484
2025-03-11 00:00:00,4049.094870188085,4087.123467231411,4035.7848612229213,4059.552734375,1162900,4720853874.8046875
2025-03-12 00:00:00,4026.2782586481153,4062.4054307446036,3999.658237103334,4057.65185546875,1105300,4484922595.849609
2025-03-13 00:00:00,4047.19384765625,4057.6517128956716,4020.5738270468123,4047.19384765625,796800,3224804057.8125
2025-03-14 00:00:00,4017.7219090299923,4068.1098080310785,4012.0176185770392,4062.405517578125,1120400,4551519141.894531
2025-03-17 00:00:00,4063.355897285669,4107.088787148828,4057.6516073035177,4094.7294921875,819100,3353992927.0507812
2025-03-18 00:00:00,4129.906169149709,4129.906169149709,4078.567556549782,4088.07470703125,1059900,4332950381.982422
2025-03-19 00:00:00,4127.053522903727,4161.279260481367,4113.743513845756,4132.7578125,788400,3258266259.375
2025-03-21 00:00:00,4108.990408181484,4135.610429335829,4078.5675268622317,4118.49755859375,1697500,6991149605.712891
2025-03-24 00:00:00,4141.314925319025,4149.871361115139,4097.58203125,4097.58203125,840700,3444837213.671875
2025-03-25 00:00:00,4098.531913547211,4121.349071033905,4081.4190454321915,4108.0390625,1080100,4437092991.40625
2025-03-26 00:00:00,4088.074049699144,4133.70836467253,4086.172619908586,4108.0390625,1438500,5909414191.40625
2025-03-27 00:00:00,4115.644713377789,4154.6240234375,4104.236134823727,4154.6240234375,1396700,5802763373.535156
2025-03-28 00:00:00,4164.308783303343,4179.8038857528445,4125.5710271795915,4171.087890625,1206900,5034085975.1953125
2025-03-31 00:00:00,4112.981228619289,4114.918116412376,4011.2946194822453,4014.199951171875,2022500,8118719401.245117
2025-04-01 00:00:00,4014.200160222861,4052.9379181019717,3972.5570705028167,3975.46240234375,1454500,5782310064.208984
2025-04-02 00:00:00,3971.588716660032,3990.957596039013,3801.142578125,3801.142578125,2969900,11289013342.773438
2025-04-03 00:00:00,3680.0870653609154,3816.637664365097,3672.3395136443664,3781.773681640625,2216900,8383814074.829102
2025-04-04 00:00:00,3772.089092500436,3886.3654757905647,3768.215316795686,3817.60595703125,2016900,7699729454.736328
2025-04-07 00:00:00,3631.6649759341403,3638.4440838892174,3534.820576575896,3558.063232421875,2671100,9503942700.12207
2025-04-08 00:00:00,3625.854120686196,3661.686546558362,3592.927026641503,3620.04345703125,1847200,6686944273.828125
2025-04-09 00:00:00,3552.2524188187103,3557.09463858264,3353.7214084975994,3391.49072265625,2724400,9239777324.804688
2025-04-10 00:00:00,3594.864017088267,3607.453788699837,3525.136051239572,3598.73779296875,2745600,9880694484.375
2025-04-11 00:00:00,3403.1118498294454,3457.344707994058,3358.5634306227994,3437.975830078125,2412400,8293772892.480469
2025-04-14 00:00:00,3504.7984720865884,3596.8006425337358,3496.0824769915957,3579.36865234375,1323900,4738726158.837891
2025-04-15 00:00:00,3601.6430733498796,3647.159939294339,3591.9586337872283,3609.390625,1003700,3622745370.3125
2025-04-16 00:00:00,3626.8226139912476,3786.6158666771103,3616.1697304788568,3743.035888671875,2803000,10491729595.947266
2025-04-17 00:00:00,3750.7833994170765,3765.31005859375,3707.2034218870563,3765.31005859375,1593100,5998515454.345703
2025-04-18 00:00:00,3869.9020272191974,3870.870471169953,3802.1109506663083,3857.312255859375,1334700,5148354667.895508
2025-04-21 00:00:00,3864.0914186289615,3888.3025177431778,3842.7856514084506,3850.533203125,1052000,4050760929.6875
2025-04-22 00:00:00,3860.2175748843024,3910.57666015625,3840.8486959335532,3910.57666015625,939200,3672813599.21875
2025-04-23 00:00:00,3964.809428456724,3964.809428456724,3912.5134565132303,3943.503662109375,1122200,4425399809.619141
2025-04-24 00:00:00,3965.778041853711,3968.683373752505,3909.6082918103616,3927.040283203125,817400,3209962727.4902344
2025-04-25 00:00:00,3968.6830208317347,3968.6830208317347,3928.00837786567,3944.471923828125,822000,3242355921.3867188
2025-04-28 00:00:00,3977.3992031048747,4015.168516209596,3913.4819040045772,3947.37744140625,1238200,4887642747.949219
2025-04-30 00:00:00,3969.6518107669453,4005.484237455986,3910.576728928257,3988.05224609375,1492500,5952167977.294922
2025-05-01 00:00:00,3997.7365318597926,4032.6005132422906,3977.3992093866686,4020.0107421875,791200,3180632499.21875
2025-05-02 00:00:00,4038.4112818920485,4144.940116666179,4028.726842367127,4136.22412109375,1575000,6514552990.722656
2025-05-07 00:00:00,4095.5492257391707,4110.075884142124,3922.1977687972667,3937.69287109375,2231100,8785386564.697266
2025-05-08 00:00:00,3979.3361625006805,3994.8312655914597,3891.207763671875,3891.207763671875,1153600,4488897276.171875
2025-05-09 00:00:00,3939.6299891493054,3951.251316550926,3890.239347692419,3922.197998046875,1215300,4766647227.026367
2025-05-12 00:00:00,3873.775656732005,3879.586320217103,3760.467718772594,3767.246826171875,2049100,7719465471.508789
2025-05-13 00:00:00,3867.9651532756234,3877.649592818126,3832.132726968363,3872.807373046875,1543300,5976903618.823242
2025-05-14 00:00:00,3796.3000736762433,3798.236961468935,3758.53076171875,3758.53076171875,1560100,5863683841.357422
2025-05-15 00:00:00,3689.7714192619565,3788.552701352434,3551.283935546875,3551.283935546875,3933800,13970040745.654297
2025-05-16 00:00:00,3554.189322907942,3629.7279515692007,3543.53643937879,3613.264404296875,2473400,8937048177.58789
2025-05-19 00:00:00,3681.0553543846527,3741.0988776605927,3661.686475908543,3676.213134765625,1475700,5424987722.973633
2025-05-20 00:00:00,3752.7202590372553,3800.1740119902424,3710.1087257733484,3734.31982421875,1911600,7138525775.9765625
2025-05-21 00:00:00,3754.6572472763446,3846.659423828125,3745.941251603018,3846.659423828125,1393600,5360704573.046875
2025-05-22 00:00:00,3815.6690976700115,3950.2828044152225,3810.8268780029175,3848.59619140625,1894000,7289241186.5234375
2025-05-23 00:00:00,3847.6276598611153,3865.0596502657213,3755.62548828125,3755.62548828125,1258300,4725703551.904297
2025-05-26 00:00:00,3772.0890274244994,3776.9312469718993,3733.3512710453006,3747.8779296875,1023800,3837077424.4140625
2025-05-27 00:00:00,3765.3099672122003,3800.173948390091,3752.7201962312956,3798.237060546875,1286600,4886811802.099609
2025-05-28 00:00:00,3822.4484076633544,3826.322183602207,3787.584424213676,3802.111083984375,872300,3316581498.5595703
2025-05-29 00:00:00,3810.826936973787,3938.6615381632505,3806.9531611801667,3914.450439453125,2063700,8078251371.899414
2025-05-30 00:00:00,3914.4502262059286,4048.0954838052403,3905.734231145104,4010.326171875,3453800,13850864532.421875
2025-06-02 00:00:00,3980.3045830143055,3998.705017826294,3898.955292266568,3932.850830078125,1355700,5331765870.336914
2025-06-03 00:00:00,3941.5668432024936,4013.2316948970843,3904.765973413379,3952.2197265625,1764600,6974086929.4921875
2025-06-04 00:00:00,3942.5353245107067,3984.1784144035983,3910.5766741277903,3926.07177734375,962800,3780021907.2265625
2025-06-05 00:00:00,3896.0499069568546,3930.913888227162,3869.901921004124,3874.744140625,915000,3545390888.671875
2025-06-06 00:00:00,3883.460025497483,3902.828903430139,3821.4796161129843,3823.41650390625,906600,3466309402.4414062
2025-06-09 00:00:00,3859.2492056850447,3891.207856572775,3842.785658258032,3858.28076171875,1075200,4148423475.0
2025-06-10 00:00:00,3878.6179924106173,3902.8290909899592,3839.8802346836696,3891.207763671875,880500,3426208435.913086
2025-06-11 00:00:00,3949.314332849839,3989.988977768842,3903.797468297622,3951.251220703125,1145900,4527738773.803711
2025-06-12 00:00:00,3922.1979451733964,3997.736572265625,3913.481949739678,3997.736572265625,1082400,4327150065.8203125
2025-06-13 00:00:00,4005.4841813255425,4006.45262527654,3907.671342274798,3926.07177734375,1426400,5600148783.203125
2025-06-16 00:00:00,3942.535303340183,3958.0304064729376,3892.1762181587314,3902.8291015625,757800,2957563893.1640625
2025-06-17 00:00:00,3873.77551836308,3892.175952075305,3857.311972410037,3879.586181640625,767900,2979134228.881836
2025-06-18 00:00:00,3854.406846640218,3907.6712628626333,3838.911743739152,3905.734375,913300,3567107204.6875
2025-06-19 00:00:00,3897.9868428047976,3900.892174613099,3860.217529296875,3860.217529296875,568200,2193375600.1464844
2025-06-20 00:00:00,3873.7755827681285,3894.112904577661,3813.732061235223,3819.542724609375,1619900,6187277259.594727
2025-06-23 00:00:00,3797.2687031739397,3826.322021484375,3761.4362772577356,3826.322021484375,655600,2508536717.2851562
2025-06-24 00:00:00,3856.3436916758155,3893.144560657152,3836.974813264586,3859.2490234375,869300,3354845176.0742188
2025-06-25 00:00:00,3883.460165803864,3896.049936914949,3839.880188880878,3840.8486328125,960100,3687598772.3632812
2025-06-26 00:00:00,3840.848506104304,3899.923583984375,3820.5111842111646,3899.923583984375,1051400,4100379656.201172
2025-06-27 00:00:00,3912.513340926159,3984.178189250054,3900.8920141709327,3949.314208984375,1424800,5626982884.9609375
2025-06-30 00:00:00,3936.7246216173457,4025.8214642222156,3916.387298848843,4017.10546875,1985300,7975159487.109375
2025-07-01 00:00:00,3991.9256739552,4009.3576637977994,3931.882153386248,3944.471923828125,1146700,4523125955.053711
2025-07-02 00:00:00,3935.7560561718556,3960.9355978698054,3900.8920753593097,3950.28271484375,1375600,5434008902.5390625
2025-07-03 00:00:00,3972.557135796837,4001.610454683698,3917.3558299118004,3980.3046875,1446500,5757510730.46875
2025-07-04 00:00:00,3951.2511444461256,4014.199998463037,3951.2511444461256,3999.67333984375,762700,3050550856.298828
2025-07-07 00:00:00,3980.304505662324,4004.51560362864,3916.38720703125,3916.38720703125,769600,3014051594.53125
2025-07-08 00:00:00,3872.8071908569336,3898.9551763916015,3853.438312683106,3873.775634765625,1215400,4708186906.494141
2025-07-09 00:00:00,3941.566748916219,3974.493842150408,3807.9214881421553,3916.38720703125,2487100,9740446622.607422
2025-07-10 00:00:00,3894.113049051705,3899.9237126414364,3829.227305633037,3840.8486328125,1495400,5743605045.5078125
2025-07-11 00:00:00,3839.8803365743674,3887.334091049057,3800.1741338506476,3869.902099609375,1465200,5670180556.347656
2025-07-14 00:00:00,3826.3219667100257,3866.0281678325546,3819.5428592013013,3833.10107421875,911600,3494254939.2578125
2025-07-15 00:00:00,3864.091265488252,3901.8605786095654,3817.60595703125,3817.60595703125,1290300,4925856966.357422
2025-07-16 00:00:00,3826.3219966533507,3841.8170996516938,3786.6157952200965,3799.20556640625,1324200,5030908011.035156
2025-07-17 00:00:00,3777.8996334172743,3822.4480525757454,3763.372974996034,3815.6689453125,1016800,3879772183.59375
2025-07-18 00:00:00,3845.6907135288043,3860.217371978296,3805.98451376686,3823.41650390625,701800,2683273702.4414062
2025-07-22 00:00:00,3786.61577515413,3801.142434138097,3711.0771484375,3711.0771484375,1574900,5844575401.074219
2025-07-23 00:00:00,3747.8780298325623,4006.4525605729486,3741.0989222850617,3989.989013671875,2941100,11734956688.110352
2025-07-24 00:00:00,4038.4113871110562,4085.865142019555,4027.7585033560867,4050.03271484375,1738500,7040981874.755859
2025-07-25 00:00:00,4066.4961381392045,4071.338357879785,4021.9477165258672,4048.095703125,1264200,5117602587.890625
2025-07-28 00:00:00,4048.095557369403,4095.5493091184703,4043.2533378031717,4087.8017578125,915400,3741973729.1015625
2025-07-29 00:00:00,4067.46482445307,4146.877232930487,4066.4963804472477,4116.85546875,1238400,5098313812.5
2025-07-30 00:00:00,4111.044577462332,4130.413456508091,4045.1903887067524,4067.464599609375,892200,3628991915.7714844
2025-07-31 00:00:00,4049.0642865174495,4138.1611328125,4028.7269629066227,4138.1611328125,1601800,6628506502.5390625
2025-08-01 00:00:00,4145.908788924665,4187.551881175018,4092.644368604446,4116.85546875,1515600,6239506148.4375
2025-08-04 00:00:00,4077.1488890240184,4168.1826171875,4060.685342441261,4168.1826171875,1160400,4836759108.984375
2025-08-05 00:00:00,4159.466331995977,4294.0800270244845,4112.012583388805,4182.708984375,2173100,9089444893.945312
2025-08-06 00:00:00,4295.049036698892,4308.607252372801,4059.717150358908,4114.91845703125,2043000,8406778407.714844
2025-08-07 00:00:00,4097.4864811347925,4215.636646745392,4083.928265408986,4203.046875,1456700,6122578382.8125
2025-08-08 00:00:00,4214.668011363637,4262.121764248935,4148.81382368608,4261.1533203125,1694200,7219245955.2734375
2025-08-12 00:00:00,4292.143603428587,4357.029348336014,4286.332939705534,4346.37646484375,1440000,6258782109.375
2025-08-13 00:00:00,4353.155498227481,4419.009685964849,4348.31327854091,4398.67236328125,1395900,6140106751.904297
2025-08-14 00:00:00,4435.473541454573,4498.4224017590595,4376.398457168824,4399.64111328125,1224800,5388680435.546875
2025-08-15 00:00:00,4439.346610203752,4493.579465825787,4428.693727849423,4491.642578125,1217900,5470371495.8984375
2025-08-18 00:00:00,4551.686796439203,4572.0241204232925,4509.075260472538,4513.91748046875,1106600,4995101083.886719
2025-08-19 00:00:00,4571.055089782997,4646.593712029411,4551.686212283917,4607.85595703125,1832900,8445739183.642578
2025-08-20 00:00:00,4647.562627794776,4667.8999512337605,4562.339558145694,4584.61376953125,1661700,7618252700.830078
2025-08-21 00:00:00,4555.560426779935,4566.213310430994,4462.589805825242,4488.73779296875,1508000,6769016591.796875
2025-08-22 00:00:00,4489.706090191269,4540.065174895744,4485.832314444771,4528.44384765625,731800,3313915207.7148438
2025-08-25 00:00:00,4529.412160648142,4595.266346434773,4513.917058110112,4583.64501953125,910200,4172033696.7773438
2025-08-26 00:00:00,4610.7618668637315,4619.477862831337,4470.33748738563,4498.42236328125,1779200,8003593068.75
2025-08-27 00:00:00,4503.264071925381,4527.47516908627,4417.072566032616,4475.17919921875,1278800,5722859159.9609375
2025-08-28 00:00:00,4487.768947054465,4508.106268566797,4433.536089688248,4451.9365234375,1161200,5169588691.015625
2025-08-29 00:00:00,4446.125865628615,4471.305406579681,4393.8298959610165,4394.79833984375,1389200,6105253853.7109375
2025-09-01 00:00:00,4493.579584752075,4586.550196850393,4478.084482735689,4550.7177734375,2186600,9950599483.398438
2025-09-02 00:00:00,4571.055388023057,4590.424266785867,4508.106532043927,4536.19140625,1321100,5992762466.796875
2025-09-03 00:00:00,4572.9923002577325,4696.953125,4562.339416881444,4696.953125,2299900,10802522492.1875
2025-09-04 00:00:00,4804.450181478514,4853.8408203125,4727.943113480771,4853.8408203125,2755900,13376699916.699219
2025-09-05 00:00:00,4861.588544201382,4974.896484375,4844.156553405441,4974.896484375,2096300,10428875500.195312
2025-09-08 00:00:00,5088.204406531849,5177.301248062288,5071.740859727311,5154.05859375,3032400,15629167279.6875
2025-09-09 00:00:00,5159.869228497165,5180.206550906782,5110.478588359522,5123.068359375,2165800,11095541452.734375
2025-09-10 00:00:00,5073.67802484023,5097.889124405225,4986.51806640625,4986.51806640625,1675200,8353415064.84375
2025-09-11 00:00:00,4939.063979069193,5033.003039063254,4929.379539894548,5019.44482421875,1251100,6279827419.580078
2025-09-12 00:00:00,5116.289274395637,5116.289274395637,5050.435087255962,5081.42529296875,1673500,8503765227.783203
2025-09-16 00:00:00,5062.056356587191,5086.267454523804,5010.728828961569,5019.44482421875,1162100,5833096830.224609
2025-09-17 00:00:00,5019.445002053707,5027.192553667913,4935.190378249216,4945.84326171875,1246200,6163509872.753906
2025-09-18 00:00:00,4958.432777993026,5019.444743815987,4957.464334091074,4999.107421875,965200,4825138483.59375
2025-09-19 00:00:00,5024.287146462047,5082.393782697151,4971.022729913201,4998.13916015625,1405300,7023884961.767578
2025-09-22 00:00:00,4981.675569347249,5058.182639716307,4958.432915057915,5016.53955078125,1151700,5777548600.634766
2025-09-24 00:00:00,5084.330741650865,5109.510284371422,5009.760557439986,5075.61474609375,1842700,9352835292.626953
2025-09-25 00:00:00,5089.172697233793,5096.920248437955,4969.085653569285,4991.35986328125,1531600,7644766766.6015625
2025-09-26 00:00:00,4933.253119409797,4971.9908745681,4911.947354072731,4940.0322265625,1422500,7027195842.285156
2025-09-29 00:00:00,4998.080967987035,5001.032590605925,4841.644969185867,4876.08056640625,1561700,7614975020.556641
2025-09-30 00:00:00,4879.031939286275,4925.274024615263,4855.418959543813,4894.77392578125,1317100,6446906737.646484
2025-10-01 00:00:00,4940.032518951865,4960.693877824199,4792.45138414948,4809.17724609375,1488900,7160384001.708984
2025-10-02 00:00:00,4860.338718775567,4881.983951936107,4772.773911898842,4810.1611328125,1315700,6328729002.441406
2025-10-03 00:00:00,4766.870429495937,4779.660793909446,4675.3701302300715,4714.72509765625,1572100,7412019326.025391
2025-10-06 00:00:00,4801.306102273893,4859.354680149745,4787.5318634558935,4797.37060546875,1556900,7469026295.654297
2025-10-07 00:00:00,4780.6448696318275,4815.08046758143,4747.193145909358,4768.83837890625,1251400,5967724347.363281
2025-10-08 00:00:00,4810.160752686415,4834.757606606881,4703.90234375,4703.90234375,1192800,5610814715.625
2025-10-09 00:00:00,4654.708821580085,4678.321802285628,4614.36997954145,4641.91845703125,1659500,7703263679.443359
2025-10-10 00:00:00,4688.160673334655,4699.967164012518,4499.256822488852,4536.64404296875,1984300,9002062774.46289
2025-10-14 00:00:00,4417.5953663717655,4496.305306084402,4357.579037340879,4391.03076171875,1733200,7610534516.2109375
2025-10-15 00:00:00,4419.56315031909,4457.93424623682,4415.627653301886,4432.353515625,993100,4401770276.3671875
2025-10-16 00:00:00,4496.305126057889,4496.305126057889,4417.5951894967,4453.99853515625,998400,4446872137.5
2025-10-17 00:00:00,4417.595276228909,4493.353591656442,4417.595276228909,4460.8857421875,942900,4206169166.3085938
2025-10-20 00:00:00,4563.208396847893,4604.531111955183,4537.627668448142,4593.70849609375,956200,4392504063.964844
2025-10-21 00:00:00,4566.160194103725,4595.676420309955,4515.982609553135,4530.74072265625,1053400,4772682277.246094
2025-10-22 00:00:00,4504.176156998933,4547.4666224659395,4495.3212890625,4495.3212890625,1191100,5354377187.402344
2025-10-23 00:00:00,4456.950295163756,4487.450396521389,4447.111552790326,4464.8212890625,991200,4425530861.71875
2025-10-24 00:00:00,4476.62741465853,4500.240394428158,4436.28857421875,4436.28857421875,908000,4028150025.390625
2025-10-27 00:00:00,4480.563212248902,4536.64404296875,4461.869602008953,4536.64404296875,1262300,5726605775.439453
2025-10-28 00:00:00,4513.031162685078,4534.6763960792505,4479.579438348628,4506.14404296875,847200,3817605233.203125
2025-10-29 00:00:00,4525.821390383554,4565.176358995585,4424.482346207575,4456.9501953125,1033600,4606703721.875
2025-10-30 00:00:00,4427.433955899053,4496.305150768594,4408.740345863035,4494.33740234375,1375600,6182410530.6640625
2025-10-31 00:00:00,4497.289049999145,4516.96653435705,4447.111464886488,4496.30517578125,1277900,5745828384.130859
2025-11-04 00:00:00,4484.498711058143,4528.773051119051,4429.401754537903,4459.90185546875,1296700,5783154735.986328
2025-11-05 00:00:00,4486.466530192263,4525.821499755354,4225.739856836793,4272.9658203125,2456700,10497395130.761719
2025-11-06 00:00:00,4260.175230758765,4355.6110269212595,4223.7718858308035,4293.626953125,1562800,6710080202.34375
2025-11-07 00:00:00,4273.949754779746,4352.6596950151015,4256.240018226792,4316.25634765625,1477600,6377700379.296875
2025-11-10 00:00:00,4329.046286216416,4370.369000766664,4305.433306473417,4321.17529296875,991400,4284013185.4492188
2025-11-11 00:00:00,4333.966021553015,4360.530625998403,4287.723932333267,4311.3369140625,996600,4296678368.5546875
2025-11-12 00:00:00,4450.062937045253,4501.2243946455965,4369.38525390625,4369.38525390625,1510300,6599082548.974609
2025-11-13 00:00:00,4370.369413012852,4430.3857421875,4353.643550783852,4430.3857421875,1844700,8172732578.613281
2025-11-14 00:00:00,4499.2566982933395,4695.047663296702,4447.11136590551,4526.80517578125,2305200,10435191291.210938
2025-11-17 00:00:00,4554.3536038811835,4656.676519155248,4542.547113657252,4599.61181640625,1469700,6760049486.572266
2025-11-18 00:00:00,4581.902347162317,4611.418574436285,4494.337539582878,4505.16015625,1233800,5558466600.78125
2025-11-19 00:00:00,4574.03132343983,4714.725339196315,4557.305461426822,4618.3056640625,1876900,8668097900.878906
2025-11-20 00:00:00,4618.305576553166,4686.192897554906,4581.902230508755,4611.41845703125,1484600,6846111841.308594
2025-11-21 00:00:00,4565.176244788326,4612.402205941308,4552.3858803093935,4601.57958984375,1716100,7896770734.130859
2025-11-25 00:00:00,4705.870197093371,4952.822615966554,4660.6119848696,4942.0,3703300,18301708600.0
2025-11-26 00:00:00,4968.564703525641,5064.984375,4878.04827724359,4949.87109375,2024600,10021509016.40625
2025-11-27 00:00:00,4856.403297369765,4915.435752362104,4802.290213626788,4816.064453125,1188600,5724374208.984375
2025-11-28 00:00:00,4766.870282208016,4855.418956180921,4729.483064308345,4818.03173828125,1933600,9316146169.140625
2025-12-01 00:00:00,4766.87040414193,4793.435007013309,4663.563615197678,4712.75732421875,1149000,5414958165.527344
2025-12-02 00:00:00,4648.80581373199,4674.386544135595,4601.579849909951,4660.6123046875,1112600,5185397250.1953125
2025-12-03 00:00:00,4614.370029603419,4645.854004219051,4589.773174434958,4607.48291015625,888400,4093287817.3828125
2025-12-04 00:00:00,4575.998774578931,4633.0634765625,4552.3857944477995,4633.0634765625,909900,4215624457.3242188
2025-12-05 00:00:00,4584.8536160427375,4610.43434437259,4558.289013546353,4592.724609375,848500,3896926831.0546875
2025-12-08 00:00:00,4593.708546248897,4599.611791328677,4539.595466350913,4597.64404296875,989500,4549368780.517578
2025-12-09 00:00:00,4577.966758449796,4631.095966478227,4577.966758449796,4613.38623046875,739400,3411137778.8085938
2025-12-10 00:00:00,4608.466584795341,4682.257147105258,4604.531088138812,4630.11181640625,948100,4389809013.134766
2025-12-11 00:00:00,4624.20877230931,4632.079765964305,4507.127741691266,4530.74072265625,1088500,4931711276.611328
2025-12-12 00:00:00,4534.676169242006,4583.8698790406825,4479.579214267488,4488.43408203125,1349300,6056244106.884766
2025-12-15 00:00:00,4503.192108582452,4559.272936677099,4495.32111516566,4558.2890625,801300,3652557025.78125
2025-12-16 00:00:00,4560.257137149959,4582.886244842397,4543.531274942506,4545.4990234375,756500,3438670011.2304688
2025-12-17 00:00:00,4511.06309943119,4512.046973607728,4393.982072423051,4443.17578125,1254400,5573519700.0
2025-12-18 00:00:00,4491.385966564613,4558.289415792739,4457.934241950551,4509.095703125,1169000,5271132876.953125
2025-12-19 00:00:00,4499.256507528284,4509.095249071096,4421.530449340063,4435.3046875,1764600,7826538651.5625
2025-12-22 00:00:00,4435.30473771332,4457.93384351798,4389.0626519385805,4439.240234375,1188500,5276037018.5546875
2025-12-23 00:00:00,4441.2080337541165,4490.4017425905595,4435.304788693743,4481.546875,784200,3514429059.375
2025-12-24 00:00:00,4506.1439047919375,4553.369867112901,4501.224533716838,4533.6923828125,1009600,4577215829.6875
2025-12-25 00:00:00,4571.079389047313,4589.772998257796,4545.498660654022,4555.33740234375,501600,2284957241.015625
2025-12-26 00:00:00,4589.772938317297,4640.934394435732,4579.93419675606,4627.16015625,948400,4388398692.1875
2025-12-29 00:00:00,4620.2730246105375,4633.063388605414,4579.934184319006,4626.17626953125,859800,3977586356.5429688
2025-12-30 00:00:00,4633.063842144749,4652.741327140055,4579.934632657423,4584.85400390625,846600,3881537399.7070312
2026-01-05 00:00:00,4632.079604429967,4720.628279960701,4624.2086110494565,4709.8056640625,1516500,7142420289.550781
2026-01-06 00:00:00,4677.33797821,4737.354304813031,4659.628242491073,4684.22509765625,1261000,5906807848.144531
2026-01-07 00:00:00,4656.6765950865665,4713.7412987660555,4631.0958658509335,4643.88623046875,1228800,5706407400.0
2026-01-08 00:00:00,4683.241135754101,4714.725109775978,4660.612029425878,4677.337890625,943900,4414939234.9609375
2026-01-09 00:00:00,4667.499310854573,4712.757525082927,4658.644442853373,4690.12841796875,1102600,5171335593.652344
2026-01-13 00:00:00,4711.773524951814,4729.48326048097,4641.91845703125,4641.91845703125,1150300,5339598801.123047
2026-01-14 00:00:00,4644.8701047744535,4685.20894703155,4605.51513671875,4605.51513671875,1194800,5502669485.3515625
2026-01-15 00:00:00,4579.934382365077,4583.869879149064,4515.982559625285,4526.80517578125,1668000,7550711033.203125
2026-01-16 00:00:00,4484.4984840029765,4490.401729045543,4407.756298449613,4442.19189453125,2129300,9458759201.02539
2026-01-19 00:00:00,4410.708121083223,4421.530737485614,4344.788548450482,4381.19189453125,1394300,6108695858.544922
2026-01-20 00:00:00,4362.498073062151,4424.482145818784,4334.949596281424,4402.8369140625,1547500,6813390124.511719
2026-01-21 00:00:00,4348.724107293068,4387.095202357419,4323.143377250169,4386.111328125,1356200,5948444183.203125
2026-01-22 00:00:00,4412.675955985011,4451.047051254445,4390.046848518421,4426.4501953125,1180100,5223653875.488281
2026-01-23 00:00:00,4427.434091095217,4514.01502443219,4402.837235033578,4505.16015625,1405900,6333804663.671875
2026-01-26 00:00:00,4402.837213608233,4437.272811926956,4374.304860715576,4426.4501953125,1402500,6208096398.925781
2026-01-27 00:00:00,4388.079065311651,4397.917807610556,4330.0304857481115,4346.75634765625,1157200,5030066445.5078125
2026-01-28 00:00:00,4294.610890025079,4328.062612879799,4228.691318517249,4260.17529296875,1848500,7874934029.052734
2026-01-29 00:00:00,4183.433329826551,4227.707671275797,4143.094485395016,4201.14306640625,1641900,6897856800.732422
2026-01-30 00:00:00,4223.771710676539,4262.142802387787,4202.126479454811,4241.4814453125,1725000,7316555493.1640625
2026-02-02 00:00:00,4343.804411181496,4365.449642675492,4279.852590858326,4322.1591796875,1184600,5120029764.2578125
2026-02-03 00:00:00,4345.772435942808,4399.885518120045,4323.1433288505095,4343.8046875,1284900,5581354642.96875
2026-02-04 00:00:00,4331.998047314695,4394.965995311093,4311.336689378377,4370.369140625,1382000,6039850152.34375
2026-02-05 00:00:00,4476.627566688939,4553.3697535464635,4455.966208688837,4486.46630859375,1810500,8122747251.708984
2026-02-06 00:00:00,4462.853327371988,4470.724320894689,4376.272398622266,4409.72412109375,1394600,6149801259.277344
2026-02-09 00:00:00,4541.563301282051,4581.902143429487,4471.708233173077,4489.41796875,2829900,12704603909.765625
2026-02-10 00:00:00,4456.950120192308,4758.015625,4443.175881410256,4758.015625,3233200,15383616118.75
2026-02-12 00:00:00,4789.499685373614,4880.01611328125,4704.886502764302,4880.01611328125,2364800,11540262104.6875
2026-02-13 00:00:00,4893.790215252418,5020.709985611799,4880.0159766087645,4984.306640625,3018600,15045628025.390625
2026-02-16 00:00:00,5018.742364328544,5046.290842313488,4893.790339182548,4917.4033203125,1478000,7267922107.421875
2026-02-17 00:00:00,4894.77423828125,4926.25821328125,4857.38701796875,4919.37109375,1138000,5598244304.6875
2026-02-18 00:00:00,4969.548453702625,5052.193884332406,4958.725837786821,5016.7744140625,1392500,6985858371.582031
2026-02-19 00:00:00,4973.48396283318,5017.75830078125,4935.112869944853,5017.75830078125,1069900,5368499606.005859
2026-02-20 00:00:00,5035.468211687586,5063.016689594435,4990.209997983477,5031.53271484375,1480400,7448681031.0546875
2026-02-24 00:00:00,5017.7585014987935,5047.274727978198,4885.919356557452,4995.12939453125,1544100,7712979298.095703
2026-02-25 00:00:00,5042.355044987244,5092.532626898336,5003.000078782466,5085.6455078125,1627400,8276379499.4140625
2026-02-26 00:00:00,5090.56525481468,5153.533205396076,5068.920021802325,5076.791015625,1336400,6784623513.28125
2026-02-27 00:00:00,5035.468332431489,5158.452611750352,5031.532835493286,5156.48486328125,1779900,9178027408.154297
2026-03-02 00:00:00,5019.726024030564,5062.032613413809,4963.645196243472,5015.79052734375,1245100,6245160785.595703
2026-03-03 00:00:00,4973.483972932133,5024.645430220456,4868.209435819623,4903.62890625,1150300,5640644330.859375
2026-03-04 00:00:00,4757.031864161497,4766.870606383134,4657.660567722964,4728.49951171875,1672900,7910306833.154297
2026-03-05 00:00:00,4855.419423119893,4898.7098901142745,4793.435345377937,4816.064453125,1194900,5754715415.0390625
2026-03-06 00:00:00,4713.741100923515,4815.08013941133,4691.111995241769,4781.62841796875,1433200,6853029848.6328125
2026-03-09 00:00:00,4586.821332816389,4776.709045650701,4584.853584496863,4743.25732421875,1339600,6354067511.5234375
2026-03-10 00:00:00,4814.096631161405,4823.935373509988,4743.257686251611,4771.7900390625,1011600,4827142803.515625
2026-03-11 00:00:00,4814.096454326923,4893.790264423077,4790.483473557692,4834.7578125,725400,3507133317.1875
2026-03-12 00:00:00,4776.709234775641,4798.354467147436,4696.031550480769,4719.64453125,1201900,5672540762.109375
2026-03-13 00:00:00,4655.692622453536,4794.418881913796,4654.708748272967,4751.12841796875,1263200,6001625417.578125
2026-03-16 00:00:00,4722.595951075496,4741.289560048503,4659.628005061156,4665.53125,925800,4319348831.25
2026-03-17 00:00:00,4720.628244830767,4783.59619140625,4713.741125674073,4783.59619140625,1072100,5128493476.806641
2026-03-18 00:00:00,4791.467249115268,4868.209435035389,4790.4833749368045,4865.2578125,838600,4080005201.5625
2026-03-19 00:00:00,4754.080204397565,4794.419047191501,4687.1767578125,4687.1767578125,1416500,6639385877.441406
2026-03-23 00:00:00,4624.20874654521,4641.918482170277,4558.289175051906,4605.51513671875,1174300,5408256425.048828
2026-03-24 00:00:00,4674.386466537352,4731.451171875,4659.62835308796,4731.451171875,783400,3706618848.046875
2026-03-25 00:00:00,4800.32217793081,4830.822277852076,4775.725323155595,4793.43505859375,824300,3951228518.798828
2026-03-26 00:00:00,4836.725660935595,4850.499900002539,4781.628704667818,4842.62890625,974000,4716720554.6875
2026-03-27 00:00:00,4881.0,4917.403346099576,4854.435396089498,4881.0,1371600,6694779600.0
2026-03-30 00:00:00,4714.0,4880.0,4705.0,4880.0,1250700,6103416000.0
2026-03-31 00:00:00,4871.0,4953.0,4845.0,4871.0,1191400,5803309400.0
2026-04-01 00:00:00,4941.0,5115.0,4909.0,5115.0,1278600,6540039000.0
2026-04-02 00:00:00,5146.0,5180.0,5003.0,5032.0,1385200,6970326400.0
2026-04-03 00:00:00,5032.0,5065.0,4995.0,5027.0,742700,3733552900.0
2026-04-06 00:00:00,5045.0,5172.0,5034.0,5139.0,1239400,6369276600.0
2026-04-07 00:00:00,5100.0,5163.0,5078.0,5119.0,708900,3628859100.0
2026-04-08 00:00:00,5200.0,5229.0,5152.0,5155.0,1329300,6852541500.0
2026-04-09 00:00:00,5197.0,5233.0,5163.0,5163.0,954500,4928083500.0
2026-04-10 00:00:00,5115.0,5165.0,5016.0,5025.0,1367700,6872692500.0
2026-04-13 00:00:00,4971.0,4988.0,4935.0,4946.0,899900,4450905400.0
2026-04-14 00:00:00,4934.0,4955.0,4850.0,4850.0,1069000,5184650000.0
