timestamps,open,high,low,close,volume,amount
2000-01-04 00:00:00,1624.6906984747025,1627.7105696614583,1555.2336611793155,1585.432373046875,249600,395723920.3125
2000-01-05 00:00:00,1528.0546187753753,1546.173843503937,1479.7366861658772,1534.0943603515625,565000,866763313.5986328
2000-01-06 00:00:00,1512.9558561394012,1518.9956000760856,1494.8366243293485,1503.896240234375,278000,418083154.78515625
2000-01-07 00:00:00,1503.8956720525568,1506.9155428799716,1470.6770929509944,1494.8360595703125,283000,423038604.85839844
2000-01-10 00:00:00,1494.8360595703125,1494.8360595703125,1494.8360595703125,1494.8360595703125,0,0.0
2000-01-11 00:00:00,1540.1342607193885,1573.352842813336,1525.0349052221395,1552.2137451171875,353600,548862780.2734375
2000-01-12 00:00:00,1509.935849281928,1531.0749511718752,1509.935849281928,1531.074951171875,244000,373582288.0859375
2000-01-13 00:00:00,1509.9356689453125,1512.9555402832032,1494.8363122558594,1509.9356689453125,242800,366612380.4199219
2000-01-14 00:00:00,1488.796875,1503.896234787018,1485.7770030425963,1488.796875,209600,312051825.0
2000-01-17 00:00:00,1503.8959262695312,1525.0350256347656,1485.7766982421874,1509.9356689453125,176000,265748677.734375
2000-01-18 00:00:00,1479.7367054332387,1494.8360595703125,1464.6373512961648,1494.8360595703125,194000,289998195.5566406
2000-01-19 00:00:00,1479.737045288086,1479.737045288086,1440.4787155151366,1449.538330078125,137400,199166566.55273438
2000-01-20 00:00:00,1449.5381997699385,1476.717041015625,1434.438843522335,1476.717041015625,116400,171889863.57421875
2000-01-21 00:00:00,1434.438979945232,1464.6376953125,1428.3992368717784,1464.6376953125,228400,334523249.609375
2000-01-24 00:00:00,1449.537997159091,1497.8559303977274,1437.458513849432,1494.8360595703125,173400,259204572.7294922
2000-01-25 00:00:00,1525.035177377554,1576.3729952298677,1506.9159475473257,1570.333251953125,593000,931207618.4082031
2000-01-26 00:00:00,1570.333244842233,1570.333244842233,1525.0351704717839,1555.23388671875,226400,352104951.953125
2000-01-27 00:00:00,1528.0546187753753,1546.173843503937,1518.9950064110944,1534.0943603515625,378400,580501305.9570312
2000-01-28 00:00:00,1546.1744071146245,1546.1744071146245,1494.8365850033967,1528.05517578125,205000,313251311.03515625
2000-01-31 00:00:00,1482.7573276642831,1512.956051241967,1476.7175829487462,1497.856689453125,151200,226475931.4453125
2000-02-01 00:00:00,1479.737289268092,1479.737289268092,1416.319976870888,1434.439208984375,211600,303527336.62109375
2000-02-02 00:00:00,1479.7369122651455,1509.9356247603525,1464.637556017542,1476.717041015625,145400,214714657.76367188
2000-02-03 00:00:00,1467.657566849227,1476.7171814594074,1437.4588514819588,1464.6376953125,178000,260705509.765625
2000-02-04 00:00:00,1464.6379291735195,1467.6578011924341,1428.399464946546,1434.439208984375,184200,264223702.29492188
2000-02-07 00:00:00,1437.458643338096,1555.2336162166373,1434.4387722386462,1552.2137451171875,228000,353904733.88671875
2000-02-08 00:00:00,1518.9955889592406,1522.0154609054816,1464.637893926902,1473.697509765625,137600,202780777.34375
2000-02-09 00:00:00,1518.9950914482483,1518.9950914482483,1446.5181884765625,1446.5181884765625,201200,291039459.5214844
2000-02-10 00:00:00,1422.3596702398254,1446.5186455305231,1404.2404387718022,1428.3994140625,265600,379382884.375
2000-02-11 00:00:00,1428.3994140625,1428.3994140625,1428.3994140625,1428.3994140625,0,0.0
2000-02-14 00:00:00,1419.3394683509746,1437.4586956065189,1398.2003698861727,1404.2401123046875,157600,221308241.69921875
2000-02-15 00:00:00,1389.1411892126755,1449.5386322219224,1374.0418284603638,1398.2008056640625,246200,344237038.3544922
2000-02-16 00:00:00,1428.398776814089,1434.4385179422668,1395.18020060911,1425.37890625,184600,263124946.09375
2000-02-17 00:00:00,1419.3392600932193,1449.5379677547771,1416.3193893270634,1422.359130859375,215200,306091684.9609375
2000-02-18 00:00:00,1407.2601287841796,1449.538330078125,1389.1408996582031,1449.538330078125,197600,286428774.0234375
2000-02-21 00:00:00,1389.1408085225655,1389.1408085225655,1301.5645401591862,1325.7235107421875,276400,366429978.3691406
2000-02-22 00:00:00,1298.5447998046875,1313.6441579419513,1286.4653132948763,1298.5447998046875,181200,235296317.72460938
2000-02-23 00:00:00,1283.4449052265088,1319.683349609375,1238.1468497479261,1319.683349609375,445000,587259090.5761719
2000-02-24 00:00:00,1283.4455678654813,1313.644287109375,1283.4455678654813,1313.644287109375,151400,198885745.06835938
2000-02-25 00:00:00,1283.4450023596366,1298.5443553285736,1238.146943452826,1262.305908203125,364800,460489195.3125
2000-02-28 00:00:00,1232.107582004186,1310.6242416417076,1162.6505369402246,1307.6043701171875,570200,745596011.8408203
2000-02-29 00:00:00,1307.604307468767,1371.0216064453123,1298.5446933292606,1371.0216064453125,453800,622169605.0048828
2000-03-01 00:00:00,1355.9221358738587,1371.0214915071979,1316.663811227177,1343.8426513671875,241600,324672384.5703125
2000-03-02 00:00:00,1298.5446431756563,1328.7433558076484,1268.3459305436643,1322.70361328125,213000,281735869.62890625
2000-03-03 00:00:00,1298.5444759038348,1307.6040885264197,1283.44512153286,1289.48486328125,137000,176659426.26953125
2000-03-06 00:00:00,1304.584543059593,1346.8627458439316,1265.326211902707,1298.5447998046875,324400,421247933.0566406
2000-03-07 00:00:00,1298.5449882489288,1310.6244765117096,1256.2667793291962,1277.4058837890625,411200,525269299.4140625
2000-03-08 00:00:00,1268.3456493906997,1271.3655199844873,1253.246296421763,1262.305908203125,313200,395354210.44921875
2000-03-09 00:00:00,1271.3657465916056,1274.385617723652,1223.0478084788604,1232.107421875,235000,289545244.140625
2000-03-10 00:00:00,1238.147068163585,1244.186809959505,1217.0079718778652,1235.127197265625,799600,987607706.9335938
2000-03-13 00:00:00,1223.0475826987738,1223.0475826987738,1150.5706889092169,1192.848876953125,389400,464495352.6855469
2000-03-14 00:00:00,1147.5509888348095,1147.5509888348095,1108.292665532566,1129.4317626953125,314400,355093346.19140625
2000-03-15 00:00:00,1075.0739596896701,1087.1534423828125,1020.7162875705294,1087.1534423828125,377600,410509139.84375
2000-03-16 00:00:00,1102.2530959324283,1117.3524534109547,1062.9947664882595,1093.1934814453125,208200,227602882.83691406
2000-03-17 00:00:00,1102.2529296875,1147.550995291096,1096.2131876070205,1102.2529296875,267400,294742433.3984375
2000-03-20 00:00:00,1102.2529296875,1102.2529296875,1102.2529296875,1102.2529296875,0,0.0
2000-03-21 00:00:00,1066.0144610109583,1081.113815982785,1011.6567831123824,1023.7362670898438,475400,486684221.3745117
2000-03-22 00:00:00,1029.7760211477253,1081.1138286536236,1029.7760211477253,1059.9747314453125,291200,308664641.796875
2000-03-23 00:00:00,1056.9548480278622,1062.9945900165928,1023.7362670898438,1023.7362670898438,245000,250815385.43701172
2000-03-24 00:00:00,1029.7762192670036,1038.8358340992647,1023.7364760454964,1026.75634765625,438200,449924631.54296875
2000-03-27 00:00:00,1026.756138084209,1029.7760090785744,1014.6766541067477,1023.7362670898438,335000,342951649.47509766
2000-03-28 00:00:00,1020.7163317576949,1023.7362025617117,984.4778821094927,1002.5971069335938,355800,356724050.64697266
2000-03-29 00:00:00,1032.7959082875539,1081.1138455173812,1011.6568107495046,1047.895263671875,563400,590384191.5527344
2000-03-30 00:00:00,1078.0939744405168,1102.2529430554305,1023.7362950569614,1047.895263671875,566200,593318298.2910156
2000-03-31 00:00:00,1041.8558603628524,1047.8956044808979,1014.6770118316474,1044.875732421875,362800,379080915.72265625
2000-04-03 00:00:00,1044.8755222667346,1087.1537225896661,1035.815907911821,1062.9947509765625,409000,434764853.14941406
2000-04-04 00:00:00,1072.0540091036414,1114.3321953781513,1059.9745273109243,1078.09375,609200,656774712.5
2000-04-05 00:00:00,1078.0938303629557,1090.173313056098,1059.9746063232421,1087.1534423828125,341600,371371615.91796875
2000-04-06 00:00:00,1087.1533613445376,1087.1533613445376,1056.954656862745,1078.09375,337400,363748831.25
2000-04-07 00:00:00,1069.0343975466978,1078.0940110852293,1053.9350416491457,1066.0145263671875,211200,225142267.96875
2000-04-10 00:00:00,1081.1140465369592,1099.2332763671875,1078.0941748985877,1099.2332763671875,198600,218307728.68652344
2000-04-11 00:00:00,1090.1736099496072,1093.1934814453125,1072.0543809753756,1093.1934814453125,253400,277015228.1982422
2000-04-12 00:00:00,1123.3920821542813,1150.5709228515625,1123.3920821542813,1150.5709228515625,731000,841067344.6044922
2000-04-13 00:00:00,1147.5511393229167,1153.5908821614582,1111.3126822916665,1132.4517822265625,424600,480839026.73339844
2000-04-14 00:00:00,1117.3524612302026,1123.3922042638794,1087.1537460618188,1108.2928466796875,496800,550599886.2304688
2000-04-17 00:00:00,1044.8755222667346,1062.9947509765625,978.4383503306996,1062.9947509765625,492000,522993417.48046875
2000-04-18 00:00:00,1032.7964363985284,1047.89579950377,1005.6175828090934,1038.836181640625,264400,274668286.42578125
2000-04-19 00:00:00,1026.7566911564318,1053.9355447458665,1026.7566911564318,1038.836181640625,215000,223349779.05273438
2000-04-20 00:00:00,1032.7959082875539,1047.895263671875,1017.6965529032329,1047.895263671875,261800,274338980.0292969
2000-04-21 00:00:00,1026.7560619096664,1032.7958034503115,939.1798095703124,939.1798095703125,557200,523310989.8925781
2000-04-24 00:00:00,1029.7761491028189,1056.9549917477614,1029.7761491028189,1032.7960205078125,239800,247664485.71777344
2000-04-25 00:00:00,1041.8554273858128,1041.8554273858128,984.4778821094927,1002.5971069335938,280000,280727189.94140625
2000-04-26 00:00:00,1002.597386293901,1008.6371295848281,969.3787981938018,999.5775146484375,428600,428418922.7783203
2000-04-27 00:00:00,999.5777298677884,1008.6373467548076,972.3988792067307,981.45849609375,227200,222987370.3125
2000-04-28 00:00:00,981.4581647331331,990.517778561439,960.3190658004195,978.4382934570312,345000,337561211.2426758
2000-05-01 00:00:00,999.5771704101563,1056.9547119140625,990.5175585937501,1056.9547119140625,164400,173763354.63867188
2000-05-02 00:00:00,1066.0145263671875,1069.0343975466978,1041.8555569311038,1066.0145263671875,236000,251579428.22265625
2000-05-03 00:00:00,1066.0145263671875,1066.0145263671875,1066.0145263671875,1066.0145263671875,0,0.0
2000-05-04 00:00:00,1066.0145263671875,1066.0145263671875,1066.0145263671875,1066.0145263671875,0,0.0
2000-05-05 00:00:00,1066.0145263671875,1066.0145263671875,1066.0145263671875,1066.0145263671875,0,0.0
2000-05-08 00:00:00,1081.1137160397648,1087.1534574701543,1066.0143624637903,1075.073974609375,192600,207059247.50976562
2000-05-09 00:00:00,1075.073974609375,1075.073974609375,1075.073974609375,1075.073974609375,0,0.0
2000-05-10 00:00:00,1056.9550637637867,1059.9749353745406,1008.637117991728,1026.75634765625,218400,224243586.328125
2000-05-11 00:00:00,999.5775499748462,1011.6570369836057,966.3589607007576,996.5576782226562,457600,456024793.5546875
2000-05-12 00:00:00,1029.7763022937993,1059.9750208361395,1026.7564304395653,1050.9154052734375,540000,567494318.8476562
2000-05-15 00:00:00,1096.2135066156802,1126.4122258061948,1087.1538908585258,1111.3128662109375,788000,875714538.5742188
2000-05-16 00:00:00,1126.4119610530074,1132.4517034715223,1108.2927337974631,1123.39208984375,690600,775814577.2460938
2000-05-17 00:00:00,1138.4910487124794,1159.6301398026317,1120.3718277780633,1147.5506591796875,612200,702530513.5498047
2000-05-18 00:00:00,1141.5114333649096,1147.5511763985864,1096.2133606123339,1108.2928466796875,279800,310100338.50097656
2000-05-19 00:00:00,1108.2928651751895,1108.2928651751895,1081.1140210700758,1096.21337890625,273600,299923980.46875
2000-05-22 00:00:00,1087.1535272113347,1087.1535272113347,1029.7759799418475,1069.0343017578125,401400,429110368.72558594
2000-05-23 00:00:00,1078.0941748985877,1099.2332763671875,1072.054431621845,1099.2332763671875,301200,331089062.8417969
2000-05-24 00:00:00,1099.2332649128687,1132.451852588807,1084.1339068783511,1126.412109375,627000,706260392.578125
2000-05-25 00:00:00,1156.6108974358976,1183.7897435897437,1147.5512820512822,1177.75,1137200,1339337300.0
2000-05-26 00:00:00,1156.610458807736,1177.7495533551357,1144.5309762092218,1168.68994140625,673200,786762068.5546875
2000-05-29 00:00:00,1171.7098120558787,1177.7495533551357,1156.610458807736,1168.68994140625,272800,318818616.015625
2000-05-30 00:00:00,1168.68994140625,1168.68994140625,1168.68994140625,1168.68994140625,0,0.0
2000-05-31 00:00:00,1192.849014945652,1198.8887567934783,1147.5509510869565,1180.76953125,389600,460027809.375
2000-06-01 00:00:00,1180.7693946548654,1192.848876953125,1162.6501712074762,1192.848876953125,196800,234752658.984375
2000-06-02 00:00:00,1207.948521205357,1232.1074916294642,1195.8690359933034,1226.0677490234375,1400200,1716740062.1826172
2000-06-05 00:00:00,1265.3261279065462,1295.5248421763922,1259.286385052577,1274.3857421875,1693800,2158554570.1171875
2000-06-06 00:00:00,1274.3858267850653,1304.584543059593,1259.2864686478015,1298.5447998046875,739400,960144024.9755859
2000-06-07 00:00:00,1289.4850115909755,1298.5446252555491,1268.3459130403037,1292.5048828125,287000,370948901.3671875
2000-06-08 00:00:00,1307.6044146870456,1319.6839011968568,1268.3460835301598,1298.5447998046875,810000,1051821287.8417969
2000-06-09 00:00:00,1298.544176514797,1313.6435274045039,1292.5044361589141,1310.6236572265625,757800,993190607.4462891
2000-06-12 00:00:00,1310.6236572265625,1319.6832677603868,1295.5243063368555,1310.6236572265625,846600,1109573988.2080078
2000-06-13 00:00:00,1313.6441131662277,1343.8428284114284,1295.5248840191073,1307.6043701171875,1192000,1558664409.1796875
2000-06-14 00:00:00,1310.624189407809,1334.7831606411326,1286.4652181744852,1301.5645751953125,930000,1210455054.9316406
2000-06-15 00:00:00,1271.3661856515066,1280.4258021763394,1244.187336077009,1268.3463134765625,470000,596122767.3339844
2000-06-16 00:00:00,1253.2469526018415,1274.386057826451,1244.187336077009,1268.3463134765625,360800,457619349.90234375
2000-06-19 00:00:00,1244.187027917654,1274.3857421875,1241.1671564906694,1274.3857421875,188400,240094273.828125
2000-06-20 00:00:00,1283.4449052265088,1319.683349609375,1283.4449052265088,1319.683349609375,375600,495673066.11328125
2000-06-21 00:00:00,1325.7236216408864,1371.021695273263,1322.7037500653946,1352.9024658203125,940000,1271728317.8710938
2000-06-22 00:00:00,1361.9620805467878,1368.0018236977712,1325.7236216408864,1352.9024658203125,689600,932961540.4296875
2000-06-23 00:00:00,1334.7832363673617,1352.9024658203125,1331.7633647918701,1352.9024658203125,240800,325778913.76953125
2000-06-26 00:00:00,1340.8230944906886,1343.842966325127,1319.6839916496192,1337.80322265625,149200,199600240.8203125
2000-06-27 00:00:00,1331.7633647918701,1352.9024658203125,1325.7236216408864,1352.9024658203125,223800,302779571.85058594
2000-06-28 00:00:00,1358.9420351774795,1401.2202318274456,1358.9420351774795,1389.1407470703125,1000000,1389140747.0703125
2000-06-29 00:00:00,1395.180671381491,1413.2999008799518,1392.160799798414,1410.280029296875,503800,710499078.7597656
2000-06-30 00:00:00,1395.1807156266839,1407.2602023420663,1386.1211005901469,1401.220458984375,317000,444186885.4980469
2000-07-03 00:00:00,1413.3001618364492,1413.3001618364492,1368.0020797263066,1383.1014404296875,1007000,1392783150.5126953
2000-07-04 00:00:00,1395.1809289923922,1419.3399061178015,1383.1014404296875,1383.1014404296875,614000,849224284.4238281
2000-07-05 00:00:00,1428.398914826222,1437.45852739383,1392.1604645557893,1413.299560546875,1431400,2022996990.9667969
2000-07-06 00:00:00,1398.2003341375614,1410.2798186657476,1352.9022671568628,1386.120849609375,1287000,1783937533.4472656
2000-07-07 00:00:00,1389.1407207414215,1410.2798186657476,1371.0214939491423,1386.120849609375,948000,1314042565.4296875
2000-07-10 00:00:00,1389.1407207414215,1398.2003341375614,1371.0214939491423,1386.120849609375,190600,264194633.93554688
2000-07-11 00:00:00,1383.100626717033,1383.100626717033,1352.9019230769231,1374.041015625,598000,821676527.34375
2000-07-12 00:00:00,1386.120883713276,1392.16062612597,1352.9023004434591,1361.9619140625,1131200,1540651317.1875
2000-07-13 00:00:00,1349.8827502020474,1349.8827502020474,1283.4455678654813,1313.644287109375,644200,846249649.7558594
2000-07-14 00:00:00,1301.5641274179418,1337.802571800808,1298.544257052703,1319.683349609375,315200,415964191.796875
2000-07-17 00:00:00,1334.783097752985,1337.8029690148696,1265.3260587296395,1280.4254150390625,992600,1270950266.9677734
2000-07-18 00:00:00,1280.4251589536098,1295.524512243157,1244.1867110586963,1265.3258056640625,547800,693145476.3427734
2000-07-19 00:00:00,1280.4251589536098,1295.524512243157,1244.1867110586963,1265.3258056640625,547800,693145476.3427734
2000-07-20 00:00:00,1265.3258056640625,1265.3258056640625,1265.3258056640625,1265.3258056640625,0,0.0
2000-07-21 00:00:00,1223.0482387780548,1238.1475997506234,1207.9488778054863,1210.96875,451200,546389100.0
2000-07-24 00:00:00,1207.948717948718,1207.948717948718,1165.6705128205128,1177.75,355800,419043450.0
2000-07-25 00:00:00,1192.8493589743591,1195.8692307692309,1168.6903846153848,1177.75,608400,716543100.0
2000-07-26 00:00:00,1177.7499266923592,1186.8095415130697,1126.412109375,1126.412109375,458200,516122028.515625
2000-07-27 00:00:00,1111.3122173108552,1147.5506591796875,1096.2128665321752,1147.5506591796875,416200,477610584.35058594
2000-07-28 00:00:00,1159.6305634469697,1207.9485035905934,1144.5312071520873,1195.8690185546875,479800,573777955.1025391
2000-07-31 00:00:00,1105.273077540642,1153.591026285588,1093.1935903544054,1120.3724365234375,281600,315496878.125
2000-08-01 00:00:00,1132.451923076923,1186.8096153846154,1132.451923076923,1177.75,178800,210581700.0
2000-08-02 00:00:00,1177.749870003044,1177.749870003044,1147.5511553875813,1162.6505126953125,159000,184861431.5185547
2000-08-03 00:00:00,1168.6904702702425,1168.6904702702425,1132.4520060758164,1144.531494140625,126400,144668780.859375
2000-08-04 00:00:00,1132.4518081989693,1144.5312941530917,1132.4518081989693,1135.4716796875,124200,141025582.6171875
2000-08-07 00:00:00,1147.5510784110638,1195.8690185546875,1147.5510784110638,1195.8690185546875,166800,199470952.29492188
2000-08-08 00:00:00,1165.6702787944962,1177.7497635488435,1132.4516957200417,1150.5709228515625,201000,231264755.49316406
2000-08-09 00:00:00,1147.5506591796875,1156.6102696468956,1141.5109188682154,1147.5506591796875,155800,178788392.7001953
2000-08-10 00:00:00,1174.7297474817576,1198.8887140109455,1168.6900058494607,1189.8291015625,185000,220118383.7890625
2000-08-11 00:00:00,1189.8292260263481,1238.147164139093,1189.8292260263481,1232.107421875,229400,282645442.578125
2000-08-14 00:00:00,1232.1076260429786,1244.1871125728117,1183.7896799236462,1198.8890380859375,163400,195898468.8232422
2000-08-15 00:00:00,1217.007875137511,1268.345676321972,1217.007875137511,1265.3258056640625,326000,412496212.6464844
2000-08-16 00:00:00,1265.3263955262819,1289.4853720518433,1241.1674190007204,1277.4058837890625,153800,196465024.9267578
2000-08-17 00:00:00,1283.4454656804648,1286.465337364419,1223.0480320013842,1244.1871337890625,218200,271481632.59277344
2000-08-18 00:00:00,1274.386057826451,1277.405930001395,1241.1674639020648,1268.3463134765625,183000,232107375.36621094
2000-08-21 00:00:00,1238.1475917271205,1268.3463134765625,1238.1475917271205,1268.3463134765625,141000,178836830.2001953
2000-08-22 00:00:00,1253.2463230324247,1265.3258056640625,1232.1072284270585,1265.3258056640625,128400,162467833.44726562
2000-08-23 00:00:00,1235.1275187372005,1259.2864922088327,1232.1076470532464,1244.1871337890625,149400,185881557.78808594
2000-08-24 00:00:00,1232.1072284270585,1277.4052882957003,1229.087357769149,1265.3258056640625,208600,263946963.06152344
2000-08-25 00:00:00,1265.3264413016184,1268.3463134765625,1256.2668247767858,1268.3463134765625,186000,235912414.30664062
2000-08-28 00:00:00,1256.2664443597562,1256.2664443597562,1229.0876030154345,1238.147216796875,210600,260753803.85742188
2000-08-29 00:00:00,1223.0482308523995,1268.3463134765625,1213.988614327567,1268.3463134765625,263000,333575080.44433594
2000-08-30 00:00:00,1241.1670697021484,1247.206812133789,1201.9087438964843,1207.948486328125,155200,187473605.078125
2000-08-31 00:00:00,1204.9287109375,1220.0280682174184,1195.869096569549,1204.9287109375,163200,196644365.625
2000-09-01 00:00:00,1204.9288461538463,1207.948717948718,1165.6705128205128,1177.75,237600,279833400.0
2000-09-04 00:00:00,1177.7500510702328,1189.8295387735172,1150.5712037378428,1183.789794921875,166200,196745863.91601562
2000-09-05 00:00:00,1168.6906488448228,1177.7502662777283,1147.5515415013763,1165.6707763671875,115600,134751541.74804688
2000-09-06 00:00:00,1159.6307698787064,1162.6506416752654,1108.292949337201,1120.3724365234375,284800,319082069.921875
2000-09-07 00:00:00,1129.4319697674655,1156.6108139597306,1126.412098190547,1153.5909423828125,147600,170270023.09570312
2000-09-08 00:00:00,1213.9881657025287,1213.9881657025287,1186.809326171875,1186.809326171875,543800,645386911.5722656
2000-09-11 00:00:00,1186.8095220672042,1186.8095220672042,1126.412090918746,1138.4915771484375,132200,150508586.49902344
2000-09-12 00:00:00,1153.5909538371313,1153.5909538371313,1123.3922377680965,1126.412109375,148200,166934274.609375
2000-09-13 00:00:00,1126.412262043412,1144.531494140625,1123.3923900272098,1144.531494140625,144600,165499254.05273438
2000-09-14 00:00:00,1156.6102696468956,1159.6301398026317,1138.4910487124794,1147.5506591796875,139400,159968561.88964844
2000-09-15 00:00:00,1147.5506591796875,1147.5506591796875,1147.5506591796875,1147.5506591796875,0,0.0
2000-09-18 00:00:00,1144.5311014488261,1144.5311014488261,1129.4317465484457,1141.51123046875,95200,108671869.140625
2000-09-19 00:00:00,1132.4513084010073,1147.5506591796875,1117.3519576223273,1147.5506591796875,137200,157443950.43945312
2000-09-20 00:00:00,1147.5513318120218,1183.789794921875,1147.5513318120218,1183.789794921875,208800,247175309.1796875
2000-09-21 00:00:00,1165.6705982540402,1168.6904702702425,1141.511622124423,1144.531494140625,123600,141464092.67578125
2000-09-22 00:00:00,1132.4517922323257,1144.531278016137,1105.27294921875,1105.27294921875,175400,193864875.29296875
2000-09-25 00:00:00,1135.4715746807797,1141.5113170992945,1114.332476215978,1123.39208984375,118400,133009623.4375
2000-09-26 00:00:00,1117.3525132590194,1132.4518715463034,1108.292898286649,1114.3326416015625,62000,69088623.77929688
2000-09-27 00:00:00,1126.4115680895354,1162.6500099583675,1111.3122173108552,1147.5506591796875,272600,312822309.6923828
2000-09-28 00:00:00,1132.4517822265625,1135.4716536458332,1123.3921679687498,1132.4517822265625,171400,194102235.4736328
2000-09-29 00:00:00,1165.6707763671875,1186.809883710634,1141.5117965461059,1165.6707763671875,470400,548331533.203125
2000-10-02 00:00:00,1147.5506591796875,1147.5506591796875,1132.4513084010073,1147.5506591796875,264400,303412394.2871094
2000-10-03 00:00:00,1150.5707809525697,1198.8887140109455,1150.5707809525697,1189.8291015625,353400,420485604.4921875
2000-10-04 00:00:00,1189.82900637856,1198.888618102255,1165.6700417820412,1192.848876953125,429200,511970737.98828125
2000-10-05 00:00:00,1201.9089097183958,1201.9089097183958,1180.7698082911877,1198.8890380859375,192400,230666250.92773438
2000-10-06 00:00:00,1177.749825703729,1189.8293110955622,1168.6902116598542,1171.7100830078125,167600,196378609.91210938
2000-10-09 00:00:00,1171.7100830078125,1171.7100830078125,1171.7100830078125,1171.7100830078125,0,0.0
2000-10-10 00:00:00,1171.7096204255756,1171.7096204255756,1135.4711785567433,1147.5506591796875,196400,225378949.46289062
2000-10-11 00:00:00,1147.551059517809,1147.551059517809,1102.2529913789483,1123.39208984375,182800,205356074.0234375
2000-10-12 00:00:00,1111.3127077792553,1147.5511656416222,1111.3127077792553,1135.4716796875,174800,198480449.609375
2000-10-13 00:00:00,1105.2728007277397,1117.3522848886987,1096.2131876070205,1102.2529296875,253600,279531342.96875
2000-10-16 00:00:00,1102.2529296875,1102.2529296875,1102.2529296875,1102.2529296875,0,0.0
2000-10-17 00:00:00,1144.531494140625,1147.5513661568273,1135.4718780920184,1144.531494140625,147000,168246129.63867188
2000-10-18 00:00:00,1117.352479876894,1120.3723514441288,1087.1537642045455,1096.21337890625,157800,172982471.19140625
2000-10-19 00:00:00,1096.2134047288162,1108.2928912823018,1072.054431621845,1099.2332763671875,143800,158069745.14160156
2000-10-20 00:00:00,1114.3325792677858,1144.5312941530917,1114.3325792677858,1135.4716796875,184800,209835166.40625
2000-10-23 00:00:00,1141.51123046875,1159.6304563492063,1132.4516175285219,1141.51123046875,108800,124196421.875
2000-10-24 00:00:00,1126.4120652219083,1147.5511656416222,1126.4120652219083,1135.4716796875,72000,81753960.9375
2000-10-25 00:00:00,1147.5511955492425,1147.5511955492425,1087.1537642045455,1096.21337890625,116600,127818479.98046875
2000-10-26 00:00:00,1081.113832405822,1105.2728007277397,1072.0542192851028,1102.2529296875,136400,150347299.609375
2000-10-27 00:00:00,1102.2529296875,1102.2529296875,1102.2529296875,1102.2529296875,0,0.0
2000-10-30 00:00:00,996.5576003888331,999.577471905163,912.0011979315988,987.4979858398438,455400,449706582.75146484
2000-10-31 00:00:00,996.5573853221019,1081.11376953125,993.5375144574895,1081.11376953125,468000,505961244.140625
2000-11-01 00:00:00,1066.0142682072828,1081.1136204481793,1059.9745273109243,1078.09375,166600,179610418.75
2000-11-02 00:00:00,1078.09375,1102.252713585434,1072.0540091036414,1078.09375,110600,119237168.75
2000-11-03 00:00:00,1078.09375,1078.09375,1078.09375,1078.09375,0,0.0
2000-11-06 00:00:00,1108.2926817198056,1141.5112634607262,1096.21319745038,1117.352294921875,147800,165144669.18945312
2000-11-07 00:00:00,1099.2330685177365,1117.352294921875,1099.2330685177365,1117.352294921875,72000,80449365.234375
2000-11-08 00:00:00,1111.3126050067206,1129.4318322622648,1108.2927337974631,1123.39208984375,83400,93690900.29296875
2000-11-09 00:00:00,1138.4912438286674,1141.511114501953,1087.1534423828125,1087.1534423828125,111400,121108893.48144531
2000-11-10 00:00:00,1072.0542192851028,1102.2529296875,1069.034348244863,1102.2529296875,189200,208546254.296875
2000-11-13 00:00:00,1072.0541569374127,1087.1535112604747,1041.8554482912884,1081.11376953125,164000,177302658.203125
2000-11-14 00:00:00,1078.0941082347522,1078.0941082347522,1044.8755222667346,1062.9947509765625,100200,106512074.04785156
2000-11-15 00:00:00,1078.0939035497627,1081.1137744280534,1041.855453010275,1053.9349365234375,109000,114878908.08105469
2000-11-16 00:00:00,1056.9547692123724,1062.9945107507288,1035.815673828125,1035.815673828125,163600,169459444.23828125
2000-11-17 00:00:00,1035.8160078009087,1035.8160078009087,1005.6172903723108,1017.69677734375,236000,240176439.453125
2000-11-20 00:00:00,1014.6765823821108,1014.6765823821108,984.4778745731194,1008.6368408203125,129800,130921061.93847656
2000-11-21 00:00:00,978.4384477095172,996.5576782226564,972.3987042051374,996.5576782226562,184000,183366612.79296875
2000-11-22 00:00:00,1005.617293479226,1017.6967804879854,984.4781912138968,996.5576782226562,85600,85305337.25585938
2000-11-23 00:00:00,996.5576782226564,996.5576782226564,996.5576782226564,996.5576782226562,0,0.0
2000-11-24 00:00:00,981.4579352779665,1041.8553466796875,981.4579352779665,1041.8553466796875,169000,176073553.5888672
2000-11-27 00:00:00,1056.9548769024675,1059.9747479793316,1014.6766818263688,1047.895263671875,187000,195956414.30664062
2000-11-28 00:00:00,1044.8752172497734,1047.8950878198596,1020.7162526890851,1041.8553466796875,136000,141692327.1484375
2000-11-29 00:00:00,1032.796136058049,1032.796136058049,996.5576751437314,1017.69677734375,155400,158150079.19921875
2000-11-30 00:00:00,996.5576244752798,1017.696725600513,987.4980097073227,1011.656982421875,135400,136978355.41992188
2000-12-01 00:00:00,1008.6370648470792,1062.9947509765625,996.5575790405273,1062.9947509765625,186400,198142221.58203125
2000-12-04 00:00:00,1056.9548604155539,1087.153570713141,1056.9548604155539,1059.9747314453125,205000,217294819.94628906
2000-12-05 00:00:00,1072.0543039475974,1093.1934028986768,1059.9748188326948,1084.1337890625,234800,254554613.671875
2000-12-06 00:00:00,1129.4318582433843,1138.4914720795612,1084.1337890625,1084.1337890625,242400,262794030.46875
2000-12-07 00:00:00,1081.11376953125,1081.11376953125,1041.8554482912884,1081.11376953125,152000,164329292.96875
2000-12-08 00:00:00,1111.3126305710305,1111.3126305710305,1056.9549475539693,1084.1337890625,703800,763013360.7421875
2000-12-11 00:00:00,1069.0342446113227,1114.3323058236667,1069.0342446113227,1090.17333984375,200800,218906806.640625
2000-12-12 00:00:00,1114.3324138484588,1123.392026969178,1102.2529296875,1102.2529296875,179200,197523725.0
2000-12-13 00:00:00,1099.233224436723,1111.3127104195441,1093.1934814453125,1093.1934814453125,148400,162229912.64648438
2000-12-14 00:00:00,1108.2928227511318,1111.3126942027698,1062.9947509765625,1062.9947509765625,162400,172630347.55859375
2000-12-15 00:00:00,1056.9550080732865,1099.233208396218,1044.8755222667346,1062.9947509765625,335200,356315840.52734375
2000-12-18 00:00:00,1050.9154765399205,1053.9353485989434,1032.796244185784,1044.875732421875,144000,150462105.46875
2000-12-19 00:00:00,1038.8358267257463,1038.8358267257463,1011.656982421875,1011.656982421875,184400,186549547.55859375
2000-12-20 00:00:00,1011.6567193456443,1020.7163317576949,1002.5971069335938,1002.5971069335938,187000,187485658.99658203
2000-12-21 00:00:00,996.5575567192338,996.5575567192338,951.2594859592687,975.41845703125,308200,300623968.45703125
2000-12-22 00:00:00,975.4184135951878,984.4780273437499,966.3587998466257,984.47802734375,193400,190398050.48828125
2000-12-25 00:00:00,1026.75634036847,1026.75634036847,990.5178812966418,1011.656982421875,146800,148511245.01953125
2000-12-26 00:00:00,1020.7166490866098,1020.7166490866098,999.5775468865912,1017.69677734375,76000,77344955.078125
2000-12-27 00:00:00,996.5576244752798,1011.656982421875,990.5178812966418,1011.656982421875,77400,78302250.43945312
2000-12-28 00:00:00,996.5577748771135,1002.5975189672778,981.4584146517027,993.5379028320312,163200,162145385.7421875
2000-12-29 00:00:00,1005.6173095703125,1005.6173095703125,984.4782069667324,1005.6173095703125,94600,95131397.48535156
2001-01-01 00:00:00,1005.6173095703125,1005.6173095703125,1005.6173095703125,1005.6173095703125,0,0.0
2001-01-02 00:00:00,1005.6173095703125,1005.6173095703125,1005.6173095703125,1005.6173095703125,0,0.0
2001-01-03 00:00:00,1005.6173095703125,1005.6173095703125,1005.6173095703125,1005.6173095703125,0,0.0
2001-01-04 00:00:00,990.5176126657957,999.5772249767634,939.1798095703124,939.1798095703125,96600,90724769.60449219
2001-01-05 00:00:00,969.3788324529476,996.5576782226564,963.3390889485678,996.5576782226562,202600,201902585.60791016
2001-01-08 00:00:00,996.5576782226564,996.5576782226564,996.5576782226564,996.5576782226562,0,0.0
2001-01-09 00:00:00,1005.617293479226,1005.617293479226,969.3788324529476,996.5576782226562,133600,133140105.81054688
2001-01-10 00:00:00,993.5375311957465,993.5375311957465,945.219596547929,951.2593383789062,103400,98360215.5883789
2001-01-11 00:00:00,951.2595685114626,951.2595685114626,918.0409804047131,921.0608520507812,179400,165238316.85791016
2001-01-12 00:00:00,927.1004145033309,963.3388671875001,927.1004145033309,963.3388671875,234000,225421294.921875
2001-01-15 00:00:00,993.5378064704664,996.5576782226564,978.4384477095172,996.5576782226562,91600,91284683.32519531
2001-01-16 00:00:00,996.5576244752798,1011.656982421875,987.4980097073227,1011.656982421875,102400,103593675.0
2001-01-17 00:00:00,1011.6567193456443,1011.6567193456443,981.4580113054758,1002.5971069335938,94000,94244128.05175781
2001-01-18 00:00:00,1011.656640978827,1041.8553466796875,999.5771586984828,1041.8553466796875,181600,189200930.95703125
2001-01-19 00:00:00,1053.9348413085938,1093.1931591796877,1041.8553588867187,1056.9547119140625,271000,286434726.92871094
2001-01-22 00:00:00,1041.855463577529,1084.1336563024142,1035.8157217596884,1069.0343017578125,164200,175535432.3486328
2001-01-23 00:00:00,1056.9548604155539,1072.0542155643475,1050.9151183560364,1059.9747314453125,160600,170231941.8701172
2001-01-24 00:00:00,1072.0540091036414,1084.1334908963586,1044.875175070028,1078.09375,193600,208718950.0
2001-01-25 00:00:00,1081.1137853934938,1084.1336563024142,1059.9746890310512,1069.0343017578125,118200,126359854.46777344
2001-01-26 00:00:00,1053.934989385795,1066.01447350483,1047.8952473262775,1059.9747314453125,192200,203727143.38378906
2001-01-29 00:00:00,1056.9547239491637,1072.0540771484375,1056.9547239491637,1072.0540771484375,123200,132077062.3046875
2001-01-30 00:00:00,1072.0547804721566,1072.0547804721566,1026.7566911564318,1038.836181640625,151600,157487565.13671875
2001-01-31 00:00:00,1056.9547119140625,1056.9547119140625,1044.8752294921876,1056.9547119140625,106000,112037199.46289062
2001-02-01 00:00:00,1032.7957470703125,1056.9547119140625,1032.7957470703125,1056.9547119140625,98400,104004343.65234375
2001-02-02 00:00:00,1056.9546995301178,1056.9546995301178,1035.8156055395154,1041.8553466796875,75000,78139151.00097656
2001-02-05 00:00:00,1041.855419410203,1041.855419410203,996.5573576967159,1008.6368408203125,77800,78471946.21582031
2001-02-06 00:00:00,993.5374945215432,1050.9150397978633,960.3189156773578,1002.5971069335938,269600,270300180.0292969
2001-02-07 00:00:00,987.4978151574599,1035.815751067305,987.4978151574599,1023.7362670898438,109800,112406242.12646484
2001-02-08 00:00:00,1014.6765901496611,1035.8156857777792,999.5772361295769,1002.5971069335938,132200,132543337.5366211
2001-02-09 00:00:00,987.4983318873815,1020.7169302077521,987.4983318873815,1014.6771850585938,261600,265439551.61132812
2001-02-12 00:00:00,1014.6771850585939,1014.6771850585939,1014.6771850585939,1014.6771850585938,0,0.0
2001-02-13 00:00:00,1020.7166300575055,1035.8159884903089,1008.6371433112629,1029.7762451171875,78200,80528502.36816406
2001-02-14 00:00:00,1020.7163960954784,1026.756138084209,1008.6369121180171,1023.7362670898438,151200,154788923.58398438
2001-02-15 00:00:00,999.5775146484374,1011.6570012302916,993.5377713575103,999.5775146484375,347000,346853397.5830078
2001-02-16 00:00:00,999.5776469221956,999.5776469221956,993.5379028320312,993.5379028320312,246800,245205154.4189453
2001-02-19 00:00:00,993.5377288725033,993.5377288725033,975.4184997745245,987.4979858398438,77600,76629843.70117188
2001-02-20 00:00:00,987.4978985932706,990.5177698427914,972.3985423456671,984.47802734375,153000,150625138.18359375
2001-02-21 00:00:00,978.4383284152477,978.4383284152477,966.358842879257,975.41845703125,76400,74521970.1171875
2001-02-22 00:00:00,966.3588959316037,972.3986390311762,948.2396666328862,960.3191528320312,167200,160565362.35351562
2001-02-23 00:00:00,969.3788294579932,1020.7166490866098,969.3788294579932,1017.69677734375,251600,256052509.1796875
2001-02-26 00:00:00,1026.7560615205903,1038.8355445973032,1020.7163199822339,1035.815673828125,188200,194940509.81445312
2001-02-27 00:00:00,1026.7559938292572,1044.8752172497734,1014.676511548913,1041.8553466796875,117200,122105446.63085938
2001-02-28 00:00:00,1026.7562248370398,1026.7562248370398,984.4780273437499,984.47802734375,172400,169724011.9140625
2001-03-01 00:00:00,999.5775499748462,1002.597421727036,981.458319461707,996.5576782226562,145000,144500863.34228516
2001-03-02 00:00:00,975.4184308733259,987.4979160853794,966.3588169642857,972.3985595703125,164200,159667843.4814453
2001-03-05 00:00:00,981.458253680535,981.458253680535,957.2992812822449,960.3191528320312,91800,88157298.22998047
2001-03-06 00:00:00,963.3392623197115,981.4584960937499,960.3193900240384,981.45849609375,238000,233587122.0703125
2001-03-07 00:00:00,1020.7162526890851,1041.8553466796875,1011.656640978827,1041.8553466796875,353800,368608421.65527344
2001-03-08 00:00:00,1041.8553466796875,1041.8553466796875,996.5572881283967,1041.8553466796875,216200,225249125.95214844
2001-03-09 00:00:00,1017.6964531630099,1026.7560655057073,999.5772284776151,1008.6368408203125,566000,570888451.9042969
2001-03-12 00:00:00,984.4780182169976,993.5376318815712,969.378662109375,969.378662109375,128400,124468220.21484375
2001-03-13 00:00:00,927.1005953429175,936.1602102811219,908.9813654665087,921.0608520507812,339600,312792265.3564453
2001-03-14 00:00:00,921.0608520507812,921.0608520507812,921.0608520507812,921.0608520507812,0,0.0
2001-03-15 00:00:00,890.8623507107732,939.1803087154252,869.7232440837379,933.1405639648438,256600,239443868.7133789
2001-03-16 00:00:00,936.1601307850011,963.3389732916625,908.9812882783398,912.0011596679688,296200,270134743.49365234
2001-03-19 00:00:00,921.0608092653395,954.2793958290074,905.9614517363995,908.9813232421875,237400,215792166.1376953
2001-03-20 00:00:00,908.9813232421875,908.9813232421875,908.9813232421875,908.9813232421875,0,0.0
2001-03-21 00:00:00,893.8818008422851,966.3587036132812,893.8818008422851,966.3587036132812,506400,489364047.5097656
2001-03-22 00:00:00,951.2595685114626,963.3390550957351,915.0211087586449,921.0608520507812,499600,460162001.6845703
2001-03-23 00:00:00,930.1202920236894,951.2593895696824,921.0606787896925,936.1600341796875,798000,747055707.2753906
2001-03-26 00:00:00,966.3589085820895,1011.656982421875,954.2794222248134,1011.656982421875,600200,607196520.8496094
2001-03-27 00:00:00,1014.7318415715143,1014.7318415715143,983.982391826923,999.3571166992188,366800,366564190.40527344
2001-03-28 00:00:00,1008.5819516225961,1017.8067865459735,999.3571166992188,999.3571166992188,386400,386151589.8925781
2001-03-29 00:00:00,983.9826333598726,983.9826333598726,953.2331760673766,965.532958984375,527600,509415189.16015625
2001-03-30 00:00:00,956.3078002929688,977.8324131612992,956.3078002929688,956.3078002929688,399800,382331858.5571289
2001-04-02 00:00:00,965.5325794709034,968.6075239915115,950.1578568678636,959.3826904296875,347200,333097670.1171875
2001-04-03 00:00:00,950.1575852431259,956.307472526253,937.857810676872,947.0826416015625,475800,450621920.87402344
2001-04-04 00:00:00,940.932861328125,947.0827493106617,934.7829733455883,940.932861328125,303000,285102656.9824219
2001-04-05 00:00:00,956.3078002929688,968.6075790748719,953.232855597493,956.3078002929688,391800,374681396.15478516
2001-04-06 00:00:00,1008.5822160883281,1017.8070534305994,971.682866719243,974.7578125,586200,571403029.6875
2001-04-09 00:00:00,987.0571911151593,990.1321356357672,959.3826904296875,959.3826904296875,448800,430570951.46484375
2001-04-10 00:00:00,968.6075790748719,977.8324131612992,947.0829662065414,956.3078002929688,445800,426322017.37060547
2001-04-11 00:00:00,971.6827474454554,1008.5820922851564,971.6827474454554,1008.5820922851562,552200,556939031.3598633
2001-04-12 00:00:00,996.2822205156733,1008.5820010158668,980.9074948904315,993.207275390625,435000,432045164.7949219
2001-04-13 00:00:00,1002.4320565412144,1033.1815061283683,1002.4320565412144,1027.0316162109375,942200,967669188.7939453
2001-04-16 00:00:00,1039.331396045799,1051.6311758806605,1020.8817262935066,1027.0316162109375,641800,659148891.2841797
2001-04-17 00:00:00,1020.8818060732034,1020.8818060732034,996.282244481078,1005.507080078125,287600,289183836.23046875
2001-04-18 00:00:00,1020.8816308015902,1042.406243499214,1014.731741459412,1039.331298828125,470400,488901442.96875
2001-04-19 00:00:00,1060.856182179062,1060.856182179062,1014.7320003451897,1017.8069458007812,871800,887324095.3491211
2001-04-20 00:00:00,1023.9566774282882,1033.1815123600745,1011.6568975192397,1030.1065673828125,729000,750947687.6220703
2001-04-23 00:00:00,1030.1065611696529,1045.4812859632298,1023.956671252222,1027.0316162109375,391600,402185580.9082031
2001-04-24 00:00:00,1023.956701768183,1042.4063720703125,999.3571413653439,1042.4063720703125,372800,388609095.5078125
2001-04-25 00:00:00,1048.5562088448662,1085.4555475725447,1048.5562088448662,1076.230712890625,1514000,1629413299.3164062
2001-04-26 00:00:00,1048.5562088448662,1085.4555475725447,1048.5562088448662,1076.230712890625,1514000,1629413299.3164062
2001-04-27 00:00:00,1128.5048085387325,1128.5048085387325,1079.3056888204226,1091.60546875,982800,1072829854.6875
2001-04-30 00:00:00,1091.60546875,1091.60546875,1091.60546875,1091.60546875,0,0.0
2001-05-01 00:00:00,1122.3546624952746,1150.0291610225554,1106.9799410912299,1143.8792724609375,1706000,1951458038.8183594
2001-05-02 00:00:00,1168.4790603912274,1199.2285093488915,1150.0293910166292,1196.153564453125,2085600,2494697874.0234375
2001-05-03 00:00:00,1196.153564453125,1196.153564453125,1196.153564453125,1196.153564453125,0,0.0
2001-05-04 00:00:00,1196.153564453125,1196.153564453125,1196.153564453125,1196.153564453125,0,0.0
2001-05-07 00:00:00,1229.9779049821002,1288.40185546875,1226.902960219645,1288.40185546875,21872,28179925.3828125
2001-05-08 00:00:00,1303.7763108473557,1322.2259756234976,1279.1767578125,1279.1767578125,29000,37096125.9765625
2001-05-09 00:00:00,1294.5521240234375,1313.0017980000187,1273.027504384093,1294.5521240234375,17748,22975711.09716797
2001-05-10 00:00:00,1322.2264371466229,1368.3506151866213,1251.5026974852917,1257.652587890625,25928,32608416.298828125
2001-05-11 00:00:00,1303.7762876998545,1343.7505606717841,1300.7013436250907,1322.2259521484375,16754,22152573.602294922
2001-05-14 00:00:00,1309.9264156592153,1309.9264156592153,1251.5024675429593,1263.80224609375,7460,9427964.755859375
2001-05-15 00:00:00,1263.8022063078704,1266.8771508487653,1233.0527608989196,1245.3525390625,862000,1073493888.671875
2001-05-16 00:00:00,1254.5770288584183,1254.5770288584183,1202.3029859893177,1205.3779296875,489400,589911958.7890625
2001-05-17 00:00:00,1233.052978515625,1245.3527588499455,1217.6782530977246,1233.052978515625,567600,699880870.6054688
2001-05-18 00:00:00,1248.4275357521187,1282.2519271148608,1233.0528124054176,1269.9521484375,580200,736826236.5234375
2001-05-21 00:00:00,1291.4770153985507,1313.00163232186,1269.9523984752416,1273.02734375,576600,734027566.40625
2001-05-22 00:00:00,1300.7020153489646,1316.076743662782,1291.477178360674,1294.5521240234375,619800,802363406.4697266
2001-05-23 00:00:00,1288.4018031953315,1288.4018031953315,1239.2026889921685,1263.80224609375,281200,355381191.6015625
2001-05-24 00:00:00,1260.7270930363582,1282.251701941857,1257.6521489070012,1279.1767578125,376600,481737966.9921875
2001-05-25 00:00:00,1279.1767578125,1303.7763108473557,1273.0268695537861,1279.1767578125,581200,743457531.640625
2001-05-28 00:00:00,1254.5774828435174,1254.5774828435174,1229.9779243563896,1239.2027587890625,262800,325662485.0097656
2001-05-29 00:00:00,1208.4531653841636,1245.3524986783366,1208.4531653841636,1226.90283203125,359000,440458116.69921875
2001-05-30 00:00:00,1202.3033961245887,1208.4532856188323,1168.47900390625,1168.47900390625,385200,450098112.3046875
2001-05-31 00:00:00,1162.328986255978,1174.6287638883164,1140.804375399386,1165.4039306640625,481000,560559290.6494141
2001-06-01 00:00:00,1186.9286409174729,1223.8279769045446,1186.9286409174729,1211.5281982421875,358000,433727094.9707031
2001-06-04 00:00:00,1202.3029859893177,1208.4528733856823,1186.9282674984056,1205.3779296875,124600,150190090.0390625
2001-06-05 00:00:00,1205.3783800194299,1205.3783800194299,1171.5539867025582,1186.9287109375,181800,215783639.6484375
2001-06-06 00:00:00,1205.3782492897728,1205.3782492897728,1174.6288041548296,1183.8536376953125,277000,327927457.64160156
2001-06-07 00:00:00,1190.0039119130558,1199.2287484395135,1174.6291843689594,1193.078857421875,188400,224776056.73828125
2001-06-08 00:00:00,1223.828118850362,1233.0529539170734,1208.4533937391766,1220.753173828125,777200,948769366.6992188
2001-06-11 00:00:00,1199.2282152425557,1199.2282152425557,1174.628662109375,1174.628662109375,189600,222709594.3359375
2001-06-12 00:00:00,1168.4789580889747,1177.7037919686243,1146.954345703125,1146.954345703125,314200,360373055.4199219
2001-06-13 00:00:00,1153.1043701171875,1168.4790950520833,1137.7296451822917,1153.1043701171875,268800,309954454.6875
2001-06-14 00:00:00,1153.1042801706415,1177.7038381476152,1153.1042801706415,1168.47900390625,173200,202380563.4765625
2001-06-15 00:00:00,1153.1042801706415,1168.47900390625,1122.3548326994244,1168.47900390625,276000,322500205.078125
2001-06-18 00:00:00,1143.87953515625,1159.2542600911459,1143.87953515625,1153.1043701171875,94600,109083673.41308594
2001-06-19 00:00:00,1168.4790887679644,1186.9287585906166,1137.7296390635443,1150.0294189453125,161800,186074759.98535156
2001-06-20 00:00:00,1159.2540418478934,1174.6287638883164,1146.954264215555,1165.4039306640625,141800,165254277.36816406
2001-06-21 00:00:00,1177.7038069207051,1217.678087573366,1174.6288622551158,1211.5281982421875,213200,258297811.86523438
2001-06-22 00:00:00,1242.277627191311,1269.952128787157,1233.052793326029,1260.727294921875,439400,553963573.3886719
2001-06-25 00:00:00,1245.3526484108445,1257.6524276544083,1202.3034210583708,1239.2027587890625,317600,393570796.19140625
2001-06-26 00:00:00,1214.6031129126454,1279.176949295343,1214.6031129126454,1254.577392578125,454800,570581798.1445312
2001-06-27 00:00:00,1245.3527340060216,1245.3527340060216,1214.6032837836508,1220.753173828125,304600,371841416.7480469
2001-06-28 00:00:00,1229.9781494140625,1236.1280401611327,1214.6034225463866,1229.9781494140625,314600,386951125.80566406
2001-06-29 00:00:00,1254.5774056783537,1273.0270734089177,1229.9778487042684,1260.727294921875,356800,449827498.828125
2001-07-02 00:00:00,1260.727294921875,1269.952128787157,1245.3525718130716,1260.727294921875,425400,536313391.2597656
2001-07-03 00:00:00,1254.5774056783537,1260.727294921875,1242.277627191311,1260.727294921875,179000,225670185.79101562
2001-07-04 00:00:00,1254.5776426879584,1266.8774234986247,1239.2029166746256,1257.652587890625,280200,352394255.1269531
2001-07-05 00:00:00,1254.5772977662318,1269.952019552583,1254.5772977662318,1266.8770751953125,206800,261990179.15039062
2001-07-06 00:00:00,1254.577594100686,1257.6525391842658,1226.9030883484647,1233.052978515625,247600,305303917.48046875
2001-07-09 00:00:00,1202.303600670424,1229.9781081027354,1199.228655400167,1208.4534912109375,262400,317098196.09375
2001-07-10 00:00:00,1211.5281491126543,1245.3525390625,1211.5281491126543,1245.3525390625,184200,229393937.6953125
2001-07-11 00:00:00,1229.977809792698,1245.352532415107,1199.2283645478806,1242.277587890625,322200,400261838.8183594
2001-07-12 00:00:00,1251.5026974852917,1260.7275330932914,1242.277861877292,1257.652587890625,311400,391633015.8691406
2001-07-13 00:00:00,1257.652242123502,1269.952019552583,1251.5023534089617,1266.8770751953125,380600,482173414.81933594
2001-07-16 00:00:00,1273.0268695537861,1297.6264225886418,1266.8769812950723,1279.1767578125,498400,637541696.09375
2001-07-17 00:00:00,1254.5776426879584,1263.802478295958,1242.277861877292,1257.652587890625,215800,271401428.4667969
2001-07-18 00:00:00,1260.7272550375155,1260.7272550375155,1226.9028652682164,1242.277587890625,169800,210938734.42382812
2001-07-19 00:00:00,1229.9781494140625,1242.2779309082032,1214.6034225463866,1229.9781494140625,156400,192368582.56835938
2001-07-20 00:00:00,1229.9781494140625,1229.9781494140625,1229.9781494140625,1229.9781494140625,0,0.0
2001-07-23 00:00:00,1214.60347598361,1214.60347598361,1177.7041298777788,1193.078857421875,167000,199244169.18945312
2001-07-24 00:00:00,1177.7037209723528,1226.90283203125,1174.6287765311718,1226.90283203125,148600,182317760.83984375
2001-07-25 00:00:00,1211.5284098506265,1260.7275330932914,1202.3035742426268,1257.652587890625,216400,272156020.01953125
2001-07-26 00:00:00,1260.7272817574294,1263.8022263470818,1245.3525588091682,1254.577392578125,136000,170622525.390625
2001-07-27 00:00:00,1248.427586797458,1257.6524211826609,1205.3783596665112,1236.1278076171875,99600,123118329.63867188
2001-07-30 00:00:00,1236.1278926964962,1248.427672723327,1205.3784426294192,1217.67822265625,121400,147826136.23046875
2001-07-31 00:00:00,1229.977835860907,1254.577392578125,1226.9028912712545,1254.577392578125,96200,120690345.16601562
2001-08-01 00:00:00,1260.7274780273438,1291.4769287109375,1254.577587890625,1291.4769287109375,292800,378144444.7265625
2001-08-02 00:00:00,1288.4018115687536,1325.3011474609375,1282.2519222533897,1325.3011474609375,567600,752240931.2988281
2001-08-03 00:00:00,1319.1511700831422,1352.975559059633,1309.9263367259175,1340.67578125,643200,862322662.5
2001-08-06 00:00:00,1325.3010722121148,1346.82568359375,1300.7015163473886,1346.82568359375,287800,387616431.73828125
2001-08-07 00:00:00,1334.525905661387,1346.82568359375,1319.1511832459332,1346.82568359375,379000,510446934.08203125
2001-08-08 00:00:00,1331.4512939453125,1346.8260202033414,1322.226458190495,1331.4512939453125,208800,278007030.17578125
2001-08-09 00:00:00,1319.1515129388893,1343.7510749517355,1300.7018414292545,1331.4512939453125,318200,423667801.73339844
2001-08-10 00:00:00,1340.6754450017756,1359.125107088956,1313.0009518710049,1352.9752197265625,577000,780666701.7822266
2001-08-13 00:00:00,1340.6756165970203,1346.825504746548,1313.001119924146,1322.2259521484375,349800,462514638.06152344
2001-08-14 00:00:00,1319.1510568439824,1356.0503871053525,1309.92622427864,1343.7506103515625,422000,567062757.5683594
2001-08-15 00:00:00,1343.7509454797816,1343.7509454797816,1306.8516060158058,1328.376220703125,235800,313231112.8417969
2001-08-16 00:00:00,1297.626663685994,1309.9264424887049,1276.10205078125,1276.10205078125,233400,297842218.65234375
2001-08-17 00:00:00,1263.8026673958025,1300.7020153489646,1236.1281564309309,1294.5521240234375,252600,327003866.5283203
2001-08-20 00:00:00,1248.4277039335257,1257.6525391842658,1226.9030883484647,1233.052978515625,191200,235759729.4921875
2001-08-21 00:00:00,1239.2026499807098,1260.7272617669753,1223.8279272762345,1245.3525390625,248600,309594641.2109375
2001-08-22 00:00:00,1229.9776517427886,1279.1767578125,1226.9027076134316,1279.1767578125,191800,245346102.1484375
2001-08-23 00:00:00,1263.802429351426,1273.0272646021665,1233.052978515625,1233.052978515625,174800,215537660.64453125
2001-08-24 00:00:00,1217.6781850961538,1223.8280749198718,1190.003680889423,1199.228515625,447200,536294992.1875
2001-08-27 00:00:00,1214.6031429077766,1229.9778662357232,1208.4532535765982,1211.5281982421875,230000,278651485.5957031
2001-08-28 00:00:00,1180.778839974293,1196.153564453125,1177.7038950785268,1196.153564453125,189600,226790715.8203125
2001-08-29 00:00:00,1183.8537660905115,1208.4533248664184,1180.7788212435232,1186.9287109375,105400,125102286.1328125
2001-08-30 00:00:00,1171.553955078125,1180.7787893700788,1150.029341730233,1171.553955078125,184200,215800238.52539062
2001-08-31 00:00:00,1125.429790402247,1150.0293486624053,1113.1300112721676,1116.2049560546875,196200,218999412.3779297
2001-09-03 00:00:00,1125.4298311941964,1134.654665876116,1076.230712890625,1076.230712890625,286200,308017230.0292969
2001-09-04 00:00:00,1067.005665440713,1143.8792724609375,1054.7058883174773,1143.8792724609375,285200,326234368.5058594
2001-09-05 00:00:00,1097.7554989606974,1100.8304443359375,1067.006045208297,1100.8304443359375,205600,226330739.35546875
2001-09-06 00:00:00,1076.2307438380283,1116.205028609155,1076.2307438380283,1091.60546875,170400,186009571.875
2001-09-07 00:00:00,1079.3058856887158,1091.6056678618065,1048.556430255989,1067.006103515625,262400,279982401.5625
2001-09-10 00:00:00,1020.881649420128,1045.4812072374805,990.1322021484375,990.1322021484375,180600,178817875.7080078
2001-09-11 00:00:00,993.2072216650682,1033.1815061283683,993.2072216650682,1027.0316162109375,297000,305028390.01464844
2001-09-12 00:00:00,934.7830058723096,983.9821114445364,904.0335648896678,928.6331176757812,232400,215814336.54785156
2001-09-13 00:00:00,937.8582458496094,968.6076965332031,937.8582458496094,953.2329711914062,234400,223437808.44726562
2001-09-14 00:00:00,953.2329887649961,993.207275390625,953.2329887649961,993.207275390625,449600,446545991.015625
2001-09-17 00:00:00,993.2070599365234,993.2070599365234,922.4833374023436,922.4833374023438,196000,180806734.13085938
2001-09-18 00:00:00,953.2327819824218,987.0571710205078,922.4833374023436,922.4833374023438,237800,219366537.63427734
2001-09-19 00:00:00,940.9331612723214,968.607666015625,940.9331612723214,968.607666015625,221800,214837180.32226562
2001-09-20 00:00:00,937.8581795800466,953.2329038354571,922.4834553246359,950.157958984375,257800,244950721.82617188
2001-09-21 00:00:00,937.8581901879802,944.0080799597047,907.1087413293579,925.5584106445312,191600,177336991.4794922
2001-09-24 00:00:00,925.5584106445312,925.5584106445312,925.5584106445312,925.5584106445312,0,0.0
2001-09-25 00:00:00,986.0223649140377,986.0223649140377,961.2167708281498,973.6195678710938,155400,151300480.84716797
2001-09-26 00:00:00,998.4248657226562,998.4248657226562,973.6192789966276,998.4248657226562,196400,196090643.6279297
2001-09-27 00:00:00,995.3245239257812,995.3245239257812,973.6196277654059,995.3245239257812,132200,131581902.06298828
2001-09-28 00:00:00,995.3245239257812,995.3245239257812,995.3245239257812,995.3245239257812,0,0.0
2001-10-01 00:00:00,1038.7341668683168,1051.136962890625,1004.6264778069691,1051.136962890625,125800,132233029.93164062
2001-10-02 00:00:00,1054.2376482928241,1100.748132776331,1038.7341534649884,1088.3453369140625,219400,238782966.9189453
2001-10-03 00:00:00,1103.8487470303362,1116.2515419407896,1060.43896484375,1060.43896484375,141200,149733981.8359375
2001-10-04 00:00:00,1122.4529456988907,1147.258535659087,1100.7480544837188,1144.1578369140625,234400,268190596.97265625
2001-10-05 00:00:00,1137.9562794306507,1147.2583743578768,1122.4527878852741,1131.7548828125,187200,211864514.0625
2001-10-08 00:00:00,1131.7548828125,1131.7548828125,1131.7548828125,1131.7548828125,0,0.0
2001-10-09 00:00:00,1085.2444889142573,1119.3521728515625,1063.5395991359721,1119.3521728515625,258600,289464471.89941406
2001-10-10 00:00:00,1066.6403622989767,1075.9424584818166,1057.3382661161368,1060.43896484375,112800,119617515.234375
2001-10-11 00:00:00,1091.4456280466575,1125.5533039231154,1082.1435346258052,1113.1505126953125,248600,276729217.4560547
2001-10-12 00:00:00,1131.7550419339643,1144.1578369140625,1113.150849463817,1144.1578369140625,384800,440271935.64453125
2001-10-15 00:00:00,1128.6540017300663,1128.6540017300663,1091.4456280466575,1113.1505126953125,110600,123114446.70410156
2001-10-16 00:00:00,1113.150849463817,1147.258535659087,1103.8487532287434,1144.1578369140625,114400,130891656.54296875
2001-10-17 00:00:00,1128.6543155524248,1134.855712890625,1100.7480275305243,1134.855712890625,224200,254434650.83007812
2001-10-18 00:00:00,1116.2514743118074,1119.3521728515625,1088.3451874540124,1119.3521728515625,177200,198349205.02929688
2001-10-19 00:00:00,1088.345073186224,1091.4457714004297,1069.7408839009895,1082.1436767578125,154600,167299412.4267578
2001-10-22 00:00:00,1066.6401267538265,1082.1436169682718,1051.1366365393815,1063.5394287109375,142400,151448014.6484375
2001-10-23 00:00:00,1079.0427286783854,1137.9559811062284,1075.9420311821832,1116.2510986328125,222800,248700744.77539062
2001-10-24 00:00:00,1106.9493880298255,1137.9563736889245,1106.9493880298255,1122.452880859375,220000,246939633.7890625
2001-10-25 00:00:00,1106.949462890625,1122.452956768645,1085.244571461397,1106.949462890625,243200,269210109.375
2001-10-26 00:00:00,1044.9353698020757,1079.043052495912,1044.9353698020757,1066.6402587890625,281200,299939240.7714844
2001-10-29 00:00:00,1072.8417408662685,1091.4459329044118,1048.0361514820772,1054.237548828125,140800,148436646.875
2001-10-30 00:00:00,1038.7341489706973,1051.1369447793027,1029.4320521142433,1044.935546875,240200,250993518.359375
2001-10-31 00:00:00,1057.3382661161368,1075.9424584818166,1044.9354712056836,1060.43896484375,203600,215905373.2421875
2001-11-01 00:00:00,1048.0360948025823,1069.740984339914,1029.4319037705839,1035.63330078125,166200,172122254.58984375
2001-11-02 00:00:00,1041.8346823475842,1069.7409684818947,998.424903916435,1010.8276977539062,206400,208634836.81640625
2001-11-05 00:00:00,1010.8277399510514,1017.0291371286652,995.3242470070169,1004.6263427734375,211600,212578934.13085938
2001-11-06 00:00:00,1017.0291737307551,1069.741051637532,1013.9284750303565,1057.3382568359375,227600,240650187.25585938
2001-11-07 00:00:00,1038.7341465805516,1038.7341465805516,995.3243613503196,1023.2306518554688,294400,301239103.90625
2001-11-08 00:00:00,1035.6333750228437,1063.5396635713632,1013.9284839295505,1060.43896484375,366400,388544836.71875
2001-11-09 00:00:00,1060.43896484375,1060.43896484375,1060.43896484375,1060.43896484375,0,0.0
2001-11-12 00:00:00,1004.6265604784534,1007.7272597391894,973.6195678710938,973.6195678710938,90400,88015208.93554688
2001-11-13 00:00:00,976.7200506071938,986.0221463272624,955.0151605937007,982.9214477539062,108400,106548684.93652344
2001-11-14 00:00:00,992.2237372248428,1029.4321273707744,976.7202413307047,986.0223388671875,157400,155199916.1376953
2001-11-15 00:00:00,979.8207186678867,1032.5325927734375,979.8207186678867,1032.5325927734375,162600,167889799.58496094
2001-11-16 00:00:00,1001.5255918281023,1085.244449349337,1001.5255918281023,1066.6402587890625,296600,316365500.75683594
2001-11-19 00:00:00,1035.6333567899817,1069.7410421932445,1029.431959443934,1054.237548828125,214000,225606835.44921875
2001-11-20 00:00:00,1038.7343162465318,1051.1371140524604,995.3245239257812,995.3245239257812,354200,352543946.3745117
2001-11-21 00:00:00,995.324403344131,1026.331394102515,992.2237042682926,1017.029296875,200800,204219482.8125
2001-11-22 00:00:00,1001.5254507325703,1023.2303366617591,976.7198668134973,1020.129638671875,214000,218307742.67578125
2001-11-23 00:00:00,1020.129638671875,1020.129638671875,1020.129638671875,1020.129638671875,0,0.0
2001-11-26 00:00:00,1051.1367666555007,1069.7409572157749,1044.9353698020757,1066.6402587890625,196400,209488146.82617188
2001-11-27 00:00:00,1035.6332854288487,1051.1367777256878,1010.8276977539062,1010.8276977539062,233200,235725019.11621094
2001-11-28 00:00:00,1023.2305292075364,1023.2305292075364,982.9214477539061,982.9214477539062,184800,181643883.54492188
2001-11-29 00:00:00,970.5182632446289,992.22314453125,970.5182632446289,992.22314453125,212200,210549751.26953125
2001-11-30 00:00:00,982.921309568701,982.921309568701,933.3101393696498,939.5115356445312,997400,937068805.6518555
2001-12-03 00:00:00,955.0151943630642,961.2165917290582,893.001220703125,893.001220703125,490000,437570598.14453125
2001-12-04 00:00:00,861.9941470497533,880.5983372738486,796.8794812654194,824.7857666015625,907400,748410604.6142578
2001-12-05 00:00:00,855.7926816268706,886.7996628452355,846.4905872613612,880.5982666015625,488200,429908073.7548828
2001-12-06 00:00:00,920.9076449420002,933.3104415068756,914.7062466595625,917.8069458007812,491000,450643210.3881836
2001-12-07 00:00:00,930.2096103100066,930.2096103100066,868.1956362893395,874.3970336914062,463600,405370464.81933594
2001-12-10 00:00:00,899.2025106822541,899.2025106822541,858.8934326171876,858.8934326171875,206200,177103825.80566406
2001-12-11 00:00:00,871.2963115985577,871.2963115985577,843.3900240384615,846.49072265625,151800,128497291.69921875
2001-12-12 00:00:00,858.8931346220129,899.2021987017464,849.5910429113052,896.1015014648438,227200,203594261.1328125
2001-12-13 00:00:00,911.6050107635721,911.6050107635721,849.591064453125,849.591064453125,217200,184531179.19921875
2001-12-14 00:00:00,865.0948582240513,877.497651890346,849.591366141183,868.195556640625,1018600,884343993.9941406
2001-12-17 00:00:00,889.9004157441618,889.9004157441618,849.5913376790953,858.8934326171875,251200,215754030.2734375
2001-12-18 00:00:00,861.9940496271307,886.7996337890626,840.2891634854404,852.6919555664062,195400,166616008.11767578
2001-12-19 00:00:00,840.2893768759334,858.893569721895,830.9872804529526,843.3900756835938,263800,222486301.96533203
2001-12-20 00:00:00,843.3899195117883,877.4976000802798,843.3899195117883,871.2962036132812,256400,223400346.6064453
2001-12-21 00:00:00,874.3967788866462,874.3967788866462,806.1814273422979,834.0877075195312,218600,182331572.86376953
2001-12-24 00:00:00,834.0877075195312,834.0877075195312,834.0877075195312,834.0877075195312,0,0.0
2001-12-25 00:00:00,849.5913926866319,855.7927897135417,821.6851060655381,837.1885986328125,185000,154879890.7470703
2001-12-26 00:00:00,827.8864649722451,843.3899568256579,824.7857666015625,824.7857666015625,73000,60209360.96191406
2001-12-27 00:00:00,837.188649279006,874.3970336914062,830.9872518769392,874.3970336914062,151800,132733469.71435547
2001-12-28 00:00:00,858.893624724244,861.9943237304686,846.4908286993451,861.9943237304688,84800,73097118.65234375
2001-12-31 00:00:00,861.9943237304686,861.9943237304686,861.9943237304686,861.9943237304688,0,0.0
2002-01-01 00:00:00,861.9943237304686,861.9943237304686,861.9943237304686,861.9943237304688,0,0.0
2002-01-02 00:00:00,861.9943237304686,861.9943237304686,861.9943237304686,861.9943237304688,0,0.0
2002-01-03 00:00:00,861.9943237304686,861.9943237304686,861.9943237304686,861.9943237304688,0,0.0
2002-01-04 00:00:00,880.598324690194,905.4039113011853,877.49762636382,899.2025146484375,112000,100710681.640625
2002-01-07 00:00:00,905.4036161325273,905.4036161325273,849.591064453125,849.591064453125,298400,253517973.6328125
2002-01-08 00:00:00,849.5911629744402,849.5911629744402,787.5772094726562,787.5772094726562,945000,744260462.9516602
2002-01-09 00:00:00,784.4765097878196,784.4765097878196,750.3688354492188,750.3688354492188,973400,730409024.4262695
2002-01-10 00:00:00,781.3759471479668,799.9801363657756,772.0738525390625,772.0738525390625,390600,301572046.8017578
2002-01-11 00:00:00,775.1744167863831,787.5772074549652,747.2681377820733,750.3688354492188,524800,393793564.84375
2002-01-14 00:00:00,750.3688354492188,750.3688354492188,750.3688354492188,750.3688354492188,0,0.0
2002-01-15 00:00:00,799.9800937850162,803.0807918229426,775.1745094816048,778.2752075195312,1848200,1438408238.5375977
2002-01-16 00:00:00,837.1885207970383,893.0010888501743,818.584331445993,889.900390625,2838000,2525537308.59375
2002-01-17 00:00:00,858.8934106792844,883.6989965472782,855.7927124457852,871.2962036132812,1378600,1201168946.3012695
2002-01-18 00:00:00,883.6987125172335,896.1015014648438,877.4973180434283,896.1015014648438,1027600,920833902.9052734
2002-01-21 00:00:00,893.0010888501743,902.3031835256969,865.0948048236063,889.900390625,449000,399565275.390625
2002-01-22 00:00:00,883.6991601831772,889.9005577984977,843.3900756835938,843.3900756835938,404200,340898268.5913086
2002-01-23 00:00:00,827.8860858419666,861.9937522998754,827.8860858419666,855.7923583984375,451200,386133512.109375
2002-01-24 00:00:00,849.591064453125,861.9938537152144,843.3896698220802,849.591064453125,406200,345103890.3808594
2002-01-25 00:00:00,843.3899410537005,865.0948292425824,830.9871478029107,858.8934326171875,342200,293913332.64160156
2002-01-28 00:00:00,868.195556640625,877.497651890346,855.7927629743303,868.195556640625,282600,245352064.30664062
2002-01-29 00:00:00,868.1955275552798,871.2962258679772,849.5913376790953,858.8934326171875,239200,205447309.08203125
2002-01-30 00:00:00,830.9869684183373,830.9869684183373,806.1813872715212,821.6848754882812,411600,338205494.75097656
2002-01-31 00:00:00,821.6848754882811,821.6848754882811,821.6848754882811,821.6848754882812,0,0.0
2002-02-01 00:00:00,806.1814682904411,818.584260110294,781.3758846507353,790.677978515625,290000,229296613.76953125
2002-02-04 00:00:00,793.7786458333334,793.7786458333334,737.9660847981771,744.16748046875,611200,454835164.0625
2002-02-05 00:00:00,722.462585947465,759.6709594726564,716.261190359933,759.6709594726562,548000,416299685.7910156
2002-02-06 00:00:00,768.9730631510416,768.9730631510416,731.7646891276041,744.16748046875,319400,237687093.26171875
2002-02-07 00:00:00,737.966299322587,744.1676967958861,728.6642031126385,734.8656005859375,326400,239860132.03125
2002-02-08 00:00:00,728.6639912923177,753.4695739746094,722.4625956217448,744.16748046875,778000,578962299.8046875
2002-02-11 00:00:00,744.16748046875,744.16748046875,744.16748046875,744.16748046875,0,0.0
2002-02-12 00:00:00,768.9730030846974,799.979979015532,765.8723054916139,781.3757934570312,651800,509300742.17529297
2002-02-13 00:00:00,796.8795166015625,803.0809136179171,784.4767225688533,796.8795166015625,442200,352380122.24121094
2002-02-14 00:00:00,799.9802151097398,821.6851046669808,796.8795166015625,796.8795166015625,414000,329908119.8730469
2002-02-15 00:00:00,781.3757430366849,799.9799273947011,765.8722560716712,784.4764404296875,741400,581610832.9345703
2002-02-18 00:00:00,781.3757934570312,790.6778862362817,772.0737006777808,781.3757934570312,376000,293797298.33984375
2002-02-19 00:00:00,778.2753240866739,778.2753240866739,756.5704345703125,756.5704345703125,246400,186418955.078125
2002-02-20 00:00:00,744.1676967958861,750.3690942691851,734.8656005859375,734.8656005859375,400000,293946240.234375
2002-02-21 00:00:00,737.9659795346467,793.7785326086957,728.6638873556386,784.4764404296875,596600,468018644.36035156
2002-02-22 00:00:00,781.3759333683895,818.5843111478366,765.8724426269532,806.1815185546875,371800,299738288.5986328
2002-02-25 00:00:00,840.2890204383192,843.3897179307115,812.3827430067884,827.88623046875,474600,392914804.98046875
2002-02-26 00:00:00,830.9871338818916,840.2892286641516,803.0808495351116,815.483642578125,292800,238773610.546875
2002-02-27 00:00:00,799.9802164713541,837.1885986328125,799.9802164713541,837.1885986328125,274800,230059426.90429688
2002-02-28 00:00:00,846.4906941731771,855.7927897135417,830.9872016059027,837.1885986328125,447800,374893054.46777344
2002-03-01 00:00:00,824.7859356557722,880.5985177678169,824.7859356557722,861.9943237304688,576000,496508730.46875
2002-03-04 00:00:00,877.4977899066472,914.7061767578125,874.3970910023835,914.7061767578125,575600,526504875.3417969
2002-03-05 00:00:00,930.20946515705,942.6122580258107,899.2024829851483,908.5045776367188,578600,525660748.62060547
2002-03-06 00:00:00,914.7059641798882,930.2094550981914,896.1017750779243,905.4038696289062,261200,236491490.7470703
2002-03-07 00:00:00,930.2093505859375,939.5114440917969,914.7058614095052,930.2093505859375,476400,443151734.6191406
2002-03-08 00:00:00,961.2162491037876,1001.5253176145916,942.6120636372626,979.8204345703125,1293200,1267103785.9863281
2002-03-11 00:00:00,1010.8277072731508,1032.5325966931264,992.2235163417431,1013.9284057617188,574400,582400476.2695312
2002-03-12 00:00:00,1004.6266246882634,1013.9287230650066,951.9147338867188,951.9147338867188,353400,336406666.9555664
2002-03-13 00:00:00,951.9143181605054,973.6192048938069,936.4108276367188,936.4108276367188,355600,332987690.3076172
2002-03-14 00:00:00,936.4111058672137,936.4111058672137,902.3034165806596,927.1090087890625,277800,257550882.64160156
2002-03-15 00:00:00,951.9144578112907,1001.5256347656251,951.9144578112907,1001.525634765625,416800,417435884.5703125
2002-03-18 00:00:00,995.3238418579101,1004.6259338378906,979.8203552246093,992.22314453125,324000,321480298.828125
2002-03-19 00:00:00,976.7200462884579,1004.6263333252709,976.7200462884579,1001.525634765625,326800,327298577.44140625
2002-03-20 00:00:00,986.022427934777,986.022427934777,945.71333496889,951.9147338867188,380600,362298747.71728516
2002-03-21 00:00:00,951.9147338867188,951.9147338867188,951.9147338867188,951.9147338867188,0,0.0
2002-03-22 00:00:00,961.2164226066161,964.3171207440569,939.5115356445312,939.5115356445312,251000,235817395.44677734
2002-03-25 00:00:00,961.2163595551426,973.619151291338,942.6121719508495,958.1156616210938,245400,235121583.3618164
2002-03-26 00:00:00,965.9309626344775,975.3089331454919,947.1750216124489,953.427001953125,218000,207847086.42578125
2002-03-27 00:00:00,937.7970841497862,959.6790161132812,934.6710938692869,959.6790161132812,193600,185793857.51953125
2002-03-28 00:00:00,950.3005378994742,965.9304809570314,947.1745492879628,965.9304809570312,201800,194924771.0571289
2002-03-29 00:00:00,965.9308356207771,965.9308356207771,922.1669789907095,925.29296875,232200,214853027.34375
2002-04-01 00:00:00,937.7968880643813,940.9228776912626,922.1669399299749,934.6708984375,113400,105991679.8828125
2002-04-02 00:00:00,928.4187483079363,978.4345731326063,922.1667702048526,947.1746826171875,260600,246833722.29003906
2002-04-03 00:00:00,937.7969134658862,981.5607694276275,934.6709237543332,972.1828002929688,238200,231573943.02978516
2002-04-04 00:00:00,981.5603358449499,984.6863241756663,953.4264408685024,956.5524291992188,277400,265347643.85986328
2002-04-05 00:00:00,956.5530258327819,969.0569869547791,953.4270355522826,959.6790161132812,274600,263527857.82470703
2002-04-08 00:00:00,959.678451640494,959.678451640494,931.5445556640626,931.5445556640625,300000,279463366.69921875
2002-04-09 00:00:00,925.2929295568562,937.7968880643813,922.1669399299749,934.6708984375,173000,161698065.4296875
2002-04-10 00:00:00,922.1668701171875,925.2928595074152,906.5369231660487,922.1668701171875,322800,297675465.6738281
2002-04-11 00:00:00,925.2927004452858,928.4186892981415,909.6627561810075,915.9147338867188,176200,161384176.11083984
2002-04-12 00:00:00,900.2851770279254,912.7891378199799,881.5292358398436,881.5292358398438,356200,314000713.80615234
2002-04-15 00:00:00,890.9071661501515,919.0410766601562,878.4032059234827,919.0410766601562,197400,181418708.53271484
2002-04-16 00:00:00,925.2927116747724,947.1746339103245,915.9147450023929,944.0486450195312,223800,211278086.7553711
2002-04-17 00:00:00,944.0488928889921,975.3087900045216,944.0488928889921,972.1828002929688,380000,369429464.1113281
2002-04-18 00:00:00,962.8048625745272,975.3088218287418,940.9229338796515,950.3009033203125,313000,297444182.7392578
2002-04-19 00:00:00,956.5530512135499,984.6869644845367,950.301070486664,981.5609741210938,483000,474093950.5004883
2002-04-22 00:00:00,997.1906444338933,1022.1985602817653,997.1906444338933,1019.0725708007812,457200,465919979.3701172
2002-04-23 00:00:00,1006.5683601103634,1053.458190550287,978.4344618464091,1037.8282470703125,635400,659436068.1884766
2002-04-24 00:00:00,1037.8282470703125,1053.458190550287,1019.0723148943431,1037.8282470703125,410800,426339843.8964844
2002-04-25 00:00:00,1047.20654296875,1062.8364913712687,1037.8285739272387,1047.20654296875,431400,451764902.63671875
2002-04-26 00:00:00,1062.8361566382719,1062.8361566382719,1028.4502809823277,1037.8282470703125,269000,279175798.46191406
2002-04-29 00:00:00,1037.8282470703125,1037.8282470703125,1037.8282470703125,1037.8282470703125,0,0.0
2002-04-30 00:00:00,1047.206529889788,1047.206529889788,997.1906956263952,1006.5686645507812,451000,453962467.71240234
2002-05-01 00:00:00,1031.5766205658783,1047.206569362331,1006.5687024915541,1040.95458984375,296000,308122558.59375
2002-05-02 00:00:00,1047.2064404723942,1081.5923235923833,1040.9544617233055,1072.21435546875,553600,593577867.1875
2002-05-03 00:00:00,1072.21435546875,1072.21435546875,1072.21435546875,1072.21435546875,0,0.0
2002-05-06 00:00:00,1072.21435546875,1072.21435546875,1072.21435546875,1072.21435546875,0,0.0
2002-05-07 00:00:00,1056.5842041015626,1075.34013671875,1028.4503051757813,1062.836181640625,442600,470411293.9941406
2002-05-08 00:00:00,1047.2062377929688,1078.4661254882812,1044.0802490234375,1062.836181640625,311400,330967186.9628906
2002-05-09 00:00:00,1094.0960693359375,1094.0960693359375,1062.836181640625,1062.836181640625,563200,598589337.5
2002-05-10 00:00:00,1062.8364517843934,1065.9624413484653,1040.9545248358913,1056.58447265625,335800,354801065.91796875
2002-05-13 00:00:00,1062.8363873451167,1078.466334217839,1053.4584192214832,1072.21435546875,451200,483783117.1875
2002-05-14 00:00:00,1072.2143048113294,1094.0962293993157,1056.5843586770534,1084.71826171875,646000,700727997.0703125
2002-05-15 00:00:00,1087.844497509217,1119.1043968629301,1087.844497509217,1112.8524169921875,439800,489432492.99316406
2002-05-16 00:00:00,1100.3482410840395,1112.8521983690855,1090.9702731202551,1106.6002197265625,383000,423827884.15527344
2002-05-17 00:00:00,1109.7261459648112,1147.2380156875654,1106.6001568212484,1122.2301025390625,781600,877135048.1445312
2002-05-20 00:00:00,1134.7343329421612,1147.2382925338104,1112.852403656775,1115.9783935546875,518800,578969590.5761719
2002-05-21 00:00:00,1122.2301734945333,1140.9861095417957,1109.726216129692,1134.734130859375,330200,374689210.0097656
2002-05-22 00:00:00,1125.3560515372983,1162.867919921875,1119.1040734732023,1162.867919921875,340400,395840239.94140625
2002-05-23 00:00:00,1162.867897117531,1165.993886088277,1128.4820184393243,1137.8599853515625,246800,280823844.3847656
2002-05-24 00:00:00,1125.356125128074,1144.112060546875,1106.6001897092726,1144.112060546875,273200,312571414.94140625
2002-05-27 00:00:00,1144.1122781504755,1159.7422273055365,1131.6083188264265,1150.3642578125,193800,222940593.1640625
2002-05-28 00:00:00,1147.2381643741687,1175.3720703125,1131.6082166306514,1175.3720703125,381200,448051833.203125
2002-05-29 00:00:00,1159.7422694241936,1187.87617892505,1147.2383096460353,1169.1202392578125,644600,753614906.2255859
2002-05-30 00:00:00,1169.120267132136,1194.1281872846948,1169.120267132136,1191.002197265625,600000,714601318.359375
2002-05-31 00:00:00,1200.3800139925372,1269.1517856275264,1194.1280347529928,1256.6478271484375,1665800,2093323950.4638672
2002-06-03 00:00:00,1244.1439371343904,1281.6558146359298,1244.1439371343904,1269.15185546875,740000,939172373.046875
2002-06-04 00:00:00,1259.7738430786133,1259.7738430786133,1228.5139462280274,1250.3958740234375,398800,498657874.5605469
2002-06-05 00:00:00,1256.6475444747741,1312.9153449736446,1256.6475444747741,1297.285400390625,794600,1030822979.1503906
2002-06-06 00:00:00,1300.411708984375,1309.7896780395508,1234.7659255981446,1250.3958740234375,761400,952051418.4814453
2002-06-07 00:00:00,1203.5057967748398,1219.1357421875,1200.3798076923076,1219.1357421875,543800,662966016.6015625
2002-06-10 00:00:00,1234.766085909814,1234.766085909814,1209.7581651825265,1212.8841552734375,242800,294488272.9003906
2002-06-11 00:00:00,1191.001672744751,1216.0095818837485,1191.001672744751,1200.379638671875,286600,344028804.4433594
2002-06-12 00:00:00,1184.7499287109374,1184.7499287109374,1159.7420146484374,1172.2459716796875,311000,364568497.1923828
2002-06-13 00:00:00,1184.7498558846444,1200.379801212938,1150.3639761623988,1159.741943359375,303600,352097654.00390625
2002-06-14 00:00:00,1165.9941935552167,1165.9941935552167,1125.356326219512,1153.490234375,704000,812057125.0
2002-06-17 00:00:00,1137.8602519697238,1140.9862416729372,1090.970406421521,1103.474365234375,197200,217605144.82421875
2002-06-18 00:00:00,1119.1043137504428,1128.4822828600832,1087.8444167183075,1103.474365234375,507200,559682198.046875
2002-06-19 00:00:00,1087.8442073026813,1094.0961855055702,1031.5764034766805,1034.702392578125,508600,526249636.8652344
2002-06-20 00:00:00,1019.0724719201178,1069.088298762823,1009.6945043871106,1028.450439453125,878000,902979485.8398438
2002-06-21 00:00:00,1012.8208777555235,1012.8208777555235,972.1830030307648,981.5609741210938,674200,661768408.7524414
2002-06-24 00:00:00,940.922742478391,1028.450439453125,931.5447749453838,1028.450439453125,418600,430509353.9550781
2002-06-25 00:00:00,1044.0806253756011,1075.3405243389425,1000.3167668269232,1015.9467163085938,541200,549830362.8662109
2002-06-26 00:00:00,1009.6944341659546,1019.0724010467529,984.6865224838257,1000.3164672851562,326200,326303231.62841797
2002-06-27 00:00:00,1031.5762696783227,1040.9542357663074,1019.0723148943431,1037.8282470703125,294000,305121504.6386719
2002-06-28 00:00:00,1044.0806253756011,1062.836564753606,1015.9467163085939,1015.9467163085938,400200,406581875.8666992
2002-07-01 00:00:00,1037.8285480804896,1100.348340133531,1037.8285480804896,1053.45849609375,572200,602788951.4648438
2002-07-02 00:00:00,1053.4583694501982,1090.9702401724605,1025.3244664085016,1084.71826171875,495200,537152483.203125
2002-07-03 00:00:00,1062.8364313775967,1109.726273938373,1059.7104418735448,1090.9703369140625,302800,330345818.0175781
2002-07-04 00:00:00,1094.0962810905612,1109.7262279632835,1072.21435546875,1072.21435546875,219600,235458272.4609375
2002-07-05 00:00:00,1094.0964773799597,1119.1043968629301,1094.0964773799597,1112.8524169921875,179000,199200582.64160156
2002-07-08 00:00:00,1144.1121956603167,1150.3641748715754,1128.4822476321704,1140.9862060546875,329800,376297250.75683594
2002-07-09 00:00:00,1109.7262286613,1131.608154296875,1094.0962817787465,1131.608154296875,275400,311644885.6933594
2002-07-10 00:00:00,1115.9779907226562,1134.7339233398436,1094.0960693359375,1094.0960693359375,182800,200000761.47460938
2002-07-11 00:00:00,1065.9623640193495,1094.0962680550508,1065.9623640193495,1075.34033203125,319000,343033565.91796875
2002-07-12 00:00:00,1084.71840997226,1106.600337550951,1072.214451355865,1078.4664306640625,345600,372717998.4375
2002-07-15 00:00:00,1075.3405207181047,1078.466510603913,1053.4585915174457,1059.7105712890625,181200,192019555.51757812
2002-07-16 00:00:00,1053.4585223297574,1081.592429454291,1047.20654296875,1047.20654296875,238800,250072922.4609375
2002-07-17 00:00:00,1062.8364913712687,1069.0884707322762,1031.5765945662313,1047.20654296875,186600,195408740.91796875
2002-07-18 00:00:00,1062.8364000822369,1078.4663471422698,1056.5844212582238,1069.08837890625,196200,209755139.94140625
2002-07-19 00:00:00,1044.0803598824584,1047.206348983903,1025.3244252737916,1034.702392578125,162400,168035668.5546875
2002-07-22 00:00:00,1003.4428304036459,1059.7106526692708,1003.4428304036459,1012.82080078125,142000,143820553.7109375
2002-07-23 00:00:00,1006.5685029000948,1047.2063617128315,1003.4425137606535,1031.576416015625,199400,205696337.35351562
2002-07-24 00:00:00,1015.9466923235323,1025.324661791134,972.182834808057,978.434814453125,259400,253805990.86914062
2002-07-25 00:00:00,1022.1987857005636,1025.3247758709017,944.0490314421107,953.427001953125,370400,353149361.5234375
2002-07-26 00:00:00,937.796980247902,947.174950050381,875.2771815647085,884.6551513671875,520400,460374540.7714844
2002-07-29 00:00:00,887.7808105468749,928.4186645507813,884.6548217773437,890.9067993164062,486000,432980704.46777344
2002-07-30 00:00:00,931.5449088106187,937.7968880643813,909.6629814224499,934.6708984375,344600,322087591.6015625
2002-07-31 00:00:00,906.5367431640625,934.6706420898437,881.5288330078125,906.5367431640625,505800,458526284.6923828
2002-08-01 00:00:00,897.1589578438509,900.2849472440037,840.8911486411006,847.1431274414062,480000,406628701.171875
2002-08-02 00:00:00,894.0329882987511,925.2928829945116,869.0250725421427,872.1510620117188,1345200,1173217608.618164
2002-08-05 00:00:00,900.2851058467743,984.6868345199093,894.0331259450605,969.056884765625,1697400,1644877156.2011719
2002-08-06 00:00:00,987.8127603032447,987.8127603032447,890.9070781215972,897.1590576171875,1430600,1283475747.8271484
2002-08-07 00:00:00,937.7966558567086,944.04863356242,903.4107784752961,915.9147338867188,809600,741524568.5546875
2002-08-08 00:00:00,906.5369328090123,909.6629222324917,865.8990703037807,875.2770385742188,844200,738908875.9643555
2002-08-09 00:00:00,890.9068230638733,922.1667115924303,881.5288565053062,915.9147338867188,507600,464918318.92089844
2002-08-12 00:00:00,900.2849672379032,903.4109567074792,872.1510620117186,872.1510620117188,315000,274727584.5336914
2002-08-13 00:00:00,859.6471954794491,869.0251648846794,844.0172464707318,850.2692260742188,371000,315449882.87353516
2002-08-14 00:00:00,853.3953176814018,869.0252685546875,850.2693275067446,869.0252685546875,177000,153817472.5341797
2002-08-15 00:00:00,869.0250725421427,890.906998829175,865.8990830725666,872.1510620117188,173000,150882133.72802734
2002-08-16 00:00:00,875.2766573256341,884.6546215112659,862.772705078125,862.772705078125,154600,133384660.20507812
2002-08-19 00:00:00,862.7731852811926,862.7731852811926,834.6392770655015,850.2692260742188,339000,288241267.63916016
2002-08-20 00:00:00,859.6471602828414,862.7731499565972,837.7652325665508,844.0172119140625,162200,136899591.77246094
2002-08-21 00:00:00,837.7652668672449,853.3952158759622,831.513287263758,850.2692260742188,177800,151177868.3959961
2002-08-22 00:00:00,844.0171867317252,925.2929158244099,837.7652075707495,894.0330200195312,572200,511565694.0551758
2002-08-23 00:00:00,894.0330200195311,894.0330200195311,894.0330200195311,894.0330200195312,0,0.0
2002-08-26 00:00:00,875.2771293826219,915.914996103958,872.1511396348268,897.1590576171875,456000,409104530.2734375
2002-08-27 00:00:00,906.5367431640625,912.788720703125,900.284765625,906.5367431640625,279200,253105058.69140625
2002-08-28 00:00:00,900.284765625,909.6627319335937,890.9067993164062,890.9067993164062,256800,228784866.06445312
2002-08-29 00:00:00,890.9067993164062,894.0327880859375,878.4028442382812,890.9067993164062,224000,199563123.046875
2002-08-30 00:00:00,894.0328960615335,909.662841796875,890.9069069144651,909.662841796875,207000,188300208.25195312
2002-09-02 00:00:00,878.4028442382812,897.1587768554688,869.0248779296875,890.9067993164062,305200,271904755.1513672
2002-09-03 00:00:00,884.6550198900229,884.6550198900229,869.0250725421427,872.1510620117188,321000,279960490.9057617
2002-09-04 00:00:00,844.0169430850597,856.520897797431,834.6389770507812,834.6389770507812,352200,293959847.71728516
2002-09-05 00:00:00,837.7648005831069,872.1506692637568,831.5128244593524,862.772705078125,264000,227771994.140625
2002-09-06 00:00:00,844.0170399463959,856.52099609375,837.7650618727189,856.52099609375,160000,137043359.375
2002-09-09 00:00:00,862.7729976943253,872.150965060568,862.7729976943253,865.8989868164062,76600,66327862.39013672
2002-09-10 00:00:00,865.8992783800304,884.6552194279733,865.8992783800304,869.0252685546875,139400,121142122.43652344
2002-09-11 00:00:00,872.1511396348268,897.1590576171875,872.1511396348268,897.1590576171875,121400,108915109.59472656
2002-09-12 00:00:00,853.3951594125334,890.9070345515458,853.3951594125334,878.403076171875,146000,128246849.12109375
2002-09-13 00:00:00,887.7811413013471,887.7811413013471,865.8992117622295,884.6551513671875,803800,711085810.6689453
2002-09-16 00:00:00,884.6551513671875,884.6551513671875,884.6551513671875,884.6551513671875,0,0.0
2002-09-17 00:00:00,900.28487435567,915.9148200910115,897.1588852086018,909.662841796875,228600,207948925.63476562
2002-09-18 00:00:00,890.9067993164062,903.4107543945312,865.8988891601563,890.9067993164062,197200,175686820.8251953
2002-09-19 00:00:00,922.1666371698611,934.6705915721643,903.4107055664062,903.4107055664062,262400,237054969.140625
2002-09-20 00:00:00,903.4108910359128,909.6628695205904,878.4029770972024,887.7809448242188,205800,182705318.44482422
2002-09-23 00:00:00,887.7809448242188,887.7809448242188,887.7809448242188,887.7809448242188,0,0.0
2002-09-24 00:00:00,887.7810883738022,897.1590576171875,865.8991601392366,897.1590576171875,115800,103891018.87207031
2002-09-25 00:00:00,901.8889013671876,901.8889013671876,860.8939513050427,867.2008666992188,181400,157310237.21923828
2002-09-26 00:00:00,876.661239790483,889.2750705788353,860.8939513050427,867.2008666992188,169800,147250707.16552734
2002-09-27 00:00:00,898.7357298533123,911.349564658271,873.5080602433947,908.1961059570312,202000,183455613.4033203
2002-09-30 00:00:00,889.275495872902,901.8893326937941,882.9685774624558,892.428955078125,138800,123869138.96484375
2002-10-01 00:00:00,876.661239790483,879.8146974875712,860.8939513050427,867.2008666992188,131000,113603313.53759766
2002-10-02 00:00:00,879.8150576423197,882.968516630285,841.973549786736,857.7408447265625,197000,168974946.4111328
2002-10-03 00:00:00,867.2009928842609,876.6613673520893,832.5129531688905,841.9733276367188,311000,261853704.89501953
2002-10-04 00:00:00,829.359483220027,835.6663994422325,807.2852764423077,819.8991088867188,374400,306970226.3671875
2002-10-07 00:00:00,794.671421019499,804.131795079255,753.6764667605565,763.1368408203125,274400,209404749.12109375
2002-10-08 00:00:00,759.9835542951312,778.9043066842215,700.0678383963449,706.374755859375,591600,417891305.56640625
2002-10-09 00:00:00,709.5281942442515,737.9093220140215,709.5281942442515,722.1420288085938,639000,461448756.4086914
2002-10-10 00:00:00,696.9144835069445,712.681779513889,681.1471875,709.5283203125,263400,186889759.5703125
2002-10-11 00:00:00,712.6815480014734,750.5230461254455,709.5280898244757,718.9884643554688,277800,199734995.39794922
2002-10-14 00:00:00,718.9884643554688,718.9884643554688,718.9884643554688,718.9884643554688,0,0.0
2002-10-15 00:00:00,734.7558206942837,778.904239105099,731.6023622363683,766.2904052734375,274000,209963571.04492188
2002-10-16 00:00:00,794.6715087890625,804.1318838936942,775.7507585797991,794.6715087890625,482600,383508470.14160156
2002-10-17 00:00:00,778.9042228323515,788.364598008453,763.1369308721825,769.44384765625,210800,162198763.0859375
2002-10-18 00:00:00,782.0575889398244,788.3645049796617,750.5230087406379,763.1368408203125,324800,247866845.8984375
2002-10-21 00:00:00,769.4439916890036,772.5974506713355,747.3697788126797,753.6766967773438,220200,165959608.6303711
2002-10-22 00:00:00,741.0629123263889,741.0629123263889,700.0679427083334,709.5283203125,245200,173976344.140625
2002-10-23 00:00:00,681.1470860072544,715.8351320539202,668.5332510811942,706.374755859375,271000,191427558.83789062
2002-10-24 00:00:00,706.3746882335681,709.5281466631823,671.6866455078125,671.6866455078125,428800,288019233.59375
2002-10-25 00:00:00,655.9193970867407,674.8401489257812,652.7659384469006,674.8401489257812,520000,350916877.44140625
2002-10-28 00:00:00,690.6074381137113,690.6074381137113,668.5332277630447,687.4539794921875,203600,139965630.22460938
2002-10-29 00:00:00,681.1470860072544,709.5282145908901,681.1470860072544,706.374755859375,207800,146784674.26757812
2002-10-30 00:00:00,687.4537958368525,712.6814580693975,684.3003380577843,700.067626953125,246600,172636676.80664062
2002-10-31 00:00:00,703.2212234428026,709.5281402449802,684.3004730362699,696.914306640625,404200,281692762.7441406
2002-11-01 00:00:00,696.9143389697489,696.9143389697489,677.9935876855022,690.607421875,261800,180801023.046875
2002-11-04 00:00:00,690.607421875,690.607421875,690.607421875,690.607421875,0,0.0
2002-11-05 00:00:00,706.3746818438915,718.9885154482466,696.914306640625,696.914306640625,562000,391665840.33203125
2002-11-06 00:00:00,706.3746629563053,715.835037906613,700.0677463227669,712.6815795898438,457800,326265627.13623047
2002-11-07 00:00:00,712.6819776006106,753.6769586130351,712.6819776006106,750.5234985351562,635800,477182840.36865234
2002-11-08 00:00:00,734.7557983398438,747.3696317877381,722.1419648919494,734.7557983398438,483400,355180952.91748047
2002-11-11 00:00:00,709.5281402449802,715.8350570471579,693.7608482395362,696.914306640625,205600,143285581.4453125
2002-11-12 00:00:00,681.1469749594635,684.3004331768684,662.226225655034,668.5331420898438,324600,217005857.92236328
2002-11-13 00:00:00,677.9935623670408,681.1470207966549,662.2262702189701,671.6866455078125,187000,125605402.70996094
2002-11-14 00:00:00,668.5332567168444,671.6867154749428,646.4590454101562,646.4590454101562,299800,193808421.81396484
2002-11-15 00:00:00,640.15208345301,649.6124590705423,636.9986249138327,643.3055419921875,578400,372087925.48828125
2002-11-18 00:00:00,640.1520011655747,640.1520011655747,545.5482571509577,586.543212890625,321200,188397679.98046875
2002-11-19 00:00:00,558.1621253273704,564.4690419977362,545.5482919866389,555.0086669921875,650400,360977637.01171875
2002-11-20 00:00:00,567.6224640877017,611.7708779611895,561.3155478200605,586.543212890625,427400,250688569.18945312
2002-11-21 00:00:00,614.9242401123047,630.6915283203125,608.6173248291016,618.0776977539062,255400,157857044.00634766
2002-11-22 00:00:00,649.6123500952974,652.7658081054688,630.6916020342693,652.7658081054688,303400,198049146.17919922
2002-11-25 00:00:00,646.4588920851261,665.3796401461541,636.9985180546121,652.7658081054688,316600,206665654.8461914
2002-11-26 00:00:00,668.5332567168444,674.8401742330411,643.305586652058,646.4590454101562,210400,136014983.15429688
2002-11-27 00:00:00,640.1520642732319,662.226273386102,636.9986058285361,659.0728149414062,248800,163977316.35742188
2002-11-28 00:00:00,671.6865367542614,696.9142001065342,671.6865367542614,693.7607421875,365400,253500175.1953125
2002-11-29 00:00:00,709.5281747671274,744.2162188668536,706.3747162126068,737.9093017578125,473200,349178681.5917969
2002-12-02 00:00:00,737.9093017578125,737.9093017578125,737.9093017578125,737.9093017578125,0,0.0
2002-12-03 00:00:00,734.7559369843582,741.0628548983871,725.295560113315,731.6024780273438,284600,208214065.24658203
2002-12-04 00:00:00,725.2954128569207,725.2954128569207,703.2212046395362,712.6815795898438,227400,162063791.19873047
2002-12-05 00:00:00,709.5282145908901,722.1420495169504,703.2212971278599,706.374755859375,257200,181679587.20703125
2002-12-06 00:00:00,693.7609131984448,703.2212892875144,681.1470784130184,684.300537109375,264600,181065922.11914062
2002-12-09 00:00:00,677.9935623670408,690.6073960854974,671.6866455078125,671.6866455078125,179600,120634921.53320312
2002-12-10 00:00:00,693.7608804223744,703.2212560644978,662.2262949486301,690.607421875,291800,201519245.703125
2002-12-11 00:00:00,681.1469749594635,693.7608078290832,668.5331420898438,668.5331420898438,125800,84101469.27490234
2002-12-12 00:00:00,652.7658980520148,665.3797318307977,649.6124396073191,659.0728149414062,184800,121796656.20117188
2002-12-13 00:00:00,655.9194552416872,659.0729141611184,636.9987017251001,640.1521606445312,510400,326733662.79296875
2002-12-16 00:00:00,633.8451538085938,643.3055292385727,630.691695331934,633.8451538085938,162800,103189991.04003906
2002-12-17 00:00:00,646.458907636624,655.9192818947208,643.3054495505917,649.6123657226562,145000,94193793.02978516
2002-12-18 00:00:00,633.8452647816051,643.3056418678977,624.3848876953125,624.3848876953125,232000,144857293.9453125
2002-12-19 00:00:00,624.3847783786147,636.9986122852533,608.6174859953163,633.8451538085938,246600,156306214.92919922
2002-12-20 00:00:00,640.1521159257039,643.3055746248453,627.5382811291383,636.9986572265625,183800,117080353.19824219
2002-12-23 00:00:00,636.9986572265625,636.9986572265625,636.9986572265625,636.9986572265625,0,0.0
2002-12-24 00:00:00,621.2312429483654,649.6123657226562,621.2312429483654,649.6123657226562,227800,147981696.9116211
2002-12-25 00:00:00,649.6124461918921,655.9193631452114,627.5382368552744,633.8451538085938,193200,122458883.71582031
2002-12-26 00:00:00,646.4589345680093,668.5331420898438,646.4589345680093,668.5331420898438,115400,77148724.59716797
2002-12-27 00:00:00,677.9936197166619,687.4539958057316,668.5332436275922,684.300537109375,133600,91422551.7578125
2002-12-30 00:00:00,681.1469301970109,681.1469301970109,649.6123500952974,652.7658081054688,181000,118150611.26708984
2002-12-31 00:00:00,652.7658081054688,652.7658081054688,652.7658081054688,652.7658081054688,0,0.0
2003-01-01 00:00:00,652.7658081054688,652.7658081054688,652.7658081054688,652.7658081054688,0,0.0
2003-01-02 00:00:00,652.7658081054688,652.7658081054688,652.7658081054688,652.7658081054688,0,0.0
2003-01-03 00:00:00,652.7658081054688,652.7658081054688,652.7658081054688,652.7658081054688,0,0.0
2003-01-06 00:00:00,668.5332316461011,677.9936075656213,665.379773006261,674.8401489257812,99200,66944142.7734375
2003-01-07 00:00:00,687.4539834851416,690.6074421249817,671.6866902859412,674.8401489257812,165600,111753528.66210938
2003-01-08 00:00:00,677.9935167420585,677.9935167420585,665.3796838724389,668.5331420898438,158400,105895649.70703125
2003-01-09 00:00:00,668.5331398292824,684.3004308629919,662.2262234157986,681.14697265625,248600,169333137.40234375
2003-01-10 00:00:00,693.7607592205668,693.7607592205668,671.686553245367,677.9934692382812,247600,167871182.98339844
2003-01-13 00:00:00,677.9934692382812,677.9934692382812,677.9934692382812,677.9934692382812,0,0.0
2003-01-14 00:00:00,693.7607421875,693.7607421875,677.9934525923296,693.7607421875,155400,107810419.3359375
2003-01-15 00:00:00,693.7609010388236,728.4489460907648,687.4539837566525,722.1420288085938,244200,176347083.4350586
2003-01-16 00:00:00,722.1418591515493,744.2160644531251,712.681485450874,744.216064453125,371000,276104159.9121094
2003-01-17 00:00:00,728.4488788073576,756.8300039556962,728.4488788073576,747.36962890625,252400,188636094.3359375
2003-01-20 00:00:00,715.8352387152778,734.7559939236112,706.3748611111112,709.5283203125,273400,193985042.7734375
2003-01-21 00:00:00,712.6815898060287,744.2161734257645,712.6815898060287,734.7557983398438,152600,112123734.82666016
2003-01-22 00:00:00,722.1420089852097,741.062760312333,718.9885504306891,737.9093017578125,214600,158355336.15722656
2003-01-23 00:00:00,741.0628051757812,750.5231814120679,728.4489701940659,741.0628051757812,342200,253591691.93115234
2003-01-24 00:00:00,741.062760312333,744.2162188668536,728.4489260942509,737.9093017578125,327200,241443923.53515625
2003-01-27 00:00:00,718.9885907854352,722.1420495169504,696.9143796648298,706.374755859375,255600,180549387.59765625
2003-01-28 00:00:00,677.9936075656213,693.7609007648218,674.8401489257812,674.8401489257812,289600,195433707.12890625
2003-01-29 00:00:00,687.4539409436678,687.4539409436678,652.7658980520148,659.0728149414062,249600,164504574.609375
2003-01-30 00:00:00,652.7659629263529,662.2263392006479,646.4590454101562,646.4590454101562,129000,83393216.85791016
2003-01-31 00:00:00,633.8451985274212,649.6124920231282,630.6917398282798,636.9986572265625,339400,216197344.2626953
2003-02-03 00:00:00,640.1520181331995,668.5331420898438,636.9985599157945,668.5331420898438,304200,203367781.82373047
2003-02-04 00:00:00,677.9936116536459,681.1470703125001,662.226318359375,662.226318359375,267600,177211762.79296875
2003-02-05 00:00:00,668.5332316461011,677.9936075656213,659.0728557265808,674.8401489257812,203800,137532422.35107422
2003-02-06 00:00:00,665.3796561528178,674.8400304109148,640.1519914645593,649.6123657226562,534600,347282770.71533203
2003-02-07 00:00:00,643.3055456542969,649.6124627685547,624.3847943115235,630.6917114257812,563200,355205571.875
2003-02-10 00:00:00,627.5382368552744,640.152070761913,627.5382368552744,633.8451538085938,395400,250622373.81591797
2003-02-11 00:00:00,633.8451538085938,633.8451538085938,633.8451538085938,633.8451538085938,0,0.0
2003-02-12 00:00:00,643.30556640625,662.226318359375,640.1521077473959,662.226318359375,424400,281048849.51171875
2003-02-13 00:00:00,662.2261980667855,662.2261980667855,646.458907636624,649.6123657226562,479200,311294245.6542969
2003-02-14 00:00:00,652.7659423828126,674.8401529947918,649.6124837239583,662.226318359375,772800,511768498.828125
2003-02-17 00:00:00,690.6074622017996,715.8351320539202,684.3005447387695,706.374755859375,1142200,806821246.1425781
2003-02-18 00:00:00,706.3747146118722,706.3747146118722,681.1470462328767,690.607421875,470600,324999852.734375
2003-02-19 00:00:00,700.0678305911579,700.0678305911579,681.1470784130184,684.300537109375,208800,142881952.1484375
2003-02-20 00:00:00,687.4538432276526,687.4538432276526,668.5330952489098,677.9934692382812,267800,181566651.06201172
2003-02-21 00:00:00,665.3797318307977,671.6866487201892,655.9193564967105,659.0728149414062,507600,334545360.8642578
2003-02-24 00:00:00,665.3797770182292,671.6866943359375,659.0728597005209,662.226318359375,166400,110194459.375
2003-02-25 00:00:00,662.2263268196938,662.2263268196938,633.8451985274212,636.9986572265625,428000,272635425.29296875
2003-02-26 00:00:00,640.1521278939596,652.7659629263529,640.1521278939596,646.4590454101562,397600,257032116.45507812
2003-02-27 00:00:00,646.4590454101562,652.7659629263529,640.1521278939596,646.4590454101562,391800,253282653.99169922
2003-02-28 00:00:00,652.7659423828126,665.3797770182292,649.6124837239583,662.226318359375,366800,242904613.57421875
2003-03-03 00:00:00,662.2261792559956,677.9934692382812,662.2261792559956,677.9934692382812,246800,167328788.2080078
2003-03-04 00:00:00,674.8400112418241,681.1469272347383,668.5330952489098,677.9934692382812,309000,209499981.9946289
2003-03-05 00:00:00,668.5331870781984,677.9935623670408,665.3797286485842,671.6866455078125,220400,148039736.66992188
2003-03-06 00:00:00,677.9935144495081,690.6073472764757,677.9935144495081,681.14697265625,386200,263058960.83984375
2003-03-07 00:00:00,677.9935656095806,677.9935656095806,655.9193564967105,659.0728149414062,271600,179004176.53808594
2003-03-10 00:00:00,640.1521658585898,646.4590837488222,627.538330078125,627.538330078125,320000,200812265.625
2003-03-11 00:00:00,621.2314286665483,640.1521828391335,618.0779696377841,624.3848876953125,204400,127624271.04492188
2003-03-12 00:00:00,630.6917114257812,643.3055456542969,630.6917114257812,630.6917114257812,303400,191351865.24658203
2003-03-13 00:00:00,633.8452428056689,643.3056195639624,633.8452428056689,640.1521606445312,141000,90261454.6508789
2003-03-14 00:00:00,643.3055419921875,659.0728346880744,643.3055419921875,643.3055419921875,811600,522106777.8808594
2003-03-17 00:00:00,649.6124461918921,652.7659046685517,633.8451538085938,633.8451538085938,105600,66934048.2421875
2003-03-18 00:00:00,649.6123657226562,655.9192818947208,643.3054495505917,649.6123657226562,228000,148111619.38476562
2003-03-19 00:00:00,649.6123500952974,652.7658081054688,640.1519760647834,652.7658081054688,208000,135775288.0859375
2003-03-20 00:00:00,662.2261821359828,668.5330981563255,646.4588920851261,652.7658081054688,437200,285389211.30371094
2003-03-21 00:00:00,652.7658081054688,652.7658081054688,652.7658081054688,652.7658081054688,0,0.0
2003-03-24 00:00:00,671.6866863845685,687.4539794921875,668.5332277630447,687.4539794921875,312800,215035604.78515625
2003-03-25 00:00:00,662.2263143664209,687.4539834851416,662.2263143664209,674.8401489257812,274800,185446072.9248047
2003-03-26 00:00:00,686.0077514648438,686.0077514648438,676.4355502816134,686.0077514648438,138400,94943472.80273438
2003-03-27 00:00:00,673.2445220244097,692.388916015625,673.2445220244097,692.388916015625,141400,97903792.72460938
2003-03-28 00:00:00,679.6262192636166,686.0076861111623,670.0540189922981,676.4354858398438,151600,102547619.65332031
2003-03-31 00:00:00,670.054069967831,673.2448036343444,644.5282006357231,650.90966796875,218800,142419035.3515625
2003-04-01 00:00:00,638.1467333026961,654.1004016352636,638.1467333026961,650.90966796875,183600,119507015.0390625
2003-04-02 00:00:00,644.5281933100537,644.5281933100537,628.5745251588147,631.7652587890625,617800,390304576.8798828
2003-04-03 00:00:00,644.5281933100537,644.5281933100537,631.7652587890625,631.7652587890625,266000,168049558.83789062
2003-04-04 00:00:00,634.9561163330078,641.3375848388671,631.7653820800781,638.1468505859375,215200,137329202.24609375
2003-04-07 00:00:00,644.5280850175499,660.4817504882812,641.3373519234035,660.4817504882812,187200,123642183.69140625
2003-04-08 00:00:00,654.1004016352636,657.291135301777,641.3374669692096,650.90966796875,198200,129010296.19140625
2003-04-09 00:00:00,644.5280850175499,660.4817504882812,641.3373519234035,660.4817504882812,248000,163799474.12109375
2003-04-10 00:00:00,654.1004611477994,654.1004611477994,638.1467913637067,644.5282592773438,310400,200061571.6796875
2003-04-11 00:00:00,638.1467260495581,641.3374596798059,625.3837915285669,631.7652587890625,449400,283915307.2998047
2003-04-14 00:00:00,622.1931750045538,638.1468461585168,609.4302380813835,615.8117065429688,389000,239550753.84521484
2003-04-15 00:00:00,619.0021855780419,622.1929184933927,590.2855893398853,599.8577880859375,610600,366273165.40527344
2003-04-16 00:00:00,612.6205583756346,634.9556828997462,609.4298263007614,628.57421875,620800,390218875.0
2003-04-17 00:00:00,628.5745214217749,628.5745214217749,615.8115869766626,622.1930541992188,335200,208559111.76757812
2003-04-18 00:00:00,625.383721669515,628.5744549433391,612.6207885742188,612.6207885742188,285800,175087021.37451172
2003-04-21 00:00:00,622.193179321289,641.3375848388671,619.0024450683593,638.1468505859375,237800,151751321.06933594
2003-04-22 00:00:00,634.9559886443309,634.9559886443309,615.8115869766626,622.1930541992188,185600,115479030.859375
2003-04-23 00:00:00,622.192930241221,638.146595119201,615.811464290029,619.002197265625,311000,192509683.34960938
2003-04-24 00:00:00,628.574468963775,654.1003357237252,619.0022689287936,641.33740234375,835000,535516730.95703125
2003-04-25 00:00:00,619.0020225253808,638.1464149746193,612.6205583756346,628.57421875,697400,438367660.15625
2003-04-28 00:00:00,615.8114585676743,622.1929244595673,606.2392597298348,609.4299926757812,307600,187460665.7470703
2003-04-29 00:00:00,609.4299926757812,609.4299926757812,609.4299926757812,609.4299926757812,0,0.0
2003-04-30 00:00:00,628.5745323031557,650.90966796875,622.1930649701287,650.90966796875,762400,496253530.859375
2003-05-01 00:00:00,644.5281431327745,663.6725434238471,638.1466763690837,657.2910766601562,373400,245432488.02490234
2003-05-02 00:00:00,650.9096023787314,650.9096023787314,638.1466689987562,641.33740234375,317800,203817026.46484375
2003-05-05 00:00:00,641.33740234375,641.33740234375,641.33740234375,641.33740234375,0,0.0
2003-05-06 00:00:00,657.291135301777,660.4818689682904,647.7189343022366,650.90966796875,310000,201781997.0703125
2003-05-07 00:00:00,654.1004682268415,673.2448721749441,650.909734235491,670.0541381835938,634800,425350366.9189453
2003-05-08 00:00:00,647.7188181116961,666.8632166765739,647.7188181116961,660.4817504882812,477800,315578180.3833008
2003-05-09 00:00:00,670.0538306715385,670.0538306715385,654.1001680365019,666.8630981445312,479800,319960914.4897461
2003-05-12 00:00:00,673.2447524160709,679.6262192636166,666.8632855685253,676.4354858398438,579400,391926720.49560547
2003-05-13 00:00:00,682.817138098775,698.770809549681,679.6264038085938,679.6264038085938,574400,390377406.34765625
2003-05-14 00:00:00,679.6259866881481,692.388916015625,673.2445220244097,692.388916015625,332800,230427031.25
2003-05-15 00:00:00,679.626340157645,682.8170741489955,660.4819362095424,670.0541381835938,314200,210531010.21728516
2003-05-16 00:00:00,657.2909005635092,676.4352957255533,657.2909005635092,666.8630981445312,471800,314626009.70458984
2003-05-19 00:00:00,660.4818100420017,673.2447435693833,650.9096098964654,657.2910766601562,316000,207703980.22460938
2003-05-20 00:00:00,647.7188720703125,654.1003387902172,644.5281387103603,647.7188720703125,285800,185118053.6376953
2003-05-21 00:00:00,650.9096023787314,654.1003357237252,641.33740234375,641.33740234375,264200,169441341.69921875
2003-05-22 00:00:00,650.9096691596799,657.2911365043826,647.7189354873285,654.1004028320312,359000,234822044.61669922
2003-05-23 00:00:00,663.6725463867188,679.6262133671688,657.2910795945388,663.6725463867188,393600,261221514.2578125
2003-05-26 00:00:00,673.2447509765625,679.6262178104636,670.0540175596119,673.2447509765625,184800,124415629.98046875
2003-05-27 00:00:00,670.0539497707201,673.2446828648664,657.291017394135,660.4817504882812,126400,83484893.26171875
2003-05-28 00:00:00,679.6264038085938,689.1986066791374,673.2449352282314,679.6264038085938,367000,249422890.1977539
2003-05-29 00:00:00,689.1984252929688,689.1984252929688,673.2447580408167,689.1984252929688,346600,238876174.20654297
2003-05-30 00:00:00,695.5800227864582,717.9151611328124,695.5800227864582,717.9151611328125,1072600,770035801.8310547
2003-06-02 00:00:00,724.2968736845871,740.2505493164062,724.2968736845871,740.2505493164062,897000,664004742.7368164
2003-06-03 00:00:00,724.2965665544782,727.487300327846,711.5336314610072,714.724365234375,388800,277884833.203125
2003-06-04 00:00:00,711.5335049866551,714.7242381928733,698.7705721617823,705.1520385742188,381800,269227048.3276367
2003-06-05 00:00:00,714.724365234375,714.724365234375,705.1521639142718,714.724365234375,295800,211415467.23632812
2003-06-06 00:00:00,714.7241914574236,730.6778564453125,711.5334584598457,730.6778564453125,363200,265382197.4609375
2003-06-09 00:00:00,733.8687173082081,749.8223850757779,724.2965166476663,743.44091796875,421000,312988626.46484375
2003-06-10 00:00:00,733.8690790636787,749.8227546954977,721.1061385582233,740.2505493164062,375600,278038106.3232422
2003-06-11 00:00:00,753.0131212599733,765.776055518617,749.8223876953125,749.8223876953125,500400,375211122.8027344
2003-06-12 00:00:00,762.5851864210903,765.7759194186681,724.2963904501569,730.6778564453125,346600,253252945.0439453
2003-06-13 00:00:00,727.4872527426861,759.3945883892952,727.4872527426861,749.8223876953125,722200,541521728.3935547
2003-06-16 00:00:00,737.0595082158628,743.4409758194633,727.487306810462,733.8687744140625,180400,132389926.90429688
2003-06-17 00:00:00,749.8224434230639,753.0131772248642,730.6780406122622,733.8687744140625,349400,256413749.78027344
2003-06-18 00:00:00,740.250242017663,746.6317096212636,727.487306810462,733.8687744140625,395000,289878165.8935547
2003-06-19 00:00:00,737.0593823884662,737.0593823884662,724.2964493600946,727.4871826171875,168000,122217846.6796875
2003-06-20 00:00:00,727.4874262200578,727.4874262200578,721.1059575690048,724.2966918945312,277000,200630183.65478516
2003-06-23 00:00:00,727.4869541266025,749.8220799111912,724.2962218716613,746.63134765625,425600,317766301.5625
2003-06-24 00:00:00,737.0593823884662,740.2501156455592,721.1057161030017,727.4871826171875,375800,273389683.22753906
2003-06-25 00:00:00,737.0595082158628,743.4409758194633,730.6780406122622,733.8687744140625,361600,265366948.828125
2003-06-26 00:00:00,740.2498831463676,746.63134765625,727.4869541266025,746.63134765625,344600,257289162.40234375
2003-06-27 00:00:00,762.5850852966308,768.9665504455567,756.2036201477051,765.7758178710938,551400,422248785.9741211
2003-06-30 00:00:00,813.6372717795717,861.4982877666054,804.0650685821649,839.1631469726562,2332200,1957096291.369629
2003-07-01 00:00:00,816.8280029296875,839.1631436347961,813.6372685432434,816.8280029296875,1920200,1568473131.225586
2003-07-02 00:00:00,832.7814302775851,832.7814302775851,823.2092299295668,826.3999633789062,987000,815656763.8549805
2003-07-03 00:00:00,842.35380740282,851.9260097596703,775.3483909048684,784.9205932617188,1153400,905327412.2680664
2003-07-04 00:00:00,781.7299246788025,820.0187373161316,778.5391902923584,816.8280029296875,574600,469349370.48339844
2003-07-07 00:00:00,807.2558029813006,845.5446157709274,807.2558029813006,839.1631469726562,647600,543442053.9794922
2003-07-08 00:00:00,874.261228199785,877.4519626092733,845.5446185143907,858.3075561523438,1565400,1343594648.400879
2003-07-09 00:00:00,861.4980399653597,864.6887734467128,823.2092381891215,845.5443725585938,579200,489739300.5859375
2003-07-10 00:00:00,832.781677712011,848.7353496988311,829.590943314647,835.972412109375,436600,364985555.1269531
2003-07-11 00:00:00,826.4000776678442,826.4000776678442,797.6834726523593,800.8742065429688,538400,431190672.8027344
2003-07-14 00:00:00,810.4463476756263,816.8278149801587,804.0648803710938,804.0648803710938,209600,168531998.92578125
2003-07-15 00:00:00,835.9722168937561,842.3536841982886,804.0648803710938,804.0648803710938,440600,354270986.2915039
2003-07-16 00:00:00,820.0184206542968,820.0184206542968,788.111089111328,797.6832885742188,297200,237071473.3642578
2003-07-17 00:00:00,784.9204582602291,784.9204582602291,749.8223889884302,753.0131225585938,342000,257530487.91503906
2003-07-18 00:00:00,737.0595174494148,768.9668558671384,724.2965820823254,762.5853881835938,363000,276818495.91064453
2003-07-21 00:00:00,762.5853881835936,762.5853881835936,762.5853881835936,762.5853881835938,0,0.0
2003-07-22 00:00:00,762.5853232690844,762.5853232690844,740.2501882779396,753.0131225585938,259400,195331603.99169922
2003-07-23 00:00:00,765.776189271255,791.3020622469635,762.5854551492914,788.111328125,341200,268903585.15625
2003-07-24 00:00:00,800.8742661073984,807.2557343632342,784.9205954678088,794.4927978515625,340600,270604246.9482422
2003-07-25 00:00:00,791.3018708032024,791.3018708032024,762.5852706530862,772.157470703125,450800,348088587.79296875
2003-07-28 00:00:00,797.6832885742186,797.6832885742186,784.9203559570312,797.6832885742188,240200,191603525.91552734
2003-07-29 00:00:00,800.8740217285156,807.2554880371093,791.301822265625,797.6832885742188,335400,267542974.98779297
2003-07-30 00:00:00,804.0650031651434,820.0186738628645,797.6835348860549,807.2557373046875,603400,487098111.88964844
2003-07-31 00:00:00,807.2557320943693,807.2557320943693,772.1576567859183,784.9205932617188,580000,455253944.0917969
2003-08-01 00:00:00,788.1113273806687,797.6835297375189,781.7298591427686,784.9205932617188,498400,391204423.6816406
2003-08-04 00:00:00,768.9669241136121,797.6835312381868,765.7761899886593,791.3020629882812,415200,328548616.5527344
2003-08-05 00:00:00,788.110945892334,788.110945892334,762.5850852966308,765.7758178710938,420200,321778998.6694336
2003-08-06 00:00:00,762.5853321719072,781.7297338163902,753.0131313496656,775.3482666015625,559400,433729820.33691406
2003-08-07 00:00:00,775.3480155944824,775.3480155944824,759.3943527221679,765.7758178710938,238800,182867265.3076172
2003-08-08 00:00:00,765.7760040030992,778.5389374031508,762.5852706530862,772.157470703125,310400,239677678.90625
2003-08-11 00:00:00,772.1576560507015,788.1113266302614,772.1576560507015,781.7298583984375,154000,120386398.19335938
2003-08-12 00:00:00,791.3018708032024,791.3018708032024,765.7760040030992,772.157470703125,338200,261143656.59179688
2003-08-13 00:00:00,778.5391264884703,791.3020629882812,775.3483923635175,791.3020629882812,186000,147182183.7158203
2003-08-14 00:00:00,791.3019457620287,810.4463476756263,778.5390111529638,804.0648803710938,314400,252797998.38867188
2003-08-15 00:00:00,800.874263856469,800.874263856469,784.9205932617186,784.9205932617188,351800,276135064.70947266
2003-08-18 00:00:00,794.492679414295,807.25561402336,791.3019457620287,804.0648803710938,501600,403318943.9941406
2003-08-19 00:00:00,820.0184964802274,835.9721637269245,816.827763030888,826.3999633789062,799400,660624130.7250977
2003-08-20 00:00:00,829.5909437752496,851.9260845691986,820.0187405778428,839.1631469726562,767400,643973798.9868164
2003-08-21 00:00:00,823.2092299295668,835.9721637269245,820.0184964802274,826.3999633789062,418200,345600464.6850586
2003-08-22 00:00:00,826.4000159369574,826.4000159369574,804.0648803710938,804.0648803710938,397400,319535383.45947266
2003-08-25 00:00:00,804.0649404335782,807.2556743241877,791.3020048711404,800.8742065429688,496000,397233606.4453125
2003-08-26 00:00:00,800.8741502948836,820.0185522939645,794.4926829618566,813.6370849609375,472000,384036704.1015625
2003-08-27 00:00:00,823.209349635974,835.972285289245,820.0186157226562,820.0186157226562,368400,302094858.03222656
2003-08-28 00:00:00,823.2093467412033,826.400080643301,807.2556772307148,810.4464111328125,216000,175056424.8046875
2003-08-29 00:00:00,826.3997823861929,832.7812478872446,820.0183168851413,829.5905151367188,365000,302800538.02490234
2003-09-01 00:00:00,839.1626745153357,861.497802734375,832.7812093098958,861.497802734375,789600,680238665.0390625
2003-09-02 00:00:00,867.879442619555,867.879442619555,835.9721101703066,842.3535766601562,896400,755085746.1181641
2003-09-03 00:00:00,855.11669921875,858.3074331710587,839.1630294572061,855.11669921875,596400,509991599.4140625
2003-09-04 00:00:00,845.5446157709274,848.735350170063,839.1631469726562,839.1631469726562,191800,160951491.58935547
2003-09-05 00:00:00,832.7815513759272,839.1630192025626,813.6371478960208,820.0186157226562,476400,390656868.53027344
2003-09-08 00:00:00,813.6372708726203,832.7816772460936,807.2558020814624,832.7816772460938,217800,181379849.30419922
2003-09-09 00:00:00,835.9721637269245,845.5443640749427,820.0184964802274,826.3999633789062,710800,587405093.9697266
2003-09-10 00:00:00,832.7816772460936,839.1631460372515,826.4002084549359,832.7816772460938,324600,270320932.43408203
2003-09-11 00:00:00,829.5907532935049,829.5907532935049,813.6370849609375,813.6370849609375,440800,358651227.05078125
2003-09-12 00:00:00,829.5906968282457,835.9721637269245,823.2092299295668,826.3999633789062,819400,677152129.9926758
2003-09-15 00:00:00,826.3999633789062,826.3999633789062,826.3999633789062,826.3999633789062,0,0.0
2003-09-16 00:00:00,845.5446157709274,845.5446157709274,832.7816781743851,839.1631469726562,426200,357651333.2397461
2003-09-17 00:00:00,848.7353496988311,851.9260840961952,832.781677712011,835.972412109375,374400,312988071.09375
2003-09-18 00:00:00,835.972412109375,842.3538809041031,829.590943314647,835.972412109375,385800,322518156.5917969
2003-09-19 00:00:00,848.7352294921875,848.7352294921875,832.7815597648907,848.7352294921875,461200,391436687.8417969
2003-09-22 00:00:00,848.7352179579848,848.7352179579848,804.0649433286171,810.4464111328125,510200,413489758.95996094
2003-09-23 00:00:00,810.4464111328125,810.4464111328125,810.4464111328125,810.4464111328125,0,0.0
2003-09-24 00:00:00,823.209228515625,826.399961959484,804.064827852471,823.209228515625,357000,293885694.5800781
2003-09-25 00:00:00,815.154480470711,815.154480470711,795.8227536611289,802.2666625976562,267400,214526105.57861328
2003-09-26 00:00:00,792.6007099301796,818.3763427734375,789.3787558247724,818.3763427734375,257600,210813745.8984375
2003-09-29 00:00:00,805.4887094805317,808.7106643184538,792.6008901288432,799.0447998046875,255600,204235850.83007812
2003-09-30 00:00:00,799.0447998046875,811.932619156376,795.8228449667654,799.0447998046875,197200,157571634.52148438
2003-10-01 00:00:00,815.154480470711,818.3764349389746,795.8227536611289,802.2666625976562,192200,154195652.55126953
2003-10-02 00:00:00,818.3764344467947,824.8203433794467,815.1544799804688,815.1544799804688,256000,208679546.875
2003-10-03 00:00:00,815.1545395906797,828.0423583984375,815.1545395906797,828.0423583984375,306400,253712178.61328125
2003-10-06 00:00:00,837.7081600522813,860.2618412844581,837.7081600522813,847.3740234375,411200,348440198.4375
2003-10-07 00:00:00,860.2617490381227,863.4837031543703,847.3739325731322,857.039794921875,382800,328074833.49609375
2003-10-08 00:00:00,840.9299635453657,863.4836407285748,840.9299635453657,850.5958251953125,310200,263854824.97558594
2003-10-09 00:00:00,840.930114285451,860.2618410506338,840.930114285451,853.8179321289062,316000,269806466.5527344
2003-10-10 00:00:00,844.1519174286813,863.4836407285748,844.1519174286813,850.5958251953125,411800,350275360.8154297
2003-10-13 00:00:00,850.5958251953125,850.5958251953125,850.5958251953125,850.5958251953125,0,0.0
2003-10-14 00:00:00,863.4838256835938,869.9277348304862,857.0399165367012,863.4838256835938,541400,467490143.22509766
2003-10-15 00:00:00,869.9279469845479,876.3718577029521,860.2620809069418,873.14990234375,487000,425224002.44140625
2003-10-16 00:00:00,863.4840362661439,873.14990234375,853.8181701885378,873.14990234375,360400,314683224.8046875
2003-10-17 00:00:00,879.5934461462799,902.1471242525947,876.371492131092,892.4812622070312,626600,559228758.8989258
2003-10-20 00:00:00,902.1470997431508,944.0325008026542,892.4812379601884,940.810546875,907800,854067814.453125
2003-10-21 00:00:00,944.0325008026542,960.1422704409247,915.0349154537672,940.810546875,619000,582361728.515625
2003-10-22 00:00:00,940.810577077964,940.810577077964,921.4788528914305,937.588623046875,408200,382723675.9277344
2003-10-23 00:00:00,895.7033691406249,911.8131419668952,873.1496871838466,895.703369140625,567800,508580372.9980469
2003-10-24 00:00:00,886.0373838104472,892.4812920563413,866.7056590727647,882.8154296875,353600,312163535.9375
2003-10-27 00:00:00,879.5934461462799,892.4812622070312,876.371492131092,892.4812622070312,255200,227761218.11523438
2003-10-28 00:00:00,879.5936259608114,898.9253540039062,879.5936259608114,898.9253540039062,178200,160188498.0834961
2003-10-29 00:00:00,895.7032783374452,918.2569580078125,895.7032783374452,918.2569580078125,366000,336082046.6308594
2003-10-30 00:00:00,902.147278271133,911.8131419668952,889.2594600101169,895.703369140625,314200,281429998.5839844
2003-10-31 00:00:00,898.9255452173662,908.5914112949723,873.14990234375,873.14990234375,280600,245005862.59765625
2003-11-03 00:00:00,873.14990234375,873.14990234375,873.14990234375,873.14990234375,0,0.0
2003-11-04 00:00:00,905.3691711425782,931.1448059082032,895.7033081054689,927.9228515625,579400,537638500.1953125
2003-11-05 00:00:00,918.2566822750468,921.4786355461873,898.9249626482037,915.0347290039062,550400,503635114.84375
2003-11-06 00:00:00,908.5913153255688,911.8132703444537,873.1498101178338,876.3717651367188,292600,256426378.4790039
2003-11-07 00:00:00,879.5937201556038,889.2595852122588,873.1498101178338,876.3717651367188,235000,205947364.8071289
2003-11-10 00:00:00,869.9275484952059,869.9275484952059,844.1519174286813,850.5958251953125,405200,344661428.3691406
2003-11-11 00:00:00,831.2641270854084,834.4860810663596,789.3787253330429,808.71044921875,476200,385107915.91796875
2003-11-12 00:00:00,811.9323720703125,821.5982336425781,795.822602783203,805.4884643554688,267800,215709810.75439453
2003-11-13 00:00:00,815.1543259277344,818.3762797851562,795.822602783203,805.4884643554688,337400,271771807.87353516
2003-11-14 00:00:00,789.3785993160043,811.9322735821759,779.7127389162165,782.9346923828125,505800,396008367.40722656
2003-11-17 00:00:00,766.8249756925492,766.8249756925492,737.827392578125,737.827392578125,370600,273438831.6894531
2003-11-18 00:00:00,737.8275151723444,753.9372862459763,731.3836067428916,750.71533203125,325000,243982482.91015625
2003-11-19 00:00:00,747.493257563165,770.0469334379156,737.8273964739861,757.1591186523438,448400,339510148.80371094
2003-11-20 00:00:00,773.2688871343086,776.4908408307015,744.271303866772,757.1591186523438,373200,282571783.0810547
2003-11-21 00:00:00,750.7153933306276,757.1593022862554,744.271484375,744.271484375,289800,215689876.171875
2003-11-24 00:00:00,744.271484375,744.271484375,744.271484375,744.271484375,0,0.0
2003-11-25 00:00:00,786.1568291955414,786.1568291955414,766.8251038874542,770.0470581054688,230400,177418842.1875
2003-11-26 00:00:00,760.381434776971,789.3790318659233,760.381434776971,776.4912109375,251800,195520486.9140625
2003-11-27 00:00:00,773.2690738726266,779.7129828215651,763.6032104492188,763.6032104492188,252400,192733450.3173828
2003-11-28 00:00:00,766.8251342773438,770.0470886230469,757.1592712402344,760.3812255859375,169800,129112732.10449219
2003-12-01 00:00:00,747.493408203125,782.9349060058594,744.2714538574219,779.7129516601562,255800,199450573.03466797
2003-12-02 00:00:00,782.9349683232668,799.0447413340336,763.6032407103467,766.8251953125,540600,414545700.5859375
2003-12-03 00:00:00,763.6029388427735,779.712705485026,763.6029388427735,773.268798828125,127400,98514444.97070312
2003-12-04 00:00:00,773.2692557053942,792.6009870980291,770.0473004732884,776.4912109375,239400,185891995.8984375
2003-12-05 00:00:00,789.3788449677379,795.82275390625,779.7129815599696,795.82275390625,283600,225695333.0078125
2003-12-08 00:00:00,773.26904296875,782.9349060058594,753.9373168945312,760.3812255859375,406200,308866853.8330078
2003-12-09 00:00:00,766.8251342773438,766.8251342773438,747.493408203125,760.3812255859375,300600,228570596.4111328
2003-12-10 00:00:00,770.0472772532496,770.0472772532496,737.8277259037412,747.4935913085938,485800,363132386.65771484
2003-12-11 00:00:00,744.271485469801,747.4934399523543,708.8299861617152,718.495849609375,829600,596064156.8359375
2003-12-12 00:00:00,715.2738948567709,734.6056217447917,712.051940375434,724.9397583007812,1109400,804248167.8588867
2003-12-15 00:00:00,744.2714236017972,750.71533203125,737.8275151723444,750.71533203125,456600,342776620.60546875
2003-12-16 00:00:00,721.7178038194445,731.3836672634549,721.7178038194445,724.9397583007812,267800,194138867.27294922
2003-12-17 00:00:00,734.6055292450221,734.6055292450221,724.9396670181139,728.16162109375,271400,197623063.96484375
2003-12-18 00:00:00,728.1617127821181,728.1617127821181,718.4958493381076,724.9397583007812,271400,196748650.40283203
2003-12-19 00:00:00,734.6055286952427,737.8274827684675,718.495758329119,721.7177124023438,384000,277139601.5625
2003-12-22 00:00:00,721.7177124023438,724.9396664755684,715.2738042558942,721.7177124023438,250400,180718115.18554688
2003-12-23 00:00:00,721.7177124023438,721.7177124023438,721.7177124023438,721.7177124023438,0,0.0
2003-12-24 00:00:00,724.9397583007812,728.1617127821181,715.2738948567709,724.9397583007812,246800,178915132.3486328
2003-12-25 00:00:00,721.7177124023438,724.9396664755684,718.495758329119,721.7177124023438,251200,181295489.35546875
2003-12-26 00:00:00,724.9395778606032,737.827392578125,724.9395778606032,737.827392578125,212200,156566972.70507812
2003-12-29 00:00:00,747.4933778165235,753.9372862459763,741.0494693870708,750.71533203125,235000,176418103.02734375
2003-12-30 00:00:00,760.3810723487368,763.6030260451297,757.1591186523439,757.1591186523438,225000,170360801.69677734
2003-12-31 00:00:00,757.1591186523439,757.1591186523439,757.1591186523439,757.1591186523438,0,0.0
2004-01-01 00:00:00,757.1591186523439,757.1591186523439,757.1591186523439,757.1591186523438,0,0.0
2004-01-02 00:00:00,757.1591186523439,757.1591186523439,757.1591186523439,757.1591186523438,0,0.0
2004-01-05 00:00:00,776.49105911896,779.7130137211134,763.6032407103467,766.8251953125,204800,157045800.0
2004-01-06 00:00:00,776.4907521565755,779.712705485026,766.824892171224,773.268798828125,324000,250539090.8203125
2004-01-07 00:00:00,779.7129516601562,786.1568603515625,776.4909973144531,779.7129516601562,372800,290676988.37890625
2004-01-08 00:00:00,779.7129516601562,782.9349060058594,776.4909973144531,779.7129516601562,320400,249820029.71191406
2004-01-09 00:00:00,795.822602783203,808.7104182128905,786.1567412109374,805.4884643554688,788400,635047105.2978516
2004-01-12 00:00:00,805.4884643554688,805.4884643554688,805.4884643554688,805.4884643554688,0,0.0
2004-01-13 00:00:00,808.7105717832743,808.7105717832743,782.9349360292258,795.82275390625,336400,267714774.4140625
2004-01-14 00:00:00,782.9350256150768,802.2667546426096,779.7130707771547,799.0447998046875,379000,302837979.12597656
2004-01-15 00:00:00,789.3790318659233,792.6009870980291,776.4912109375,776.4912109375,323800,251427854.1015625
2004-01-16 00:00:00,779.7127389162165,789.3785993160043,770.0468785164287,782.9346923828125,416800,326327179.78515625
2004-01-19 00:00:00,795.82275390625,805.4886173140183,786.1568904984819,795.82275390625,489600,389634820.3125
2004-01-20 00:00:00,808.710419185578,821.5982346307665,802.2665114629837,811.932373046875,545600,442990302.734375
2004-01-21 00:00:00,815.154480470711,821.5983894072383,802.2666625976562,802.2666625976562,356800,286248745.21484375
2004-01-22 00:00:00,808.7105717832743,815.1544807217865,792.600799436994,795.82275390625,414600,329948113.76953125
2004-01-23 00:00:00,799.0447081293926,808.7105715341836,792.6007991928652,802.2666625976562,227600,182595892.40722656
2004-01-26 00:00:00,805.4885864257812,805.4885864257812,792.6007690429688,792.6007690429688,227600,180395935.0341797
2004-01-27 00:00:00,805.4885864257812,808.7105407714844,792.6007690429688,792.6007690429688,269200,213368127.0263672
2004-01-28 00:00:00,792.6009870980291,792.6009870980291,776.4912109375,776.4912109375,268600,208565539.2578125
2004-01-29 00:00:00,776.4909973144531,786.1568603515625,766.8251342773438,779.7129516601562,360800,281320432.9589844
2004-01-30 00:00:00,779.7129207595124,789.3787834135559,763.6031496694397,770.0470581054688,479000,368852540.83251953
2004-02-02 00:00:00,766.8251342773438,786.1568603515625,766.8251342773438,779.7129516601562,200600,156410418.10302734
2004-02-03 00:00:00,779.7129207595124,779.7129207595124,757.1592412334107,770.0470581054688,431400,332198300.8666992
2004-02-04 00:00:00,757.1593336022418,760.3812882133152,734.6056513247282,741.049560546875,508400,376749596.58203125
2004-02-05 00:00:00,734.6054388987446,737.827392578125,728.1615315399837,737.827392578125,285200,210428372.36328125
2004-02-06 00:00:00,737.827392578125,744.271299936886,731.3834852193642,737.827392578125,282200,208214890.18554688
2004-02-09 00:00:00,744.2713920191716,747.4933460971766,721.717713473136,734.6055297851562,611200,448990899.8046875
2004-02-10 00:00:00,734.6055297851562,734.6055297851562,728.1616216291461,734.6055297851562,596000,437824895.7519531
2004-02-11 00:00:00,734.6055297851562,734.6055297851562,734.6055297851562,734.6055297851562,0,0.0
2004-02-12 00:00:00,737.8274838631613,744.2713920191716,731.3835757071512,734.6055297851562,788000,578869157.4707031
2004-02-13 00:00:00,734.6054388987446,744.271299936886,731.3834852193642,737.827392578125,509000,375554142.8222656
2004-02-16 00:00:00,737.8276059358016,747.4934697690217,737.8276059358016,741.049560546875,476200,352887800.7324219
2004-02-17 00:00:00,744.2714236017972,750.71533203125,741.0494693870708,750.71533203125,687800,516342005.37109375
2004-02-18 00:00:00,750.7150586772169,763.6028708433494,747.4931056356838,753.93701171875,720000,542834648.4375
2004-02-19 00:00:00,753.9372862459763,760.3811946754291,747.4933778165235,750.71533203125,543000,407638425.29296875
2004-02-20 00:00:00,747.4934388528138,766.8251657196969,741.0495298971861,744.271484375,887800,660764223.828125
2004-02-23 00:00:00,750.71533203125,757.1592404607028,747.4933778165235,750.71533203125,734800,551625625.9765625
2004-02-24 00:00:00,750.7154243800951,753.9373789911684,741.049560546875,741.049560546875,328600,243508885.59570312
2004-02-25 00:00:00,750.7152072956469,750.7152072956469,737.827392578125,737.827392578125,314800,232268063.18359375
2004-02-26 00:00:00,741.0496810386921,747.4935913085938,737.8277259037412,747.4935913085938,576800,431154303.4667969
2004-02-27 00:00:00,747.493257563165,757.1591186523439,741.0493501703791,757.1591186523438,421200,318915420.7763672
2004-03-01 00:00:00,757.1593015002802,763.6032104492188,753.9373470258109,763.6032104492188,400800,306052166.7480469
2004-03-02 00:00:00,770.0471193981573,776.4910283470958,757.1593015002802,763.6032104492188,662800,506116207.8857422
2004-03-03 00:00:00,766.824892171224,773.268798828125,763.6029388427735,773.268798828125,582600,450506402.1972656
2004-03-04 00:00:00,773.268798828125,779.712705485026,773.268798828125,773.268798828125,649400,502160757.9589844
2004-03-05 00:00:00,779.712705485026,782.9346588134765,763.6029388427735,773.268798828125,820600,634544376.3183594
2004-03-08 00:00:00,782.9346923828124,792.6005527826003,779.7127389162165,782.9346923828125,949200,743161610.0097656
2004-03-09 00:00:00,779.7129815599696,795.82275390625,779.7129815599696,795.82275390625,739600,588590508.7890625
2004-03-10 00:00:00,789.3785993160043,792.6005527826003,782.9346923828124,782.9346923828125,625400,489647356.61621094
2004-03-11 00:00:00,776.4912109375,782.9351214017116,770.0473004732884,776.4912109375,522600,405794306.8359375
2004-03-12 00:00:00,766.8249250498328,789.3785993160043,766.8249250498328,782.9346923828125,1088800,852459293.0664062
2004-03-15 00:00:00,789.3788449677379,799.0447083755062,789.3788449677379,795.82275390625,520400,414146161.1328125
2004-03-16 00:00:00,792.6007996851084,792.6007996851084,786.1568907445791,789.3788452148438,435400,343695549.20654297
2004-03-17 00:00:00,789.378935290921,802.2667546426096,786.1569804529989,799.0447998046875,430800,344228499.7558594
2004-03-18 00:00:00,808.7104182128905,808.7104182128905,799.0445566406249,805.4884643554688,560400,451395735.4248047
2004-03-19 00:00:00,799.0445566406249,808.7104182128905,795.822602783203,805.4884643554688,462200,372296768.22509766
2004-03-22 00:00:00,802.2665412568476,811.9324031997013,799.0445872758964,808.71044921875,523800,423602533.30078125
2004-03-23 00:00:00,802.2665412568476,815.1543571806525,799.0445872758964,808.71044921875,720000,582271523.4375
2004-03-24 00:00:00,811.9325848887403,828.0423583984375,808.7106301868008,828.0423583984375,899000,744410080.2001953
2004-03-25 00:00:00,828.0424464567926,844.1522216796874,818.3765813230558,844.1522216796875,1070800,903918198.9746094
2004-03-26 00:00:00,862.0435950034423,868.5495843996947,839.272632116559,849.0316162109375,889000,754789106.8115234
2004-03-29 00:00:00,849.031813054947,881.561767578125,849.031813054947,881.561767578125,1336400,1178119146.1914062
2004-03-30 00:00:00,894.5732421875001,907.5852166193182,891.3202485795455,894.5732421875,1547600,1384441549.609375
2004-03-31 00:00:00,888.0677584827606,891.3207539350784,862.0437948642182,881.561767578125,531400,468461923.2910156
2004-04-01 00:00:00,881.5612677556819,897.8262357954546,881.5612677556819,894.5732421875,853000,763070975.5859375
2004-04-02 00:00:00,884.8142613636364,901.0792294034092,881.5612677556819,894.5732421875,660000,590418339.84375
2004-04-05 00:00:00,904.332515593498,910.8385049143145,901.0795209330897,907.5855102539062,552200,501168718.76220703
2004-04-06 00:00:00,907.5855142058228,910.8385088803957,891.3205408329586,904.33251953125,421200,380904857.2265625
2004-04-07 00:00:00,904.3322230113637,907.5852166193182,894.5732421875001,894.5732421875,382200,341905893.1640625
2004-04-08 00:00:00,891.3207078166704,914.0916748046875,888.067712532668,914.0916748046875,615600,562714835.0097656
2004-04-09 00:00:00,907.5855102539062,910.8385049143145,901.0795209330897,907.5855102539062,734600,666712315.8325195
2004-04-12 00:00:00,910.8384893302783,920.5974731445312,907.5854947255273,920.5974731445312,628000,578135213.1347656
2004-04-13 00:00:00,920.5975180170677,933.6094970703125,914.0915284904453,933.6094970703125,494400,461576535.3515625
2004-04-14 00:00:00,927.1035115702169,933.6095011250956,920.5975220153382,930.3565063476562,495200,460712541.9433594
2004-04-15 00:00:00,933.6095260620117,933.6095260620117,901.079577418736,910.8385620117188,485400,442121038.0004883
2004-04-16 00:00:00,920.5974731445312,927.1034623540332,897.8265109112743,920.5974731445312,738200,679585054.675293
2004-04-19 00:00:00,923.8500976562501,933.6090775610696,914.0911177514305,923.85009765625,539000,497955202.63671875
2004-04-20 00:00:00,914.0913425960342,940.1152954101562,907.5853543925037,940.1152954101562,656000,616715633.7890625
2004-04-21 00:00:00,936.86203125,979.1509423828124,936.86203125,975.89794921875,1486200,1450379532.1289062
2004-04-22 00:00:00,992.1630362577216,1001.9220169422238,979.1510620117188,979.1510620117188,1200200,1175177104.6264648
2004-04-23 00:00:00,985.6570378538037,1001.9220054751536,975.8980572809937,992.1630249023438,943400,936006597.6928711
2004-04-26 00:00:00,992.1633262883604,1001.922309825623,985.6573372635187,995.4163208007812,841000,837145125.793457
2004-04-27 00:00:00,992.1630249023436,995.4160184266136,982.4040443295337,992.1630249023438,635200,630221953.4179688
2004-04-28 00:00:00,992.1633262883604,1014.9342878753064,985.6573372635187,995.4163208007812,793200,789564225.6591797
2004-04-29 00:00:00,995.4163208007812,995.4163208007812,995.4163208007812,995.4163208007812,0,0.0
2004-04-30 00:00:00,959.6334307673848,966.1394201285195,940.1154626839804,953.12744140625,949400,904899192.8710938
2004-05-03 00:00:00,953.1274414062499,953.1274414062499,953.1274414062499,953.12744140625,0,0.0
2004-05-04 00:00:00,953.1274414062499,953.1274414062499,953.1274414062499,953.12744140625,0,0.0
2004-05-05 00:00:00,953.1274414062499,953.1274414062499,953.1274414062499,953.12744140625,0,0.0
2004-05-06 00:00:00,969.3920038787413,972.6449971803478,923.8500976562501,923.85009765625,725200,669976090.8203125
2004-05-07 00:00:00,910.8383617735745,946.6212974146792,907.5853676243833,927.1033325195312,437000,405144156.31103516
2004-05-10 00:00:00,920.5976587458615,920.5976587458615,862.043744055312,875.0557250976562,726600,635815489.855957
2004-05-11 00:00:00,845.7784294359612,884.8143569483901,845.7784294359612,858.7904052734375,519000,445712220.33691406
2004-05-12 00:00:00,871.8022406684028,881.5612209743924,862.0432603624132,878.3082275390625,423400,371875703.54003906
2004-05-13 00:00:00,891.3205390030893,891.3205390030893,849.031608320461,855.53759765625,629600,538646471.484375
2004-05-14 00:00:00,842.5252051720252,855.5371774526742,829.5132328913762,845.7781982421875,711000,601348298.9501953
2004-05-17 00:00:00,845.7786117061491,852.2846010269657,803.4896811208417,806.74267578125,515800,416117872.16796875
2004-05-18 00:00:00,806.7425401475695,826.260504828559,803.4895460340712,819.7545166015625,422400,346264307.8125
2004-05-19 00:00:00,829.5132328913762,849.0311913123497,829.5132328913762,845.7781982421875,428200,362162224.4873047
2004-05-20 00:00:00,852.2847290039062,858.7907193016459,832.766758110687,852.2847290039062,355200,302731535.7421875
2004-05-21 00:00:00,852.2842800564237,878.3082275390625,852.2842800564237,878.3082275390625,279800,245750642.0654297
2004-05-24 00:00:00,878.3084244118597,884.8144127408365,862.0434535894178,865.2964477539062,226000,195556997.1923828
2004-05-25 00:00:00,878.3084901053951,878.3084901053951,852.284534843013,862.0435180664062,171600,147926667.7001953
2004-05-26 00:00:00,871.8027298370703,875.0557250976562,865.2967393158981,875.0557250976562,171800,150334573.57177734
2004-05-27 00:00:00,868.5494384765625,878.3084209313554,865.2964443249649,868.5494384765625,129800,112737717.11425781
2004-05-28 00:00:00,871.802656285903,888.0676312166102,871.802656285903,884.8146362304688,372600,329681933.45947266
2004-05-31 00:00:00,897.826744839714,901.0797402920318,868.5497857688538,881.561767578125,464400,409397284.86328125
2004-06-01 00:00:00,871.8027298370703,884.8147108794145,868.5497345764842,875.0557250976562,331000,289643445.0073242
2004-06-02 00:00:00,878.3082275390625,881.5612209743924,871.8022406684028,878.3082275390625,192400,168986502.97851562
2004-06-03 00:00:00,894.5731947157118,910.8381618923611,875.0552341037327,878.3082275390625,673200,591277098.7792969
2004-06-04 00:00:00,871.802656285903,891.3206262027516,871.802656285903,884.8146362304688,334600,296058977.28271484
2004-06-07 00:00:00,884.8142613636364,904.3322230113637,881.5612677556819,894.5732421875,281800,252090739.6484375
2004-06-08 00:00:00,904.33251953125,907.5855142058228,894.5735355075315,904.33251953125,238800,215954605.6640625
2004-06-09 00:00:00,894.5730568706125,907.5850286069124,894.5730568706125,897.8260498046875,218800,196444339.69726562
2004-06-10 00:00:00,897.8265585732627,930.3565063476562,894.5735637958234,930.3565063476562,399800,371956531.23779297
2004-06-11 00:00:00,936.8621384640958,936.8621384640958,914.0911837097601,917.3441772460938,634000,581596208.3740234
2004-06-14 00:00:00,920.5974888955393,930.3564728767641,907.5855102539062,907.5855102539062,140000,127061971.43554688
2004-06-15 00:00:00,904.33251953125,907.5855142058228,888.0675461583858,904.33251953125,249000,225178797.36328125
2004-06-16 00:00:00,920.5975466047014,930.3565311976841,901.079577418736,910.8385620117188,296600,270154717.4926758
2004-06-17 00:00:00,917.3441772460938,923.8501643187611,901.0792095644255,917.3441772460938,208800,191541464.20898438
2004-06-18 00:00:00,917.344494235131,917.344494235131,894.5735316122732,907.5855102539062,263200,238876506.29882812
2004-06-21 00:00:00,914.0914995747228,933.6094675371723,907.5855102539062,907.5855102539062,192200,174437935.07080078
2004-06-22 00:00:00,910.8386795206851,917.34467008869,901.0796936686778,914.0916748046875,196000,179161968.26171875
2004-06-23 00:00:00,917.3445517403738,920.5975466047014,904.3325722830637,910.8385620117188,158800,144641163.64746094
2004-06-24 00:00:00,914.091405444675,936.8623657226562,904.3324224683973,936.8623657226562,424800,397979132.9589844
2004-06-25 00:00:00,923.8503884209526,943.368354373508,923.8503884209526,936.8623657226562,556800,521644965.234375
2004-06-28 00:00:00,936.8623585668104,943.3683471679689,927.1033756650728,943.3683471679688,278400,262633747.8515625
2004-06-29 00:00:00,943.368481360246,943.368481360246,933.6094970703125,933.6094970703125,215000,200726041.8701172
2004-06-30 00:00:00,940.1151559603417,959.6331176757814,940.1151559603417,959.6331176757812,420200,403237836.0473633
2004-07-01 00:00:00,959.63324977927,962.8862438463184,946.6212735110765,949.874267578125,191400,181805934.81445312
2004-07-02 00:00:00,940.1152954101562,943.3682895119215,933.6093072066257,940.1152954101562,247400,232584524.08447266
2004-07-05 00:00:00,923.8501643187611,930.3561513914285,914.0911837097601,917.3441772460938,242200,222180759.7290039
2004-07-06 00:00:00,914.0916748046875,923.8506606566949,914.0916748046875,914.0916748046875,146000,133457384.52148438
2004-07-07 00:00:00,904.3323397309342,904.3323397309342,888.0673695918886,901.079345703125,156400,140928809.66796875
2004-07-08 00:00:00,907.5853337587433,907.5853337587433,891.3203636196977,901.079345703125,120600,108670169.09179688
2004-07-09 00:00:00,884.8147172486655,914.0916748046875,884.8147172486655,914.0916748046875,280000,255945668.9453125
2004-07-12 00:00:00,914.0914839350293,923.8504677492823,910.8384893302783,920.5974731445312,131000,120598268.9819336
2004-07-13 00:00:00,907.5851966370928,917.3441772460938,904.3322031007591,917.3441772460938,113200,103843360.86425781
2004-07-14 00:00:00,920.5973098699798,923.8503038977889,897.8263516753159,901.079345703125,177000,159491044.18945312
2004-07-15 00:00:00,910.8381618923611,910.8381618923611,868.549247233073,878.3082275390625,390800,343242855.3222656
2004-07-16 00:00:00,878.3080922002378,897.8260498046875,875.0550992661629,897.8260498046875,158000,141856515.86914062
2004-07-19 00:00:00,897.8260498046875,897.8260498046875,897.8260498046875,897.8260498046875,0,0.0
2004-07-20 00:00:00,881.5616412443273,888.0676312166102,878.308646258186,884.8146362304688,182400,161390189.6484375
2004-07-21 00:00:00,894.5730568706125,897.8260498046875,884.8140780683876,897.8260498046875,140200,125875212.18261719
2004-07-22 00:00:00,884.8146362304688,888.0676312166102,881.5616412443273,884.8146362304688,112600,99630128.03955078
2004-07-23 00:00:00,891.3207014005867,891.3207014005867,875.0557250976562,875.0557250976562,113200,99056308.08105469
2004-07-26 00:00:00,865.296253797743,878.3082275390625,865.296253797743,878.3082275390625,94200,82736635.03417969
2004-07-27 00:00:00,875.0554302473713,881.561418576348,865.2964477539062,865.2964477539062,134600,116468901.86767578
2004-07-28 00:00:00,881.5616412443273,891.3206262027516,868.5496612997616,884.8146362304688,202600,179263445.30029297
2004-07-29 00:00:00,881.561418576348,884.8144127408365,855.5374652604411,865.2964477539062,271400,234841455.92041016
2004-07-30 00:00:00,881.5614552480397,888.0674438476562,875.0554666484231,888.0674438476562,172800,153458054.296875
2004-08-02 00:00:00,888.0677061400006,891.3207014005867,865.2967393158981,875.0557250976562,157400,137733771.1303711
2004-08-03 00:00:00,871.8027298370703,884.8147108794145,868.5497345764842,875.0557250976562,154800,135458626.2451172
2004-08-04 00:00:00,868.5494419183946,881.561418576348,858.7904594249295,865.2964477539062,208600,180500839.00146484
2004-08-05 00:00:00,871.8024326281601,875.0554267797577,862.0434501733673,868.5494384765625,95400,82859616.43066406
2004-08-06 00:00:00,855.5374652604411,871.802436082883,852.2844710959528,865.2964477539062,144000,124602688.4765625
2004-08-09 00:00:00,845.7787387061665,852.2847290039062,839.2727484084268,852.2847290039062,151200,128865451.02539062
2004-08-10 00:00:00,858.7907193016459,858.7907193016459,842.5257435572966,852.2847290039062,146800,125115398.21777344
2004-08-11 00:00:00,858.7905236586085,865.2965124742041,855.5375292508107,862.0435180664062,214000,184477312.86621094
2004-08-12 00:00:00,855.537724152776,865.2967095993857,849.0317338550364,852.2847290039062,168400,143524748.3642578
2004-08-13 00:00:00,845.7784490067829,852.2844370760658,839.2724609374999,839.2724609375,232200,194879065.4296875
2004-08-16 00:00:00,836.0196573734282,842.5256469249724,823.00767827034,832.7666625976562,164800,137239945.99609375
2004-08-17 00:00:00,845.7786417007445,845.7786417007445,826.2606730461121,832.7666625976562,112000,93269866.2109375
2004-08-18 00:00:00,842.5252051720252,845.7781982421875,832.7662259615385,845.7781982421875,124400,105214807.86132812
2004-08-19 00:00:00,855.5375782980848,871.8025512695312,845.7785945152169,871.8025512695312,274600,239396980.57861328
2004-08-20 00:00:00,871.8024326281601,871.8024326281601,865.2964443249649,868.5494384765625,146400,127155637.79296875
2004-08-23 00:00:00,871.8022406684028,881.5612209743924,868.549247233073,878.3082275390625,187400,164594961.8408203
2004-08-24 00:00:00,878.308646258186,888.0676312166102,875.0556512720444,884.8146362304688,260400,230405731.27441406
2004-08-25 00:00:00,888.0670710024626,897.8260498046875,881.5610851343127,897.8260498046875,153400,137726516.04003906
2004-08-26 00:00:00,894.5733576475068,901.0793457031251,891.3203636196977,901.079345703125,203800,183639970.65429688
2004-08-27 00:00:00,897.8265262726815,907.5855102539062,897.8265262726815,907.5855102539062,113200,102738679.76074219
2004-08-30 00:00:00,897.8265301821043,907.5855142058228,897.8265301821043,904.33251953125,157000,141980205.56640625
2004-08-31 00:00:00,907.5855142058228,907.5855142058228,901.0795248566772,904.33251953125,207800,187920297.55859375
2004-09-01 00:00:00,904.3325722830637,914.0915568760463,904.3325722830637,910.8385620117188,155000,141179977.1118164
2004-09-02 00:00:00,927.1033325195312,933.609320817914,920.5973442211485,927.1033325195312,734600,681050108.0688477
2004-09-03 00:00:00,923.8504677492823,927.1034623540332,917.3444785397803,920.5974731445312,370600,341173423.5473633
2004-09-06 00:00:00,923.85033837034,933.609320817914,901.0793793260005,927.1033325195312,664400,615967454.1259766
2004-09-07 00:00:00,923.8505167927775,933.6095011250956,917.3445272378988,930.3565063476562,443600,412706146.2158203
2004-09-08 00:00:00,930.3563770718044,936.8623657226562,920.5973940955267,936.8623657226562,479800,449506563.07373047
2004-09-09 00:00:00,940.1153091162967,940.1153091162967,920.5973442211485,927.1033325195312,591800,548659752.1850586
2004-09-10 00:00:00,914.0911177514305,923.8500976562501,910.838124449824,923.85009765625,1063600,982606963.8671875
2004-09-13 00:00:00,923.8505167927775,933.6095011250956,920.5975220153382,930.3565063476562,450200,418846499.15771484
2004-09-14 00:00:00,930.3563266687227,933.609320817914,923.85033837034,927.1033325195312,347400,322075697.71728516
2004-09-15 00:00:00,920.5974888955393,927.1034782163558,907.5855102539062,907.5855102539062,406000,368479717.16308594
2004-09-16 00:00:00,901.0795248566772,914.0915035549685,897.8265301821043,904.33251953125,307200,277810950.0
2004-09-17 00:00:00,910.8380215409874,910.8380215409874,884.8140780683876,897.8260498046875,390800,350870420.2636719
2004-09-20 00:00:00,897.8260498046875,897.8260498046875,897.8260498046875,897.8260498046875,0,0.0
2004-09-21 00:00:00,907.5855142058228,910.8385088803957,901.0795248566772,904.33251953125,255800,231328258.49609375
2004-09-22 00:00:00,914.0913218143615,917.3443158421707,891.3203636196977,901.079345703125,296600,267260133.93554688
2004-09-23 00:00:00,901.0793457031251,901.0793457031251,901.0793457031251,901.079345703125,0,0.0
2004-09-24 00:00:00,891.3204381474644,894.5734324472727,884.814449547848,888.0674438476562,348800,309757924.4140625
2004-09-27 00:00:00,879.8596801757814,883.1427386838999,873.2935631595442,879.8596801757812,330400,290705638.3300781
2004-09-28 00:00:00,863.4444193984523,873.2935952851267,863.4444193984523,866.7274780273438,393200,340797244.36035156
2004-09-29 00:00:00,889.7088784143384,892.9919370062732,879.8597026385339,883.1427612304688,329600,291083854.1015625
2004-09-30 00:00:00,899.5581443702781,906.124262212397,886.4259086860404,896.2750854492188,350800,314413299.97558594
2004-10-01 00:00:00,879.8598461009839,892.9920826099537,879.8598461009839,886.4259643554688,565400,501185240.24658203
2004-10-04 00:00:00,902.8414154052734,919.2567138671875,899.5583557128906,919.2567138671875,352000,323578363.28125
2004-10-05 00:00:00,909.4074314035099,912.6904907226562,902.8413127652175,912.6904907226562,296800,270886537.6464844
2004-10-06 00:00:00,912.6905731966847,922.5397520441309,906.1244539650538,915.9736328125,299600,274425700.390625
2004-10-07 00:00:00,909.4072652623273,915.9733827010446,896.2750303848931,906.1242065429688,408200,369879901.11083984
2004-10-08 00:00:00,902.8411478236102,912.690323981686,902.8411478236102,906.1242065429688,448000,405943644.53125
2004-10-11 00:00:00,906.1242065429688,906.1242065429688,906.1242065429688,906.1242065429688,0,0.0
2004-10-12 00:00:00,902.8411922383398,902.8411922383398,860.1614267870727,876.5767211914062,881000,772264091.3696289
2004-10-13 00:00:00,879.8597800722729,886.4258978340063,876.5767211914062,876.5767211914062,496400,435132684.39941406
2004-10-14 00:00:00,879.8598461009839,886.4259643554688,876.5767869737414,886.4259643554688,501600,444631263.7207031
2004-10-15 00:00:00,866.7275003685141,873.2936177955484,860.1613829414799,870.0105590820312,345200,300327644.9951172
2004-10-18 00:00:00,866.7275831179511,873.2937011718749,866.7275831179511,873.293701171875,209200,182693042.28515625
2004-10-19 00:00:00,883.1427386838999,886.4257971920185,873.2935631595442,879.8596801757812,365200,321324755.2001953
2004-10-20 00:00:00,876.5767211914062,879.8597800722729,870.0106034296729,876.5767211914062,406800,356591410.18066406
2004-10-21 00:00:00,876.5765850900233,876.5765850900233,853.5951764921575,856.8782348632812,365800,313446058.3129883
2004-10-22 00:00:00,860.1612932344049,863.4443516055286,853.5951764921575,856.8782348632812,260200,222959716.71142578
2004-10-25 00:00:00,847.0290145579452,853.5951309498672,840.4628981660231,850.3120727539062,259200,220400889.2578125
2004-10-26 00:00:00,853.5951079139413,853.5951079139413,840.4628754844962,847.0289916992188,229600,194477856.49414062
2004-10-27 00:00:00,850.3122673935778,850.3122673935778,833.89697265625,833.89697265625,271800,226653197.16796875
2004-10-28 00:00:00,860.1614267870727,889.708956714873,850.3122501444727,876.5767211914062,1025000,898491139.2211914
2004-10-29 00:00:00,883.1429485994227,892.9921264648438,873.2937707340017,892.9921264648438,644800,575801323.1445312
2004-11-01 00:00:00,892.9920265281593,896.2750854492186,886.4259086860404,896.2750854492188,372000,333414331.7871094
2004-11-02 00:00:00,889.7090754886325,915.9735500418025,889.7090754886325,912.6904907226562,528400,482265655.29785156
2004-11-03 00:00:00,912.6904907226562,912.6904907226562,912.6904907226562,912.6904907226562,0,0.0
2004-11-04 00:00:00,912.690285142148,915.973343721796,899.558050823556,909.4072265625,210400,191339280.46875
2004-11-05 00:00:00,909.4075347900391,919.2567138671875,902.8414154052734,919.2567138671875,286600,263458974.19433594
2004-11-08 00:00:00,922.5395001397617,922.5395001397617,902.8411478236102,906.1242065429688,195000,176694220.2758789
2004-11-09 00:00:00,899.5582492897727,906.1243678977272,889.7090713778409,902.84130859375,191600,172984394.7265625
2004-11-10 00:00:00,889.7089676070999,899.5581443702781,886.4259086860404,896.2750854492188,220600,197718283.85009766
2004-11-11 00:00:00,896.2751857533175,906.1243636187386,889.7090671763701,892.9921264648438,233000,208067165.4663086
2004-11-12 00:00:00,892.9919336642599,912.690285142148,892.9919336642599,909.4072265625,418400,380495983.59375
2004-11-15 00:00:00,899.5581222911605,935.6717695364262,899.5581222911605,929.1056518554688,511000,474772988.09814453
2004-11-16 00:00:00,915.973343721796,925.8225194607401,906.124167982852,909.4072265625,243400,221349718.9453125
2004-11-17 00:00:00,902.8412203067343,906.1242792896679,886.4259253920665,889.708984375,368800,328124673.4375
2004-11-18 00:00:00,889.708956714873,896.2750744766064,876.5767211914062,876.5767211914062,361800,317145457.7270508
2004-11-19 00:00:00,889.7089676070999,902.8412032913375,889.7089676070999,896.2750854492188,218200,195567223.64501953
2004-11-22 00:00:00,879.8597800722729,883.1428389531396,870.0106034296729,876.5767211914062,221800,194424716.7602539
2004-11-23 00:00:00,876.5767211914062,876.5767211914062,876.5767211914062,876.5767211914062,0,0.0
2004-11-24 00:00:00,892.9920553336466,892.9920553336466,863.4445240909891,873.293701171875,330200,288361580.1269531
2004-11-25 00:00:00,873.2936177955484,873.2936177955484,863.444441654997,870.0105590820312,127000,110491341.00341797
2004-11-26 00:00:00,870.0105366562352,879.8597125429096,863.4444193984523,866.7274780273438,296600,257071369.98291016
2004-11-29 00:00:00,870.0105046514255,883.1427386838999,866.727446143307,879.8596801757812,115600,101711779.02832031
2004-11-30 00:00:00,876.5767601988368,879.8598192257988,870.010642144913,873.293701171875,197000,172038859.13085938
2004-12-01 00:00:00,873.2935854546643,883.1427612304688,866.7274682707946,883.1427612304688,198200,175038895.2758789
2004-12-02 00:00:00,899.5579833984374,902.8410417320084,896.2749250648665,899.5579833984375,318000,286059438.7207031
2004-12-03 00:00:00,902.8410417320084,902.8410417320084,889.7088083977246,899.5579833984375,143400,128996614.81933594
2004-12-06 00:00:00,896.2751899857955,906.1243678977272,896.2751899857955,902.84130859375,179400,161969730.76171875
2004-12-07 00:00:00,896.2749727163742,896.2749727163742,876.5766216676627,879.8596801757812,273600,240729608.49609375
2004-12-08 00:00:00,876.5766440465991,889.7088784143384,873.2935854546643,883.1427612304688,184200,162674896.61865234
2004-12-09 00:00:00,879.8597125429096,883.1427711718011,866.7274780273438,866.7274780273438,204600,177332442.00439453
2004-12-10 00:00:00,866.7275003685141,879.8597352225826,866.7275003685141,870.0105590820312,941800,819375944.543457
2004-12-13 00:00:00,879.8597026385339,886.4258198224036,870.0105268627294,883.1427612304688,252400,222905232.9345703
2004-12-14 00:00:00,883.1428664091328,892.9920433579335,870.0106304773985,889.708984375,543800,483823745.703125
2004-12-15 00:00:00,892.9920155957396,892.9920155957396,876.5767211914062,876.5767211914062,269600,236325084.03320312
2004-12-16 00:00:00,876.5767550740405,876.5767550740405,863.4445190429689,863.4445190429688,456000,393730700.68359375
2004-12-17 00:00:00,860.1613829414799,873.2936177955484,860.1613829414799,870.0105590820312,407600,354616303.88183594
2004-12-20 00:00:00,866.7275003685141,876.5766765090655,863.444441654997,870.0105590820312,527800,459191573.0834961
2004-12-21 00:00:00,873.2936177955484,879.8597352225826,866.7275003685141,870.0105590820312,455800,396550812.82958984
2004-12-22 00:00:00,879.8596801757814,886.4257971920185,873.2935631595442,879.8596801757812,570600,502047933.5083008
2004-12-23 00:00:00,879.8596801757814,879.8596801757814,879.8596801757814,879.8596801757812,0,0.0
2004-12-24 00:00:00,883.1428497649811,899.5581443702781,883.1428497649811,896.2750854492188,342600,307063844.27490234
2004-12-27 00:00:00,909.4072652623273,909.4072652623273,896.2750303848931,906.1242065429688,285600,258789073.38867188
2004-12-28 00:00:00,906.124167982852,909.4072265625,902.841109403204,909.4072265625,225800,205344151.7578125
2004-12-29 00:00:00,912.6903800545157,915.9734389755752,896.2750854492186,896.2750854492188,267400,239663957.8491211
2004-12-30 00:00:00,906.1242065429688,906.1242065429688,896.2750303848931,906.1242065429688,83400,75570758.8256836
2004-12-31 00:00:00,906.1242065429688,906.1242065429688,906.1242065429688,906.1242065429688,0,0.0
2005-01-03 00:00:00,906.1242065429688,906.1242065429688,906.1242065429688,906.1242065429688,0,0.0
2005-01-04 00:00:00,896.2750303848931,909.4072652623273,896.2750303848931,906.1242065429688,99000,89706296.4477539
2005-01-05 00:00:00,896.2752751176076,915.9736328125001,889.7091558859768,915.9736328125,371800,340558996.6796875
2005-01-06 00:00:00,919.256574481937,925.8226928710938,912.6904560927803,925.8226928710938,393000,363848318.29833984
2005-01-07 00:00:00,925.8226369757402,938.9548729612117,925.8226369757402,935.6718139648438,459400,429847631.3354492
2005-01-10 00:00:00,935.6718139648439,935.6718139648439,935.6718139648439,935.6718139648438,0,0.0
2005-01-11 00:00:00,935.6717204057634,955.3700724143058,935.6717204057634,948.803955078125,715400,678774349.4628906
2005-01-12 00:00:00,952.0870137462153,955.3700724143058,948.803955078125,948.803955078125,513800,487495472.1191406
2005-01-13 00:00:00,945.5209844283277,961.9362792968751,942.2379254546182,961.936279296875,614000,590628875.4882812
2005-01-14 00:00:00,948.8040651074883,971.7854784491923,945.5210060586735,965.2193603515625,837600,808467736.2304688
2005-01-17 00:00:00,968.5024721259314,1001.3330644013867,968.5024721259314,991.48388671875,806800,799929199.8046875
2005-01-18 00:00:00,991.483535563151,991.483535563151,971.7851871744791,984.9174194335938,584400,575585739.9169922
2005-01-19 00:00:00,984.9176189243393,988.200677654087,978.3515014648436,978.3515014648438,321600,314637842.87109375
2005-01-20 00:00:00,961.9362792968751,968.502397244294,958.6532203231656,961.936279296875,582800,560616463.5742188
2005-01-21 00:00:00,942.237903751739,958.6531982421874,932.38872705747,958.6531982421875,701200,672207622.6074219
2005-01-24 00:00:00,952.0871241563032,968.5024194003774,945.5210060586735,965.2193603515625,334800,323155441.8457031
2005-01-25 00:00:00,965.2193382705846,965.2193382705846,948.8040434020372,961.936279296875,336800,323980138.8671875
2005-01-26 00:00:00,955.3701613494561,965.2193382705846,955.3701613494561,961.936279296875,364600,350721967.4316406
2005-01-27 00:00:00,961.9365865346547,978.3518866461676,958.6535265123521,971.7857666015625,524000,509215741.69921875
2005-01-28 00:00:00,968.502303100997,981.6345377193156,965.2192444464174,975.0684204101562,300200,292715539.8071289
2005-01-31 00:00:00,978.3514790647359,981.6345377193156,971.7853617555767,975.0684204101562,331200,322942660.83984375
2005-02-01 00:00:00,981.6345377193156,984.9175963738952,971.7853617555767,975.0684204101562,411600,401338161.8408203
2005-02-02 00:00:00,981.6345377193156,981.6345377193156,971.7853617555767,975.0684204101562,344200,335618550.3051758
2005-02-03 00:00:00,981.6345601945915,981.6345601945915,971.7853840053481,978.3515014648438,199000,194691948.7915039
2005-02-04 00:00:00,981.6345601945915,981.6345601945915,968.5023252756002,978.3515014648438,229800,224825175.0366211
2005-02-07 00:00:00,975.0684324963258,998.0498433632426,975.0684324963258,994.7667846679688,420800,418597862.98828125
2005-02-08 00:00:00,991.483725972695,998.0498433632426,988.2006672774212,994.7667846679688,226200,225016246.69189453
2005-02-09 00:00:00,998.0497506107491,1014.4650425615838,998.0497506107491,1007.89892578125,1002000,1009914723.6328125
2005-02-10 00:00:00,1001.3329742332879,1017.74826889285,994.7668563694631,1014.4652099609375,476800,483697012.109375
2005-02-11 00:00:00,1014.4652099609375,1014.4652099609375,1014.4652099609375,1014.4652099609375,0,0.0
2005-02-14 00:00:00,1017.7482135479266,1030.8804485614482,1014.4651547945462,1024.3143310546875,369600,378586576.7578125
2005-02-15 00:00:00,1017.7482135479266,1024.3143310546875,1011.1820960411658,1024.3143310546875,241000,246859753.7841797
2005-02-16 00:00:00,1024.3143310546875,1024.3143310546875,1011.1820960411658,1024.3143310546875,327800,335770237.71972656
2005-02-17 00:00:00,1017.7482135479266,1030.8804485614482,1017.7482135479266,1024.3143310546875,408000,417920247.0703125
2005-02-18 00:00:00,1017.7479248046874,1024.3140404485887,1014.4648669827368,1017.7479248046875,282400,287412013.96484375
2005-02-21 00:00:00,1030.880426045016,1034.1634847266882,1021.03125,1021.03125,297000,303246281.25
2005-02-22 00:00:00,1027.597412109375,1037.4465885832667,1021.0312944601137,1027.597412109375,727000,747063318.6035156
2005-02-23 00:00:00,1014.4648669827368,1024.3140404485887,1014.4648669827368,1017.7479248046875,281600,286597815.625
2005-02-24 00:00:00,1014.46507856041,1034.1634296004179,1011.182020053742,1030.88037109375,363200,374415750.78125
2005-02-25 00:00:00,1034.1635073148286,1034.1635073148286,1014.4651547945462,1024.3143310546875,469600,481018009.86328125
2005-02-28 00:00:00,1037.4465672165247,1060.427978515625,1030.8804497024962,1060.427978515625,658400,698185781.0546875
2005-03-01 00:00:00,1053.8618610015963,1060.427978515625,1050.578802244582,1060.427978515625,417200,442410552.63671875
2005-03-02 00:00:00,1060.4283287234423,1080.1266877709365,1053.8622090409442,1076.8436279296875,484400,521623053.3691406
2005-03-03 00:00:00,1076.8432723006965,1076.8432723006965,1053.8618610015963,1060.427978515625,636400,674856365.5273438
2005-03-04 00:00:00,1057.1451845522279,1063.7113037109375,1053.8621249728733,1063.7113037109375,301000,320177102.4169922
2005-03-07 00:00:00,1070.2770900207704,1089.975441370846,1063.7109729040785,1086.6923828125,545000,592247348.6328125
2005-03-08 00:00:00,1086.6923828125,1089.975441370846,1080.1262656958081,1086.6923828125,394800,429026152.734375
2005-03-09 00:00:00,1083.409279124715,1089.975395967895,1076.843162281535,1080.126220703125,361000,389925565.6738281
2005-03-10 00:00:00,1066.9944484059404,1089.9758672946837,1063.7113885646913,1076.8436279296875,417600,449689899.0234375
2005-03-11 00:00:00,1076.8436279296875,1083.4097476121856,1070.2775082471894,1076.8436279296875,1038400,1118194423.2421875
2005-03-14 00:00:00,1083.4097476121856,1086.6928074534346,1073.5605680884385,1076.8436279296875,296000,318745713.8671875
2005-03-15 00:00:00,1060.4282654747597,1073.5605040564903,1057.1452058293269,1066.994384765625,545600,582152136.328125
2005-03-16 00:00:00,1066.9939503166245,1066.9939503166245,1050.5786587732919,1057.144775390625,366000,386914987.79296875
2005-03-17 00:00:00,1050.5790865384615,1080.1266233473557,1050.5790865384615,1066.994384765625,347600,370887248.14453125
2005-03-18 00:00:00,1080.1262656958081,1093.2584999291919,1073.5601485791162,1086.6923828125,394600,428808814.2578125
2005-03-21 00:00:00,1086.6923828125,1086.6923828125,1086.6923828125,1086.6923828125,0,0.0
2005-03-22 00:00:00,1086.6922835384507,1103.1075748305723,1080.126167021602,1089.975341796875,394400,429886274.8046875
2005-03-23 00:00:00,1089.9756079321508,1096.541726052224,1083.4094898120777,1093.2586669921875,394200,430962566.5283203
2005-03-24 00:00:00,1093.2590540354836,1106.3912949247988,1086.692933590826,1096.5421142578125,641800,703760728.9306641
2005-03-25 00:00:00,1112.956733569764,1129.3720246253654,1109.673675358644,1122.805908203125,735000,825262342.5292969
2005-03-28 00:00:00,1124.4600692880942,1160.8396597650622,1121.1528337901882,1147.6107177734375,585400,671811314.1845703
2005-03-29 00:00:00,1147.6103070086472,1147.6103070086472,1104.6162609247497,1114.5379638671875,340800,379834538.0859375
2005-03-30 00:00:00,1104.616406397517,1107.9236411472102,1084.772997899358,1094.6947021484375,388800,425617300.1953125
2005-03-31 00:00:00,1098.0016887597078,1121.152326775726,1098.0016887597078,1117.8450927734375,354800,396611438.9160156
2005-04-01 00:00:00,1111.2309248690121,1117.845394659899,1098.001985287238,1104.616455078125,419400,463276141.2597656
2005-04-04 00:00:00,1098.0018731725145,1137.688687865497,1088.080169499269,1131.07421875,409000,462609355.46875
2005-04-05 00:00:00,1131.0742117545665,1154.224853515625,1124.4597426799785,1154.224853515625,379800,438374599.3652344
2005-04-06 00:00:00,1154.224714608028,1157.5319487473062,1144.303012190194,1150.91748046875,341800,393383594.82421875
2005-04-07 00:00:00,1150.9175305488782,1160.8392333984375,1144.3030619825054,1160.8392333984375,395200,458763665.0390625
2005-04-08 00:00:00,1167.4537019648103,1170.7609362479968,1154.2247648320647,1160.8392333984375,408800,474551078.61328125
2005-04-11 00:00:00,1160.8391141669695,1160.8391141669695,1127.7667747320131,1137.6884765625,284000,323103527.34375
2005-04-12 00:00:00,1134.3816236413045,1147.6105638586957,1127.7671535326087,1140.99609375,330400,376985109.375
2005-04-13 00:00:00,1137.68839014104,1147.6100912178513,1111.2305206028761,1121.1522216796875,342200,383658290.25878906
2005-04-14 00:00:00,1111.2308185634326,1111.2308185634326,1088.080176510028,1107.923583984375,567400,628635841.5527344
2005-04-15 00:00:00,1058.3146108307453,1081.4652429426678,1058.3146108307453,1064.9290771484375,691400,736291963.9404297
2005-04-18 00:00:00,1045.0863151673746,1051.7007855165352,1012.0139634215716,1021.9356689453125,665200,679791606.9824219
2005-04-19 00:00:00,1035.1640625,1038.4712959265175,1028.549595646965,1035.1640625,593600,614473387.5
2005-04-20 00:00:00,1041.7788252045837,1051.7005283017702,1035.164356473126,1045.0860595703125,723200,755806238.28125
2005-04-21 00:00:00,1025.2428299341445,1038.4717696752302,1002.0921853872445,1031.8572998046875,401200,413981148.6816406
2005-04-22 00:00:00,1045.0861489848726,1055.0078529309314,1035.1644450388137,1038.4716796875,284200,295133651.3671875
2005-04-25 00:00:00,1055.0078694661458,1058.3151041666667,1041.7789306640625,1041.7789306640625,215200,224190825.87890625
2005-04-26 00:00:00,1038.4716796875,1045.0861489848726,1025.2427410927548,1038.4716796875,337800,350795733.3984375
2005-04-27 00:00:00,1031.8572103901274,1045.0861489848726,1021.9355064440684,1038.4716796875,410000,425773388.671875
2005-04-28 00:00:00,1038.4716796875,1041.7789143361863,1021.9355064440684,1038.4716796875,418600,434704245.1171875
2005-04-29 00:00:00,1038.4716796875,1038.4716796875,1038.4716796875,1038.4716796875,0,0.0
2005-05-02 00:00:00,1041.7788195536232,1068.2366943359375,1041.7788195536232,1068.2366943359375,527400,563388032.5927734
2005-05-03 00:00:00,1068.2366943359375,1068.2366943359375,1068.2366943359375,1068.2366943359375,0,0.0
2005-05-04 00:00:00,1068.2366943359375,1068.2366943359375,1068.2366943359375,1068.2366943359375,0,0.0
2005-05-05 00:00:00,1068.2366943359375,1068.2366943359375,1068.2366943359375,1068.2366943359375,0,0.0
2005-05-06 00:00:00,1071.5439286837268,1071.5439286837268,1061.622225640359,1068.2366943359375,351400,375378374.38964844
2005-05-09 00:00:00,1058.3148905757098,1061.622124608759,1045.0859544435134,1048.3931884765625,420000,440325139.16015625
2005-05-10 00:00:00,1055.007956528082,1101.3092461562737,1051.7007215546398,1084.7730712890625,531600,576665364.6972656
2005-05-11 00:00:00,1078.1583973793054,1081.4656317270947,1061.622225640359,1068.2366943359375,376400,402084291.7480469
2005-05-12 00:00:00,1064.9290771484375,1074.8507766249757,1058.3146108307453,1064.9290771484375,347400,369956361.4013672
2005-05-13 00:00:00,1058.3150470219437,1064.9295160658307,1051.7005779780566,1055.0078125,267600,282320090.625
2005-05-16 00:00:00,1058.3149970332279,1068.2367001304144,1041.7788252045837,1045.0860595703125,255800,267333014.03808594
2005-05-17 00:00:00,1055.0078529309314,1061.6223222283043,1025.2427410927548,1038.4716796875,290400,301572175.78125
2005-05-18 00:00:00,1041.7785998928932,1041.7785998928932,1025.242431640625,1025.242431640625,235800,241752165.38085938
2005-05-19 00:00:00,1031.857018311317,1051.7004225096116,1031.857018311317,1048.3931884765625,507000,531535346.5576172
2005-05-20 00:00:00,1051.7008056640625,1064.9297466158116,1048.393570426125,1051.7008056640625,315200,331496093.9453125
2005-05-23 00:00:00,1058.3153232087227,1061.62255859375,1048.393617053641,1061.62255859375,329400,349698470.80078125
2005-05-24 00:00:00,1064.9290771484375,1078.1580097838219,1061.6218439895913,1064.9290771484375,316200,336730574.19433594
2005-05-25 00:00:00,1061.6224142221304,1061.6224142221304,1028.550064869416,1031.8572998046875,299400,308938075.56152344
2005-05-26 00:00:00,1035.1644450388137,1045.0861489848726,1028.5499757414411,1038.4716796875,402600,418088698.2421875
2005-05-27 00:00:00,1048.3933597564696,1058.3150634765625,1045.0861251831054,1058.3150634765625,211600,223939467.43164062
2005-05-30 00:00:00,1068.2366943359375,1081.4656317270947,1064.9294599881482,1068.2366943359375,293600,313634293.45703125
2005-05-31 00:00:00,1081.4657631496648,1094.6947021484375,1071.5440589005855,1094.6947021484375,359600,393652214.8925781
2005-06-01 00:00:00,1078.158601342178,1091.3875412359469,1078.158601342178,1084.7730712890625,257000,278786679.32128906
2005-06-02 00:00:00,1088.0801507680694,1098.0018542705138,1074.8512127648103,1078.158447265625,487200,525278795.5078125
2005-06-03 00:00:00,1084.7728103497707,1084.7728103497707,1074.8511078160836,1081.465576171875,277600,300214843.9453125
2005-06-06 00:00:00,1068.2367437631806,1078.158447265625,1061.6222747615511,1078.158447265625,343000,369808347.4121094
2005-06-07 00:00:00,1074.8511078160836,1081.465576171875,1071.543873638188,1081.465576171875,270600,292644584.9121094
2005-06-08 00:00:00,1084.7730712890625,1094.6947762093891,1081.4658363156202,1084.7730712890625,265000,287464863.89160156
2005-06-09 00:00:00,1098.0020868389422,1098.0020868389422,1074.8514404296875,1074.8514404296875,350000,376198004.1503906
2005-06-10 00:00:00,1091.3875470842634,1124.4598969959077,1088.0803120930989,1111.23095703125,1230600,1367480815.7226562
2005-06-13 00:00:00,1114.5381920224145,1121.1526620047432,1104.616487048921,1111.23095703125,384000,426712687.5
2005-06-14 00:00:00,1107.9237220400855,1117.8454270135787,1107.9237220400855,1111.23095703125,200600,222912929.98046875
2005-06-15 00:00:00,1111.2309248690121,1114.5381597644555,1094.6947503917945,1104.616455078125,358000,395452690.91796875
2005-06-16 00:00:00,1104.6162609247497,1117.8451981813334,1104.6162609247497,1114.5379638671875,213800,238288216.6748047
2005-06-17 00:00:00,1121.1524324954794,1127.7669011237713,1107.9234952388956,1114.5379638671875,424200,472787004.27246094
2005-06-20 00:00:00,1131.0741857192095,1131.0741857192095,1114.5380134133732,1124.459716796875,252400,283813632.51953125
2005-06-21 00:00:00,1111.23079522544,1134.3814367926366,1111.23079522544,1127.7669677734375,357800,403515021.06933594
2005-06-22 00:00:00,1127.7669841922514,1137.688687865497,1124.459749634503,1131.07421875,322400,364658328.125
2005-06-23 00:00:00,1131.074202283037,1131.074202283037,1121.1524987542384,1127.7669677734375,283000,319158051.8798828
2005-06-24 00:00:00,1111.23079522544,1127.7669677734375,1104.616326206241,1127.7669677734375,274000,309008149.1699219
2005-06-27 00:00:00,1114.5381106465966,1114.5381106465966,1091.3874673987443,1094.6947021484375,440200,481884607.8857422
2005-06-28 00:00:00,1094.6947820754278,1111.23095703125,1094.6947820754278,1111.23095703125,225200,250249211.5234375
2005-06-29 00:00:00,1114.5378587711493,1121.152326775726,1101.3089227619962,1117.8450927734375,251200,280802687.3046875
2005-06-30 00:00:00,1124.459560778014,1124.459560778014,1107.9233907665728,1117.8450927734375,213400,238548142.79785156
2005-07-01 00:00:00,1114.5379638671875,1121.1524324954794,1104.6162609247497,1114.5379638671875,241000,268603649.2919922
2005-07-04 00:00:00,1121.1524987542384,1131.074202283037,1114.5380297350396,1127.7669677734375,321600,362689856.8359375
2005-07-05 00:00:00,1121.152326775726,1127.7667947803025,1111.230624768861,1117.8450927734375,342800,383197297.8027344
2005-07-06 00:00:00,1114.5379638671875,1124.4596668096253,1107.9234952388956,1114.5379638671875,286000,318757857.6660156
2005-07-07 00:00:00,1107.923583984375,1111.2308185634326,1098.0018802472014,1107.923583984375,272800,302241553.7109375
2005-07-08 00:00:00,1101.3091879235694,1101.3091879235694,1091.3874835278616,1098.001953125,628400,689984427.34375
2005-07-11 00:00:00,1104.6161567642844,1124.459560778014,1104.6161567642844,1117.8450927734375,622200,695523216.7236328
2005-07-12 00:00:00,1127.7668791567967,1137.6885819059767,1124.45964490707,1134.38134765625,601200,681990066.2109375
2005-07-13 00:00:00,1134.381639425465,1144.3033447265625,1127.7671692247336,1144.3033447265625,497600,569405344.3359375
2005-07-14 00:00:00,1157.532081175386,1183.9899573165378,1157.532081175386,1177.37548828125,1244600,1465361532.7148438
2005-07-15 00:00:00,1177.37548828125,1180.6827227988938,1170.761019245962,1177.37548828125,433000,509803586.42578125
2005-07-18 00:00:00,1177.37548828125,1177.37548828125,1177.37548828125,1177.37548828125,0,0.0
2005-07-19 00:00:00,1190.6045692845394,1266.6709723221627,1190.6045692845394,1256.749267578125,2039600,2563265806.1523438
2005-07-20 00:00:00,1240.2126956295658,1276.5922680346998,1226.9837602095172,1273.2850341796875,1368600,1742617897.7783203
2005-07-21 00:00:00,1256.7491861979167,1266.6708902994792,1236.9057779947918,1240.2130126953125,754000,935120611.5722656
2005-07-22 00:00:00,1240.2130126953125,1266.6708902994792,1236.9057779947918,1240.2130126953125,743600,922222396.2402344
2005-07-25 00:00:00,1250.134620666504,1269.97802734375,1243.5201517740886,1269.97802734375,585400,743445137.2070312
2005-07-26 00:00:00,1266.6708581668815,1286.5142658666239,1260.056388933634,1283.20703125,693600,890032396.875
2005-07-27 00:00:00,1283.2070238330696,1329.5083081981804,1283.2070238330696,1306.357666015625,1094800,1430200372.7539062
2005-07-28 00:00:00,1312.9719907993688,1329.5081619681266,1296.435819630611,1326.200927734375,864800,1146898562.3046875
2005-07-29 00:00:00,1326.200852888344,1365.8876614535811,1319.5863847941378,1359.273193359375,1022600,1389992767.5292969
2005-08-01 00:00:00,1352.6592732257154,1382.4243917074548,1349.3520378388555,1372.502685546875,993000,1362895166.7480469
2005-08-02 00:00:00,1389.0382100768009,1389.0382100768009,1355.965871741639,1365.8875732421875,604000,824996094.2382812
2005-08-03 00:00:00,1359.2735367960006,1359.2735367960006,1322.893953086132,1329.5084228515625,901600,1198684794.0429688
2005-08-04 00:00:00,1312.9722740096277,1326.2012137981376,1299.7433342211175,1309.6650390625,530200,694384403.7109375
2005-08-05 00:00:00,1286.514404296875,1303.0505791593027,1276.5926993794185,1286.514404296875,669200,860935439.3554688
2005-08-08 00:00:00,1256.7492895445052,1289.8216392693605,1250.134819599534,1286.514404296875,806000,1036930609.8632812
2005-08-09 00:00:00,1283.20671655211,1309.6645869964834,1279.8994827465633,1293.12841796875,574000,742255711.9140625
2005-08-10 00:00:00,1309.664965636748,1336.1228437304198,1309.664965636748,1319.586669921875,557000,735009775.1464844
2005-08-11 00:00:00,1329.5084707754631,1342.737410783179,1326.201235773534,1339.43017578125,616600,825892646.3867188
2005-08-12 00:00:00,1339.4300784921288,1339.4300784921288,1319.586669921875,1319.586669921875,453400,598300596.1425781
2005-08-15 00:00:00,1326.201026710304,1346.04443359375,1319.5865577491554,1346.04443359375,366600,493459889.35546875
2005-08-16 00:00:00,1349.3515958460366,1355.966064453125,1329.5081900247715,1355.966064453125,404600,548623869.6777344
2005-08-17 00:00:00,1339.4298646693812,1346.0443331368845,1326.200927734375,1326.200927734375,601600,797842478.125
2005-08-18 00:00:00,1329.508374207002,1336.1228437304198,1312.972200398457,1319.586669921875,468000,617566561.5234375
2005-08-19 00:00:00,1316.2790340008123,1342.7369040309793,1306.3573327394997,1336.1224365234375,545400,728721176.8798828
2005-08-22 00:00:00,1329.5082936182,1352.658935546875,1326.2010590569607,1352.658935546875,550200,744232946.3378906
2005-08-23 00:00:00,1352.658935546875,1382.4240465980288,1346.0444664243964,1352.658935546875,982800,1329393201.8554688
2005-08-24 00:00:00,1352.6590414608227,1362.5807459214154,1339.4301021800322,1349.351806640625,483600,652546533.6914062
2005-08-25 00:00:00,1352.6589025548985,1355.966137035473,1339.4299646326012,1346.04443359375,351200,472730805.078125
2005-08-26 00:00:00,1349.3514877392345,1402.2672323564595,1346.044253700658,1382.423828125,1320800,1825905392.1875
2005-08-29 00:00:00,1365.8877673637578,1365.8877673637578,1349.3515958460366,1355.966064453125,529400,717848434.5214844
2005-08-30 00:00:00,1372.5022800990514,1389.0384521484375,1365.8878112792968,1389.0384521484375,451000,626456341.9189453
2005-08-31 00:00:00,1372.5022359708462,1372.5022359708462,1352.6588301495808,1355.966064453125,613400,831749583.9355469
2005-09-01 00:00:00,1372.5023028240114,1375.8095372886476,1365.8878338947388,1369.195068359375,344800,472098459.5703125
2005-09-02 00:00:00,1372.5020409092199,1372.5020409092199,1355.965871741639,1365.8875732421875,602000,822264319.0917969
2005-09-05 00:00:00,1365.8876243004431,1379.1165601290188,1359.2731563861553,1375.809326171875,463000,636999718.0175781
2005-09-06 00:00:00,1385.7310791015625,1395.6527813385667,1379.1166109435599,1385.7310791015625,651800,903219517.3583984
2005-09-07 00:00:00,1389.038156193795,1395.6526236042416,1375.8092213729017,1379.116455078125,299000,412355820.0683594
2005-09-08 00:00:00,1375.809920933735,1379.1171563205949,1355.9665086125754,1372.502685546875,333000,457043394.2871094
2005-09-09 00:00:00,1389.0384297975352,1408.8818359375,1355.9660862309272,1408.8818359375,1810600,2550921452.1484375
2005-09-12 00:00:00,1425.4179687500002,1428.7252030162415,1405.5745631525524,1425.41796875,1098000,1565108929.6875
2005-09-13 00:00:00,1428.7248712713067,1461.7972062544388,1402.2670032848011,1455.1827392578125,860600,1252330265.4052734
2005-09-14 00:00:00,1451.876156721444,1458.4906266837284,1438.647216796875,1438.647216796875,889000,1278957375.7324219
2005-09-15 00:00:00,1438.6467625947512,1455.1829322797482,1422.1105929097541,1445.26123046875,573800,829290894.0429688
2005-09-16 00:00:00,1455.183365663974,1458.4906005859375,1441.9544259761196,1458.4906005859375,361000,526515106.81152344
2005-09-19 00:00:00,1458.4906005859375,1458.4906005859375,1458.4906005859375,1458.4906005859375,0,0.0
2005-09-20 00:00:00,1458.4899727561256,1468.4116732510654,1448.568272261186,1455.1827392578125,551200,802096725.8789062
2005-09-21 00:00:00,1465.1049641742966,1471.7194335385145,1455.1832601279696,1461.7977294921875,834800,1220308744.5800781
2005-09-22 00:00:00,1445.2616867591594,1448.5689217403017,1432.0327468345904,1438.647216796875,448800,645664870.8984375
2005-09-23 00:00:00,1438.647216796875,1438.647216796875,1438.647216796875,1438.647216796875,0,0.0
2005-09-26 00:00:00,1471.71938589491,1501.4844970703125,1455.1832130196863,1501.4844970703125,577200,866656851.7089844
2005-09-27 00:00:00,1511.4720260887816,1528.118193776984,1491.4966248629387,1518.1304931640625,541200,821612222.9003906
2005-09-28 00:00:00,1528.1180489898488,1574.7273141006503,1511.4718828788484,1568.06884765625,857800,1345089457.5195312
2005-09-29 00:00:00,1568.0691428777998,1568.0691428777998,1534.7768043878252,1551.4229736328125,693800,1076377259.1064453
2005-09-30 00:00:00,1544.7647780696902,1548.0940125051852,1468.1923860533047,1504.81396484375,1352000,2034508480.46875
2005-10-03 00:00:00,1488.167333825842,1551.422768596963,1481.5088670078294,1538.1058349609375,681800,1048680558.2763672
2005-10-04 00:00:00,1554.7521478321926,1634.6537571426265,1538.1059792258523,1611.34912109375,2263200,3646805330.859375
2005-10-05 00:00:00,1611.3487160773025,1637.9825791529604,1571.3979214638157,1581.3856201171875,1582400,2502384605.2734375
2005-10-06 00:00:00,1531.4474880642363,1548.0936564127605,1498.1551513671875,1498.1551513671875,703400,1053802333.4716797
2005-10-07 00:00:00,1481.5089012796034,1501.4843021957329,1451.545799905409,1484.838134765625,837600,1243700421.6796875
2005-10-10 00:00:00,1484.838134765625,1484.838134765625,1484.838134765625,1484.838134765625,0,0.0
2005-10-11 00:00:00,1488.1679567823223,1528.1187744140625,1488.1679567823223,1528.1187744140625,327000,499694839.23339844
2005-10-12 00:00:00,1531.4474273146245,1554.7520620781079,1491.4966248629387,1518.1304931640625,504600,766048646.8505859
2005-10-13 00:00:00,1484.8383479128966,1508.1429856604084,1474.8506460211058,1494.8260498046875,578600,864906352.4169922
2005-10-14 00:00:00,1521.4603048087724,1571.3988268484477,1514.8018352034824,1528.1187744140625,1117400,1707519918.5302734
2005-10-17 00:00:00,1561.4106751798047,1578.056844424792,1544.7645059348176,1551.4229736328125,1140000,1768622189.9414062
2005-10-18 00:00:00,1568.0695465944757,1584.7157201252026,1538.1064342391671,1541.4356689453125,832400,1283091050.8300781
2005-10-19 00:00:00,1541.4354566491168,1551.4231593919837,1518.1308169157608,1531.44775390625,803600,1230671415.0390625
2005-10-20 00:00:00,1574.7276897509564,1608.0200299148244,1564.739987701796,1604.6907958984375,1796800,2883308422.0703125
2005-10-21 00:00:00,1571.3987378236138,1594.7033801218454,1558.0817993674816,1591.3741455078125,667800,1062719654.3701172
2005-10-24 00:00:00,1614.678354815018,1618.007588536286,1604.6906536512138,1611.34912109375,462200,744765563.7695312
2005-10-25 00:00:00,1621.3367325664774,1647.9706008632575,1614.6782654922824,1641.3121337890625,635000,1042233204.9560547
2005-10-26 00:00:00,1624.6661376953125,1634.6538393614721,1614.6784360291526,1624.6661376953125,822800,1336775298.0957031
2005-10-27 00:00:00,1641.3121042559223,1664.6167385962701,1618.0074699155746,1651.2998046875,1114000,1839547982.421875
2005-10-28 00:00:00,1651.3000695850203,1677.9339416751013,1631.3246655174596,1644.6416015625,1202800,1978174918.359375
2005-10-31 00:00:00,1677.9339368665542,1737.8601488975025,1671.2754688631153,1724.543212890625,1098000,1893548447.7539062
2005-11-01 00:00:00,1771.15185546875,1781.1395539018445,1757.834924224624,1771.15185546875,520600,922061655.9570312
2005-11-02 00:00:00,1767.8233476225107,1771.1525817988245,1724.5433033304344,1734.531005859375,787200,1365422807.8125
2005-11-03 00:00:00,1734.5313814957037,1767.82373046875,1734.5313814957037,1767.82373046875,787200,1391630840.625
2005-11-04 00:00:00,1767.8235740880439,1771.152808690846,1734.5312280600203,1741.189697265625,595800,1037400821.6308594
2005-11-07 00:00:00,1741.1894357543708,1747.8479039599324,1691.2509242126584,1707.8970947265625,905600,1546671608.984375
2005-11-08 00:00:00,1707.8968429275337,1754.506113494757,1707.8968429275337,1751.1768798828125,715800,1253492410.6201172
2005-11-09 00:00:00,1747.8481356658083,1804.4451229159392,1744.5189011216828,1787.7989501953125,1078800,1928677507.4707031
2005-11-10 00:00:00,1807.7739138089694,1807.7739138089694,1714.5553694504958,1731.2015380859375,623000,1078538558.227539
2005-11-11 00:00:00,1747.8478509026604,1751.1770849043799,1717.8847448871863,1724.543212890625,513000,884690668.2128906
2005-11-14 00:00:00,1734.530928024443,1734.530928024443,1681.26318359375,1681.26318359375,537600,903847087.5
2005-11-15 00:00:00,1687.921589771129,1711.226227105247,1687.921589771129,1701.238525390625,621800,1057830115.0878906
2005-11-16 00:00:00,1701.238242377124,1717.8844091322817,1684.5920756219662,1714.55517578125,475200,814756619.53125
2005-11-17 00:00:00,1714.555510885467,1727.8724468923444,1684.5924048699928,1724.543212890625,562600,970228011.5722656
2005-11-18 00:00:00,1737.8595273584351,1771.15185546875,1734.5302945474036,1771.15185546875,688400,1219260937.3046875
2005-11-21 00:00:00,1781.1401470055741,1797.786316603757,1761.1647434877545,1777.8109130859375,771600,1371758900.5371094
2005-11-22 00:00:00,1781.1400439922627,1781.1400439922627,1717.8846031775843,1731.2015380859375,676200,1170638480.053711
2005-11-23 00:00:00,1731.2015380859375,1731.2015380859375,1731.2015380859375,1731.2015380859375,0,0.0
2005-11-24 00:00:00,1747.8479108737624,1747.8479108737624,1727.8725061780624,1744.5186767578125,470200,820272681.8115234
2005-11-25 00:00:00,1737.8596656655368,1771.1519964254128,1724.5427333615862,1764.4935302734375,497200,877306183.2519531
2005-11-28 00:00:00,1771.1523944805194,1801.1154988984229,1764.4939268320963,1794.45703125,855200,1534619653.125
2005-11-29 00:00:00,1797.7862949789007,1831.0786337748063,1791.1278272197196,1824.420166015625,667800,1218347786.8652344
2005-11-30 00:00:00,1864.370777027027,1897.663112331081,1837.7369087837837,1847.724609375,1228800,2270484000.0
2005-12-01 00:00:00,1914.3092280982905,1947.6015625,1897.6630608974358,1947.6015625,880200,1714278895.3125
2005-12-02 00:00:00,2060.79559453125,2114.06333203125,2047.47866015625,2080.77099609375,1831600,3811140156.4453125
2005-12-05 00:00:00,2014.1861440137823,2084.1000432274836,2014.1861440137823,2060.79541015625,1821000,3752708441.8945312
2005-12-06 00:00:00,2057.4670743616616,2064.125543857978,2034.1624311245555,2047.4793701171875,909400,1861977739.1845703
2005-12-07 00:00:00,2040.820514697503,2070.78362176484,2040.820514697503,2054.137451171875,573400,1177842414.5019531
2005-12-08 00:00:00,2050.8081600845157,2060.7958621628495,1990.8819476145136,1994.211181640625,540600,1078070564.7949219
2005-12-09 00:00:00,1960.918358896293,2050.8076554840686,1960.918358896293,2037.49072265625,1256400,2559903343.9453125
2005-12-12 00:00:00,2040.82065087034,2107.405337685033,2037.4914165296052,2087.429931640625,711000,1484162681.3964844
2005-12-13 00:00:00,2097.4171567336894,2127.380258972742,2080.7709888231043,2124.051025390625,703600,1494482301.4648438
2005-12-14 00:00:00,2107.405595584032,2114.0640650803484,2047.4793701171877,2047.4793701171875,513200,1050766412.7441406
2005-12-15 00:00:00,2047.4789474717338,2077.4420540201004,1987.552734375,1987.552734375,512000,1017627000.0
2005-12-16 00:00:00,1990.882048392653,2047.4790297014742,1974.2358774194702,2000.8697509765625,572800,1146098193.359375
2005-12-19 00:00:00,1990.8819476145136,2014.1865857972923,1980.89424553618,1994.211181640625,259000,516500696.0449219
2005-12-20 00:00:00,2007.527677422001,2060.79541015625,2004.1984441261106,2060.79541015625,384000,791345437.5
2005-12-21 00:00:00,2064.1250909159307,2084.100495021569,2054.137388863112,2074.11279296875,420200,871542195.6054688
2005-12-22 00:00:00,2107.404831142922,2183.977202574655,2084.100196359351,2173.989501953125,1122000,2439216221.1914062
2005-12-23 00:00:00,2173.989501953125,2173.989501953125,2173.989501953125,2173.989501953125,0,0.0
2005-12-26 00:00:00,2157.344149709302,2160.6733845082367,2127.3810365188956,2147.3564453125,472400,1014411184.765625
2005-12-27 00:00:00,2120.7219945604556,2170.6605030665887,2110.734292859229,2137.3681640625,367000,784414116.2109375
2005-12-28 00:00:00,2124.050998845473,2177.318735493635,2114.063298223942,2173.989501953125,368600,801332530.4199219
2005-12-29 00:00:00,2154.014047912031,2167.330981747654,2140.697114076408,2150.684814453125,298200,641334211.6699219
2005-12-30 00:00:00,2137.3679671875,2154.01413515625,2080.77099609375,2080.77099609375,252400,525186599.4140625
2006-01-02 00:00:00,2080.77099609375,2080.77099609375,2080.77099609375,2080.77099609375,0,0.0
2006-01-03 00:00:00,2080.77099609375,2080.77099609375,2080.77099609375,2080.77099609375,0,0.0
2006-01-04 00:00:00,2087.4288872612847,2160.672006112558,2087.4288872612847,2157.3427734375,298800,644614020.703125
2006-01-05 00:00:00,2173.9892769387243,2193.9646761142712,2147.3554113713276,2167.330810546875,688600,1492423996.1425781
2006-01-06 00:00:00,2167.3311265154584,2210.611164372142,2150.6849581090414,2183.977294921875,799200,1745434654.1015625
2006-01-09 00:00:00,2183.977294921875,2183.977294921875,2183.977294921875,2183.977294921875,0,0.0
2006-01-10 00:00:00,2210.6116330177742,2210.6116330177742,2134.03924211505,2154.0146484375,567800,1223049517.3828125
2006-01-11 00:00:00,2154.0148046129534,2180.648681640625,2084.100877415315,2180.648681640625,458600,1000045485.4003906
2006-01-12 00:00:00,2197.293909310196,2197.293909310196,2120.7215458039313,2167.330810546875,528200,1144784134.1308594
2006-01-13 00:00:00,2190.635100188079,2203.95203088831,2137.367377387153,2157.3427734375,640800,1382425249.21875
2006-01-16 00:00:00,2124.050778999856,2200.6231425061205,2114.0630794120825,2167.330810546875,462000,1001306834.4726562
2006-01-17 00:00:00,2130.709842754777,2154.0144816599077,2067.454394297995,2090.759033203125,546800,1143227039.3554688
2006-01-18 00:00:00,2060.7955587020774,2064.1247922379453,1897.6631154445624,2010.8570556640625,669400,1346067713.0615234
2006-01-19 00:00:00,1984.2239099021851,2067.4547786061357,1984.2239099021851,2047.4793701171875,498000,1019644726.3183594
2006-01-20 00:00:00,2087.429501688539,2110.7341372735787,2027.5032958984375,2027.5032958984375,600400,1217312978.8574219
2006-01-23 00:00:00,1964.2478629334332,2000.8694332593109,1927.6262926075558,1944.2724609375,541600,1053017964.84375
2006-01-24 00:00:00,1917.6388291736578,1994.2112129774669,1917.6388291736578,1984.2235107421875,529400,1050447926.5869141
2006-01-25 00:00:00,1994.2112825872894,2037.4913271175644,1950.9312380570143,2000.8697509765625,506200,1012840267.9443359
2006-01-26 00:00:00,2024.1744791666667,2087.429931640625,2024.1744791666667,2087.429931640625,391600,817437561.2304688
2006-01-27 00:00:00,2114.0636850210335,2167.3314314152644,2107.4052167217546,2164.002197265625,713000,1542933566.6503906
2006-01-30 00:00:00,2173.9900547599495,2190.6362266953247,2147.35617966335,2154.0146484375,470400,1013248490.625
2006-01-31 00:00:00,2173.989871782371,2173.989871782371,2120.722126072543,2134.0390625,421000,898430445.3125
2006-02-01 00:00:00,2134.0381353936395,2147.3550660357214,2070.78271484375,2070.78271484375,476000,985692572.265625
2006-02-02 00:00:00,2130.709842754777,2150.685247530603,2060.795926039386,2090.759033203125,586400,1226021097.0703125
2006-02-03 00:00:00,2107.406419637617,2147.3572522373825,2097.418711487676,2127.3818359375,440000,936048007.8125
2006-02-06 00:00:00,2134.03895072937,2137.368184661865,2097.417377471924,2130.709716796875,439200,935807707.6171875
2006-02-07 00:00:00,2130.709842754777,2140.69754514269,2074.1128625566034,2090.759033203125,347600,726747839.9414062
2006-02-08 00:00:00,2084.1002680335337,2107.404903618573,2014.186361278415,2027.5032958984375,374400,759097233.984375
2006-02-09 00:00:00,2047.478982934689,2067.454387646247,2037.49128057891,2054.137451171875,333200,684438598.7304688
2006-02-10 00:00:00,2040.820561312201,2050.808263896111,1934.2850670838318,2000.8697509765625,632400,1265350030.5175781
2006-02-13 00:00:00,1997.5406422334559,1997.5406422334559,1917.6390165441176,1924.2974853515625,357600,688128780.7617188
2006-02-14 00:00:00,1910.9805370587758,1934.2851777546146,1871.029724437338,1927.626708984375,498400,960729151.7578125
2006-02-15 00:00:00,1994.2110388373997,1997.5402726251082,1907.6509603569784,1920.9678955078125,498200,957026205.5419922
2006-02-16 00:00:00,1927.62679833481,1960.9191437291936,1907.6513910981798,1937.614501953125,379800,735905987.8417969
2006-02-17 00:00:00,1914.3101731021848,1944.2732888550886,1861.0424117636892,1881.017822265625,430400,809590070.703125
2006-02-20 00:00:00,1864.3709415584415,1877.6878768552876,1781.140095953154,1794.45703125,656000,1177163812.5
2006-02-21 00:00:00,1854.3833195116154,1897.663361080109,1834.4079157107722,1887.6756591796875,481600,909104597.4609375
2006-02-22 00:00:00,1897.6632169932393,1897.6632169932393,1814.4323741426588,1854.3831787109375,530600,983935714.6240234
2006-02-23 00:00:00,1944.272805900704,1960.9189771841004,1894.3342920505147,1950.9312744140625,859400,1676630337.2314453
2006-02-24 00:00:00,1917.6382978723404,1937.6136968085107,1857.7121010638298,1877.6875,792400,1487879575.0
2006-02-27 00:00:00,1884.346742834984,1887.675977362961,1824.420521331398,1827.749755859375,1383800,2529240112.158203
2006-02-28 00:00:00,1841.066693971283,1844.39592849926,1797.786645107582,1827.749755859375,833800,1523977746.4355469
2006-03-01 00:00:00,1804.4442983774038,1821.0904634915867,1787.7981332632212,1817.76123046875,555400,1009584587.4023438
2006-03-02 00:00:00,1831.079257776794,1841.066962819213,1814.4330827060958,1821.091552734375,619800,1128712544.3847656
2006-03-03 00:00:00,1804.4441835790649,1811.1026492011279,1754.5056914135926,1771.15185546875,592400,1049230359.1796875
2006-03-06 00:00:00,1737.8607138800128,1791.128475224994,1731.20224371189,1774.4822998046875,517800,918826934.8388672
2006-03-07 00:00:00,1794.45703125,1864.3709415584415,1774.481628304731,1794.45703125,623600,1119023404.6875
2006-03-08 00:00:00,1787.7987857050023,1837.737299272181,1784.4695514671903,1801.11572265625,794800,1431526776.3671875
2006-03-09 00:00:00,1817.7623556761616,1884.3470573492812,1811.1038855088498,1881.017822265625,783200,1473213158.3984375
2006-03-10 00:00:00,1877.6884214339718,1891.005360593078,1847.7253083259827,1857.7130126953125,909800,1690147298.9501953
2006-03-13 00:00:00,1857.7126323746716,1917.6388463222418,1857.7126323746716,1900.99267578125,865400,1645119061.6210938
2006-03-14 00:00:00,1930.9555262735446,1967.577096599422,1924.2970589415668,1944.2724609375,820600,1595469981.4453125
2006-03-15 00:00:00,1957.5895668143658,2014.1865440862096,1954.2603328571984,2007.528076171875,864400,1735307269.0429688
2006-03-16 00:00:00,2010.8573101290424,2024.1742459577115,1934.2849291141947,2007.528076171875,1028000,2063738862.3046875
2006-03-17 00:00:00,2030.8335759089543,2080.7721064640928,2024.1751051682693,2077.44287109375,989800,2056252953.8085938
2006-03-20 00:00:00,2060.795973409818,2137.368360143947,2050.808270792323,2114.063720703125,683600,1445173959.4726562
2006-03-21 00:00:00,2114.063720703125,2114.063720703125,2114.063720703125,2114.063720703125,0,0.0
2006-03-22 00:00:00,2097.4174310919943,2097.4174310919943,2057.466622880718,2074.11279296875,576200,1195103791.3085938
2006-03-23 00:00:00,2107.404917270322,2134.0387866829014,2084.1002815343154,2104.07568359375,655800,1379852833.3007812
2006-03-24 00:00:00,2114.0636721082556,2117.3929062375596,2074.1128625566034,2090.759033203125,302400,632245531.640625
2006-03-27 00:00:00,2114.063384623467,2117.3926183000394,2090.75874888746,2104.07568359375,291600,613548469.3359375
2006-03-28 00:00:00,2094.023931594122,2110.776123046875,2067.2204252697175,2110.776123046875,283600,598616108.4960938
2006-03-29 00:00:00,2090.6742665816328,2140.9308595283064,2080.6229479922977,2134.22998046875,614400,1311270900.0
2006-03-30 00:00:00,2150.981542054651,2164.383296210755,2140.9302264375733,2147.631103515625,465200,999077989.3554688
2006-03-31 00:00:00,2154.3318837008374,2161.0327604775116,2137.579691759151,2150.9814453125,261000,561406157.2265625
2006-04-03 00:00:00,2161.033206852338,2194.53759765625,2154.3323286915556,2194.53759765625,635600,1394848097.0703125
2006-04-04 00:00:00,2171.0839903570063,2204.588372924244,2171.0839903570063,2187.836181640625,435400,952583873.4863281
2006-04-05 00:00:00,2157.683057177198,2184.4865734154237,2124.1786618794154,2134.22998046875,516400,1102116361.9140625
2006-04-06 00:00:00,2137.580129602713,2167.7340812742245,2130.8792514534885,2161.033203125,585600,1265501043.75
2006-04-07 00:00:00,2171.084814153566,2184.486572265625,2161.0334955695216,2184.486572265625,459200,1003116233.984375
2006-04-10 00:00:00,2177.785989512568,2181.1364294964333,2147.6320296577787,2157.683349609375,333000,718508555.4199219
2006-04-11 00:00:00,2174.4349594234495,2174.4349594234495,2140.9305686773255,2161.033203125,361400,780997399.609375
2006-04-12 00:00:00,2127.528314499628,2154.3318208240325,2104.075246465774,2110.776123046875,370400,781831475.9765625
2006-04-13 00:00:00,2140.9307124299826,2154.332469628292,2124.1785159320953,2130.87939453125,440600,938865461.2304688
2006-04-14 00:00:00,2161.0333482274473,2161.0333482274473,2104.0758801346306,2130.87939453125,432000,920539898.4375
2006-04-17 00:00:00,2137.580470941006,2137.580470941006,2080.622997577374,2090.67431640625,286000,597932854.4921875
2006-04-18 00:00:00,2094.024132037985,2147.631149818157,2094.024132037985,2137.579833984375,352200,752855617.5292969
2006-04-19 00:00:00,2177.785791922649,2201.2388696818157,2164.384033203125,2164.384033203125,495000,1071370096.4355469
2006-04-20 00:00:00,2211.289504383484,2244.793890813537,2197.887749811463,2221.3408203125,937400,2082284884.9609375
2006-04-21 00:00:00,2224.6910655545116,2234.7423806097277,2214.639750499295,2228.04150390625,699000,1557401011.2304688
2006-04-24 00:00:00,2211.2900390625,2214.640478515625,2124.17861328125,2127.529052734375,485400,1032702602.1972656
2006-04-25 00:00:00,2094.0247560158755,2130.879591721755,2060.5203599196216,2090.67431640625,700000,1463472021.484375
2006-04-26 00:00:00,2110.776617005814,2167.7340812742245,2107.4261779312014,2161.033203125,429400,927947657.421875
2006-04-27 00:00:00,2177.785497821167,2181.1359370485843,2144.281105546995,2174.43505859375,378200,822371339.1601562
2006-04-28 00:00:00,2174.435205078125,2221.341357421875,2063.870703125,2211.2900390625,1142400,2526177740.625
2006-05-01 00:00:00,2224.691845121838,2268.2475589570545,2177.785691760835,2251.495361328125,1171600,2637851965.3320312
2006-05-02 00:00:00,2244.7940481464007,2284.9993146803663,2204.5887816124355,2274.947998046875,663200,1508745512.3046875
2006-05-03 00:00:00,2274.947998046875,2274.947998046875,2274.947998046875,2274.947998046875,0,0.0
2006-05-04 00:00:00,2274.947998046875,2274.947998046875,2274.947998046875,2274.947998046875,0,0.0
2006-05-05 00:00:00,2274.947998046875,2274.947998046875,2274.947998046875,2274.947998046875,0,0.0
2006-05-08 00:00:00,2295.0505840044216,2295.0505840044216,2261.546195916766,2284.999267578125,693800,1585332491.8457031
2006-05-09 00:00:00,2268.247461366444,2311.8031733276903,2261.546582603175,2288.35009765625,479000,1096119696.7773438
2006-05-10 00:00:00,2308.4523868251795,2358.708969992636,2244.7940481464007,2274.947998046875,811400,1845892805.6152344
2006-05-11 00:00:00,2271.5975123430626,2325.204533283312,2264.8966347255314,2284.999267578125,634600,1450060535.2050781
2006-05-12 00:00:00,2231.391942257989,2258.1954490718986,2177.7849286301694,2228.04150390625,715400,1593940891.8945312
2006-05-15 00:00:00,2161.032675586835,2191.186619897349,2130.878731276321,2187.836181640625,783200,1713513297.4609375
2006-05-16 00:00:00,2221.341106468023,2248.1446190649226,2147.6314468265505,2161.033203125,631000,1363611951.171875
2006-05-17 00:00:00,2100.7255371093747,2137.58037109375,2040.417626953125,2127.529052734375,1222000,2599840502.4414062
2006-05-18 00:00:00,2047.1181695664754,2114.1269476210246,2016.9642194419282,2080.62255859375,1116200,2322390899.9023438
2006-05-19 00:00:00,2083.973387899278,2144.2812994462024,2083.973387899278,2117.477783203125,694200,1469953077.0996094
2006-05-22 00:00:00,2140.93015527186,2167.7336626931037,2063.8700714357833,2073.92138671875,501800,1040693751.8554688
2006-05-23 00:00:00,2040.4172521254595,2057.169446313682,1986.8102307231486,1993.5111083984375,894400,1782996335.3515625
2006-05-24 00:00:00,2010.2632163589403,2053.818919380051,1983.4597068074877,2047.1180419921875,557000,1140244749.3896484
2006-05-25 00:00:00,2016.96455078125,2043.7680664062498,1986.8105957031248,2010.263671875,342000,687510175.78125
2006-05-26 00:00:00,1996.8619140624999,2053.819384765625,1996.8619140624999,2043.76806640625,450600,920921890.7226562
2006-05-29 00:00:00,2060.5197967679137,2073.92155154364,2033.7162872164613,2047.1180419921875,357600,732049411.8164062
2006-05-30 00:00:00,2043.7680664062498,2083.9733398437497,2010.2636718749998,2060.520263671875,518600,1068585808.7402344
2006-05-31 00:00:00,2020.3146190995928,2033.7163744501706,1966.707597697282,1993.5111083984375,1043000,2079232086.0595703
2006-06-01 00:00:00,1976.7591790209044,2020.3148897450938,1953.3061040155715,1963.357421875,682400,1339795104.6875
2006-06-02 00:00:00,1996.8620112296537,2006.913330078125,1943.2549773711394,2006.913330078125,587200,1178459507.421875
2006-06-05 00:00:00,1993.5117449816914,2000.2126247967558,1966.7082257214333,1980.1099853515625,312800,619378403.4179688
2006-06-06 00:00:00,1963.3573228763962,1976.7590793465422,1943.2546881711771,1949.95556640625,278800,543647611.9140625
2006-06-07 00:00:00,1929.8527516592922,1949.9553844890763,1886.2970471947594,1892.9979248046875,371000,702302230.1025391
2006-06-08 00:00:00,1879.5962818950688,1886.29715990539,1792.4848677608945,1825.9892578125,488000,891082757.8125
2006-06-09 00:00:00,1792.484603208654,1852.792496400721,1725.4758329952465,1822.6385498046875,1272600,2319489818.4814453
2006-06-12 00:00:00,1852.792424128606,1872.8950544084823,1812.5871635688532,1829.33935546875,619000,1132361061.0351562
2006-06-13 00:00:00,1795.8350956357758,1815.9377273033406,1748.928955078125,1748.928955078125,460600,805556676.7089844
2006-06-14 00:00:00,1702.0229767676922,1758.9804385886582,1702.0229767676922,1722.1256103515625,835600,1439008160.0097656
2006-06-15 00:00:00,1742.2280860843516,1809.2368586260575,1735.527208830181,1782.433349609375,522200,930786695.1660156
2006-06-16 00:00:00,1849.4433295160748,1889.6486192881632,1809.238039743986,1862.8450927734375,548800,1022329386.9140625
2006-06-19 00:00:00,1829.339621681129,1842.7413771513204,1805.886549608294,1815.9378662109375,581400,1055786275.4150391
2006-06-20 00:00:00,1812.5880392916376,1856.1437592746158,1795.8358392981843,1799.186279296875,405800,730109792.1386719
2006-06-21 00:00:00,1799.1861088547753,1825.9896263051257,1758.9808326792495,1792.4852294921875,291200,521971698.828125
2006-06-22 00:00:00,1849.442220340155,1892.9979248046875,1839.3909039252628,1892.9979248046875,515800,976408329.6142578
2006-06-23 00:00:00,1879.5961695848314,1896.3483636096516,1829.3395875103706,1892.9979248046875,433000,819668101.4404297
2006-06-26 00:00:00,1926.502060563597,1973.4081976903628,1899.6985536340167,1956.656005859375,746600,1460839373.9746094
2006-06-27 00:00:00,1986.8108651666269,2016.9648243344172,1970.0586656289656,1980.1099853515625,708800,1403501957.6171875
2006-06-28 00:00:00,1919.8013451894124,1953.3057316674126,1906.3995905982122,1929.8526611328125,601200,1160227419.8730469
2006-06-29 00:00:00,1956.6561743626291,1966.7074903268208,1943.2544197437069,1946.6048583984375,302000,587874667.2363281
2006-06-30 00:00:00,1970.0584943003967,2010.2637696942822,1956.6567358357681,2006.913330078125,464400,932010550.4882812
2006-07-03 00:00:00,2010.2636718749998,2027.0158691406248,1993.5114746093748,2010.263671875,266600,535936294.921875
2006-07-04 00:00:00,2040.417775387375,2040.417775387375,2000.2124990250622,2013.6142578125,249200,501792673.046875
2006-07-05 00:00:00,2000.2120585706946,2013.6138144070142,1983.4598637752952,1986.810302734375,257800,512199696.0449219
2006-07-06 00:00:00,1960.0070306586558,1970.0583487645977,1919.8017582348887,1936.553955078125,511600,990741003.4179688
2006-07-07 00:00:00,1963.3574700273032,1966.7079093959503,1926.5026369721832,1936.553955078125,238600,462061773.6816406
2006-07-10 00:00:00,1889.6478039170631,1936.553955078125,1869.5451677051794,1936.553955078125,390800,756805285.6445312
2006-07-11 00:00:00,1939.9039261980754,1939.9039261980754,1899.6986634789444,1923.1517333984375,317400,610408360.1806641
2006-07-12 00:00:00,1899.698701093541,1919.8013328511447,1859.4934375783337,1879.5960693359375,320000,601470742.1875
2006-07-13 00:00:00,1846.0920895764427,1909.750437492872,1829.3398927563298,1836.040771484375,396400,727806561.8164062
2006-07-14 00:00:00,1802.5365250989485,1802.5365250989485,1752.2799305329927,1772.382568359375,760000,1347010751.953125
2006-07-17 00:00:00,1772.3824217825224,1772.3824217825224,1769.0319824218748,1769.031982421875,760000,1344464306.640625
2006-07-18 00:00:00,1769.0320811170213,1775.7329602121615,1718.7754879034694,1732.17724609375,438800,760079375.5859375
2006-07-19 00:00:00,1728.826146275789,1762.3305289555522,1708.7235166679309,1725.4757080078125,392400,677076667.8222656
2006-07-20 00:00:00,1792.4853992994938,1802.5367192955657,1762.331439311278,1799.186279296875,338600,609204474.1699219
2006-07-21 00:00:00,1765.6811564739487,1799.1855427448015,1755.6298405926927,1782.433349609375,347600,619573832.3242188
2006-07-24 00:00:00,1748.9291743829474,1765.6813695398723,1718.775223100483,1745.5787353515625,386800,675189854.8339844
2006-07-25 00:00:00,1772.3823010872275,1809.2371315446178,1765.6814228222474,1785.7840576171875,433400,773958810.5712891
2006-07-26 00:00:00,1809.2367501195029,1809.2367501195029,1745.5784200227056,1752.279296875,333200,583859461.71875
2006-07-27 00:00:00,1789.1342914457355,1876.2456988944043,1755.6299039654782,1856.14306640625,777400,1442965619.8242188
2006-07-28 00:00:00,1825.9892079053004,1849.4422803004143,1805.8865744237742,1819.288330078125,697000,1268043966.0644531
2006-07-31 00:00:00,1862.84366560571,1913.100239318094,1862.84366560571,1899.698486328125,616800,1171734026.3671875
2006-08-01 00:00:00,1929.8530763408303,1953.3061519213613,1903.049561391652,1936.553955078125,696000,1347841552.734375
2006-08-02 00:00:00,1909.7499287211813,1929.8525595498252,1899.6986133068592,1916.4508056640625,449400,861252992.0654297
2006-08-03 00:00:00,1939.9038749641472,1956.6560673213505,1916.4508056640625,1916.4508056640625,372200,713302989.8681641
2006-08-04 00:00:00,1929.852707787958,1936.553585245555,1906.3996366863682,1919.8013916015625,277400,532552906.03027344
2006-08-07 00:00:00,1903.04920887861,1909.7500863746616,1852.7926276582243,1856.14306640625,481000,892804814.9414062
2006-08-08 00:00:00,1859.4932273582176,1903.0489245756173,1849.4419126157406,1899.698486328125,305000,579408038.3300781
2006-08-09 00:00:00,1879.596797054578,1916.451636212511,1846.0923978200935,1913.1011962890625,389400,744961605.8349609
2006-08-10 00:00:00,1879.5962684242504,1933.2032921226248,1879.5962684242504,1906.3997802734375,417600,796112548.2421875
2006-08-11 00:00:00,1896.3483636096516,1916.4509964394358,1882.9466083897953,1892.9979248046875,482800,913939398.0957031
2006-08-14 00:00:00,1899.6987592287712,1929.852707787958,1892.997881771174,1919.8013916015625,377000,723765124.6337891
2006-08-15 00:00:00,1916.4508562785823,1939.9039261980754,1903.049102038872,1923.1517333984375,298800,574637737.9394531
2006-08-16 00:00:00,1929.8533867385786,1983.4604252590946,1929.8533867385786,1980.1099853515625,641600,1270438566.6015625
2006-08-17 00:00:00,1976.759033203125,1993.5112283997616,1973.4085941637975,1976.759033203125,476800,942518707.03125
2006-08-18 00:00:00,2003.562890461968,2023.6655281589108,1990.1611319973395,2006.913330078125,415800,834474562.6464844
2006-08-21 00:00:00,2013.6140111721415,2037.0670861774743,1953.3061040155715,1963.357421875,440200,864269937.109375
2006-08-22 00:00:00,1956.656005859375,1973.4081976903628,1936.5533756621896,1956.656005859375,518200,1013939142.2363281
2006-08-23 00:00:00,1963.3578385472501,1963.3578385472501,1933.203878569562,1953.3065185546875,377600,737568541.40625
2006-08-24 00:00:00,1939.904758564604,1960.0073985497293,1919.8021185794785,1953.3065185546875,299800,585601294.2626953
2006-08-25 00:00:00,1956.6562750400642,1990.160663311298,1943.2545197315706,1960.0067138671875,356800,699330395.5078125
2006-08-28 00:00:00,1970.0579289815512,1983.4596836004732,1936.5535424342459,1946.6048583984375,414000,805894411.3769531
2006-08-29 00:00:00,1973.4087397344283,1980.1096183073805,1953.3061040155715,1963.357421875,375200,736651704.6875
2006-08-30 00:00:00,1960.0073985497293,1963.3578385472501,1933.203878569562,1953.3065185546875,324600,634043295.9228516
2006-08-31 00:00:00,1963.357183469222,2006.912888904546,1960.0067445895818,1996.861572265625,475200,948908619.140625
2006-09-01 00:00:00,1966.707281164221,1990.1603492530617,1963.3568428658152,1983.45947265625,318200,631136804.1992188
2006-09-04 00:00:00,1996.8620581296411,2040.4177741626702,1993.5116184347928,2030.366455078125,499000,1013152861.0839844
2006-09-05 00:00:00,2010.2633779264213,2023.6651337792641,1996.8616220735787,2003.5625,611200,1224577400.0
2006-09-06 00:00:00,1990.1607441471572,2016.9642558528428,1983.4598662207359,2003.5625,449600,900801700.0
2006-09-07 00:00:00,1963.3574700273032,1970.0583487645977,1923.1521976035358,1936.553955078125,466400,903208764.6484375
2006-09-08 00:00:00,1919.8014479417068,1973.4084691756811,1919.8014479417068,1960.0067138671875,928000,1818886230.46875
2006-09-11 00:00:00,1946.6052731840668,1976.7592275018922,1936.553955078125,1936.553955078125,385800,747122515.8691406
2006-09-12 00:00:00,1956.6561189977135,1960.0065575576411,1906.3995405987996,1923.1517333984375,602600,1158891234.5458984
2006-09-13 00:00:00,1970.0586656289656,2000.2126247967558,1970.0586656289656,1980.1099853515625,799400,1582899922.290039
2006-09-14 00:00:00,1976.7589142102154,2006.9128637490153,1960.0067200219933,1993.5111083984375,564000,1124340265.1367188
2006-09-15 00:00:00,1966.7076689798957,1993.511180652535,1956.656352102656,1986.810302734375,585200,1162681389.1601562
2006-09-18 00:00:00,1986.810302734375,1986.810302734375,1986.810302734375,1986.810302734375,0,0.0
2006-09-19 00:00:00,2010.2637696942822,2033.7168470073823,2000.2124508458107,2006.913330078125,606200,1216590860.6933594
2006-09-20 00:00:00,1993.5117449816914,1996.8621848892237,1960.0073459063688,1980.1099853515625,600200,1188462013.2080078
2006-09-21 00:00:00,1990.160669560793,2000.2119860737264,1963.3571588596376,1993.5111083984375,209000,416643821.65527344
2006-09-22 00:00:00,1949.9553401607493,1949.9553401607493,1899.6987592287712,1919.8013916015625,847800,1627607619.7998047
2006-09-25 00:00:00,1903.0487060546873,1913.1000196430043,1882.9460788780534,1903.0487060546875,574800,1093872396.2402344
2006-09-26 00:00:00,2031.2687709619888,2051.5139746592845,1970.533159870102,1980.65576171875,1498200,2967418462.2070312
2006-09-27 00:00:00,2000.900830683432,2044.7654357405731,1990.7782295163997,2041.3912353515625,694000,1416725517.3339844
2006-09-28 00:00:00,2027.89471025982,2065.010919599018,2011.02370601473,2061.63671875,737400,1520250916.40625
2006-09-29 00:00:00,2058.262384223625,2058.262384223625,2024.5203779248768,2054.88818359375,358600,736882902.6367188
2006-10-02 00:00:00,2054.888536768052,2095.3789512856492,2048.1401343484526,2085.25634765625,589800,1229884193.8476562
2006-10-03 00:00:00,2088.6300841696393,2112.2494873831893,2081.881683251482,2098.752685546875,546000,1145918966.3085938
2006-10-04 00:00:00,2108.875734409991,2118.998337935159,2054.888515609095,2071.759521484375,591800,1226067284.8144531
2006-10-05 00:00:00,2088.630150857745,2102.126953125,2071.7591480236756,2102.126953125,522200,1097730694.921875
2006-10-06 00:00:00,2081.882436563135,2085.25663824314,2061.6372264831048,2075.134033203125,332000,688944499.0234375
2006-10-09 00:00:00,2075.134033203125,2075.134033203125,2075.134033203125,2075.134033203125,0,0.0
2006-10-10 00:00:00,2054.8883610775597,2078.507767526727,2034.643155549702,2051.51416015625,798200,1637518602.6367188
2006-10-11 00:00:00,2075.133226688821,2105.501030006219,2031.2686218970252,2034.642822265625,607800,1236655907.3730469
2006-10-12 00:00:00,2041.3915573923211,2071.7593656841077,2034.643155549702,2051.51416015625,604600,1240345461.2304688
2006-10-13 00:00:00,2058.2633144403594,2075.134325214461,2058.2633144403594,2065.01171875,501600,1035809878.125
2006-10-16 00:00:00,2081.88214644645,2095.3789512856492,2075.1337440268508,2085.25634765625,415000,865381384.2773438
2006-10-17 00:00:00,2088.630527359655,2102.127332059879,2065.011119134263,2071.759521484375,469600,972898271.2890625
2006-10-18 00:00:00,2058.262451171875,2068.3850533907535,2031.2688452548668,2058.262451171875,423200,871056669.3359375
2006-10-19 00:00:00,2071.7593656841077,2075.1335666054174,2041.3915573923211,2051.51416015625,330400,677820278.515625
2006-10-20 00:00:00,2041.3916680364323,2051.51427134901,2038.01746693224,2044.765869140625,373000,762697669.1894531
2006-10-23 00:00:00,2034.643045994493,2071.7592541303793,2034.643045994493,2058.262451171875,389000,800664093.5058594
2006-10-24 00:00:00,2065.010548450101,2102.126751118322,2058.2621479649697,2092.004150390625,677200,1416705210.6445312
2006-10-25 00:00:00,2081.8817886327483,2088.6301898924976,2054.88818359375,2054.88818359375,595800,1224302379.7851562
2006-10-26 00:00:00,2054.8882153239474,2058.262416005924,2031.2688105501088,2038.0172119140625,638600,1301477791.5283203
2006-10-27 00:00:00,2098.752685546875,2122.372088760425,2085.2558837105607,2098.752685546875,1617400,3394522593.6035156
2006-10-30 00:00:00,2095.3789537106154,2095.3789537106154,2034.643331863931,2048.14013671875,1047400,2145221979.1992188
2006-10-31 00:00:00,2048.140342472484,2159.488993710692,2048.140342472484,2145.9921875,1493400,3204824732.8125
2006-11-01 00:00:00,2122.3726007530418,2162.8630160297294,2102.127393114698,2149.3662109375,942800,2026422463.671875
2006-11-02 00:00:00,2139.243320465088,2162.862726211548,2112.249713897705,2159.488525390625,751600,1623071575.6835938
2006-11-03 00:00:00,2159.488525390625,2159.488525390625,2159.488525390625,2159.488525390625,0,0.0
2006-11-06 00:00:00,2095.378599042938,2132.4948061113314,2095.378599042938,2129.12060546875,601800,1281304780.3710938
2006-11-07 00:00:00,2159.489164086687,2189.8569804566564,2152.7407604489163,2179.734375,861400,1877623190.625
2006-11-08 00:00:00,2183.1084045794023,2199.9794123427673,2129.121179736635,2145.9921875,1358400,2915115787.5
2006-11-09 00:00:00,2132.494302875196,2166.236301338411,2132.494302875196,2152.739501953125,517800,1114688514.1113281
2006-11-10 00:00:00,2176.359422108298,2226.9724319247703,2166.236820145004,2203.35302734375,1227000,2703514164.5507812
2006-11-13 00:00:00,2186.482778637771,2193.231182275542,2149.366558630031,2179.734375,951800,2074671178.125
2006-11-14 00:00:00,2203.3539019282557,2206.7281039220206,2162.863478003081,2172.986083984375,844200,1834434852.0996094
2006-11-15 00:00:00,2206.727450284091,2223.5984552556815,2186.4822443181815,2189.8564453125,903200,1977878341.40625
2006-11-16 00:00:00,2189.8564677490995,2233.721081124659,2159.4886584890965,2166.237060546875,722200,1564456405.1269531
2006-11-17 00:00:00,2172.9853957439545,2193.230601294364,2152.740190193545,2162.86279296875,507600,1097869153.7109375
2006-11-20 00:00:00,2142.617768222846,2142.617768222846,2078.5079452366504,2085.25634765625,519400,1083082146.9726562
2006-11-21 00:00:00,2102.1269290659075,2115.6237311786904,2054.888121671168,2088.630126953125,790800,1651688704.3945312
2006-11-22 00:00:00,2088.6304595164765,2118.998269105569,2061.636850992839,2105.50146484375,465800,980742582.3242188
2006-11-23 00:00:00,2105.50146484375,2105.50146484375,2105.50146484375,2105.50146484375,0,0.0
2006-11-24 00:00:00,2092.00510792918,2092.00510792918,2051.5146864853896,2078.50830078125,468600,973988989.7460938
2006-11-27 00:00:00,2071.7595846645368,2115.6242012779553,2061.636980830671,2112.25,533400,1126674150.0
2006-11-28 00:00:00,2081.8823442689463,2108.8759565123037,2061.6371350864283,2095.379150390625,364600,763975238.2324219
2006-11-29 00:00:00,2108.875709243968,2139.2435194570808,2102.127306974387,2132.4951171875,523400,1116147944.3359375
2006-11-30 00:00:00,2132.4950062845032,2139.243408203125,2108.875599569327,2139.243408203125,521400,1115401513.0371094
2006-12-01 00:00:00,2142.617720591871,2159.488726265823,2122.3725137831293,2132.4951171875,480400,1024450654.296875
2006-12-04 00:00:00,2125.7466043658815,2152.740212040369,2118.9982024472597,2139.243408203125,391800,838155567.3339844
2006-12-05 00:00:00,2145.9916323203743,2172.985237758366,2129.120628921629,2142.617431640625,567000,1214864083.7402344
2006-12-06 00:00:00,2135.8693183222904,2149.366122861452,2108.875709243968,2132.4951171875,597600,1274379082.03125
2006-12-07 00:00:00,2125.7466264204545,2129.1208274147725,2098.753018465909,2115.6240234375,691200,1462319325.0
2006-12-08 00:00:00,2092.004660581931,2132.495073367388,2085.256258451022,2105.50146484375,1395000,2937174543.4570312
2006-12-11 00:00:00,2108.875401613263,2139.2432073964937,2105.5012009706816,2129.12060546875,340200,724326829.9804688
2006-12-12 00:00:00,2145.9917431872036,2145.9917431872036,2118.9981363546603,2135.869140625,313200,668954214.84375
2006-12-13 00:00:00,2132.495204572214,2149.3662109375,2122.3726007530418,2149.3662109375,315600,678339976.171875
2006-12-14 00:00:00,2159.488636363636,2193.230646306818,2156.114435369318,2189.8564453125,575600,1260481369.921875
2006-12-15 00:00:00,2206.726848268289,2223.597848637313,2179.7332476778515,2196.604248046875,730000,1603521101.0742188
2006-12-18 00:00:00,2206.7272279981817,2206.7272279981817,2186.4820240715926,2203.35302734375,288000,634565671.875
2006-12-19 00:00:00,2203.35361389544,2203.35361389544,2135.869582841981,2145.9921875,625400,1342103514.0625
2006-12-20 00:00:00,2162.86279296875,2179.7337975940914,2149.365989268477,2162.86279296875,482400,1043365011.328125
2006-12-21 00:00:00,2172.984930656492,2186.481731468023,2156.1139296420783,2176.359130859375,369800,804817606.5917969
2006-12-22 00:00:00,2162.863478003081,2183.1086899656684,2149.3666700280232,2172.986083984375,344000,747507212.890625
2006-12-25 00:00:00,2162.8631952633646,2169.6115983687105,2135.869582841981,2145.9921875,247800,531776864.0625
2006-12-26 00:00:00,2145.9917883434086,2162.86279296875,2129.1207837180673,2162.86279296875,214600,464150355.37109375
2006-12-27 00:00:00,2162.863478003081,2172.986083984375,2142.618266040494,2172.986083984375,140400,305087246.19140625
2006-12-28 00:00:00,2172.985529257387,2176.3597303897745,2159.4887247278384,2169.611328125,242000,525045941.40625
2006-12-29 00:00:00,2169.6107304536094,2179.7333310622575,2159.488129844961,2176.359130859375,110000,239399504.39453125
2007-01-04 00:00:00,2193.230471704803,2230.3466796875,2183.107869527704,2230.3466796875,363200,810061914.0625
2007-01-05 00:00:00,2213.4759428460343,2233.721149640358,2152.740322463064,2169.611328125,778400,1688825457.8125
2007-01-09 00:00:00,2156.1152208533654,2203.354051983173,2142.618411959135,2193.2314453125,560000,1228209609.375
2007-01-10 00:00:00,2196.6047559982226,2196.6047559982226,2132.494939770932,2135.869140625,526400,1124321515.625
2007-01-11 00:00:00,2162.8630160297294,2196.6050287603025,2142.6178083913856,2149.3662109375,691600,1486501671.484375
2007-01-12 00:00:00,2159.488570601852,2203.353182192202,2156.1143697102866,2186.482177734375,764800,1672221569.53125
2007-01-15 00:00:00,2206.727494470605,2226.972700841895,2199.9790923468418,2216.85009765625,368000,815800835.9375
2007-01-16 00:00:00,2206.727450284091,2237.0952592329545,2203.3532492897725,2226.97265625,356400,793693054.6875
2007-01-17 00:00:00,2233.721058238636,2237.0952592329545,2196.604847301136,2226.97265625,461400,1027525183.59375
2007-01-18 00:00:00,2226.972744360902,2267.463157894737,2220.224342105263,2243.84375,479400,1075698693.75
2007-01-19 00:00:00,2237.095371049226,2253.9663768640767,2210.1017617454645,2220.224365234375,314600,698482585.3027344
2007-01-22 00:00:00,2233.720947265625,2243.843549745681,2216.849943132199,2233.720947265625,397000,886787216.0644531
2007-01-23 00:00:00,2233.721719872137,2247.218527847195,2152.7408720217877,2172.986083984375,1368800,2974383351.7578125
2007-01-24 00:00:00,2139.2429537865423,2142.617154029108,2078.507349420363,2092.004150390625,2605000,5449670811.767578
2007-01-25 00:00:00,2108.876050003176,2112.250251683181,2061.6372264831048,2075.134033203125,1349400,2800185864.404297
2007-01-26 00:00:00,2081.881923844108,2092.004526391162,2051.514116202946,2061.63671875,1309200,2699094792.1875
2007-01-29 00:00:00,2044.7659161541915,2058.262720881282,1987.4044960640574,1997.527099609375,2374600,4743327850.732422
2007-01-30 00:00:00,2000.9007790497726,2004.2749793517116,1940.1651736148722,1946.91357421875,1812200,3528196779.1992188
2007-01-31 00:00:00,1950.2875310333682,1960.4101306754098,1899.6745328231598,1916.5455322265625,2060600,3949233723.7060547
2007-02-01 00:00:00,1909.7975329887577,1946.9137394602706,1896.3007306354802,1936.7911376953125,1448400,2805248283.8378906
2007-02-02 00:00:00,1940.165696849585,1943.5398980614973,1879.430075035163,1892.9268798828125,1715600,3247505355.126953
2007-02-05 00:00:00,1872.681640625,1903.0494510135136,1855.8106348536037,1872.681640625,1789200,3350601991.40625
2007-02-06 00:00:00,1892.9272920571777,1926.6693115234377,1886.1788881639259,1926.6693115234375,1555800,2997512114.868164
2007-02-07 00:00:00,1936.7913140673654,1936.7913140673654,1882.8040997379615,1896.3009033203125,1870600,3547220469.7509766
2007-02-08 00:00:00,1919.9203544712238,1930.0429573946221,1886.1783447265627,1886.1783447265625,1602400,3022412179.5898438
2007-02-09 00:00:00,1889.55263394836,1909.7978407406638,1876.0558294201574,1903.0494384765625,1013200,1928169691.0644531
2007-02-13 00:00:00,1903.0494835185493,1906.4236847304617,1879.430075035163,1892.9268798828125,1127200,2133707179.0039062
2007-02-14 00:00:00,1909.7978708920502,1963.7850898571967,1899.6752673360854,1960.410888671875,1364000,2674000452.1484375
2007-02-15 00:00:00,1980.6556824984616,1980.6556824984616,1946.9136776858813,1970.5330810546875,1426000,2809980173.5839844
2007-02-16 00:00:00,1960.4104796109136,1973.9072815359457,1933.4168757608493,1970.5330810546875,851400,1677711865.209961
2007-02-19 00:00:00,1973.9074071034665,2007.6494140625002,1967.1590057116598,2007.6494140625,1098400,2205202116.40625
2007-02-20 00:00:00,2011.0236147584035,2014.397815454307,1984.0300091911765,2007.6494140625,1081400,2171072076.3671875
2007-02-21 00:00:00,2007.650173904495,2031.2695877151361,2004.2759719315463,2027.8953857421875,1095200,2220951026.4648438
2007-02-22 00:00:00,2031.2688105501088,2044.7656132780164,2031.2688105501088,2038.0172119140625,831400,1694407509.9853516
2007-02-23 00:00:00,2058.2622372966166,2058.2622372966166,2034.6428345735405,2041.3912353515625,628200,1282401974.0478516
2007-02-26 00:00:00,2048.1402738947536,2051.514475334448,2007.6498566184157,2017.7724609375,679600,1371278164.453125
2007-02-27 00:00:00,2014.3980592028927,2048.1400702448173,2007.649656994508,2044.765869140625,854800,1747865864.9414062
2007-02-28 00:00:00,1933.4172791893018,1973.9076934131615,1913.172072077372,1960.410888671875,1245800,2442279885.107422
2007-03-01 00:00:00,1967.1587760303835,1973.9071766342613,1923.2941721051777,1946.91357421875,661600,1288078020.703125
2007-03-02 00:00:00,1933.416667737459,1936.7908678556744,1906.4230667917352,1923.2940673828125,705200,1356306976.3183594
2007-03-05 00:00:00,1879.4301484284576,1879.4301484284576,1808.5719202112268,1822.0687255859375,992000,1807492175.78125
2007-03-06 00:00:00,1822.068536931818,1855.810546875,1822.068536931818,1855.810546875,813800,1510258623.046875
2007-03-07 00:00:00,1872.6814052036832,1876.0556059337798,1828.8167957124258,1842.3135986328125,888400,1636711401.0253906
2007-03-08 00:00:00,1842.3138088773253,1859.184814453125,1828.8170044166857,1859.184814453125,1153800,2145127438.9160156
2007-03-09 00:00:00,1872.6818748322362,1882.804479561059,1855.8108669508647,1865.9334716796875,1699400,3170967341.772461
2007-03-12 00:00:00,1876.0553105398747,1886.1779111363128,1859.184309545811,1882.8037109375,933800,1758162105.2734375
2007-03-13 00:00:00,1882.8042440878378,1886.178445242117,1865.9332383164415,1872.681640625,614400,1150575600.0
2007-03-14 00:00:00,1815.3200899688088,1818.6942908795313,1784.9522817723046,1791.70068359375,1109400,1987712738.3789062
2007-03-15 00:00:00,1818.6942578216097,1825.4426595203913,1801.823253574656,1808.5716552734375,1404400,2539958032.6660156
2007-03-16 00:00:00,1805.1974872366407,1822.068491790254,1771.4554781294137,1791.70068359375,1020400,1828251377.5390625
2007-03-19 00:00:00,1774.8299067744501,1822.0687255859375,1768.0815040870948,1822.0687255859375,753200,1372382164.1113281
2007-03-20 00:00:00,1825.4426064595687,1852.4362124700615,1825.4426064595687,1849.06201171875,959400,1773990094.0429688
2007-03-22 00:00:00,1876.0560764085105,1876.0560764085105,1859.185068527139,1865.9334716796875,746600,1393105929.9560547
2007-03-23 00:00:00,1886.1786811373333,1886.1786811373333,1855.8108669508647,1865.9334716796875,656000,1224052357.421875
2007-03-26 00:00:00,1865.9327642416824,1886.1779660236898,1855.8101633506787,1879.4295654296875,568200,1067891879.0771484
2007-03-27 00:00:00,1879.4294904625933,1903.2197371773095,1869.2336704420006,1876.0308837890625,649800,1219044868.2861328
2007-03-28 00:00:00,1852.2407700033748,1869.2338045905617,1831.8491284987506,1848.8421630859375,998400,1845884015.625
2007-03-29 00:00:00,1821.6534341558513,1872.632541454989,1821.6534341558513,1865.8353271484375,1052800,1964351432.421875
2007-03-30 00:00:00,1855.639722527708,1865.8355451789591,1831.8494696747887,1859.038330078125,907000,1686147765.3808594
2007-04-02 00:00:00,1876.0318359374999,1916.81513671875,1852.2415771484375,1852.2415771484375,1127400,2088217154.0771484
2007-04-03 00:00:00,1859.0387939453124,1882.829052734375,1835.24853515625,1852.2415771484375,906200,1678501317.211914
2007-04-04 00:00:00,1865.8356298307754,1916.8147453999222,1862.4370221261656,1913.4161376953125,1123800,2150297055.541992
2007-04-05 00:00:00,1906.6187960716986,1906.6187960716986,1886.2271511939264,1896.4229736328125,777200,1473899935.1074219
2007-04-06 00:00:00,1896.4234132169613,1910.0178462866168,1893.0248049495474,1899.822021484375,481600,914954285.546875
2007-04-09 00:00:00,1923.611326475401,2018.7723108240075,1920.2127198915223,2011.97509765625,2338000,4703997778.3203125
2007-04-10 00:00:00,1994.9820647368558,2022.1709174078862,1977.9890318174619,2011.97509765625,1286000,2587399975.5859375
2007-04-11 00:00:00,2025.569523991765,2025.569523991765,1994.9820647368558,2011.97509765625,1069000,2150801379.3945312
2007-04-12 00:00:00,1994.9832290596617,1998.3818376270547,1954.1999262509462,1964.395751953125,1060800,2083831013.671875
2007-04-13 00:00:00,1994.9832545006793,1998.381863111413,1950.8013425611412,1954.199951171875,1006600,1967097670.8496094
2007-04-16 00:00:00,1947.4027339504075,1977.9902114470108,1947.4027339504075,1954.199951171875,790600,1544990481.3964844
2007-04-17 00:00:00,1981.3887458827853,1988.1859628497932,1933.8082271137305,1950.80126953125,594800,1160336595.1171875
2007-04-18 00:00:00,1964.3949985208694,1984.786642104131,1954.1991767292386,1974.5908203125,725800,1433158017.3828125
2007-04-19 00:00:00,1971.192449512916,1974.5910571844902,1916.8147267677323,1940.60498046875,845600,1640975571.484375
2007-04-20 00:00:00,1954.199878014754,1964.3957034652656,1940.6054440807382,1950.80126953125,504000,983203839.84375
2007-04-23 00:00:00,1964.3952378167048,1974.5910608503555,1944.0035917494033,1957.5980224609375,626000,1225456362.0605469
2007-04-24 00:00:00,1964.3957034652656,1967.7943119487695,1933.8082271137305,1950.80126953125,583200,1137707300.390625
2007-04-25 00:00:00,1930.4089781194396,1933.8075854752838,1899.8215119168428,1910.017333984375,1335000,2549873140.8691406
2007-04-26 00:00:00,1910.0173603896556,1940.6048270151125,1889.625715972684,1916.8145751953125,1004000,1924481833.4960938
2007-04-27 00:00:00,1882.8283281598772,1930.4088274274554,1879.429721069336,1903.219970703125,1133400,2157109514.794922
2007-05-01 00:00:00,1910.0174433343807,1910.0174433343807,1859.038330078125,1859.038330078125,997000,1853461215.0878906
2007-05-02 00:00:00,1872.6322771155315,1893.0239171567168,1848.842030400815,1876.0308837890625,461200,865225443.6035156
2007-05-07 00:00:00,1903.609148943553,1903.609148943553,1886.227294921875,1886.227294921875,482400,909916047.0703125
2007-05-08 00:00:00,1865.835645197088,1872.632860662287,1859.0384297318892,1869.2342529296875,707800,1323044004.2236328
2007-05-09 00:00:00,1865.8353569216845,1865.8353569216845,1804.6604271865472,1811.4576416015625,1739200,3150487130.2734375
2007-05-10 00:00:00,1825.0526610417153,1831.8498776563956,1821.654052734375,1821.654052734375,769800,1402309289.7949219
2007-05-11 00:00:00,1814.8565157908315,1814.8565157908315,1794.4648695459907,1801.2620849609375,693600,1249355382.1289062
2007-05-14 00:00:00,1818.254983327646,1845.4438428914239,1804.660553545757,1828.4508056640625,707200,1293080409.765625
2007-05-15 00:00:00,1838.646423569299,1838.646423569299,1808.0589599609373,1808.0589599609375,736800,1332177841.6992188
2007-05-16 00:00:00,1791.065850611685,1808.0588852474696,1787.667243684528,1804.6602783203125,816400,1473324651.2207031
2007-05-17 00:00:00,1791.0662583705357,1797.8634737723214,1780.8704352678571,1784.26904296875,922400,1645809765.234375
2007-05-18 00:00:00,1791.0666013757768,1794.4652097275334,1767.27634291348,1777.47216796875,596600,1060439895.4101562
2007-05-21 00:00:00,1787.66748046875,1801.261909978018,1774.0730509594819,1787.66748046875,509200,910280281.0546875
2007-05-22 00:00:00,1794.4648983065642,1831.849583687951,1794.4648983065642,1825.0523681640625,1060600,1935650541.6748047
2007-05-23 00:00:00,1808.0589599609373,1821.6533882313204,1804.6603528933417,1808.0589599609375,892600,1613873427.6611328
2007-05-24 00:00:00,1835.2479096572763,1869.233982058337,1825.0520879369583,1862.436767578125,1002200,1866534128.4667969
2007-05-25 00:00:00,1882.8289794921875,1886.2275877584188,1872.6331546934935,1882.8289794921875,1364400,2568931859.6191406
2007-05-28 00:00:00,1872.632351811497,1879.4295654296875,1869.2337450024017,1879.4295654296875,510800,960012622.0214844
2007-05-29 00:00:00,1862.4370221261656,1920.213353104532,1855.639806716946,1913.4161376953125,831600,1591196860.1074219
2007-05-30 00:00:00,1937.2067379361747,1944.0039545605123,1903.2206548144875,1923.6123046875,1028800,1979012339.0625
2007-05-31 00:00:00,1927.0110822860054,1954.199951171875,1916.8152564538043,1954.199951171875,607200,1186590210.3515625
2007-06-01 00:00:00,1964.3952156027365,1971.1924308816388,1960.9966079632854,1967.7938232421875,403800,794595145.8251953
2007-06-04 00:00:00,1933.8077651256021,1950.800803483472,1933.8077651256021,1940.60498046875,750600,1456618098.3398438
2007-06-05 00:00:00,1930.4085780704625,1950.8002179796574,1930.4085780704625,1947.401611328125,608800,1185578100.9765625
2007-06-06 00:00:00,1927.0107441081866,1944.0037841796875,1927.0107441081866,1944.0037841796875,368800,716948595.6054688
2007-06-07 00:00:00,1933.8071847219949,1950.8002179796574,1933.8071847219949,1947.401611328125,287600,560072703.4179688
2007-06-08 00:00:00,1927.0105719767826,1937.2063951089349,1923.6119642660651,1930.4091796875,955000,1843540766.6015625
2007-06-11 00:00:00,1950.8005694653616,1988.1852493680078,1944.0033549376078,1974.5908203125,929800,1835974544.7265625
2007-06-12 00:00:00,1974.5910608503555,1988.1854915618896,1954.199414783054,1957.5980224609375,628600,1230546116.9189453
2007-06-13 00:00:00,1940.60481566325,1967.7936747268332,1923.6117787485107,1960.9964599609375,587000,1151104921.9970703
2007-06-14 00:00:00,1981.3884550450211,2011.9759269067795,1971.1926310911017,2005.1787109375,1088000,2181634437.5
2007-06-15 00:00:00,2001.7801496949912,2008.5773658229878,1971.1926771190067,1984.787109375,1054800,2093553442.96875
2007-06-18 00:00:00,2011.9759269067795,2011.9759269067795,1994.9828869835803,2005.1787109375,708200,1420067563.0859375
2007-06-19 00:00:00,2008.5766208974562,2032.3668685222992,2001.7794072903582,2028.96826171875,827000,1677956752.4414062
2007-06-20 00:00:00,2056.1575232194173,2073.1505606013957,2052.7589157430216,2069.751953125,1133000,2345028962.890625
2007-06-21 00:00:00,2090.14306640625,2093.5416730182924,2076.548639958079,2090.14306640625,871400,1821350668.0664062
2007-06-22 00:00:00,2073.1500333460367,2090.14306640625,2066.352820121951,2090.14306640625,555200,1160447430.46875
2007-06-25 00:00:00,2059.555569708635,2113.9332745194242,2059.555569708635,2110.53466796875,875800,1848406262.2070312
2007-06-26 00:00:00,2096.94057877499,2103.73779296875,2086.74475748435,2103.73779296875,499600,1051027401.3671875
2007-06-27 00:00:00,2100.3396450865503,2100.3396450865503,2073.150782366983,2079.947998046875,764000,1589080270.5078125
2007-06-28 00:00:00,2120.731495073647,2134.325927734375,2117.3328869084644,2134.325927734375,808800,1726242810.3515625
2007-06-29 00:00:00,2127.528564453125,2130.9271723835614,2096.9410930791983,2127.528564453125,1122400,2387938060.7421875
2007-07-02 00:00:00,2100.3390968724298,2103.737703825298,2059.555813438014,2066.35302734375,1375800,2842888495.0195312
2007-07-03 00:00:00,2079.9478194962685,2079.9478194962685,2045.9617440143033,2049.3603515625,887600,1819012248.046875
2007-07-04 00:00:00,2049.3604962158206,2049.3604962158206,2028.9688494873049,2039.1646728515625,592000,1207185486.328125
2007-07-05 00:00:00,2042.5631147831582,2066.3533673679867,2035.7658997589213,2059.55615234375,878200,1808702212.9882812
2007-07-06 00:00:00,2045.961343445234,2045.961343445234,2022.1710952656383,2025.5697021484375,699200,1416278335.7421875
2007-07-09 00:00:00,2052.7588633135333,2056.157470703125,2045.9616485343493,2056.157470703125,384600,790798163.2324219
2007-07-10 00:00:00,2056.157164093632,2056.157164093632,2025.5697021484377,2025.5697021484375,542800,1099479234.3261719
2007-07-11 00:00:00,2018.77213084941,2018.77213084941,1988.1846743213887,1998.3804931640625,1118600,2235388419.6533203
2007-07-12 00:00:00,2005.1782100282867,2015.3740314352103,1964.3949244005928,1971.192138671875,791600,1560395696.9726562
2007-07-13 00:00:00,2005.1789063326196,2015.3747312800735,1984.7872564377114,2008.5775146484375,878800,1765137919.8730469
2007-07-17 00:00:00,2011.9758105468752,2045.9618884277345,2001.7799871826173,2039.1646728515625,1062600,2166816381.3720703
2007-07-18 00:00:00,2032.367622270976,2035.7662303349741,1981.3885013110016,1984.787109375,1442800,2863650841.40625
2007-07-19 00:00:00,1991.5837402343748,1998.3809543648676,1977.9893119733892,1991.583740234375,508200,1012122856.7871094
2007-07-20 00:00:00,1991.5837266710068,2042.562832302517,1991.5837266710068,2018.7725830078125,818400,1652163481.9335938
2007-07-23 00:00:00,1988.1851331691284,2011.9753826258532,1974.590704908143,1991.583740234375,611400,1217654298.7792969
2007-07-24 00:00:00,2022.1710481116522,2032.3668685222992,2015.3738345045542,2028.96826171875,616800,1251467623.828125
2007-07-25 00:00:00,2001.78010295286,2008.5773189221397,1984.7870630296609,2005.1787109375,502600,1007802820.1171875
2007-07-26 00:00:00,2039.1651404357701,2039.1651404357701,1964.3957519531252,1964.395751953125,829600,1629662715.8203125
2007-07-27 00:00:00,1927.0105877850506,1927.0105877850506,1872.632863967483,1886.227294921875,905200,1707412947.3632812
2007-07-30 00:00:00,1665.3178964010099,1682.310936160204,1600.744345316073,1672.1151123046875,3333200,5573494092.333984
2007-07-31 00:00:00,1702.702586122202,1709.4998020348655,1689.108154296875,1689.108154296875,2283600,3857247381.1523438
2007-08-01 00:00:00,1655.1221903355117,1675.5138394977562,1614.3388920110228,1621.1361083984375,1806200,2928096038.989258
2007-08-02 00:00:00,1634.7302764577964,1658.5205299613403,1624.5344535277063,1648.32470703125,1112200,1833266739.1601562
2007-08-03 00:00:00,1665.317825809602,1692.5066882717995,1665.317825809602,1685.70947265625,1345400,2267953524.5117188
2007-08-06 00:00:00,1634.7305411732673,1638.1291493669746,1587.1500264613635,1621.1361083984375,1332400,2160001750.830078
2007-08-07 00:00:00,1607.5413999495968,1614.338615171371,1580.3525390625,1580.3525390625,1214400,1919180123.4375
2007-08-08 00:00:00,1546.3663759635126,1573.5552353211128,1515.7789091862123,1525.9747314453125,1831600,2794975318.1152344
2007-08-09 00:00:00,1529.37337796982,1536.1705929830193,1478.3942653708261,1488.590087890625,1939800,2887567052.4902344
2007-08-10 00:00:00,1407.0236534474816,1420.6180848817569,1369.638967003225,1383.2333984375,2421400,3349361350.9765625
2007-08-13 00:00:00,1400.2263211025281,1539.5692316976824,1400.2263211025281,1512.38037109375,2195200,3319977390.625
2007-08-14 00:00:00,1617.7371609554411,1641.527413322433,1587.1496936264516,1627.9329833984375,2331800,3796014130.6884766
2007-08-15 00:00:00,1614.338570694002,1621.1357857285032,1600.744140625,1600.744140625,2227800,3566137796.484375
2007-08-16 00:00:00,1519.1780021768311,1556.562695742704,1498.7863511409005,1542.96826171875,2265000,3494823112.7929688
2007-08-17 00:00:00,1529.373514566077,1553.1637692371048,1400.226417780497,1410.4222412109375,1617400,2281216932.9345703
2007-08-20 00:00:00,1461.4015163231759,1512.3806389856122,1454.6042999681843,1502.184814453125,1229600,1847086447.8515625
2007-08-21 00:00:00,1553.1635908029127,1553.1635908029127,1502.1844795074123,1525.9747314453125,976600,1490266922.7294922
2007-08-22 00:00:00,1522.5759959177926,1522.5759959177926,1485.191317446597,1508.9815673828125,888600,1340881020.7763672
2007-08-23 00:00:00,1559.9605514724533,1570.1563720703125,1549.764730874594,1570.1563720703125,1051600,1651176440.8691406
2007-08-24 00:00:00,1573.5552716368968,1576.9538791350326,1553.1636266480816,1566.758056640625,761200,1192616232.7148438
2007-08-27 00:00:00,1580.3521926681715,1583.7507995341246,1570.1563720703125,1570.1563720703125,865800,1359441386.9384766
2007-08-28 00:00:00,1573.555006356075,1590.5480409819504,1570.1563994308997,1576.95361328125,511400,806454077.8320312
2007-08-29 00:00:00,1570.1567674323694,1593.947021484375,1566.7581597106541,1593.947021484375,950400,1514887249.21875
2007-08-30 00:00:00,1627.9330987015258,1627.9330987015258,1593.947021484375,1593.947021484375,1246400,1986695567.578125
2007-08-31 00:00:00,1685.7094279133466,1709.4996819363173,1685.7094279133466,1706.10107421875,1696000,2893547421.875
2007-09-03 00:00:00,1655.122047393176,1665.31787109375,1624.5345762914542,1665.31787109375,1063200,1770565960.546875
2007-09-04 00:00:00,1668.716286848431,1702.7023619369938,1665.3176793395749,1678.912109375,673200,1130243632.03125
2007-09-05 00:00:00,1712.898407726753,1719.6956236304306,1668.7165043528487,1672.1151123046875,1213600,2029278900.2929688
2007-09-06 00:00:00,1655.1218432464282,1655.1218432464282,1597.3455160694482,1627.9329833984375,1197200,1948961367.7246094
2007-09-07 00:00:00,1621.1361816917004,1634.7306150811487,1600.7445316075282,1624.5347900390625,665600,1081290356.25
2007-09-10 00:00:00,1580.352309078826,1583.7509161951245,1546.3662379158404,1553.1634521484375,889600,1381694207.03125
2007-09-11 00:00:00,1570.1571297666576,1573.555738272646,1519.1780021768311,1542.96826171875,840200,1296401933.4960938
2007-09-12 00:00:00,1556.562059264736,1580.352309078826,1529.3732023343478,1553.1634521484375,1138000,1767500008.5449219
2007-09-13 00:00:00,1580.3521926681715,1590.5480132660307,1566.7577652043594,1570.1563720703125,890200,1397753202.4169922
2007-09-14 00:00:00,1573.5552804869958,1600.744140625,1553.1636353834926,1600.744140625,1388200,2222153016.015625
2007-09-18 00:00:00,1566.7578806136316,1570.1564877299302,1549.764845032139,1553.1634521484375,659000,1023534714.9658203
2007-09-19 00:00:00,1634.7304687499998,1634.7304687499998,1621.1360365774426,1634.73046875,778400,1272474196.875
2007-09-20 00:00:00,1655.121996467496,1655.121996467496,1634.7303496937693,1651.723388671875,817200,1349788353.2226562
2007-09-21 00:00:00,1648.3246727070396,1658.520495424815,1607.5413818359375,1607.5413818359375,943400,1516554539.6240234
2007-09-25 00:00:00,1658.955375,1713.796875,1652.1001875,1713.796875,820000,1405313437.5
2007-09-26 00:00:00,1713.7969486297122,1730.9349181160094,1682.9486035543773,1727.50732421875,1097400,1895766537.5976562
2007-09-27 00:00:00,1758.355432175498,1796.0589599609377,1751.5002453054183,1796.0589599609375,1105800,1986081997.9248047
2007-09-28 00:00:00,1782.3484802246094,1806.3416328430176,1748.0725479125977,1754.927734375,884000,1551356117.1875
2007-10-01 00:00:00,1412.1685791015625,1412.1685791015625,1412.1685791015625,1412.1685791015625,159000,224534804.07714844
2007-10-02 00:00:00,1360.7544974895438,1401.8856158015703,1347.0441247188685,1357.326904296875,8535400,11585328058.935547
2007-10-03 00:00:00,1343.6168146306818,1347.044408545556,1302.4856876521917,1319.6236572265625,4298200,5672006403.491211
2007-10-04 00:00:00,1377.892467694644,1460.1547045719362,1374.4648744914234,1401.8856201171875,8196400,11490415296.728516
2007-10-05 00:00:00,1429.3065185546875,1443.0168928333894,1419.023737845661,1429.3065185546875,4269600,6102567111.621094
2007-10-09 00:00:00,1425.8792439398364,1467.0103759765625,1408.7412722578672,1467.0103759765625,2608400,3826549864.6972656
2007-10-10 00:00:00,1484.1483549230238,1521.8518928079043,1480.720760569853,1514.9967041015625,2893800,4384097462.329102
2007-10-11 00:00:00,1504.7135856157036,1508.1411792048054,1473.8652433137872,1497.8583984375,1771600,2653605938.671875
2007-10-12 00:00:00,1497.858669577206,1497.858669577206,1456.7275390625,1456.7275390625,1885400,2746514102.1484375
2007-10-15 00:00:00,1484.147857873618,1532.13416274713,1477.2926714631164,1511.568603515625,1387200,2096847966.796875
2007-10-16 00:00:00,1477.2928756212405,1477.2928756212405,1460.1549072265625,1460.1549072265625,958800,1399996525.0488281
2007-10-17 00:00:00,1429.3062300512172,1443.0166015625,1429.3062300512172,1443.0166015625,1017400,1468125090.4296875
2007-10-18 00:00:00,1449.8722410361352,1456.7274289370152,1422.4514894326148,1436.161865234375,1554600,2232657235.6933594
2007-10-19 00:00:00,1429.3065472945425,1429.3065472945425,1412.1685791015625,1412.1685791015625,1222000,1725670003.6621094
2007-10-22 00:00:00,1347.0442083523358,1364.1821753797192,1336.7614281359058,1350.4718017578125,1414000,1909567127.6855469
2007-10-23 00:00:00,1350.471782810512,1350.471782810512,1347.044189453125,1347.044189453125,789600,1063626091.9921875
2007-10-24 00:00:00,1350.4719156270187,1350.4719156270187,1326.478759765625,1326.478759765625,1275400,1691791010.2050781
2007-10-25 00:00:00,1326.478656572165,1329.90625,1326.478656572165,1329.90625,800000,1063925000.0
2007-10-26 00:00:00,1319.6235723766554,1326.478759765625,1319.6235723766554,1326.478759765625,687200,911556203.7109375
2007-10-29 00:00:00,1336.7614093809636,1367.6097495974475,1329.9062226661895,1347.044189453125,599000,806879469.4824219
2007-10-30 00:00:00,1364.1824459246736,1377.892822265625,1364.1824459246736,1377.892822265625,1075800,1482337098.1933594
2007-10-31 00:00:00,1395.0306699555497,1497.8584834657865,1395.0306699555497,1491.0032958984375,2509800,3742120072.0458984
2007-11-01 00:00:00,1487.5760094638545,1597.259033203125,1487.5760094638545,1597.259033203125,3180600,5080242081.005859
2007-11-02 00:00:00,1593.8309326171875,1593.8309326171875,1593.8309326171875,1593.8309326171875,2404000,3831569562.0117188
2007-11-05 00:00:00,1593.8314698341135,1597.2590643928966,1542.417551452368,1556.1279296875,981400,1527183950.1953125
2007-11-06 00:00:00,1556.127421431108,1556.127421431108,1508.14111328125,1508.14111328125,761600,1148600271.875
2007-11-07 00:00:00,1492.642938443075,1494.4305419921875,1492.642938443075,1494.4305419921875,730800,1092129840.0878906
2007-11-08 00:00:00,1494.4306605995123,1494.4306605995123,1449.8719482421875,1449.8719482421875,989000,1433923356.8115234
2007-11-09 00:00:00,1449.8721091261186,1449.8721091261186,1412.1685791015625,1412.1685791015625,1203800,1699968535.522461
2007-11-12 00:00:00,1412.1687066788063,1412.1687066788063,1367.6099853515625,1367.6099853515625,743600,1016954785.1074219
2007-11-13 00:00:00,1367.6100893260248,1367.6100893260248,1364.1824951171875,1364.1824951171875,851400,1161464976.3427734
2007-11-14 00:00:00,1364.1826072583358,1432.7344970703125,1364.1826072583358,1432.7344970703125,972400,1393191024.9511719
2007-11-15 00:00:00,1432.7341704497467,1432.7341704497467,1395.0306396484375,1395.0306396484375,845200,1179079896.6308594
2007-11-16 00:00:00,1395.0307741997544,1395.0307741997544,1374.4652099609375,1374.4652099609375,629400,865088403.1494141
2007-11-19 00:00:00,1374.4652300929524,1374.4652300929524,1309.3409423828125,1309.3409423828125,1242800,1627248923.1933594
2007-11-20 00:00:00,1309.340791293201,1326.478759765625,1309.340791293201,1326.478759765625,1379600,1830010096.9726562
2007-11-21 00:00:00,1326.4788193437087,1326.4788193437087,1292.202880859375,1292.202880859375,1057000,1365858445.0683594
2007-11-22 00:00:00,1292.2029794419038,1292.2029794419038,1264.7822265625,1264.7822265625,950200,1201796071.6796875
2007-11-26 00:00:00,1268.2096691437582,1309.3407935484208,1268.2096691437582,1281.9200439453125,751800,963747489.0380859
2007-11-27 00:00:00,1281.9199135228207,1302.4854736328125,1281.9199135228207,1302.4854736328125,1062400,1383760567.1875
2007-11-28 00:00:00,1302.4856876521917,1319.6236572265625,1302.4856876521917,1319.6236572265625,1177400,1553724894.0185547
2007-11-29 00:00:00,1319.623670076069,1367.6099853515625,1319.623670076069,1367.6099853515625,1014200,1387030047.1435547
2007-11-30 00:00:00,1367.6096880849825,1401.8856201171875,1367.6096880849825,1401.8856201171875,989800,1387586386.7919922
2007-12-03 00:00:00,1401.8860314143963,1401.8860314143963,1364.1824951171875,1364.1824951171875,850000,1159555120.8496094
2007-12-04 00:00:00,1364.1823284865038,1364.1823284865038,1333.333984375,1333.333984375,824200,1098933869.921875
2007-12-05 00:00:00,1333.3338262939453,1371.037353515625,1333.3338262939453,1371.037353515625,1164200,1596161686.9628906
2007-12-06 00:00:00,1367.6100218813317,1374.4652099609375,1367.6100218813317,1374.4652099609375,803600,1104520242.7246094
2007-12-07 00:00:00,1398.4583188657407,1398.4583188657407,1388.175537109375,1388.175537109375,672400,933409231.1523438
2007-12-10 00:00:00,1384.7478299927943,1412.1685791015625,1384.7478299927943,1412.1685791015625,779800,1101209057.9833984
2007-12-11 00:00:00,1432.734271283935,1436.161865234375,1432.734271283935,1436.161865234375,821000,1179088891.3574219
2007-12-12 00:00:00,1429.3066221383901,1429.3066221383901,1425.8790283203125,1425.8790283203125,681000,971023618.2861328
2007-12-13 00:00:00,1425.8790512840346,1425.8790512840346,1384.7479248046875,1384.7479248046875,516800,715637727.5390625
2007-12-14 00:00:00,1384.747649838226,1384.747649838226,1357.326904296875,1357.326904296875,1302400,1767782560.15625
2007-12-17 00:00:00,1312.76832930247,1316.1959228515625,1312.76832930247,1316.1959228515625,574600,756286177.2705078
2007-12-18 00:00:00,1299.0582634232487,1329.9066126865978,1295.6306690606546,1305.9134521484375,786400,1026970338.7695312
2007-12-19 00:00:00,1309.3406603361432,1309.3406603361432,1302.4854736328125,1302.4854736328125,548400,714283033.7402344
2007-12-20 00:00:00,1302.4856740123819,1302.4856740123819,1271.6373291015625,1271.6373291015625,479800,610131590.5029297
2007-12-21 00:00:00,1271.6371885454064,1312.768310546875,1271.6371885454064,1312.768310546875,645200,846998113.9648438
2007-12-25 00:00:00,1309.340791293201,1326.478759765625,1309.340791293201,1326.478759765625,316800,420228471.09375
2007-12-26 00:00:00,1360.7548518394358,1377.892822265625,1353.8996636689599,1377.892822265625,679600,936415962.0117188
2007-12-27 00:00:00,1377.892767196311,1377.892767196311,1367.6099853515625,1367.6099853515625,224400,306891680.7128906
2007-12-28 00:00:00,1333.3341426605457,1340.1893310546875,1319.6237658722625,1340.1893310546875,243200,325934045.3125
2008-01-04 00:00:00,1295.6304981806506,1295.6304981806506,1216.7958382384418,1251.07177734375,630000,788175219.7265625
2008-01-07 00:00:00,1233.9337450484156,1233.9337450484156,1216.7957763671875,1216.7957763671875,856400,1042063902.8808594
2008-01-08 00:00:00,1216.7961086697048,1233.93408203125,1216.7961086697048,1233.93408203125,877200,1082406976.7578125
2008-01-09 00:00:00,1233.9337964327829,1271.6373291015625,1233.9337964327829,1271.6373291015625,1031800,1312075396.1669922
2008-01-10 00:00:00,1271.6371976412258,1271.6371976412258,1247.64404296875,1247.64404296875,612800,764556269.53125
2008-01-11 00:00:00,1247.6441816689312,1247.6441816689312,1182.5198974609375,1182.5198974609375,1084800,1282797584.765625
2008-01-15 00:00:00,1182.5196489081327,1182.5196489081327,1137.9609375,1137.9609375,712800,811138556.25
2008-01-16 00:00:00,1103.6849557976973,1120.8229209498354,1031.705502158717,1041.98828125,1303400,1358127525.78125
2008-01-17 00:00:00,1045.4160425853145,1117.3955078125,1045.4160425853145,1117.3955078125,1275600,1425349709.765625
2008-01-18 00:00:00,1117.3958271825036,1179.092529296875,1117.3958271825036,1179.092529296875,1323800,1560882690.2832031
2008-01-21 00:00:00,1179.0921324738777,1179.0921324738777,1107.1126708984375,1107.1126708984375,698200,772986066.8212891
2008-01-22 00:00:00,1045.4161366608184,1055.698918332892,1011.1401977539064,1011.1401977539062,1137200,1149868632.8857422
2008-01-23 00:00:00,1017.9955601283483,1079.6922607421875,1017.9955601283483,1079.6922607421875,1253400,1353286279.6142578
2008-01-24 00:00:00,1079.6919153091756,1127.67822265625,1079.6919153091756,1127.67822265625,837600,944543279.296875
2008-01-25 00:00:00,1127.6785488667463,1213.368408203125,1127.6785488667463,1213.368408203125,845400,1025781652.2949219
2008-01-28 00:00:00,1199.6578650841345,1199.6578650841345,1113.968017578125,1113.968017578125,1078800,1201748697.3632812
2008-01-29 00:00:00,1113.9681001446338,1175.664794921875,1113.9681001446338,1175.664794921875,1337600,1572569229.6875
2008-01-30 00:00:00,1175.6645318639207,1175.6645318639207,1172.2369384765625,1172.2369384765625,1698200,1990692768.9208984
2008-01-31 00:00:00,1199.6578259414503,1220.223388671875,1199.6578259414503,1220.223388671875,965200,1177759614.7460938
2008-02-01 00:00:00,1236.830630990476,1240.7891845703125,1236.830630990476,1240.7891845703125,1181600,1466116500.4882812
2008-02-04 00:00:00,1285.3477231917843,1285.3477231917843,1275.06494140625,1275.06494140625,774200,987155277.6367188
2008-02-05 00:00:00,1275.0649363331981,1319.6236572265625,1275.0649363331981,1319.6236572265625,896000,1182382796.875
2008-02-06 00:00:00,1319.623875473485,1319.623875473485,1244.216796875,1244.216796875,1399600,1741405828.90625
2008-02-07 00:00:00,1244.2165895226883,1251.07177734375,1244.2165895226883,1251.07177734375,707600,885258389.6484375
2008-02-08 00:00:00,1251.071304813508,1251.071304813508,1168.80908203125,1168.80908203125,1284800,1501685908.59375
2008-02-12 00:00:00,1168.8093736049107,1199.65771484375,1168.8093736049107,1199.65771484375,783600,940051785.3515625
2008-02-13 00:00:00,1194.9191581276668,1206.5130615234375,1194.9191581276668,1206.5130615234375,833200,1005266682.8613281
2008-02-14 00:00:00,1247.644106941427,1281.9200439453125,1247.644106941427,1281.9200439453125,665400,852989597.2412109
2008-02-15 00:00:00,1237.3613723342485,1268.209716796875,1230.506184675887,1268.209716796875,974200,1235489906.1035156
2008-02-18 00:00:00,1271.6372606538678,1326.478759765625,1271.6372606538678,1326.478759765625,632200,838599871.9238281
2008-02-19 00:00:00,1320.576013525351,1412.1685791015625,1320.576013525351,1412.1685791015625,1853200,2617030810.7910156
2008-02-20 00:00:00,1405.313477857676,1405.313477857676,1292.202880859375,1292.202880859375,1906400,2463455572.0703125
2008-02-21 00:00:00,1344.6171748245706,1364.1824951171875,1344.6171748245706,1364.1824951171875,1665600,2272182363.8671875
2008-02-22 00:00:00,1364.1820058696817,1364.1820058696817,1299.0577392578125,1299.0577392578125,1120600,1455724102.6123047
2008-02-25 00:00:00,1304.1893402904718,1377.892822265625,1304.1893402904718,1377.892822265625,780000,1074756401.3671875
2008-02-26 00:00:00,1398.4583682395573,1398.4583682395573,1374.4652099609375,1374.4652099609375,626400,860965007.5195312
2008-02-27 00:00:00,1374.4651319550305,1405.3134765625,1374.4651319550305,1405.3134765625,865600,1216439345.3125
2008-02-28 00:00:00,1405.3132891712696,1415.5960693359375,1405.3132891712696,1415.5960693359375,735400,1041029349.3896484
2008-02-29 00:00:00,1415.596431337554,1415.596431337554,1391.603271484375,1391.603271484375,692600,963824425.8300781
2008-03-03 00:00:00,1391.6033112132955,1391.6033112132955,1305.9134521484375,1305.9134521484375,741200,967943050.7324219
2008-03-04 00:00:00,1300.75513717703,1309.3409423828125,1300.75513717703,1309.3409423828125,1010600,1323219956.3720703
2008-03-05 00:00:00,1309.3406603361432,1309.3406603361432,1302.4854736328125,1302.4854736328125,678800,884127139.5019531
2008-03-06 00:00:00,1302.4854758070928,1347.044189453125,1302.4854758070928,1347.044189453125,1065400,1435140879.4433594
2008-03-07 00:00:00,1347.0443824343088,1347.0443824343088,1292.202880859375,1292.202880859375,1053200,1360948074.1210938
2008-03-10 00:00:00,1292.2030787925937,1292.2030787925937,1213.368408203125,1213.368408203125,1154000,1400227143.0664062
2008-03-11 00:00:00,1213.3682331589032,1271.6373291015625,1213.3682331589032,1271.6373291015625,1271000,1616251045.288086
2008-03-12 00:00:00,1271.6370021275113,1343.616455078125,1271.6370021275113,1343.616455078125,1091400,1466422999.0722656
2008-03-13 00:00:00,1343.6171875,1343.6171875,1295.630859375,1295.630859375,1177600,1525734900.0
2008-03-14 00:00:00,1295.6304981806506,1295.6304981806506,1251.07177734375,1251.07177734375,1815600,2271445918.9453125
2008-03-17 00:00:00,1251.0716169084822,1251.0716169084822,1199.65771484375,1199.65771484375,1187600,1424713502.1484375
2008-03-18 00:00:00,1192.8023183811977,1227.0782470703125,1192.8023183811977,1227.0782470703125,993200,1218734114.9902344
2008-03-19 00:00:00,1227.0786913533198,1264.7822265625,1227.0786913533198,1264.7822265625,996400,1260229010.546875
2008-03-21 00:00:00,1264.782108571658,1333.333984375,1264.782108571658,1333.333984375,691400,921867116.796875
2008-03-24 00:00:00,1326.757149383882,1343.616455078125,1326.757149383882,1343.616455078125,662600,890280263.1347656
2008-03-25 00:00:00,1398.458251953125,1398.458251953125,1398.458251953125,1398.458251953125,1061600,1484603280.2734375
2008-03-26 00:00:00,1398.45815003034,1426.150390625,1398.45815003034,1426.150390625,1019200,1453532478.125
2008-03-27 00:00:00,1419.2275037650602,1436.53515625,1419.2275037650602,1436.53515625,934600,1342585757.03125
2008-03-28 00:00:00,1436.5350529375369,1464.227294921875,1436.5350529375369,1464.227294921875,1376400,2015362448.7304688
2008-03-31 00:00:00,1464.2272189670139,1464.2272189670139,1401.919677734375,1401.919677734375,878600,1231726628.8574219
2008-04-01 00:00:00,1401.9196272945637,1415.7657470703125,1401.9196272945637,1415.7657470703125,810000,1146770255.1269531
2008-04-02 00:00:00,1415.766140280331,1471.150634765625,1415.766140280331,1471.150634765625,743400,1093653381.8847656
2008-04-03 00:00:00,1474.6121486447892,1474.6121486447892,1467.6890869140625,1467.6890869140625,1014400,1488823809.765625
2008-04-04 00:00:00,1353.4583558563154,1353.4583558563154,1325.76611328125,1325.76611328125,2607200,3456537410.546875
2008-04-07 00:00:00,1336.150584059495,1349.9967041015625,1336.150584059495,1349.9967041015625,1506600,2033905034.399414
2008-04-08 00:00:00,1349.996571642287,1349.996571642287,1301.53515625,1301.53515625,717200,933461014.0625
2008-04-09 00:00:00,1304.9970703125,1304.9970703125,1304.9970703125,1304.9970703125,837600,1093065546.09375
2008-04-10 00:00:00,1298.0737993794103,1298.0737993794103,1287.689208984375,1287.689208984375,883000,1137029571.5332031
2008-04-11 00:00:00,1287.689140625,1298.07373046875,1287.689140625,1298.07373046875,1090600,1415679210.4492188
2008-04-14 00:00:00,1294.6123212731402,1294.6123212731402,1273.8431396484375,1273.8431396484375,634400,808126087.7929688
2008-04-15 00:00:00,1277.3046699192212,1277.3046699192212,1273.8431396484375,1273.8431396484375,731000,931179335.0830078
2008-04-16 00:00:00,1273.8431415657724,1322.3045654296875,1273.8431415657724,1322.3045654296875,747400,988290432.2021484
2008-04-17 00:00:00,1378.1885931988309,1388.07373046875,1378.1885931988309,1388.07373046875,1118600,1552699274.9023438
2008-04-18 00:00:00,1391.5352083905857,1391.5352083905857,1377.6890869140625,1377.6890869140625,692600,954187461.5966797
2008-04-21 00:00:00,1401.919834596226,1408.8428955078125,1401.919834596226,1408.8428955078125,493000,694559547.4853516
2008-04-22 00:00:00,1401.9199411492598,1401.9199411492598,1381.1507568359375,1381.1507568359375,449400,620689150.1220703
2008-04-23 00:00:00,1415.7660640248082,1415.7660640248082,1381.1507568359375,1381.1507568359375,696400,961833387.0605469
2008-04-24 00:00:00,1381.1506521606445,1384.6121826171875,1381.1506521606445,1384.6121826171875,727600,1007443824.0722656
2008-04-25 00:00:00,1457.304163675604,1457.304163675604,1450.3811035156248,1450.381103515625,1262000,1830380952.6367188
2008-04-28 00:00:00,1414.5343073748984,1414.5343073748984,1408.8428955078125,1408.8428955078125,861600,1213859038.7695312
2008-04-30 00:00:00,1408.842687182438,1415.7657470703125,1408.842687182438,1415.7657470703125,659600,933839086.7675781
2008-05-01 00:00:00,1415.7658180070557,1429.6119384765625,1415.7658180070557,1429.6119384765625,808400,1155698291.0644531
2008-05-02 00:00:00,1429.6119206993326,1429.6119206993326,1426.150390625,1426.150390625,1219800,1739618246.484375
2008-05-07 00:00:00,1438.20879272369,1438.20879272369,1436.53515625,1436.53515625,492600,707637217.96875
2008-05-08 00:00:00,1443.4583909614234,1446.919921875,1443.4583909614234,1446.919921875,538200,778732301.953125
2008-05-09 00:00:00,1443.4582737843396,1443.4582737843396,1374.2276611328125,1374.2276611328125,845200,1161497219.1894531
2008-05-12 00:00:00,1374.2276953981634,1381.1507568359375,1374.2276953981634,1381.1507568359375,727200,1004372830.3710938
2008-05-13 00:00:00,1388.0736435353015,1394.9967041015625,1388.0736435353015,1394.9967041015625,1142400,1593644234.765625
2008-05-14 00:00:00,1398.4584104303729,1398.4584104303729,1381.1507568359375,1381.1507568359375,1331800,1839416577.9541016
2008-05-15 00:00:00,1377.6890526859104,1394.9967041015625,1377.6890526859104,1394.9967041015625,1061800,1481207500.415039
2008-05-16 00:00:00,1398.4582691288474,1398.4582691288474,1377.6890869140625,1377.6890869140625,733800,1010948251.9775391
2008-05-19 00:00:00,1367.3043391680476,1370.765869140625,1367.3043391680476,1370.765869140625,577600,791754366.015625
2008-05-20 00:00:00,1363.8430692350835,1374.2276611328125,1363.8430692350835,1374.2276611328125,1014800,1394566230.5175781
2008-05-21 00:00:00,1391.535173818432,1394.9967041015625,1391.535173818432,1394.9967041015625,1197200,1670090054.1503906
2008-05-22 00:00:00,1394.9969987540408,1505.7659912109375,1394.9969987540408,1505.7659912109375,2802000,4219156307.373047
2008-05-23 00:00:00,1568.0730339972527,1574.99609375,1568.0730339972527,1574.99609375,2157000,3397266574.21875
2008-05-26 00:00:00,1574.9959921180655,1574.9959921180655,1509.2269287109375,1509.2269287109375,1033800,1560238798.9013672
2008-05-27 00:00:00,1512.688397463127,1543.8421630859375,1512.688397463127,1543.8421630859375,806000,1244336783.4472656
2008-05-28 00:00:00,1533.457763671875,1533.457763671875,1533.457763671875,1533.457763671875,940400,1442063680.9570312
2008-05-29 00:00:00,1533.4575400516906,1606.149658203125,1533.4575400516906,1606.149658203125,896800,1440395013.4765625
2008-05-30 00:00:00,1606.1499201948923,1609.6114501953125,1606.1499201948923,1609.6114501953125,778600,1253243475.1220703
2008-06-02 00:00:00,1609.6113372993868,1658.0727539062502,1609.6113372993868,1658.07275390625,987600,1637512651.7578125
2008-06-03 00:00:00,1658.072836758228,1658.072836758228,1626.9190673828125,1626.9190673828125,914200,1487329411.4013672
2008-06-04 00:00:00,1626.9192070768645,1630.3807373046875,1626.9192070768645,1630.3807373046875,895000,1459190759.8876953
2008-06-05 00:00:00,1630.3803894560217,1633.8419189453125,1630.3803894560217,1633.8419189453125,579400,946648007.8369141
2008-06-06 00:00:00,1633.8419917771796,1647.6881103515625,1633.8419917771796,1647.6881103515625,687200,1132291269.4335938
2008-06-09 00:00:00,1595.7651677717242,1595.7651677717242,1578.45751953125,1578.45751953125,875400,1381781712.5976562
2008-06-10 00:00:00,1578.457762040646,1578.457762040646,1554.22705078125,1554.22705078125,975000,1515371374.5117188
2008-06-11 00:00:00,1554.2269068434666,1554.2269068434666,1526.53466796875,1526.53466796875,1277800,1950605998.7304688
2008-06-12 00:00:00,1481.5347759756626,1502.303955078125,1481.5347759756626,1502.303955078125,845600,1270348224.4140625
2008-06-13 00:00:00,1502.3040593876299,1502.3040593876299,1498.842529296875,1498.842529296875,1542400,2311814717.1875
2008-06-16 00:00:00,1498.8424290940336,1526.53466796875,1498.8424290940336,1526.53466796875,583800,891190939.1601562
2008-06-17 00:00:00,1526.534877073249,1526.534877073249,1519.61181640625,1519.61181640625,366200,556481847.1679688
2008-06-18 00:00:00,1519.6115457403685,1561.14990234375,1519.6115457403685,1561.14990234375,505200,788692930.6640625
2008-06-19 00:00:00,1533.4576362819846,1533.4576362819846,1509.2269287109375,1509.2269287109375,733800,1107470720.288086
2008-06-20 00:00:00,1509.2275265132157,1509.2275265132157,1481.5352783203127,1481.5352783203125,666600,987591416.5283203
2008-06-23 00:00:00,1453.8429802389705,1471.150634765625,1453.8429802389705,1471.150634765625,458800,674963911.2304688
2008-06-24 00:00:00,1471.1504081045516,1474.6119384765625,1471.1504081045516,1474.6119384765625,403400,594858455.9814453
2008-06-25 00:00:00,1474.6121691836124,1474.6121691836124,1446.919921875,1446.919921875,721400,1043808031.640625
2008-06-26 00:00:00,1446.9200854679507,1446.9200854679507,1353.458740234375,1353.458740234375,2302800,3116744787.0117188
2008-06-27 00:00:00,1353.4583388772292,1353.4583388772292,1346.5352783203125,1346.5352783203125,2066600,2782749806.176758
2008-06-30 00:00:00,1346.5351497395834,1346.5351497395834,1298.07373046875,1298.07373046875,1448200,1879870376.4648438
2008-07-01 00:00:00,1298.07373046875,1298.07373046875,1298.07373046875,1298.07373046875,1158800,1504207838.8671875
2008-07-02 00:00:00,1298.0738137757878,1298.0738137757878,1242.6893310546875,1242.6893310546875,2585600,3213097534.375
2008-07-03 00:00:00,1242.6894714528373,1242.6894714528373,1221.9202880859375,1221.9202880859375,1844000,2253221011.2304688
2008-07-04 00:00:00,1221.9203564726672,1235.7664794921875,1221.9203564726672,1235.7664794921875,859000,1061523405.8837891
2008-07-07 00:00:00,1235.7662707145498,1242.6893310546875,1235.7662707145498,1242.6893310546875,883400,1097791755.053711
2008-07-08 00:00:00,1218.4586343930637,1218.4586343930637,1197.689453125,1197.689453125,982000,1176131042.96875
2008-07-09 00:00:00,1197.689453125,1197.689453125,1197.689453125,1197.689453125,1060600,1270269433.984375
2008-07-10 00:00:00,1197.689558582193,1197.689558582193,1169.997314453125,1169.997314453125,1472000,1722236046.875
2008-07-11 00:00:00,1194.2279052734375,1194.2279052734375,1194.2279052734375,1194.2279052734375,1551800,1853202863.4033203
2008-07-14 00:00:00,1194.2280789079337,1204.6126708984375,1194.2280789079337,1204.6126708984375,876200,1055481622.2412109
2008-07-15 00:00:00,1180.3819751404878,1183.843505859375,1180.3819751404878,1183.843505859375,1113800,1318564896.8261719
2008-07-16 00:00:00,1183.8432645169235,1208.073974609375,1183.8432645169235,1208.073974609375,1353800,1635490546.8261719
2008-07-17 00:00:00,1208.074233453147,1235.7664794921875,1208.074233453147,1235.7664794921875,696200,860340623.0224609
2008-07-18 00:00:00,1235.766214715034,1235.766214715034,1208.073974609375,1208.073974609375,843600,1019131204.9804688
2008-07-22 00:00:00,1228.8434179824274,1239.2280102470677,1208.074233453147,1235.7664794921875,553800,684367476.3427734
2008-07-23 00:00:00,1249.6122548560575,1263.4583740234375,1249.6122548560575,1263.4583740234375,508600,642594929.0283203
2008-07-24 00:00:00,1284.2276106770832,1298.07373046875,1284.2276106770832,1298.07373046875,636000,825574892.578125
2008-07-25 00:00:00,1298.073690445697,1298.073690445697,1266.919921875,1266.919921875,917800,1162779104.296875
2008-07-28 00:00:00,1277.3048112563665,1277.3048112563665,1253.0740966796875,1253.0740966796875,627200,785928073.4375
2008-07-29 00:00:00,1190.766206781915,1190.766206781915,1138.84326171875,1138.84326171875,2431600,2769211275.1953125
2008-07-30 00:00:00,1138.8432732659417,1138.8432732659417,1024.61279296875,1024.61279296875,3235600,3315237152.9296875
2008-07-31 00:00:00,1024.6131222747092,1041.9207763671875,1024.6131222747092,1041.9207763671875,3073800,3202656082.397461
2008-08-01 00:00:00,1041.920654296875,1041.920654296875,993.459228515625,993.459228515625,2147000,2132956963.6230469
2008-08-04 00:00:00,993.459172905816,993.459172905816,934.6131591796876,934.6131591796875,1548000,1446781170.4101562
2008-08-05 00:00:00,934.6129700377747,944.99755859375,934.6129700377747,944.99755859375,1480400,1398974385.7421875
2008-08-06 00:00:00,944.9976113059304,989.9974975585938,944.9976113059304,989.9974975585938,2076600,2055828803.4301758
2008-08-07 00:00:00,972.6902797955086,979.6133422851562,972.6902797955086,979.6133422851562,1354600,1326984233.4594727
2008-08-08 00:00:00,958.8437432425362,969.2283325195312,958.8437432425362,969.2283325195312,1700200,1647882010.949707
2008-08-11 00:00:00,958.8437071875702,962.3052368164062,958.8437071875702,962.3052368164062,1329800,1279673503.918457
2008-08-12 00:00:00,962.3052498312558,962.3052498312558,941.5360717773438,941.5360717773438,1159600,1091805228.8330078
2008-08-13 00:00:00,941.5362196180556,941.5362196180556,934.6131591796876,934.6131591796875,839800,784888131.0791016
2008-08-14 00:00:00,934.6131495425576,934.6131495425576,920.7670288085938,920.7670288085938,1201600,1106393661.8164062
2008-08-15 00:00:00,920.7669001582831,931.1514892578126,920.7669001582831,931.1514892578125,904600,842319637.1826172
2008-08-18 00:00:00,931.1514585174783,948.4591064453125,931.1514585174783,948.4591064453125,625600,593356016.9921875
2008-08-19 00:00:00,948.4592520084021,948.4592520084021,917.3054809570312,917.3054809570312,762200,699170237.5854492
2008-08-20 00:00:00,917.3054986251028,920.7670288085938,917.3054986251028,920.7670288085938,686200,631830335.168457
2008-08-21 00:00:00,920.7671161998402,920.7671161998402,913.8440551757812,913.8440551757812,796800,728150943.1640625
2008-08-22 00:00:00,913.8441360828489,913.8441360828489,893.074951171875,893.074951171875,737000,658196239.0136719
2008-08-25 00:00:00,893.0748379539898,906.9209594726562,893.0748379539898,906.9209594726562,526600,477584577.2583008
2008-08-26 00:00:00,893.0748379539898,906.9209594726562,893.0748379539898,906.9209594726562,437400,396687227.67333984
2008-08-27 00:00:00,886.1513861867704,889.6129150390624,886.1513861867704,889.6129150390625,806400,717383854.6875
2008-08-28 00:00:00,889.6134578418355,889.6134578418355,875.767333984375,875.767333984375,655000,573627603.7597656
2008-08-29 00:00:00,889.6133161272321,896.536376953125,889.6133161272321,896.536376953125,831200,745201036.5234375
2008-09-01 00:00:00,896.5363683336564,906.9209594726562,896.5363683336564,906.9209594726562,1094000,992171529.6630859
2008-09-02 00:00:00,906.9209956054688,906.9209956054688,865.3826293945314,865.3826293945312,887200,767767468.7988281
2008-09-03 00:00:00,865.3825535067133,910.3824462890624,865.3825535067133,910.3824462890625,1688800,1537453875.2929688
2008-09-04 00:00:00,910.3824107436842,910.3824107436842,903.4593505859375,903.4593505859375,961000,868224435.9130859
2008-09-05 00:00:00,854.9979682240061,854.9979682240061,851.5364379882812,851.5364379882812,1238800,1054883339.3798828
2008-09-08 00:00:00,851.5362727133077,924.2283935546875,851.5362727133077,924.2283935546875,1083400,1001309041.5771484
2008-09-09 00:00:00,924.228547219669,924.228547219669,882.690185546875,882.690185546875,977600,862917925.390625
2008-09-10 00:00:00,865.3826293945314,868.8441599121095,854.998037841797,865.3826293945312,934200,808440452.3803711
2008-09-11 00:00:00,865.3825589311801,865.3825589311801,851.5364379882812,851.5364379882812,616800,525227674.9511719
2008-09-12 00:00:00,851.5364815848214,872.3056640625,851.5364815848214,872.3056640625,1406200,1226636224.8046875
2008-09-16 00:00:00,872.3054701861213,872.3054701861213,823.8440551757812,823.8440551757812,1047800,863223801.0131836
2008-09-17 00:00:00,820.3827433442865,820.3827433442865,806.53662109375,806.53662109375,1185400,956068510.6445312
2008-09-18 00:00:00,806.5363585373451,806.5363585373451,803.0748291015625,803.0748291015625,705200,566328369.4824219
2008-09-19 00:00:00,803.0749501913905,861.9209594726562,803.0749501913905,861.9209594726562,676000,582658568.6035156
2008-09-22 00:00:00,861.9210728236607,896.536376953125,861.9210728236607,896.536376953125,575200,515687724.0234375
2008-09-24 00:00:00,879.228515625,879.228515625,879.228515625,879.228515625,620800,545825062.5
2008-09-25 00:00:00,879.2284867894931,893.296142578125,879.2284867894931,893.296142578125,439200,392335665.8203125
2008-09-26 00:00:00,893.2962021246188,893.2962021246188,865.160888671875,865.160888671875,504600,436560184.4238281
2008-09-29 00:00:00,865.1609889620073,865.1609889620073,847.576416015625,847.576416015625,519200,440061675.1953125
2008-09-30 00:00:00,847.5764067382812,879.2286376953125,847.5764067382812,879.2286376953125,1795400,1578567096.118164
2008-10-01 00:00:00,879.2288456863599,879.2288456863599,819.4412841796875,819.4412841796875,1415800,1160164970.1416016
2008-10-02 00:00:00,819.4410799893466,819.4410799893466,773.72119140625,773.72119140625,1567600,1212885339.6484375
2008-10-03 00:00:00,731.5183440563725,731.5183440563725,717.45068359375,717.45068359375,883000,633508953.6132812
2008-10-06 00:00:00,717.4506519693167,717.4506519693167,678.7645874023438,678.7645874023438,695200,471877141.1621094
2008-10-07 00:00:00,626.0109000021582,636.5616455078125,626.0109000021582,636.5616455078125,840800,535221031.54296875
2008-10-08 00:00:00,636.5615605893342,636.5615605893342,566.2232666015625,566.2232666015625,1103200,624657507.7148438
2008-10-09 00:00:00,569.740080628214,569.740080628214,555.6724243164062,555.6724243164062,1348200,749157562.4633789
2008-10-10 00:00:00,555.6724433051215,555.6724433051215,474.7834167480469,474.7834167480469,1529000,725943844.2077637
2008-10-14 00:00:00,615.460205078125,615.460205078125,576.7741350446429,590.841796875,1303800,770339534.765625
2008-10-15 00:00:00,590.8415674416416,590.8415674416416,583.8077392578125,583.8077392578125,942400,550180413.4765625
2008-10-16 00:00:00,583.8078647426792,583.8078647426792,502.9188232421875,502.9188232421875,1195400,601189161.3037109
2008-10-17 00:00:00,502.9187916865965,516.9864501953125,502.9187916865965,516.9864501953125,884400,457222816.5527344
2008-10-20 00:00:00,516.9863715114363,583.8077392578125,516.9863715114363,583.8077392578125,1794400,1047584607.3242188
2008-10-21 00:00:00,583.8079179795408,636.5616455078125,583.8079179795408,636.5616455078125,1397600,889658555.7617188
2008-10-22 00:00:00,636.5615516945168,636.5615516945168,569.7401733398438,569.7401733398438,994400,566549628.3691406
2008-10-23 00:00:00,569.7401275634766,569.7401275634766,534.5709838867188,534.5709838867188,1386200,741022297.8637695
2008-10-24 00:00:00,534.5709581163194,534.5709581163194,474.7834167480469,474.7834167480469,803200,381346040.33203125
2008-10-27 00:00:00,474.78346435546877,474.78346435546877,439.61431884765625,439.61431884765625,1189800,523053116.5649414
2008-10-28 00:00:00,439.6144248343803,520.5034790039062,439.6144248343803,520.5034790039062,1372400,714338974.5849609
2008-10-29 00:00:00,520.5035039553852,559.1895751953125,520.5035039553852,559.1895751953125,1226400,685790095.0195312
2008-10-30 00:00:00,611.9431762695312,611.9431762695312,611.9431762695312,611.9431762695312,874800,535327890.60058594
2008-10-31 00:00:00,509.95274135044644,555.6726422991071,492.3681640625,492.3681640625,2495000,1228458569.3359375
2008-11-04 00:00:00,498.51885444316747,499.4019470214843,498.51885444316747,499.4019470214844,2179200,1088296722.9492188
2008-11-05 00:00:00,499.401802852236,509.9525451660156,499.401802852236,509.9525451660156,2154200,1098539772.7966309
2008-11-06 00:00:00,509.9525352146315,509.9525352146315,485.3341369628907,485.3341369628906,1574000,763915931.5795898
2008-11-07 00:00:00,485.3341247078002,485.3341247078002,446.6480712890625,446.6480712890625,1919400,857296308.0322266
2008-11-10 00:00:00,446.6483096057222,460.7159729003906,446.6483096057222,460.7159729003906,1869400,861262439.7399902
2008-11-11 00:00:00,460.7158983807231,460.7158983807231,453.68206787109375,453.68206787109375,1396800,633703112.4023438
2008-11-12 00:00:00,453.681872758709,453.681872758709,429.0634765625,429.0634765625,1867400,801233136.1328125
2008-11-13 00:00:00,429.063459777832,429.063459777832,422.0296325683594,422.0296325683594,1217200,513694468.76220703
2008-11-14 00:00:00,422.0297536542339,436.097412109375,422.0297536542339,436.097412109375,1099400,479445494.8730469
2008-11-17 00:00:00,436.09729290008545,450.1649475097656,436.09729290008545,450.1649475097656,764200,344016052.8869629
2008-11-18 00:00:00,450.1649475097656,450.1649475097656,450.1649475097656,450.1649475097656,1757600,791209911.7431641
2008-11-19 00:00:00,450.1649590163935,450.1649590163935,429.0634765625,429.0634765625,922400,395768150.78125
2008-11-20 00:00:00,429.0636907506872,429.0636907506872,379.8268737792969,379.8268737792969,400,151930.74951171875
2008-11-21 00:00:00,379.8268826208382,379.8268826208382,376.3099670410156,376.3099670410156,2174000,818097868.347168
2008-11-25 00:00:00,376.30976188082656,418.5127258300781,376.30976188082656,418.5127258300781,1169200,489325079.04052734
2008-11-26 00:00:00,418.5128176481827,418.5128176481827,404.4451599121094,404.4451599121094,721000,291604960.29663086
2008-11-27 00:00:00,404.4450711803276,418.5127258300781,404.4450711803276,418.5127258300781,872400,365110502.01416016
2008-11-28 00:00:00,418.5128390404486,436.097412109375,418.5128390404486,436.097412109375,818000,356727683.10546875
2008-12-01 00:00:00,436.0974705361912,436.0974705361912,411.47906494140625,411.47906494140625,864000,355517912.109375
2008-12-02 00:00:00,386.8607047752098,390.37762027316626,379.8268737792969,379.8268737792969,982400,373141920.80078125
2008-12-03 00:00:00,393.89441661005435,411.47898878014604,390.377502176036,404.4451599121094,1246000,503938669.2504883
2008-12-04 00:00:00,404.44527302313287,404.44527302313287,383.3437805175781,383.3437805175781,802200,307518380.7312012
2008-12-05 00:00:00,383.34378927725334,383.34378927725334,379.8268737792969,379.8268737792969,655200,248862567.7001953
2008-12-08 00:00:00,379.8267372532895,400.92822265625,379.8267372532895,400.92822265625,427600,171436908.0078125
2008-12-09 00:00:00,400.9281642073292,414.9958190917969,400.9281642073292,414.9958190917969,651400,270328276.5563965
2008-12-10 00:00:00,414.99592442666335,436.097412109375,414.99592442666335,436.097412109375,6800,2965462.40234375
2008-12-11 00:00:00,450.1651526162791,453.68206787109375,450.1651526162791,453.68206787109375,951200,431542382.9589844
2008-12-12 00:00:00,453.68189918337845,453.68189918337845,446.6480712890625,446.6480712890625,1595800,712760992.1630859
2008-12-15 00:00:00,439.6143174709234,467.7496337890625,439.6143174709234,467.7496337890625,719000,336311986.69433594
2008-12-16 00:00:00,467.7495667830758,485.3341369628907,467.7495667830758,485.3341369628906,1239000,601328995.6970215
2008-12-17 00:00:00,485.33426372821515,485.33426372821515,457.1989440917969,457.1989440917969,1082200,494780697.2961426
2008-12-18 00:00:00,457.1989440917969,457.1989440917969,457.1989440917969,457.1989440917969,901400,412119128.2043457
2008-12-19 00:00:00,457.1988901697604,467.7496337890625,457.1988901697604,467.7496337890625,895200,418729472.16796875
2008-12-22 00:00:00,467.74964074527514,478.3003845214844,467.74964074527514,478.3003845214844,1340800,641305155.5664062
2008-12-24 00:00:00,478.300256729126,478.300256729126,450.1649475097656,450.1649475097656,836200,376427929.107666
2008-12-25 00:00:00,460.7159729003906,460.7159729003906,460.7159729003906,460.7159729003906,1038400,478407466.2597656
2008-12-26 00:00:00,464.2326354980468,464.2326354980468,460.7157215927586,464.2326354980469,428800,199062954.1015625
2008-12-29 00:00:00,471.2665483288299,471.2665483288299,467.7496337890625,467.7496337890625,322000,150615382.08007812
2008-12-30 00:00:00,460.71580470952773,471.2665483288299,460.71580470952773,467.7496337890625,200800,93924126.46484375
2009-01-05 00:00:00,481.81732177734375,488.8511512923415,474.78349226234604,481.81732177734375,237000,114190705.26123047
2009-01-06 00:00:00,488.8510509988536,488.8510509988536,485.3341369628907,485.3341369628906,1078600,523481400.1281738
2009-01-07 00:00:00,485.33420393770973,524.020263671875,485.33420393770973,524.020263671875,1745600,914729772.265625
2009-01-08 00:00:00,524.0202252113656,524.0202252113656,513.469482421875,513.469482421875,1292000,663402571.2890625
2009-01-09 00:00:00,495.88503190161475,499.4019470214843,495.88503190161475,499.4019470214844,952800,475830175.1220703
2009-01-13 00:00:00,499.401864646969,499.401864646969,467.7496337890625,467.7496337890625,949600,444175052.24609375
2009-01-14 00:00:00,467.7498683644764,471.26678466796875,467.7498683644764,471.26678466796875,840800,396241112.5488281
2009-01-15 00:00:00,471.2664294242859,471.2664294242859,450.1649475097656,450.1649475097656,1098200,494371145.3552246
2009-01-16 00:00:00,450.1649475097656,450.1649475097656,450.1649475097656,450.1649475097656,687400,309443384.9182129
2009-01-19 00:00:00,450.1650625,450.1650625,439.61431884765625,439.61431884765625,1329200,584335352.6123047
2009-01-20 00:00:00,439.6142078047039,439.6142078047039,418.5127258300781,418.5127258300781,1292200,540802144.317627
2009-01-21 00:00:00,418.51279382538377,418.51279382538377,400.92822265625,400.92822265625,2437800,977382821.1914062
2009-01-22 00:00:00,397.411376953125,400.92829179341817,397.411376953125,397.411376953125,585000,232485655.51757812
2009-01-23 00:00:00,397.41133922230114,397.41133922230114,386.860595703125,386.860595703125,503000,194590879.63867188
2009-01-26 00:00:00,386.8607047752098,386.8607047752098,379.8268737792969,379.8268737792969,887400,337058367.79174805
2009-01-27 00:00:00,379.82675887398096,404.4451599121094,379.82675887398096,404.4451599121094,593200,239916868.85986328
2009-01-28 00:00:00,404.44516823508525,404.44516823508525,386.860595703125,386.860595703125,783200,302989218.5546875
2009-01-29 00:00:00,386.860565720943,400.92822265625,386.860565720943,400.92822265625,909000,364443754.39453125
2009-01-30 00:00:00,400.92835760554044,400.92835760554044,383.3437805175781,383.3437805175781,582400,223259417.7734375
2009-02-02 00:00:00,383.343681196733,386.860595703125,383.343681196733,386.860595703125,602600,233122194.97070312
2009-02-03 00:00:00,386.860565720943,400.92822265625,386.860565720943,400.92822265625,873000,350010338.37890625
2009-02-04 00:00:00,400.9281779322131,407.9620056152344,400.9281779322131,407.9620056152344,1251400,510523653.8269043
2009-02-05 00:00:00,407.96214985643695,411.47906494140625,407.96214985643695,411.47906494140625,565400,232650263.3178711
2009-02-06 00:00:00,411.47890537067997,414.9958190917969,411.47890537067997,414.9958190917969,961000,398810982.1472168
2009-02-09 00:00:00,414.9959511545907,414.9959511545907,397.411376953125,397.411376953125,817800,325003024.0722656
2009-02-10 00:00:00,457.1987865010246,467.7495277279713,407.9619941086066,429.0634765625,468000,200801707.03125
2009-02-12 00:00:00,411.4789890598607,411.4789890598607,390.37750244140625,390.37750244140625,544800,212677663.33007812
2009-02-13 00:00:00,390.377502176036,404.4451599121094,390.377502176036,404.4451599121094,1064000,430329650.1464844
2009-02-16 00:00:00,404.44516823508525,404.44516823508525,386.860595703125,386.860595703125,1112600,430421098.7792969
2009-02-17 00:00:00,386.86071378048337,386.86071378048337,376.3099670410156,376.3099670410156,1007200,379019398.80371094
2009-02-18 00:00:00,376.3099451604879,376.3099451604879,372.79302978515625,372.79302978515625,814400,303602643.45703125
2009-02-19 00:00:00,372.7928582763672,372.7928582763672,351.6913757324219,351.6913757324219,1129400,397200239.75219727
2009-02-20 00:00:00,351.69145233777107,351.69145233777107,344.6576232910156,344.6576232910156,1124000,387395168.57910156
2009-02-23 00:00:00,344.65767304793644,344.65767304793644,323.5561828613281,323.5561828613281,1470600,475821722.51586914
2009-02-24 00:00:00,323.55620857838835,323.55620857838835,313.0054626464844,313.0054626464844,1260000,394386882.9345703
2009-02-25 00:00:00,313.00537872314453,313.00537872314453,309.48846435546875,309.48846435546875,1816600,562216744.3481445
2009-02-26 00:00:00,309.48854242369185,309.48854242369185,302.4547119140625,302.4547119140625,784200,237184985.0830078
2009-02-27 00:00:00,302.4547167145804,313.0054626464844,302.4547167145804,313.0054626464844,860200,269247298.96850586
2009-03-02 00:00:00,313.00537872314453,313.00537872314453,309.48846435546875,309.48846435546875,618200,191325768.66455078
2009-03-03 00:00:00,309.48846435546875,309.48846435546875,309.48846435546875,309.48846435546875,771200,238677503.7109375
2009-03-04 00:00:00,309.48846435546875,309.48846435546875,309.48846435546875,309.48846435546875,1181600,365691569.4824219
2009-03-05 00:00:00,309.48846435546875,309.48846435546875,309.48846435546875,309.48846435546875,905800,280334651.0131836
2009-03-06 00:00:00,309.4884880514706,309.4884880514706,298.937744140625,298.937744140625,1023400,305932887.3535156
2009-03-09 00:00:00,298.93769781273534,298.93769781273534,291.90386962890625,291.90386962890625,658400,192189507.76367188
2009-03-10 00:00:00,291.9038684700109,291.9038684700109,277.8362121582031,277.8362121582031,1165800,323901456.1340332
2009-03-11 00:00:00,277.8362121582031,277.8362121582031,277.8362121582031,277.8362121582031,1396800,388081621.1425781
2009-03-12 00:00:00,277.83625736943,284.8700866699219,277.83625736943,284.8700866699219,1815600,517210129.35791016
2009-03-13 00:00:00,284.87004144507716,291.90386962890625,284.87004144507716,291.90386962890625,1747800,510189583.33740234
2009-03-16 00:00:00,291.90389251708984,309.48846435546875,291.90389251708984,309.48846435546875,1322400,409267545.2636719
2009-03-17 00:00:00,309.48852273692256,323.5561828613281,309.48852273692256,323.5561828613281,1329600,430200300.7324219
2009-03-18 00:00:00,323.55622636510975,330.5900573730469,323.55622636510975,330.5900573730469,1133200,374624653.0151367
2009-03-19 00:00:00,330.5900573730469,330.5900573730469,330.5900573730469,330.5900573730469,790800,261430617.37060547
2009-03-23 00:00:00,330.5899651975048,344.6576232910156,330.5899651975048,344.6576232910156,1185800,408695009.6984863
2009-03-24 00:00:00,344.65772682261246,376.3099670410156,344.65772682261246,376.3099670410156,1557400,586065142.6696777
2009-03-25 00:00:00,386.8606593466213,411.47906494140625,386.8606593466213,411.47906494140625,1701000,699925889.465332
2009-03-26 00:00:00,426.044548526887,451.5343933105469,426.044548526887,451.5343933105469,2032000,917517887.2070312
2009-03-27 00:00:00,451.53439981429307,451.53439981429307,444.2515869140625,444.2515869140625,1740200,773086611.5478516
2009-03-30 00:00:00,444.25161475466007,444.25161475466007,415.120361328125,415.120361328125,965800,400923244.9707031
2009-03-31 00:00:00,415.12035448797815,422.4031677246094,415.12035448797815,422.4031677246094,1002200,423332454.6936035
2009-04-01 00:00:00,422.40322447217204,440.6102600097656,422.40322447217204,440.6102600097656,976600,430299979.9255371
2009-04-02 00:00:00,440.6103738001151,469.74163818359375,440.6103738001151,469.74163818359375,1566800,735991198.7060547
2009-04-03 00:00:00,469.7417187872734,477.0245361328125,469.7417187872734,477.0245361328125,2108000,1005567722.1679688
2009-04-06 00:00:00,487.9485283745659,491.5899353027343,487.9485283745659,491.5899353027344,1343000,660205283.1115723
2009-04-07 00:00:00,491.5902311410477,491.5902311410477,487.9488220214844,487.9488220214844,606200,295794575.9094238
2009-04-08 00:00:00,469.7414310485359,469.7414310485359,462.4586181640625,462.4586181640625,822200,380233475.8544922
2009-04-09 00:00:00,491.5899467468262,495.2313537597656,491.5899467468262,495.2313537597656,879200,435407406.22558594
2009-04-10 00:00:00,509.7969477227394,513.4383544921875,509.7969477227394,513.4383544921875,1198800,615509899.3652344
2009-04-13 00:00:00,531.6454690469278,538.9282836914062,531.6454690469278,538.9282836914062,1265800,682175421.496582
2009-04-14 00:00:00,531.6454354121768,531.6454354121768,528.0040283203125,528.0040283203125,974600,514592726.00097656
2009-04-15 00:00:00,528.0040088598279,528.0040088598279,502.51416015625,502.51416015625,916800,460704982.03125
2009-04-16 00:00:00,502.51416015625,502.51416015625,502.51416015625,502.51416015625,1020000,512564443.359375
2009-04-17 00:00:00,502.5141341838431,513.4383544921875,502.5141341838431,513.4383544921875,642200,329730111.2548828
2009-04-20 00:00:00,546.2111095454069,546.2111095454069,542.5697021484375,542.5697021484375,4357400,2364193220.1416016
2009-04-21 00:00:00,542.5696910136454,542.5696910136454,538.9282836914062,538.9282836914062,1427800,769481803.4545898
2009-04-22 00:00:00,542.5696763114695,593.5493774414062,542.5696763114695,593.5493774414062,4456600,2645212155.505371
2009-04-23 00:00:00,593.5493536480402,644.529052734375,593.5493536480402,644.529052734375,4272000,2753428113.28125
2009-04-24 00:00:00,642.724468992587,684.5846557617188,642.724468992587,684.5846557617188,5088600,3483577479.309082
2009-04-27 00:00:00,682.736274785787,682.736274785787,648.1705932617188,648.1705932617188,3447600,2234632937.3291016
2009-04-28 00:00:00,648.1705600400514,648.1705600400514,575.3424072265625,575.3424072265625,2357400,1356312190.7958984
2009-04-30 00:00:00,575.3422902124167,615.3977661132812,575.3422902124167,615.3977661132812,1865000,1147716833.8012695
2009-05-01 00:00:00,615.3979800911837,626.3222045898438,615.3979800911837,626.3222045898438,1041400,652251943.8598633
2009-05-07 00:00:00,655.4532470703125,655.4532470703125,655.4532470703125,655.4532470703125,1615400,1058819175.3173828
2009-05-08 00:00:00,648.1704598119703,648.1704598119703,644.529052734375,644.529052734375,1326200,854774429.7363281
2009-05-11 00:00:00,644.529052734375,644.529052734375,644.529052734375,644.529052734375,1213000,781813740.9667969
2009-05-12 00:00:00,646.5590845635483,646.5590845635483,633.6047973632812,633.6047973632812,811400,514106932.5805664
2009-05-13 00:00:00,626.321986813517,626.321986813517,615.3977661132812,615.3977661132812,862800,530965192.60253906
2009-05-14 00:00:00,615.3978612674689,615.3978612674689,586.2666015625,586.2666015625,786000,460805548.828125
2009-05-15 00:00:00,586.2666476065652,622.6807250976562,586.2666476065652,622.6807250976562,811600,505367676.4892578
2009-05-18 00:00:00,622.6807181880159,622.6807181880159,578.9838256835938,578.9838256835938,1257400,728014262.4145508
2009-05-19 00:00:00,578.9838039130922,578.9838039130922,571.7009887695312,571.7009887695312,994400,568499463.2324219
2009-05-20 00:00:00,571.700999585888,575.3424072265625,571.700999585888,575.3424072265625,724200,416662971.31347656
2009-05-21 00:00:00,575.3423683166503,582.6251831054688,575.3423683166503,582.6251831054688,461600,268939784.5214844
2009-05-22 00:00:00,582.6252225079114,582.6252225079114,575.3424072265625,575.3424072265625,625200,359704072.9980469
2009-05-25 00:00:00,575.3423853165064,575.3423853165064,568.0595703125,568.0595703125,696400,395596684.765625
2009-05-26 00:00:00,568.0595368030024,568.0595368030024,557.1353149414062,557.1353149414062,730800,407154488.1591797
2009-05-27 00:00:00,557.1352047610593,560.776611328125,557.1352047610593,560.776611328125,566000,317399562.01171875
2009-05-28 00:00:00,560.7767553084935,568.0595703125,560.7767553084935,568.0595703125,637000,361853946.2890625
2009-05-29 00:00:00,568.0594978578629,568.0594978578629,564.4180908203125,564.4180908203125,704200,397463219.55566406
2009-06-01 00:00:00,593.5494492693646,597.1908569335938,593.5494492693646,597.1908569335938,1072000,640188598.6328125
2009-06-02 00:00:00,597.190773292824,597.190773292824,589.907958984375,589.907958984375,1432800,845220123.6328125
2009-06-03 00:00:00,593.5494492693646,597.1908569335938,593.5494492693646,597.1908569335938,550400,328693847.65625
2009-06-04 00:00:00,578.9838039130922,578.9838039130922,571.7009887695312,571.7009887695312,1225600,700676731.8359375
2009-06-05 00:00:00,573.4501849847306,573.4501849847306,553.4938354492188,553.4938354492188,1634400,904630324.6582031
2009-06-08 00:00:00,557.1352422613846,557.1352422613846,553.4938354492188,553.4938354492188,1649000,912711334.6557617
2009-06-09 00:00:00,586.2665904998779,586.2665904998779,582.6251831054688,582.6251831054688,2774400,1616435308.0078125
2009-06-10 00:00:00,586.2666015625,586.2666015625,586.2666015625,586.2666015625,1726600,1012247914.2578125
2009-06-11 00:00:00,578.9837757110596,586.2665904998779,575.3423683166503,582.6251831054688,1094000,637391950.3173828
2009-06-12 00:00:00,589.9079702178393,600.83219188854,586.2665629942724,593.5493774414062,1724200,1023397836.5844727
2009-06-15 00:00:00,586.2665518301504,593.5493661385995,582.6251446759259,589.907958984375,665400,392524755.9082031
2009-06-16 00:00:00,560.776722228605,564.4181295158037,557.1353149414062,557.1353149414062,729800,406597352.8442383
2009-06-17 00:00:00,557.1353478064904,571.7009778145032,557.1353478064904,568.0595703125,835000,474329741.2109375
2009-06-18 00:00:00,549.8524286370529,553.4938354492188,546.2110218248869,553.4938354492188,667400,369401785.7788086
2009-06-19 00:00:00,538.9282454427083,546.2110595703125,538.9282454427083,546.2110595703125,1170600,639394666.3330078
2009-06-22 00:00:00,589.9080832345145,615.3979386829194,586.2666753133137,611.7565307617188,5374000,3287579596.3134766
2009-06-23 00:00:00,633.6048401244386,637.2462472515906,600.832175980071,608.114990234375,8753000,5322830509.521484
2009-06-24 00:00:00,600.8323069981166,619.0393466041202,600.8323069981166,611.7565307617188,2852400,1744974328.3447266
2009-06-25 00:00:00,619.0393466041202,633.604978288923,604.4737149193173,611.7565307617188,2464800,1507857497.0214844
2009-06-26 00:00:00,615.3978437943892,615.3978437943892,593.5493996360086,600.8322143554688,1722200,1034753239.5629883
2009-06-29 00:00:00,597.1908239518633,597.1908239518633,586.2666015625,586.2666015625,1053800,617807744.7265625
2009-06-30 00:00:00,589.9079978942871,593.5494052886962,578.9837757110596,582.6251831054688,735200,428346034.6191406
2009-07-01 00:00:00,578.9837866362577,597.1908239518633,571.7009717100156,586.2666015625,1253600,734943811.71875
2009-07-02 00:00:00,597.190864227103,604.4736796445067,571.7010102661901,578.9838256835938,1745400,1010558369.3481445
2009-07-03 00:00:00,568.0596025574882,578.9838256835938,560.7767871400845,578.9838256835938,850600,492483642.12646484
2009-07-06 00:00:00,571.7009440902011,575.3423513774,553.4939076542075,557.1353149414062,834200,464762279.7241211
2009-07-07 00:00:00,546.2110218248869,557.1352422613846,546.2110218248869,553.4938354492188,676200,374272531.5307617
2009-07-08 00:00:00,546.2110637796336,549.8524708714979,528.0040283203125,528.0040283203125,956600,505088653.49121094
2009-07-09 00:00:00,517.0799041748047,528.0041275024414,509.79708862304693,509.7970886230469,930800,474519130.09033203
2009-07-10 00:00:00,509.7969935062158,517.0798076991617,495.2313651203239,498.8727722167969,1074600,536088681.0241699
2009-07-13 00:00:00,495.2313242346291,502.5141378263148,447.8930358886719,447.8930358886719,1224000,548221075.9277344
2009-07-14 00:00:00,473.3829377826891,491.5899738512541,466.1001233552631,484.3071594238281,1446000,700308152.5268555
2009-07-15 00:00:00,502.51410929361975,528.0039554172092,498.8727027045356,524.362548828125,2807200,1471990547.0703125
2009-07-16 00:00:00,538.9283412879621,538.9283412879621,513.4384873081261,517.0798950195312,1358400,702401329.3945312
2009-07-17 00:00:00,520.7213119506837,520.7213119506837,502.5142730712891,509.7970886230469,520600,265400364.3371582
2009-07-21 00:00:00,524.3625837053571,535.2868041992188,513.4383632114955,535.2868041992188,1077000,576503888.1225586
2009-07-22 00:00:00,524.3626544024493,542.5696910136454,524.3626544024493,538.9282836914062,961000,517910080.6274414
2009-07-23 00:00:00,538.9282943725585,586.2665904998779,538.9282943725585,582.6251831054688,3208600,1869411162.512207
2009-07-24 00:00:00,586.2666301485858,593.5494454299347,568.0595919452136,575.3424072265625,2635800,1516487516.9677734
2009-07-27 00:00:00,586.2666411009975,586.2666411009975,571.7010102661901,578.9838256835938,785200,454618099.9267578
2009-07-28 00:00:00,575.3423963413118,575.3423963413118,564.4181736259703,571.7009887695312,670200,383154002.67333984
2009-07-29 00:00:00,564.4181736259703,582.6252114848726,560.7767660541899,571.7009887695312,895800,512129745.7397461
2009-07-30 00:00:00,582.6251446759259,589.907958984375,571.7009232132523,589.907958984375,972600,573744480.9082031
2009-07-31 00:00:00,597.1907576595444,604.4735717773438,589.9079435417451,604.4735717773438,1541200,931614668.8232422
2009-08-03 00:00:00,611.7564875905107,615.39789525474,593.5494492693646,597.1908569335938,1425600,851355285.6445312
2009-08-04 00:00:00,611.756397361527,611.756397361527,600.832175980071,608.114990234375,1173200,713440506.5429688
2009-08-05 00:00:00,600.8321804470486,604.4735876012732,586.2665518301504,589.907958984375,767200,452577386.1328125
2009-08-06 00:00:00,586.2666339409061,604.4736722620522,586.2666339409061,597.1908569335938,660200,394265403.7475586
2009-08-07 00:00:00,597.1908069957386,600.8322143554688,586.2665849165484,600.8322143554688,660600,396909760.80322266
2009-08-10 00:00:00,604.473497099035,622.6805301441866,600.8320904900046,619.0391235351562,1447000,895749611.7553711
2009-08-11 00:00:00,615.3977169261259,619.0391235351562,611.7563103170957,619.0391235351562,654800,405346818.0908203
2009-08-12 00:00:00,611.756501850329,629.9635405958744,608.1150941012198,622.6807250976562,1169800,728411912.2192383
2009-08-13 00:00:00,629.9634019252233,640.8876227678572,629.9634019252233,637.2462158203125,1500200,955996772.9736328
2009-08-14 00:00:00,648.1704332139757,655.4532470703125,640.8876193576389,655.4532470703125,1507400,988030224.6337891
2009-08-17 00:00:00,648.1704282139885,651.8118351140671,615.3977661132812,615.3977661132812,1075200,661675678.125
2009-08-18 00:00:00,604.4736863521107,622.6807250976562,600.8322786030017,622.6807250976562,607800,378465344.71435547
2009-08-19 00:00:00,655.453273967161,662.7360881223517,644.529052734375,644.529052734375,2832400,1825564088.9648438
2009-08-20 00:00:00,644.5290262858073,655.4532470703125,633.604805501302,655.4532470703125,1016800,666464861.6210938
2009-08-21 00:00:00,666.3776323982839,673.6604480529099,633.6049619524666,648.1705932617188,1912600,1239691076.6723633
2009-08-24 00:00:00,662.7361952639417,666.3776029302271,648.1705645988001,659.0947875976562,878600,579080680.3833008
2009-08-25 00:00:00,659.0946025233116,680.9430423859627,651.8117892357611,677.3016357421875,3458800,2342650897.705078
2009-08-26 00:00:00,680.9432028745994,713.7158703926282,680.9432028745994,710.074462890625,4912400,3488169791.5039062
2009-08-27 00:00:00,710.0745210193452,710.0745210193452,673.6604430183531,688.22607421875,1967800,1354291268.8476562
2009-08-28 00:00:00,677.3018079603041,691.8674382390203,673.660400390625,673.660400390625,1395800,940295186.8652344
2009-08-31 00:00:00,680.9432637075361,691.8674871894751,644.5291854344057,648.1705932617188,2015400,1306323013.659668
2009-09-02 00:00:00,651.8118142716871,677.3016617571722,651.8118142716871,666.37744140625,1592600,1061272713.1835938
2009-09-03 00:00:00,662.7362245709709,662.7362245709709,648.1705932617188,648.1705932617188,860400,557685978.4423828
2009-09-04 00:00:00,651.8118668895656,659.0946810447564,644.529052734375,644.529052734375,645400,415979050.6347656
2009-09-07 00:00:00,662.7360346226093,673.6602549735314,659.0946278389686,666.37744140625,1322200,881084253.0273438
2009-09-08 00:00:00,666.3776137802627,666.3776137802627,651.8119828779619,662.7362060546875,927000,614356463.0126953
2009-09-09 00:00:00,659.0947983291122,666.3776137802627,651.8119828779619,662.7362060546875,1291600,855990083.7402344
2009-09-10 00:00:00,666.3776170446517,688.2260635051321,666.3776170446517,684.5846557617188,1357600,929392128.6621094
2009-09-11 00:00:00,691.8674269966458,691.8674269966458,666.3775744230851,670.0189819335938,1680800,1126167904.8339844
2009-09-14 00:00:00,666.3774714006697,666.3774714006697,637.2462158203125,637.2462158203125,1044000,665285049.3164062
2009-09-15 00:00:00,644.5292454209439,648.1706535871639,626.3222045898438,626.3222045898438,953400,597135589.855957
2009-09-16 00:00:00,640.8877776070927,659.0948167436578,637.2463697797797,648.1705932617188,2025600,1312934353.7109375
2009-09-17 00:00:00,666.3776137802627,666.3776137802627,655.4533906035371,662.7362060546875,764000,506330461.42578125
2009-09-18 00:00:00,655.4533906035371,666.3776137802627,644.5291674268115,662.7362060546875,1066400,706741890.1367188
2009-09-21 00:00:00,662.7362060546875,662.7362060546875,662.7362060546875,662.7362060546875,0,0.0
2009-09-24 00:00:00,666.3776274181547,688.22607421875,666.3776274181547,688.22607421875,1276800,878727051.5625
2009-09-25 00:00:00,677.3016617571722,677.3016617571722,666.37744140625,666.37744140625,566600,377569458.30078125
2009-09-28 00:00:00,648.170424888874,648.170424888874,626.3219836004849,633.6047973632812,1044200,661610129.4067383
2009-09-29 00:00:00,651.8118553161621,659.094669342041,633.6048202514648,640.8876342773438,948600,607946009.8754883
2009-09-30 00:00:00,633.604828248541,637.2462353074407,597.1907576595444,604.4735717773438,1662800,1005118655.1513672
2009-10-01 00:00:00,600.8321611958165,600.8321611958165,564.4180908203125,564.4180908203125,1442400,814116654.1992188
2009-10-02 00:00:00,535.2869331791716,586.2666411009975,535.2869331791716,578.9838256835938,1956400,1132723956.5673828
2009-10-05 00:00:00,568.0595368030024,575.3423513774,553.4939076542075,557.1353149414062,997000,555463908.996582
2009-10-06 00:00:00,568.0594244622565,575.342237596388,560.776611328125,560.776611328125,711600,399048636.62109375
2009-10-07 00:00:00,571.7009609222412,589.9079978942871,571.7009609222412,582.6251831054688,1030800,600570038.7451172
2009-10-08 00:00:00,589.9079435417451,611.756385895143,582.6251294239457,604.4735717773438,978600,591537837.3413086
2009-10-09 00:00:00,611.756385895143,619.0392000129424,600.8321647184441,604.4735717773438,1068200,645698669.3725586
2009-10-13 00:00:00,615.3979386829194,619.0393466041202,608.115122840518,611.7565307617188,724200,443034079.5776367
2009-10-14 00:00:00,622.6805301441866,626.321936753217,600.8320904900046,619.0391235351562,920200,569639801.4770508
2009-10-15 00:00:00,629.963390481883,644.5290180074758,629.963390481883,633.6047973632812,657200,416405072.82714844
2009-10-16 00:00:00,640.8876111260776,640.8876111260776,626.3219836004849,633.6047973632812,533600,338091519.8730469
2009-10-19 00:00:00,626.3219949776786,640.8876227678572,619.0391810825894,637.2462158203125,505400,322064237.47558594
2009-10-20 00:00:00,644.5290297154019,644.5290297154019,633.6048088727679,637.2462158203125,319800,203791339.81933594
2009-10-21 00:00:00,633.6048088727679,640.8876227678572,629.9634019252233,637.2462158203125,400000,254898486.328125
2009-10-22 00:00:00,626.3220062255859,640.8876342773438,622.6805992126465,640.8876342773438,546800,350437358.42285156
2009-10-23 00:00:00,644.5290412902832,651.8118553161621,633.6048202514648,640.8876342773438,1839000,1178592359.4360352
2009-10-26 00:00:00,637.2463697797797,651.8120010890318,629.9635541251537,648.1705932617188,1279200,829139822.9003906
2009-10-27 00:00:00,648.1704598119703,651.8118668895656,637.2462385791843,644.529052734375,961200,619521325.4882812
2009-10-28 00:00:00,640.8875372561416,644.5289437178243,622.6805049477285,629.9633178710938,1011200,637018907.03125
2009-10-29 00:00:00,615.3977169261259,622.6805301441866,600.8320904900046,619.0391235351562,1124600,696171398.3276367
2009-10-30 00:00:00,637.2464290885039,640.8878372547239,615.3979800911837,626.3222045898438,1022800,640602350.8544922
2009-11-02 00:00:00,608.1149788362434,608.1149788362434,593.5493506006447,604.4735717773438,802800,485271383.42285156
2009-11-04 00:00:00,615.3977661132812,622.6805799134384,608.114952313124,615.3977661132812,1003800,617736277.6245117
2009-11-05 00:00:00,619.0392280063746,619.0392280063746,593.5493774414062,593.5493774414062,907600,538705414.9658203
2009-11-06 00:00:00,604.473599112107,608.1150063356738,593.5493774414062,593.5493774414062,812400,482199514.23339844
2009-11-09 00:00:00,586.2666411009975,589.9080488096993,575.3424179748919,578.9838256835938,840400,486578007.1044922
2009-11-10 00:00:00,582.6252333922956,589.9080488096993,578.9838256835938,578.9838256835938,557200,322609787.67089844
2009-11-11 00:00:00,578.9837375217014,589.907958984375,578.9837375217014,589.907958984375,851800,502483599.4628906
2009-11-12 00:00:00,589.907863864651,597.1906769987825,560.776611328125,560.776611328125,850000,476660119.62890625
2009-11-13 00:00:00,568.0595703125,571.7009778145032,560.7767553084935,568.0595703125,1188200,674968381.4453125
2009-11-16 00:00:00,575.3423513774,578.9837586645987,553.4939076542075,557.1353149414062,737000,410608727.1118164
2009-11-17 00:00:00,549.8525644221776,557.1353798449879,513.4384873081261,517.0798950195312,1377000,712019015.4418945
2009-11-18 00:00:00,520.7211949445199,528.0040088598279,498.872753198596,502.51416015625,1228000,617087388.671875
2009-11-19 00:00:00,495.2312437115294,498.87264991529065,473.38280648896193,480.6656188964844,1651400,793771203.0456543
2009-11-20 00:00:00,487.94853232563406,502.51416015625,477.02431145267207,502.51416015625,1782600,895781741.8945312
2009-11-24 00:00:00,509.79698181152344,517.0797958374023,491.5899467468262,495.2313537597656,1540200,762755331.060791
2009-11-25 00:00:00,498.87281705416166,498.87281705416166,466.1001502403846,473.3829650878906,1456400,689434950.3540039
2009-11-26 00:00:00,473.38283749077266,480.66565037524606,458.8172117218258,462.4586181640625,1660400,767866289.5996094
2009-11-27 00:00:00,458.81725627620045,458.81725627620045,440.61022229698614,447.8930358886719,2521600,1129407079.296875
2009-11-30 00:00:00,473.3829650878906,477.0243725116436,469.7415576641376,473.3829650878906,552400,261496749.91455078
2009-12-01 00:00:00,473.38318554323115,491.5902311410477,458.81754906497787,487.9488220214844,1432800,699133072.1923828
2009-12-02 00:00:00,484.3071594238281,491.5899738512541,477.02434499640214,484.3071594238281,789800,382505794.51293945
2009-12-03 00:00:00,491.5900410396952,520.7213027309364,491.5900410396952,517.0798950195312,1456800,753281991.0644531
2009-12-04 00:00:00,528.0040617246885,538.9282836914062,520.7212470802101,538.9282836914062,1395400,752020527.0629883
2009-12-07 00:00:00,557.135331736315,564.4181465302538,531.6454799575293,542.5697021484375,1619000,878420347.7783203
2009-12-08 00:00:00,524.3626544024493,538.9282836914062,520.7212470802101,538.9282836914062,1250600,673983711.5844727
2009-12-09 00:00:00,538.9282018783244,538.9282018783244,509.7969477227394,513.4383544921875,844400,433547346.5332031
2009-12-10 00:00:00,513.4383544921875,524.3625748005319,502.5141341838431,513.4383544921875,1128600,579466526.8798828
2009-12-11 00:00:00,517.0798774614726,531.6455078125,509.7970622859589,531.6455078125,1195000,635316381.8359375
2009-12-14 00:00:00,538.9283164321192,553.4939466059602,524.3626862582781,549.8525390625,1617600,889441467.1875
2009-12-15 00:00:00,531.6454313151041,549.8524666341146,531.6454313151041,546.2110595703125,810400,442649442.67578125
2009-12-16 00:00:00,549.8525390625,553.4939466059602,542.5697239755794,549.8525390625,505000,277675532.2265625
2009-12-17 00:00:00,546.2111381635274,546.2111381635274,531.6455078125,531.6455078125,651800,346526541.9921875
2009-12-18 00:00:00,528.00407256056,542.5697021484375,524.3626651635907,542.5697021484375,584200,316969219.9951172
2009-12-21 00:00:00,538.9283229880136,538.9283229880136,531.6455078125,531.6455078125,354400,188415167.96875
2009-12-22 00:00:00,549.8525537418413,578.9838148672369,549.8525537418413,575.3424072265625,2542000,1462520399.1699219
2009-12-24 00:00:00,589.9080416051353,597.1908569335938,578.9838186124476,597.1908569335938,1695200,1012357940.6738281
2009-12-25 00:00:00,600.83219188854,600.83219188854,586.2665629942724,593.5493774414062,727000,431510397.39990234
2009-12-28 00:00:00,593.5494492693646,604.4736722620522,589.9080416051353,597.1908569335938,990000,591218948.3642578
2009-12-29 00:00:00,589.9080488096993,593.5494565184011,571.7010102661901,578.9838256835938,1115200,645682762.4023438
2009-12-30 00:00:00,575.3423683166503,586.2665904998779,575.3423683166503,582.6251831054688,897600,522964364.35546875
2010-01-04 00:00:00,582.6251403443114,611.756397361527,578.9837332171594,608.114990234375,1208200,734724531.2011719
2010-01-05 00:00:00,611.7564364346591,615.3978437943892,597.1908069957386,600.8322143554688,1509400,906896144.3481445
2010-01-06 00:00:00,604.4736217151989,604.4736217151989,593.5493996360086,600.8322143554688,655600,393905599.7314453
2010-01-07 00:00:00,597.1908069957386,608.115029074929,593.5493996360086,600.8322143554688,673000,404360080.26123047
2010-01-08 00:00:00,608.114990234375,619.0392116158308,604.473583107223,608.114990234375,1334800,811711888.9648438
2010-01-12 00:00:00,619.0390984860459,633.6047243327764,615.3976920243633,629.9633178710938,1511400,952126558.6303711
2010-01-13 00:00:00,619.0390984860459,640.8875372561416,619.0390984860459,629.9633178710938,1319400,831173601.5991211
2010-01-14 00:00:00,640.8877776070927,655.4534089163449,637.2463697797797,648.1705932617188,1321000,856233353.6987305
2010-01-15 00:00:00,644.5291854344057,651.8120010890318,633.6049619524666,648.1705932617188,931600,603835724.6826172
2010-01-18 00:00:00,633.6048202514648,640.8876342773438,633.6048202514648,640.8876342773438,681000,436444478.9428711
2010-01-19 00:00:00,633.6047243327764,640.8875372561416,622.6805049477285,629.9633178710938,685600,431902850.7324219
2010-01-20 00:00:00,640.8875372561416,644.5289437178243,629.9633178710938,629.9633178710938,642800,404940420.72753906
2010-01-21 00:00:00,622.6805767190867,637.2462042446795,615.3977629562904,633.6047973632812,850000,538564077.7587891
2010-01-22 00:00:00,615.3978044886788,622.6806187429828,604.473583107223,608.114990234375,1160200,705535011.6699219
2010-01-25 00:00:00,597.1907576595444,611.756385895143,589.9079435417451,604.4735717773438,1163400,703244553.4057617
2010-01-26 00:00:00,600.8322314149844,611.7564538043479,586.2666015625,586.2666015625,816600,478745306.8359375
2010-01-27 00:00:00,586.2665904998779,593.5494052886962,582.6251831054688,582.6251831054688,489400,285136764.6118164
2010-01-28 00:00:00,589.9079435417451,608.1149788362434,586.2665364828455,604.4735717773438,996600,602418361.6333008
2010-01-29 00:00:00,622.6805847167968,655.4532470703125,615.39777086046,655.4532470703125,4122000,2701778284.423828
2010-02-01 00:00:00,662.7362245709709,673.6604480529099,633.6049619524666,648.1705932617188,3482800,2257448542.211914
2010-02-02 00:00:00,659.0947911879596,684.5846449908088,655.4533835018382,680.9432373046875,3138600,2137208444.6044922
2010-02-03 00:00:00,688.2261261300943,717.3573907281934,684.5847180553318,706.4331665039062,5445600,3846952451.513672
2010-02-04 00:00:00,710.0744190782603,735.5642700195312,699.1501972462871,735.5642700195312,5251800,3863036433.288574
2010-02-05 00:00:00,706.433022181193,720.9986515045166,688.2259855270386,699.1502075195312,3279000,2292513530.456543
2010-02-08 00:00:00,699.1502976190476,720.9987444196428,684.5846664186507,688.22607421875,2358200,1622974728.2226562
2010-02-09 00:00:00,684.5845781962076,699.1502075195312,673.660356203715,699.1502075195312,1466800,1025513524.3896484
2010-02-10 00:00:00,713.7158921914657,724.640115031131,702.7916693518004,717.3572998046875,2131600,1529118820.2636719
2010-02-12 00:00:00,720.9987252371652,768.3370253789992,720.9987252371652,764.6956176757812,4659000,3562716882.751465
2010-02-15 00:00:00,764.6954766635238,764.6954766635238,735.5642204096752,739.2056274414062,2170200,1604224052.6733398
2010-02-16 00:00:00,742.84708457418,750.1298991288289,731.9228627422068,735.5642700195312,1606800,1181904669.0673828
2010-02-17 00:00:00,750.1299161044035,764.6955455433239,746.4885087446734,761.0541381835938,2492600,1897003544.8364258
2010-02-18 00:00:00,768.3369205316641,790.1853637695312,761.0541061190416,790.1853637695312,3262400,2577900730.7617188
2010-02-19 00:00:00,779.2611974924096,801.1096422819164,757.4127527029028,768.3369750976562,3145400,2416727121.472168
2010-02-22 00:00:00,782.9026525160846,808.3925063189338,779.2612448299632,804.7510986328125,2463200,1982262906.1523438
2010-02-23 00:00:00,808.3923722700639,815.675186434659,786.5439297762784,801.1095581054688,2374000,1901834090.9423828
2010-02-24 00:00:00,790.1854357238209,808.3924734133099,786.5440281859231,793.8268432617188,2006800,1593051709.0576172
2010-02-25 00:00:00,837.5236927379262,844.8065074573864,757.4127308238637,761.0541381835938,10002400,7612367911.767578
2010-02-26 00:00:00,768.3369416456956,790.1853854839618,746.4884978074293,757.4127197265625,4684800,3548327109.375
2010-03-01 00:00:00,757.412708522041,768.3369302795705,746.4884867645117,753.7713012695312,2224400,1676688882.5439453
2010-03-02 00:00:00,761.0542099725633,779.2612484886532,757.4128022693452,764.6956176757812,2842200,2173417884.5581055
2010-03-03 00:00:00,761.0542416281544,779.2612809015551,757.4128337734742,775.619873046875,1767600,1370985687.5976562
2010-03-04 00:00:00,779.2610312149665,815.6750980941705,775.619624527046,812.03369140625,6074400,4932617455.078125
2010-03-05 00:00:00,822.9581406379061,830.2409560417814,808.3925098301556,826.5995483398438,4742200,3919900378.137207
2010-03-08 00:00:00,844.8061319986979,873.9373779296875,837.5233205159504,873.9373779296875,5922200,5175631939.575195
2010-03-09 00:00:00,859.3722031991692,873.9378337618671,844.8065726364715,863.0136108398438,4287800,3700429760.559082
2010-03-10 00:00:00,881.2206354179846,903.0690809242155,870.296412664869,899.4276733398438,4749600,4271921677.294922
2010-03-11 00:00:00,895.7861484496062,899.427555557125,870.2962986969751,881.2205200195312,4565200,4022947917.993164
2010-03-12 00:00:00,888.5034643245649,888.5034643245649,855.7307955584948,863.0136108398438,4511000,3893054398.498535
2010-03-15 00:00:00,895.7863797919695,939.4832763671875,892.1449717440347,939.4832763671875,9847800,9251843409.00879
2010-03-16 00:00:00,932.2002514367816,954.0486948298311,910.351808043732,950.4072875976562,10571400,10047135600.109863
2010-03-17 00:00:00,943.1245227520283,954.0487450232872,921.2760782095102,946.7659301757812,5131000,4857855987.731934
2010-03-18 00:00:00,939.4830365689846,957.6900721614068,913.9931867395936,921.2760009765625,4503000,4148505832.397461
2010-03-19 00:00:00,928.5588037400018,928.5588037400018,910.3517683725509,917.6345825195312,2661000,2441825624.0844727
2010-03-23 00:00:00,913.9932633620042,950.4073375995342,910.3518559382512,946.7659301757812,3831200,3627249631.689453
2010-03-24 00:00:00,939.4830365689846,943.124443687469,917.634593858078,921.2760009765625,4948200,4558657908.032227
2010-03-25 00:00:00,924.9174240908949,928.5588312723551,892.1447594577529,906.7103881835938,4959600,4496920841.235352
2010-03-26 00:00:00,924.9172601699829,932.2000732421875,921.2758536338806,932.2000732421875,4459200,4156866566.6015625
2010-03-29 00:00:00,937.1423611111111,962.767347547743,933.4816487630208,955.4459228515625,3393400,3242210194.604492
2010-03-30 00:00:00,955.4458750131968,959.1065871779982,940.8030263539906,948.1244506835938,2287800,2169119118.273926
2010-03-31 00:00:00,948.1242295209099,951.7849408318015,929.8206729664522,933.4813842773438,2002400,1869203123.8769531
2010-04-01 00:00:00,940.8028876360726,1003.034985261805,933.4814643859863,995.7135620117188,9640000,9598678737.792969
2010-04-02 00:00:00,995.7132633060954,1039.641789628423,984.7311317255135,1035.9810791015625,8511800,8818063749.09668
2010-04-05 00:00:00,1050.624471315196,1054.2851837588028,1021.3387717663403,1039.642333984375,4625200,4808553723.144531
2010-04-06 00:00:00,1039.6422380719866,1065.2672228131976,1017.6779654366629,1024.9993896484375,7587000,7776670369.262695
2010-04-07 00:00:00,1039.6422380719866,1054.2850864955356,1021.3386775425502,1024.9993896484375,7265800,7447440565.307617
2010-04-08 00:00:00,1035.9813849022771,1083.5706357988481,1028.65996168742,1072.5885009765625,8677400,9307279458.374023
2010-04-09 00:00:00,1076.2490355236696,1116.5168565806778,1061.6061915029395,1109.1954345703125,14977400,16612863701.733398
2010-04-12 00:00:00,1109.1958825683594,1116.5173075358073,1090.8923201497396,1098.2137451171875,6856600,7530012364.770508
2010-04-13 00:00:00,1087.2316076660156,1112.8565950520833,1079.9101826985677,1098.2137451171875,5303200,5824047133.105469
2010-04-14 00:00:00,1090.8920271131726,1101.874161614312,1050.6242006089951,1054.284912109375,8022800,8458316992.871094
2010-04-15 00:00:00,1065.2669122103987,1076.2490453259697,1039.6419349407327,1061.606201171875,6438200,6834833044.384766
2010-04-16 00:00:00,1061.6061368552587,1061.6061368552587,1017.6776070543515,1021.3383178710938,6742000,6885862939.086914
2010-04-19 00:00:00,1003.035190060842,1039.6423137856902,995.7137653158723,1017.6780395507812,6002600,6108714200.20752
2010-04-20 00:00:00,1046.9634423828124,1046.9634423828124,1003.0349063387785,1006.6956176757812,4800000,4832138964.84375
2010-04-21 00:00:00,1024.999090786638,1061.606201171875,1014.0169576710668,1061.606201171875,4932800,5236691069.140625
2010-04-22 00:00:00,1054.2849429394198,1076.249212583991,1035.9813849022771,1072.5885009765625,5909400,6338354487.670898
2010-04-23 00:00:00,1068.9278948590472,1076.2493187964378,1043.3029110781797,1046.963623046875,4268200,4468650135.888672
2010-04-26 00:00:00,1057.9454901333513,1076.2490453259697,1050.624068056304,1061.606201171875,3792000,4025610714.84375
2010-04-27 00:00:00,1061.6065540052439,1076.249403026006,1057.9458417500534,1068.927978515625,2832000,3027204035.15625
2010-04-28 00:00:00,1032.3209090971611,1061.6066086460169,1028.660196653554,1039.642333984375,3856400,4009276696.7773438
2010-04-30 00:00:00,1054.2849917763158,1057.945703553317,1035.9814328913103,1043.3028564453125,1823600,1902567089.0136719
2010-05-06 00:00:00,1014.0172782069288,1021.3387025983146,970.0887318586142,977.41015625,3790600,3704970938.28125
2010-05-07 00:00:00,911.5173367275281,1003.0351416198503,900.5352001404494,977.41015625,5567600,5441828785.9375
2010-05-10 00:00:00,970.0887653845867,1014.0173132510587,955.4459160957629,959.1066284179688,4139800,3970509620.324707
2010-05-11 00:00:00,973.7491863619897,981.0706088158393,871.249272008096,907.8563842773438,9422400,8554185995.214844
2010-05-12 00:00:00,926.1602995605468,933.4817248535155,878.57103515625,915.1781616210938,9250800,8466130137.524414
2010-05-13 00:00:00,940.80296331356,988.3922182671643,933.481539474544,984.7315063476562,7465000,7351020694.885254
2010-05-14 00:00:00,962.7670726345893,984.731340451348,951.78493872621,973.7492065429688,4485600,4367849440.869141
2010-05-17 00:00:00,955.4457899251945,959.1065017639884,907.8565360208745,926.1600952148438,7467400,6916007895.007324
2010-05-18 00:00:00,933.4813628658172,948.1242077735162,889.5528281427199,907.8563842773438,7342200,6665663144.641113
2010-05-19 00:00:00,878.5708066641565,926.1600586917983,860.2672481919866,911.5172119140625,6252000,5698805608.886719
2010-05-20 00:00:00,915.177517249936,929.820357525935,882.2311266289383,893.2132568359375,3874800,3461022727.5878906
2010-05-21 00:00:00,860.2671546157526,904.1956901705995,852.9457320232781,896.874267578125,4602600,4127953503.955078
2010-05-24 00:00:00,896.8742656707764,944.4635124206544,874.9099979400635,937.14208984375,6274800,5880379185.3515625
2010-05-25 00:00:00,926.1601235617155,944.4636833158996,867.5887323483264,874.91015625,5933400,5191191921.09375
2010-05-26 00:00:00,900.5352165125594,911.517353299298,834.6423957921282,867.5888061523438,9369200,8128613042.602539
2010-05-27 00:00:00,852.9457320232781,900.5349788743623,845.6243094308036,896.874267578125,5388400,4832717303.417969
2010-05-28 00:00:00,929.8206962190301,933.4814076214672,900.535004999533,918.8385620117188,3585000,3294036244.8120117
2010-05-31 00:00:00,922.4992446899414,951.7849349975587,915.1778221130371,937.14208984375,7664800,7183006690.234375
2010-06-01 00:00:00,926.1600586917983,940.8029054695344,896.8743651363264,911.5172119140625,3997200,3643516599.4628906
2010-06-02 00:00:00,893.2135562818878,918.8385353555485,882.2314223931761,896.874267578125,4118600,3693866358.4472656
2010-06-03 00:00:00,918.838671537256,929.8208070536375,911.5172478596683,926.1600952148438,3403800,3152463732.092285
2010-06-04 00:00:00,937.1422290874524,966.4279237464353,933.4815172550796,962.7672119140625,7187400,6919793058.911133
2010-06-07 00:00:00,929.8206516388924,929.8206516388924,900.5349618234942,907.8563842773438,6057600,5499430833.3984375
2010-06-08 00:00:00,900.5353110351562,929.8210122070312,896.8745983886719,915.1781616210938,4386200,4014154452.5024414
2010-06-09 00:00:00,907.8565125253036,922.4993595015181,893.213665549089,904.19580078125,3885600,3513343203.515625
2010-06-10 00:00:00,907.8565125253036,915.1779360134109,893.213665549089,904.19580078125,2760400,2495942088.4765625
2010-06-11 00:00:00,929.8206672668457,944.4635124206544,926.1599559783936,937.14208984375,2566200,2404894030.9570312
2010-06-14 00:00:00,959.1064575195312,992.0528625488281,955.4457458496094,988.3921508789062,5134400,5074800659.472656
2010-06-15 00:00:00,984.7314271365896,1003.034985261805,981.0707155115465,995.7135620117188,4857600,4836778198.828125
2010-06-16 00:00:00,1017.6779654366629,1028.6601017543246,1010.3565412248884,1024.9993896484375,5465800,5602441663.94043
2010-06-17 00:00:00,1014.0173271782963,1039.6423137856902,1006.6959024333268,1017.6780395507812,4591600,4672770486.401367
2010-06-18 00:00:00,1014.0168962376092,1024.999028687836,999.37405297064,1021.3383178710938,2867000,2928176957.336426
2010-06-21 00:00:00,1039.6419349407327,1068.9276232489224,1032.3205128636853,1061.606201171875,5326600,5654751591.162109
2010-06-22 00:00:00,1054.2849917763158,1065.267127107319,1035.9814328913103,1043.3028564453125,2940400,3067727719.091797
2010-06-23 00:00:00,1021.338518889054,1021.338518889054,1003.0349612028702,1010.3563842773438,3135400,3167871407.2631836
2010-06-24 00:00:00,1003.0352891806606,1039.6424165230205,995.7138637121885,1028.6602783203125,3571400,3673757317.993164
2010-06-25 00:00:00,1006.6956847253508,1017.6778194678092,995.7135499828923,1003.0349731445312,3192800,3202490062.2558594
2010-06-28 00:00:00,1010.3564897842123,1010.3564897842123,977.4100825086401,984.7315063476562,2110400,2078177370.9960938
2010-06-29 00:00:00,977.4099911776456,999.3742606423118,959.1064332904238,966.4278564453125,2733400,2641633902.807617
2010-06-30 00:00:00,937.1423141891892,948.1244506835938,922.499465529983,948.1244506835938,2416000,2290668672.8515625
2010-07-01 00:00:00,940.8028244745163,940.8028244745163,911.5171334402901,922.499267578125,3420600,3155500994.6777344
2010-07-02 00:00:00,900.5350890371963,915.1779360134109,882.2315303169281,904.19580078125,2574200,2327580830.3710938
2010-07-05 00:00:00,904.195673050419,922.4992291850429,900.5349618234942,907.8563842773438,2538200,2304321074.572754
2010-07-06 00:00:00,889.5529417474585,915.1779236084964,874.9100949697225,911.5172119140625,3552200,3237891440.161133
2010-07-07 00:00:00,911.517112763074,922.4992466517858,885.8921336894133,896.874267578125,2738600,2456179869.189453
2010-07-08 00:00:00,929.8210122070312,937.1424374999999,915.1781616210938,915.1781616210938,2349600,2150302608.544922
2010-07-09 00:00:00,922.4992734141558,926.1599848165929,907.8564278044073,918.8385620117188,1842400,1692868166.6503906
2010-07-12 00:00:00,915.177833376907,951.7849467119833,915.177833376907,929.8206787109375,3379800,3142607929.9072266
2010-07-13 00:00:00,937.1422307312253,944.463654408813,918.838671537256,926.1600952148438,1716600,1589846419.4458008
2010-07-14 00:00:00,948.1242179425311,951.7849292087185,933.4813728777815,940.8027954101562,1613600,1518079390.6738281
2010-07-15 00:00:00,929.8206903366815,933.4814017159598,918.8385561988467,922.499267578125,1503600,1387069898.7304688
2010-07-16 00:00:00,911.517312132282,911.517312132282,882.2316153569476,889.5530395507812,1635000,1454419219.6655273
2010-07-21 00:00:00,885.8919362213652,885.8919362213652,856.6062523793365,863.9276733398438,1787000,1543838752.2583008
2010-07-22 00:00:00,856.6064746306973,863.9278974907887,827.3207831903316,838.3029174804688,3445000,2887953550.720215
2010-07-23 00:00:00,860.2672959956885,885.8922792806665,852.9458721999805,882.2315673828125,2808600,2477835580.151367
2010-07-26 00:00:00,900.534676973937,907.8560971119365,889.5525467669378,893.2132568359375,1220000,1089720173.3398438
2010-07-27 00:00:00,893.2132568359375,911.5168071809362,885.8918366979381,893.2132568359375,2004600,1790535294.6533203
2010-07-28 00:00:00,907.8564014668368,915.1778240593113,893.2135562818878,896.874267578125,1908200,1711415477.3925781
2010-07-29 00:00:00,885.8918366979381,904.1953870429368,885.8918366979381,893.2132568359375,1487200,1328386755.5664062
2010-07-30 00:00:00,889.5527503967285,889.5527503967285,849.2849304199218,878.5706176757812,2211800,1943222492.175293
2010-08-02 00:00:00,852.9456444455866,860.2670662863212,834.64208984375,834.64208984375,2907800,2426972268.8476562
2010-08-03 00:00:00,856.6066962639151,867.5888333955037,845.6245591323263,852.9459838867188,2139800,1825133816.3208008
2010-08-04 00:00:00,841.963617234003,856.606462751116,838.3029058547247,845.6243286132812,1689200,1428428615.8935547
2010-08-05 00:00:00,863.9278855096726,863.9278855096726,838.3029058547247,845.6243286132812,1095800,926635139.2944336
2010-08-06 00:00:00,841.9638203166205,874.9102306768361,841.9638203166205,867.5888061523438,1795600,1557842460.3271484
2010-08-09 00:00:00,852.9456678025266,863.9278008643618,849.284956781915,860.26708984375,1289200,1109056332.2265625
2010-08-10 00:00:00,867.5885909508014,874.910013659247,841.963611471242,849.2850341796875,1447800,1229594872.4853516
2010-08-11 00:00:00,838.3032371756264,841.9639500017208,823.6603858712486,830.9818115234375,1572600,1306801996.8017578
2010-08-12 00:00:00,805.3567435838519,809.0174560546875,787.0531812296734,809.0174560546875,2244800,1816082385.3515625
2010-08-13 00:00:00,812.6783294677734,812.6783294677734,776.0711975097656,790.7140502929688,4049600,3202075618.0664062
2010-08-16 00:00:00,776.0709228515625,776.0709228515625,761.4280752505896,776.0709228515625,2912800,2260539384.0820312
2010-08-17 00:00:00,757.7673633503464,783.3923466520489,757.7673633503464,776.0709228515625,1289000,1000355419.5556641
2010-08-18 00:00:00,787.053168466158,794.374593289099,776.0710312317466,783.3924560546875,2023400,1585116295.5810547
2010-08-19 00:00:00,790.7138937005091,816.338880996359,787.0531812296734,809.0174560546875,3239000,2620407540.161133
2010-08-20 00:00:00,794.3744801014393,819.999463330518,790.7137682115709,812.6780395507812,2812800,2285900789.6484375
2010-08-23 00:00:00,798.0351440429688,801.6958557128906,765.0887390136719,768.7494506835938,3501000,2691391826.8432617
2010-08-24 00:00:00,757.7673402064055,761.4280519948422,743.1244930526585,754.1066284179688,2116600,1596142089.7094727
2010-08-25 00:00:00,743.1244869508605,768.7494692595109,743.1244869508605,757.767333984375,1996200,1512655152.0996094
2010-08-26 00:00:00,768.7494948814656,772.4102067618535,732.1423760775863,743.12451171875,2702800,2008516930.2734375
2010-08-27 00:00:00,728.4816862407483,768.7495181435032,724.8209742495887,765.0888061523438,2852600,2182492328.430176
2010-08-30 00:00:00,787.0531893906435,794.374614408231,768.7496268466751,772.4103393554688,1882600,1454139704.8706055
2010-08-31 00:00:00,754.1066160935623,768.7494630080004,750.4459043649526,761.4280395507812,1887400,1437119281.8481445
2010-09-01 00:00:00,761.4280395507812,776.0708864652194,754.1066160935623,761.4280395507812,2758000,2100018533.0810547
2010-09-02 00:00:00,776.0709421258223,779.7316541169819,754.1066701788651,765.0888061523438,1946200,1489015834.5336914
2010-09-03 00:00:00,768.7496268466751,783.3924768818498,765.0889143378814,772.4103393554688,2177800,1682155237.0483398
2010-09-06 00:00:00,779.7317562880021,816.338880996359,779.7317562880021,809.0174560546875,3098200,2506497882.348633
2010-09-07 00:00:00,798.0351440429688,830.9815490722656,798.0351440429688,805.3565673828125,2277800,1834441189.1845703
2010-09-08 00:00:00,787.053337097168,801.6961898803711,783.3926239013672,790.7140502929688,2045400,1617326518.4692383
2010-09-09 00:00:00,805.3567097044211,816.3388466549359,790.713860437068,794.3745727539062,1828200,1452275593.9086914
2010-09-10 00:00:00,801.6958557128906,812.6779907226562,798.0351440429688,805.3565673828125,1927000,1551922105.3466797
2010-09-13 00:00:00,819.99951171875,830.9816480364118,812.6780875069754,819.99951171875,2456800,2014574800.390625
2010-09-14 00:00:00,823.6602238246372,830.9816480364118,812.6780875069754,819.99951171875,2383000,1954058836.4257812
2010-09-16 00:00:00,834.642360142299,849.2852085658482,816.3387996128627,819.99951171875,2866000,2350118600.5859375
2010-09-17 00:00:00,819.9993777654868,830.9815122891316,812.6779547497234,827.32080078125,1433800,1186212564.1601562
2010-09-21 00:00:00,834.64216796875,834.64216796875,819.9993229166666,823.6600341796875,895400,737505194.6044922
2010-09-22 00:00:00,823.659957082648,838.3028007641173,819.9992461622807,834.64208984375,1743600,1455281947.8515625
2010-09-24 00:00:00,823.6603059380303,830.9817308797017,805.3567435838519,809.0174560546875,2688400,2174962528.857422
2010-09-27 00:00:00,812.6777902098515,819.9992117432736,812.6777902098515,816.3385009765625,650200,530783293.33496094
2010-09-28 00:00:00,812.6448364257812,823.7263569224964,808.9509962602095,812.6448364257812,893800,726341954.7973633
2010-09-29 00:00:00,816.3386011714429,838.5016401172738,816.3386011714429,834.8078002929688,2580800,2154471970.9960938
2010-09-30 00:00:00,834.807932675157,834.807932675157,805.2572093946204,808.9510498046875,1247600,1009247329.7363281
2010-10-01 00:00:00,805.2572050548736,808.9510454450335,775.7064819335938,775.7064819335938,2831000,2196025050.354004
2010-10-04 00:00:00,775.706397899683,775.706397899683,760.931037939689,764.6248779296875,1646600,1259031323.9990234
2010-10-05 00:00:00,757.2372799827939,779.4003223237537,757.2372799827939,775.7064819335938,1730600,1342437637.6342773
2010-10-06 00:00:00,779.400283455289,790.4818040731367,772.0126030433905,786.7879638671875,1834200,1443126483.3251953
2010-10-07 00:00:00,783.093994140625,797.8693525206368,779.4001545456221,783.093994140625,1206400,944724594.53125
2010-10-08 00:00:00,783.0941627139138,786.7880031040737,772.0126415434338,775.7064819335938,1746800,1355004082.6416016
2010-10-12 00:00:00,775.7064697265625,775.7064697265625,735.0742260742188,738.76806640625,2520200,1861843280.9570312
2010-10-13 00:00:00,738.7679283065025,746.1556075895676,731.3802490234375,731.3802490234375,1356000,991751617.6757812
2010-10-14 00:00:00,742.46198047381,742.46198047381,709.2174141839379,712.9112548828125,3227200,2300707201.7578125
2010-10-15 00:00:00,716.6050955816872,731.380458377186,709.2174141839379,712.9112548828125,2780600,1982321035.3271484
2010-10-18 00:00:00,720.2989292144775,723.9927698771158,705.5235665639242,709.2174072265625,1778600,1261414080.493164
2010-10-19 00:00:00,705.5234985351562,716.6050194545567,698.1358179222227,705.5234985351562,1782600,1257666188.4887695
2010-10-20 00:00:00,698.1358713250411,709.2173930921052,690.7481901469984,701.8297119140625,2409000,1690707776.0009766
2010-10-21 00:00:00,701.8298144009024,709.217496657754,687.0544498871992,690.748291015625,1524000,1052700395.5078125
2010-10-22 00:00:00,698.135728102464,720.2987670898438,690.748048440004,720.2987670898438,2778400,2001278094.4824219
2010-10-25 00:00:00,705.5234985351562,716.6050194545567,690.7481373092892,705.5234985351562,2616400,1845931681.5673828
2010-10-26 00:00:00,698.1358032226562,705.5234836800389,694.4419629939649,698.1358032226562,1219400,851306798.449707
2010-10-27 00:00:00,705.5234836800389,709.2173239087301,694.4419629939649,698.1358032226562,1078600,753009277.355957
2010-10-28 00:00:00,705.5235234742523,709.2173639112902,679.6666404149865,687.0543212890625,2116800,1454356587.3046875
2010-10-29 00:00:00,705.5235665639242,709.2174072265625,679.6666819254557,709.2174072265625,2461000,1745384039.1845703
2010-11-01 00:00:00,694.4420445760092,712.9112478892008,694.4420445760092,709.2174072265625,2413200,1711483447.1191406
2010-11-02 00:00:00,705.5236001521982,705.5236001521982,690.7482367982255,694.4420776367188,934000,648608900.5126953
2010-11-04 00:00:00,701.8297593137052,705.5236001521982,690.7482367982255,694.4420776367188,1576600,1094857379.6020508
2010-11-05 00:00:00,701.8296798234134,720.2988819240295,698.1358394032901,716.6050415039062,1902400,1363269430.9570312
2010-11-08 00:00:00,731.3802490234375,738.7679283065025,727.6864093819049,731.3802490234375,1798400,1315314239.84375
2010-11-09 00:00:00,727.686672229672,753.5435590601679,727.686672229672,742.4620361328125,2128200,1580107705.2978516
2010-11-10 00:00:00,742.4620493621075,757.2374135285175,742.4620493621075,749.8497314453125,1520200,1139921561.743164
2010-11-11 00:00:00,749.8496841058497,760.9312065310594,749.8496841058497,757.2373657226562,1360400,1030145712.3291016
2010-11-12 00:00:00,749.849642192898,753.5434827948336,735.0742797851562,735.0742797851562,1129600,830339906.4453125
2010-11-15 00:00:00,738.7681203870917,738.7681203870917,720.2989173774145,735.0742797851562,2039200,1498963471.3378906
2010-11-16 00:00:00,746.1557470703125,746.1557470703125,727.6865454101563,738.76806640625,1454400,1074464275.78125
2010-11-17 00:00:00,727.6868286132812,735.0745121525024,723.9929868436707,727.6868286132812,1297000,943809816.7114258
2010-11-18 00:00:00,731.3804800638338,760.9312065310594,727.6866392554306,757.2373657226562,2180800,1651383247.1679688
2010-11-19 00:00:00,764.6250473394626,772.012728956269,753.543524914253,757.2373657226562,1266800,959268294.8974609
2010-11-22 00:00:00,764.6249535665557,775.7064746327377,760.9311132111618,772.0126342773438,1112400,858786854.3701172
2010-11-24 00:00:00,746.155677979695,768.3187179196859,746.155677979695,764.6248779296875,1185600,906539255.2734375
2010-11-25 00:00:00,779.4002029283911,842.195479941579,772.0125232797808,834.8078002929688,6204200,5179314554.577637
2010-11-26 00:00:00,831.1142833992903,856.9711722161572,812.6450771015284,845.8896484375,5748600,4862681233.0078125
2010-11-29 00:00:00,856.9711722161572,871.7465372543668,838.5019659183952,845.8896484375,5029800,4254655753.7109375
2010-11-30 00:00:00,842.1954639979772,860.6646627698626,823.7262652260918,827.4201049804688,2603400,2154105501.3061523
2010-12-01 00:00:00,820.0324409957481,834.8078002929688,820.0324409957481,834.8078002929688,2339000,1952615444.885254
2010-12-02 00:00:00,853.2772553007482,875.4403008929753,842.1957325046345,871.7464599609375,4935400,4302417478.491211
2010-12-03 00:00:00,890.2153772330184,893.9092169725744,868.0523387956819,882.8276977539062,5802200,5122342867.907715
2010-12-06 00:00:00,886.5216364626025,908.6846773741676,871.7462758548925,901.2969970703125,4483800,4041235475.463867
2010-12-07 00:00:00,897.6032573019321,908.6847789970177,882.827895041818,890.215576171875,3311200,2947681815.8203125
2010-12-08 00:00:00,897.603156918385,908.6846773741676,893.9093167664576,901.2969970703125,2744800,2473879997.5585938
2010-12-09 00:00:00,897.603412907298,912.3787777288172,886.5218892911585,908.6849365234375,2651400,2409287240.698242
2010-12-10 00:00:00,916.0726189341971,916.0726189341971,901.2972541126778,908.6849365234375,2618800,2379664111.767578
2010-12-13 00:00:00,901.2972541126778,908.6849365234374,890.2157304965383,908.6849365234375,1478200,1343218073.1689453
2010-12-14 00:00:00,901.2970653300382,912.3785866250797,901.2970653300382,904.9909057617188,1435400,1299023946.130371
2010-12-15 00:00:00,904.9908296561536,908.684669777199,890.2154691719714,897.6031494140625,1300200,1167063614.868164
2010-12-16 00:00:00,893.9093844666772,912.3785866250797,890.2155440349968,904.9909057617188,1471600,1331784616.9189453
2010-12-17 00:00:00,901.2972541126778,908.6849365234374,897.603412907298,908.6849365234375,1011000,918680470.8251953
2010-12-20 00:00:00,904.9908220275374,904.9908220275374,890.2154616679043,893.9093017578125,946200,845816981.3232422
2010-12-21 00:00:00,897.6030744070031,927.153792905999,893.9092345946285,919.76611328125,2949000,2712390268.0664062
2010-12-22 00:00:00,923.4599530936246,934.541472530748,919.76611328125,919.76611328125,3062400,2816691745.3125
2010-12-24 00:00:00,916.0726189341971,919.7664601395769,901.2972541126778,908.6849365234375,1389200,1262345113.8183594
2010-12-27 00:00:00,912.3787777288172,919.7664601395769,908.6849365234374,908.6849365234375,940600,854709051.2939453
2010-12-28 00:00:00,927.1538919764241,945.6230930118111,923.4600517693467,938.2354125976562,2996400,2811328590.307617
2010-12-29 00:00:00,945.6231079101562,953.0107884407042,938.2354273796082,945.6231079101562,1892400,1789497169.4091797
2010-12-30 00:00:00,941.9294298496171,945.6232707509882,927.154066244133,934.541748046875,1456400,1361066601.8554688
2011-01-04 00:00:00,945.6230916030535,971.4799730140745,938.2354111999047,967.7861328125,3047200,2949037903.90625
2011-01-05 00:00:00,971.4799194335939,982.5614394271329,964.0922394379011,971.4799194335938,2937400,2853625115.3442383
2011-01-06 00:00:00,982.5614548017394,989.9491349130307,978.8676147460938,978.8676147460938,2642400,2586559785.205078
2011-01-07 00:00:00,975.1741456913769,989.9495115351856,971.4803042304247,982.5618286132812,1679400,1650114334.9731445
2011-01-11 00:00:00,978.8679871523291,1001.0310359180422,975.1741456913769,982.5618286132812,2147400,2109953270.7641602
2011-01-12 00:00:00,986.2554106278852,993.6430916063713,967.7862081816702,975.1738891601562,1536400,1498257163.305664
2011-01-13 00:00:00,986.2554106278852,986.2554106278852,967.7862081816702,975.1738891601562,922000,899110325.8056641
2011-01-14 00:00:00,964.0921927722976,971.4798724103995,945.6229936770428,949.3168334960938,2021200,1918759183.8623047
2011-01-17 00:00:00,953.0108713275217,967.7862336736848,949.317030740981,956.7047119140625,1090200,1042999476.9287109
2011-01-18 00:00:00,960.3983529532467,960.3983529532467,949.3168334960938,949.3168334960938,1324600,1257465077.6489258
2011-01-19 00:00:00,956.7046867139411,975.1738891601562,956.7046867139411,975.1738891601562,1852800,1806802181.8359375
2011-01-20 00:00:00,964.0921927722976,967.7860325913485,945.6229936770428,949.3168334960938,1265000,1200885794.3725586
2011-01-21 00:00:00,945.623046875,949.3168869018555,908.6846466064453,916.0723266601562,2186200,2002717320.5444336
2011-01-24 00:00:00,916.0722734688756,934.541472530748,893.9092345946285,919.76611328125,1742800,1602968382.2265625
2011-01-25 00:00:00,927.1539379301526,945.6231398809524,927.1539379301526,930.8477783203125,1220600,1136192798.2177734
2011-01-26 00:00:00,927.154066244133,949.3171116523592,923.4602253427619,934.541748046875,1191200,1113226130.2734375
2011-01-27 00:00:00,938.2353282183765,941.929168093252,916.0722889691235,927.15380859375,1771200,1642174825.78125
2011-01-28 00:00:00,953.0109389085036,982.5616656963641,953.0109389085036,960.3986206054688,4356000,4183496391.357422
2011-01-31 00:00:00,960.3985272031841,986.2554106278852,960.3985272031841,975.1738891601562,4580000,4466296412.353516
2011-02-01 00:00:00,986.2553250337622,997.3368455397596,978.8676446964307,993.6430053710938,3872400,3847783173.9990234
2011-02-02 00:00:00,1001.0308837890625,1008.4185655882437,993.6432019898812,1001.0308837890625,2228400,2230697221.435547
2011-02-03 00:00:00,1049.0507874419723,1056.4384690436764,1015.8062202343042,1019.5000610351562,5390800,5495920929.02832
2011-02-04 00:00:00,1026.8876882615073,1030.5815288667645,1004.7246446299639,1023.19384765625,2593200,2653346285.7421875
2011-02-07 00:00:00,1041.6630789868773,1045.3569196925046,1030.5815568699957,1037.96923828125,2491800,2586411747.9492188
2011-02-08 00:00:00,1045.356657951109,1045.356657951109,1023.193619266633,1030.581298828125,1627600,1677374121.9726562
2011-02-09 00:00:00,1030.5815834377122,1034.2754242385643,1008.4185386326002,1019.5000610351562,1362200,1388762983.1420898
2011-02-10 00:00:00,1008.4185386326002,1023.1939018360082,1004.7246978317481,1019.5000610351562,1047600,1068028263.9404297
2011-02-14 00:00:00,1030.5815773547536,1060.1323035871478,1023.1938957966548,1049.05078125,3481400,3652165389.84375
2011-02-15 00:00:00,1049.050275653812,1049.050275653812,1034.2749196586878,1041.66259765625,2162600,2252699533.6914062
2011-02-16 00:00:00,1041.6631064967105,1071.213832922149,1041.6631064967105,1052.74462890625,3109800,3273825246.9726562
2011-02-17 00:00:00,1060.1323035871478,1060.1323035871478,1041.6630996919014,1049.05078125,2048000,2148456000.0
2011-02-18 00:00:00,1041.6628261021206,1041.6628261021206,1026.8874668666294,1034.275146484375,1748200,1808119811.0839844
2011-02-21 00:00:00,1026.8876882615073,1026.8876882615073,1015.8061664457356,1023.19384765625,1524800,1560165978.90625
2011-02-22 00:00:00,1015.8062542186063,1015.8062542186063,997.3370495964499,1004.7247314453125,1565800,1573197984.4970703
2011-02-23 00:00:00,986.2553927951388,1012.1122757523148,978.8677119502314,997.3369140625,1816800,1811961705.46875
2011-02-24 00:00:00,989.9493952261821,997.3370772801088,978.8678721452919,986.2555541992188,1896000,1869940530.7617188
2011-02-25 00:00:00,986.2555201906999,1008.4185655882437,982.5616792911093,1001.0308837890625,3114400,3117610584.4726562
2011-02-28 00:00:00,997.3370162300441,1030.5815834377122,986.2554938274881,1019.5000610351562,2540000,2589530155.029297
2011-03-01 00:00:00,1026.887481021185,1026.887481021185,1008.4182817222428,1012.1121215820312,1793000,1814717033.996582
2011-03-02 00:00:00,997.3369140625,1004.7245949074073,989.9492332175926,997.3369140625,1800000,1795206445.3125
2011-03-03 00:00:00,997.3368455397596,997.3368455397596,982.5614848650965,993.6430053710938,988600,982315475.1098633
2011-03-04 00:00:00,1012.1124132941751,1015.8062542186063,997.3370495964499,1004.7247314453125,1122200,1127502093.6279297
2011-03-07 00:00:00,997.3370428894718,1015.806247387425,982.5616792911093,1001.0308837890625,1782600,1784437653.4423828
2011-03-08 00:00:00,1008.418435329861,1026.8876374421295,997.3369140625,997.3369140625,1806400,1801589401.5625
2011-03-09 00:00:00,1015.8062542186063,1023.1939360674689,1001.0308905208811,1004.7247314453125,1563600,1570987590.0878906
2011-03-10 00:00:00,1008.418435329861,1008.418435329861,986.2553927951388,997.3369140625,1684200,1679714830.6640625
2011-03-11 00:00:00,978.8673979660562,986.2550764412716,956.7043625404095,964.092041015625,2738600,2640262463.5253906
2011-03-14 00:00:00,816.3388203588025,890.215636680866,816.3388203588025,856.9710693359375,4039800,3461991725.9033203
2011-03-15 00:00:00,820.0325480356266,823.7263883420935,698.1358179222227,705.5234985351562,4533400,3198420228.2592773
2011-03-16 00:00:00,831.1139088756632,834.8077484706662,760.9309565706072,783.093994140625,2978800,2332680389.7460938
2011-03-17 00:00:00,723.9927006474248,849.5832711678964,720.2988603379991,797.8695068359375,3450600,2753128520.288086
2011-03-18 00:00:00,823.7263558371026,845.8893968013296,816.3386755156936,842.195556640625,2595600,2186002786.8164062
2011-03-22 00:00:00,879.1342068803988,912.3787777288172,868.0526832642594,908.6849365234375,3140200,2853452437.6708984
2011-03-23 00:00:00,912.3786223144532,945.6231875000001,897.6032600097657,923.4601440429688,4280600,3952963492.590332
2011-03-24 00:00:00,916.0722751246352,960.3983529532467,912.3784353055843,949.3168334960938,3532000,3352987055.908203
2011-03-25 00:00:00,953.0109525537304,964.0924752578435,916.0725435400199,934.541748046875,2630800,2458592430.7617188
2011-03-28 00:00:00,941.9292528047337,945.6230930118111,919.7662115622693,938.2354125976562,1499200,1406602530.5664062
2011-03-29 00:00:00,927.0658340758062,945.6816138765251,908.4500542750872,934.5121459960938,1759400,1644180669.6655273
2011-03-30 00:00:00,949.4047662866025,982.9131698026002,941.9584543941585,975.4668579101562,2874000,2803491749.633789
2011-03-31 00:00:00,990.3595936126128,997.8059063465423,964.2974990438598,979.1901245117188,2034200,1991868551.2817383
2011-04-01 00:00:00,986.636474609375,997.8059441332547,971.7438485775353,986.636474609375,1601200,1579802323.1445312
2011-04-04 00:00:00,994.0827499795776,997.8059063465423,975.466968144754,979.1901245117188,1020800,999557279.1015625
2011-04-05 00:00:00,986.6364475354146,990.3596039412087,945.6817270716805,956.8511962890625,1697600,1624350590.8203125
2011-04-06 00:00:00,964.2976202078959,964.2976202078959,934.5123655296597,941.9586791992188,1756000,1654079440.6738281
2011-04-07 00:00:00,956.8511587105546,960.5743149701287,941.958533672258,949.4048461914062,1609000,1527592397.5219727
2011-04-08 00:00:00,949.4047662866025,979.1900138563782,938.2352984479365,975.4668579101562,2320400,2263473297.0947266
2011-04-11 00:00:00,971.7439209927003,979.1902345635256,960.5744506364623,964.297607421875,1248600,1204021992.6269531
2011-04-12 00:00:00,945.6817626953125,956.8512323334462,934.5122930571789,945.6817626953125,1745200,1650403812.2558594
2011-04-13 00:00:00,934.5122211531097,953.1280024509805,934.5122211531097,949.4048461914062,1010600,959468537.5610352
2011-04-14 00:00:00,941.958606149268,956.8512323334462,934.5122930571789,945.6817626953125,1593800,1507227593.383789
2011-04-15 00:00:00,945.6817626953125,956.8512323334462,941.958606149268,945.6817626953125,1165000,1101719253.540039
2011-04-18 00:00:00,945.6817864174784,945.6817864174784,919.6196899414062,919.6196899414062,1699800,1563169548.9624023
2011-04-19 00:00:00,908.4501342773438,919.6196031414095,901.0038217012999,908.4501342773438,1647800,1496944131.262207
2011-04-20 00:00:00,915.8965333019673,923.342846580845,908.4502200230895,919.6196899414062,848400,780205344.9462891
2011-04-21 00:00:00,923.3427124023438,934.5121806975334,919.6195563039472,923.3427124023438,1430800,1321118752.9052734
2011-04-22 00:00:00,915.8965576171876,934.5123413085938,912.1734008789064,930.7891845703125,1166800,1086044820.5566406
2011-04-25 00:00:00,960.5744506364623,979.1902345635256,956.8512938510497,964.297607421875,2961000,2855285215.576172
2011-04-26 00:00:00,956.8512817382813,971.7439086914063,953.1281250000001,968.020751953125,1070200,1035975808.7402344
2011-04-27 00:00:00,982.913318101415,990.3596311173349,971.7438485775353,986.636474609375,2139400,2110810073.7792969
2011-04-28 00:00:00,968.0206637912326,968.0206637912326,934.5122561984591,938.2354125976562,4093600,3840760485.0097656
2011-05-02 00:00:00,941.9584579163813,945.6816138765251,930.78899003595,934.5121459960938,1436400,1342333246.508789
2011-05-06 00:00:00,923.3428950253211,949.4049928687778,915.8965813557621,941.9586791992188,1973600,1859049649.2675781
2011-05-09 00:00:00,941.9586547851563,941.9586547851563,927.0660278320313,930.7891845703125,1592600,1482374855.3466797
2011-05-10 00:00:00,930.7890742658133,941.9585431570031,923.3427616716867,927.06591796875,1140600,1057411386.0351562
2011-05-11 00:00:00,934.5121806975334,934.5121806975334,923.3427124023438,923.3427124023438,963200,889363700.5859375
2011-05-12 00:00:00,919.6197143554688,923.3428710937501,912.1734008789064,912.1734008789062,765400,698177521.0327148
2011-05-13 00:00:00,912.1732525786093,912.1732525786093,889.8343157807658,901.0037841796875,1957200,1763444606.3964844
2011-05-16 00:00:00,901.0039306640625,904.7270874023438,893.5576171875001,893.5576171875,1137400,1016332433.7890625
2011-05-17 00:00:00,889.8344483434906,901.0039184063796,882.3881349682313,897.28076171875,1116600,1001903698.5351562
2011-05-18 00:00:00,901.0039067442118,919.6196899414062,897.2807501047729,919.6196899414062,1267800,1165893842.9077148
2011-05-19 00:00:00,927.065877110505,930.7890332434789,897.2806280467137,901.0037841796875,937600,844781148.046875
2011-05-20 00:00:00,901.0038941936729,919.6196771315587,901.0038941936729,904.72705078125,762000,689402012.6953125
2011-05-23 00:00:00,908.450244140625,908.450244140625,893.5576171875001,893.5576171875,820000,732717246.09375
2011-05-24 00:00:00,893.5575810185185,912.1733639564043,889.8344244309413,904.72705078125,1386400,1254313583.203125
2011-05-25 00:00:00,904.7268120488034,908.4499676539425,874.9415672076905,882.3878784179688,858600,757618232.409668
2011-05-26 00:00:00,889.8343010910419,897.2806132340631,886.1111450195312,886.1111450195312,1186800,1051636706.9091797
2011-05-27 00:00:00,882.3879889480206,897.2806132340631,878.66483287651,886.1111450195312,718800,636936691.0400391
2011-05-30 00:00:00,882.3878784179688,886.1110340231078,874.9415672076905,882.3878784179688,981800,866328419.0307617
2011-05-31 00:00:00,882.388042403991,927.06591796875,878.6648861069277,927.06591796875,1644400,1524467195.5078125
2011-06-01 00:00:00,915.8965576171876,919.6197143554688,904.7270874023438,912.1734008789062,1408800,1285069887.1582031
2011-06-02 00:00:00,893.5574636151714,930.7890245991368,893.5574636151714,923.3427124023438,1877400,1733483608.2641602
2011-06-03 00:00:00,915.8964468533875,941.9585408695408,904.7269779893218,908.4501342773438,2578800,2342711206.274414
2011-06-06 00:00:00,897.2806280467137,908.4500964456354,889.8343157807658,901.0037841796875,1402000,1263207305.4199219
2011-06-07 00:00:00,893.5574571625525,901.0037693055738,882.3879889480206,886.1111450195312,1655600,1467045611.694336
2011-06-08 00:00:00,901.0039184063796,908.450231781639,886.111291655861,897.28076171875,2302800,2066258138.0859375
2011-06-09 00:00:00,893.5576050311203,901.0039184063796,886.111291655861,897.28076171875,966200,866952671.9726562
2011-06-10 00:00:00,904.72705078125,912.1733639564043,897.2807376060957,904.72705078125,1372600,1241828349.9023438
2011-06-13 00:00:00,901.0038941936729,908.4502073688271,897.2807376060957,904.72705078125,835200,755628032.8125
2011-06-14 00:00:00,904.7269403126614,915.8964087115831,889.8343157807658,901.0037841796875,1727800,1556754338.305664
2011-06-15 00:00:00,923.3428710937501,938.235498046875,912.1734008789064,930.7891845703125,3391800,3157050756.225586
2011-06-16 00:00:00,919.6196031414095,923.3427594294313,904.7269779893218,908.4501342773438,1664200,1511842713.4643555
2011-06-17 00:00:00,904.7270750940093,908.450231781639,889.8344483434906,897.28076171875,1165800,1046049912.0117188
2011-06-20 00:00:00,904.7269403126614,912.1732525786093,889.8343157807658,901.0037841796875,1155600,1041199972.9980469
2011-06-21 00:00:00,901.004038740949,919.6198246653487,901.004038740949,915.8966674804688,1188600,1088634778.9672852
2011-06-22 00:00:00,923.3428234190453,945.6817626953125,923.3428234190453,945.6817626953125,1864400,1763129078.3691406
2011-06-23 00:00:00,934.5123655296597,949.4049928687778,927.0660518601006,941.9586791992188,1162400,1094932768.7011719
2011-06-24 00:00:00,949.4049320664517,960.5744018554688,949.4049320664517,960.5744018554688,1496600,1437595649.8168945
2011-06-27 00:00:00,960.5743888794907,960.5743888794907,941.958606149268,945.6817626953125,1387600,1312228013.9160156
2011-06-28 00:00:00,953.1279257968127,953.1279257968127,930.78899003595,934.5121459960938,1178800,1101602917.7001953
2011-06-29 00:00:00,945.6817253960503,945.6817253960503,930.7890997992621,938.2354125976562,1364600,1280316044.0307617
2011-06-30 00:00:00,938.235498046875,938.235498046875,923.3428710937501,930.7891845703125,1437400,1337916373.9013672
2011-07-01 00:00:00,945.6817754701126,964.2975584518077,941.9586188737736,960.5744018554688,2228400,2140543997.0947266
2011-07-04 00:00:00,968.0207519531251,982.91337890625,964.2975952148438,968.020751953125,2083200,2016580830.46875
2011-07-05 00:00:00,964.2975584518077,968.0207150481468,956.8512452591298,960.5744018554688,1000200,960766516.7358398
2011-07-06 00:00:00,964.2975584518077,971.7438716444858,956.8512452591298,960.5744018554688,1622800,1558820139.3310547
2011-07-07 00:00:00,964.297607421875,971.7439209927003,956.8512938510497,964.297607421875,1345400,1297366001.0253906
2011-07-08 00:00:00,975.4670654296875,982.91337890625,964.2975952148438,968.020751953125,1326200,1283789121.2402344
2011-07-11 00:00:00,960.5743149701287,968.020627489277,945.6816899318321,949.4048461914062,1220400,1158653674.2919922
2011-07-12 00:00:00,938.2353868599398,938.2353868599398,919.6196053746236,927.06591796875,1615000,1497211457.5195312
2011-07-13 00:00:00,919.6196899414062,934.5123164991618,915.8965333019673,919.6196899414062,1534600,1411248376.184082
2011-07-14 00:00:00,915.8964087115831,919.6195648445571,886.1111596477919,901.0037841796875,3488000,3142701199.21875
2011-07-15 00:00:00,901.004038740949,923.3429818502287,893.557724371189,915.8966674804688,3109400,2847889097.8637695
2011-07-19 00:00:00,915.8965576171876,919.6197143554688,904.7270874023438,912.1734008789062,1667200,1520775493.9453125
2011-07-20 00:00:00,923.3429818502287,930.7892962199886,904.7271959258289,915.8966674804688,1989800,1822451188.9526367
2011-07-21 00:00:00,915.8966674804688,923.3429818502287,901.004038740949,915.8966674804688,3167000,2900644745.9106445
2011-07-22 00:00:00,923.3428234190453,949.4049192413571,923.3428234190453,945.6817626953125,4057200,3836820047.607422
2011-07-25 00:00:00,945.6816177368164,964.2973976135254,941.9584617614746,953.1279296875,3584600,3416582376.7578125
2011-07-26 00:00:00,960.5744384765626,979.1902221679688,953.1281250000001,968.020751953125,3127400,3027388099.658203
2011-07-27 00:00:00,979.1902221679688,982.91337890625,953.1281250000001,968.020751953125,2240800,2169140900.9765625
2011-07-28 00:00:00,956.8512452591298,968.0207150481468,953.1280886627907,960.5744018554688,1384600,1330011316.809082
2011-07-29 00:00:00,938.2353019562375,949.404769836669,927.0658340758062,934.5121459960938,3068400,2867457068.774414
2011-08-01 00:00:00,979.1900138563782,982.9131698026002,968.0205460177123,975.4668579101562,3014000,2940057109.741211
2011-08-02 00:00:00,994.0828491210938,997.8060058593751,956.8512817382813,968.020751953125,2592400,2509496997.3632812
2011-08-03 00:00:00,941.9585689968533,949.4048817952473,930.7890997992621,938.2354125976562,2847800,2671906807.9956055
2011-08-04 00:00:00,945.6817754701126,971.7438716444858,927.0659924884175,960.5744018554688,3360000,3227529990.234375
2011-08-05 00:00:00,915.8965576171876,919.6197143554688,897.2807739257813,912.1734008789062,2843200,2593491413.3789062
2011-08-08 00:00:00,901.0036340178805,912.1731005552923,878.664700943057,889.8341674804688,2575800,2292034848.5961914
2011-08-09 00:00:00,852.6029894598599,867.4956180967134,819.0945750269397,863.7724609375,3826200,3304966190.0390625
2011-08-10 00:00:00,863.7724609375,863.7724609375,863.7724609375,863.7724609375,1455600,1257307194.140625
2011-08-11 00:00:00,845.1567000679347,860.0493291440217,841.433542798913,856.326171875,1515000,1297334150.390625
2011-08-12 00:00:00,856.326171875,856.326171875,856.326171875,856.326171875,1207600,1034099485.15625
2011-08-15 00:00:00,863.7724864130435,867.4956436820652,845.1567000679347,856.326171875,1728000,1479731625.0
2011-08-16 00:00:00,867.49560546875,878.6650767837983,867.49560546875,867.49560546875,1308800,1135378248.4375
2011-08-17 00:00:00,856.3261466190733,867.4956180967134,856.3261466190733,863.7724609375,542200,468337428.3203125
2011-08-18 00:00:00,830.2638549804688,830.2638549804688,830.2638549804688,830.2638549804688,2291400,1902466597.302246
2011-08-19 00:00:00,804.2017062205189,811.6480183151533,781.8627699366156,789.30908203125,1515800,1196434706.5429688
2011-08-22 00:00:00,796.7556694216845,815.3714560904154,759.5240960842226,763.2472534179688,2241800,1711047692.7124023
2011-08-23 00:00:00,770.69334763747,781.8628164438101,755.8007225623497,774.41650390625,1478400,1144897359.375
2011-08-24 00:00:00,789.3093547541921,796.7556694216845,752.0777814167302,763.2472534179688,2165800,1653040901.4526367
2011-08-25 00:00:00,774.4165541033879,807.9249626943998,774.4165541033879,796.7554931640625,1543600,1229871779.2480469
2011-08-26 00:00:00,789.3091812482163,819.0944333707905,781.8628682175728,815.3712768554688,1491800,1216370870.8129883
2011-08-29 00:00:00,822.8174438476562,837.7100672657134,807.9248204295991,822.8174438476562,1241200,1021281011.3037109
2011-08-30 00:00:00,833.9871361669593,841.4334498827358,826.5408224511829,830.8060913085938,954000,792589011.1083984
2011-08-31 00:00:00,830.2637555566848,830.2637555566848,815.3711321386277,822.8174438476562,775200,637848082.4707031
2011-09-01 00:00:00,833.9869384765625,837.7100944519043,826.5406265258789,833.9869384765625,579000,482878437.3779297
2011-09-02 00:00:00,819.0945814282114,822.8177386165214,793.032481110041,807.9251098632812,1579600,1276198503.540039
2011-09-05 00:00:00,789.30907849298,796.7553905542345,763.2469862785891,770.6932983398438,1829400,1409906319.9829102
2011-09-06 00:00:00,759.5238739938447,759.5238739938447,729.7386240333018,737.1849365234375,1719000,1267220905.883789
2011-09-07 00:00:00,755.8007933361696,763.2471065710087,748.3544801013305,752.07763671875,1023200,769525837.890625
2011-09-08 00:00:00,770.6934697193465,778.1397834364417,748.3545285680611,755.8008422851562,1081800,817625351.184082
2011-09-09 00:00:00,752.0774919098499,763.2469596114813,744.6311801087622,759.5238037109375,1213600,921758088.1835938
2011-09-12 00:00:00,726.0155886319017,733.4619023614597,711.1229611727857,718.5692749023438,1421800,1021661795.0561523
2011-09-13 00:00:00,722.2923951440928,733.4618651720941,711.1229251160913,729.7387084960938,895200,653262091.8457031
2011-09-14 00:00:00,726.0155391693115,748.3544788360596,711.1229127248129,714.8460693359375,1222800,874113773.5839844
2011-09-15 00:00:00,733.4618651720941,740.9081785240951,722.2923951440928,729.7387084960938,1049000,765495905.2124023
2011-09-16 00:00:00,744.6313234839109,774.4165764232673,740.9081668664913,752.07763671875,1369400,1029895115.7226562
2011-09-20 00:00:00,748.3544052586411,752.077561503709,733.4617802783697,737.1849365234375,649400,478727897.7783203
2011-09-21 00:00:00,737.1850102490719,766.9702631884282,733.4618536316523,752.07763671875,1193000,897228620.6054688
2011-09-22 00:00:00,733.4619750976562,744.631446799651,729.7388178636579,733.4619750976562,859200,630190529.0039062
2011-09-26 00:00:00,737.1850729549633,737.1850729549633,688.7840328114555,696.2303466796875,1257200,875300791.8457031
2011-09-27 00:00:00,714.8461180375648,733.4619023614597,711.1229611727857,718.5692749023438,1015800,729922669.4458008
2011-09-28 00:00:00,737.3799472557106,748.6663750198287,733.6178046676713,741.14208984375,839000,621818213.3789062
2011-09-29 00:00:00,733.6177725443025,771.2391967773438,729.8556301209984,771.2391967773438,912000,703370147.4609375
2011-09-30 00:00:00,771.2392511978525,775.0013938866225,752.4285377540024,763.7149658203125,827000,631592276.7333984
2011-10-03 00:00:00,744.9042358398438,756.1906636555989,737.3799506293402,744.9042358398438,667800,497447048.69384766
2011-10-04 00:00:00,726.0936964385363,744.9044139628508,722.3315529336735,737.380126953125,687200,506727623.2421875
2011-10-05 00:00:00,744.9044139628508,748.6665574677137,733.6179834482621,737.380126953125,875000,645207611.0839844
2011-10-06 00:00:00,752.4283447265625,763.714769897461,744.9040612792969,752.4283447265625,660000,496602707.51953125
2011-10-07 00:00:00,771.2393276508037,793.8121860210712,767.4771845890925,782.5257568359375,1193000,933553227.9052734
2011-10-11 00:00:00,805.0986152062048,808.8607582679161,778.7636137742262,782.5257568359375,1037600,811948725.2929688
2011-10-12 00:00:00,775.0013532866702,793.8120657450845,771.2392107949873,786.2877807617188,461800,363107697.1557617
2011-10-13 00:00:00,797.574232313368,816.3849453396267,793.8120897081163,812.622802734375,821400,667488370.1660156
2011-10-14 00:00:00,812.6228478598933,823.9092763023918,790.0499909748963,793.8121337890625,1357200,1077361827.9785156
2011-10-17 00:00:00,812.6227993277616,820.1470845067224,805.0985141488009,808.8606567382812,532400,430637413.64746094
2011-10-18 00:00:00,797.5741046655959,808.8605306750146,797.5741046655959,805.098388671875,443400,356980625.5371094
2011-10-19 00:00:00,808.8607050457272,808.8607050457272,790.0499909748963,793.8121337890625,340000,269896125.48828125
2011-10-20 00:00:00,778.763481623952,782.5256240472561,767.4770543540396,771.2391967773438,616000,475083345.21484375
2011-10-21 00:00:00,771.2392107949873,790.0499232534016,771.2392107949873,786.2877807617188,441200,346910168.8720703
2011-10-24 00:00:00,805.0984642658758,820.1470336914062,801.3363219094932,820.1470336914062,691600,567213688.5009766
2011-10-25 00:00:00,827.671373155382,831.4335157606337,808.8606601291232,812.622802734375,434000,352678296.38671875
2011-10-26 00:00:00,797.5742952548964,827.6714384720623,793.8121523527507,816.385009765625,417600,340922380.078125
2011-10-27 00:00:00,823.9091939199132,842.7199061098655,816.3849090439322,838.957763671875,552600,463608060.2050781
2011-10-28 00:00:00,861.5304895071039,906.6761920140264,857.7683476315269,891.6276245117188,2181000,1944639849.0600586
2011-10-31 00:00:00,887.8656514049088,906.6763643584026,876.5792236328125,876.5792236328125,1383800,1213010329.663086
2011-11-01 00:00:00,876.5792783266538,891.627849628399,869.0549926757812,869.0549926757812,1718400,1493384099.4140625
2011-11-02 00:00:00,854.0062255859375,861.5305095118048,846.4819416600702,854.0062255859375,832200,710703980.9326172
2011-11-04 00:00:00,865.2931072331276,906.6766906225381,865.2931072331276,895.3902587890625,1458600,1306016231.4697266
2011-11-07 00:00:00,902.9139971234309,906.6761387781119,884.1032888500262,899.15185546875,930400,836570886.328125
2011-11-08 00:00:00,887.8657068029627,895.3899924538352,869.0549926757812,869.0549926757812,719200,625024350.7324219
2011-11-09 00:00:00,876.5791662493323,880.34130859375,872.8170239049144,880.34130859375,558800,491934723.2421875
2011-11-10 00:00:00,854.0062790256076,857.7684212239583,842.7198524305555,846.4819946289062,815600,690390714.8193359
2011-11-11 00:00:00,850.2440185546875,854.0061602297081,831.4333101795837,850.2440185546875,488600,415429227.4658203
2011-11-14 00:00:00,869.0549926757812,884.1035639775264,869.0549926757812,869.0549926757812,554800,482151709.93652344
2011-11-15 00:00:00,869.0548593621504,872.8170016104715,854.0062903688664,857.7684326171875,416800,357517882.71484375
2011-11-16 00:00:00,857.7684326171875,876.5791438587925,854.0062903688664,857.7684326171875,511000,438319669.0673828
2011-11-17 00:00:00,842.7198075873362,869.0548015744405,838.9576655891784,861.530517578125,531800,458161929.2480469
2011-11-18 00:00:00,846.4819416600702,857.7683675488712,835.1955157712694,854.0062255859375,899400,768093199.2919922
2011-11-21 00:00:00,835.1956686777611,842.7199539811644,812.6228127675513,823.9092407226562,783600,645615281.0302734
2011-11-22 00:00:00,816.385009765625,831.433581374208,808.8607239613335,816.385009765625,956000,780464069.3359375
2011-11-24 00:00:00,805.0985038325472,812.6227889150944,797.57421875,797.57421875,551000,439463394.53125
2011-11-25 00:00:00,801.3363612912735,812.6227889150944,790.0499336674528,797.57421875,571400,455733908.59375
2011-11-28 00:00:00,808.8606701158498,823.9092407226562,805.0985274641481,823.9092407226562,781400,643802680.7006836
2011-11-29 00:00:00,827.6712836371527,846.4819946289061,827.6712836371527,846.4819946289062,565000,478262326.96533203
2011-11-30 00:00:00,838.957763671875,846.482048547856,831.4334787958941,838.957763671875,758400,636265567.96875
2011-12-01 00:00:00,865.2926595762827,872.8169435725982,857.7683755799671,861.530517578125,555000,478149437.2558594
2011-12-02 00:00:00,869.0549926757812,872.8171355012175,861.5307070249087,869.0549926757812,429200,372998402.8564453
2011-12-05 00:00:00,869.0550507918648,872.8171938688859,850.2443354067594,865.2929077148438,371200,321196727.34375
2011-12-06 00:00:00,861.530563422309,865.2927056206597,842.7198524305555,846.4819946289062,271800,230073806.14013672
2011-12-07 00:00:00,846.4820204109982,872.8170166015625,842.7198780980603,872.8170166015625,789800,689350879.7119141
2011-12-08 00:00:00,869.0547269297912,869.0547269297912,831.4333101795837,850.2440185546875,1257400,1069096828.9306641
2011-12-09 00:00:00,827.6713997977121,846.4821134294782,827.6713997977121,842.719970703125,1329400,1120311929.0527344
2011-12-12 00:00:00,857.7683675488712,861.5305095118048,842.7197996971366,854.0062255859375,391000,333916434.20410156
2011-12-13 00:00:00,838.9578279767717,850.2442561558314,838.9578279767717,842.719970703125,534400,450349552.34375
2011-12-14 00:00:00,846.4821134294782,854.0063988821847,838.9578279767717,842.719970703125,652000,549453420.8984375
2011-12-15 00:00:00,835.1956031169366,838.9577454733192,820.1470336914062,820.1470336914062,371200,304438578.90625
2011-12-16 00:00:00,827.6713184041714,831.433460760554,816.3848913350237,820.1470336914062,414600,340032960.16845703
2011-12-19 00:00:00,816.3849314563679,820.1470739976415,786.2877911261792,797.57421875,566400,451746037.5
2011-12-20 00:00:00,801.3362466687354,808.8605306750146,793.8119626624563,805.098388671875,411600,331378496.77734375
2011-12-21 00:00:00,816.3848913350237,823.9091760477888,812.622748978641,820.1470336914062,364400,298861579.07714844
2011-12-22 00:00:00,820.1469566844335,820.1469566844335,801.3362466687354,805.098388671875,312600,251673756.29882812
2011-12-26 00:00:00,816.384941917242,816.384941917242,805.0985141488009,808.8606567382812,306400,247834905.22460938
2011-12-27 00:00:00,801.3364194173948,805.098562231561,793.8121337890625,793.8121337890625,373600,296568213.18359375
2011-12-28 00:00:00,790.0499232534016,793.8120657450845,778.7634957783531,786.2877807617188,549200,431829249.19433594
2011-12-29 00:00:00,782.5256382700359,786.2877807617188,775.0013532866702,786.2877807617188,423200,332756988.8183594
2011-12-30 00:00:00,786.2878481607302,793.8121337890625,782.525705346564,793.8121337890625,230800,183211840.47851562
2012-01-04 00:00:00,808.8607239613335,823.9092955699165,801.3364381570422,816.385009765625,468600,382558015.5761719
2012-01-05 00:00:00,820.1470336914062,831.433460760554,816.3848913350237,820.1470336914062,368600,302306196.61865234
2012-01-06 00:00:00,827.6713833743578,831.4335260260594,808.8606701158498,823.9092407226562,480000,395476435.546875
2012-01-10 00:00:00,827.6713184041714,827.6713184041714,812.622748978641,820.1470336914062,309200,253589462.8173828
2012-01-11 00:00:00,816.3846577037465,827.6710815429688,812.6225164240057,827.6710815429688,269800,223305657.80029297
2012-01-12 00:00:00,823.9091573365977,823.9091573365977,797.5741614399941,801.3363037109375,658400,527599822.36328125
2012-01-13 00:00:00,797.5742082367674,801.3363507284503,778.7634957783531,786.2877807617188,1469200,1155214007.4951172
2012-01-16 00:00:00,778.7634238826419,786.287708171363,771.2391395939206,775.0012817382812,620000,480500794.6777344
2012-01-17 00:00:00,775.001285571407,786.287712060311,775.001285571407,778.763427734375,739600,575973431.1523438
2012-01-18 00:00:00,759.9527695074314,778.763481623952,752.4284846608231,771.2391967773438,1555000,1199276950.9887695
2012-01-19 00:00:00,775.0014197182315,797.5742766032287,775.0014197182315,793.8121337890625,629000,499307832.1533203
2012-01-20 00:00:00,823.9093108306059,838.957882717923,812.6228819151182,835.1957397460938,1869400,1561314915.8813477
2012-01-23 00:00:00,865.2927171138294,876.5791438587925,846.4820058722245,857.7684326171875,2123400,1821385489.819336
2012-01-24 00:00:00,854.0062790256076,857.7684212239583,835.1955680338541,846.4819946289062,987000,835477728.6987305
2012-01-25 00:00:00,850.2440836230039,861.5305095118048,842.7197996971366,854.0062255859375,1234200,1054014483.6181641
2012-01-26 00:00:00,820.1471301850819,820.1471301850819,786.2878449939546,790.0499877929688,4226200,3338909258.4106445
2012-01-27 00:00:00,782.5256792641625,782.5256792641625,756.1906804427724,763.7149658203125,3894000,2973906076.904297
2012-01-30 00:00:00,763.714945371986,767.4770879600253,737.3799472557106,741.14208984375,2457200,1821134343.1640625
2012-01-31 00:00:00,748.6663885164024,763.7149591398477,741.1421032046798,756.190673828125,3171800,2398485579.248047
2012-02-01 00:00:00,752.4283447265625,759.9526281738281,752.4283447265625,752.4283447265625,563200,423767643.75
2012-02-02 00:00:00,752.4285409964767,767.4771118164062,748.6663982914944,767.4771118164062,1079600,828568289.9169922
2012-02-03 00:00:00,759.9529418945312,767.4772284479425,756.1907986178256,759.9529418945312,706400,536830758.1542969
2012-02-06 00:00:00,775.0013972263711,775.0013972263711,763.7149691114239,767.4771118164062,602200,462174716.73583984
2012-02-07 00:00:00,771.2393276508037,786.2878998976487,767.4771845890925,782.5257568359375,1426800,1116507749.8535156
2012-02-08 00:00:00,778.7636137742262,786.2878998976487,775.001470712515,782.5257568359375,559800,438057918.6767578
2012-02-09 00:00:00,775.001285571407,782.525569897343,775.001285571407,778.763427734375,533000,415080906.9824219
2012-02-10 00:00:00,782.5256240472561,782.5256240472561,763.7149119307355,771.2391967773438,683200,526910619.23828125
2012-02-13 00:00:00,767.4770543540396,771.2391967773438,759.9527695074314,771.2391967773438,454800,350759586.69433594
2012-02-14 00:00:00,775.0013392006479,778.763481623952,763.7149119307355,771.2391967773438,610600,470918653.5522461
2012-02-15 00:00:00,775.0014197182315,797.5742766032287,771.2392769040654,793.8121337890625,1487200,1180557405.3710938
2012-02-16 00:00:00,790.0499877929688,797.5742733909971,782.5257021949405,790.0499877929688,1324200,1046184193.8354492
2012-02-17 00:00:00,805.0984459818808,805.0984459818808,793.8120191690507,801.3363037109375,824000,660301114.2578125
2012-02-20 00:00:00,808.8605882528242,812.6227305237676,797.5741614399941,801.3363037109375,731600,586257639.7949219
2012-02-21 00:00:00,801.3362466687354,812.6226726781542,801.3362466687354,805.098388671875,794400,639570159.9609375
2012-02-22 00:00:00,805.0984642658758,823.9091760477888,801.3363219094932,820.1470336914062,1231600,1010093086.6943359
2012-02-23 00:00:00,823.908940263228,831.4332228227096,812.6225164240057,827.6710815429688,1010800,836609929.2236328
2012-02-24 00:00:00,831.4332275390625,838.957510141226,823.908944936899,831.4332275390625,688600,572524920.4833984
2012-02-27 00:00:00,842.7199061098655,850.2441909858464,835.1956212338846,838.957763671875,1396200,1171352829.6386719
2012-02-28 00:00:00,831.4332275390625,835.1953688401442,820.1468036358173,831.4332275390625,1026200,853216778.1005859
2012-02-29 00:00:00,812.6228478598933,827.671419116558,786.2878481607302,793.8121337890625,3325800,2640060394.555664
2012-03-01 00:00:00,790.0499232534016,805.0984932201332,775.0013532866702,786.2877807617188,1498600,1178330868.2495117
2012-03-02 00:00:00,790.0499909748963,793.8121337890625,778.7635625323977,793.8121337890625,984200,781269902.0751953
2012-03-05 00:00:00,786.287712060311,793.811996386247,775.001285571407,778.763427734375,688800,536412249.0234375
2012-03-06 00:00:00,778.7635399313534,786.2878253413181,763.7149691114239,767.4771118164062,969000,743685321.3500977
2012-03-07 00:00:00,759.9527695074314,771.2391967773438,756.1906270841272,771.2391967773438,753000,580743115.1733398
2012-03-08 00:00:00,775.0012817382812,782.5255660270024,775.0012817382812,775.0012817382812,460400,356810590.1123047
2012-03-09 00:00:00,793.8121860210712,797.5743290827825,782.5257568359375,782.5257568359375,1389800,1087554296.850586
2012-03-12 00:00:00,793.8121860210712,797.5743290827825,782.5257568359375,782.5257568359375,495000,387350249.63378906
2012-03-13 00:00:00,793.8120513171684,793.8120513171684,767.4770543540396,771.2391967773438,1770400,1365401873.9746094
2012-03-14 00:00:00,782.5256240472561,790.0499088938643,771.2391967773438,771.2391967773438,1302200,1004307682.043457
2012-03-15 00:00:00,771.239143408439,782.525569897343,767.477001245471,778.763427734375,1543400,1201943474.3652344
2012-03-16 00:00:00,778.763427734375,782.525569897343,771.239143408439,778.763427734375,977200,761007621.5820312
2012-03-19 00:00:00,782.5256382700359,786.2877807617188,778.7634957783531,786.2877807617188,543600,427426037.6220703
2012-03-21 00:00:00,786.2878449939546,793.812130591983,782.5257021949405,790.0499877929688,1169400,923884455.7250977
2012-03-22 00:00:00,793.8120897081163,827.671373155382,793.8120897081163,812.622802734375,3971400,3227250198.779297
2012-03-23 00:00:00,838.9576667001314,842.719808703271,801.3362466687354,805.098388671875,2563600,2063950229.1992188
2012-03-26 00:00:00,805.0985038325472,812.6227889150944,797.57421875,797.57421875,899200,717178737.5
2012-03-27 00:00:00,805.0985141488009,812.6227993277616,801.3363715593205,808.8606567382812,1005600,813390276.4160156
2012-03-28 00:00:00,816.4555582868943,835.4428968517058,808.8606228609697,827.8479614257812,1181800,978350720.8129883
2012-03-29 00:00:00,827.8479789838399,835.4429145708475,816.4555756033283,831.6454467773438,918000,763450520.1416016
2012-03-30 00:00:00,835.4428968517058,839.2403645646681,827.8479614257812,827.8479614257812,851600,704995323.9501953
2012-04-02 00:00:00,827.8479789838399,835.4429145708475,820.2530433968321,831.6454467773438,1129200,939094038.5009766
2012-04-03 00:00:00,835.4429408482142,835.4429408482142,820.2530691964286,824.050537109375,989200,815150791.3085938
2012-04-04 00:00:00,824.050537109375,827.8480050223213,797.46826171875,797.46826171875,697200,555994872.0703125
2012-04-05 00:00:00,789.8732477945574,801.2656504069789,782.2783127196097,793.6707153320312,853600,677477322.6074219
2012-04-06 00:00:00,789.8732733242753,793.6707409844881,782.2783380038496,786.0758056640625,660400,519124462.0605469
2012-04-09 00:00:00,778.4809221540178,782.2783900669642,770.885986328125,770.885986328125,444000,342273377.9296875
2012-04-10 00:00:00,774.6833749903311,778.4808425147935,759.4935048924815,767.0884399414062,1098000,842263107.0556641
2012-04-11 00:00:00,751.8987595447943,763.2911649924426,751.8987595447943,755.6962280273438,1117200,844263825.9521484
2012-04-12 00:00:00,763.2910505022321,782.2783900669642,759.4935825892857,770.885986328125,1857600,1431997808.203125
2012-04-13 00:00:00,793.6708742029527,801.2658107981963,770.886064417222,774.6835327148438,1844600,1428981244.4458008
2012-04-16 00:00:00,770.8859511038556,770.8859511038556,755.6960801461443,763.291015625,948200,723752541.015625
2012-04-17 00:00:00,763.291015625,770.8859511038556,759.4935478855721,763.291015625,498600,380576900.390625
2012-04-18 00:00:00,774.6835060489988,786.0759105497193,774.6835060489988,782.2784423828125,756000,591402502.4414062
2012-04-19 00:00:00,778.4809742159056,789.8733787166261,770.8860378820918,782.2784423828125,1106400,865512868.6523438
2012-04-20 00:00:00,782.2783555250901,789.873291015625,774.6834200345553,789.873291015625,645200,509626247.36328125
2012-04-23 00:00:00,793.670846883533,797.4683150504399,774.6835060489988,782.2784423828125,889200,695601990.9667969
2012-04-24 00:00:00,770.886064417222,778.4810010124655,770.886064417222,774.6835327148438,516600,400201513.0004883
2012-04-25 00:00:00,786.0759105497193,789.8733787166261,774.6835060489988,782.2784423828125,766800,599851109.6191406
2012-04-26 00:00:00,793.6707938058036,808.8606654575892,789.8733258928571,797.46826171875,1595600,1272440358.3984375
2012-04-27 00:00:00,816.4556100435345,831.645481858298,812.6581420898438,812.6581420898438,1639000,1331946694.885254
2012-05-01 00:00:00,797.46826171875,812.6581333705357,797.46826171875,797.46826171875,570000,454556909.1796875
2012-05-02 00:00:00,812.658159406795,824.0505635106285,805.0632233375726,816.4556274414062,1119000,913613847.1069336
2012-05-07 00:00:00,793.6708110791247,805.0632150659064,793.6708110791247,801.2657470703125,686000,549668302.4902344
2012-05-08 00:00:00,808.8605854819266,812.6580530194004,793.6707153320312,793.6707153320312,924400,733669209.2529297
2012-05-09 00:00:00,793.670846883533,801.2657832173468,778.4809742159056,782.2784423828125,967200,756619709.4726562
2012-05-10 00:00:00,767.0884399414062,774.6833749903311,759.4935048924815,767.0884399414062,1450000,1112278237.915039
2012-05-11 00:00:00,767.0884917288116,778.4808950713187,744.3036850437974,751.8986206054688,1402400,1054462625.5371094
2012-05-14 00:00:00,748.1012573242188,759.4936622580901,740.5063207016378,748.1012573242188,856000,640374676.2695312
2012-05-15 00:00:00,740.5062079675419,740.5062079675419,721.5188693017075,736.708740234375,1508800,1111546147.265625
2012-05-16 00:00:00,736.708686549002,751.8985563747545,717.7213492668112,725.3162841796875,1072200,777684119.8974609
2012-05-17 00:00:00,717.7215108338952,755.6961939467997,717.7215108338952,748.1012573242188,942200,704861004.6508789
2012-05-18 00:00:00,729.1137222782259,729.1137222782259,698.7339838499664,706.3289184570312,1385000,978265552.0629883
2012-05-21 00:00:00,706.3288756997828,717.7212769207471,702.531408626128,710.1263427734375,955600,678596733.1542969
2012-05-22 00:00:00,721.5188241512217,725.3162916467545,710.1264216646234,713.9238891601562,863400,616401885.9008789
2012-05-23 00:00:00,710.1264551715121,713.9239228462261,691.1391167979423,694.9365844726562,1092200,759009737.5610352
2012-05-24 00:00:00,702.5315989618716,713.9240032693615,683.5442584493886,698.734130859375,846400,591408568.359375
2012-05-25 00:00:00,706.329094184624,706.329094184624,687.3417529431018,691.1392211914062,497000,343496192.9321289
2012-05-28 00:00:00,691.1391866048177,694.936654663086,679.746782430013,683.5442504882812,584800,399736677.6855469
2012-05-29 00:00:00,683.5442584493886,698.734130859375,675.9493222443954,698.734130859375,507200,354397951.171875
2012-05-30 00:00:00,691.1391866048177,694.936654663086,668.3543782552083,683.5442504882812,906400,619564508.6425781
2012-05-31 00:00:00,672.1518799498841,691.1392211914062,668.3544117015797,691.1392211914062,632200,436938215.63720703
2012-06-01 00:00:00,679.746801266725,687.3417375937275,656.9619922857174,660.7594604492188,585800,387072891.93115234
2012-06-04 00:00:00,637.9747480584319,645.5696855353181,634.1772793199889,641.772216796875,509000,326662058.3496094
2012-06-05 00:00:00,641.7721196317124,664.55692861272,641.7721196317124,660.7594604492188,664800,439272889.3066406
2012-06-06 00:00:00,664.556926916976,691.1392039936551,660.7594587631647,687.3417358398438,790000,542999971.3134766
2012-06-07 00:00:00,687.3417358398438,687.3417358398438,687.3417358398438,687.3417358398438,712000,489387315.91796875
2012-06-08 00:00:00,694.9366818545909,694.9366818545909,675.9493408203125,675.9493408203125,1010800,683249593.7011719
2012-06-11 00:00:00,691.1391946543819,706.3290670643682,687.3417265518852,698.734130859375,667800,466614652.5878906
2012-06-12 00:00:00,687.3416491232283,702.5315198220842,683.5441814485143,694.9365844726562,571800,397364739.00146484
2012-06-13 00:00:00,698.7340873099663,710.1264909074114,694.9366194441512,702.5315551757812,611200,429387286.5234375
2012-06-14 00:00:00,691.1391167979423,702.5315198220842,683.5441814485143,694.9365844726562,890800,619049509.4482422
2012-06-15 00:00:00,702.5315551757812,706.3290230415963,694.9366194441512,702.5315551757812,499400,350844258.65478516
2012-06-18 00:00:00,717.721356655689,721.5188241512217,706.3289541690907,713.9238891601562,593600,423785220.60546875
2012-06-19 00:00:00,702.5315551757812,706.3290230415963,694.9366194441512,702.5315551757812,660000,463670826.4160156
2012-06-20 00:00:00,706.3289184570312,713.9238530640962,706.3289184570312,706.3289184570312,840200,593457557.2875977
2012-06-21 00:00:00,710.1263857605637,717.7213203676286,698.7339838499664,706.3289184570312,838400,592186165.234375
2012-06-22 00:00:00,694.9365516824924,721.5188241512217,694.9365516824924,713.9238891601562,515800,368241942.0288086
2012-06-25 00:00:00,725.3162110680565,729.1136781417113,710.1263427734375,710.1263427734375,273200,194006516.84570312
2012-06-26 00:00:00,713.9238530640962,717.7213203676286,698.7339838499664,706.3289184570312,486600,343699651.7211914
2012-06-27 00:00:00,702.5316236384962,721.5189648179149,694.9366871667287,717.7214965820312,798600,573172387.1704102
2012-06-28 00:00:00,717.7213921797903,721.5188598632812,713.9239244962993,721.5188598632812,504200,363789809.1430664
2012-06-29 00:00:00,706.3288637467616,736.7085998218912,706.3288637467616,732.9111328125,651200,477271729.6875
2012-07-02 00:00:00,736.7085812886556,740.5060482025146,729.1136474609375,729.1136474609375,330600,241044971.85058594
2012-07-03 00:00:00,729.1137516361257,740.5061540054401,721.5188167232493,725.3162841796875,723400,524693799.97558594
2012-07-04 00:00:00,729.1136474609375,736.7085812886556,725.3161805470785,729.1136474609375,414000,301853050.0488281
2012-07-05 00:00:00,725.3163370348744,736.708740234375,725.3163370348744,736.708740234375,262800,193607056.93359375
2012-07-06 00:00:00,736.7085812886556,748.1009820302328,717.7212467193604,729.1136474609375,790400,576291426.953125
2012-07-09 00:00:00,710.1263457141838,710.1263457141838,694.9364773566612,698.0811157226562,938800,655358551.4404297
2012-07-10 00:00:00,694.9366993824198,702.5316359876921,675.9493578692388,679.746826171875,1007600,684912902.0507812
2012-07-11 00:00:00,668.3542570378895,679.74665914649,668.3542570378895,670.2529907226562,647400,433921786.19384766
2012-07-12 00:00:00,672.1519165039062,675.9493849587307,656.962042684609,672.1519165039062,491400,330295451.77001953
2012-07-13 00:00:00,653.164541015625,672.1518823242187,653.164541015625,664.5569458007812,610800,405911382.4951172
2012-07-17 00:00:00,660.7592404387718,664.5567073378452,649.3668397415516,653.164306640625,574000,374916312.01171875
2012-07-18 00:00:00,649.3670131138392,653.1644810267857,634.1771414620536,637.974609375,653200,416725014.84375
2012-07-19 00:00:00,637.9745160277902,649.3669180997149,630.3795813131736,635.553955078125,889800,565515909.2285156
2012-07-20 00:00:00,634.1771850585938,645.5695895806044,626.5822487105867,634.1771850585938,846800,537021240.3076172
2012-07-23 00:00:00,618.9873316036247,622.7847998956715,603.7974584354376,611.3923950195312,581200,355341259.98535156
2012-07-24 00:00:00,596.2023609302662,622.7846317997685,588.6074263961226,615.189697265625,821200,505193779.39453125
2012-07-25 00:00:00,599.9998858051915,603.7973534368699,584.8100152784777,588.6074829101562,902000,530923949.58496094
2012-07-26 00:00:00,588.607457640824,603.797327515426,584.8099901721736,596.202392578125,504200,300605246.3378906
2012-07-27 00:00:00,618.9872355633472,653.1644448889308,615.1897678605045,630.379638671875,1348800,850256056.640625
2012-07-30 00:00:00,641.7720083493238,653.1644108644006,641.7720083493238,649.366943359375,753000,488973308.3496094
2012-07-31 00:00:00,649.3670559587149,664.55692861272,641.7721196317124,660.7594604492188,844800,558209592.1875
2012-08-01 00:00:00,656.9617735396984,660.7592404387718,649.3668397415516,653.164306640625,592800,387195800.9765625
2012-08-02 00:00:00,656.9619922857174,664.55692861272,649.3670559587149,660.7594604492188,414600,273950872.3022461
2012-08-03 00:00:00,653.1644078696646,653.1644078696646,622.78466796875,622.78466796875,974400,606841380.46875
2012-08-06 00:00:00,653.1644139794779,660.7593490257509,645.5694789332049,652.9263305664062,563600,367989279.90722656
2012-08-07 00:00:00,637.9746514682112,660.7594604492188,634.17718330471,660.7594604492188,526400,347823779.98046875
2012-08-08 00:00:00,664.55692861272,672.1518649397225,656.9619922857174,660.7594604492188,805800,532439973.22998047
2012-08-09 00:00:00,656.9620092773438,668.3544140625,653.164541015625,664.5569458007812,653000,433955685.60791016
2012-08-10 00:00:00,664.5569458007812,672.1518823242187,660.7594775390625,664.5569458007812,530800,352746826.8310547
2012-08-13 00:00:00,668.354448049082,672.1519165039062,664.5569795942577,672.1519165039062,169000,113593673.88916016
2012-08-14 00:00:00,672.1518895666027,687.3417627771473,668.3544212639665,679.746826171875,772800,525308347.265625
2012-08-15 00:00:00,683.5443218683793,683.5443218683793,664.5569795942577,672.1519165039062,405600,272624817.3339844
2012-08-16 00:00:00,675.9493313784099,687.3417358398438,675.9493313784099,687.3417358398438,420400,288958465.7470703
2012-08-17 00:00:00,687.3416491232283,694.9365844726562,687.3416491232283,694.9365844726562,400000,277974633.7890625
2012-08-20 00:00:00,698.7340521473702,698.7340521473702,683.5441814485143,694.9365844726562,445400,309524754.7241211
2012-08-21 00:00:00,694.9365833332004,702.5315186701753,691.1391156647129,697.1828002929688,337200,235090040.25878906
2012-08-22 00:00:00,694.936654663086,698.7341227213542,672.1518463134765,683.5442504882812,791000,540683502.1362305
2012-08-23 00:00:00,675.9493578692388,683.5442944745112,660.7594846586942,679.746826171875,751200,510625815.8203125
2012-08-24 00:00:00,660.7592404387718,664.5567073378452,645.5693728424782,653.164306640625,934600,610447360.9863281
2012-08-27 00:00:00,653.1645163143382,653.1645163143382,637.9746438419118,645.569580078125,491600,317362005.56640625
2012-08-28 00:00:00,645.5694912997159,649.3669588955967,622.7846857244318,626.5821533203125,688400,431339154.3457031
2012-08-29 00:00:00,622.7847032661898,634.1771063747177,622.7847032661898,630.379638671875,302400,190626802.734375
2012-08-30 00:00:00,630.379566333912,634.1770336009838,611.3922299985533,615.189697265625,465400,286309285.1074219
2012-08-31 00:00:00,607.5948210685484,615.1897563319052,588.6074829101562,588.6074829101562,763800,449578395.44677734
2012-09-03 00:00:00,596.2025051116943,626.5822505950928,592.4050369262695,607.5949096679688,1122000,681721488.6474609
2012-09-04 00:00:00,615.1898285487912,615.1898285487912,599.9999562389445,603.7974243164062,741200,447534650.9033203
2012-09-05 00:00:00,603.7975241921165,603.7975241921165,584.8101806640625,584.8101806640625,378200,221175210.32714844
2012-09-06 00:00:00,596.2023496989963,607.5947512856013,588.6074153079262,599.9998168945312,806000,483599852.4169922
2012-09-07 00:00:00,618.9873123625796,637.9746532325973,615.189844188576,634.1771850585938,1093400,693409334.1430664
2012-09-10 00:00:00,630.3797168845902,637.9746532325973,626.5822487105867,634.1771850585938,456400,289438467.2607422
2012-09-11 00:00:00,634.1771063747177,641.7720417804029,626.5821709690324,630.379638671875,797600,502790799.8046875
2012-09-12 00:00:00,634.177070431593,634.177070431593,622.78466796875,622.78466796875,1133200,705739585.7421875
2012-09-13 00:00:00,622.7847805365831,641.7721214066008,618.9873123625796,634.1771850585938,857800,543997189.3432617
2012-09-14 00:00:00,664.5569361997455,691.1392136477352,656.9619997860341,675.9493408203125,1749000,1182235397.0947266
2012-09-18 00:00:00,679.746816446493,698.7341576880151,668.3544117015797,691.1392211914062,1080000,746430358.8867188
2012-09-19 00:00:00,683.5442846947974,694.9366894397107,672.1518799498841,691.1392211914062,1062800,734542764.2822266
2012-09-20 00:00:00,675.9493505859375,679.7468188476562,653.164541015625,664.5569458007812,1843400,1225044273.8891602
2012-09-21 00:00:00,660.7592404387718,668.3541742369187,645.5693728424782,653.164306640625,1020600,666619491.3574219
2012-09-24 00:00:00,653.1644108644006,656.9618783694261,645.5694758543494,649.366943359375,341400,221693874.46289062
2012-09-25 00:00:00,653.1645241222162,668.3543967762212,649.3670559587149,660.7594604492188,869000,574199971.1303711
2012-09-26 00:00:00,660.7595170986152,664.6011421980259,633.8681414027413,641.5513916015625,788400,505799117.1386719
2012-09-27 00:00:00,630.0264671969127,641.5513415968562,626.1848423969315,637.709716796875,846000,539502420.4101562
2012-09-28 00:00:00,637.7097336871069,637.7097336871069,610.818359375,610.818359375,1382800,844639627.34375
2012-10-01 00:00:00,599.2933959960938,606.9766446627103,591.6101473294772,599.2933959960938,866600,519347656.97021484
2012-10-02 00:00:00,610.8182172221523,614.6598412298388,591.6100971837197,595.4517211914062,793800,472669576.2817383
2012-10-03 00:00:00,595.4519157905083,603.1351663168374,591.6102905273438,591.6102905273438,748400,442761141.43066406
2012-10-04 00:00:00,599.293385499602,618.5015068297174,595.4517612335788,603.135009765625,1358800,819539851.2695312
2012-10-05 00:00:00,614.659912109375,618.5015365600586,603.1350387573242,614.659912109375,736400,452635559.27734375
2012-10-09 00:00:00,618.5015068297174,622.3431310957404,603.135009765625,603.135009765625,612000,369118625.9765625
2012-10-10 00:00:00,595.4517716627855,606.9766446627103,587.7685229961688,599.2933959960938,824000,493817758.30078125
2012-10-11 00:00:00,595.4517716627855,606.9766446627103,591.6101473294772,599.2933959960938,925800,554825826.0131836
2012-10-12 00:00:00,614.660022806677,622.3432730917605,606.9767725215936,618.5016479492188,970800,600441399.8291016
2012-10-15 00:00:00,622.3430078424559,630.0262548528566,614.6597608320552,626.1846313476562,636200,398378662.4633789
2012-10-16 00:00:00,630.0264282226562,633.8680527849895,622.3431790979897,630.0264282226562,703400,443160589.6118164
2012-10-17 00:00:00,637.7096773473228,641.551301909656,626.1848036603229,630.0264282226562,845600,532750347.7050781
2012-10-18 00:00:00,637.709694998605,645.3929443359375,630.0264456612723,645.3929443359375,826600,533481807.78808594
2012-10-19 00:00:00,637.709766502152,649.2346418003837,633.8681414027413,641.5513916015625,670600,430224363.2080078
2012-10-22 00:00:00,626.1849870851054,653.0763668985762,626.1849870851054,649.2347412109375,661200,429274010.8886719
2012-10-23 00:00:00,660.7594101219846,660.7594101219846,649.2345366896245,656.9177856445312,776000,509768201.66015625
2012-10-24 00:00:00,641.5513916015625,649.2346418003837,637.709766502152,641.5513916015625,759000,486937506.22558594
2012-10-25 00:00:00,641.5513740627244,672.284374017825,633.8681240739494,668.4427490234375,1255200,839029338.5742188
2012-10-26 00:00:00,645.3930239470109,645.3930239470109,614.660022806677,618.5016479492188,1737200,1074461062.8173828
2012-10-29 00:00:00,614.659912109375,622.3431610107422,610.8182876586915,614.659912109375,488000,299954037.109375
2012-10-30 00:00:00,614.6599842767296,622.3432340801886,606.9767344732704,610.818359375,715600,437101617.96875
2012-10-31 00:00:00,614.6598910108024,626.184763967255,610.818266691985,622.3431396484375,548000,341044040.52734375
2012-11-01 00:00:00,618.5015365600586,622.3431610107422,606.9766632080078,614.659912109375,857000,526763544.6777344
2012-11-02 00:00:00,626.184763967255,626.184763967255,618.50151532962,622.3431396484375,747200,465014793.9453125
2012-11-05 00:00:00,614.6598910108024,626.184763967255,614.6598910108024,622.3431396484375,799400,497501105.83496094
2012-11-06 00:00:00,618.5016479492188,618.5016479492188,614.660022806677,618.5016479492188,352200,217836280.40771484
2012-11-07 00:00:00,618.5015176626353,618.5015176626353,595.4517716627855,599.2933959960938,1856400,1112528260.3271484
2012-11-08 00:00:00,591.6101369675557,606.9766340316481,591.6101369675557,603.135009765625,998800,602411247.7539062
2012-11-09 00:00:00,595.4517612335788,606.9766340316481,595.4517612335788,603.135009765625,518200,312544562.0605469
2012-11-12 00:00:00,603.1349692067793,606.9765932144658,595.4517211914062,595.4517211914062,771000,459093277.0385742
2012-11-13 00:00:00,595.4519157905083,599.2935410536729,580.08541473785,591.6102905273438,810800,479677623.5595703
2012-11-14 00:00:00,587.7685546875,591.6101792279412,583.9269301470588,587.7685546875,175600,103212158.203125
2012-11-15 00:00:00,595.4518597680817,610.818359375,591.6102348663521,610.818359375,720000,439789218.75
2012-11-16 00:00:00,618.5014844489821,633.8679809570312,610.8182361949574,633.8679809570312,1383600,877019738.4521484
2012-11-19 00:00:00,649.2347412109375,656.9179925862148,645.3931155232988,649.2347412109375,971600,630796474.5605469
2012-11-20 00:00:00,653.0763668985762,656.9179925862148,645.3931155232988,649.2347412109375,295200,191654095.60546875
2012-11-21 00:00:00,649.2346418003837,653.0762668997942,633.8681414027413,641.5513916015625,851400,546216854.8095703
2012-11-22 00:00:00,645.3929831112132,653.0762329101562,641.5513582117418,653.0762329101562,586400,382963902.9785156
2012-11-26 00:00:00,664.601052594866,676.1259263392857,660.7594280133928,672.2843017578125,1005600,676049093.8476562
2012-11-27 00:00:00,672.2843574075138,679.9676072064568,649.2346080106847,653.0762329101562,1187400,775462718.9575195
2012-11-28 00:00:00,653.0761936732702,656.9178183419364,645.3929443359375,645.3929443359375,677800,437447337.67089844
2012-11-29 00:00:00,656.9178034319197,676.1259263392857,653.0761788504464,672.2843017578125,870600,585290713.1103516
2012-11-30 00:00:00,676.1257934570312,683.809041109952,668.4425458041104,676.1257934570312,739600,500062636.8408203
2012-12-03 00:00:00,683.8092041015625,687.6508288437061,672.2843298751317,683.8092041015625,856400,585614202.3925781
2012-12-04 00:00:00,679.9675509207589,679.9675509207589,668.4426771763393,672.2843017578125,463600,311671002.2949219
2012-12-05 00:00:00,672.2841696305708,679.9674172834916,664.60092197765,676.1257934570312,458600,310071288.87939453
2012-12-06 00:00:00,683.8091824001735,695.3340562608506,679.9675577799479,691.492431640625,521200,360405855.37109375
2012-12-07 00:00:00,691.4924815478246,703.0173562402883,691.4924815478246,695.3341064453125,682000,474217860.5957031
2012-12-10 00:00:00,706.8588360228825,710.7004601317026,699.1755878052425,703.0172119140625,413200,290486711.9628906
2012-12-11 00:00:00,710.7006060352641,710.7006060352641,691.4924815478246,695.3341064453125,688800,478946132.51953125
2012-12-12 00:00:00,699.1756983217986,710.7005724699601,695.3340736057447,706.8589477539062,705200,498476929.9560547
2012-12-13 00:00:00,714.542132889597,737.5918791118421,714.542132889597,729.9086303710938,806800,588890282.9833984
2012-12-14 00:00:00,729.9085489908854,745.2750447591146,722.2253011067709,737.591796875,1300800,959459409.375
2012-12-17 00:00:00,772.1664123535156,772.1664123535156,737.591796875,737.591796875,948600,699679578.515625
2012-12-18 00:00:00,745.2751358423477,756.8000090770232,745.2751358423477,749.1167602539062,614000,459957690.79589844
2012-12-19 00:00:00,756.8001482019473,772.1666486730528,752.9585230841709,764.4833984375,946000,723201294.921875
2012-12-20 00:00:00,760.6416625976562,768.3249117148043,749.1167889219342,760.6416625976562,917600,697964789.5996094
2012-12-21 00:00:00,768.3248823116987,772.1665067232572,741.4335114307893,749.1167602539062,735800,551200112.1948242
2012-12-25 00:00:00,760.6417733197237,768.3250235552764,760.6417733197237,764.4833984375,484000,370009964.84375
2012-12-26 00:00:00,776.0081465558309,787.5330200195312,772.1665220679307,787.5330200195312,759400,598052575.402832
2012-12-27 00:00:00,802.8995469900277,814.4244208702673,799.0579223632812,799.0579223632812,921400,736251969.6655273
2012-12-28 00:00:00,810.5828247070312,814.424449468676,806.7411999453866,810.5828247070312,652400,528824234.8388672
2013-01-04 00:00:00,852.8406187284977,852.8406187284977,833.6324966850631,837.47412109375,964200,807492547.5585938
2013-01-07 00:00:00,845.1574650254361,845.1574650254361,818.2660911382632,825.9493408203125,917200,757560735.4003906
2013-01-08 00:00:00,825.9493237536101,825.9493237536101,806.7411999453866,810.5828247070312,793400,643116413.1225586
2013-01-09 00:00:00,795.2161865234375,802.8994347024079,779.8496901654967,795.2161865234375,2117800,1684108839.819336
2013-01-10 00:00:00,802.8995253789992,814.4243989490327,799.0579008556548,806.7411499023438,1158000,934206251.5869141
2013-01-11 00:00:00,814.4243989490327,818.2660234723772,802.8995253789992,806.7411499023438,991600,799964524.2431641
2013-01-15 00:00:00,822.1075542611136,825.9491783464458,810.5826820051167,818.2659301757812,811400,663940975.7446289
2013-01-16 00:00:00,818.2660454970139,818.2660454970139,795.2162977365347,799.0579223632812,866200,692143972.3510742
2013-01-17 00:00:00,802.8995469900277,814.4244208702673,779.8497992295485,799.0579223632812,948000,757506910.4003906
2013-01-18 00:00:00,814.4244168005257,825.9492906231746,810.5827921929761,822.107666015625,1059800,871269704.4433594
2013-01-21 00:00:00,833.6324265171105,833.6324265171105,810.5826820051167,818.2659301757812,802000,656249276.0009766
2013-01-22 00:00:00,825.9492906231746,833.6325398382739,814.4244168005257,822.107666015625,929000,763738021.7285156
2013-01-23 00:00:00,802.8994347024079,806.7410587918931,791.3745624339523,795.2161865234375,984200,782651770.7763672
2013-01-24 00:00:00,787.5330272856213,818.2660234723772,787.5330272856213,806.7411499023438,952000,768017574.7070312
2013-01-25 00:00:00,822.1077159792878,825.9493408203125,814.4244662972384,825.9493408203125,758800,626730359.8144531
2013-01-28 00:00:00,825.9492906231746,829.7909152307243,814.4244168005257,822.107666015625,476600,391816513.6230469
2013-01-29 00:00:00,818.2661858324734,825.9494364036703,810.5829352612765,814.424560546875,805400,655937541.0644531
2013-01-30 00:00:00,806.7410579197843,822.1075542611136,806.7410579197843,818.2659301757812,998400,816956704.6875
2013-01-31 00:00:00,814.4244168005257,822.107666015625,806.7411675854264,822.107666015625,866400,712274081.8359375
2013-02-01 00:00:00,837.4741258912733,887.4152434902942,833.6325014605793,879.7319946289062,3051400,2684414208.4106445
2013-02-04 00:00:00,883.5735167147263,914.306508600456,872.0486447575778,895.098388671875,1842600,1649308290.9667969
2013-02-05 00:00:00,895.098583331324,956.5645804699557,891.2569585101595,933.5148315429688,3046200,2843672879.8461914
2013-02-06 00:00:00,960.4060154335172,1006.505504174326,960.4060154335172,979.6141357421875,2968800,2908278446.1914062
2013-02-07 00:00:00,979.6142334448521,1018.0304778936697,979.6142334448521,1010.3472290039062,2743600,2771988657.495117
2013-02-08 00:00:00,1006.5056045590244,1029.555351228315,994.9807312243792,1010.3472290039062,2151600,2173863097.9248047
2013-02-12 00:00:00,1029.5553731516402,1033.3969976783255,998.8223769381585,1002.6640014648438,1528400,1532471659.8388672
2013-02-13 00:00:00,983.4557598039215,987.2973838656557,964.2476394952512,979.6141357421875,1270600,1244697720.8740234
2013-02-14 00:00:00,975.7726548990241,983.4559041501975,948.8812825199171,971.9310302734375,1697400,1649755730.7861328
2013-02-15 00:00:00,960.4060265325732,960.4060265325732,921.9897854712702,952.7227783203125,1016600,968537976.4404297
2013-02-18 00:00:00,952.7228789062499,971.9310014648437,948.8812543945312,960.4061279296875,761800,731637388.2568359
2013-02-19 00:00:00,956.5645317710906,983.4559041501975,948.8812825199171,971.9310302734375,886800,861908437.6464844
2013-02-20 00:00:00,983.4556884765625,998.8221836090088,975.7724409103394,983.4556884765625,884400,869768210.8886719
2013-02-21 00:00:00,975.7725533413221,991.1390502443351,960.4060564383092,964.2476806640625,952600,918542340.6005859
2013-02-22 00:00:00,960.4060154335172,983.4557598039215,948.881143248315,979.6141357421875,1068000,1046227896.9726562
2013-02-25 00:00:00,1010.3474007808801,1021.8722760749586,1002.6641505848278,1014.1890258789062,1469000,1489843679.0161133
2013-02-26 00:00:00,983.455900096525,1006.5056477550374,979.6142754867731,994.9807739257812,1421200,1414066675.9033203
2013-02-27 00:00:00,994.9805497343903,998.8221734785385,971.9308072695009,987.2973022460938,710000,700981084.5947266
2013-02-28 00:00:00,998.8222748378537,1021.8720196418042,998.8222748378537,1018.0303955078125,970000,987489483.6425781
2013-03-01 00:00:00,1010.3471766229885,1029.5552978515625,1002.6639281315589,1029.5552978515625,997600,1027084365.1367188
2013-03-04 00:00:00,1037.2384437044761,1041.0800675700482,1018.0303243766153,1021.8719482421875,876800,895977324.21875
2013-03-05 00:00:00,1018.0304483266978,1018.0304483266978,994.980702326848,998.8223266601562,909000,907929494.934082
2013-03-06 00:00:00,1010.3470766454711,1021.8719482421875,1002.6638289143268,1021.8719482421875,681400,696303545.5322266
2013-03-07 00:00:00,1029.5552997152313,1029.5552997152313,1002.66392994655,1006.5055541992188,684000,688449799.0722656
2013-03-08 00:00:00,1010.3471472398289,1021.8720196418042,1006.5055231058373,1018.0303955078125,1612200,1641268603.6376953
2013-03-11 00:00:00,1025.7137237889174,1041.0802215235826,1021.872099355251,1033.39697265625,905000,935224260.2539062
2013-03-12 00:00:00,1048.7634921984725,1067.9716147662102,1018.0304960900925,1025.7137451171875,1223600,1255063338.5253906
2013-03-13 00:00:00,1021.8720493601329,1044.9217948344217,1021.8720493601329,1029.5552978515625,655200,674564631.1523438
2013-03-14 00:00:00,1037.23876953125,1037.23876953125,1021.8722692418982,1037.23876953125,428600,444560536.62109375
2013-03-15 00:00:00,1048.763277094415,1098.7043855274824,1048.763277094415,1083.337890625,1945800,2107958867.578125
2013-03-18 00:00:00,1067.9718017578125,1094.8631780610667,1067.9718017578125,1067.9718017578125,1212200,1294595418.0908203
2013-03-19 00:00:00,1091.021240234375,1102.546112490372,1087.1796161490427,1091.021240234375,814200,888309493.7988281
2013-03-21 00:00:00,1110.2293606610365,1121.7542329170335,1087.1796161490427,1091.021240234375,932800,1017704612.890625
2013-03-22 00:00:00,1075.6547762784091,1075.6547762784091,1056.4466552734375,1056.4466552734375,723200,764022221.09375
2013-03-25 00:00:00,1064.1298516546929,1106.3877157998252,1064.1298516546929,1098.7044677734375,1263200,1387883483.6914062
2013-03-26 00:00:00,1079.4966544015067,1091.0215297154018,1071.8134041922433,1075.655029296875,543000,584080680.9082031
2013-03-27 00:00:00,1087.3045654296875,1098.9542572021485,1083.421334838867,1087.3045654296875,430200,467758424.04785156
2013-03-28 00:00:00,1091.1875621448862,1091.1875621448862,1060.1217240767046,1067.88818359375,536400,572815221.6796875
2013-03-29 00:00:00,1060.122139812386,1067.888602375114,1052.355677249658,1064.00537109375,498200,530087475.87890625
2013-04-01 00:00:00,1048.4719638970062,1056.2384228888359,1017.4061279296875,1017.4061279296875,739600,752473572.2167969
2013-04-02 00:00:00,1017.4062266630285,1075.6546747544232,974.6906980626724,1056.238525390625,1499600,1583935292.6757812
2013-04-03 00:00:00,1060.1219482421875,1067.8884094014709,1040.705795343979,1060.1219482421875,954200,1011568363.0126953
2013-04-04 00:00:00,1032.9390476466892,1110.6036376953125,1025.172588641827,1110.6036376953125,1413400,1569727181.5185547
2013-04-05 00:00:00,1133.9034419544955,1137.7866729200932,1098.9543632641173,1106.7208251953125,1345000,1488539509.8876953
2013-04-08 00:00:00,1122.253406758211,1141.6695556640625,1114.4869471958705,1141.6695556640625,1202400,1372743473.7304688
2013-04-09 00:00:00,1141.6696069085963,1145.5528368640678,1126.1366870867107,1137.786376953125,1289000,1466606639.8925781
2013-04-10 00:00:00,1130.020143649722,1157.2027587890625,1130.020143649722,1157.2027587890625,1195000,1382857296.7529297
2013-04-11 00:00:00,1157.2026554361978,1176.6188073730468,1141.6697338867186,1164.9691162109375,1526400,1778208858.984375
2013-04-12 00:00:00,1176.61891246002,1176.61891246002,1145.553066586488,1157.2027587890625,1045800,1210202645.1416016
2013-04-15 00:00:00,1161.0860434774418,1219.3345071970457,1157.2028125628015,1207.684814453125,2226000,2688306396.9726562
2013-04-16 00:00:00,1196.0350368923612,1250.4002658420138,1172.7356530567956,1223.2176513671875,1821400,2227968630.2001953
2013-04-17 00:00:00,1234.8675518329328,1265.9334021935097,1223.2178579477163,1262.0501708984375,1375200,1735571395.0195312
2013-04-18 00:00:00,1262.0500659942627,1265.933296966553,1234.8674491882325,1242.6339111328125,1206200,1498865023.6083984
2013-04-19 00:00:00,1238.750579184674,1289.2325777094413,1227.1008872174202,1277.5828857421875,1410000,1801391868.8964844
2013-04-22 00:00:00,1296.9991629464287,1312.5320870535716,1293.115931919643,1304.765625,761400,993448546.875
2013-04-23 00:00:00,1308.6484375,1320.2981268545993,1289.2322885756676,1308.6484375,1065000,1393710585.9375
2013-04-24 00:00:00,1312.531802993223,1320.298263365964,1285.3491916886296,1289.232421875,934200,1204400928.515625
2013-04-25 00:00:00,1293.1159828587583,1328.0650634765625,1293.1159828587583,1328.0650634765625,1154400,1533118309.2773438
2013-04-26 00:00:00,1285.3492331519865,1293.1156937752612,1203.8013966076005,1230.9840087890625,2165600,2665818969.4335938
2013-04-30 00:00:00,1254.2836554816536,1300.8824290599193,1238.750730955565,1293.115966796875,1624000,2100020330.078125
2013-05-01 00:00:00,1289.232351066843,1296.9988110130287,1273.6994311744713,1285.34912109375,530000,681235034.1796875
2013-05-02 00:00:00,1269.816580743146,1293.1159675457727,1262.050118475604,1265.933349609375,694200,878810931.2988281
2013-05-07 00:00:00,1316.415232897492,1355.2475406525803,1304.7655405709654,1347.4810791015625,1885200,2540271330.3222656
2013-05-08 00:00:00,1355.2476112043353,1394.0799209809638,1351.3643802266724,1378.5469970703125,1793400,2472286184.5458984
2013-05-09 00:00:00,1378.5467668805804,1390.1964578683035,1359.130615234375,1359.130615234375,777600,1056859966.40625
2013-05-10 00:00:00,1397.9629144435976,1436.7952176225863,1390.1964538077998,1432.9119873046875,1574400,2255976632.8125
2013-05-13 00:00:00,1456.2113037109375,1491.160375,1452.3280735677083,1456.2113037109375,1280600,1864824195.5322266
2013-05-14 00:00:00,1471.7440807352757,1487.2769997931678,1448.4447021484375,1448.4447021484375,832600,1205975059.008789
2013-05-15 00:00:00,1479.510557662609,1514.4596259538516,1475.627327852471,1502.8099365234375,1043600,1568332449.7558594
2013-05-16 00:00:00,1506.6936207265828,1510.5768517078368,1460.0948489515338,1487.2774658203125,969200,1441469319.8730469
2013-05-17 00:00:00,1456.2113604207677,1487.2772027764106,1429.02874835958,1479.5107421875,963200,1425064746.875
2013-05-20 00:00:00,1502.8103206212845,1518.3432438318405,1491.1606282133678,1510.5767822265625,767400,1159216622.680664
2013-05-21 00:00:00,1495.0434261990576,1529.9924933050097,1483.3937371637403,1506.693115234375,689600,1039015572.265625
2013-05-22 00:00:00,1514.4599242531574,1526.1096159781816,1491.160540803109,1498.927001953125,628800,942525298.828125
2013-05-23 00:00:00,1510.5766998291015,1557.1754669189452,1397.9630126953125,1397.9630126953125,1940600,2712887022.4365234
2013-05-24 00:00:00,1421.2627350882199,1452.3285872212957,1328.0651786889923,1382.430419921875,1984400,2743294925.2929688
2013-05-27 00:00:00,1339.7145477471324,1397.9630063448337,1335.8313171739521,1343.5977783203125,906200,1217568306.7138672
2013-05-28 00:00:00,1324.181373530983,1378.546591212607,1308.6484541933762,1363.013671875,931200,1269238331.25
2013-05-29 00:00:00,1378.5467668805804,1386.3132275390624,1347.4809242466517,1359.130615234375,845000,1148465369.8730469
2013-05-30 00:00:00,1328.0650634765625,1366.8973752741229,1320.2986011170506,1328.0650634765625,1130200,1500979134.741211
2013-05-31 00:00:00,1347.4807353486647,1359.130424703264,1308.6484375,1308.6484375,1004400,1314406490.625
2013-06-03 00:00:00,1293.1156262849508,1296.9988563939146,1254.2833251953125,1254.2833251953125,945400,1185799455.6396484
2013-06-04 00:00:00,1223.2174415242637,1293.115581039936,1207.684521631892,1285.34912109375,1214600,1561185042.4804688
2013-06-05 00:00:00,1281.466037239998,1293.1157284876342,1215.4511201700586,1219.3343505859375,1243600,1516364198.3886719
2013-06-06 00:00:00,1199.9183028170307,1285.3493793930006,1199.9183028170307,1238.7506103515625,1456600,1804364139.038086
2013-06-07 00:00:00,1188.2686423885011,1227.1009509632888,1164.9692572436286,1199.9183349609375,984600,1181439592.602539
2013-06-10 00:00:00,1238.750528971354,1281.466064453125,1238.750528971354,1281.466064453125,599000,767598172.6074219
2013-06-11 00:00:00,1277.5830255202304,1281.4662566008392,1238.7507147141446,1258.1668701171875,774200,974072790.8447266
2013-06-12 00:00:00,1238.7504294521839,1312.531802993223,1230.9839690794429,1289.232421875,892200,1150253166.796875
2013-06-13 00:00:00,1258.1665683962265,1285.349179441824,1223.2174970518868,1234.8671875,1358600,1677690560.9375
2013-06-14 00:00:00,1289.232351066843,1320.2981908515862,1269.8162012013784,1285.34912109375,1568600,2016198631.3476562
2013-06-17 00:00:00,1269.816358515042,1300.8822021484375,1258.1666671525188,1300.8822021484375,570000,741502855.2246094
2013-06-18 00:00:00,1296.9991629464287,1331.9482421875,1293.115931919643,1304.765625,536200,699615328.125
2013-06-19 00:00:00,1335.831190081121,1335.831190081121,1296.998888043879,1316.4150390625,807600,1063136785.546875
2013-06-20 00:00:00,1296.9989389272837,1331.9480121319111,1293.115708571214,1312.5318603515625,1042800,1368708223.9746094
2013-06-21 00:00:00,1262.049911961411,1296.9989864464962,1227.1008374763258,1281.466064453125,1563800,2003956631.5917969
2013-06-24 00:00:00,1289.232628748053,1304.7655519859813,1242.633859034268,1246.51708984375,807600,1006687201.7578125
2013-06-25 00:00:00,1227.1007272012578,1273.6994889937107,1215.4510367531445,1234.8671875,886400,1094586275.0
2013-06-26 00:00:00,1265.9330815937992,1281.466002840349,1223.2175481657878,1230.9840087890625,923200,1136444436.9140625
2013-06-27 00:00:00,1242.6338098404256,1277.5828857421875,1215.4511952501662,1277.5828857421875,897800,1147013914.819336
2013-06-28 00:00:00,1300.882160295759,1366.8970758928572,1300.882160295759,1359.130615234375,1500600,2039511401.2207031
2013-07-01 00:00:00,1363.0140734930724,1413.4960762150379,1331.9482256641704,1405.7296142578125,1152400,1619962807.4707031
2013-07-02 00:00:00,1405.7293750793954,1432.9119873046875,1394.0796841256986,1432.9119873046875,922400,1321718017.0898438
2013-07-03 00:00:00,1432.912091081084,1448.4450134776268,1421.2623992836768,1425.1456298828125,562400,801501902.2460938
2013-07-04 00:00:00,1425.1456637539707,1432.9121251368263,1397.9630489139768,1413.4959716796875,505000,713815465.6982422
2013-07-05 00:00:00,1429.0287433155079,1452.328125,1425.1455130347592,1452.328125,534600,776414615.625
2013-07-08 00:00:00,1467.8611321526605,1471.7443626610009,1436.7952880859375,1436.7952880859375,425600,611500074.609375
2013-07-09 00:00:00,1456.2115656602286,1467.8612581855105,1432.912180609665,1463.97802734375,496800,727304283.984375
2013-07-10 00:00:00,1456.2116176524062,1475.6277725544383,1440.6786937307804,1460.0948486328125,718200,1048640120.2880859
2013-07-11 00:00:00,1436.7952409370866,1467.861083984375,1436.7952409370866,1467.861083984375,625600,918293894.140625
2013-07-12 00:00:00,1456.211392841642,1483.3940055080193,1456.211392841642,1467.861083984375,879600,1291130609.4726562
2013-07-16 00:00:00,1483.3940055080193,1495.0436966507525,1456.211392841642,1467.861083984375,1137400,1669545196.9238281
2013-07-17 00:00:00,1460.0948486328125,1467.8613105936254,1452.3283866719996,1460.0948486328125,661800,966290770.8251953
2013-07-18 00:00:00,1456.2113552807486,1456.2113552807486,1440.678434157754,1452.328125,3687400,5355314728.125
2013-07-19 00:00:00,1460.0949897868936,1471.7446838543422,1425.1459075845478,1440.6788330078125,1142200,1645543363.0615234
2013-07-22 00:00:00,1467.8610513041338,1491.160433070866,1452.3281301263123,1479.5107421875,1026400,1518569825.78125
2013-07-23 00:00:00,1475.6275447461971,1487.2772358889304,1456.211392841642,1467.861083984375,626000,918881038.5742188
2013-07-24 00:00:00,1452.3280735677083,1460.0945338541667,1429.0286927083332,1456.2113037109375,600000,873726782.2265625
2013-07-25 00:00:00,1467.8611509261593,1467.8611509261593,1432.912075904108,1444.561767578125,981000,1417115093.9941406
2013-07-26 00:00:00,1495.0436441627844,1526.1094861194138,1448.4448812278406,1471.7442626953125,3135600,4614801310.107422
2013-07-29 00:00:00,1475.6274615831612,1475.6274615831612,1409.612548828125,1409.612548828125,1429600,2015182099.8046875
2013-07-30 00:00:00,1405.7294440192145,1444.5617491026183,1405.7294440192145,1436.7952880859375,1024000,1471278375.0
2013-07-31 00:00:00,1425.1456298828125,1479.5108582707128,1421.2623992836768,1425.1456298828125,1292800,1842428270.3125
2013-08-01 00:00:00,1429.0287801752647,1467.861083984375,1425.1455497943537,1467.861083984375,750400,1101482957.421875
2013-08-02 00:00:00,1483.3939455622601,1518.343017578125,1479.510715338275,1518.343017578125,1219400,1851467475.6347656
2013-08-05 00:00:00,1510.5766936781492,1541.642538278214,1495.0437713781168,1498.927001953125,667200,1000084095.703125
2013-08-06 00:00:00,1495.0434261990576,1510.576344912814,1471.744048128423,1506.693115234375,682200,1027866043.2128906
2013-08-07 00:00:00,1475.6278261931047,1475.6278261931047,1425.1458216128142,1429.029052734375,845800,1208672772.8027344
2013-08-08 00:00:00,1417.3793071936507,1448.4451550225526,1397.963152300587,1405.7296142578125,650200,914005395.1904297
2013-08-09 00:00:00,1409.6130405383165,1421.2627350882199,1374.6639568886062,1382.430419921875,882200,1219580116.4550781
2013-08-12 00:00:00,1386.3134243927855,1417.3792714380018,1378.5469626314812,1390.1966552734375,576000,800753273.4375
2013-08-13 00:00:00,1417.379153672085,1444.561767578125,1409.6126925560736,1444.561767578125,524800,758106015.625
2013-08-14 00:00:00,1475.6278076171875,1479.5110386898643,1440.6787279630962,1475.6278076171875,591000,872096034.3017578
2013-08-15 00:00:00,1444.5614723839644,1475.6273104997488,1444.5614723839644,1448.4447021484375,558200,808521832.7392578
2013-08-16 00:00:00,1429.0290007895612,1483.3942345152511,1429.0290007895612,1460.0948486328125,1044000,1524339021.9726562
2013-08-19 00:00:00,1463.978079613219,1467.8613105936254,1425.145769809155,1460.0948486328125,864800,1262690025.0976562
2013-08-20 00:00:00,1452.3279319129106,1502.8099188510598,1436.7950128550185,1448.4447021484375,996800,1443809679.1015625
2013-08-21 00:00:00,1436.7956016519963,1460.0949897868936,1421.2626762287314,1440.6788330078125,654800,943356499.8535156
2013-08-22 00:00:00,1425.1459075845478,1444.5620643636287,1417.3794448729152,1440.6788330078125,481400,693542790.2099609
2013-08-23 00:00:00,1467.8613454718338,1483.3942697625412,1456.2116522538035,1475.6278076171875,590600,871505783.1787109
2013-08-26 00:00:00,1495.0434261990576,1506.693115234375,1483.3937371637403,1506.693115234375,753600,1135443931.640625
2013-08-27 00:00:00,1475.6278076171875,1487.277500835218,1467.8613454718338,1475.6278076171875,582000,858815384.0332031
2013-08-28 00:00:00,1429.0284728167808,1444.5613909995718,1409.612325088292,1417.3787841796875,732400,1038088221.5332031
2013-08-29 00:00:00,1429.029052734375,1448.445208342179,1417.3793593696926,1429.029052734375,669200,956306242.0898438
2013-08-30 00:00:00,1432.9119298004907,1444.5616202866736,1401.846088504003,1409.612548828125,769200,1084273972.5585938
2013-09-02 00:00:00,1417.3794639045423,1429.0291581284152,1405.7297696806693,1421.2626953125,449200,638431202.734375
2013-09-03 00:00:00,1444.5616509832619,1471.7442626953125,1444.5616509832619,1471.7442626953125,577400,849785137.2802734
2013-09-04 00:00:00,1479.5106907390175,1483.3939208984375,1452.3280796230777,1483.3939208984375,705400,1046386071.8017578
2013-09-05 00:00:00,1495.0436633653214,1498.9268936597769,1463.9778210096783,1479.5107421875,483800,715787297.0703125
2013-09-06 00:00:00,1475.627506684492,1479.5107369652405,1440.678434157754,1452.328125,450400,654128587.5
2013-09-09 00:00:00,1491.1603812172775,1495.0436113766975,1463.9777701013377,1483.3939208984375,455600,675834270.3613281
2013-09-10 00:00:00,1487.2771757862452,1526.1094780260948,1479.510715338275,1518.343017578125,798600,1212548733.8378906
2013-09-11 00:00:00,1533.8759384740647,1533.8759384740647,1510.576557130155,1518.343017578125,437000,663515898.6816406
2013-09-12 00:00:00,1514.4599767907873,1518.3432075005073,1491.1605925324675,1495.0438232421875,451200,674563773.046875
2013-09-13 00:00:00,1487.2771757862452,1518.343017578125,1483.3939455622601,1518.343017578125,897600,1362864692.578125
2013-09-17 00:00:00,1522.22638855757,1533.876080306735,1506.69346622535,1526.109619140625,651200,993802583.984375
2013-09-18 00:00:00,1533.8761167742443,1576.5916542034006,1533.8761167742443,1541.642578125,904200,1393953219.140625
2013-09-19 00:00:00,1549.4090933598598,1564.9420166015625,1545.525862549434,1564.9420166015625,625800,979340713.9892578
2013-09-20 00:00:00,1572.7083408131318,1584.3580322265625,1561.0586493997014,1584.3580322265625,707800,1121408615.209961
2013-09-24 00:00:00,1588.2412440107373,1588.2412440107373,1549.408939756196,1576.591552734375,518200,816989742.6269531
2013-09-25 00:00:00,1568.824912109375,1572.7081420898437,1545.5255322265625,1553.2919921875,396400,615724945.703125
2013-09-26 00:00:00,1553.292242311964,1596.33056640625,1537.6419426413145,1596.33056640625,446800,713240497.0703125
2013-09-27 00:00:00,1596.33056640625,1596.33056640625,1576.7676918179382,1596.33056640625,501200,800080879.8828125
2013-09-30 00:00:00,1576.767262573242,1588.5049841308594,1561.116967163086,1565.029541015625,409000,640097082.2753906
2013-10-01 00:00:00,1576.767262573242,1584.5924102783204,1561.116967163086,1565.029541015625,541200,846993987.5976562
2013-10-02 00:00:00,1565.029868400127,1576.767592413128,1521.9915470191236,1537.641845703125,669400,1029297451.5136719
2013-10-03 00:00:00,1541.5545034835586,1588.5054020668142,1525.904203955807,1572.8551025390625,987400,1553037128.2470703
2013-10-04 00:00:00,1557.2049336085092,1576.7678096588672,1541.5546327682225,1553.2923583984375,1390200,2159387036.645508
2013-10-07 00:00:00,1549.379327833038,1557.204475953407,1518.0787353515625,1518.0787353515625,731000,1109715555.5419922
2013-10-08 00:00:00,1502.4288806675063,1561.1175088185807,1502.4288806675063,1553.2923583984375,673400,1045987074.1455078
2013-10-09 00:00:00,1545.4670704084767,1596.3305436117937,1537.6419206848893,1592.41796875,651600,1037619548.4375
2013-10-10 00:00:00,1588.5054391427261,1600.2431640625,1572.8551392496943,1600.2431640625,881200,1410134276.171875
2013-10-11 00:00:00,1604.1558513549214,1623.718727590957,1592.4181256133002,1619.80615234375,1359600,2202288444.7265625
2013-10-15 00:00:00,1623.7185594873522,1623.7185594873522,1608.0682601187993,1611.9808349609375,641200,1033602111.3769531
2013-10-16 00:00:00,1600.2429601229153,1639.3687048691968,1592.417811173659,1627.6309814453125,861600,1402366853.6132812
2013-10-17 00:00:00,1643.281410092213,1674.5820083796837,1635.4562605203453,1670.66943359375,1346400,2249389325.390625
2013-10-18 00:00:00,1678.4948179456924,1717.6205712777598,1670.6696672792789,1690.2325439453125,1175200,1986361285.6445312
2013-10-21 00:00:00,1690.2323679956896,1709.7952426252693,1682.4072181438578,1701.9700927734375,481600,819668796.6796875
2013-10-22 00:00:00,1694.1448823093529,1694.1448823093529,1647.193984878147,1670.66943359375,543200,907507636.328125
2013-10-23 00:00:00,1666.7568827508724,1678.4946072772868,1600.2431104345228,1611.9808349609375,875200,1410805626.7578125
2013-10-24 00:00:00,1623.7185437532398,1658.931716991262,1615.8933941447906,1651.1065673828125,705800,1165351015.258789
2013-10-25 00:00:00,1631.5435267857142,1666.7566964285716,1611.9806547619048,1643.28125,1456600,2393603468.75
2013-10-28 00:00:00,1666.7569184401939,1709.7952426252693,1658.931768588362,1701.9700927734375,2282600,3884916933.7646484
2013-10-29 00:00:00,1686.3201435435901,1737.1836281516335,1682.4075678045099,1721.5333251953125,1284800,2211826016.2109375
2013-10-30 00:00:00,1729.3580092518778,1752.8334573412699,1705.882561162486,1725.4454345703125,1720600,2968801414.7216797
2013-10-31 00:00:00,1721.5324467895787,1741.0953155030966,1709.7947255614679,1717.619873046875,670600,1151835886.8652344
2013-11-01 00:00:00,1717.6202998681301,1721.5328745830916,1662.844253858668,1686.3197021484375,646400,1090037055.46875
2013-11-05 00:00:00,1713.7079211288624,1748.9210975904143,1705.882770804073,1741.095947265625,1214400,2114386918.359375
2013-11-06 00:00:00,1729.358055097524,1745.008354238678,1721.532905526947,1733.2706298828125,690800,1197343351.1230469
2013-11-07 00:00:00,1721.5328902674485,1721.5328902674485,1694.1448670131936,1709.795166015625,818400,1399296363.8671875
2013-11-08 00:00:00,1678.4947414134506,1709.7953426519298,1678.4947414134506,1698.0576171875,475800,807935814.2578125
2013-11-11 00:00:00,1717.6205712777598,1721.5331466109665,1682.407393278899,1690.2325439453125,392600,663585296.7529297
2013-11-12 00:00:00,1682.4070454079267,1717.620216125767,1678.4944708837222,1713.7076416015625,640800,1098143856.7382812
2013-11-13 00:00:00,1709.7953426519298,1717.6204929615496,1694.14504203269,1698.0576171875,457600,777031165.625
2013-11-14 00:00:00,1717.6203155168405,1721.5328902674485,1701.9700165144093,1709.795166015625,616800,1054601658.3984375
2013-11-15 00:00:00,1721.5330714536517,1741.095947265625,1717.620496291257,1741.095947265625,799200,1391483881.0546875
2013-11-18 00:00:00,1752.8333274943946,1768.4836250613089,1737.1830299274804,1745.0081787109375,825400,1440329750.7080078
2013-11-19 00:00:00,1745.008779629794,1745.008779629794,1713.708173717152,1721.5333251953125,475400,818416942.7978516
2013-11-20 00:00:00,1729.358476673473,1733.2710524125532,1709.7955979780718,1721.5333251953125,436800,751965756.4453125
2013-11-21 00:00:00,1721.533420138889,1760.6591796875,1721.533420138889,1760.6591796875,956200,1683542307.6171875
2013-11-22 00:00:00,1760.6584762778516,1764.5710506695802,1729.3578811440232,1745.0081787109375,941200,1642401697.8027344
2013-11-25 00:00:00,1745.008361547529,1784.1341095642895,1745.008361547529,1776.3089599609375,1133000,2012558051.6357422
2013-11-26 00:00:00,1768.484031155146,1788.0469076059774,1760.6588805748136,1772.3966064453125,650200,1152412273.5107422
2013-11-27 00:00:00,1768.4836425781252,1788.046514730538,1764.5710681476426,1768.483642578125,415000,733920711.6699219
2013-11-28 00:00:00,1780.2214516993458,1807.609474033182,1776.3088770802265,1803.6968994140625,823800,1485885505.7373047
2013-11-29 00:00:00,1799.7846353465113,1815.4349365234375,1776.309183581122,1815.4349365234375,656800,1192377666.3085938
2013-12-02 00:00:00,1811.5217992430591,1827.1720955648134,1811.5217992430591,1823.259521484375,452400,824842607.5195312
2013-12-03 00:00:00,1831.0849989720393,1862.3855972450658,1827.172424187911,1858.4730224609375,1014800,1885978423.1933594
2013-12-04 00:00:00,1827.1726848643311,1846.7355615759407,1811.5223834950436,1819.3475341796875,753000,1369968693.2373047
2013-12-05 00:00:00,1811.5220254649284,1831.084898310122,1791.959152619735,1799.7843017578125,500000,899892150.8789062
2013-12-06 00:00:00,1791.9594847580481,1823.2600871119005,1788.0469094638165,1815.4349365234375,619800,1125206573.6572266
2013-12-09 00:00:00,1842.8230533480394,1874.1236572265625,1842.8230533480394,1874.1236572265625,803000,1504921296.7529297
2013-12-10 00:00:00,1870.2107926534657,1874.1233675334938,1854.5604931333528,1866.2982177734375,593000,1106714843.1396484
2013-12-11 00:00:00,1862.3855512106898,1862.3855512106898,1827.172379023933,1850.6478271484375,458800,849077223.0957031
2013-12-12 00:00:00,1819.3474253271797,1850.6480261930235,1819.3474253271797,1842.8228759765625,552400,1017975356.6894531
2013-12-13 00:00:00,1834.997581449468,1862.3856050531915,1827.1724318484044,1838.91015625,1228800,2259652800.0
2013-12-16 00:00:00,1834.997812994595,1838.9103882888267,1807.6097859349743,1815.4349365234375,409800,743965236.9873047
2013-12-17 00:00:00,1838.9099877512353,1850.6477110773071,1815.434541099092,1831.0848388671875,468200,857313921.5576172
2013-12-18 00:00:00,1827.171873189635,1846.7347412109375,1815.434152376854,1846.7347412109375,667800,1233249460.180664
2013-12-19 00:00:00,1858.4729995405623,1870.2107237481869,1842.8227005970627,1854.5604248046875,724200,1343072659.6435547
2013-12-20 00:00:00,1846.7353207884717,1870.2107697815454,1846.7353207884717,1862.3856201171875,902600,1680989260.7177734
2013-12-24 00:00:00,1870.2107005855246,1874.123275272942,1842.8226777736027,1850.6478271484375,899600,1664842785.3027344
2013-12-25 00:00:00,1838.9099877512353,1842.8225621932593,1819.3471155411157,1831.0848388671875,767600,1405540722.3144531
2013-12-26 00:00:00,1838.9101711241137,1866.2981949493665,1823.2598717953979,1862.3856201171875,468400,872341424.4628906
2013-12-27 00:00:00,1866.298187065521,1885.861061143776,1846.735312987266,1881.948486328125,514000,967321521.9726562
2013-12-30 00:00:00,1901.5117291706365,1936.724909340463,1897.5991535962112,1924.9871826171875,768000,1478390156.25
2014-01-06 00:00:00,1928.8993149730359,1944.5496136746426,1913.2490162714291,1932.8118896484375,803200,1552434509.765625
2014-01-07 00:00:00,1917.161628644491,1924.9867781491623,1889.773605378141,1897.5987548828125,652600,1238372947.4365234
2014-01-08 00:00:00,1917.1618796805658,1983.6756591796875,1917.1618796805658,1983.6756591796875,718400,1425072593.5546875
2014-01-09 00:00:00,1983.6751240040996,1983.6751240040996,1960.1996787496132,1975.8499755859375,698000,1379143282.9589844
2014-01-10 00:00:00,1952.374990554083,1979.7630164736793,1940.6372651599702,1971.9378662109375,813600,1604368647.9492188
2014-01-14 00:00:00,1921.0741656222324,1952.374763025446,1909.3364415960273,1932.8118896484375,945600,1827666922.8515625
2014-01-15 00:00:00,1964.1133921364828,2011.064309876797,1960.2008156581232,2007.1517333984375,813000,1631814359.2529297
2014-01-16 00:00:00,2011.0634152860982,2022.8011394998302,1975.8502426449018,1979.7628173828125,737800,1460669006.665039
2014-01-17 00:00:00,1968.024919850887,1999.325514997621,1968.024919850887,1991.5003662109375,488800,973445379.0039062
2014-01-20 00:00:00,2003.2380893909626,2003.2380893909626,1979.7626430309124,1991.5003662109375,327400,652017219.8974609
2014-01-21 00:00:00,1995.4131163344553,2003.2382658102767,1979.7628173828125,1979.7628173828125,369800,732116289.8681641
2014-01-22 00:00:00,1979.7626430309124,2003.2380893909626,1960.1997710642038,1991.5003662109375,793600,1580454690.625
2014-01-23 00:00:00,1999.3248056356188,2030.625389676881,1995.412232630461,2014.97509765625,1084600,2185441990.9179688
2014-01-24 00:00:00,1971.9379765154367,1983.6757025661238,1928.8996476629172,1948.4625244140625,1094400,2132397386.71875
2014-01-27 00:00:00,1878.0360908742332,1928.8995683354103,1870.2109404955904,1913.249267578125,1222800,2339521204.3945312
2014-01-28 00:00:00,1909.3364791398196,1944.5496519108408,1897.5987548828125,1897.5987548828125,685800,1301373226.0986328
2014-01-29 00:00:00,1944.5493633751878,1956.287085890531,1932.8116408598446,1952.37451171875,438000,855140036.1328125
2014-01-30 00:00:00,1881.9484246477768,1897.5987233974465,1827.172379023933,1850.6478271484375,906800,1678167449.6582031
2014-01-31 00:00:00,1866.2980590004697,1874.1232080948114,1729.357949849492,1756.7459716796875,1456600,2558876182.348633
2014-02-03 00:00:00,1756.7460470177457,1756.7460470177457,1682.407127433476,1686.3197021484375,1181600,1992555360.0585938
2014-02-04 00:00:00,1608.0682681971743,1639.3688670915233,1588.5053938882063,1592.41796875,1222400,1946571725.0
2014-02-05 00:00:00,1631.5437779438064,1647.1940779720444,1592.4180278732115,1623.7186279296875,1167400,1895529126.2451172
2014-02-06 00:00:00,1643.2816038269928,1651.1067543214072,1611.9810018493358,1619.80615234375,610600,989053636.6210938
2014-02-07 00:00:00,1666.7570125498669,1674.5821628435283,1635.4564113752215,1655.019287109375,501600,830157674.4140625
2014-02-10 00:00:00,1698.057004333357,1717.619873046875,1682.4067093625429,1717.619873046875,774400,1330124829.6875
2014-02-12 00:00:00,1733.270645670197,1737.183220491123,1690.2323226400115,1694.1448974609375,710200,1203181706.1767578
2014-02-13 00:00:00,1709.7953999376944,1752.833728082579,1698.0576740799984,1729.3582763671875,1251000,2163427203.7353516
2014-02-14 00:00:00,1717.6205712777598,1741.096023277,1666.757091946072,1690.2325439453125,1221800,2065126122.1923828
2014-02-17 00:00:00,1705.882591265017,1713.7077407662327,1674.5819932601544,1709.795166015625,575600,984158097.5585938
2014-02-18 00:00:00,1647.1939409390059,1737.1831586150086,1647.1939409390059,1725.4454345703125,1341600,2314857595.0195312
2014-02-19 00:00:00,1733.2708535436498,1780.2217570256448,1729.3582782534836,1772.3966064453125,1149600,2037547138.7695312
2014-02-20 00:00:00,1752.8337492766204,1756.746324609827,1678.4948179456924,1690.2325439453125,951600,1608425288.8183594
2014-02-21 00:00:00,1713.7077105256164,1737.1831586150086,1705.882561162486,1725.4454345703125,591400,1020428430.0048828
2014-02-24 00:00:00,1733.2710524125532,1752.8339311079546,1698.057870760831,1721.5333251953125,654200,1126227101.3427734
2014-02-25 00:00:00,1745.0081787109375,1760.6584762778516,1729.3578811440232,1745.0081787109375,661000,1153450406.1279297
2014-02-26 00:00:00,1729.357806614467,1768.4835488455635,1717.620083945138,1752.833251953125,750600,1315676638.9160156
2014-02-27 00:00:00,1760.658594168228,1846.735236549786,1756.746019514521,1827.17236328125,1900000,3471627490.234375
2014-02-28 00:00:00,1834.9972437256906,1874.1229845300763,1811.5217992430591,1823.259521484375,1210000,2206144020.9960938
2014-03-03 00:00:00,1784.1339111328125,1791.9590598658513,1745.0081674676194,1784.1339111328125,913200,1629271087.6464844
2014-03-04 00:00:00,1764.571130636464,1815.4346000339672,1760.6585560674253,1799.7843017578125,526400,947406456.4453125
2014-03-05 00:00:00,1819.347003786845,1827.1721521902293,1776.3086875682316,1791.958984375,1501000,2689730435.546875
2014-03-06 00:00:00,1791.9589288408663,1831.084669645252,1784.1337806799893,1823.259521484375,579600,1056761218.6523438
2014-03-07 00:00:00,1846.7353207884717,1870.2107697815454,1823.2598717953979,1862.3856201171875,944600,1759209456.7626953
2014-03-10 00:00:00,1846.7352981085526,1870.2107468133222,1838.910148540296,1858.4730224609375,536000,996141540.0390625
2014-03-11 00:00:00,1862.3856428934093,1878.035942413522,1846.7353433732965,1866.2982177734375,438600,818558398.3154297
2014-03-12 00:00:00,1834.997835548975,1838.910410891297,1811.5223834950436,1819.3475341796875,559400,1017743010.6201172
2014-03-13 00:00:00,1799.7844918500268,1838.9102416728535,1791.9593418854615,1811.522216796875,692800,1255022591.796875
2014-03-14 00:00:00,1752.8339311079546,1764.5716583251954,1713.708173717152,1721.5333251953125,1017200,1751143698.3886719
2014-03-17 00:00:00,1705.882591265017,1733.270614519272,1701.9700165144093,1709.795166015625,500200,855239542.0410156
2014-03-18 00:00:00,1745.008354238678,1760.658653379832,1729.358055097524,1733.2706298828125,402200,697121447.3388672
2014-03-19 00:00:00,1737.1831659439508,1745.0083153400947,1682.4071201709432,1705.882568359375,646200,1102341315.6738281
2014-03-20 00:00:00,1721.532601289971,1725.4451753838118,1670.66913807004,1682.4068603515625,812400,1366787333.3496094
2014-03-24 00:00:00,1670.6696470787083,1741.0960022248833,1666.7570717928095,1729.3582763671875,646200,1117511318.1884766
2014-03-25 00:00:00,1721.53312579539,1752.833728082579,1705.8828246517958,1729.3582763671875,500200,865025009.8388672
2014-03-26 00:00:00,1737.1833721032303,1748.9210975904143,1717.620496291257,1741.095947265625,679600,1183248805.7617188
2014-03-27 00:00:00,1741.0964477539062,1784.5251573350693,1729.2522542317708,1776.6290283203125,824000,1463942319.3359375
2014-03-28 00:00:00,1760.835675534949,1784.5240478515625,1733.1992411655663,1784.5240478515625,547800,977562273.4130859
2014-03-31 00:00:00,1812.160759452108,1824.0049474223833,1772.680132884524,1820.056884765625,561800,1022507957.8613281
2014-04-01 00:00:00,1827.953509827325,1835.8496372995812,1796.3689999383,1812.1612548828125,647400,1173193196.4111328
2014-04-02 00:00:00,1827.9528041741787,1871.3814885066106,1824.0047419621394,1847.693115234375,685600,1266778399.8046875
2014-04-03 00:00:00,1871.3817861763534,1895.0701632165603,1855.5895348162153,1859.53759765625,936800,1742014821.484375
2014-04-04 00:00:00,1835.8493241019871,1843.7454502271569,1701.6151799740999,1816.1090087890625,814800,1479765620.3613281
2014-04-07 00:00:00,1784.5240478515625,1796.3682340098694,1776.6279237460246,1784.5240478515625,422000,753069148.1933594
2014-04-08 00:00:00,1768.732250702247,1788.4725660002632,1752.9399984638342,1756.8880615234375,578000,1015481299.5605469
2014-04-09 00:00:00,1729.2518581814236,1729.2518581814236,1685.8231585467304,1705.5634765625,880000,1500895859.375
2014-04-10 00:00:00,1729.2514285908496,1733.1994912132031,1693.7188649896677,1701.614990234375,641000,1090735208.7402344
2014-04-11 00:00:00,1642.3942300451808,1666.0826083631403,1630.5500408862013,1638.4461669921875,1336400,2189619457.5683594
2014-04-14 00:00:00,1638.4458585885857,1658.1861701378457,1638.4458585885857,1642.3939208984375,603800,991677449.4384766
2014-04-15 00:00:00,1666.0825347170305,1670.0305975955068,1646.3422203246487,1650.290283203125,497400,820854386.8652344
2014-04-16 00:00:00,1666.0826737552811,1693.7191162109375,1654.2384841314283,1693.7191162109375,527600,893606205.7128906
2014-04-17 00:00:00,1697.6669921875,1709.5111805050872,1670.0305527797964,1697.6669921875,682000,1157808888.671875
2014-04-18 00:00:00,1713.4592140232592,1733.1995275488728,1709.5111513181364,1729.25146484375,337400,583449444.2382812
2014-04-21 00:00:00,1737.1472807517084,1748.9914667568337,1729.2511567482916,1733.19921875,309000,535558558.59375
2014-04-22 00:00:00,1725.303365968496,1733.1994912132031,1701.614990234375,1701.614990234375,341200,580591034.6679688
2014-04-23 00:00:00,1733.1995348449148,1756.887911175369,1713.4592212362027,1721.3553466796875,706600,1216309687.9638672
2014-04-24 00:00:00,1721.355721891201,1729.2518490558396,1697.6673403972854,1713.4595947265625,537800,921498570.0439453
2014-04-25 00:00:00,1812.1606618590274,1879.2777234093617,1808.21259941489,1863.4854736328125,1857200,3460865221.6308594
2014-04-28 00:00:00,1843.7453689411122,1859.5376204952117,1820.0569916099632,1835.8492431640625,1161800,2132889650.7080078
2014-04-30 00:00:00,1851.6416260820226,1867.4338787564964,1820.0571207330756,1827.9532470703125,918600,1679157852.758789
2014-05-01 00:00:00,1843.745161412126,1863.4854736328125,1835.8490365238513,1863.4854736328125,779000,1451655183.959961
2014-05-02 00:00:00,1839.7969908102964,1851.6411774464143,1831.900866386218,1847.693115234375,489200,903891471.9726562
2014-05-07 00:00:00,1816.109223018419,1827.9534136033217,1784.5247147920118,1788.4727783203125,937200,1676156687.8417969
2014-05-08 00:00:00,1800.3168293558533,1812.1610190226681,1792.4207029113102,1804.264892578125,541200,976468159.8632812
2014-05-09 00:00:00,1776.6280261710222,1827.9528358159628,1776.6280261710222,1808.2125244140625,591800,1070100171.9482422
2014-05-12 00:00:00,1804.264494759696,1808.2125571114675,1764.7838712419782,1768.73193359375,407000,719873896.9726562
2014-05-13 00:00:00,1808.2130870106457,1808.2130870106457,1776.6285789405908,1796.368896484375,363200,652441183.203125
2014-05-14 00:00:00,1784.5247059581045,1808.2130870106457,1784.5247059581045,1796.368896484375,372600,669327050.8300781
2014-05-15 00:00:00,1776.628231209292,1788.4724194173539,1752.939854793168,1780.5762939453125,417400,743212545.0927734
2014-05-16 00:00:00,1752.9398410744864,1752.9398410744864,1709.5111513181364,1729.25146484375,555400,960426263.5742188
2014-05-19 00:00:00,1729.2514943677324,1729.2514943677324,1685.8228038699126,1697.6669921875,658200,1117404414.2578125
2014-05-20 00:00:00,1701.6152097873778,1701.6152097873778,1646.3423259427764,1666.0826416015625,863800,1439162185.8154297
2014-05-21 00:00:00,1666.0825766705452,1673.9787026263298,1642.3941988031913,1670.0306396484375,480000,801614707.03125
2014-05-22 00:00:00,1681.8747484438886,1693.7189368132117,1662.1344344950166,1689.7708740234375,738800,1248402721.7285156
2014-05-23 00:00:00,1693.7188649896677,1709.511115479082,1685.8227397449607,1701.614990234375,526200,895389807.8613281
2014-05-26 00:00:00,1729.251507279028,1752.9398840910694,1721.355381675014,1748.9918212890625,597000,1044148117.3095703
2014-05-27 00:00:00,1756.8877465384346,1780.5761206490652,1756.8877465384346,1768.73193359375,530800,938842910.3515625
2014-05-28 00:00:00,1768.7320627802692,1800.3165639013453,1748.9917495795964,1760.8359375,693600,1221315806.25
2014-05-29 00:00:00,1741.0954971313477,1776.6280582972936,1737.1474347795759,1768.73193359375,534000,944502852.5390625
2014-05-30 00:00:00,1784.5241245892757,1792.420249034361,1764.7838134765625,1764.7838134765625,562200,992161459.9365234
2014-06-02 00:00:00,1776.6285789405908,1812.1611505194026,1776.6285789405908,1796.368896484375,623800,1120574917.6269531
2014-06-03 00:00:00,1827.953509827325,1827.953509827325,1804.2651274105563,1812.1612548828125,542200,982553832.3974609
2014-06-04 00:00:00,1827.9532470703125,1831.9013102389308,1808.2129312272205,1827.9532470703125,444000,811611241.6992188
2014-06-05 00:00:00,1827.9528358159628,1835.8489603767227,1784.5241507317821,1808.2125244140625,598800,1082757659.6191406
2014-06-06 00:00:00,1824.005054498488,1835.8492431640627,1812.1608658329135,1835.8492431640625,438000,804101968.5058594
2014-06-09 00:00:00,1875.3296609652245,1879.2777234093617,1843.745161412126,1863.4854736328125,703000,1310030287.9638672
2014-06-10 00:00:00,1875.329849016388,1875.329849016388,1855.5895348162153,1859.53759765625,739200,1374570192.1875
2014-06-11 00:00:00,1855.5893487445378,1867.4335360769498,1847.6932238562633,1863.4854736328125,596000,1110637342.2851562
2014-06-12 00:00:00,1867.433651179704,1891.1220273046051,1843.7452750548027,1871.3817138671875,959800,1796152168.9697266
2014-06-13 00:00:00,1847.693352102726,1859.5375402572308,1824.0049757937168,1855.5894775390625,910000,1688586424.5605469
2014-06-16 00:00:00,1855.5894775390625,1871.3817284117354,1847.693352102726,1855.5894775390625,370800,688052578.2714844
2014-06-17 00:00:00,1859.5375402572308,1867.4336656935673,1831.9011012300532,1855.5894775390625,600200,1113724804.4189453
2014-06-18 00:00:00,1855.5895540229512,1918.7585601173496,1855.5895540229512,1902.96630859375,841400,1601155852.0507812
2014-06-19 00:00:00,1914.810773541347,1950.3433445967535,1910.8627100907463,1930.60302734375,975400,1883110192.8710938
2014-06-20 00:00:00,1926.654620373965,1930.6026831206327,1891.122055653953,1906.914306640625,826800,1576636748.7304688
2014-06-23 00:00:00,1906.914306640625,1914.810432133961,1891.122055653953,1906.914306640625,500200,953838536.1816406
2014-06-24 00:00:00,1899.0182381622062,1926.654678218621,1879.277923836196,1910.8624267578125,583000,1114032794.7998047
2014-06-25 00:00:00,1902.9665043140005,1906.9145676009591,1883.226187879208,1891.122314453125,407800,771199679.8339844
2014-06-26 00:00:00,1891.122012852625,1906.9142634818745,1883.2258875380003,1887.1739501953125,418800,790348450.3417969
2014-06-27 00:00:00,1891.1221003765259,1891.1221003765259,1843.7453462961118,1859.53759765625,510400,949107989.84375
2014-06-30 00:00:00,1867.433750152588,1895.0701904296875,1851.6414985656738,1895.0701904296875,522000,989226639.4042969
2014-07-01 00:00:00,1902.9667860679701,1966.1358080121352,1895.0706583249496,1962.187744140625,1430600,2807105786.767578
2014-07-02 00:00:00,1970.0831167778483,1997.719553285754,1966.1350544195761,1985.8753662109375,899600,1786493479.4433594
2014-07-03 00:00:00,2001.6674865118348,2013.5116728225557,1985.8752380975402,1993.7713623046875,600800,1197857834.4726562
2014-07-04 00:00:00,2009.5636565563727,2013.5117187500002,1993.771407781863,2013.51171875,442400,890777584.375
2014-07-07 00:00:00,2017.4600830078125,2029.3042713620657,2009.5639574383104,2017.4600830078125,398400,803756097.0703125
2014-07-08 00:00:00,2001.668548405519,2033.2530619898268,1989.8243558114034,2025.35693359375,675800,1368736215.7226562
2014-07-09 00:00:00,1993.7722634142776,2021.4087106299212,1993.7722634142776,2005.616455078125,405600,813478034.1796875
2014-07-10 00:00:00,2009.5639146646492,2021.4081027667985,1997.7197265625,1997.7197265625,496200,991268528.3203125
2014-07-11 00:00:00,1993.7713623046875,2013.5116728225557,1989.8233002011139,1993.7713623046875,787600,1570294324.9511719
2014-07-14 00:00:00,1989.8236435145548,2017.4600830078125,1981.9275179450526,2017.4600830078125,472200,952644651.1962891
2014-07-15 00:00:00,2009.5636565563727,2021.407843137255,2005.6155943627452,2013.51171875,363600,732112860.9375
2014-07-16 00:00:00,2001.6675509498232,2013.511737641834,1985.8753020271422,1989.8233642578125,344200,684897201.9775391
2014-07-17 00:00:00,1989.8233002011139,2005.6155486154084,1981.9271759939666,1993.7713623046875,431600,860511719.9707031
2014-07-18 00:00:00,1954.2909511443106,1966.1351387270033,1946.394826089182,1958.239013671875,391000,765671454.3457031
2014-07-22 00:00:00,1974.0310517868193,2005.6155486154084,1970.0829896832456,1993.7713623046875,390600,778767094.1162109
2014-07-23 00:00:00,1985.8752380975402,2005.6155486154084,1974.0310517868193,1993.7713623046875,494200,985321807.2509766
2014-07-24 00:00:00,2001.6675509498232,2005.6156131804935,1985.8753020271422,1989.8233642578125,546000,1086443556.8847656
2014-07-25 00:00:00,2005.6155943627452,2013.5117187500002,1993.771407781863,2013.51171875,509800,1026488274.21875
2014-07-28 00:00:00,2017.4598965644836,2029.3040838241575,2009.563771724701,2021.407958984375,292400,591059687.2070312
2014-07-29 00:00:00,2013.5119053329138,2017.45996789239,1997.7196550950084,2009.5638427734375,315000,633012610.4736328
2014-07-30 00:00:00,2005.6150371662623,2041.147587037318,1997.7189149726942,2033.25146484375,545200,1108528698.6328125
2014-07-31 00:00:00,2064.8372820953823,2167.4869366546177,2064.8372820953823,2116.162109375,1449400,3067165361.328125
2014-08-01 00:00:00,2080.62945997579,2104.317840924281,2072.7333329929597,2076.681396484375,719600,1494379932.9101562
2014-08-04 00:00:00,2060.889094803119,2092.473602003167,2056.941031403113,2064.837158203125,467600,965517855.1757812
2014-08-05 00:00:00,2068.7845894607844,2076.6807138480394,2005.6155943627452,2013.51171875,723000,1455768972.65625
2014-08-06 00:00:00,2005.6159321981036,2013.512057915419,1970.0833664701845,1977.9794921875,561800,1111228878.7109375
2014-08-07 00:00:00,1977.9791320923096,1977.9791320923096,1934.5504485533565,1970.0830078125,661000,1302224868.1640625
2014-08-08 00:00:00,1954.2911182750356,1962.1872440054399,1902.9663010274085,1910.8624267578125,927200,1771751642.0898438
2014-08-11 00:00:00,1950.343052176896,1985.8756179048153,1934.5508007422654,1977.9794921875,860200,1701457959.1796875
2014-08-12 00:00:00,2005.615780213961,2013.5119053329138,1989.8235299760559,2009.5638427734375,670200,1346809687.4267578
2014-08-13 00:00:00,1989.8234596252441,2025.3560214042661,1989.8234596252441,2021.407958984375,439200,887802375.5859375
2014-08-14 00:00:00,2025.3562085773146,2033.2523341468168,2001.667831868808,2017.4600830078125,599800,1210072557.788086
2014-08-15 00:00:00,2009.5636754111638,2017.4597998725044,1985.8753020271422,1989.8233642578125,508200,1011228233.7158203
2014-08-18 00:00:00,1997.719553285754,1997.719553285754,1974.0311791361207,1985.8753662109375,338600,672417398.9990234
2014-08-19 00:00:00,2009.5639574383104,2049.044585285821,2001.667831868808,2017.4600830078125,701800,1415853486.2548828
2014-08-20 00:00:00,2037.2002806897715,2041.1483432492478,2005.615780213961,2009.5638427734375,384400,772476341.1621094
2014-08-21 00:00:00,2017.4597809436275,2021.407843137255,2001.6675321691177,2013.51171875,349600,703923696.875
2014-08-22 00:00:00,2017.4597349261294,2021.407797029703,1985.8752380975402,1993.7713623046875,494800,986518070.0683594
2014-08-25 00:00:00,2005.6155943627452,2017.4597809436275,1985.875283394608,2013.51171875,417000,839634386.71875
2014-08-26 00:00:00,2017.4597809436275,2025.3559053308825,2001.6675321691177,2013.51171875,296800,597610278.125
2014-08-27 00:00:00,2001.6675321691177,2029.30396752451,2001.6675321691177,2013.51171875,422400,850507350.0
2014-08-28 00:00:00,2001.6677176544847,2017.45996789239,1997.7196550950084,2009.5638427734375,252000,506410088.37890625
2014-08-29 00:00:00,1993.7714909274819,2009.5637403605708,1985.8753662109373,1985.8753662109375,305000,605691986.6943359
2014-09-01 00:00:00,2001.668391190176,2013.512582854023,1993.7722634142776,2005.616455078125,271200,543923182.6171875
2014-09-02 00:00:00,2017.4596304086538,2064.8363731971153,2013.5115685096152,2052.9921875,491400,1008840360.9375
2014-09-03 00:00:00,2060.8887512088977,2060.8887512088977,2029.3042492746615,2041.1484375,483800,987507614.0625
2014-09-04 00:00:00,2041.1488250616385,2080.62945997579,2037.2007615702232,2076.681396484375,759000,1576201179.9316406
2014-09-05 00:00:00,2092.473388671875,2120.1098296543337,2080.629199679393,2092.473388671875,798000,1669793764.1601562
2014-09-08 00:00:00,2104.318002589454,2120.1102577683614,2092.4738112052733,2096.421875,457200,958484081.25
2014-09-09 00:00:00,2104.3174677896236,2159.5903468685256,2100.3694049982737,2143.798095703125,762600,1634860427.7832031
2014-09-10 00:00:00,2124.0580883518796,2147.7464685193727,2112.213898268133,2139.850341796875,806800,1726431255.7617188
2014-09-11 00:00:00,2151.694549220202,2155.6426126132665,2112.213915289556,2124.05810546875,541000,1149115435.0585938
2014-09-12 00:00:00,2108.265445444418,2124.057695972092,2080.62900702099,2104.3173828125,1099800,2314328257.6171875
2014-09-16 00:00:00,2104.318268575071,2104.318268575071,2068.7856899312146,2080.6298828125,541400,1126453018.5546875
2014-09-17 00:00:00,2080.628609460729,2088.5247332157983,2068.784423828125,2068.784423828125,290200,600361239.7949219
2014-09-18 00:00:00,2080.62945997579,2084.577523467205,2068.7852695015445,2076.681396484375,482000,1000960433.1054688
2014-09-19 00:00:00,2080.628841978131,2096.4210912531075,2068.7846550218987,2084.576904296875,758800,1581776954.9804688
2014-09-22 00:00:00,2084.576904296875,2092.4730289343634,2068.7846550218987,2084.576904296875,285400,594938248.4863281
2014-09-24 00:00:00,2060.889094803119,2080.6294118031487,2056.941031403113,2064.837158203125,343800,709891014.9902344
2014-09-25 00:00:00,2080.628879782418,2112.21337890625,2080.628879782418,2112.21337890625,402800,850799549.0234375
2014-09-26 00:00:00,2092.3246058807085,2116.1914264801085,2092.3246058807085,2112.213623046875,314600,664502405.8105469
2014-09-29 00:00:00,2128.124959082577,2148.0139773917595,2120.1693517589033,2136.08056640625,264400,564779701.7578125
2014-09-30 00:00:00,2151.991657379208,2159.9472642456744,2096.302409313942,2112.213623046875,576200,1217057489.5996094
2014-10-01 00:00:00,2124.147073712524,2124.147073712524,2052.546610553675,2056.5244140625,625400,1286150368.5546875
2014-10-02 00:00:00,2028.6797675623102,2028.6797675623102,1953.1015017119498,1965.034912109375,899200,1766959392.96875
2014-10-03 00:00:00,1957.0796282368321,1996.857669461158,1949.1240199919669,1972.9908447265625,739200,1458434832.421875
2014-10-06 00:00:00,1996.857585449219,2012.7688012695314,1976.9685656738282,1988.9019775390625,688400,1369160121.3378906
2014-10-07 00:00:00,1976.9685093830542,1984.924117066688,1925.257059439433,1929.23486328125,950600,1833930661.0351562
2014-10-08 00:00:00,1889.456092882862,1901.3894997852801,1873.544883679638,1881.50048828125,936600,1762213357.3242188
2014-10-09 00:00:00,1881.501016202537,1885.4788196194556,1837.7451786164313,1849.6785888671875,1073400,1985444997.290039
2014-10-10 00:00:00,1805.9227294921875,1817.856139598964,1778.078105909709,1805.9227294921875,1318600,2381289711.1083984
2014-10-14 00:00:00,1758.1891478101863,1793.9893793266835,1738.3001303010215,1746.2557373046875,1082400,1890147210.0585938
2014-10-15 00:00:00,1754.2113445839184,1774.1003620962078,1718.4111130617978,1770.12255859375,1504800,2663680426.171875
2014-10-16 00:00:00,1710.4553621951666,1722.3887716988536,1694.5441495235834,1702.499755859375,1221400,2079433201.8066406
2014-10-17 00:00:00,1702.4997333499557,1718.4109458111702,1674.6551115428301,1682.6107177734375,1575800,2651457969.067383
2014-10-20 00:00:00,1734.3223876953125,1738.3001913368155,1714.4333694877976,1734.3223876953125,1069600,1855031225.8789062
2014-10-21 00:00:00,1734.3221206133992,1742.2777266712587,1698.5218933530307,1714.43310546875,1078400,1848844660.9375
2014-10-22 00:00:00,1742.2779541015625,1766.144775390625,1734.3223470052085,1766.144775390625,939400,1659116402.0019531
2014-10-23 00:00:00,1758.1891480863765,1790.0115761060392,1742.2779340765449,1770.12255859375,858200,1519119179.7851562
2014-10-24 00:00:00,1801.9449261232621,1817.856139598964,1790.0115160164855,1805.9227294921875,1053200,1901997818.7011719
2014-10-27 00:00:00,1865.5898025348622,1865.5898025348622,1833.7673751995128,1849.6785888671875,1303400,2410871072.729492
2014-10-28 00:00:00,1865.5897401751893,1885.4787565949675,1829.7895106195888,1837.7451171875,1051400,1932205216.2109375
2014-10-29 00:00:00,1861.6121415807845,1885.4789639087433,1849.6787304168051,1869.5677490234375,779000,1456393276.4892578
2014-10-30 00:00:00,1865.5896225297502,1905.3676528608748,1865.5896225297502,1885.4786376953125,1129200,2129082477.6855469
2014-10-31 00:00:00,1913.3236496831778,1929.2348650651584,1857.6343958462453,1905.3680419921875,1737600,3310767509.765625
2014-11-04 00:00:00,2060.502448730469,2060.502448730469,1980.9463696289063,1988.9019775390625,2276200,4527138681.274414
2014-11-05 00:00:00,1972.99076171875,1992.8797814941408,1953.1017419433595,1988.9019775390625,1313000,2611428296.508789
2014-11-06 00:00:00,1984.923909011995,2008.7907295612374,1945.1458747632578,1969.0126953125,1113400,2192298734.9609375
2014-11-07 00:00:00,1965.035035180264,1976.9684463250833,1929.2348017458057,1941.168212890625,1107200,2149261445.3125
2014-11-10 00:00:00,1909.345763781056,1933.212585828319,1901.3901564319683,1921.2791748046875,681400,1309159629.711914
2014-11-11 00:00:00,1933.2121386518222,1945.1455469151051,1913.3231248796842,1937.18994140625,774800,1500934766.6015625
2014-11-12 00:00:00,1949.123882490335,1969.0129016994201,1925.257059439433,1929.23486328125,882800,1703128537.3046875
2014-11-13 00:00:00,1988.9019775390627,2012.7688012695314,1972.99076171875,1988.9019775390625,1562600,3107858230.102539
2014-11-14 00:00:00,2020.72442759901,2020.72442759901,1972.9907797029703,2008.791015625,1184400,2379212078.90625
2014-11-17 00:00:00,2016.7464410275827,2020.724244658801,1941.1681720344386,1949.123779296875,1147200,2236034799.609375
2014-11-18 00:00:00,1972.9904987373739,1980.9461055871213,1945.1458747632578,1969.0126953125,796400,1568121710.546875
2014-11-19 00:00:00,1965.0348331511968,2012.7684728228858,1965.0348331511968,2004.8128662109375,993000,1990779176.147461
2014-11-20 00:00:00,2036.6359011627906,2060.502728129542,2024.7024876794148,2052.547119140625,1027200,2108376400.78125
2014-11-21 00:00:00,2056.5239646541263,2060.501767293689,2012.7681356189319,2048.568359375,812200,1663847221.484375
2014-11-25 00:00:00,2060.502073287964,2060.502073287964,2028.6796474456787,2036.63525390625,805600,1640713360.546875
2014-11-26 00:00:00,2032.6573126467667,2068.457539288295,2024.7017067264271,2064.479736328125,833400,1720537412.2558594
2014-11-27 00:00:00,2060.501767293689,2064.479569933252,2044.5905567354368,2048.568359375,571800,1171371387.890625
2014-11-28 00:00:00,2064.4801833725705,2080.391398658679,2056.5245757295165,2072.435791015625,663600,1375268390.9179688
2014-12-01 00:00:00,2080.3910932468093,2088.3466997219407,2068.4576835341127,2084.368896484375,423400,882521790.7714844
2014-12-02 00:00:00,2068.4576835341127,2096.302306197072,2064.479880296547,2084.368896484375,522200,1088457437.7441406
2014-12-03 00:00:00,2096.3023874136115,2112.2136009803185,2068.457763671875,2068.457763671875,701600,1451229966.9921875
2014-12-04 00:00:00,2084.368751128974,2092.3243570493137,2060.501933367955,2064.479736328125,426400,880294159.5703125
2014-12-05 00:00:00,2048.5695150368,2068.4585394546334,2028.6804906189673,2060.5029296875,480200,989453506.8359375
2014-12-08 00:00:00,2072.435791015625,2088.3470063017335,2064.4801833725705,2072.435791015625,512200,1061501612.1582031
2014-12-09 00:00:00,2036.6350924124513,2064.479712816528,2036.6350924124513,2044.5906982421875,520200,1063596081.2255859
2014-12-10 00:00:00,2024.7021307887803,2032.6577383753765,1969.0128776826054,1980.9462890625,780600,1546326673.2421875
2014-12-11 00:00:00,1937.1906076246692,1980.9464529714276,1913.3237828900737,1972.9908447265625,804600,1587468433.6669922
2014-12-12 00:00:00,1961.0574323592646,2000.8354735835906,1957.0796282368321,1972.9908447265625,1068400,2107943418.5058594
2014-12-15 00:00:00,1941.1679870224793,1949.1235935266698,1913.3233642578125,1913.3233642578125,796600,1524153391.9677734
2014-12-16 00:00:00,1889.4567884107644,1909.345807236141,1857.634358290162,1865.5899658203125,762000,1421579553.9550781
2014-12-17 00:00:00,1849.6785104851974,1897.4121494654605,1849.6785104851974,1889.45654296875,864800,1634002018.359375
2014-12-18 00:00:00,1945.145726926157,1949.1235300487053,1885.4786800879315,1901.389892578125,973200,1850432643.4570312
2014-12-19 00:00:00,1941.1677682768038,1961.0567822960334,1929.2343598652662,1957.0789794921875,751800,1471331976.7822266
2014-12-22 00:00:00,1969.0126133545418,1976.968219873146,1949.1235970580312,1961.0570068359375,509800,999746862.0849609
2014-12-24 00:00:00,1972.9908447265625,1984.9242570938602,1969.0130406041299,1972.9908447265625,421400,831418341.9677734
2014-12-25 00:00:00,1961.0565568415063,1965.034359188041,1945.1453474553684,1953.1009521484375,397200,775771698.1933594
2014-12-26 00:00:00,1957.0793051777582,1969.0127155751836,1949.1236982461412,1965.034912109375,504800,991949623.6328125
2014-12-29 00:00:00,1972.9904166138438,1984.9238263917503,1941.167990539427,1961.0570068359375,452200,886789978.4912109
2014-12-30 00:00:00,1953.1014595977533,1957.0792629777893,1921.279032557464,1925.2568359375,632400,1217532423.046875
2015-01-05 00:00:00,1929.2346610637628,1996.8573192866163,1921.2790542140153,1969.0126953125,1008000,1984764796.875
2015-01-06 00:00:00,1937.190183770384,1945.1457902745744,1909.3455610057174,1913.3233642578125,1085000,2075955850.2197266
2015-01-07 00:00:00,1909.3455610057174,1941.1679870224793,1905.367757753622,1913.3233642578125,946400,1810769231.9335938
2015-01-08 00:00:00,1941.168071338384,1984.923909011995,1929.2346610637628,1969.0126953125,1135800,2236404619.3359375
2015-01-09 00:00:00,1984.9240335973896,1984.9240335973896,1905.367960106512,1921.2791748046875,1360400,2613708189.404297
2015-01-13 00:00:00,1897.4123750727226,1913.3235899580286,1829.7897118101728,1869.5677490234375,1946000,3638178839.5996094
2015-01-14 00:00:00,1865.5894673887958,1869.5672700911173,1817.8558349609375,1817.8558349609375,1123400,2042179244.9951172
2015-01-15 00:00:00,1821.8339649487566,1849.6785888671875,1809.9005546980006,1849.6785888671875,1258600,2328005471.948242
2015-01-16 00:00:00,1821.834246443878,1845.7010706330993,1809.9008343492676,1841.7232666015625,1125200,2072307019.5800781
2015-01-19 00:00:00,1853.6563303233224,1857.634133607278,1833.7673139035444,1837.7451171875,686600,1261795797.4609375
2015-01-20 00:00:00,1849.6787507600116,1873.5455733504632,1841.7231432298609,1865.5899658203125,610000,1138009879.1503906
2015-01-21 00:00:00,1869.5678764243314,1869.5678764243314,1813.8786205308406,1821.834228515625,1097000,1998552148.6816406
2015-01-22 00:00:00,1837.7448777418872,1861.6116943359375,1825.8114694448618,1861.6116943359375,848600,1579763683.8134766
2015-01-23 00:00:00,1881.5014017569918,1897.4126186851693,1877.5235975249475,1893.434814453125,712400,1348882961.8164062
2015-01-26 00:00:00,1881.501198577881,1913.3236289978029,1881.501198577881,1909.3458251953125,675800,1290335908.6669922
2015-01-27 00:00:00,1929.2343598652662,1965.0345850998792,1921.2787542575743,1957.0789794921875,952000,1863139188.4765625
2015-01-28 00:00:00,1937.1903478979343,1976.9683837890625,1929.2347407197087,1976.9683837890625,690000,1364108184.8144531
2015-01-29 00:00:00,1976.967993511417,2000.8348103344924,1953.1011766883416,1957.0789794921875,1166200,2282345505.883789
2015-01-30 00:00:00,2028.6797278697097,2040.6131380336492,1984.9238906019316,2020.72412109375,1632800,3299438344.921875
2015-02-02 00:00:00,2008.7909156155874,2008.7909156155874,1945.1460549228163,1980.9462890625,1151200,2280465367.96875
2015-02-03 00:00:00,2008.7907310350406,2044.5909618851701,1996.8573207516642,2016.746337890625,1822000,3674511827.6367188
2015-02-04 00:00:00,2036.6353550295858,2056.5243721685465,2000.8351241794564,2016.746337890625,1455400,2935172620.1660156
2015-02-05 00:00:00,1996.8572361696565,2008.7906459475628,1961.0570068359375,1961.0570068359375,1381800,2709788572.0458984
2015-02-06 00:00:00,1984.923909011995,1996.8573192866163,1957.079285037879,1969.0126953125,1150600,2265546007.2265625
2015-02-09 00:00:00,2004.8134652071221,2052.547119140625,2000.8356607126634,2052.547119140625,1302600,2673647877.392578
2015-02-10 00:00:00,2048.5685011570554,2048.5685011570554,2024.701683667847,2044.5906982421875,888000,1815596540.0390625
2015-02-12 00:00:00,2068.4581889340348,2088.347209981477,2056.524776305569,2080.3916015625,1223000,2544318928.7109375
2015-02-13 00:00:00,2092.3246058807085,2155.969460812441,2084.368999014242,2112.213623046875,2134000,4507463871.582031
2015-02-16 00:00:00,2120.1693925233644,2136.0806074766356,2100.2803738317757,2128.125,736400,1567151250.0
2015-02-17 00:00:00,2128.124878155326,2155.9695027293205,2108.2358606024723,2151.99169921875,901400,1939805317.6757812
2015-02-18 00:00:00,2167.903055603251,2175.858663146749,2148.0140367445056,2171.880859375,1179000,2560647533.203125
2015-02-19 00:00:00,2151.9914749710647,2167.902687355324,2140.05806568287,2148.013671875,751000,1613158267.578125
2015-02-20 00:00:00,2155.96923828125,2155.96923828125,2128.1246171226358,2155.96923828125,444000,957250341.796875
2015-02-23 00:00:00,2167.9029740767046,2191.769795809659,2167.9029740767046,2187.7919921875,747200,1634718176.5625
2015-02-24 00:00:00,2191.769755045573,2199.7253621419272,2171.8807373046875,2195.74755859375,528400,1160233009.9609375
2015-02-25 00:00:00,2207.681090652302,2227.5701094870074,2191.7698755845377,2219.614501953125,859400,1907536702.9785156
2015-02-26 00:00:00,2227.570250055506,2247.4592701452875,2211.659033983681,2239.503662109375,1053400,2359093157.6660156
2015-02-27 00:00:00,2247.458765241835,2299.1702058580186,2243.480962117513,2291.214599609375,1142000,2616567072.7539062
2015-03-02 00:00:00,2291.2147629310343,2342.926207233297,2291.2147629310343,2307.1259765625,980200,2261444882.2265625
2015-03-03 00:00:00,2319.0589350400087,2338.9479482050174,2291.214316608997,2299.169921875,697400,1603441103.515625
2015-03-04 00:00:00,2275.3034868925133,2287.236896788803,2235.525453904882,2271.32568359375,655400,1488626853.0273438
2015-03-05 00:00:00,2271.3256435427575,2295.192462914485,2267.347840314136,2279.28125,456200,1039808106.25
2015-03-06 00:00:00,2283.25927734375,2311.1039026772105,2275.3036701056185,2283.25927734375,777000,1774092458.4960938
2015-03-09 00:00:00,2271.325866486553,2299.170491820013,2263.3702592484215,2283.25927734375,543200,1240266439.453125
2015-03-10 00:00:00,2299.170327062774,2307.1259337308115,2255.414490388569,2267.347900390625,602400,1365850375.1953125
2015-03-11 00:00:00,2235.5255335785932,2279.281371424438,2231.547730138062,2255.41455078125,671800,1515187495.2148438
2015-03-12 00:00:00,2263.370849609375,2283.25987289241,2251.4374356395538,2263.370849609375,669200,1514647772.5585938
2015-03-13 00:00:00,2271.32568359375,2287.236896788803,2255.4144703986976,2271.32568359375,1192000,2707420214.84375
2015-03-16 00:00:00,2263.369814145815,2283.2588283298733,2255.414208472192,2275.30322265625,508800,1157674279.6875
2015-03-17 00:00:00,2299.170269931891,2346.9039087540064,2291.2146634615383,2327.014892578125,852000,1982616688.4765625
2015-03-18 00:00:00,2323.0367376730105,2330.9923429390137,2283.258711342993,2299.169921875,612800,1408931328.125
2015-03-19 00:00:00,2283.259464014104,2291.215071902655,2227.5702087942477,2247.459228515625,1021200,2295105364.1601562
2015-03-20 00:00:00,2263.3704396054486,2299.1706750297876,2247.4592238612977,2295.19287109375,568600,1305046666.5039062
2015-03-23 00:00:00,2299.1702058580186,2303.1480089823403,2279.2811902364097,2291.214599609375,471000,1079162076.4160156
2015-03-24 00:00:00,2283.2591748649693,2299.1703886270943,2251.4367473407187,2255.41455078125,906600,2044758831.7382812
2015-03-25 00:00:00,2251.4368492479425,2267.34806373026,2219.6144202833075,2235.525634765625,963000,2152811186.279297
2015-03-26 00:00:00,2227.569502160904,2255.4141209379154,2223.591699478474,2243.480712890625,827400,1856255941.8457031
2015-03-27 00:00:00,2275.588311767578,2307.6953778948105,2227.42771257673,2247.49462890625,823400,1850587077.4414062
2015-03-30 00:00:00,2239.4674209349932,2263.5477157837568,2207.3603611366425,2251.507568359375,631400,1421601878.6621094
2015-03-31 00:00:00,2279.6015177193563,2307.695198395475,2267.5613688581625,2275.588134765625,958200,2180468550.732422
2015-04-01 00:00:00,2263.547779679084,2271.574544855251,2231.4407189744165,2235.4541015625,698200,1560794053.7109375
2015-04-02 00:00:00,2239.4680819621126,2287.6286858752765,2239.4680819621126,2267.561767578125,570000,1292510207.5195312
2015-04-03 00:00:00,2267.56167740772,2303.68212890625,2267.56167740772,2303.68212890625,473600,1091023856.25
2015-04-06 00:00:00,2267.5618991045885,2291.6422024579115,2267.5618991045885,2279.60205078125,325400,741782507.3242188
2015-04-07 00:00:00,2291.64197840674,2331.775813405107,2291.64197840674,2303.68212890625,610400,1406167571.484375
2015-04-08 00:00:00,2323.7484269289625,2347.8287215085375,2315.7216620691042,2335.78857421875,667400,1558905294.4335938
2015-04-09 00:00:00,2323.7482453976536,2323.7482453976536,2291.6411884664253,2319.73486328125,558800,1296267841.6015625
2015-04-10 00:00:00,2347.828941345215,2367.895855373806,2311.70849609375,2311.70849609375,1025400,2370425891.8945312
2015-04-13 00:00:00,2299.668167647782,2311.7083151223774,2279.601255190122,2295.65478515625,597800,1372342430.5664062
2015-04-14 00:00:00,2291.6418681285204,2323.74893458216,2283.615101515111,2315.72216796875,385000,891553034.6679688
2015-04-15 00:00:00,2299.667952699232,2335.788391746864,2299.667952699232,2319.73486328125,431400,1000733620.0195312
2015-04-16 00:00:00,2319.73524230852,2339.8021561693204,2303.6817112198796,2331.775390625,482200,1124382093.359375
2015-04-17 00:00:00,2323.7490464054335,2323.7490464054335,2295.6553619065767,2303.68212890625,481400,1108992576.8554688
2015-04-20 00:00:00,2287.6284848218156,2319.7355512754552,2263.548184981586,2315.72216796875,501600,1161566239.453125
2015-04-21 00:00:00,2323.7486503640066,2363.8824785222796,2307.6951191006974,2355.855712890625,784200,1847462050.0488281
2015-04-22 00:00:00,2367.8960198524014,2400.0030845283663,2355.855870598915,2391.976318359375,860600,2058534819.5800781
2015-04-23 00:00:00,2408.0296817742264,2476.257189424496,2404.0162989712694,2464.217041015625,1309400,3226645793.5058594
2015-04-24 00:00:00,2464.2169698247017,2468.2303525117127,2412.04299489356,2436.123291015625,721600,1757906566.796875
2015-04-27 00:00:00,2436.123291015625,2440.136673702636,2412.04299489356,2436.123291015625,578800,1410028160.8398438
2015-04-28 00:00:00,2307.6950876336346,2315.7218531558387,2271.574642783717,2287.628173828125,2457800,5622532525.634766
2015-04-30 00:00:00,2275.5883344778326,2287.6284843957046,2259.534801254003,2271.574951171875,1609600,3656327041.40625
2015-05-01 00:00:00,2263.548072076613,2275.5882213961695,2207.3607085853496,2239.4677734375,1297400,2905485489.2578125
2015-05-07 00:00:00,2247.4945396505377,2255.5213058635754,2231.4410072244627,2239.4677734375,962800,2156159572.265625
2015-05-08 00:00:00,2231.4410958426342,2259.5347787039623,2227.42771257673,2247.49462890625,723600,1626287113.4765625
2015-05-11 00:00:00,2275.588134765625,2279.6015177193563,2259.5346029507,2275.588134765625,666400,1516451933.0078125
2015-05-12 00:00:00,2267.56154523577,2267.56154523577,2235.454479108538,2247.49462890625,859600,1931946383.0078125
2015-05-13 00:00:00,2255.5211368136934,2319.7352617051865,2247.494371202257,2311.70849609375,997000,2304773370.6054688
2015-05-14 00:00:00,2295.65478515625,2307.694932630846,2287.628020173186,2295.65478515625,591000,1356731978.0273438
2015-05-15 00:00:00,2291.6415565892266,2303.681704872533,2275.5880255448187,2287.628173828125,603400,1380354840.0878906
2015-05-18 00:00:00,2291.64197840674,2303.68212890625,2275.588444407393,2303.68212890625,758600,1747573262.9882812
2015-05-19 00:00:00,2291.641845703125,2299.668612237987,2279.601695900832,2291.641845703125,726000,1663731979.9804688
2015-05-20 00:00:00,2303.6816856317932,2327.7619819972824,2303.6816856317932,2307.695068359375,525000,1211539910.8886719
2015-05-21 00:00:00,2319.73524230852,2355.8556872579607,2315.7218595363597,2331.775390625,586000,1366420378.90625
2015-05-22 00:00:00,2327.76220703125,2335.788973262392,2311.7086745689658,2327.76220703125,461800,1074960587.2070312
2015-05-25 00:00:00,2343.815456170551,2371.909134583554,2343.815456170551,2367.895751953125,464600,1100124366.3574219
2015-05-26 00:00:00,2359.869429117148,2371.9095792657045,2343.8158955857384,2363.8828125,411800,973446942.1875
2015-05-27 00:00:00,2363.8828125,2367.896195882852,2347.8292789685906,2363.8828125,382200,903476010.9375
2015-05-28 00:00:00,2367.895931153988,2404.0163775614215,2367.895931153988,2383.949462890625,600000,1430369677.734375
2015-05-29 00:00:00,2375.9224085687183,2391.9759383563446,2371.9090261218116,2379.935791015625,450600,1072399067.4316406
2015-06-01 00:00:00,2367.895751953125,2387.96266510527,2359.868986692267,2367.895751953125,395800,937213138.6230469
2015-06-02 00:00:00,2371.9091533954324,2371.9091533954324,2347.828857421875,2347.828857421875,478200,1122731759.6191406
2015-06-03 00:00:00,2347.829146141078,2359.8692956084683,2335.788996673688,2351.842529296875,313600,737537817.1875
2015-06-04 00:00:00,2355.8556040618378,2371.909134583554,2339.802073540122,2367.895751953125,374600,887013748.6816406
2015-06-05 00:00:00,2347.8287215085375,2347.8287215085375,2319.7350444990334,2335.78857421875,399800,933848271.9726562
2015-06-08 00:00:00,2335.78877339716,2347.8289217136403,2319.73524230852,2331.775390625,311600,726581211.71875
2015-06-09 00:00:00,2311.7089878318584,2319.735755150719,2263.5483839186945,2267.561767578125,496600,1126071173.7792969
2015-06-10 00:00:00,2267.5616346474644,2287.6285517682386,2255.521484375,2255.521484375,496200,1119189760.546875
2015-06-11 00:00:00,2283.6154346734706,2287.628818565691,2267.5618991045885,2279.60205078125,470000,1071412963.8671875
2015-06-12 00:00:00,2283.6149006730875,2287.6282836268188,2267.5613688581625,2275.588134765625,653600,1487324404.8828125
2015-06-15 00:00:00,2263.5478515625,2267.5612342780364,2247.494320700355,2263.5478515625,266600,603461857.2265625
2015-06-16 00:00:00,2251.508012172154,2259.5347787039623,2235.454479108538,2247.49462890625,288600,648626949.9023438
2015-06-17 00:00:00,2231.441456330128,2239.468224158654,2167.227313701923,2191.3076171875,1001200,2193937186.328125
2015-06-18 00:00:00,2195.320442044005,2203.347207828444,2163.21337890625,2163.21337890625,502200,1086365758.8867188
2015-06-19 00:00:00,2179.2668652162233,2199.3337792605716,2151.1731855541357,2159.199951171875,496600,1072258695.7519531
2015-06-22 00:00:00,2171.2399270713877,2199.3336045011465,2159.1997796014907,2187.29345703125,442600,968096084.0820312
2015-06-23 00:00:00,2187.293857615777,2227.427689865608,2167.226941490862,2223.414306640625,386000,858237922.3632812
2015-06-24 00:00:00,2227.427273510612,2259.534333308963,2227.427273510612,2251.507568359375,417800,940679862.0605469
2015-06-25 00:00:00,2223.414082066826,2223.414082066826,2191.3070195099044,2203.34716796875,409000,901168991.6992188
2015-06-26 00:00:00,2187.293566038688,2191.306948728667,2171.240035278771,2175.25341796875,394200,857484897.3632812
2015-06-29 00:00:00,2119.066227337786,2127.0929933504294,2098.9993123061786,2103.0126953125,593800,1248768938.4765625
2015-06-30 00:00:00,2107.0264552078393,2123.0799901046607,2094.986304035223,2115.05322265625,549800,1162856261.8164062
2015-07-01 00:00:00,2115.0525075393616,2123.0792722738565,2094.985595703125,2094.985595703125,602400,1262019322.8515625
2015-07-02 00:00:00,2111.0391251721144,2115.0525075393616,2086.95883096863,2094.985595703125,522000,1093582480.9570312
2015-07-03 00:00:00,2090.972924520803,2090.972924520803,2034.7855522688044,2070.906005859375,1220000,2526505327.1484375
2015-07-06 00:00:00,2038.7984745749754,2070.9055371667073,2034.7850917510088,2050.838623046875,642000,1316638395.9960938
2015-07-07 00:00:00,2090.972900390625,2115.053202506448,2078.9327493327137,2090.972900390625,529400,1106961053.4667969
2015-07-08 00:00:00,2103.0122393300094,2111.0390036022613,2054.851653696498,2062.87841796875,1018000,2100010229.4921875
2015-07-09 00:00:00,2026.758326103076,2050.838623046875,1954.5174352716792,2050.838623046875,1085200,2225570073.7304688
2015-07-10 00:00:00,2038.798616793787,2054.852149209486,2002.678168858464,2030.7718505859375,697200,1415854134.2285156
2015-07-13 00:00:00,2042.8119020462036,2058.865433692932,2030.7717533111572,2054.85205078125,468200,962081730.1757812
2015-07-14 00:00:00,2082.9458685465183,2111.03955078125,2074.919102193738,2111.03955078125,753000,1589612781.7382812
2015-07-15 00:00:00,2123.079812044395,2123.079812044395,2078.9325947807124,2098.99951171875,468000,982331771.484375
2015-07-16 00:00:00,2115.053202506448,2119.0665861924185,2074.9193656467432,2090.972900390625,346600,724731207.2753906
2015-07-17 00:00:00,2094.9857043668712,2098.999086942287,2070.9054089143783,2082.945556640625,272000,566561191.40625
2015-07-21 00:00:00,2098.9989780703722,2115.0525075393616,2086.95883096863,2094.985595703125,269800,565227113.7207031
2015-07-22 00:00:00,2090.9722133358773,2103.0123604376195,2070.9053014996407,2094.985595703125,368800,772630687.6953125
2015-07-23 00:00:00,2103.01307571766,2107.0264594499454,2058.865854662518,2070.906005859375,300600,622514345.3613281
2015-07-24 00:00:00,2062.8791184831375,2074.9192689801207,2018.7318999941986,2026.7586669921875,400200,811108818.5302734
2015-07-27 00:00:00,2026.7584348663572,2054.8521161417325,1998.664753590982,2038.798583984375,508800,1037340719.53125
2015-07-28 00:00:00,2018.7315673828125,2034.7850987337692,1994.6512703563774,2018.7315673828125,551600,1113532332.5683594
2015-07-29 00:00:00,2010.7048871121424,2014.7182701203503,1974.5844400382716,1982.6112060546875,476600,944912500.8056641
2015-07-30 00:00:00,1982.6114711914063,2050.838991455078,1950.5044028320312,2006.6917724609375,600600,1205219078.540039
2015-07-31 00:00:00,2086.96014939693,2103.013689007675,1998.6656815378287,2058.866455078125,967400,1991747408.6425781
2015-08-03 00:00:00,2062.878463478459,2078.9319923771236,2054.8516990291264,2066.891845703125,589000,1217399297.1191406
2015-08-04 00:00:00,2086.9592308145006,2139.133211584863,2046.8253994526835,2131.1064453125,1185600,2526639801.5625
2015-08-05 00:00:00,2119.0661230831784,2187.2936308339627,2107.0259746565694,2159.199951171875,984800,2126380111.9140625
2015-08-06 00:00:00,2183.280074541284,2211.3737519710435,2163.2131620914565,2187.29345703125,744000,1627346332.03125
2015-08-07 00:00:00,2167.2269843606387,2191.307284186868,2159.2002177518957,2183.280517578125,392400,856719275.0976562
2015-08-10 00:00:00,2171.2399270713877,2195.320222011181,2135.1194846616972,2187.29345703125,441600,965908790.625
2015-08-11 00:00:00,2211.374156965676,2231.441073090591,2199.3340072907263,2223.414306640625,590000,1311814440.9179688
2015-08-12 00:00:00,2211.3738060339992,2255.5210145029173,2203.347040857832,2235.4541015625,711000,1589407866.2109375
2015-08-13 00:00:00,2231.4407189744165,2251.507631914834,2223.4139537982496,2235.4541015625,565800,1264819930.6640625
2015-08-14 00:00:00,2171.240324715845,2231.441073090591,2171.240324715845,2223.414306640625,641800,1426987302.0019531
2015-08-17 00:00:00,2223.4146386016187,2231.44140625,2207.361103304856,2231.44140625,507200,1131787081.25
2015-08-18 00:00:00,2231.4412738048145,2231.4412738048145,2203.3475887029554,2219.401123046875,516400,1146098739.9414062
2015-08-19 00:00:00,2203.347207828444,2203.347207828444,2155.186613121811,2163.21337890625,662000,1432047256.8359375
2015-08-20 00:00:00,2139.1326920572915,2143.14607421875,2098.9988704427083,2107.025634765625,667400,1406228908.6425781
2015-08-21 00:00:00,2066.892355526195,2086.959271599265,2038.7986730238972,2046.825439453125,645400,1321021138.6230469
2015-08-24 00:00:00,1978.5979438607985,2022.7451596467392,1938.464111328125,1938.464111328125,717000,1389878767.8222656
2015-08-25 00:00:00,1874.2500791444882,1930.4374476841517,1806.0225602034684,1826.0894775390625,1092000,1994089709.4726562
2015-08-26 00:00:00,1826.0894004282654,1886.2901498929334,1818.0626338329764,1874.25,860400,1612604700.0
2015-08-27 00:00:00,1902.3436495327492,1926.4239488939231,1878.263350171575,1882.2767333984375,746600,1405307809.1552734
2015-08-28 00:00:00,1938.463785311071,1990.63775882876,1938.463785311071,1974.584228515625,658800,1300856089.7460938
2015-08-31 00:00:00,1958.5307353799274,1962.5441180343944,1914.3835261807897,1934.450439453125,599000,1158735813.2324219
2015-09-01 00:00:00,1918.397045479312,1926.4238113599786,1866.2230672549792,1870.2364501953125,595000,1112790687.866211
2015-09-02 00:00:00,1830.1028610061812,1866.2233122102505,1814.0493271377059,1826.0894775390625,648400,1184036417.2363281
2015-09-03 00:00:00,1838.129770539588,1870.2368407673537,1838.129770539588,1850.169921875,580800,1074578690.625
2015-09-04 00:00:00,1846.1560897657982,1850.169472569637,1785.955347708218,1810.03564453125,643600,1164938940.8203125
2015-09-07 00:00:00,1793.9820815332678,1830.1025261278971,1769.901785136848,1818.0623779296875,373400,678864491.9189453
2015-09-08 00:00:00,1818.0623779296873,1866.2229707225267,1814.0489951969507,1818.0623779296875,443600,806492470.8496094
2015-09-09 00:00:00,1874.2499044118836,1942.4774169921875,1870.2365213189244,1942.4774169921875,732600,1423058955.6884766
2015-09-10 00:00:00,1898.3302675882976,1926.4239501953125,1890.3035011291504,1926.4239501953125,693400,1335782367.0654297
2015-09-11 00:00:00,1894.3163457365117,1902.3431099133613,1866.2226711175379,1878.2628173828125,876000,1645358228.0273438
2015-09-14 00:00:00,1894.3167808795797,1906.3569299105939,1842.1428017451844,1862.209716796875,449200,836504604.7851562
2015-09-15 00:00:00,1866.2230423637059,1882.2765739109207,1838.1293621560803,1846.1561279296875,590600,1090339809.1552734
2015-09-16 00:00:00,1854.1825248522634,1890.302963648087,1850.1691427638386,1878.2628173828125,451200,847472183.203125
2015-09-17 00:00:00,1902.3436620487191,1938.464111328125,1890.303512288917,1938.464111328125,500200,969619748.4863281
2015-09-18 00:00:00,1906.3570327596115,1914.383799213336,1862.2098172641256,1882.2767333984375,593000,1116190102.9052734
2015-09-24 00:00:00,1854.1830141199193,1854.1830141199193,1785.955500613342,1802.009033203125,586400,1056698097.0703125
2015-09-25 00:00:00,1810.0357578252654,1842.142822265625,1781.9420764399508,1842.142822265625,620400,1142865406.9335938
2015-09-28 00:00:00,1858.3727680097784,1874.6030978613921,1834.0272732323576,1854.315185546875,448400,831474929.1992188
2015-09-29 00:00:00,1805.624459072312,1809.682042126407,1704.1848827199349,1712.300048828125,1080600,1850311432.7636719
2015-09-30 00:00:00,1740.7034691704644,1765.0489722357856,1728.5307176378037,1752.876220703125,531600,931828998.9257812
2015-10-01 00:00:00,1769.1059040981056,1846.1999687262341,1760.9907394004078,1834.0272216796875,747200,1370385140.0390625
2015-10-02 00:00:00,1817.7973090277778,1846.2003919813367,1797.5093926323784,1825.9124755859375,572800,1045882666.015625
2015-10-05 00:00:00,1850.2576030839714,1870.5455153984888,1842.1424381581646,1854.315185546875,533200,988720856.9335938
2015-10-06 00:00:00,1886.7764457168091,1935.4674507675657,1886.7764457168091,1911.1219482421875,634200,1212033539.5751953
2015-10-07 00:00:00,1923.2944078681883,1971.9854055357373,1915.1792415902632,1963.8702392578125,457200,897881473.3886719
2015-10-08 00:00:00,1955.7553494482927,1988.2160191486792,1943.5825983106477,1967.9281005859375,468600,922171107.9345703
2015-10-09 00:00:00,1992.2734229965965,2049.07958984375,1992.2734229965965,2049.07958984375,686400,1406488230.46875
2015-10-13 00:00:00,2020.6765003281566,2040.964416998118,2000.388583658195,2004.4461669921875,573400,1149349432.1533203
2015-10-14 00:00:00,1988.215738091587,1988.215738091587,1951.697489840925,1963.8702392578125,479200,941086618.6523438
2015-10-15 00:00:00,1935.46686469184,1988.2154375241125,1923.294117115162,1971.985107421875,504600,995063685.2050781
2015-10-16 00:00:00,2004.4462679396693,2032.8493527080452,1996.3311008629905,2016.6190185546875,502600,1013552718.7255859
2015-10-19 00:00:00,2012.561435016348,2049.079686861403,1976.0431831712933,2016.6190185546875,787600,1588289139.0136719
2015-10-20 00:00:00,2028.7919589178357,2040.9647106713428,1996.3312875751503,2024.734375,337200,682740431.25
2015-10-21 00:00:00,2016.61850937424,2093.712577137038,2008.503344346577,2085.597412109375,549200,1145410098.7304688
2015-10-22 00:00:00,2065.309673309326,2109.943084716797,2061.2520904541016,2077.482421875,421600,875866589.0625
2015-10-23 00:00:00,2118.058423748791,2126.173590123308,2093.712924625242,2097.7705078125,543800,1140767602.1484375
2015-10-26 00:00:00,2126.1737945148184,2150.519295978728,2114.0010437828632,2122.1162109375,564600,1198146812.6953125
2015-10-27 00:00:00,2142.4037475585938,2174.8644104003906,2077.482421875,2077.482421875,646000,1342053644.53125
2015-10-28 00:00:00,2077.482421875,2097.770336151123,2061.2520904541016,2077.482421875,588000,1221559664.0625
2015-10-29 00:00:00,2105.885324678532,2126.1732372476895,2065.3094995402175,2085.597412109375,1082000,2256616399.9023438
2015-10-30 00:00:00,2158.634404135014,2211.3829891984633,2118.058569470822,2203.267822265625,1530200,3371440421.6308594
2015-11-02 00:00:00,2178.922686354558,2207.32577537594,2150.5195973331765,2158.634765625,696400,1503273250.78125
2015-11-04 00:00:00,2182.9794921875,2211.382571082133,2162.6915786913337,2182.9794921875,1230600,2686374563.0859375
2015-11-05 00:00:00,2174.8650234229513,2191.0953594186453,2166.7498554251047,2178.922607421875,671800,1463800207.6660156
2015-11-06 00:00:00,2182.979526611781,2203.2674404278755,2174.8643610853433,2187.037109375,491400,1074710035.546875
2015-11-09 00:00:00,2207.325151481149,2260.07373046875,2207.325151481149,2260.07373046875,838200,1894393800.8789062
2015-11-10 00:00:00,2243.8437408447267,2280.361993408203,2227.61340637207,2272.246826171875,681000,1547400088.6230469
2015-11-11 00:00:00,2268.1893093339913,2288.477228022131,2247.901390645852,2280.362060546875,665800,1518265059.9121094
2015-11-12 00:00:00,2256.0164916992185,2284.4195770263673,2251.9589080810547,2272.246826171875,360400,818917756.1523438
2015-11-13 00:00:00,2251.9589080810547,2276.304409790039,2227.61340637207,2272.246826171875,708000,1608750752.9296875
2015-11-16 00:00:00,2243.8438501152204,2272.2469368255397,2239.7862662994603,2256.0166015625,365200,823897262.890625
2015-11-17 00:00:00,2272.2462322695037,2300.6493101728724,2260.0734845966313,2288.4765625,667200,1526871562.5
2015-11-18 00:00:00,2296.592439720099,2308.7651911673784,2256.0166015625,2256.0166015625,426400,961965478.90625
2015-11-19 00:00:00,2284.419644284503,2288.477228022131,2268.1893093339913,2280.362060546875,558800,1274266319.4335938
2015-11-20 00:00:00,2268.1888534813597,2312.822265625,2260.0736876370615,2312.822265625,612600,1416834919.921875
2015-11-24 00:00:00,2272.2464794658886,2280.361645463981,2207.325151481149,2260.07373046875,1136400,2568347787.3046875
2015-11-25 00:00:00,2264.131313467796,2276.3040624649348,2247.9009814716114,2260.07373046875,506400,1144501337.109375
2015-11-26 00:00:00,2268.1891752947186,2280.3619257882506,2260.074008299031,2264.131591796875,304200,688748830.2246094
2015-11-27 00:00:00,2272.2467925424867,2276.3043761005983,2251.9588747519288,2268.189208984375,363400,824259958.5449219
2015-11-30 00:00:00,2268.1889928316523,2300.649658203125,2264.131409660218,2300.649658203125,708800,1630700477.734375
2015-12-01 00:00:00,2296.592035476658,2333.1102833905975,2296.592035476658,2324.9951171875,587400,1365702131.8359375
2015-12-02 00:00:00,2308.7651467102705,2308.7651467102705,2280.362060546875,2280.362060546875,362600,826859283.1542969
2015-12-03 00:00:00,2276.3044768092473,2284.419644284503,2264.1317255963636,2280.362060546875,274000,624819204.5898438
2015-12-04 00:00:00,2239.786031420765,2247.901198201275,2215.440531079235,2227.61328125,473800,1055443172.65625
2015-12-07 00:00:00,2247.90143393098,2268.1893530097796,2247.90143393098,2256.0166015625,216000,487299585.9375
2015-12-08 00:00:00,2247.901240396236,2251.958823862655,2195.1526553327867,2203.267822265625,413200,910390264.1601562
2015-12-09 00:00:00,2138.346153388104,2203.2674787281603,2118.0582392193364,2162.691650390625,716000,1548487221.6796875
2015-12-10 00:00:00,2150.518729469993,2174.8642245205965,2142.403564453125,2142.403564453125,396200,848820292.2363281
2015-12-11 00:00:00,2101.8279078843225,2174.8643988918857,2101.8279078843225,2162.691650390625,789000,1706363712.1582031
2015-12-14 00:00:00,2101.828084931119,2138.346333511003,2085.597752228948,2126.173583984375,400200,850894668.3105469
2015-12-15 00:00:00,2126.1732372476895,2134.2884022753524,2085.597412109375,2085.597412109375,438000,913491666.5039062
2015-12-16 00:00:00,2126.1735106037336,2162.691757923263,2126.1735106037336,2146.46142578125,646000,1386614081.0546875
2015-12-17 00:00:00,2182.979879161799,2191.0950459988317,2158.634378650701,2170.80712890625,507400,1101467537.2070312
2015-12-18 00:00:00,2162.6919779420587,2195.152645528431,2105.885809665907,2114.0009765625,774200,1636659556.0546875
2015-12-21 00:00:00,2085.5982107709547,2101.828547041546,2061.2527063650678,2093.71337890625,540200,1131023967.2851562
2015-12-22 00:00:00,2101.8280909997584,2109.9432573742747,2081.5401750634674,2097.7705078125,295800,620520516.2109375
2015-12-24 00:00:00,2114.000524783829,2134.2884376896236,2081.539864134557,2089.655029296875,316600,661584782.2753906
2015-12-25 00:00:00,2089.655029296875,2089.655029296875,2089.655029296875,2089.655029296875,0,0.0
2015-12-28 00:00:00,2045.0215869710603,2093.712577137038,2040.9640044572286,2085.597412109375,396800,827565053.125
2015-12-29 00:00:00,2089.6564303689997,2093.714015670687,2053.138162653813,2081.541259765625,362200,753934244.2871094
2015-12-30 00:00:00,2089.6551358396528,2114.0006325678814,2073.4248046875,2073.4248046875,344200,713672817.7734375
2016-01-04 00:00:00,2077.482965931864,2101.8284694388776,2012.5616232464931,2024.734375,730800,1479675881.25
2016-01-05 00:00:00,2028.7916803934488,2049.0795971973835,2016.6189303110882,2020.676513671875,433600,876165336.328125
2016-01-06 00:00:00,2028.791653380102,2036.9068199936225,1971.9854870854592,1988.2158203125,488400,971044606.640625
2016-01-07 00:00:00,1984.1583550120695,1992.2735221082335,1939.524935983168,1943.58251953125,522000,1014550075.1953125
2016-01-08 00:00:00,1915.179039863363,1976.0427805369866,1915.179039863363,1939.5245361328125,698200,1354176031.1279297
2016-01-12 00:00:00,1898.949127064001,1911.121877878514,1854.3157074107874,1858.373291015625,664000,1233959865.234375
2016-01-13 00:00:00,1886.7767282694326,1947.6404936974789,1882.719143907563,1931.41015625,551600,1065365842.1875
2016-01-14 00:00:00,1866.487897906387,1874.6030626798931,1825.9120740388569,1850.257568359375,1066600,1973484722.4121094
2016-01-15 00:00:00,1870.5457467253898,1898.9488274782698,1825.912334113721,1838.0850830078125,665800,1223797048.2666016
2016-01-18 00:00:00,1789.39381584235,1846.1999687262341,1785.3362334935011,1834.0272216796875,485800,890970424.2919922
2016-01-19 00:00:00,1821.854911951865,1890.8338284400202,1821.854911951865,1886.7762451171875,825800,1558099823.2177734
2016-01-20 00:00:00,1890.8334474840954,1898.9486124947568,1805.6242148721512,1813.7393798828125,730000,1324029747.3144531
2016-01-21 00:00:00,1805.6246976239966,1858.3732842961583,1765.0488617223336,1769.1064453125,818200,1447482893.5546875
2016-01-22 00:00:00,1834.027510018184,1882.7185058593748,1809.6820120975888,1882.718505859375,564800,1063359412.109375
2016-01-25 00:00:00,1907.0643408097665,1911.121924513617,1866.4885037712609,1878.6612548828125,587400,1103525621.118164
2016-01-26 00:00:00,1846.2000751495361,1850.2576577322823,1809.68183190482,1817.7969970703125,549400,998697670.1904297
2016-01-27 00:00:00,1842.1428690725422,1870.5459529569207,1825.912535424326,1862.4307861328125,849200,1581576223.5839844
2016-01-28 00:00:00,1846.200039925458,1854.3152049361192,1809.6817973774819,1813.7393798828125,569200,1032380455.0292969
2016-01-29 00:00:00,1760.990979210805,1773.1637279150273,1643.321075069991,1675.78173828125,1712400,2869608648.6328125
2016-02-01 00:00:00,1752.8759834558823,1756.933566750919,1712.3001505055147,1724.472900390625,1243000,2143519815.1855469
2016-02-02 00:00:00,1704.1852586125751,1716.358010459808,1671.7245870199547,1683.8973388671875,901200,1517528281.7871094
2016-02-03 00:00:00,1627.0909446138626,1643.321278225971,1537.8241097472664,1554.054443359375,1357000,2108851879.6386719
2016-02-04 00:00:00,1554.0543826356227,1618.9757145472936,1541.8816329021843,1590.5726318359375,1140600,1814207143.8720703
2016-02-05 00:00:00,1566.227206602269,1606.8030409702035,1554.0544562918888,1570.2847900390625,1023600,1607343511.0839844
2016-02-08 00:00:00,1578.399535824554,1618.9753593676016,1549.9964593444206,1606.8026123046875,1220600,1961263268.5791016
2016-02-09 00:00:00,1521.5936879642675,1529.7088543000768,1456.672357277792,1485.075439453125,1205400,1790109934.7167969
2016-02-10 00:00:00,1578.3998523149335,1578.3998523149335,1456.672357277792,1485.075439453125,1592200,2364537114.6972656
2016-02-12 00:00:00,1424.2116815131214,1440.4420140659774,1359.290351301697,1367.405517578125,1512200,2067790623.6816406
2016-02-15 00:00:00,1448.5572569473932,1509.4210072393005,1436.3845068890116,1493.190673828125,974200,1454666354.4433594
2016-02-16 00:00:00,1464.787577199412,1517.536160311856,1448.5572439340444,1476.9603271484375,1509200,2229028525.732422
2016-02-17 00:00:00,1481.0179237697437,1533.7665073560634,1472.902757064156,1493.190673828125,919400,1372839505.5175781
2016-02-18 00:00:00,1545.9390151265989,1598.687590445879,1545.9390151265989,1566.2269287109375,812600,1272716002.2705078
2016-02-19 00:00:00,1537.8239599609376,1549.9967089843751,1497.2481298828127,1521.5936279296875,613000,932736893.9208984
2016-02-22 00:00:00,1501.3058263968423,1562.1695761156332,1493.1906597676702,1549.996826171875,685400,1062367824.6582031
2016-02-23 00:00:00,1566.2273502349854,1598.6880207061768,1549.9970149993896,1558.1121826171875,547200,852598986.328125
2016-02-24 00:00:00,1537.8239599609376,1545.9391259765625,1505.3632958984376,1521.5936279296875,628800,956778073.2421875
2016-02-25 00:00:00,1521.5937761351581,1558.112026762402,1509.421025926077,1554.054443359375,545400,847581293.4082031
2016-02-26 00:00:00,1570.2847900390625,1594.6302906598232,1566.227206602269,1570.2847900390625,490800,770695774.9511719
2016-02-29 00:00:00,1602.74545753341,1623.0333747173772,1570.2847900390625,1570.2847900390625,696000,1092918213.8671875
2016-03-01 00:00:00,1558.112026762402,1566.2271935684562,1505.3634425230498,1554.054443359375,801200,1245108420.0195312
2016-03-02 00:00:00,1602.7454876077586,1659.551656788793,1594.6303205818965,1647.37890625,743200,1224332003.125
2016-03-03 00:00:00,1643.321322737069,1667.6668238146551,1631.1485721982758,1647.37890625,561400,924838517.96875
2016-03-04 00:00:00,1655.493896484375,1663.609062643612,1635.2059810862822,1655.493896484375,758800,1256188768.6523438
2016-03-07 00:00:00,1667.6666657624423,1667.6666657624423,1635.206000735436,1643.3211669921875,485400,797668094.4580078
2016-03-08 00:00:00,1627.0905240762113,1639.2632711391257,1562.169206407335,1606.8026123046875,996800,1601660843.9453125
2016-03-09 00:00:00,1574.3425178527832,1574.3425178527832,1533.766679763794,1558.1121826171875,768400,1197253401.1230469
2016-03-10 00:00:00,1598.6876064202725,1602.7451891776843,1574.3421098758013,1582.457275390625,538600,852311488.5253906
2016-03-11 00:00:00,1549.99661333133,1594.6300236628606,1549.99661333133,1582.457275390625,1182800,1871730465.3320312
2016-03-14 00:00:00,1602.7453750954535,1643.321207376351,1602.7453750954535,1618.9757080078125,545800,883636941.4306641
2016-03-15 00:00:00,1618.975762432108,1635.206095890074,1602.745428974142,1610.860595703125,511000,823149764.4042969
2016-03-16 00:00:00,1610.860595703125,1631.1485125255824,1610.860595703125,1610.860595703125,447800,721343374.7558594
2016-03-17 00:00:00,1627.0907365629944,1639.2634852155854,1578.3997419526304,1602.7452392578125,633800,1015819932.6416016
2016-03-18 00:00:00,1631.1481244036258,1631.1481244036258,1566.226806019402,1594.6298828125,769600,1227227157.8125
2016-03-22 00:00:00,1635.2060065341354,1647.3787559624293,1582.4574256781957,1614.9180908203125,651800,1052603611.5966797
2016-03-23 00:00:00,1614.9181520123714,1618.9757353088849,1570.284735750723,1578.39990234375,499400,788252911.2304688
2016-03-24 00:00:00,1578.4000120484982,1590.5727627840909,1549.9969269987823,1562.169677734375,543200,848570568.9453125
2016-03-25 00:00:00,1586.5151159606005,1606.8030330444956,1574.3423657102633,1598.6878662109375,408000,652264649.4140625
2016-03-28 00:00:00,1618.9756541264028,1639.2635695916458,1598.6877386611595,1627.0908203125,580000,943712675.78125
2016-03-29 00:00:00,1627.0908117888873,1664.0701484204528,1627.0908117888873,1647.6348876953125,601800,991546675.4150391
2016-03-30 00:00:00,1651.7437937211018,1655.8526091283682,1610.6556396484375,1610.6556396484375,518800,835608145.8496094
2016-03-31 00:00:00,1618.8734246967385,1639.4175036903519,1598.329345703125,1598.329345703125,573400,916482046.8261719
2016-04-01 00:00:00,1594.2203969594595,1594.2203969594595,1516.152903293919,1520.26171875,847000,1287661675.78125
2016-04-04 00:00:00,1536.6967846216548,1557.2408592823722,1503.826265164507,1516.1527099609375,547800,830548454.5166016
2016-04-05 00:00:00,1512.0441921962781,1512.0441921962781,1454.520771840985,1462.7384033203125,670000,980034730.2246094
2016-04-06 00:00:00,1450.4117641395246,1475.0646553147008,1429.8676881602114,1458.62939453125,474400,691973784.765625
2016-04-07 00:00:00,1462.7384033203125,1487.3912977582954,1425.7590616633383,1462.7384033203125,752400,1100564374.6582031
2016-04-08 00:00:00,1446.3028912742382,1503.8263017226454,1413.4323710180054,1483.2822265625,876400,1299948543.359375
2016-04-11 00:00:00,1483.282277086046,1487.3910922580296,1433.9764950222439,1479.1734619140625,779000,1152276126.8310547
2016-04-12 00:00:00,1479.1735641891894,1528.4793496621623,1470.955933277027,1520.26171875,689400,1048068428.90625
2016-04-13 00:00:00,1553.1321929055157,1586.0027155066905,1536.696931604928,1573.67626953125,574800,904549119.7265625
2016-04-14 00:00:00,1606.546805462434,1655.8525897733014,1602.437990103195,1651.7437744140625,751000,1240459574.584961
2016-04-15 00:00:00,1635.3084507181186,1659.9613419349746,1622.9820051096906,1627.0908203125,509400,828840063.8671875
2016-04-18 00:00:00,1561.3498440036526,1598.3291824142655,1557.2410286246954,1581.8939208984375,524000,828912414.5507812
2016-04-19 00:00:00,1647.6349085956886,1659.9613542959057,1627.09083242866,1655.8525390625,572000,947147652.34375
2016-04-20 00:00:00,1672.2880149803725,1688.7232780268625,1659.961567695505,1668.17919921875,574000,957534860.3515625
2016-04-21 00:00:00,1692.8318163584963,1696.940631446745,1664.070110740755,1680.50537109375,413000,694048718.2617188
2016-04-22 00:00:00,1659.9615952089607,1705.1585693359375,1655.8527793792357,1705.1585693359375,660200,1125745687.475586
2016-04-25 00:00:00,1717.4850168251128,1725.702648484563,1688.7233060170367,1705.1585693359375,452400,771413736.7675781
2016-04-26 00:00:00,1696.9405589384191,1696.9405589384191,1647.6347799862133,1676.396484375,607000,1017572666.015625
2016-04-27 00:00:00,1701.0497253117303,1701.0497253117303,1651.7439361722597,1668.17919921875,646600,1078644670.2148438
2016-04-28 00:00:00,1890.0554995888156,1988.6670908717103,1861.293785464638,1951.687744140625,3177600,6201682975.78125
2016-05-02 00:00:00,1902.3817724297041,1947.5787475846216,1898.27295650653,1927.03466796875,2051600,3953504324.8046875
2016-05-06 00:00:00,1877.7285574625473,1902.3814488077887,1840.7492204446853,1894.163818359375,2037800,3859927029.0527344
2016-05-09 00:00:00,1927.0342014665644,1935.2518313235648,1865.4019775390623,1865.4019775390625,1258400,2347421848.5351562
2016-05-10 00:00:00,1861.2935145675756,1939.3610129710721,1840.7494360403398,1935.252197265625,1310200,2535567428.857422
2016-05-11 00:00:00,1947.578603871119,1976.340313210988,1914.7080789112688,1918.81689453125,1003400,1925340871.9726562
2016-05-12 00:00:00,1910.5994042760528,1935.2522998150987,1898.27295650653,1927.03466796875,572200,1102649237.0117188
2016-05-13 00:00:00,1943.4699242001489,1951.6875560149488,1890.0553174039503,1898.27294921875,753000,1429399530.7617188
2016-05-16 00:00:00,1898.27294921875,1927.0346605705492,1885.9465014965504,1898.27294921875,494200,938126491.5039062
2016-05-17 00:00:00,1914.7078944804093,1914.7078944804093,1881.8373726867542,1894.163818359375,686400,1300154044.921875
2016-05-18 00:00:00,1869.5110068957706,1906.490345493709,1857.1845606964578,1877.7286376953125,767800,1441720048.022461
2016-05-19 00:00:00,1869.5112304687502,1898.272941706731,1853.0759669041897,1869.51123046875,681000,1273137147.9492188
2016-05-20 00:00:00,1857.184652056013,1873.6199144635882,1840.7493896484375,1840.7493896484375,821600,1512359698.5351562
2016-05-23 00:00:00,1828.4227294921875,1844.857989982005,1775.008132900281,1828.4227294921875,1094000,2000294466.0644531
2016-05-24 00:00:00,1811.9874426184563,1811.9874426184563,1766.7904769295606,1770.8992919921875,879200,1556974657.5195312
2016-05-25 00:00:00,1816.0960853763572,1853.0754174315318,1811.98727070356,1844.8577880859375,1043600,1925293587.6464844
2016-05-26 00:00:00,1844.857998379794,1848.9668135209517,1803.7698469682175,1807.878662109375,816000,1475228988.28125
2016-05-27 00:00:00,1799.6609604125142,1811.9874053468466,1783.225700500071,1803.769775390625,762000,1374472568.8476562
2016-05-30 00:00:00,1803.7698886630772,1824.31396484375,1791.4434429546734,1824.31396484375,832000,1517829218.75
2016-05-31 00:00:00,1828.4229428427561,1840.7493896484375,1799.6612336294993,1840.7493896484375,1134200,2087777957.7392578
2016-06-01 00:00:00,1816.0962841248245,1844.857989982005,1811.98746900237,1828.4227294921875,983200,1797705227.6367188
2016-06-02 00:00:00,1807.878662109375,1820.2051075328482,1791.4434015447443,1807.878662109375,796200,1439432990.7714844
2016-06-03 00:00:00,1787.3344225402273,1807.8784963625287,1775.0079782468463,1791.4432373046875,613200,1098512993.1152344
2016-06-06 00:00:00,1766.7903487179258,1799.660866833608,1750.3550896600846,1791.4432373046875,775200,1388726797.5585938
2016-06-07 00:00:00,1873.6194907955178,1898.2723788323008,1832.531344067546,1844.8577880859375,1664800,3071319245.6054688
2016-06-08 00:00:00,1832.5318603515625,1857.1847553338705,1807.8789653692545,1832.5318603515625,878000,1608962973.3886719
2016-06-09 00:00:00,1816.0961258914492,1820.2049406559095,1779.1167930113065,1791.4432373046875,956800,1714052889.453125
2016-06-10 00:00:00,1775.0080280172413,1787.33447265625,1758.5727684985632,1787.33447265625,960200,1716198560.6445312
2016-06-13 00:00:00,1750.355211207861,1754.4640262576447,1717.4846908095913,1721.593505859375,558600,961682132.3730469
2016-06-14 00:00:00,1709.2673851656625,1738.0290959737385,1696.940937676487,1705.1585693359375,821400,1400617248.852539
2016-06-15 00:00:00,1696.94060789864,1770.8992784608085,1696.94060789864,1742.1375732421875,925000,1611477255.2490234
2016-06-16 00:00:00,1738.0289297730383,1750.3553760834852,1680.5055136576184,1688.72314453125,894600,1510731725.0976562
2016-06-17 00:00:00,1709.2673929946682,1742.1379197830272,1705.1585771461234,1733.9202880859375,1118400,1939216450.1953125
2016-06-20 00:00:00,1754.464363344254,1791.4437058971776,1754.464363344254,1783.22607421875,676400,1206174116.6015625
2016-06-21 00:00:00,1775.0082907251144,1799.661183651852,1758.573028773956,1795.5523681640625,635000,1140175753.7841797
2016-06-22 00:00:00,1775.0083718244803,1791.4436345265588,1766.790740473441,1779.1171875,524200,932613229.6875
2016-06-23 00:00:00,1791.4437330258888,1828.4230761388085,1783.2261012230176,1820.2054443359375,682200,1241744154.1259766
2016-06-24 00:00:00,1840.7492809390546,1840.7492809390546,1639.4173283363457,1651.7437744140625,1009000,1666609468.383789
2016-06-27 00:00:00,1680.505574845679,1692.8320216049383,1643.5262345679012,1664.0703125,622600,1036050176.5625
2016-06-28 00:00:00,1627.0908822586287,1668.1790358510184,1598.329174743956,1651.7437744140625,700200,1156550990.8447266
2016-06-29 00:00:00,1684.6141495007118,1713.3758544921875,1659.9612595080187,1713.3758544921875,686400,1176061186.5234375
2016-06-30 00:00:00,1746.2467356315722,1750.355551480117,1725.7026563888478,1733.9202880859375,680400,1179759364.0136719
2016-07-01 00:00:00,1738.0288382393974,1742.1376534598216,1713.3759469168529,1725.702392578125,478200,825230884.1308594
2016-07-04 00:00:00,1717.4844644036093,1766.7902385013206,1717.4844644036093,1750.35498046875,671400,1175188333.8867188
2016-07-05 00:00:00,1738.0289510569853,1754.4642130055147,1721.593689108456,1746.24658203125,431000,752632276.8554688
2016-07-06 00:00:00,1721.5933902758907,1721.5933902758907,1672.287612988753,1701.04931640625,713800,1214209002.0507812
2016-07-07 00:00:00,1725.7023370644865,1725.7023370644865,1672.2877409172524,1680.50537109375,699600,1175681557.6171875
2016-07-08 00:00:00,1680.50543948993,1701.049515767313,1635.3084716796875,1635.3084716796875,847800,1386414522.290039
2016-07-11 00:00:00,1635.3084716796875,1635.3084716796875,1635.3084716796875,1635.3084716796875,0,0.0
2016-07-12 00:00:00,1795.5525996005372,1844.8583918092477,1791.4437835831448,1816.0966796875,713400,1295603371.2890625
2016-07-13 00:00:00,1857.184652056013,1865.4022832598005,1836.6405740465436,1840.7493896484375,577600,1063216847.4609375
2016-07-14 00:00:00,1844.858114497145,1885.9462684948542,1836.640483697603,1877.7286376953125,639800,1201370782.397461
2016-07-15 00:00:00,1877.728523997079,1902.3814149029488,1853.0756330912093,1857.1844482421875,566800,1052652145.2636719
2016-07-19 00:00:00,1877.7285662199322,1881.8373814633019,1848.9668595163446,1873.6197509765625,483800,906457235.5224609
2016-07-20 00:00:00,1877.7288889391668,1906.4906005859375,1861.2936251410122,1906.4906005859375,462600,881942551.8310547
2016-07-21 00:00:00,1918.816823279909,1927.0344542147266,1902.3815614102737,1914.7080078125,509600,975735200.78125
2016-07-22 00:00:00,1881.8374736179194,1894.1639199516612,1873.6198427287582,1885.9462890625,437400,824912906.8359375
2016-07-25 00:00:00,1898.27294921875,1918.8170287557496,1881.8376855891506,1898.27294921875,533200,1012159136.5234375
2016-07-26 00:00:00,1881.8376503161787,1881.8376503161787,1828.4230445211779,1832.5318603515625,532000,974906949.7070312
2016-07-27 00:00:00,1853.0759669041897,1885.9464940333105,1836.6407033396292,1869.51123046875,667600,1248085697.4609375
2016-07-28 00:00:00,1824.3139226740059,1848.9668135209517,1795.552216685902,1807.878662109375,705200,1274916032.5195312
2016-07-29 00:00:00,1906.490345493709,1914.7079762932508,1824.3140374982904,1877.7286376953125,966000,1813885864.0136719
2016-08-01 00:00:00,1853.0756415382061,1853.0756415382061,1816.0963050108362,1836.640380859375,748400,1374541661.0351562
2016-08-02 00:00:00,1811.9874053468466,1824.3138502811787,1795.5521454344034,1803.769775390625,563000,1015522383.5449219
2016-08-03 00:00:00,1758.573028492647,1775.0082904411765,1746.24658203125,1746.24658203125,686200,1198274404.5898438
2016-08-04 00:00:00,1758.572880415483,1807.878662109375,1746.24643499201,1807.878662109375,780800,1411591659.375
2016-08-05 00:00:00,1791.4432373046875,1816.0961258914492,1779.1167930113065,1791.4432373046875,673600,1206716164.6484375
2016-08-08 00:00:00,1820.2051118833829,1857.1844482421875,1820.2051118833829,1857.1844482421875,416000,772588730.46875
2016-08-09 00:00:00,1857.1845606964578,1881.8374530950832,1844.858114497145,1877.7286376953125,348800,654951748.828125
2016-08-10 00:00:00,1840.7493791390727,1877.7287193449915,1824.314116825331,1861.29345703125,410400,763874834.765625
2016-08-12 00:00:00,1885.9463399695517,1885.9463399695517,1861.2934466366162,1881.8375244140625,476000,895754661.6210938
2016-08-15 00:00:00,1873.6196073960627,1885.9460521815631,1857.184347682062,1865.4019775390625,400800,747653112.5976562
2016-08-16 00:00:00,1865.4020870473294,1873.619717386745,1836.640380859375,1836.640380859375,542400,996193742.578125
2016-08-17 00:00:00,1828.4228528980614,1877.7286376953123,1828.4228528980614,1877.7286376953125,374600,703397147.6806641
2016-08-18 00:00:00,1857.184376515729,1869.5108214926033,1844.8579315388547,1853.0755615234375,476400,882805197.5097656
2016-08-19 00:00:00,1861.29359868647,1885.9464940333105,1857.1847827953297,1869.51123046875,338600,633016502.6367188
2016-08-22 00:00:00,1877.728607708475,1890.0550537109375,1865.4021617060123,1890.0550537109375,337200,637326564.1113281
2016-08-23 00:00:00,1865.4018614499234,1865.4018614499234,1824.3137147219516,1844.8577880859375,519000,957481192.0166016
2016-08-24 00:00:00,1848.9667178250618,1869.5107924675626,1844.8579028965617,1865.4019775390625,397200,740937665.4785156
2016-08-25 00:00:00,1865.40241457761,1873.6200463598902,1853.0759669041897,1869.51123046875,466400,871940037.890625
2016-08-26 00:00:00,1848.9665128746813,1853.075327347736,1803.7695536710778,1811.9871826171875,651400,1180328450.756836
2016-08-29 00:00:00,1844.8581947175082,1869.5110881881208,1844.8581947175082,1861.29345703125,381600,710269583.203125
2016-08-30 00:00:00,1873.6198427287582,1890.0551045070806,1865.402211839597,1885.9462890625,362400,683466935.15625
2016-08-31 00:00:00,1902.3815017958818,1943.469655182402,1894.1638711185778,1939.36083984375,526600,1021267418.2617188
2016-09-01 00:00:00,1922.9255578873006,1939.3608190658244,1910.5991120034075,1931.1431884765625,427800,826143056.0302734
2016-09-02 00:00:00,1947.5784496550864,1947.5784496550864,1910.5991120034075,1931.1431884765625,426000,822666998.2910156
2016-09-05 00:00:00,1951.6875707802653,1968.1228345342042,1939.3611229648109,1955.79638671875,295800,578524571.1914062
2016-09-06 00:00:00,1939.3608510568893,1972.2313739561587,1939.3608510568893,1968.12255859375,405000,797089636.2304688
2016-09-07 00:00:00,1943.469482421875,1959.904742315506,1922.925407554836,1943.469482421875,461600,897105513.0859375
2016-09-08 00:00:00,1939.3604287693643,1939.3604287693643,1898.2722840920474,1922.9251708984375,498800,959155075.2441406
2016-09-09 00:00:00,1918.8168945312502,1927.0345257712127,1906.4904476713064,1918.81689453125,660400,1267186677.1484375
2016-09-12 00:00:00,1890.055083894625,1898.272714694167,1869.5110068957706,1877.7286376953125,452400,849484435.6933594
2016-09-13 00:00:00,1894.1638690450918,1898.2726843792461,1877.728607708475,1890.0550537109375,336200,635436509.0576172
2016-09-14 00:00:00,1877.7285574625473,1918.8167097046162,1873.6197422383405,1894.163818359375,363200,687960298.828125
2016-09-15 00:00:00,1873.6196073960627,1881.837237253063,1853.075532753562,1865.4019775390625,498800,930462506.3964844
2016-09-16 00:00:00,1865.402211839597,1885.9462890625,1861.2933963950163,1885.9462890625,470400,887149134.375
2016-09-20 00:00:00,1848.9668595163446,1881.8373814633019,1848.9668595163446,1873.6197509765625,528200,989645952.4658203
2016-09-21 00:00:00,1857.184660231531,1918.8168945312502,1844.8582133715875,1918.81689453125,439000,842360616.6992188
2016-09-23 00:00:00,1918.8167631504898,1943.469655182402,1902.3815017958818,1939.36083984375,401200,778071568.9453125
2016-09-26 00:00:00,1939.3606827078834,1943.4694977136203,1898.2725326505129,1902.38134765625,333600,634634417.578125
2016-09-27 00:00:00,1869.5113262873824,1910.5994873046875,1836.6407974735384,1910.5994873046875,580800,1109676182.2265625
2016-09-28 00:00:00,1923.0595297114332,1923.0595297114332,1877.371290344639,1898.138671875,340600,646506031.640625
2016-09-29 00:00:00,1918.90625364389,1960.4410210387794,1918.90625364389,1947.9805908203125,399200,777633851.8554688
2016-09-30 00:00:00,1906.4456447435462,1914.7525974439536,1881.5247866423233,1910.59912109375,445200,850598728.7109375
2016-10-03 00:00:00,1939.6732513034804,1956.287154954902,1927.212823564914,1935.519775390625,495600,959243600.6835938
2016-10-04 00:00:00,1952.1339506261488,1977.0548095703125,1939.673521154067,1977.0548095703125,422400,835107951.5625
2016-10-05 00:00:00,1993.6682581018517,2022.7425868658372,1985.3613070264273,2018.589111328125,541000,1092056709.2285156
2016-10-06 00:00:00,2043.5101866934465,2055.9706146610893,2031.0497587258035,2051.817138671875,615000,1261867540.2832031
2016-10-07 00:00:00,2060.123890625,2076.73779296875,2047.6634638671876,2076.73779296875,560400,1163803859.1796875
2016-10-11 00:00:00,2076.7378373579545,2114.1191184303975,2072.5843616832385,2101.65869140625,510400,1072686596.09375
2016-10-12 00:00:00,2089.1984225748038,2089.1984225748038,2051.817138671875,2051.817138671875,399200,819085401.7578125
2016-10-13 00:00:00,2076.738104762801,2089.198533391378,2055.9707237151733,2068.43115234375,623200,1289046294.140625
2016-10-14 00:00:00,2055.9704150390626,2080.8912685546875,2047.6634638671876,2076.73779296875,420800,873891263.28125
2016-10-17 00:00:00,2085.04498494068,2126.579745596869,2080.8915088750614,2122.42626953125,527000,1118518644.0429688
2016-10-18 00:00:00,2101.6587352752686,2130.7330656051636,2101.6587352752686,2126.57958984375,370600,788110395.9960938
2016-10-19 00:00:00,2114.1195125136264,2147.3473241051965,2109.9660360646803,2143.19384765625,491400,1053165456.7382812
2016-10-20 00:00:00,2143.1932933910475,2159.807194890203,2134.8863426414696,2151.500244140625,732600,1576189078.8574219
2016-10-21 00:00:00,2172.2681343532568,2205.4959452037847,2159.807705284309,2163.961181640625,710200,1536845231.2011719
2016-10-24 00:00:00,2168.1146780698355,2184.7285836489145,2159.807725280296,2176.421630859375,408400,888850594.0429688
2016-10-25 00:00:00,2193.035625,2197.1891015624997,2172.2682421874997,2180.5751953125,325200,709123053.515625
2016-10-26 00:00:00,2184.728359967979,2197.188787876542,2172.2679320594166,2188.8818359375,451200,987623484.375
2016-10-27 00:00:00,2168.11474609375,2184.7286521940855,2147.347363468331,2168.11474609375,360800,782255800.390625
2016-10-28 00:00:00,2043.5101866934465,2072.5845186179467,2039.356710704232,2051.817138671875,1437000,2948461228.2714844
2016-10-31 00:00:00,2076.73828125,2188.8821484375,2060.124375,2180.5751953125,1434000,3126944830.078125
2016-11-01 00:00:00,2222.109420127657,2247.0302734375,2193.035091266174,2247.0302734375,1385000,3112136928.7109375
2016-11-02 00:00:00,2209.6492157851044,2226.263119663188,2180.574883998458,2188.8818359375,720400,1576870474.609375
2016-11-04 00:00:00,2184.728563422205,2184.728563422205,2147.347276215361,2163.961181640625,544600,1178493259.5214844
2016-11-07 00:00:00,2197.1889850358316,2230.4167957736136,2197.1889850358316,2209.6494140625,612800,1354073160.9375
2016-11-08 00:00:00,2226.2632304908193,2230.416706667108,2184.7284687279307,2205.495849609375,424800,936894636.9140625
2016-11-09 00:00:00,2222.10957965437,2255.3373864529403,2080.8914007604476,2105.812255859375,784800,1652641458.3984375
2016-11-10 00:00:00,2230.416943089109,2259.4912794049815,2201.3426067732357,2251.184326171875,721800,1624904846.6308594
2016-11-11 00:00:00,2284.4115762149586,2309.332429773667,2251.1837714700137,2259.49072265625,943200,2131151649.609375
2016-11-14 00:00:00,2267.7983952702702,2317.6401182432433,2267.7983952702702,2305.1796875,386200,890260395.3125
2016-11-15 00:00:00,2313.4866597712253,2317.64013671875,2292.719275033602,2317.64013671875,385400,893218508.6914062
2016-11-16 00:00:00,2325.9461805555557,2359.1739831349205,2313.4857545882937,2355.0205078125,770800,1815249807.421875
2016-11-17 00:00:00,2334.25326399853,2384.094970703125,2313.485886204949,2384.094970703125,541800,1291702655.1269531
2016-11-18 00:00:00,2388.248291015625,2404.862192170516,2375.7878651494566,2388.248291015625,611400,1460175005.1269531
2016-11-21 00:00:00,2392.402191916961,2400.7091439722285,2346.7139556129914,2350.867431640625,658400,1547811116.9921875
2016-11-22 00:00:00,2359.174854990009,2359.174854990009,2321.793563273618,2338.407470703125,444800,1040123642.96875
2016-11-24 00:00:00,2367.481201171875,2375.788152754934,2342.5603464226974,2367.481201171875,352000,833353382.8125
2016-11-25 00:00:00,2375.788152754934,2396.5555317125823,2359.1742495888157,2367.481201171875,608400,1440375562.7929688
2016-11-28 00:00:00,2346.71426759544,2355.02122075507,2317.6399315367353,2342.560791015625,516200,1209229880.3222656
2016-11-29 00:00:00,2334.254220145089,2334.254220145089,2313.486833844866,2325.947265625,379400,882464392.578125
2016-11-30 00:00:00,2325.9469528469754,2338.407382951513,2309.333046040925,2334.25390625,564400,1317452904.6875
2016-12-01 00:00:00,2367.4818087047624,2375.788762419516,2330.1005169883715,2338.407470703125,748800,1750999514.0625
2016-12-02 00:00:00,2325.9469717920356,2346.71435546875,2325.9469717920356,2346.71435546875,467200,1096384946.875
2016-12-05 00:00:00,2338.407382951513,2342.560859653025,2321.7934761454626,2334.25390625,352200,822124225.78125
2016-12-06 00:00:00,2342.560859653025,2363.328243160587,2325.9469528469754,2334.25390625,501000,1169461207.03125
2016-12-07 00:00:00,2355.020598890868,2409.0157801705527,2355.020598890868,2404.8623046875,799400,1922446926.3671875
2016-12-08 00:00:00,2413.1697120283757,2483.77880859375,2413.1697120283757,2483.77880859375,1076400,2673539509.5703125
2016-12-09 00:00:00,2492.085688164894,2550.2343542220747,2471.318307430186,2537.77392578125,1332000,3380314869.140625
2016-12-12 00:00:00,2546.0807679127624,2550.2342438799938,2483.7786284042936,2521.159912109375,1068000,2692598786.1328125
2016-12-13 00:00:00,2512.8528052882143,2525.313232421875,2471.318048176013,2525.313232421875,743600,1877822919.6289062
2016-12-14 00:00:00,2500.3926404587764,2546.080878075133,2500.3926404587764,2537.77392578125,460200,1167883560.6445312
2016-12-15 00:00:00,2533.6205172734503,2550.2344223047517,2508.6996597264983,2529.467041015625,459000,1161025371.8261719
2016-12-16 00:00:00,2546.0809460469263,2550.2344223047517,2517.006612242149,2529.467041015625,496800,1256639225.9765625
2016-12-19 00:00:00,2487.9317755872266,2529.466529770653,2483.778300168884,2517.006103515625,414800,1044054131.7382812
2016-12-20 00:00:00,2533.6205172734503,2537.7739935312757,2504.546183468673,2529.467041015625,382400,967268196.484375
2016-12-21 00:00:00,2529.466640771729,2533.6201163723395,2483.7784091650146,2487.931884765625,455400,1133004180.3222656
2016-12-22 00:00:00,2483.77863163276,2483.77863163276,2433.9369199611997,2475.4716796875,547600,1355568291.796875
2016-12-26 00:00:00,2475.471457963794,2508.699262768677,2475.471457963794,2487.931884765625,385200,958351362.0117188
2016-12-27 00:00:00,2479.6253323251985,2492.085761130853,2467.164903519544,2483.77880859375,291800,724766656.3476562
2016-12-28 00:00:00,2479.6251524370623,2525.3133880766063,2467.164724535369,2521.159912109375,336200,847613962.4511719
2016-12-29 00:00:00,2508.699462890625,2517.0064147545013,2479.625131367058,2508.699462890625,441200,1106838203.0273438
2016-12-30 00:00:00,2483.778300168884,2529.466529770653,2483.778300168884,2517.006103515625,427400,1075768408.6425781
2017-01-04 00:00:00,2537.773941015625,2595.922607421875,2525.3135125,2595.922607421875,666600,1730442010.1074219
2017-01-05 00:00:00,2595.9227026962653,2604.229655344893,2541.9275104801827,2554.387939453125,554600,1416663551.2207031
2017-01-06 00:00:00,2517.006612242149,2554.387898562577,2483.7788021795463,2529.467041015625,595800,1507056463.0371094
2017-01-10 00:00:00,2521.160021193484,2566.8482588098404,2500.3926404587764,2537.77392578125,698600,1772888864.5507812
2017-01-11 00:00:00,2529.466994096091,2558.5413273615636,2517.006565553746,2550.234375,583400,1487806734.375
2017-01-12 00:00:00,2550.2344223047517,2550.2344223047517,2517.006612242149,2529.467041015625,479000,1211614712.6464844
2017-01-13 00:00:00,2529.4674231663225,2546.0813307076446,2508.7000387396697,2512.853515625,576000,1447403625.0
2017-01-16 00:00:00,2500.3931171155255,2521.1605018091764,2479.625732421875,2479.625732421875,335200,831170545.5078125
2017-01-17 00:00:00,2529.4668640438376,2583.462051617844,2517.0064361421437,2521.159912109375,1115800,2813110229.9316406
2017-01-18 00:00:00,2537.773941015625,2604.2295597656253,2517.00656015625,2595.922607421875,997000,2588134839.5996094
2017-01-19 00:00:00,2616.69002962188,2624.99698209687,2575.1552672469293,2620.843505859375,643000,1685202374.2675781
2017-01-20 00:00:00,2641.6109146789645,2753.7547742643924,2637.4574383980225,2737.140869140625,1627000,4453328194.091797
2017-01-23 00:00:00,2737.140670916356,2762.0615267972335,2716.373291015625,2716.373291015625,1073000,2914668541.2597656
2017-01-24 00:00:00,2712.2203335127224,2749.601624479973,2678.992519319611,2683.14599609375,905000,2428247126.4648438
2017-01-25 00:00:00,2716.3730912642045,2753.7543723366475,2712.2196155894885,2741.2939453125,780600,2139854053.7109375
2017-01-26 00:00:00,2737.1405352263173,2782.8287687429934,2728.833583677831,2778.67529296875,770000,2139579975.5859375
2017-01-27 00:00:00,2724.6800863363364,2782.8287467154655,2691.4522804054054,2766.21484375,1373200,3798566223.4375
2017-01-30 00:00:00,2762.0611903179124,2791.1355186370483,2745.4472884212632,2757.90771484375,780600,2152822762.2070312
2017-01-31 00:00:00,2732.987059452074,2832.670478033913,2732.987059452074,2778.67529296875,1547800,4300833618.457031
2017-02-01 00:00:00,2732.9872539757976,2807.7498232334938,2724.6803018360533,2799.44287109375,805800,2255791065.5273438
2017-02-02 00:00:00,2824.364112056903,2836.8245419630366,2757.908485890858,2782.829345703125,989200,2752774788.7695312
2017-02-03 00:00:00,2786.9822445172367,2799.4426718399664,2745.447486774804,2778.67529296875,678800,1886164788.8671875
2017-02-06 00:00:00,2799.4426718399664,2803.5961476142097,2749.6009625490474,2778.67529296875,563000,1564394189.9414062
2017-02-07 00:00:00,2753.754834934623,2786.982645914226,2749.601358562172,2774.522216796875,630000,1747948996.5820312
2017-02-08 00:00:00,2716.3737108184073,2741.2945705506863,2662.3785147318026,2724.6806640625,1349200,3676139151.953125
2017-02-09 00:00:00,2695.6062790972633,2695.6062790972633,2624.997177795794,2641.611083984375,1435800,3792825194.3847656
2017-02-10 00:00:00,2683.1456637596903,2691.45261627907,2637.457424903101,2678.9921875,879800,2356977326.5625
2017-02-13 00:00:00,2720.52661059497,2774.521795232733,2712.2196591122374,2766.21484375,1043000,2885162082.03125
2017-02-14 00:00:00,2766.2154608832466,2770.3689375512395,2687.299404191382,2691.452880859375,955200,2570875791.796875
2017-02-15 00:00:00,2712.2201557040953,2720.5271087077836,2666.531914183812,2674.8388671875,867000,2319085297.8515625
2017-02-16 00:00:00,2674.838580953664,2708.0663894127156,2641.610772494612,2649.917724609375,1036000,2745314762.6953125
2017-02-17 00:00:00,2620.843553439497,2624.9970297523964,2583.4622666234027,2600.076171875,1243600,3233454727.34375
2017-02-20 00:00:00,2600.076192058327,2633.3040028194555,2600.076192058327,2612.53662109375,859800,2246258986.8164062
2017-02-21 00:00:00,2608.382723721591,2620.8431507457385,2587.6153453480115,2604.229248046875,706800,1840669232.5195312
2017-02-22 00:00:00,2620.843553439497,2620.843553439497,2591.7692192492013,2600.076171875,585200,1521564575.78125
2017-02-23 00:00:00,2604.2297560918896,2620.84366203187,2583.4623736669146,2616.690185546875,753400,1971414385.7910156
2017-02-24 00:00:00,2604.229949326402,2658.225147637795,2600.0764725332183,2637.457763671875,944400,2490815112.0117188
2017-02-27 00:00:00,2608.3830834173386,2612.5365596648185,2562.6948446950605,2575.1552734375,820000,2111627324.21875
2017-02-28 00:00:00,2604.229942727204,2616.6903730751815,2575.155605248591,2579.30908203125,919800,2372448493.6523438
2017-03-01 00:00:00,2604.2298332998685,2674.8389356381426,2583.4624502591996,2666.531982421875,906400,2416944588.8671875
2017-03-02 00:00:00,2720.52701911511,2737.140924575355,2666.531826369314,2670.685302734375,731800,1954407504.5410156
2017-03-03 00:00:00,2658.224676724138,2666.531628838901,2620.8433922077047,2649.917724609375,784800,2079655430.2734375
2017-03-06 00:00:00,2666.532051086426,2670.6855278015137,2641.6111907958984,2658.22509765625,511400,1359416314.9414062
2017-03-07 00:00:00,2641.6111907958984,2662.378574371338,2641.6111907958984,2658.22509765625,318200,845847226.0742188
2017-03-08 00:00:00,2662.3786122230554,2683.14599609375,2654.071658674777,2683.14599609375,752400,2018799047.4609375
2017-03-09 00:00:00,2691.452880859375,2699.759834195361,2674.8389741874034,2691.452880859375,446800,1202541147.1679688
2017-03-10 00:00:00,2720.526964016858,2737.140869140625,2699.759582612149,2737.140869140625,1066200,2918339594.6777344
2017-03-13 00:00:00,2753.75439453125,2778.6752487804015,2720.5265888657145,2753.75439453125,742600,2044938013.3789062
2017-03-14 00:00:00,2757.9085658057456,2757.9085658057456,2712.220321492699,2728.834228515625,471000,1285280921.6308594
2017-03-15 00:00:00,2720.527217535325,2732.9876475393035,2691.452880859375,2691.452880859375,326200,877951929.7363281
2017-03-16 00:00:00,2674.8384439605666,2716.373202407159,2666.531492271248,2712.2197265625,569200,1543795468.359375
2017-03-17 00:00:00,2687.29931640625,2703.9132225355006,2683.1458398739373,2687.29931640625,440400,1183486618.9453125
2017-03-21 00:00:00,2658.224980680062,2695.6062694708753,2649.9180276154366,2687.29931640625,411000,1104480019.0429688
2017-03-22 00:00:00,2637.4573428860585,2654.0712474081756,2616.6899622334126,2629.150390625,629400,1654787255.859375
2017-03-23 00:00:00,2645.7642485519937,2654.0712006667563,2629.150344322468,2649.917724609375,405000,1073216678.4667969
2017-03-24 00:00:00,2654.071590847439,2728.8341708713106,2649.918114179446,2691.452880859375,992600,2671536129.5410156
2017-03-27 00:00:00,2674.838886809312,2703.9132225355006,2674.838886809312,2687.29931640625,688800,1851011769.140625
2017-03-28 00:00:00,2699.7598912255044,2737.1411820270882,2691.452937714041,2728.834228515625,711600,1941838437.0117188
2017-03-29 00:00:00,2745.6007856889205,2800.0936257102276,2745.6007856889205,2766.5595703125,661600,1830355811.71875
2017-03-30 00:00:00,2758.175962675602,2795.9017737152376,2728.8336652003295,2741.408935546875,820000,2247955327.1484375
2017-03-31 00:00:00,2783.326736242436,2816.860793305598,2762.3679505779596,2770.75146484375,1206400,3342634567.1875
2017-04-03 00:00:00,2779.135055773889,2791.710327519472,2749.7927550341947,2758.17626953125,815600,2249568565.4296875
2017-04-04 00:00:00,2737.2177021026614,2745.6012172698975,2665.9578231811524,2682.724853515625,943000,2529809536.8652344
2017-04-05 00:00:00,2699.491962139423,2724.642508370536,2661.766142792754,2670.149658203125,587800,1569513969.0917969
2017-04-06 00:00:00,2636.6151101424116,2636.6151101424116,2573.7387561644523,2603.0810546875,1053000,2741044350.5859375
2017-04-07 00:00:00,2624.0398393468195,2628.231596278684,2582.1222700281805,2603.0810546875,958000,2493751650.390625
2017-04-10 00:00:00,2598.889359375,2636.6151726562503,2590.5058453125002,2619.84814453125,532000,1393759212.890625
2017-04-11 00:00:00,2603.0811614005797,2607.272918504284,2582.1223758820565,2598.889404296875,398600,1035917316.5527344
2017-04-12 00:00:00,2561.164033235196,2565.3557910637314,2536.013486263983,2552.780517578125,662200,1690451258.7402344
2017-04-13 00:00:00,2473.136524574927,2519.245849609375,2464.7530109323,2519.245849609375,919400,2316194634.1308594
2017-04-14 00:00:00,2536.013277967437,2540.2050354516805,2485.7121881565126,2494.095703125,604800,1508429081.25
2017-04-17 00:00:00,2485.7121881565126,2498.2874606092437,2464.753400735294,2494.095703125,507400,1265504159.765625
2017-04-18 00:00:00,2523.438232421875,2544.397021727704,2510.862958838377,2523.438232421875,531800,1341964452.0019531
2017-04-19 00:00:00,2506.670882295971,2548.5884555785124,2498.287367639463,2536.01318359375,674800,1711301696.2890625
2017-04-20 00:00:00,2536.01318359375,2561.1637275632747,2531.8214262654956,2536.01318359375,463000,1174174104.0039062
2017-04-21 00:00:00,2582.1220064848853,2586.3137629889193,2536.0126849405124,2565.35498046875,901000,2311384837.4023438
2017-04-24 00:00:00,2598.8899128899875,2598.8899128899875,2561.1640915738426,2569.547607421875,666800,1713374344.6289062
2017-04-25 00:00:00,2586.3144351274536,2624.040253468049,2573.7391623472554,2615.65673828125,704200,1841945475.0976562
2017-04-26 00:00:00,2640.806901958627,2678.53271484375,2632.423387984155,2678.53271484375,747000,2000863937.9882812
2017-04-27 00:00:00,2644.998734000344,2670.1492766374313,2644.998734000344,2665.95751953125,549200,1464143869.7265625
2017-04-28 00:00:00,2556.971817141469,2569.547088373312,2510.8624892913767,2561.16357421875,2717600,6960218129.296875
2017-05-01 00:00:00,2565.3561617454384,2733.0264991144213,2556.9726448769893,2699.492431640625,1997200,5391426284.472656
2017-05-02 00:00:00,2695.3000357354103,2695.3000357354103,2619.84840176459,2657.57421875,1610000,4278694492.1875
2017-05-08 00:00:00,2682.7242589703587,2712.066555552847,2674.340745661076,2686.916015625,1373800,3691285222.265625
2017-05-09 00:00:00,2686.9164574212705,2724.6422735161086,2682.7247000773996,2707.875244140625,1156400,3131386932.3242188
2017-05-10 00:00:00,2712.067275435836,2728.834306504991,2703.6837599012583,2716.259033203125,1176600,3195950378.466797
2017-05-11 00:00:00,2716.2592040235622,2716.2592040235622,2619.8487693128495,2624.04052734375,1398800,3670507889.6484375
2017-05-12 00:00:00,2624.0399323726574,2640.806960694528,2619.8481752921903,2628.231689453125,703800,1849749463.0371094
2017-05-15 00:00:00,2590.506192720853,2615.65673828125,2577.930919940655,2615.65673828125,718600,1879610932.1289062
2017-05-16 00:00:00,2632.4233532105477,2644.9986240061394,2594.697540823772,2603.0810546875,638000,1660765712.890625
2017-05-17 00:00:00,2565.35578125,2577.9310546875,2510.8629296875,2515.0546875,861400,2166468107.8125
2017-05-18 00:00:00,2439.6026615466103,2481.5202330508473,2439.6026615466103,2473.13671875,1112800,2752106540.625
2017-05-19 00:00:00,2498.287034380217,2523.4375749947826,2481.5200073038395,2510.8623046875,921800,2314512872.4609375
2017-05-22 00:00:00,2540.2052638665386,2540.2052638665386,2506.6712009772114,2523.438232421875,524200,1322786321.4355469
2017-05-23 00:00:00,2515.0541818686547,2523.437695808217,2473.136612170844,2477.328369140625,710200,1759398607.7636719
2017-05-24 00:00:00,2502.479124967717,2540.204940922004,2494.0956103112085,2536.01318359375,726800,1843174381.8359375
2017-05-25 00:00:00,2544.3965603657903,2548.5883174668875,2519.2460177592093,2531.8212890625,1023200,2590559542.96875
2017-05-26 00:00:00,2494.0953970197493,2498.2871539895305,2464.753098231282,2477.328369140625,1054200,2611599566.748047
2017-05-29 00:00:00,2494.0954281065556,2502.478942150611,2481.520157040472,2485.7119140625,602000,1496398572.265625
2017-05-30 00:00:00,2464.753023398043,2494.0953212956388,2456.3695097130158,2489.903564453125,559000,1391856092.5292969
2017-05-31 00:00:00,2460.561371930333,2489.9036710845276,2460.561371930333,2485.7119140625,824800,2050215186.71875
2017-06-01 00:00:00,2498.2876852548793,2527.6299902830406,2485.7124116713817,2523.438232421875,841400,2123220928.7597656
2017-06-02 00:00:00,2544.3964708558124,2586.314040392152,2540.2047139021784,2573.73876953125,938800,2416225956.8359375
2017-06-05 00:00:00,2552.7800745679842,2569.5471029723717,2531.8212890625,2531.8212890625,483600,1224388775.390625
2017-06-06 00:00:00,2523.4377272607503,2527.6294842827783,2481.520157040472,2485.7119140625,752800,1871243928.90625
2017-06-07 00:00:00,2456.369796364336,2477.3285830227346,2452.178039032656,2468.945068359375,1033800,2552395411.669922
2017-06-08 00:00:00,2485.7118830801874,2502.4789109593116,2464.753098231282,2477.328369140625,897600,2223649944.140625
2017-06-09 00:00:00,2477.3284141358254,2481.5201711817404,2447.9861148144196,2456.36962890625,913400,2243648019.0429688
2017-06-12 00:00:00,2452.1780855361726,2456.3698429473457,2435.411055891481,2447.986328125,843400,2064631669.140625
2017-06-13 00:00:00,2464.753173828125,2473.1366880248193,2447.9861454347365,2464.753173828125,659800,1626244144.0917969
2017-06-14 00:00:00,2468.9450074285523,2477.328521885016,2452.177978515625,2452.177978515625,528200,1295240408.2519531
2017-06-15 00:00:00,2443.7943577685046,2477.3284141358254,2439.6026007225896,2456.36962890625,784400,1926776336.9140625
2017-06-16 00:00:00,2464.7532348632812,2485.7120208740234,2452.177963256836,2481.520263671875,900800,2235353453.515625
2017-06-19 00:00:00,2489.903778076172,2489.903778076172,2468.9449920654297,2481.520263671875,442000,1096831956.5429688
2017-06-20 00:00:00,2494.0952776111226,2523.4375749947826,2494.0952776111226,2510.8623046875,622800,1563765043.359375
2017-06-21 00:00:00,2494.0958399420615,2519.2463862271916,2481.5205667994965,2498.28759765625,530800,1326091056.8359375
2017-06-22 00:00:00,2494.0954281065556,2510.8624561946667,2485.7119140625,2485.7119140625,553400,1375592973.2421875
2017-06-23 00:00:00,2494.0958984374997,2515.0546875,2494.0958984374997,2515.0546875,453400,1140325795.3125
2017-06-26 00:00:00,2506.670654296875,2523.4376820848142,2502.4788973498903,2506.670654296875,459800,1152567166.8457031
2017-06-27 00:00:00,2531.8213959499376,2548.588425062189,2519.2461241157494,2527.629638671875,734400,1856291206.640625
2017-06-28 00:00:00,2527.6299609375,2548.58875,2510.8629296875,2515.0546875,570200,1434084182.8125
2017-06-29 00:00:00,2527.629531961403,2540.2048032646935,2519.2460177592093,2531.8212890625,600000,1519092773.4375
2017-06-30 00:00:00,2519.246078491211,2527.629592895508,2473.136749267578,2481.520263671875,546800,1356895280.1757812
2017-07-03 00:00:00,2502.4787911493113,2510.8623046875,2489.9035208420282,2510.8623046875,531000,1333267883.7890625
2017-07-04 00:00:00,2540.2050354516805,2540.2050354516805,2485.7121881565126,2494.095703125,562200,1402180604.296875
2017-07-05 00:00:00,2494.095703125,2515.0544905462184,2477.328673188025,2494.095703125,577600,1440589678.125
2017-07-06 00:00:00,2515.0546875,2523.4382031249997,2502.4794140625,2515.0546875,583200,1466779893.75
2017-07-07 00:00:00,2489.90382316931,2531.8213959499376,2489.90382316931,2527.629638671875,414800,1048460774.1210938
2017-07-10 00:00:00,2552.7794024818822,2556.9711584793895,2540.2041344893605,2548.587646484375,428400,1091814947.7539062
2017-07-11 00:00:00,2544.396606643801,2577.9306640625,2540.2048494664637,2577.9306640625,451600,1164193487.890625
2017-07-12 00:00:00,2569.547529344435,2586.314560531022,2561.1640137511417,2582.122802734375,395400,1020971356.2011719
2017-07-13 00:00:00,2582.1228223778735,2607.2733693490864,2548.5887597495894,2552.780517578125,581800,1485207705.1269531
2017-07-14 00:00:00,2552.7801665759475,2565.3554383324795,2540.204894819416,2556.971923828125,432600,1106146054.2480469
2017-07-17 00:00:00,2556.971923828125,2556.971923828125,2556.971923828125,2556.971923828125,0,0.0
2017-07-18 00:00:00,2548.5884093237705,2561.163681080302,2523.437865810707,2556.971923828125,377000,963978415.2832031
2017-07-19 00:00:00,2548.5884093237705,2556.971923828125,2523.437865810707,2556.971923828125,358000,915395948.7304688
2017-07-20 00:00:00,2569.546937518993,2586.31396484375,2561.163423856615,2586.31396484375,307000,793998387.2070312
2017-07-21 00:00:00,2607.2734952201477,2653.3828335600538,2603.081737189247,2624.04052734375,726000,1905053422.8515625
2017-07-24 00:00:00,2611.464449786988,2636.614990234375,2603.080936304526,2636.614990234375,560200,1477031717.5292969
2017-07-25 00:00:00,2632.4234465335926,2640.806960694528,2611.464661131255,2628.231689453125,565400,1486002197.2167969
2017-07-26 00:00:00,2661.765475697153,2686.916015625,2636.6149357693057,2686.916015625,849400,2282266463.671875
2017-07-27 00:00:00,2712.066955285138,2758.176285282258,2678.5328971054146,2728.833984375,1243600,3393577942.96875
2017-07-28 00:00:00,2565.355255623982,2628.2316099284917,2556.9717417167144,2573.73876953125,1892800,4871572742.96875
2017-07-31 00:00:00,2573.738182469418,2577.9299384669253,2536.0123784918533,2548.587646484375,1136000,2895195566.40625
2017-08-01 00:00:00,2544.3970019210537,2556.9722754066606,2527.6299706069117,2552.780517578125,517000,1319787527.5878906
2017-08-02 00:00:00,2565.3557910637314,2569.547548892267,2536.013486263983,2552.780517578125,552600,1410666514.0136719
2017-08-03 00:00:00,2565.355174643823,2565.355174643823,2519.245849609375,2519.245849609375,677800,1707544836.8652344
2017-08-04 00:00:00,2519.246474560709,2531.8217481442066,2515.054716699543,2523.438232421875,394600,995748726.5136719
2017-08-07 00:00:00,2548.5883174668875,2548.5883174668875,2527.629531961403,2531.8212890625,355000,898796557.6171875
2017-08-08 00:00:00,2523.4375749947826,2523.4375749947826,2481.5200073038395,2510.8623046875,653400,1640597429.8828125
2017-08-09 00:00:00,2494.095473516555,2498.287230614902,2452.1779025330834,2464.753173828125,766400,1888986832.421875
2017-08-10 00:00:00,2477.3286300032105,2477.3286300032105,2427.027541069135,2447.986328125,642000,1571607222.65625
2017-08-11 00:00:00,2447.986328125,2447.986328125,2447.986328125,2447.986328125,0,0.0
2017-08-14 00:00:00,2410.260421594534,2447.986236889057,2389.301635319799,2422.835693359375,1073800,2601640967.529297
2017-08-15 00:00:00,2464.75314299808,2468.944900043995,2452.1778718603346,2456.36962890625,477600,1173162134.765625
2017-08-16 00:00:00,2468.9451151808644,2481.5203874143835,2439.602813302654,2447.986328125,746000,1826197800.78125
2017-08-17 00:00:00,2443.794340930324,2456.3696119814235,2414.452041811092,2418.643798828125,1017400,2460728200.9277344
2017-08-18 00:00:00,2376.72650265736,2376.72650265736,2343.19244265514,2359.95947265625,1286600,3036323857.5195312
2017-08-21 00:00:00,2393.49365234375,2431.2194717327056,2389.301894633866,2393.49365234375,915400,2191004089.3554688
2017-08-22 00:00:00,2393.493392574746,2431.219207869269,2389.301635319799,2422.835693359375,594800,1441102670.4101562
2017-08-23 00:00:00,2456.369075185245,2464.7525873872423,2431.2185385792527,2439.60205078125,641000,1563784914.5507812
2017-08-24 00:00:00,2427.027450614322,2439.602722379163,2418.643936104428,2422.835693359375,334600,810680822.9980469
2017-08-25 00:00:00,2435.410843676674,2473.1366570899104,2431.219086630759,2456.36962890625,617800,1517545156.7382812
2017-08-28 00:00:00,2494.095473516555,2502.4789877132494,2456.3696596314307,2464.753173828125,848400,2091096592.6757812
2017-08-29 00:00:00,2443.794921875,2460.561953929031,2435.4114058479845,2443.794921875,560600,1369991433.203125
2017-08-30 00:00:00,2468.9448859743884,2494.0954281065556,2456.3696149083053,2485.7119140625,559200,1390010102.34375
2017-08-31 00:00:00,2494.095745023721,2540.205078125,2494.095745023721,2540.205078125,935600,2376615871.09375
2017-09-01 00:00:00,2544.3968356796618,2552.7803507889853,2531.821563015677,2540.205078125,517400,1314302107.421875
2017-09-04 00:00:00,2510.8627330619747,2531.821520483193,2485.7121881565126,2494.095703125,431200,1075454067.1875
2017-09-05 00:00:00,2510.862533103814,2515.0542902542375,2468.9449615995763,2473.13671875,465000,1150008574.21875
2017-09-06 00:00:00,2456.3695842917195,2498.2871539895305,2452.1778273219384,2477.328369140625,459800,1139075584.1308594
2017-09-07 00:00:00,2485.7117950388674,2519.245849609375,2477.3282813962405,2519.245849609375,596800,1503485923.046875
2017-09-08 00:00:00,2515.0540614565944,2527.629331763877,2481.5200073038395,2510.8623046875,828200,2079496160.7421875
2017-09-11 00:00:00,2531.821274677782,2569.547088373312,2531.821274677782,2561.16357421875,573200,1468058960.7421875
2017-09-12 00:00:00,2582.122283438518,2586.314040392152,2569.547012577616,2573.73876953125,378800,974932245.8984375
2017-09-13 00:00:00,2586.314482705851,2603.0815133878987,2586.314482705851,2594.697998046875,452800,1174879253.515625
2017-09-14 00:00:00,2594.6974785061284,2603.0809921685072,2573.7386943501824,2586.31396484375,404800,1046939892.96875
2017-09-15 00:00:00,2582.122725035339,2615.6567863994346,2577.930967364827,2594.697998046875,669800,1737928719.0917969
2017-09-18 00:00:00,2594.697998046875,2594.697998046875,2594.697998046875,2594.697998046875,0,0.0
2017-09-19 00:00:00,2624.0398260225916,2644.9986105754874,2615.656312201433,2632.42333984375,587600,1546811954.4921875
2017-09-20 00:00:00,2661.7658535490896,2699.4916687962423,2657.574096299406,2691.108154296875,953200,2565164292.6757812
2017-09-21 00:00:00,2691.1083686828615,2691.1083686828615,2657.574308013916,2682.724853515625,608800,1633242890.8203125
2017-09-22 00:00:00,2703.6837198446083,2703.6837198446083,2661.766142792754,2670.149658203125,558600,1491545599.0722656
2017-09-25 00:00:00,2682.724471830986,2691.1079858054577,2670.149200869278,2678.53271484375,674400,1806402462.890625
2017-09-26 00:00:00,2598.889297755636,2624.0398393468195,2552.779971505133,2603.0810546875,1998400,5201997179.6875
2017-09-27 00:00:00,2628.4772546268205,2628.4772546268205,2594.6160339552994,2615.779296875,799000,2090007658.203125
2017-09-28 00:00:00,2636.9426799086673,2658.1059437923645,2624.244721578449,2653.873291015625,1108400,2941553155.7617188
2017-09-29 00:00:00,2645.407701149965,2658.1056581154844,2628.477091862605,2641.175048828125,744600,1966618941.3574219
2017-10-02 00:00:00,2632.709811891395,2666.5710313369436,2632.709811891395,2662.33837890625,622000,1655974471.6796875
2017-10-03 00:00:00,2666.5709627591646,2679.2689197246846,2632.709744184445,2641.175048828125,710000,1875234284.6679688
2017-10-04 00:00:00,2658.105766972409,2683.5016819434827,2641.175156991693,2675.036376953125,1109000,2966615342.0410156
2017-10-05 00:00:00,2679.269029448304,2696.19963942902,2666.571071962767,2675.036376953125,1241200,3320255151.0742188
2017-10-06 00:00:00,2679.26926079945,2683.5019136601127,2662.3386493567996,2670.803955078125,462000,1233911427.2460938
2017-10-09 00:00:00,2670.803955078125,2670.803955078125,2670.803955078125,2670.803955078125,0,0.0
2017-10-10 00:00:00,2653.87311447723,2687.734334438662,2653.87311447723,2675.036376953125,701400,1876270514.7949219
2017-10-11 00:00:00,2691.9670387758024,2797.7833531930905,2691.9670387758024,2768.15478515625,2256600,6246618088.183594
2017-10-12 00:00:00,2793.5510383178894,2848.575528466575,2789.3183852295288,2797.78369140625,1985400,5554719740.917969
2017-10-13 00:00:00,2793.5511529267724,2835.877685546875,2789.3184996647624,2835.877685546875,1258400,3568668479.4921875
2017-10-16 00:00:00,2861.2734763323824,2882.4367416898704,2844.3428640463917,2873.971435546875,1425000,4095409295.654297
2017-10-17 00:00:00,2882.43606303761,2890.9013671875,2861.2728026628843,2890.9013671875,803200,2321971978.125
2017-10-18 00:00:00,2873.9711780829416,2886.669136159891,2857.040567313675,2869.738525390625,833600,2392214034.765625
2017-10-19 00:00:00,2882.4367416898704,2886.669394761368,2865.5061294038796,2873.971435546875,764200,2196288971.044922
2017-10-20 00:00:00,2840.109741928998,2886.6689180261947,2835.877089556526,2878.20361328125,860800,2477557670.3125
2017-10-23 00:00:00,2907.8322347005205,2920.5301920572915,2890.9016248914927,2895.13427734375,847800,2454494840.3320312
2017-10-24 00:00:00,2869.7381068127747,2899.36667133739,2852.8074985129942,2890.9013671875,807600,2334691944.140625
2017-10-25 00:00:00,2912.064927902111,2924.7628854365676,2899.3669703676537,2907.832275390625,989800,2878172386.1816406
2017-10-26 00:00:00,2950.159530951052,2979.788105867347,2899.3676882374043,2903.600341796875,1054600,3062136920.4589844
2017-10-27 00:00:00,3123.6974333552002,3326.86474609375,3123.6974333552002,3326.86474609375,4781400,15907071096.972656
2017-10-30 00:00:00,3453.8443873609394,3470.7749971029048,3369.191338651113,3424.2158203125,3599600,12325807266.796875
2017-10-31 00:00:00,3479.240902549342,3500.404168379934,3428.449064555921,3458.07763671875,2112800,7306226430.859375
2017-11-01 00:00:00,3513.1016961960568,3601.987401762463,3508.869043550037,3555.42822265625,2368200,8419965116.894531
2017-11-02 00:00:00,3538.497314453125,3572.3585327732508,3513.1014007130307,3538.497314453125,1100000,3892347045.8984375
2017-11-03 00:00:00,3538.497314453125,3538.497314453125,3538.497314453125,3538.497314453125,0,0.0
2017-11-06 00:00:00,3568.1264517958543,3627.3835933440655,3551.195839924937,3563.893798828125,1224000,4362206009.765625
2017-11-07 00:00:00,3568.1261243619183,3623.150607893004,3551.195514044661,3614.685302734375,920800,3328402226.7578125
2017-11-08 00:00:00,3623.150995755058,3712.0367094359644,3601.987730592937,3661.244873046875,1639200,6001512595.8984375
2017-11-09 00:00:00,3648.5471341824646,3695.1063203495264,3521.567535545024,3572.359375,1689200,6034429456.25
2017-11-10 00:00:00,3563.8932969028688,3661.2443014500964,3542.7300350447754,3559.66064453125,1472000,5239820468.75
2017-11-13 00:00:00,3593.5223034274195,3606.220262096774,3542.73046875,3542.73046875,879400,3115477174.21875
2017-11-14 00:00:00,3479.2410804941337,3530.032921085289,3453.845160198556,3517.3349609375,1174800,4132165112.109375
2017-11-15 00:00:00,3500.40353631796,3500.40353631796,3407.285183477579,3415.75048828125,1024400,3499094800.1953125
2017-11-16 00:00:00,3390.3545349566607,3487.7055390815085,3381.889230250152,3479.240234375,754800,2626130528.90625
2017-11-17 00:00:00,3551.195559911693,3563.893517813642,3462.3098545980515,3475.0078125,876800,3046886850.0
2017-11-20 00:00:00,3462.309473378738,3491.9380385543504,3424.2156038672356,3432.680908203125,544400,1868751486.4257812
2017-11-21 00:00:00,3453.844765911172,3508.869253603384,3436.9141543135684,3466.542724609375,556600,1929477680.5175781
2017-11-22 00:00:00,3551.1961085604266,3606.220601303318,3534.265495408768,3572.359375,1084000,3872437562.5
2017-11-23 00:00:00,3572.359375,3572.359375,3572.359375,3572.359375,0,0.0
2017-11-24 00:00:00,3525.7997649778804,3542.730376094221,3491.9385427452,3513.101806640625,703800,2472521051.513672
2017-11-27 00:00:00,3534.2645653884574,3546.962521910811,3496.1706958213963,3508.86865234375,848800,2978327712.109375
2017-11-28 00:00:00,3500.4036604937382,3508.8689655977137,3441.146524765912,3453.844482421875,921000,3180990768.310547
2017-11-29 00:00:00,3470.7755573844443,3475.0082105032056,3424.2163730780676,3445.379638671875,689000,2373866571.044922
2017-11-30 00:00:00,3390.3546142578125,3394.5872667100693,3318.3995225694443,3352.2607421875,1557000,5219469975.5859375
2017-12-01 00:00:00,3360.7260470920137,3377.6566569010415,3331.097479926215,3352.2607421875,922200,3091454856.4453125
2017-12-04 00:00:00,3364.9586585447364,3381.889268147477,3339.562744140625,3339.562744140625,607400,2028450410.7910156
2017-12-05 00:00:00,3322.6321354408688,3419.9831406830854,3305.701525833527,3415.75048828125,848800,2899289014.453125
2017-12-06 00:00:00,3398.819441962488,3398.819441962488,3267.6072343649325,3284.537841796875,1128400,3706272500.6835938
2017-12-07 00:00:00,3301.4689127604165,3360.7260470920137,3293.0036078559024,3352.2607421875,670200,2246685149.4140625
2017-12-08 00:00:00,3407.2857093340085,3441.1469337745953,3394.5877501687887,3428.448974609375,1043000,3575872280.517578
2017-12-11 00:00:00,3428.4484727479917,3428.4484727479917,3381.8892959575865,3424.2158203125,596000,2040832628.90625
2017-12-12 00:00:00,3419.982951699291,3453.8441690428485,3411.517647363402,3432.680908203125,461400,1583838971.0449219
2017-12-13 00:00:00,3415.750528971354,3428.448486328125,3348.0280897352427,3352.2607421875,666600,2234617010.7421875
2017-12-14 00:00:00,3348.027928402549,3415.7503643752934,3343.7952761542524,3377.656494140625,673600,2275189414.453125
2017-12-15 00:00:00,3369.191189644032,3390.3544508855143,3343.7952761542524,3377.656494140625,675200,2280593664.84375
2017-12-18 00:00:00,3415.751092638941,3534.265380859375,3407.285786337481,3534.265380859375,1071400,3786611929.0527344
2017-12-19 00:00:00,3546.9630288733056,3555.428334431476,3496.1711955242845,3513.101806640625,669600,2352372969.7265625
2017-12-20 00:00:00,3555.4281666239754,3627.383260472318,3551.195514044661,3614.685302734375,1018000,3679749638.1835938
2017-12-21 00:00:00,3597.7548695846217,3648.5467030375808,3580.824258433635,3593.522216796875,826000,2968249351.0742188
2017-12-22 00:00:00,3576.591429520547,3627.383260472318,3576.591429520547,3614.685302734375,488800,1766858175.9765625
2017-12-25 00:00:00,3614.684925477632,3661.24409899081,3614.684925477632,3648.546142578125,552000,2013997470.703125
2017-12-26 00:00:00,3631.6156401298417,3635.848292391065,3601.9870743012766,3606.2197265625,439200,1583851703.90625
2017-12-27 00:00:00,3593.5220398378037,3631.615913051632,3585.0567346791754,3614.685302734375,355000,1283213282.4707031
2017-12-28 00:00:00,3606.2204071620727,3640.081631642468,3580.8244888017766,3589.289794921875,534000,1916680750.4882812
2017-12-29 00:00:00,3601.987522372368,3640.081397462088,3580.824258433635,3593.522216796875,470800,1691830259.6679688
2018-01-01 00:00:00,3593.522216796875,3593.522216796875,3593.522216796875,3593.522216796875,0,0.0
2018-01-02 00:00:00,3593.522216796875,3593.522216796875,3593.522216796875,3593.522216796875,0,0.0
2018-01-03 00:00:00,3593.522216796875,3593.522216796875,3593.522216796875,3593.522216796875,0,0.0
2018-01-04 00:00:00,3648.5466264204547,3750.130291193182,3648.5466264204547,3724.734375,1229600,4579933387.5
2018-01-05 00:00:00,3758.5950265379765,3775.525634765625,3707.8032018550307,3775.525634765625,943200,3561075778.7109375
2018-01-08 00:00:00,3775.525634765625,3775.525634765625,3775.525634765625,3775.525634765625,0,0.0
2018-01-09 00:00:00,3830.5509602864586,3860.1795312500003,3805.1550423177086,3809.3876953125,869400,3311881662.3046875
2018-01-10 00:00:00,3788.223780726527,3796.6890852644633,3750.1299103058136,3758.59521484375,778400,2925690515.234375
2018-01-11 00:00:00,3733.1996629389632,3796.689453125,3733.1996629389632,3796.689453125,730200,2772342638.671875
2018-01-12 00:00:00,3792.457070355951,3813.6203352574908,3767.061152474103,3805.155029296875,814000,3097396193.8476562
2018-01-15 00:00:00,3822.0853287869654,3830.5506340555967,3779.7588024438096,3783.991455078125,612800,2318829963.671875
2018-01-16 00:00:00,3805.15495567991,3868.6447491562153,3771.293732492547,3860.179443359375,721000,2783189378.6621094
2018-01-17 00:00:00,3830.5508010451854,3923.6691630595437,3792.4569256756754,3915.203857421875,993200,3888580471.1914062
2018-01-18 00:00:00,3978.6932228662636,4025.2523988785283,3932.134046853999,3936.36669921875,1239400,4878732887.011719
2018-01-19 00:00:00,3944.831828626337,3970.2277416861634,3898.2726546833223,3957.52978515625,797600,3156525756.640625
2018-01-22 00:00:00,3965.9959912521426,4016.7878289202595,3927.9021130010547,4012.55517578125,1288000,5168171066.40625
2018-01-23 00:00:00,4008.3216112759023,4037.9501765123664,3953.2971329796123,3957.52978515625,1098800,4348533727.9296875
2018-01-24 00:00:00,3940.599848429362,3965.995765819884,3839.016178867273,3860.179443359375,1761200,6798548035.644531
2018-01-25 00:00:00,3796.689412981072,3855.94654986149,3750.1302340036004,3783.991455078125,945200,3576628723.3398438
2018-01-26 00:00:00,3822.0863275794345,3834.7842888006285,3783.9924439158517,3788.22509765625,721400,2732825585.4492188
2018-01-29 00:00:00,3847.4806788060573,3944.831675079478,3839.0153747822815,3910.970458984375,1346000,5264166237.792969
2018-01-30 00:00:00,3999.857148059824,4042.1836787271236,3805.155106990245,3830.551025390625,2501000,9580208114.501953
2018-01-31 00:00:00,3813.6200772223865,3877.1098676311944,3800.922119140625,3800.922119140625,1237400,4703261030.224609
2018-02-01 00:00:00,3809.3872335682745,3898.272935684867,3809.3872335682745,3894.040283203125,950600,3701674693.2128906
2018-02-02 00:00:00,3915.2042046678407,3919.436857862076,3813.6205280061886,3868.64501953125,943800,3651227169.4335938
2018-02-05 00:00:00,3720.5018955123755,3728.9672013042127,3618.918226010331,3623.15087890625,1540400,5581101613.8671875
2018-02-06 00:00:00,3386.12198913728,3462.3097338928687,3254.90976205821,3360.72607421875,1926400,6474102709.375
2018-02-07 00:00:00,3534.2652337684394,3538.4978867430123,3407.28564453125,3407.28564453125,1210600,4124860001.2695312
2018-02-08 00:00:00,3403.0525310757434,3449.611707495934,3377.6566166647303,3415.75048828125,1381600,4719200874.609375
2018-02-09 00:00:00,3242.211605047537,3305.7013884361963,3233.7463005957156,3297.236083984375,1111400,3664548183.7402344
2018-02-12 00:00:00,3297.236083984375,3297.236083984375,3297.236083984375,3297.236083984375,0,0.0
2018-02-13 00:00:00,3356.4932681015116,3364.9585726868872,3229.513699320874,3237.97900390625,1294800,4192535214.2578125
2018-02-14 00:00:00,3221.048583984375,3276.073067022216,3174.489406029279,3221.048583984375,1021000,3288690604.248047
2018-02-15 00:00:00,3267.6079892352186,3322.6324761005785,3250.6773778920306,3293.00390625,860000,2831983359.375
2018-02-16 00:00:00,3318.399535978878,3360.726060672486,3280.3056637546306,3356.493408203125,968800,3251770813.8671875
2018-02-19 00:00:00,3419.9833806818183,3500.403781960227,3411.518075284091,3491.9384765625,1143800,3994079229.4921875
2018-02-20 00:00:00,3504.636313045726,3508.8689655977137,3436.9138722139246,3453.844482421875,799600,2761694048.1445312
2018-02-21 00:00:00,3441.1465113353142,3491.938341760928,3415.7505961225074,3449.61181640625,859400,2964596395.0195312
2018-02-22 00:00:00,3407.2853736354878,3428.4486368257703,3364.9588472549226,3398.820068359375,820800,2789751512.109375
2018-02-23 00:00:00,3424.2164113898025,3462.3102898848683,3411.518451891447,3458.07763671875,491600,1699990966.2109375
2018-02-26 00:00:00,3491.9388229782517,3500.404129215775,3419.983719959306,3445.379638671875,553600,1907362167.96875
2018-02-27 00:00:00,3487.7060416350246,3525.799918303368,3475.0080827455768,3483.473388671875,921400,3209672380.3222656
2018-02-28 00:00:00,3466.542467038031,3496.171035132373,3445.379204113501,3462.309814453125,836400,2895875928.8085938
2018-03-01 00:00:00,3432.681289463827,3441.1465947399397,3373.424152531036,3398.820068359375,791200,2689146438.0859375
2018-03-02 00:00:00,3288.7705078125,3322.6317228221524,3276.07255218388,3288.7705078125,828800,2725732996.875
2018-03-05 00:00:00,3263.3750957288244,3267.6077482524674,3195.6526553505346,3216.81591796875,767600,2469227898.6328125
2018-03-06 00:00:00,3280.305204060087,3343.794982203185,3280.305204060087,3288.7705078125,563200,1852235550.0
2018-03-07 00:00:00,3263.3749589920044,3288.770873069763,3229.513740221659,3250.677001953125,617400,2006967981.0058594
2018-03-08 00:00:00,3280.305526833129,3284.538179125817,3225.281047028186,3237.97900390625,587200,1901341271.09375
2018-03-09 00:00:00,3276.0728365384616,3369.191185897436,3276.0728365384616,3301.46875,1052800,3475786300.0
2018-03-12 00:00:00,3369.191255722532,3373.423908053842,3301.4688184215765,3322.632080078125,806600,2680035035.7910156
2018-03-13 00:00:00,3301.4688455467754,3343.7953692076317,3284.5382360824333,3331.097412109375,858200,2858747799.0722656
2018-03-14 00:00:00,3280.305771322238,3326.864950011973,3280.305771322238,3314.1669921875,475400,1575554988.0859375
2018-03-15 00:00:00,3288.7707795325537,3314.166692888017,3246.4442572734474,3297.236083984375,529800,1746875677.2949219
2018-03-16 00:00:00,3288.7711335617482,3297.2364389248414,3254.909912109375,3254.909912109375,619200,2015440217.578125
2018-03-19 00:00:00,3225.2809504607108,3254.909515622423,3191.4197331330392,3208.350341796875,508000,1629841973.6328125
2018-03-20 00:00:00,3144.8612008602063,3187.1877311544217,3106.767323595412,3182.955078125,640800,2039637614.0625
2018-03-21 00:00:00,3182.955078125,3182.955078125,3182.955078125,3182.955078125,0,0.0
2018-03-22 00:00:00,3149.093505859375,3161.7914635442917,3106.7669802429855,3149.093505859375,1119800,3526354907.861328
2018-03-23 00:00:00,3005.1829375783486,3017.8808936526234,2941.6931572069752,2954.39111328125,1934400,5714974169.53125
2018-03-26 00:00:00,2912.065113453994,2971.322252390558,2899.367155110445,2967.089599609375,1101600,3268545902.9296875
2018-03-27 00:00:00,3030.579418285473,3144.8610443940033,3026.3467654666383,3132.1630859375,1216400,3809963177.734375
2018-03-28 00:00:00,3076.5371238351195,3110.76841311284,3063.7003903559744,3106.489501953125,1036800,3220808315.625
2018-03-29 00:00:00,3144.999188461622,3157.835919843098,3046.5842478703057,3076.53662109375,739800,2276021792.2851562
2018-03-30 00:00:00,3110.7681287902496,3123.604861096124,3076.536842641251,3097.931396484375,669800,2074994449.3652344
2018-04-02 00:00:00,3097.931498800571,3132.162786080135,3093.652587890625,3093.652587890625,344600,1066072681.7871094
2018-04-03 00:00:00,3033.7481626283875,3072.258364974869,3029.469251256556,3059.421630859375,551400,1686965087.2558594
2018-04-04 00:00:00,3072.2580005123855,3089.373643969279,3033.747802734375,3033.747802734375,724400,2197646908.3007812
2018-04-05 00:00:00,3063.7002115210066,3106.489320620462,3055.1423897011155,3093.652587890625,745000,2304771177.9785156
2018-04-06 00:00:00,3089.373168263355,3127.8833601115134,3063.69970703125,3063.69970703125,803400,2461376344.6289062
2018-04-09 00:00:00,3042.3060877182907,3076.537379844516,3016.6326186236215,3055.142822265625,658200,2010895005.6152344
2018-04-10 00:00:00,3016.631834915991,3076.5365805738975,2982.400551682902,3067.978759765625,953200,2924397353.8085938
2018-04-11 00:00:00,3102.210615478177,3123.605171446992,3085.094970703125,3085.094970703125,473200,1459866940.1367188
2018-04-12 00:00:00,3102.210744577688,3123.6053014368445,3042.3059853720497,3059.421630859375,821800,2514232696.2402344
2018-04-13 00:00:00,3085.094681140988,3132.1626998546512,3080.8157703488373,3127.8837890625,501800,1569572085.3515625
2018-04-16 00:00:00,3162.115075399709,3170.6728969840115,3115.0470566860463,3127.8837890625,630800,1973069094.140625
2018-04-17 00:00:00,3123.6044499061627,3123.6044499061627,3050.862976415197,3063.69970703125,582200,1783685969.4335938
2018-04-18 00:00:00,3046.5842478703057,3085.094442014734,3025.189695567846,3076.53662109375,877000,2698122616.6992188
2018-04-19 00:00:00,3102.2105907934097,3162.1153470294207,3089.3738573142646,3106.489501953125,703400,2185104715.673828
2018-04-20 00:00:00,3102.2105907934097,3127.8840577517003,3076.5371238351195,3106.489501953125,444400,1380523934.6679688
2018-04-23 00:00:00,3140.7204007273704,3170.6727751212284,3093.6523838227367,3102.210205078125,559000,1734135504.6386719
2018-04-24 00:00:00,3140.7207182808284,3179.230917823781,3123.605074039516,3170.673095703125,555800,1762260106.5917969
2018-04-25 00:00:00,3140.7208057106923,3162.115361607904,3123.6051609929227,3136.44189453125,610000,1913229555.6640625
2018-04-26 00:00:00,3157.836164607558,3179.230718568314,3127.8837890625,3127.8837890625,840400,2628673536.328125
2018-04-27 00:00:00,3209.1837513203527,3388.8980413942922,3209.1837513203527,3354.666748046875,2077200,6968313769.042969
2018-04-30 00:00:00,3354.666748046875,3354.666748046875,3354.666748046875,3354.666748046875,0,0.0
2018-05-01 00:00:00,3311.8772609131806,3341.829639241853,3290.482704964129,3299.04052734375,794200,2620097986.8164062
2018-05-02 00:00:00,3333.2721897047395,3358.945659715302,3303.3198080257494,3354.666748046875,783200,2627374997.0703125
2018-05-03 00:00:00,3354.666748046875,3354.666748046875,3354.666748046875,3354.666748046875,0,0.0
2018-05-04 00:00:00,3354.666748046875,3354.666748046875,3354.666748046875,3354.666748046875,0,0.0
2018-05-07 00:00:00,3384.619129725865,3384.619129725865,3299.0408963573223,3354.666748046875,611200,2050372316.40625
2018-05-08 00:00:00,3333.271689239463,3333.271689239463,3264.809112823761,3324.7138671875,846000,2812707931.640625
2018-05-09 00:00:00,3333.271382336739,3341.829203600761,3307.5979185446713,3337.55029296875,610200,2036573188.7695312
2018-05-10 00:00:00,3316.1561375342044,3376.0608935670803,3307.5983152437934,3371.781982421875,609000,2053415227.2949219
2018-05-11 00:00:00,3384.618266045293,3384.618266045293,3341.8291602798654,3380.33935546875,655800,2216826549.3164062
2018-05-14 00:00:00,3371.7819191490203,3388.89756340866,3337.550630629741,3384.61865234375,525400,1778278639.9414062
2018-05-15 00:00:00,3393.176167447261,3401.7339888027395,3363.2237927030856,3397.455078125,590400,2005857478.125
2018-05-16 00:00:00,3376.0606263053674,3401.7340911441916,3367.502804692426,3393.17626953125,551200,1870318759.765625
2018-05-17 00:00:00,3380.339537111838,3410.2919127571326,3363.2238938859555,3393.17626953125,524800,1780738906.25
2018-05-18 00:00:00,3397.45499471536,3444.523011014943,3388.8971735699815,3431.686279296875,495000,1698684708.2519531
2018-05-21 00:00:00,3440.244118896786,3470.1964930662853,3431.6862977055002,3461.638671875,450000,1557737402.34375
2018-05-22 00:00:00,3478.75476573391,3487.3125880358384,3431.6867430733037,3453.081298828125,428000,1477918795.8984375
2018-05-23 00:00:00,3427.4077387670777,3444.5233829057397,3376.0608063510913,3406.01318359375,558000,1900555356.4453125
2018-05-24 00:00:00,3448.802238028113,3465.9178818892947,3358.945107756909,3367.5029296875,807200,2718248364.84375
2018-05-25 00:00:00,3367.5030080841107,3406.0132076683,3354.6662748893805,3384.61865234375,665800,2253479098.7304688
2018-05-28 00:00:00,3350.387239501647,3418.849813999765,3333.2715958771173,3410.2919921875,527600,1799270055.078125
2018-05-29 00:00:00,3406.013120648858,3427.407675426803,3367.5029220485567,3418.849853515625,581000,1986351764.8925781
2018-05-30 00:00:00,3328.992944872857,3333.2718561130537,3251.9725425493207,3307.598388671875,849800,2810797110.6933594
2018-05-31 00:00:00,3337.550600265444,3354.6662443693695,3294.7614900056305,3324.7138671875,1486800,4943184577.734375
2018-06-01 00:00:00,3333.271796383648,3457.3602201257863,3307.598329402516,3401.734375,1085000,3690881796.875
2018-06-04 00:00:00,3465.917843089384,3504.428041345933,3461.63893217199,3491.59130859375,890400,3108912901.171875
2018-06-05 00:00:00,3538.659328685087,3568.6117051068472,3474.4756649241726,3491.59130859375,925400,3231118596.9726562
2018-06-06 00:00:00,3478.754615093502,3517.2648137845736,3474.475704127827,3500.149169921875,694000,2429103523.9257812
2018-06-07 00:00:00,3538.6595793764036,3577.169780361153,3534.380668155876,3572.890869140625,988000,3530016178.7109375
2018-06-08 00:00:00,3547.2173094517975,3594.2853316520022,3521.5438427971403,3525.82275390625,858800,3027976581.0546875
2018-06-11 00:00:00,3538.6593844696968,3538.6593844696968,3491.5913636363634,3530.1015625,651400,2299508157.8125
2018-06-12 00:00:00,3568.6118010552073,3581.448534152528,3521.543779698364,3538.659423828125,890200,3150114619.091797
2018-06-13 00:00:00,3560.0538690476187,3598.5640671502974,3555.7749581473213,3594.28515625,686800,2468555045.3125
2018-06-14 00:00:00,3632.795386714176,3662.7477632830796,3615.6797429605167,3654.18994140625,1451800,5305152956.933594
2018-06-15 00:00:00,3679.8630989279463,3684.1420095080953,3602.8427084852683,3667.0263671875,1211000,4440768930.6640625
2018-06-18 00:00:00,3649.9108487946164,3654.18975952005,3598.5639200894166,3641.35302734375,883000,3215314723.1445312
2018-06-19 00:00:00,3624.2380634951196,3654.190444185162,3585.7278597507793,3602.843505859375,849000,3058814136.4746094
2018-06-20 00:00:00,3598.5644660805756,3632.795757077775,3521.544061336877,3628.516845703125,986600,3579894719.970703
2018-06-21 00:00:00,3624.2373844420167,3662.7475809709163,3594.2850093639836,3641.35302734375,605000,2203018581.5429688
2018-06-22 00:00:00,3598.5639200894166,3645.6319380691834,3585.7271879131167,3641.35302734375,579600,2110528214.6484375
2018-06-25 00:00:00,3654.1902105648187,3671.305855579174,3624.2378317896973,3632.795654296875,705000,2561120936.279297
2018-06-26 00:00:00,3585.7273344494047,3615.679710751488,3551.496047247024,3594.28515625,917200,3296678345.3125
2018-06-27 00:00:00,3585.727680483649,3611.4011483630065,3551.496389977838,3590.006591796875,743200,2668092899.0234375
2018-06-28 00:00:00,3590.006591796875,3611.4011483630065,3560.054212604291,3590.006591796875,789400,2833951203.564453
2018-06-29 00:00:00,3581.4489861800207,3619.959190332494,3568.6122514625295,3611.4013671875,630600,2277349702.1484375
2018-07-02 00:00:00,3602.843168880678,3645.632280150045,3542.938413103565,3555.775146484375,800400,2846042427.2460938
2018-07-03 00:00:00,3564.3325413505813,3564.3325413505813,3495.8699715287216,3542.93798828125,777600,2754988579.6875
2018-07-04 00:00:00,3517.264926242236,3517.264926242236,3431.6867041925466,3444.5234375,742800,2558592009.375
2018-07-05 00:00:00,3423.1287249058973,3465.9178339672208,3401.7341703752354,3410.2919921875,751600,2563175461.328125
2018-07-06 00:00:00,3427.407605970228,3500.1490907411317,3423.1286951013512,3483.033447265625,488800,1702506749.0234375
2018-07-09 00:00:00,3483.0332001693023,3538.6590375184437,3474.4753790386653,3534.380126953125,536800,1897255252.1484375
2018-07-10 00:00:00,3581.448423549107,3628.516443452381,3577.1695126488094,3594.28515625,789600,2838047559.375
2018-07-11 00:00:00,3555.775146484375,3585.7275243729314,3512.986035215008,3555.775146484375,727000,2585048531.4941406
2018-07-12 00:00:00,3564.3335616881586,3577.1702972044427,3525.8233551393073,3551.496826171875,712000,2528665740.234375
2018-07-13 00:00:00,3585.7274695626143,3602.8431138087367,3512.9859815165946,3517.264892578125,922800,3245732042.8710938
2018-07-16 00:00:00,3517.264892578125,3517.264892578125,3517.264892578125,3517.264892578125,0,0.0
2018-07-17 00:00:00,3491.5915094339625,3495.8704205974846,3376.0609080188683,3401.734375,1343200,4569209612.5
2018-07-18 00:00:00,3444.5232794365593,3470.1967448733535,3401.7341703752354,3410.2919921875,703800,2400163504.1015625
2018-07-19 00:00:00,3435.965497337981,3470.1967849826933,3406.013120648858,3418.849853515625,803800,2748071512.2558594
2018-07-20 00:00:00,3414.5712370781844,3423.1290597275033,3328.993010584997,3376.06103515625,991400,3347026910.2539062
2018-07-23 00:00:00,3328.992944872857,3358.945323554233,3303.3194774316785,3307.598388671875,784400,2594480176.0742188
2018-07-24 00:00:00,3316.1561375342044,3376.0608935670803,3294.761581808177,3371.781982421875,807800,2723725485.4003906
2018-07-25 00:00:00,3388.897578418703,3423.1288670895988,3384.618667334841,3414.571044921875,587800,2007084860.2050781
2018-07-26 00:00:00,3418.8497171571844,3418.8497171571844,3311.876947533993,3363.223876953125,1287200,4329141774.4140625
2018-07-27 00:00:00,3491.5912786989797,3615.679694240978,3487.312367818221,3564.332763671875,1908800,6803598379.296875
2018-07-30 00:00:00,3581.4486132459947,3590.006435499868,3508.7071240880714,3555.775146484375,816000,2901512519.53125
2018-07-31 00:00:00,3491.591426208942,3538.659447885778,3453.0812266551666,3517.264892578125,854400,3005151124.21875
2018-08-01 00:00:00,3564.3328660818247,3590.006332104023,3560.053955078125,3560.053955078125,555600,1977965977.4414062
2018-08-02 00:00:00,3555.774720122849,3602.842736875378,3504.427792756454,3542.93798828125,748000,2650117615.234375
2018-08-03 00:00:00,3547.216855725127,3590.0059613430417,3538.659034601544,3585.72705078125,741200,2657740890.0390625
2018-08-06 00:00:00,3585.7273344494047,3649.910997953869,3581.448423549107,3594.28515625,808000,2904182406.25
2018-08-07 00:00:00,3594.285453014576,3649.91129931123,3581.4487192538095,3632.795654296875,610800,2218911585.6445312
2018-08-08 00:00:00,3662.7472937536295,3739.7676807718135,3658.4683833637305,3684.141845703125,958000,3529407888.1835938
2018-08-09 00:00:00,3692.70068359375,3714.095241436124,3671.3061257513764,3692.70068359375,458400,1692733993.359375
2018-08-10 00:00:00,3709.8157836056425,3709.8157836056425,3645.6321195294204,3654.18994140625,687400,2511890165.7226562
2018-08-13 00:00:00,3632.795522005364,3632.795522005364,3551.496211147765,3577.169677734375,585000,2092644261.4746094
2018-08-14 00:00:00,3577.1698840947392,3649.911376953125,3551.496416027074,3649.911376953125,669400,2443250675.732422
2018-08-15 00:00:00,3679.863730832969,3701.2582874075792,3632.7957063688264,3671.305908203125,759600,2788723967.8710938
2018-08-16 00:00:00,3607.122109317215,3628.5166651257396,3551.4962642150517,3615.679931640625,758800,2743577932.1289062
2018-08-17 00:00:00,3658.469391045952,3714.095241436124,3628.5170100666282,3692.70068359375,713400,2634372667.6757812
2018-08-20 00:00:00,3701.25765182869,3714.0943835691364,3654.1896354470537,3667.0263671875,463000,1697833208.0078125
2018-08-21 00:00:00,3611.40099609375,3649.9111962890624,3568.6118847656253,3637.074462890625,635600,2311724528.6132812
2018-08-22 00:00:00,3658.46883786838,3761.1626999839837,3658.46883786838,3756.8837890625,845400,3176069555.2734375
2018-08-23 00:00:00,3744.0467763830115,3756.8835081877533,3696.978759765625,3696.978759765625,590000,2181217468.2617188
2018-08-24 00:00:00,3688.420938562464,3705.536580968786,3649.9107431482385,3696.978759765625,822800,3041874123.5351562
2018-08-27 00:00:00,3714.09546875,3748.326763392857,3705.5376450892854,3744.0478515625,469200,1756707251.953125
2018-08-28 00:00:00,3761.162778685693,3803.951888795883,3761.162778685693,3773.99951171875,569600,2149670121.875
2018-08-29 00:00:00,3791.1147646845257,3889.529707785817,3791.1147646845257,3821.067138671875,971200,3711020405.078125
2018-08-30 00:00:00,3846.7408078725625,3859.577540268133,3803.9516998873282,3812.509521484375,605400,2308093264.3066406
2018-08-31 00:00:00,3799.674079085196,3846.7421138486384,3774.0006055778636,3829.62646484375,609400,2333774367.6757812
2018-09-03 00:00:00,3872.413901118909,3880.971721894862,3786.835693359375,3786.835693359375,614800,2328146584.2773438
2018-09-04 00:00:00,3791.1152193765997,3799.6730415422358,3748.3261085484214,3761.162841796875,454600,1709824627.8808594
2018-09-05 00:00:00,3761.162841796875,3773.9995750453286,3731.2104642171503,3761.162841796875,525200,1975362724.5117188
2018-09-06 00:00:00,3744.047134641617,3808.230799806902,3696.979113520408,3773.99951171875,798200,3012406410.2539062
2018-09-07 00:00:00,3744.0476455601483,3774.0000267246296,3714.095264395667,3752.60546875,530400,1990381940.625
2018-09-10 00:00:00,3701.2574872627215,3714.0942184324185,3658.4683833637305,3684.141845703125,888000,3271517958.984375
2018-09-11 00:00:00,3714.094361767691,3714.094361767691,3658.4685245522764,3688.4208984375,826600,3048848714.6484375
2018-09-12 00:00:00,3679.86376953125,3696.97941497093,3641.3535672919693,3679.86376953125,762000,2804056192.3828125
2018-09-13 00:00:00,3658.4691742583586,3714.0950213523456,3632.7957063688264,3671.305908203125,706200,2592676232.373047
2018-09-14 00:00:00,3705.5367515212893,3816.7884322828986,3696.9789299242425,3812.509521484375,908400,3463283649.3164062
2018-09-17 00:00:00,3812.509521484375,3812.509521484375,3812.509521484375,3812.509521484375,0,0.0
2018-09-18 00:00:00,3851.0199088256436,3915.2035739727376,3816.7886207471934,3906.645751953125,989800,3866797965.283203
2018-09-19 00:00:00,3945.1546253838756,3979.3859019598744,3906.6444392358767,3962.270263671875,993800,3937704188.0371094
2018-09-20 00:00:00,3957.9924541970954,3979.3870080035663,3928.0400788680363,3936.597900390625,746200,2937489353.2714844
2018-09-21 00:00:00,3966.5506786477977,3983.666323431607,3923.7615666882743,3970.82958984375,1155800,4589484839.941406
2018-09-24 00:00:00,3970.82958984375,3970.82958984375,3970.82958984375,3970.82958984375,0,0.0
2018-09-25 00:00:00,4000.7820212446636,4030.7344000133403,4000.7820212446636,4009.33984375,141800,568524389.84375
2018-09-26 00:00:00,4005.0240003360213,4048.181586546539,3979.129448609711,4013.655517578125,617600,2478833647.65625
2018-09-27 00:00:00,4022.287053014012,4065.4446394197416,3884.182776515677,3888.49853515625,980600,3813061663.5742188
2018-09-28 00:00:00,3957.5503962590146,3970.4976712740386,3905.7612961989184,3927.340087890625,566900,2226409095.8251953
2018-10-01 00:00:00,3948.919444837068,3961.8667217053867,3905.7618552760073,3935.97216796875,378800,1490946257.2265625
2018-10-02 00:00:00,4013.655095880682,4108.601775568181,4000.707821377841,4035.23388671875,1021800,4123201985.4492188
2018-10-03 00:00:00,4026.602151232198,4065.443972626721,3979.128813972226,3996.391845703125,581100,2322303301.538086
2018-10-04 00:00:00,4048.181465440124,4065.444499407886,3935.971744649673,3957.550537109375,676000,2675304163.0859375
2018-10-05 00:00:00,3914.3925362957552,3953.2343585963745,3841.0246497279186,3853.971923828125,762400,2938268194.7265625
2018-10-08 00:00:00,3853.971923828125,3853.971923828125,3853.971923828125,3853.971923828125,0,0.0
2018-10-09 00:00:00,3793.5516962015404,3806.4989716151977,3638.184391237655,3659.76318359375,1126400,4122357250.0
2018-10-10 00:00:00,3668.394681050571,3733.1310577749928,3651.1316472573917,3685.65771484375,745800,2748763523.7304688
2018-10-11 00:00:00,3495.764509797245,3538.9220963379516,3439.659647294326,3465.55419921875,1158300,4014151428.955078
2018-10-12 00:00:00,3409.4492481645334,3586.3953483857304,3409.4492481645334,3582.07958984375,1124000,4026257458.984375
2018-10-15 00:00:00,3513.027268583551,3517.3430268987645,3461.2381688009928,3504.395751953125,808900,2834705723.754883
2018-10-16 00:00:00,3478.501507874656,3525.974853515625,3465.5542317907552,3525.974853515625,517400,1824339389.2089844
2018-10-17 00:00:00,3551.868896484375,3599.3422353195247,3530.290106104762,3551.868896484375,760900,2702617043.334961
2018-10-18 00:00:00,3543.2375767900435,3577.763643311749,3491.448477007485,3504.395751953125,589500,2065841295.7763672
2018-10-19 00:00:00,3409.4491991206028,3443.975266959799,3387.8704067211056,3435.34375,721100,2477226378.125
2018-10-22 00:00:00,3374.922750688173,3409.448814633832,3327.449412762892,3405.133056640625,956300,3256328742.0654297
2018-10-23 00:00:00,3400.817665965287,3400.817665965287,3340.3970475344313,3349.028564453125,646000,2163472452.6367188
2018-10-24 00:00:00,3331.765631545325,3331.765631545325,3206.608632432871,3219.555908203125,1425900,4590764769.506836
2018-10-25 00:00:00,3059.8724583788207,3094.3985227893013,2943.3469909934497,2964.92578125,1669000,4948461128.90625
2018-10-26 00:00:00,3267.0288266101516,3279.9761006918297,2753.4536213702468,2865.663330078125,3000200,8597563122.90039
2018-10-29 00:00:00,2878.610656549318,2913.136721395487,2775.0324620108117,2787.979736328125,1494100,4165520524.0478516
2018-10-30 00:00:00,2727.5591619318184,2861.347665127841,2714.6118874289773,2848.400390625,2771400,7894056842.578125
2018-10-31 00:00:00,2908.8212297913656,2999.452158316022,2857.032127777276,2986.5048828125,2227300,6651842325.488281
2018-11-01 00:00:00,2986.5048828125,3012.399433819545,2943.3472978007585,2986.5048828125,818400,2444155596.09375
2018-11-02 00:00:00,3003.767936862245,3197.977070711097,2990.8206612723216,3172.08251953125,1437200,4558916997.0703125
2018-11-05 00:00:00,3128.9248507955804,3193.661227018937,3103.030300306237,3176.398193359375,1159000,3681445506.1035156
2018-11-06 00:00:00,3185.029482823202,3193.660999036815,3141.871901755137,3150.50341796875,627100,1975680693.4082031
2018-11-07 00:00:00,3163.4511396171984,3210.924485505042,3081.451723992742,3103.030517578125,914800,2838652317.4804688
2018-11-08 00:00:00,3223.871392144097,3236.8186668113426,3133.2404694733796,3146.187744140625,713300,2244175717.895508
2018-11-09 00:00:00,3141.872108502095,3150.5036252836944,3059.872699076903,3090.0830078125,751200,2321270355.46875
2018-11-12 00:00:00,3055.5570782546683,3146.188008541883,3051.241319669563,3120.29345703125,558300,1742059837.0605469
2018-11-13 00:00:00,3025.346795221486,3033.9783124689084,2939.031622747264,2982.189208984375,914800,2728106688.3789062
2018-11-14 00:00:00,3059.8724916631527,3150.503411726518,2999.4518782875757,3038.293701171875,1230600,3738924228.6621094
2018-11-15 00:00:00,2986.505074127376,3029.662661903783,2939.0317275733278,2951.97900390625,888700,2623423740.7714844
2018-11-16 00:00:00,2977.873090277778,3025.3464293981483,2904.5052025462965,2913.13671875,947600,2760488354.6875
2018-11-19 00:00:00,2904.5056047608864,2973.5577439528242,2900.18984606139,2917.452880859375,685100,1998746968.6767578
2018-11-20 00:00:00,2861.347665127841,2882.926455965909,2831.1373579545457,2848.400390625,611100,1740657478.7109375
2018-11-21 00:00:00,2744.8223576415276,2852.716318240644,2714.6120486737746,2839.76904296875,967400,2747192572.1679688
2018-11-22 00:00:00,2848.400941318139,2900.1900493421053,2844.085182316142,2869.979736328125,550900,1581071836.743164
2018-11-23 00:00:00,2869.979736328125,2869.979736328125,2869.979736328125,2869.979736328125,0,0.0
2018-11-26 00:00:00,2865.663723334581,2913.1370681488584,2813.8746199008233,2882.9267578125,734600,2117797996.2890625
2018-11-27 00:00:00,2943.347381370975,3012.399519350353,2913.1370710049973,2982.189208984375,968300,2887653811.0595703
2018-11-28 00:00:00,2960.610675014345,3068.504650051311,2956.294916012866,3055.557373046875,828200,2530612616.357422
2018-11-29 00:00:00,3115.977684227196,3146.1879941850775,3008.0837200919054,3033.978271484375,720600,2186284742.4316406
2018-11-30 00:00:00,3025.346881368886,3111.662056300951,2990.82081139606,3077.135986328125,786000,2418628885.2539062
2018-12-03 00:00:00,3180.714452392245,3215.240525145485,3150.5041387331603,3163.451416015625,678100,2145136405.2001953
2018-12-04 00:00:00,3141.8717747559276,3189.345112011855,3094.3984375,3094.3984375,714600,2211257123.4375
2018-12-05 00:00:00,2999.4520451472354,3059.8726618840146,2990.8205284705527,3029.662353515625,753100,2281638718.432617
2018-12-06 00:00:00,2982.18925069323,2990.8207680613727,2861.3480075392354,2930.400146484375,913100,2675748373.754883
2018-12-07 00:00:00,2990.82047221159,3029.6622965260267,2930.3998566113564,2995.13623046875,755400,2262525908.4960938
2018-12-10 00:00:00,2921.7687031077917,2969.242049834802,2917.4529443144274,2939.03173828125,612300,1799569133.3496094
2018-12-11 00:00:00,2934.7156410043626,2960.6101907779307,2826.8216836144966,2844.084716796875,642300,1826755613.5986328
2018-12-12 00:00:00,2848.4007932428726,2973.5577977944536,2831.13775813231,2951.97900390625,939500,2773384274.169922
2018-12-13 00:00:00,3025.346660349629,3103.030312113243,3016.715143487005,3051.2412109375,925900,2825144237.2070312
2018-12-14 00:00:00,3033.978485506055,3046.9257621156116,2964.926343588421,2973.557861328125,1035400,3078821809.6191406
2018-12-17 00:00:00,2960.6104158658195,3021.0310365977753,2934.715864123553,2982.189208984375,575200,1715355233.0078125
2018-12-18 00:00:00,2930.400525151467,3033.9787469535804,2917.4532474262023,2960.61083984375,910400,2695340108.59375
2018-12-19 00:00:00,2943.34716796875,2986.5047510767963,2882.9265516174855,2943.34716796875,757300,2228996810.3027344
2018-12-20 00:00:00,2908.8209959464552,2930.3997867175717,2831.137349170437,2861.34765625,899700,2574354486.328125
2018-12-21 00:00:00,2839.7688247845244,2852.7160990616576,2757.769421029348,2800.927001953125,1012600,2836218682.1777344
2018-12-24 00:00:00,2800.927001953125,2800.927001953125,2800.927001953125,2800.927001953125,0,0.0
2018-12-25 00:00:00,2623.9813932291668,2645.5601875813804,2577.3711974283856,2589.455322265625,788100,2040749739.477539
2018-12-26 00:00:00,2641.2443103227456,2662.8231037077353,2573.918474961578,2632.61279296875,772300,2033166860.0097656
2018-12-27 00:00:00,2766.4010295542635,2805.2428536821703,2731.874963662791,2783.6640625,879300,2447675810.15625
2018-12-28 00:00:00,2762.085179121726,2822.5057924150137,2740.5063886598373,2800.927001953125,600600,1682236757.3730469
2018-12-31 00:00:00,2800.927001953125,2800.927001953125,2800.927001953125,2800.927001953125,0,0.0
2019-01-04 00:00:00,2688.7172680780504,2718.92757446095,2611.0336230934518,2714.61181640625,810500,2200192877.1972656
2019-01-07 00:00:00,2852.7166716169836,2874.29546640985,2800.927564114103,2809.55908203125,722900,2031030260.4003906
2019-01-08 00:00:00,2809.5587532651934,2844.0848208936445,2800.927236358081,2813.87451171875,808000,2273610605.46875
2019-01-09 00:00:00,2844.084650348815,2865.6634413226298,2822.505859375,2822.505859375,615400,1736970105.859375
2019-01-10 00:00:00,2770.716653850886,2775.032411878691,2714.6117994894194,2740.50634765625,820200,2247763306.3476562
2019-01-11 00:00:00,2749.137747682171,2818.189873212649,2749.137747682171,2796.611083984375,772400,2160102401.2695312
2019-01-15 00:00:00,2757.76979772056,2848.400730040015,2740.506762993045,2831.1376953125,711100,2013222015.1367188
2019-01-16 00:00:00,2809.55908203125,2826.8221178655435,2775.033010362663,2809.55908203125,481500,1352802697.9980469
2019-01-17 00:00:00,2826.8212124180463,2865.6630306039433,2800.926666960782,2818.189697265625,533100,1502376927.6123047
2019-01-18 00:00:00,2818.1901670233074,2865.6635082748485,2813.8744087277123,2844.084716796875,677700,1927436212.5732422
2019-01-21 00:00:00,2891.5579723011365,2908.821004971591,2831.1373579545457,2848.400390625,592900,1688816591.6015625
2019-01-22 00:00:00,2865.6637968508503,2874.295314311244,2783.664380977106,2792.2958984375,489700,1367387301.4648438
2019-01-23 00:00:00,2736.1905728963534,2787.979668913319,2714.6117828892843,2766.40087890625,679000,1878386196.7773438
2019-01-24 00:00:00,2766.4015313001555,2857.032470703125,2757.770013261778,2857.032470703125,641600,1833072033.203125
2019-01-25 00:00:00,2852.7165520205135,2960.6105214615313,2848.4007932428726,2951.97900390625,966300,2852497311.4746094
2019-01-28 00:00:00,2934.715765090216,2951.978799002511,2878.610904875256,2900.189697265625,531300,1540870786.1572266
2019-01-29 00:00:00,2891.5579723011365,2895.87373046875,2800.92705078125,2848.400390625,551200,1570038295.3125
2019-01-30 00:00:00,2895.8738733660516,2917.4526652689283,2865.663564702024,2878.61083984375,790800,2276405452.1484375
2019-01-31 00:00:00,2926.08417239972,2951.9787225979476,2865.663555270522,2891.55810546875,821100,2374258360.4003906
2019-02-01 00:00:00,2718.927662700688,2848.400408543578,2654.191289779243,2822.505859375,1682200,4748019356.640625
2019-02-04 00:00:00,2891.5580960368684,2995.1362964919203,2882.9265793322807,2904.50537109375,1202600,3492958159.2773438
2019-02-05 00:00:00,2939.031892067716,2947.663410106094,2831.1379165879907,2857.032470703125,973800,2782178219.970703
2019-02-06 00:00:00,2869.9796512821417,2900.189963400901,2835.4535802892738,2874.29541015625,730800,2100535085.7421875
2019-02-07 00:00:00,2852.71626164363,2865.663536658654,2787.9798865685098,2805.242919921875,578600,1623113553.4667969
2019-02-08 00:00:00,2749.138321586277,2753.4540803328805,2654.1916291610055,2680.086181640625,802300,2150233143.5302734
2019-02-12 00:00:00,2718.9276371606334,2865.663414404223,2705.9803626979638,2861.34765625,1208400,3457652507.8125
2019-02-13 00:00:00,2900.189909140969,2964.9262910414373,2891.55839155424,2939.03173828125,932200,2739765386.4257812
2019-02-14 00:00:00,2926.08447265625,2973.5578195577527,2921.7687138470224,2926.08447265625,502700,1470942664.4042969
2019-02-15 00:00:00,2913.1370476516136,2939.0315991862944,2861.3479445822513,2908.8212890625,549700,1598979062.5976562
2019-02-18 00:00:00,2977.8734606365824,2986.50497791379,2943.3473915277527,2969.241943359375,390700,1160082827.2705078
2019-02-19 00:00:00,2960.610331805455,2995.136399814848,2930.4000222972363,2986.5048828125,506300,1512067422.1679688
2019-02-20 00:00:00,3072.820281720093,3085.767558188015,3008.0838993804846,3012.399658203125,831500,2504810315.7958984
2019-02-21 00:00:00,3008.0835618239184,3051.2411452073316,2990.8205284705527,3029.662353515625,613400,1858394887.6464844
2019-02-22 00:00:00,2999.4521097617576,3059.872727800124,2982.18907603651,3051.2412109375,432300,1319051575.4882812
2019-02-25 00:00:00,3094.399084914694,3120.293637926532,3068.5045319028554,3098.71484375,555300,1720716352.734375
2019-02-26 00:00:00,3098.714458481672,3111.661733377835,3042.609600598299,3068.504150390625,556600,1707929410.1074219
2019-02-27 00:00:00,3059.872727800124,3107.3460705445545,3051.2412109375,3051.2412109375,476600,1454221561.1328125
2019-02-28 00:00:00,3038.293794642857,3042.609552873884,2999.4519705636158,3021.03076171875,446600,1349192338.1835938
2019-03-01 00:00:00,3055.5570244208916,3098.7146095115822,3051.2412659118227,3085.767333984375,560900,1730806897.631836
2019-03-04 00:00:00,3128.925038432027,3167.766866495321,3120.293521084628,3141.872314453125,508200,1596699510.2050781
2019-03-05 00:00:00,3103.03072206314,3133.2410350734904,3046.9258550439176,3055.557373046875,487200,1488667552.1484375
2019-03-06 00:00:00,3059.8725675847645,3090.0828750221317,3042.609534763412,3046.92529296875,501600,1528337726.953125
2019-03-07 00:00:00,2986.5049883097627,3021.0310575387775,2956.294677734375,2956.294677734375,639200,1889663558.0078125
2019-03-08 00:00:00,2900.189997146119,2908.8215149947678,2805.243300810978,2835.45361328125,1339400,3797806569.6289062
2019-03-11 00:00:00,2831.1378543569253,2839.7693722055747,2770.717229416381,2835.45361328125,427400,1211872874.3164062
2019-03-12 00:00:00,2848.4007939556545,2865.6638290705373,2818.1904825046095,2852.716552734375,455000,1297986031.4941406
2019-03-13 00:00:00,2852.7161168503353,2852.7161168503353,2770.7167125838355,2775.032470703125,431100,1196316498.1201172
2019-03-14 00:00:00,2818.190385955145,2839.769179109472,2770.717041015625,2770.717041015625,371200,1028490165.625
2019-03-15 00:00:00,2792.295719450968,2826.8217870794188,2753.4538933689605,2813.87451171875,836800,2354650191.40625
2019-03-18 00:00:00,2839.7689585012804,2869.979266570443,2813.8744087277123,2844.084716796875,256800,730360955.2734375
2019-03-19 00:00:00,2865.663723334581,2891.5582750514595,2839.769171617702,2882.9267578125,260700,751579005.7617188
2019-03-20 00:00:00,2869.979736328125,2887.242772336114,2865.6639773261277,2869.979736328125,496600,1425231937.0605469
2019-03-22 00:00:00,2900.189697265625,2913.1369726998464,2869.979387919108,2900.189697265625,537000,1557401867.4316406
2019-03-25 00:00:00,2805.242777538151,2805.242777538151,2740.5064057488094,2775.032470703125,457700,1270132361.8408203
2019-03-26 00:00:00,2818.1904192668635,2857.0322474037725,2800.927384539348,2831.1376953125,430800,1219654119.140625
2019-03-27 00:00:00,2818.030559723707,2844.244797488579,2787.4472823313567,2809.29248046875,620200,1742323196.3867188
2019-03-28 00:00:00,2774.3398464931533,2774.3398464931533,2700.0661813114466,2721.911376953125,635200,1728958106.640625
2019-03-29 00:00:00,2739.387308886097,2756.86346396671,2704.4349987248706,2743.75634765625,754300,2069615413.0371094
2019-04-01 00:00:00,2787.4469393436043,2852.982525691808,2783.077900253724,2804.923095703125,704200,1975226843.9941406
2019-04-02 00:00:00,2870.459085296353,2901.0423632218844,2866.0900455927053,2874.828125,409200,1176379668.75
2019-04-03 00:00:00,2870.458813801122,2966.5776781902005,2866.089774510709,2957.839599609375,530700,1569725475.5126953
2019-04-04 00:00:00,2997.1609485554245,3075.8036556603774,2992.791909271816,3010.26806640625,644800,1941020849.21875
2019-04-05 00:00:00,3014.6370231331166,3058.327414772727,2988.4227881493507,3027.744140625,504500,1527496918.9453125
2019-04-08 00:00:00,3049.589255674042,3062.696372818773,2984.0536699503878,2992.791748046875,476300,1425466709.5947266
2019-04-09 00:00:00,3102.0180387275163,3119.4941966921783,2992.7920514483785,3005.899169921875,772500,2322057108.7646484
2019-04-10 00:00:00,2953.4708205416055,2988.4231379444645,2914.1494634633887,2979.68505859375,300200,894501454.5898438
2019-04-11 00:00:00,2962.2085372653937,2975.3156546869222,2935.994302422337,2953.470458984375,267600,790348694.8242188
2019-04-12 00:00:00,2953.4706436315932,2975.3158406998746,2931.6254465633124,2940.363525390625,414600,1219074717.6269531
2019-04-15 00:00:00,3001.530256970537,3027.7444950226813,2957.8398602169627,2979.68505859375,527800,1572677773.9257812
2019-04-16 00:00:00,2970.9464107705858,2988.4225661280598,2944.732177734375,2944.732177734375,342300,1007981824.4384766
2019-04-17 00:00:00,2975.31591796875,3010.2682341857103,2966.57783891451,2975.31591796875,404900,1204705415.1855469
2019-04-18 00:00:00,3010.267884377872,3032.1130794749542,2962.2084551642924,2970.946533203125,605100,1797719747.241211
2019-04-19 00:00:00,2988.423170497652,3032.1135677271495,2979.6850910517524,3023.37548828125,509500,1540409811.2792969
2019-04-22 00:00:00,3027.743834918478,3036.4819123641305,2997.1605638586957,3014.63671875,389400,1173899538.28125
2019-04-23 00:00:00,3198.136639168249,3206.8747174173427,3071.4345045563923,3163.184326171875,1794600,5676650591.748047
2019-04-24 00:00:00,3163.184492569396,3206.874886113172,3115.125059671242,3128.232177734375,992400,3104457613.1835938
2019-04-25 00:00:00,3141.338746969289,3176.291055697737,3071.4341295123922,3167.552978515625,718600,2276203570.361328
2019-04-26 00:00:00,3355.422133757962,3451.5409969645702,3237.4580743680335,3429.69580078125,2148100,7367329549.658203
2019-05-07 00:00:00,3438.433719851697,3438.433719851697,3298.6244707598867,3307.362548828125,1240900,4104106186.8408203
2019-05-08 00:00:00,3281.1486222374247,3307.3628588997744,3246.196306687625,3268.04150390625,952900,3114116749.0722656
2019-05-09 00:00:00,3224.350950179561,3272.4103816863026,3176.29151867282,3250.565185546875,758800,2466528862.7929688
2019-05-10 00:00:00,3237.458251953125,3316.1009625268853,3193.767857189925,3237.458251953125,991900,3211234840.1123047
2019-05-13 00:00:00,3224.35087391553,3224.35087391553,3132.6010523000473,3163.184326171875,570200,1803647702.7832031
2019-05-14 00:00:00,3045.2204878466187,3145.70839490612,3014.6372117850315,3141.33935546875,928200,2915791189.7460938
2019-05-15 00:00:00,3180.6605579007055,3268.041342458417,3167.553440217049,3250.565185546875,889700,2892027845.5810547
2019-05-16 00:00:00,3250.565292462483,3250.565292462483,3167.5535444022853,3202.505859375,583600,1868982419.53125
2019-05-17 00:00:00,3259.303449334725,3285.517686192645,3228.720173000485,3237.458251953125,485400,1571462235.4980469
2019-05-20 00:00:00,3268.040824879642,3268.040824879642,3158.8148614812585,3176.291015625,452900,1438542200.9765625
2019-05-21 00:00:00,3067.0658756602893,3106.3872330405497,2997.161240317605,3075.803955078125,1208000,3715571177.734375
2019-05-22 00:00:00,3136.9703578549947,3176.2917133155725,3110.7561208812763,3132.601318359375,743600,2329402340.3320312
2019-05-23 00:00:00,3115.1250893197407,3123.8631681116617,3019.006222608613,3045.220458984375,752400,2291223873.3398438
2019-05-24 00:00:00,3001.5296046591216,3088.9103791761263,2992.791527207421,3067.065185546875,622300,1908634664.9658203
2019-05-27 00:00:00,3102.0180005324237,3158.8155132182287,3080.1728033455756,3141.33935546875,571900,1796531977.3925781
2019-05-28 00:00:00,3276.7791955086072,3307.362468000021,3193.7674558890562,3219.981689453125,1111200,3578043653.3203125
2019-05-29 00:00:00,3176.291875027089,3185.029954463202,3093.2801203840154,3150.07763671875,632600,1992739112.9882812
2019-05-30 00:00:00,3136.970498636745,3272.4107290792786,3132.6014589450506,3254.9345703125,812300,2643983351.4648438
2019-05-31 00:00:00,3254.9343561009596,3294.255710738421,3163.18452861355,3171.922607421875,980100,3108801347.5341797
2019-06-03 00:00:00,3110.7559380425346,3163.18440890842,3093.27978108724,3145.708251953125,665900,2094727124.975586
2019-06-04 00:00:00,3136.970292188576,3176.2916468260373,3123.863173976089,3171.922607421875,490900,1557096807.9833984
2019-06-05 00:00:00,3241.826884089849,3259.3030397992284,3206.8745726710904,3219.981689453125,629500,2026978473.5107422
2019-06-06 00:00:00,3189.3987286956617,3211.2439254675496,3128.232177734375,3128.232177734375,469200,1467766537.7929688
2019-06-07 00:00:00,3171.922618922443,3246.1962890625,3158.815500662433,3246.1962890625,470400,1527010734.375
2019-06-10 00:00:00,3281.1484562303654,3316.1007700117807,3254.934220894304,3302.99365234375,657600,2172048625.78125
2019-06-11 00:00:00,3316.1009312679894,3333.5770890085323,3298.6247735274465,3320.469970703125,372000,1235214829.1015625
2019-06-12 00:00:00,3285.5172115867963,3324.8385611935532,3246.1958619800394,3259.302978515625,549400,1790661056.3964844
2019-06-13 00:00:00,3224.351056232947,3233.0891349761255,3150.077386915928,3202.505859375,522700,1673949812.6953125
2019-06-14 00:00:00,3202.505918751592,3241.8272738249407,3185.029760941215,3215.613037109375,478600,1538992399.5605469
2019-06-17 00:00:00,3206.87485716943,3224.351014429209,3158.815424705038,3211.243896484375,445900,1431893653.4423828
2019-06-18 00:00:00,3211.243962059336,3233.089159080148,3154.4464498052253,3171.922607421875,521000,1652571678.4667969
2019-06-19 00:00:00,3276.779943815277,3333.5774628414083,3263.6728240400157,3294.256103515625,606200,1996978049.9511719
2019-06-20 00:00:00,3311.7318983434993,3316.100937787224,3241.8272672439,3268.04150390625,491900,1607549615.7714844
2019-06-21 00:00:00,3263.672434909284,3268.041474313447,3128.2322133802513,3171.922607421875,1162300,3686725646.6064453
2019-06-24 00:00:00,3163.1847880685705,3211.2442254563525,3141.3395892559424,3193.76806640625,476800,1522788614.0625
2019-06-25 00:00:00,3198.136494816401,3228.7197673078144,3167.553222324987,3219.981689453125,691400,2226295340.0878906
2019-06-26 00:00:00,3167.553592092968,3198.136868154555,3128.232237156641,3141.33935546875,567800,1783652486.0351562
2019-06-27 00:00:00,3202.505871419271,3298.624737955729,3193.7677926432293,3276.779541015625,938600,3075585277.1972656
2019-06-28 00:00:00,3241.827249642497,3281.148604422527,3206.87493428247,3246.1962890625,740900,2405106830.5664062
2019-07-01 00:00:00,3364.160459451811,3394.7437363559184,3302.9939056435965,3377.267578125,842300,2844672481.0546875
2019-07-02 00:00:00,3416.5889512873555,3420.957990867007,3364.1604763315395,3399.11279296875,601100,2043206699.8535156
2019-07-03 00:00:00,3355.4219782034347,3359.7910172375537,3268.0411975210536,3307.362548828125,879000,2907171680.419922
2019-07-04 00:00:00,3333.5768027318118,3342.3148808516858,3316.1006464920647,3329.207763671875,459100,1528439284.3017578
2019-07-05 00:00:00,3320.469970703125,3329.2080495733967,3302.9938129625825,3320.469970703125,311600,1034658442.8710938
2019-07-08 00:00:00,3294.2560026819806,3298.625042473336,3272.4108037252036,3289.886962890625,421700,1387345332.2509766
2019-07-09 00:00:00,3289.886683262534,3298.6247621025404,3215.613013122477,3246.1962890625,639900,2077241005.3710938
2019-07-10 00:00:00,3202.505977646101,3233.0892543766913,3193.767898580218,3228.72021484375,537700,1736082859.5214844
2019-07-11 00:00:00,3254.9338570778286,3263.671934546494,3215.6125084688347,3224.3505859375,522800,1685690486.328125
2019-07-12 00:00:00,3224.351285494291,3224.351285494291,3150.077610896184,3180.660888671875,717200,2281169989.3554688
2019-07-16 00:00:00,3150.076824151401,3198.1362486530174,3150.076824151401,3167.552978515625,400300,1267971457.2998047
2019-07-17 00:00:00,3145.7085970006933,3167.5537955909763,3132.601477846524,3150.07763671875,627400,1976358709.2773438
2019-07-18 00:00:00,3110.756239305656,3110.756239305656,3014.6373667428406,3032.113525390625,889800,2697974614.892578
2019-07-19 00:00:00,3032.112875740073,3071.4342242727253,3027.7438370142227,3067.065185546875,814700,2498738006.665039
2019-07-22 00:00:00,3067.065531094417,3075.8036095305833,3010.268021259335,3071.4345703125,823500,2529326368.6523438
2019-07-23 00:00:00,3102.0173996497847,3189.3981714709053,3093.2793224676725,3167.552978515625,915200,2898944485.9375
2019-07-24 00:00:00,3228.7200305866745,3250.565227004717,3202.5057948850235,3241.8271484375,736500,2387605694.8242188
2019-07-25 00:00:00,3206.8742853765475,3215.612362448418,3115.124476121905,3176.291015625,935000,2969832099.609375
2019-07-26 00:00:00,2931.625359301297,3010.26806640625,2852.9826521963446,3010.26806640625,2457800,7398636853.613281
2019-07-29 00:00:00,3040.8515108755505,3084.541906146751,2962.2087993873897,2975.31591796875,1350500,4018164147.216797
2019-07-30 00:00:00,2962.208722458906,3014.63719542278,2914.1492889086876,2940.363525390625,911100,2678965207.9833984
2019-07-31 00:00:00,2918.5183283223437,2966.577761872562,2909.7802494950315,2940.363525390625,783400,2303480785.7910156
2019-08-01 00:00:00,2905.411775550064,3005.8997016217204,2905.411775550064,2997.16162109375,755000,2262857023.9257812
2019-08-02 00:00:00,2892.3039778148855,2909.7801347805344,2831.1374284351145,2861.720703125,941700,2694882386.1328125
2019-08-05 00:00:00,2818.030296014768,2822.3993352333955,2739.3875900794724,2787.447021484375,911200,2539921725.9765625
2019-08-06 00:00:00,2656.375709115806,2796.1849569640062,2647.6376311252934,2791.81591796875,656500,1832827150.1464844
2019-08-07 00:00:00,2804.923056300682,2804.923056300682,2739.3874708730964,2761.232666015625,763200,2107372770.703125
2019-08-08 00:00:00,2761.2328503825515,2791.8161256241306,2726.280535820747,2748.125732421875,715700,1966833586.694336
2019-08-09 00:00:00,2778.708885621489,2778.708885621489,2708.804259568118,2721.911376953125,575100,1565371232.8857422
2019-08-13 00:00:00,2708.8045443966384,2717.5426235721116,2660.745108931537,2713.173583984375,619400,1680539717.9199219
2019-08-14 00:00:00,2774.339968343228,2791.8161256241306,2748.125732421875,2748.125732421875,669800,1840694615.5761719
2019-08-15 00:00:00,2656.3759527439024,2704.4353860994665,2647.6378739519814,2686.959228515625,567900,1525924145.8740234
2019-08-16 00:00:00,2656.3758708602586,2717.5424205182253,2638.8997138151253,2704.435302734375,716100,1936646120.288086
2019-08-19 00:00:00,2721.911111479824,2730.649188884254,2700.06591796875,2700.06591796875,662300,1788253657.4707031
2019-08-20 00:00:00,2700.06591796875,2700.06591796875,2669.482647053246,2700.06591796875,715600,1932167170.8984375
2019-08-21 00:00:00,2647.6376738058216,2695.6971035283696,2638.8995956744493,2678.220947265625,410600,1099677520.9472656
2019-08-22 00:00:00,2700.065874601665,2700.065874601665,2638.899333753084,2656.37548828125,399200,1060425094.921875
2019-08-23 00:00:00,2647.6376738058216,2700.0661425940557,2643.2686347401354,2678.220947265625,446900,1196896941.3330078
2019-08-26 00:00:00,2587.3453759036847,2638.9000456700874,2572.490640547264,2634.531005859375,995300,2622148710.131836
2019-08-27 00:00:00,2638.8999191810344,2700.0664735991377,2630.161839978448,2660.7451171875,624200,1660837102.1484375
2019-08-28 00:00:00,2643.2687590459136,2652.0068375882142,2578.6069778328897,2584.7236328125,1073800,2775476236.9140625
2019-08-29 00:00:00,2605.6951846828047,2630.1618061352256,2596.0832976836396,2617.0546875,655600,1715741053.125
2019-08-30 00:00:00,2656.375528568482,2691.3278381549094,2643.2684124735715,2647.637451171875,789300,2089780240.209961
2019-09-02 00:00:00,2665.1138300685666,2695.6971035283696,2647.6376738058216,2678.220947265625,491300,1315809951.3916016
2019-09-03 00:00:00,2691.328184950525,2743.756656085925,2686.9591456892417,2704.435302734375,623800,1687026741.8457031
2019-09-04 00:00:00,2682.589986331311,2708.804220725428,2669.4828691342527,2678.220947265625,478600,1281796545.3613281
2019-09-05 00:00:00,2686.9596029165837,2774.3404030114316,2686.9596029165837,2735.01904296875,742600,2031025141.3085938
2019-09-06 00:00:00,2765.6017050441305,2783.0778611581536,2735.0184318445904,2761.232666015625,582600,1608694151.2207031
2019-09-09 00:00:00,2739.3876308225235,2778.708984375,2730.649552255307,2778.708984375,363200,1009227103.125
2019-09-10 00:00:00,2813.6614533406823,2870.4589671503545,2809.2924138168614,2848.61376953125,732300,2086039863.4277344
2019-09-11 00:00:00,2909.7803325567547,2949.101688402116,2870.458976711393,2922.887451171875,959000,2803049065.673828
2019-09-12 00:00:00,3005.8990686408297,3032.113304704558,2944.732517825464,3001.530029296875,1159200,3479373609.9609375
2019-09-13 00:00:00,3019.0068224136753,3019.0068224136753,2949.1021781899144,2997.16162109375,876700,2627611593.2128906
2019-09-17 00:00:00,3010.268511936392,3032.1137115875995,2988.4233122851847,3019.006591796875,606900,1832235100.5615234
2019-09-18 00:00:00,2992.7917283002066,3010.267884377872,2966.5774941837085,2970.946533203125,736000,2186616648.4375
2019-09-19 00:00:00,2970.946759259259,3001.530034722222,2940.3634837962964,2949.1015625,737300,2174372582.03125
2019-09-20 00:00:00,2935.9946711753732,2957.8398696216186,2914.149472729128,2927.256591796875,636000,1861735192.3828125
2019-09-24 00:00:00,2922.887451171875,2953.4707279404897,2909.7803325567547,2922.887451171875,598400,1749055850.78125
2019-09-25 00:00:00,2883.565653696589,2927.2560423889618,2870.458537088877,2914.14892578125,565100,1646785557.9589844
2019-09-26 00:00:00,2970.9470909789493,2997.161330016999,2918.5186129028502,2931.625732421875,678800,1989987547.1679688
2019-09-27 00:00:00,2953.7343852641707,2962.577901387716,2913.938562708216,2944.890869140625,719800,2119732447.6074219
2019-09-30 00:00:00,2900.672950548412,2936.047010920953,2887.4076779087086,2922.78173828125,683200,1996844483.59375
2019-10-01 00:00:00,2927.203691144281,2993.530058768396,2927.203691144281,2966.99951171875,452200,1341677179.1992188
2019-10-02 00:00:00,2887.408378979676,2944.8912410420585,2887.408378979676,2940.469482421875,624700,1836911285.6689453
2019-10-03 00:00:00,2838.7685060091544,2887.407841781897,2825.5032326165883,2882.986083984375,583300,1681645782.788086
2019-10-04 00:00:00,2874.1424420343606,2900.6729876531394,2865.2989268281012,2887.40771484375,428400,1236965465.0390625
2019-10-07 00:00:00,2874.142451366887,2913.938269924275,2869.7206937493997,2878.564208984375,356400,1025920284.0820312
2019-10-08 00:00:00,2878.5643261868527,2931.6254197571175,2869.720810591809,2882.986083984375,530800,1530289013.3789062
2019-10-09 00:00:00,2821.0818599364857,2869.721202349184,2812.2383431341773,2860.877685546875,646500,1849557423.7060547
2019-10-10 00:00:00,2869.7208203125,2878.5643359375,2816.6597265625,2874.142578125,489800,1407755034.765625
2019-10-11 00:00:00,2918.3600978332706,2940.4688864532195,2896.2513092133213,2927.20361328125,609800,1785008763.3789062
2019-10-15 00:00:00,3006.795066550926,3020.0603389033568,2975.8427643952546,2984.686279296875,568600,1697092618.4082031
2019-10-16 00:00:00,3037.74748816857,3046.5910034179688,2980.264639047476,2989.108154296875,573100,1713057883.227539
2019-10-17 00:00:00,2975.842488189742,3024.481815634151,2966.9989741089407,3020.06005859375,508500,1535700539.7949219
2019-10-18 00:00:00,3002.37353515625,3024.482324074926,2984.686504021309,3002.37353515625,481000,1444141670.4101562
2019-10-21 00:00:00,3024.482096354167,3024.482096354167,2980.264521846065,2984.686279296875,306700,915403281.8603516
2019-10-23 00:00:00,2989.1081263746337,3020.0604294583945,2971.421096041056,3015.638671875,413700,1247569718.5546875
2019-10-24 00:00:00,3033.3258104755932,3051.0128414404653,2997.9517485458487,3028.904052734375,561300,1700123844.7998047
2019-10-25 00:00:00,3042.169933263484,3042.169933263484,3011.2176228959775,3033.326416015625,371100,1125667432.9833984
2019-10-28 00:00:00,3051.0128317753824,3068.699862684225,3033.3258008665393,3037.74755859375,474400,1441107441.796875
2019-10-29 00:00:00,3086.386826715184,3112.917372503566,3051.012765664007,3099.652099609375,799200,2477241958.0078125
2019-10-30 00:00:00,3121.7608063978955,3135.0260789463287,3046.590928623442,3059.856201171875,1009000,3087394906.982422
2019-10-31 00:00:00,3037.7476461888737,3081.9652247360186,3015.638856915301,3068.699951171875,767200,2354306602.5390625
2019-11-01 00:00:00,2865.2989408052886,3006.7951847956733,2865.2989408052886,2989.108154296875,1665800,4979256363.427734
2019-11-05 00:00:00,3104.0740955994193,3143.869917337873,2993.5301463259357,2997.951904296875,1286000,3855366148.9257812
2019-11-06 00:00:00,3028.904091681476,3046.591122873777,2984.686513700725,2993.530029296875,517600,1549451143.1640625
2019-11-07 00:00:00,2993.5296848842077,3002.3731994628906,2962.577383858817,2971.4208984375,557500,1656567150.8789062
2019-11-08 00:00:00,2993.5301620199616,3130.6046598377147,2980.2648880375987,3090.808837890625,1168300,3610991965.307617
2019-11-11 00:00:00,3135.026151176876,3139.447908794897,3077.5433021426034,3108.49560546875,890900,2769358734.9121094
2019-11-12 00:00:00,3112.917372503566,3130.6044030291546,3077.5433114523894,3099.652099609375,634400,1966419291.9921875
2019-11-13 00:00:00,3099.652256154877,3108.495771864306,3064.2781933171605,3068.699951171875,608400,1866997050.2929688
2019-11-14 00:00:00,3051.0128609409417,3055.434618710421,2993.5300099377064,3011.217041015625,557000,1677247891.8457031
2019-11-15 00:00:00,3020.060991345197,3055.43505859375,2997.952199314852,3055.43505859375,520800,1591270578.515625
2019-11-18 00:00:00,3015.6389361806323,3020.0606941515716,2962.57784052936,2997.951904296875,626100,1877017687.2802734
2019-11-19 00:00:00,2953.733802992223,2953.733802992223,2905.094473901034,2913.93798828125,664600,1936603187.0117188
2019-11-20 00:00:00,2891.8294354552763,2944.8905260140887,2878.564162815573,2922.78173828125,729200,2131292443.5546875
2019-11-21 00:00:00,2896.251357376941,2909.516630769507,2852.0337794017205,2882.986083984375,573400,1653104220.5566406
2019-11-22 00:00:00,2909.516698776866,2966.9995514882635,2900.673182975113,2931.62548828125,579300,1698290645.3613281
2019-11-25 00:00:00,2966.999463320829,3015.638798785105,2962.577705551349,3011.217041015625,670400,2018719904.296875
2019-11-26 00:00:00,3042.169154054559,3046.5909115459176,2958.15576171875,2958.15576171875,1108100,3277932399.560547
2019-11-27 00:00:00,2975.8427643952546,2997.9515516493057,2958.155734592014,2984.686279296875,421500,1258045266.7236328
2019-11-28 00:00:00,2971.421259751114,3002.3735645401885,2962.5777440970933,2975.843017578125,510300,1518572691.8701172
2019-11-29 00:00:00,2997.9514334024943,3011.216705231709,2975.84264702047,2980.264404296875,557800,1662391484.7167969
2019-12-02 00:00:00,3011.217021769503,3046.5910836992475,3011.217021769503,3028.904052734375,502100,1520812724.8779297
2019-12-03 00:00:00,2962.577705551349,3020.0605565545843,2958.1559477818696,3011.217041015625,449000,1352036451.4160156
2019-12-04 00:00:00,2971.42093373494,2980.264448418675,2927.203360316265,2936.046875,632400,1856756043.75
2019-12-05 00:00:00,2953.734004227392,2971.421034192825,2927.2034592792415,2958.15576171875,500100,1479373696.4355469
2019-12-06 00:00:00,2958.1565169026085,2958.1565169026085,2936.047723801692,2940.469482421875,394000,1158544976.0742188
2019-12-09 00:00:00,3002.37353515625,3011.2170507237206,2966.9994728863676,3002.37353515625,521300,1565137323.8769531
2019-12-10 00:00:00,2966.9991411481587,2989.1079275948664,2949.3121119907923,2971.4208984375,423500,1258396750.4882812
2019-12-11 00:00:00,2984.686068830819,2984.686068830819,2936.046740301724,2949.31201171875,415800,1226323934.4726562
2019-12-12 00:00:00,2949.3129996622415,2962.5782755227915,2931.6259651815085,2940.469482421875,421500,1239407886.8408203
2019-12-13 00:00:00,3033.3261089160997,3095.230723383775,3024.4825925635746,3086.38720703125,1274000,3932057301.7578125
2019-12-16 00:00:00,3081.964607688849,3095.229878597122,3059.8558228417264,3073.12109375,565100,1736620730.078125
2019-12-17 00:00:00,3059.856201171875,3081.9649887525966,3042.1691711072976,3059.856201171875,647700,1981868861.4990234
2019-12-18 00:00:00,3059.8565158900255,3059.8565158900255,2989.1083883549964,2997.951904296875,443800,1330491055.1269531
2019-12-19 00:00:00,3020.06005859375,3037.7470867553534,2993.529516351345,3020.06005859375,398400,1203191927.34375
2019-12-20 00:00:00,2984.686513700725,3002.373544893025,2962.577724710349,2993.530029296875,706100,2113731553.6865234
2019-12-23 00:00:00,3006.794947955304,3015.6384625081137,2971.4208897440653,2980.264404296875,273100,813910208.8134766
2019-12-24 00:00:00,3006.7951567082114,3033.3257022085777,2993.529883958028,3015.638671875,297000,895644685.546875
2019-12-25 00:00:00,3020.0606941515716,3020.0606941515716,2993.5301463259357,2997.951904296875,256500,768974663.4521484
2019-12-26 00:00:00,2971.421096041056,3015.638671875,2971.421096041056,3015.638671875,205700,620316874.8046875
2019-12-27 00:00:00,3033.3258396423967,3046.5911129936026,2997.9517773725147,3002.37353515625,332000,996788013.671875
2019-12-30 00:00:00,2975.8427916841833,2975.8427916841833,2940.4687317533167,2958.15576171875,342500,1013168348.3886719
2020-01-06 00:00:00,2896.25146484375,2905.094980766937,2856.4556431894084,2896.25146484375,576400,1669399344.3359375
2020-01-07 00:00:00,2905.094573606928,2944.890389683735,2905.094573606928,2936.046875,379700,1114816998.4375
2020-01-08 00:00:00,2847.611563951238,2878.563863559404,2807.8157501693113,2856.455078125,891500,2546529702.1484375
2020-01-09 00:00:00,2913.938562708216,2949.312627202398,2909.5168046464432,2944.890869140625,509900,1501599854.1748047
2020-01-10 00:00:00,2971.4214071856286,2971.4214071856286,2931.625584767964,2953.734375,411100,1214280201.5625
2020-01-14 00:00:00,2953.7343852641707,2966.9996594494887,2931.625594955307,2944.890869140625,381400,1123181377.4902344
2020-01-15 00:00:00,2940.468964669104,2989.1083009267886,2931.625448985889,2966.99951171875,593400,1760617510.2539062
2020-01-16 00:00:00,3064.278154066077,3073.1216696622278,2971.4212403064994,2993.530029296875,940900,2816612404.5654297
2020-01-17 00:00:00,3077.5432473776227,3170.4001557036713,3077.5432473776227,3161.556640625,1791600,5664244877.34375
2020-01-20 00:00:00,3241.147982893319,3241.147982893319,3179.2433829471984,3205.77392578125,750200,2404971599.1210938
2020-01-21 00:00:00,3205.774679197187,3227.883470088202,3183.6658883061723,3188.087646484375,511100,1629431596.118164
2020-01-22 00:00:00,3174.822119073089,3196.930908203125,3165.978603421075,3196.930908203125,486300,1554667500.6591797
2020-01-23 00:00:00,3157.1351568009522,3161.5569147236424,3117.3393354967384,3135.0263671875,670900,2103289189.7460938
2020-01-24 00:00:00,3086.386826715184,3099.652099609375,2997.9516740872414,3099.652099609375,1491100,4621891245.727539
2020-01-27 00:00:00,3042.169015066964,3042.169015066964,2971.4208984375,2971.4208984375,956200,2841272663.0859375
2020-01-28 00:00:00,2940.4687871599126,2949.3123023092658,2891.8294538384703,2905.0947265625,1063000,3088115694.3359375
2020-01-29 00:00:00,2949.3123023092658,2953.7340598839423,2874.142423539764,2905.0947265625,939500,2729336495.6054688
2020-01-30 00:00:00,2874.1425183354595,2896.2513069380398,2781.285606204621,2816.65966796875,1044900,2943127687.060547
2020-01-31 00:00:00,2940.4689058344416,2984.6864833657864,2896.2513283030967,2909.5166015625,1519000,4419555717.7734375
2020-02-03 00:00:00,2874.1427301646704,2980.264923278443,2874.1427301646704,2953.734375,1196400,3533847806.25
2020-02-04 00:00:00,2971.421123798077,3015.6387000450723,2949.3123356745796,2989.108154296875,990200,2959814894.3847656
2020-02-05 00:00:00,3081.9652247360186,3090.8087404454477,3051.0129197530173,3068.699951171875,1086300,3333528756.958008
2020-02-06 00:00:00,3108.495646837023,3210.196073404948,3104.0738891601563,3183.66552734375,1283800,4087189804.0039062
2020-02-07 00:00:00,3157.1353496609877,3201.3529315890123,3126.18304231137,3179.244140625,561800,1786099358.203125
2020-02-10 00:00:00,3121.761093419429,3161.5569147236424,3117.3393354967384,3135.0263671875,499500,1565945670.4101562
2020-02-12 00:00:00,3157.134819878472,3165.9783347800926,3077.543185763889,3104.07373046875,866200,2688748665.3320312
2020-02-13 00:00:00,3108.4955338494624,3108.4955338494624,3042.1691711072976,3059.856201171875,680900,2083456087.3779297
2020-02-14 00:00:00,3024.4827497512665,3064.278575405888,3015.6392329391283,3055.43505859375,481200,1470275350.1953125
2020-02-17 00:00:00,3006.794879415761,3064.2777226987096,2997.951365064538,3051.012451171875,328500,1002257590.2099609
2020-02-18 00:00:00,3046.5911031714622,3051.0128609409417,3002.3735254766657,3011.217041015625,466600,1405033871.3378906
2020-02-19 00:00:00,2997.9512733917463,3028.903572674552,2953.733702987738,3020.06005859375,504700,1524224311.5722656
2020-02-20 00:00:00,3059.8563962680023,3081.965185258378,2993.530029296875,2993.530029296875,573900,1717986883.8134766
2020-02-21 00:00:00,2980.264785243573,3002.3735744516116,2953.734238193927,2966.99951171875,848300,2516905685.7910156
2020-02-25 00:00:00,2829.925048828125,2865.2991119384765,2821.081533050537,2829.925048828125,1078200,3051225187.6464844
2020-02-26 00:00:00,2790.12903297061,2798.9725481305804,2714.959154110863,2785.707275390625,1146600,3194091961.9628906
2020-02-27 00:00:00,2750.333398754052,2754.755156629862,2684.0070306168964,2728.224609375,1020000,2782789101.5625
2020-02-28 00:00:00,2634.483120102356,2645.9796896093485,2565.503703060401,2620.33349609375,1516100,3972687613.4277344
2020-03-02 00:00:00,2585.8438394384716,2639.789282053296,2546.932372634336,2616.796142578125,1529400,4002128020.4589844
2020-03-03 00:00:00,2661.897760780112,2688.428303246359,2549.585131006333,2550.469482421875,1152000,2938140843.75
2020-03-04 00:00:00,2507.136731760629,2553.1230139657623,2503.5993254371574,2538.973388671875,650400,1651348291.9921875
2020-03-05 00:00:00,2583.19081397341,2583.19081397341,2491.2182550370067,2520.40185546875,956500,2410764374.7558594
2020-03-06 00:00:00,2445.2318441181283,2449.653601521597,2338.2253149541884,2364.755859375,1636300,3869450012.6953125
2020-03-09 00:00:00,2281.627082669005,2286.933192163584,2137.47777473294,2166.661376953125,1190800,2580060367.6757812
2020-03-10 00:00:00,2130.402695135363,2258.633658520431,2076.457255366473,2242.71533203125,1417800,3179721797.7539062
2020-03-11 00:00:00,2217.0694817604103,2260.402710562269,2149.858759537119,2154.280517578125,894300,1926573066.8701172
2020-03-12 00:00:00,2085.3005039114746,2120.674558261118,1968.5661245576516,1983.60009765625,1655000,3282858161.6210938
2020-03-13 00:00:00,1806.7302738708183,1991.5597536745388,1805.84592229281,1893.396728515625,1672600,3166895368.1152344
2020-03-16 00:00:00,1908.4305957031252,1953.5325235904556,1828.8389582548946,1835.0294189453125,1019800,1871363001.4404297
2020-03-17 00:00:00,1792.5807945269937,1884.5533661258135,1733.3292339777543,1826.1861572265625,1238900,2262462030.1879883
2020-03-18 00:00:00,1848.294803238285,1911.083765453557,1814.6894431794071,1823.532958984375,1187400,2165263035.498047
2020-03-19 00:00:00,1871.2877888060389,1889.8591704529797,1793.4648561902868,1804.96142578125,1429400,2580011862.0117188
2020-03-23 00:00:00,1777.5466163917824,1819.9954908130787,1739.5194997227045,1790.8118896484375,1158700,2075013736.5356445
2020-03-24 00:00:00,1864.2128987856893,1912.8522296363597,1791.6960782446902,1904.89306640625,1021600,1946038756.640625
2020-03-25 00:00:00,2125.981257040426,2186.1171661414032,2043.7365578287956,2183.464111328125,1352100,2952261824.926758
2020-03-26 00:00:00,2180.810716892671,2222.37523582777,2128.63398035712,2181.695068359375,1435300,3131386931.616211
2020-03-27 00:00:00,2313.46333854773,2339.109529991875,2190.538489901654,2278.9736328125,875200,1994557723.4375
2020-03-30 00:00:00,2200.822690584474,2224.178359953942,2088.5358186158783,2181.95849609375,880400,1920996259.9609375
2020-03-31 00:00:00,2199.0257774219067,2276.2791339816636,2152.314445548566,2199.924072265625,1120600,2465234915.3808594
2020-04-01 00:00:00,2156.8057274661846,2231.364192847148,2083.1455568488473,2106.501220703125,783400,1650233056.2988281
2020-04-02 00:00:00,2061.5865999823855,2074.1627273896856,2004.9940266495357,2031.94287109375,870900,1769619046.4355469
2020-04-03 00:00:00,2057.095309552541,2088.53563087758,1997.8078464824678,2023.8583984375,589000,1192052596.6796875
2020-04-06 00:00:00,1998.7056299583198,2114.585641762645,1973.5533793341253,2091.22998046875,579900,1212704265.6738281
2020-04-07 00:00:00,2195.4326143766702,2235.8558826446533,2122.6707314943014,2184.653076171875,712400,1556346851.4648438
2020-04-08 00:00:00,2197.2290260127083,2288.855093328038,2162.195529686259,2261.90625,859200,1943429850.0
2020-04-09 00:00:00,2259.2114154404812,2290.6517333491956,2192.737600433485,2226.872802734375,607500,1352825227.6611328
2020-04-10 00:00:00,2271.787447115865,2278.075510433307,2185.5511501909446,2249.330078125,463800,1043239290.234375
2020-04-13 00:00:00,2221.4834750266955,2221.4834750266955,2170.280661409016,2181.95849609375,437600,954825037.890625
2020-04-14 00:00:00,2172.975128089292,2283.4653888395947,2163.093885257964,2269.990966796875,647500,1469819151.0009766
2020-04-15 00:00:00,2231.364444215186,2254.7201107005303,2198.1275342168115,2244.8388671875,611300,1372269999.5117188
2020-04-16 00:00:00,2165.7884692173807,2208.906613772517,2139.7379235486524,2203.516845703125,823600,1814816474.1210938
2020-04-17 00:00:00,2262.804722991809,2281.6689148071437,2204.4155578491063,2243.042236328125,542100,1215953196.3134766
2020-04-20 00:00:00,2198.127685546875,2219.6867637868113,2174.7720174536103,2198.127685546875,651500,1432080187.133789
2020-04-21 00:00:00,2136.1448892149942,2198.127226202309,2126.263647086582,2167.585205078125,1382800,2997336821.5820312
2020-04-22 00:00:00,2126.263776800029,2158.6023893749343,2100.2132277813553,2136.14501953125,1401500,2993807244.873047
2020-04-23 00:00:00,2124.467501560425,2198.127685546875,2124.467501560425,2198.127685546875,1237600,2720402823.6328125
2020-04-24 00:00:00,2163.992694143087,2163.992694143087,2108.2984031356687,2137.942138671875,962000,2056700337.4023438
2020-04-27 00:00:00,2157.7040850505737,2231.3642578125,2139.7381892549815,2231.3642578125,744600,1661473826.3671875
2020-04-28 00:00:00,2237.652340303077,2246.6352882769957,2206.2120223943625,2226.872802734375,482700,1074911501.8798828
2020-04-30 00:00:00,2307.7196291509554,2356.227554403642,2297.8383851180006,2330.177001953125,976200,2274718789.3066406
2020-05-01 00:00:00,2303.2281117520592,2317.600830078125,2262.804841459999,2317.600830078125,873200,2023729044.8242188
2020-05-07 00:00:00,2271.7877018485483,2304.1263168214814,2250.2286251999262,2281.6689453125,851900,1943753774.5117188
2020-05-08 00:00:00,2353.532323780174,2402.0402419038874,2333.769838618661,2400.24365234375,788200,1891872046.7773438
2020-05-11 00:00:00,2445.158216403134,2491.8695416246487,2427.1923220871668,2477.496826171875,619200,1534066034.765625
2020-05-12 00:00:00,2501.751003926929,2501.751003926929,2449.649905820013,2460.429443359375,686000,1687854598.1445312
2020-05-13 00:00:00,2415.5145792964545,2518.818475398757,2407.4299265580134,2502.649169921875,746100,1867226545.678711
2020-05-14 00:00:00,2462.2262146388975,2467.615983806294,2360.7188953195996,2372.396728515625,596900,1416083607.2509766
2020-05-15 00:00:00,2452.344776098279,2473.005556263209,2382.277782495471,2417.311279296875,495300,1197294276.6357422
2020-05-18 00:00:00,2420.0060581491953,2433.480479408378,2400.2435736357274,2407.429931640625,338500,814915031.8603516
2020-05-19 00:00:00,2526.0051156470468,2549.360781723442,2481.0903731924404,2482.886962890625,664700,1650374964.2333984
2020-05-20 00:00:00,2512.53065425815,2514.327243928696,2479.293745353055,2491.869873046875,397000,989272339.5996094
2020-05-21 00:00:00,2508.937885429772,2526.9037850748114,2485.5822158912206,2499.056640625,492000,1229535867.1875
2020-05-22 00:00:00,2488.276826461943,2491.87000599474,2435.2774283531867,2449.650146484375,389400,953893767.0410156
2020-05-25 00:00:00,2494.564453125,2511.6320529123154,2476.5985586120364,2494.564453125,354700,884822011.5234375
2020-05-26 00:00:00,2522.41190506473,2601.461850807499,2511.6323670088977,2593.377197265625,651400,1689325906.2988281
2020-05-27 00:00:00,2638.292040933561,2684.1050794380253,2614.9363742450105,2672.42724609375,769900,2057501736.7675781
2020-05-28 00:00:00,2748.782076940898,2775.7309208324755,2693.087799564971,2726.32470703125,788600,2149979663.9648438
2020-05-29 00:00:00,2648.1730137010463,2703.867290108599,2586.190673828125,2586.190673828125,1354000,3501702172.3632812
2020-06-01 00:00:00,2541.276413001123,2605.0553544373474,2514.3275645069434,2575.41162109375,1295200,3335673131.640625
2020-06-02 00:00:00,2605.952922402925,2687.697740030869,2594.275091313219,2655.359130859375,1013100,2690144335.473633
2020-06-03 00:00:00,2721.833631136335,2735.3080550528516,2646.3768572038425,2679.61376953125,930800,2494184496.6796875
2020-06-04 00:00:00,2744.290751351607,2744.290751351607,2624.8175369719793,2668.833984375,554100,1478800910.7421875
2020-06-05 00:00:00,2668.834041381235,2735.307861328125,2658.952797875616,2735.307861328125,775200,2120410654.1015625
2020-06-08 00:00:00,2784.7140346429287,2802.679931640625,2735.3078178992637,2802.679931640625,833700,2336594259.008789
2020-06-09 00:00:00,2784.714039804112,2784.714039804112,2717.3419259378834,2744.290771484375,990400,2717945580.078125
2020-06-10 00:00:00,2730.816348711129,2780.2225655463635,2721.8334001956323,2744.290771484375,836200,2294775943.1152344
2020-06-11 00:00:00,2661.6473584472824,2661.6473584472824,2603.2581993858334,2604.156494140625,966500,2516917251.586914
2020-06-12 00:00:00,2462.2261180985447,2561.0385489598507,2452.344875012414,2543.970947265625,1139700,2899363688.598633
2020-06-15 00:00:00,2494.564431110111,2531.3945145366556,2438.870158611434,2440.666748046875,649300,1584724919.506836
2020-06-16 00:00:00,2530.4962561772327,2646.3762764281605,2530.4962561772327,2632.90185546875,910400,2396993849.21875
2020-06-17 00:00:00,2609.5463229016045,2625.7156288610636,2578.1060057582117,2601.461669921875,668800,1739857564.84375
2020-06-18 00:00:00,2569.122871629317,2614.037607147312,2549.3603880013993,2587.987060546875,445300,1152430638.0615234
2020-06-19 00:00:00,2614.9365074794628,2614.9365074794628,2528.7001953125,2528.7001953125,1006400,2544883876.5625
2020-06-22 00:00:00,2526.005126953125,2552.9539725465083,2504.4460504784183,2526.005126953125,477400,1205914847.6074219
2020-06-23 00:00:00,2570.021503437801,2604.156706908838,2543.0726585922457,2565.530029296875,675100,1731989322.7783203
2020-06-24 00:00:00,2599.6648410970274,2641.884691660801,2582.5972419329487,2612.240966796875,725200,1894397149.1210938
2020-06-25 00:00:00,2567.3267834199874,2588.885860677538,2537.683052190855,2572.716552734375,526600,1354792536.6699219
2020-06-26 00:00:00,2642.7832407619585,2654.4610728931298,2614.0378078236913,2633.80029296875,664400,1749896914.6484375
2020-06-29 00:00:00,2614.9360538910605,2630.207064855041,2588.8855057760347,2610.444580078125,588600,1536507679.8339844
2020-06-30 00:00:00,2712.8504877505093,2735.307859337848,2635.5971294900646,2644.580078125,892900,2361345551.7578125
2020-07-01 00:00:00,2659.8512278871876,2672.4273566242427,2597.8688791117006,2613.139892578125,656700,1716048967.4560547
2020-07-02 00:00:00,2599.665076482494,2654.4610577075914,2579.9025914504914,2649.0712890625,789700,2091971596.9726562
2020-07-03 00:00:00,2662.545521506747,2663.443816217107,2555.6484509739184,2587.987060546875,927900,2401393193.4814453
2020-07-06 00:00:00,2599.6653614101892,2692.1897332917542,2584.3943485753675,2672.42724609375,746700,1995501424.6582031
2020-07-07 00:00:00,2694.884307305715,2703.867254996734,2648.172979312416,2664.34228515625,630900,1680933547.7050781
2020-07-08 00:00:00,2623.020885236135,2649.0714351237543,2577.207849226874,2591.58056640625,1032400,2675547776.7578125
2020-07-09 00:00:00,2557.44530575435,2565.5299589864503,2522.4118084152497,2535.88623046875,917200,2325914850.5859375
2020-07-10 00:00:00,2519.716788974009,2529.598031283711,2497.2594200883227,2498.15771484375,566300,1414706713.9160156
2020-07-13 00:00:00,2543.072502199986,2580.8008826635673,2532.292964924677,2579.902587890625,505800,1304914728.9550781
2020-07-14 00:00:00,2560.1397912738953,2578.105684545993,2533.190951365749,2561.0380859375,289400,741164422.0703125
2020-07-15 00:00:00,2596.071901268722,2623.9190393100125,2574.5128266561096,2601.461669921875,511900,1331688228.8330078
2020-07-16 00:00:00,2627.512270687548,2655.359409282869,2607.7497852328042,2635.596923828125,522600,1377362952.3925781
2020-07-17 00:00:00,2636.4949698843097,2658.0540428918816,2617.630781002684,2624.817138671875,314800,826292435.2539062
2020-07-20 00:00:00,2638.2919567916474,2665.240802111276,2614.0379960039813,2658.054443359375,337000,895764347.4121094
2020-07-21 00:00:00,2632.0037446545352,2647.274756142292,2615.834438373381,2635.596923828125,415400,1094826962.1582031
2020-07-22 00:00:00,2640.0883338341346,2676.918419471154,2623.9190279447116,2627.51220703125,499200,1311654093.75
2020-07-27 00:00:00,2582.5976055619153,2619.4276931542768,2557.4453506207906,2617.631103515625,336900,881879918.7744141
2020-07-28 00:00:00,2605.953354961391,2615.834598292855,2549.3607795175553,2552.0556640625,616500,1573342316.8945312
2020-07-29 00:00:00,2533.191332347973,2534.987921945383,2489.1748872114304,2492.76806640625,576900,1438077897.5097656
2020-07-30 00:00:00,2492.7683960599093,2492.7683960599093,2397.549134805008,2405.6337890625,835300,2009425904.0039062
2020-07-31 00:00:00,2675.122297609974,2717.3421592579484,2566.4286112396558,2578.1064453125,2132600,5498069805.2734375
2020-08-03 00:00:00,2603.258737117686,2681.4103969276375,2573.6150040863254,2659.851318359375,1014600,2698685147.607422
2020-08-04 00:00:00,2654.460778589544,2766.747613555261,2647.2744211517384,2753.273193359375,905300,2492538221.948242
2020-08-05 00:00:00,2693.985834864566,2757.764759264494,2666.138698858964,2730.81591796875,504100,1376604304.2480469
2020-08-06 00:00:00,2730.8161810131796,2775.7309208324755,2708.358811103532,2726.32470703125,316600,863154402.2460938
2020-08-07 00:00:00,2739.7988650673315,2753.2732857152037,2717.341497320878,2730.81591796875,324000,884784357.421875
2020-08-11 00:00:00,2793.6970157172736,2870.05207884781,2793.6970157172736,2852.086181640625,622500,1775423648.071289
2020-08-12 00:00:00,2874.543819006309,2879.0352937235066,2834.1205465515327,2847.594970703125,587800,1673816323.7792969
2020-08-13 00:00:00,2914.966382782219,2928.4408036579457,2874.543120155039,2897.00048828125,458700,1328854123.9746094
2020-08-14 00:00:00,2892.5092603466182,2897.0007343533675,2834.1200982588757,2838.611572265625,543700,1543353111.8408203
2020-08-17 00:00:00,2852.086181640625,2879.0350274514026,2834.1202844334402,2852.086181640625,408300,1164506787.9638672
2020-08-18 00:00:00,2825.1372978653603,2874.543514521193,2811.662875141042,2861.069091796875,471600,1349280183.6914062
2020-08-19 00:00:00,2847.594407419426,2883.5261980493237,2820.645564447002,2865.560302734375,401200,1149662793.4570312
2020-08-20 00:00:00,2820.6458615280512,2870.05207884781,2811.662912924459,2852.086181640625,272500,777193484.4970703
2020-08-21 00:00:00,2834.1198360208086,2874.5430983412325,2834.1198360208086,2843.102783203125,300300,853783765.7958984
2020-08-24 00:00:00,2843.1034959859276,2861.069394854717,2829.6290718343353,2847.594970703125,230900,657509678.7353516
2020-08-25 00:00:00,2937.424053256202,2964.3728977814885,2928.441105081107,2941.91552734375,583700,1717196093.3105469
2020-08-26 00:00:00,2932.9322585350956,2937.4237321316273,2888.0175225697803,2901.491943359375,338400,981864873.6328125
2020-08-27 00:00:00,2910.4749856651374,2959.881196841552,2905.983511921827,2937.423828125,449500,1320372010.7421875
2020-08-28 00:00:00,2964.3728977814885,3036.236483182252,2905.9837346433683,2941.91552734375,675700,1987852321.8261719
2020-08-31 00:00:00,3004.796257467831,3036.2365770526962,2977.847412109375,2977.847412109375,559600,1666403411.8164062
2020-09-01 00:00:00,2977.847223471745,3040.7278586581774,2973.3557495298573,3022.761962890625,648500,1960261132.9345703
2020-09-02 00:00:00,3054.202449916913,3081.1512950632386,3040.72802734375,3040.72802734375,631900,1921436040.4785156
2020-09-03 00:00:00,3130.5577424986172,3130.5577424986172,3036.2367775165926,3045.2197265625,454500,1384052365.7226562
2020-09-04 00:00:00,2982.338772304746,3018.270564742152,2977.84729825007,3004.796142578125,407800,1225355866.9433594
2020-09-07 00:00:00,3004.7962338153156,3063.1853982990215,3000.304759624262,3040.72802734375,322100,979418497.6074219
2020-09-08 00:00:00,3072.168304619762,3130.5574683040554,3072.168304619762,3108.10009765625,606900,1886305949.2675781
2020-09-09 00:00:00,3067.6768304902007,3126.0659941744943,3049.7109339719564,3108.10009765625,438800,1363834322.8515625
2020-09-10 00:00:00,3126.065508643617,3175.471716395168,3121.5740352116577,3166.48876953125,608500,1926808416.2597656
2020-09-11 00:00:00,3157.5058226673314,3175.471716395168,3112.5910883477395,3166.48876953125,617000,1953723570.8007812
2020-09-14 00:00:00,3157.5058226673314,3184.454663259087,3135.0484555075354,3166.48876953125,332600,1053174164.7460938
2020-09-15 00:00:00,3130.5575025837925,3179.963718549964,3085.6427607963637,3157.50634765625,427900,1351096966.1621094
2020-09-16 00:00:00,3135.0486398381295,3144.031587230216,3099.116850269784,3121.57421875,322800,1007644157.8125
2020-09-17 00:00:00,3108.100078632305,3135.048923244724,3090.134182224026,3112.591552734375,325200,1012214772.9492188
2020-09-18 00:00:00,3094.626181131852,3108.100605723137,3072.168806813043,3103.609130859375,459600,1426418756.5429688
2020-09-23 00:00:00,3054.2021484375,3072.168043428309,3018.2703584558826,3054.2021484375,592500,1809614772.9492188
2020-09-24 00:00:00,3004.7961236298975,3022.762019735308,2977.847279471782,3009.28759765625,627800,1889230753.8085938
2020-09-25 00:00:00,3040.728046484953,3049.7109949236087,3004.7962527303303,3036.236572265625,472800,1435532651.3671875
2020-09-28 00:00:00,3054.2024645092524,3094.625732421875,3040.7280418717114,3094.625732421875,590100,1826138644.7021484
2020-09-29 00:00:00,3135.5237244723135,3144.612199036001,3090.081351653874,3108.25830078125,404900,1258533785.9863281
2020-09-30 00:00:00,3080.992954588369,3090.0814293806648,2999.196681457704,3008.28515625,780100,2346763250.390625
2020-10-02 00:00:00,3053.7276240458013,3053.7276240458013,2940.1216856512406,2976.4755859375,895500,2665433887.2070312
2020-10-05 00:00:00,3017.3742187499997,3044.6396484375,3003.74150390625,3021.91845703125,502200,1517607449.1210938
2020-10-06 00:00:00,3035.55034055238,3044.63881462589,3008.28491833185,3031.006103515625,437100,1324852767.8466797
2020-10-07 00:00:00,2999.196876767534,3026.462302919966,2981.019925999246,3012.82958984375,449900,1355472032.4707031
2020-10-08 00:00:00,3008.284817247506,3049.182949204043,3008.284817247506,3017.373291015625,437000,1318592128.1738281
2020-10-09 00:00:00,3012.82958984375,3044.639253688254,3003.7411144596063,3012.82958984375,425700,1282561556.3964844
2020-10-12 00:00:00,3008.285050231747,3008.285050231747,2935.577254455753,2971.93115234375,418300,1243158801.0253906
2020-10-13 00:00:00,2949.2100612897816,2981.0197229677915,2926.488874376917,2962.8427734375,487600,1444682136.328125
2020-10-14 00:00:00,2931.0330934162384,2931.0330934162384,2849.2368210418317,2871.9580078125,737300,2117494639.1601562
2020-10-15 00:00:00,2881.0464825207678,2908.3119066455697,2862.8695331042327,2871.9580078125,366100,1051423826.6601562
2020-10-16 00:00:00,2876.5023452878936,2921.944720410925,2876.5023452878936,2885.5908203125,425300,1227241775.8789062
2020-10-19 00:00:00,2921.944589798885,2990.108149436495,2921.944589798885,2967.386962890625,496800,1474197843.1640625
2020-10-20 00:00:00,2940.121971746409,2962.8431616362577,2912.856543878591,2926.4892578125,316300,925648552.2460938
2020-10-21 00:00:00,2949.210262154742,3026.462302919966,2949.210262154742,3012.82958984375,484800,1460619785.15625
2020-10-22 00:00:00,2994.652444061556,3012.829393646148,2981.019731873112,3008.28515625,270500,813741134.765625
2020-10-23 00:00:00,3035.550739541145,3094.625828783712,3035.550739541145,3085.537353515625,587100,1811518980.2490234
2020-10-26 00:00:00,3108.25830078125,3135.5237244723135,3090.081351653874,3108.25830078125,532400,1654836719.3359375
2020-10-27 00:00:00,3003.740710655482,3003.740710655482,2953.754102762577,2958.29833984375,873200,2583186110.3515625
2020-10-28 00:00:00,2894.678860325582,2926.4885181313575,2885.590386666789,2903.767333984375,545600,1584295457.421875
2020-10-29 00:00:00,2867.4139721337965,2940.1217749137345,2853.7812591125585,2921.94482421875,478600,1398442792.8710938
2020-10-30 00:00:00,2858.3251476469495,2981.0195498511907,2821.9712506975447,2862.869384765625,1078400,3087318344.53125
2020-11-02 00:00:00,3017.373622028374,3058.2717584715297,2953.7542986723543,2962.8427734375,973600,2884623724.21875
2020-11-04 00:00:00,3026.46240234375,3112.8029213295326,3017.373926661036,3026.46240234375,957700,2898443042.7246094
2020-11-05 00:00:00,2999.1967846315297,3062.8161103661378,2962.8428842117537,3044.63916015625,719100,2189400020.0683594
2020-11-06 00:00:00,3031.0063605434384,3117.3468715634162,3003.7409360108136,3099.169921875,723100,2241009770.5078125
2020-11-09 00:00:00,3144.6122567753428,3171.877680967036,3103.714120487802,3149.156494140625,633100,1993730976.4404297
2020-11-10 00:00:00,3240.041796046234,3276.3957011912125,3194.5994146150106,3212.7763671875,1031400,3313657545.1171875
2020-11-11 00:00:00,3326.381677246094,3340.014389038086,3262.7623555501305,3271.850830078125,749400,2451925012.060547
2020-11-12 00:00:00,3267.3063282635194,3294.5717496398493,3171.8773534463653,3203.68701171875,814100,2608121596.2402344
2020-11-13 00:00:00,3194.5988631137584,3194.5988631137584,3067.360217072243,3126.435302734375,686600,2146610478.8574219
2020-11-16 00:00:00,3171.8779296875,3190.0548805739613,3149.156741079423,3171.8779296875,569500,1806384480.9570312
2020-11-17 00:00:00,3221.8642919851413,3230.9527667157063,3144.6122567753428,3149.156494140625,484000,1524191743.1640625
2020-11-18 00:00:00,3149.1565291208917,3158.2450039524097,3044.639068558438,3076.44873046875,774200,2381786607.1289062
2020-11-19 00:00:00,3076.44873046875,3090.0814427160267,3040.094831142679,3076.44873046875,664500,2044300181.3964844
2020-11-20 00:00:00,3062.815734237738,3117.346578170754,3053.727260248902,3103.7138671875,594600,1845468265.4296875
2020-11-24 00:00:00,3199.1431188206216,3249.1297300521937,3167.333457127803,3217.320068359375,947500,3048410764.770508
2020-11-25 00:00:00,3299.1168919068245,3321.838082622436,3212.7763671875,3212.7763671875,831200,2670459716.40625
2020-11-26 00:00:00,3240.0410859988688,3335.4700660914023,3199.1429516734975,3326.381591796875,1063800,3538604737.3535156
2020-11-27 00:00:00,3326.381697371199,3394.54525674356,3317.293222788218,3362.735595703125,977200,3286065224.1210938
2020-11-30 00:00:00,3399.0896436994612,3462.7089685815367,3371.82421875,3371.82421875,2264000,7633810031.25
2020-12-01 00:00:00,3244.5855282469292,3253.674003115968,3094.6256929077854,3144.6123046875,2399900,7546755070.019531
2020-12-02 00:00:00,3162.7893104716477,3203.6874481070568,3099.169985261011,3185.510498046875,993400,3164486128.7597656
2020-12-03 00:00:00,3226.408529350424,3230.9527667157063,3135.5237820447783,3149.156494140625,735000,2314630023.1933594
2020-12-04 00:00:00,3208.231649614278,3308.2048738232215,3180.9662248300206,3258.21826171875,1052800,3430252185.9375
2020-12-07 00:00:00,3321.837673688616,3330.926148856027,3180.96630859375,3180.96630859375,733000,2331648304.1992188
2020-12-08 00:00:00,3135.523986385975,3235.497214937412,3121.891273401688,3221.864501953125,722700,2328441475.5615234
2020-12-09 00:00:00,3253.673797440659,3344.558540385929,3249.129560293396,3326.381591796875,786700,2616864398.2666016
2020-12-10 00:00:00,3358.191449882226,3362.735687297493,3317.293313144824,3330.926025390625,609600,2030532505.078125
2020-12-11 00:00:00,3326.381787975358,3349.1029750516923,3276.3951764074222,3330.926025390625,761100,2535167797.9248047
2020-12-14 00:00:00,3326.381340268226,3340.014050679161,3285.4832090354193,3303.66015625,435000,1437092167.96875
2020-12-15 00:00:00,3353.647111114084,3358.191348392016,3290.027789223031,3317.293212890625,623900,2069659235.522461
2020-12-16 00:00:00,3330.9263131519438,3330.9263131519438,3271.8512216499307,3280.939697265625,445500,1461658635.131836
2020-12-17 00:00:00,3308.2050298996915,3353.647406684028,3294.5723168643904,3312.749267578125,582300,1929013898.5107422
2020-12-18 00:00:00,3303.660501056828,3317.293212890625,3280.939314667166,3317.293212890625,632500,2098187957.1533203
2020-12-21 00:00:00,3358.191546856297,3385.4569721352386,3294.5722212054334,3321.837646484375,420000,1395171811.5234375
2020-12-22 00:00:00,3294.572217536695,3321.8376427852745,3285.483742453835,3299.116455078125,407400,1344060043.7988281
2020-12-23 00:00:00,3299.115919446355,3308.204393053645,3244.5850778026133,3303.66015625,472800,1561970521.875
2020-12-24 00:00:00,3326.3818876846976,3380.9127383024793,3312.749175030252,3344.558837890625,441600,1476957182.8125
2020-12-25 00:00:00,3335.4698138755157,3340.014050679161,3290.0274458390645,3303.66015625,422800,1396787514.0625
2020-12-28 00:00:00,3317.293553614354,3330.9262668483857,3285.483889401614,3308.205078125,323900,1071527624.8046875
2020-12-29 00:00:00,3276.3951848108386,3376.368408203125,3271.8509473839167,3376.368408203125,469500,1585204967.6513672
2020-12-30 00:00:00,3362.735695922359,3394.5453579108134,3335.4702713608262,3376.368408203125,440400,1486952646.9726562
2021-01-04 00:00:00,3380.91259765625,3390.0010723811324,3317.2932745820735,3380.91259765625,353200,1194138329.4921875
2021-01-05 00:00:00,3371.823996396203,3480.8856890020097,3362.7355220123854,3462.708740234375,607400,2103249288.8183594
2021-01-06 00:00:00,3480.8861312766217,3521.7842712002375,3453.620704660878,3467.25341796875,571200,1980495152.34375
2021-01-07 00:00:00,3526.3285191171776,3612.66903698216,3521.78428133481,3558.13818359375,951300,3384856854.0527344
2021-01-08 00:00:00,3589.94761378544,3644.478463615092,3567.2264263564184,3626.301513671875,1024300,3714420640.4541016
2021-01-12 00:00:00,3671.74420129555,3826.248288973828,3662.6557255497687,3803.527099609375,1187900,4518209841.625977
2021-01-13 00:00:00,3776.261672372032,3812.615575355156,3767.173196626251,3803.527099609375,587300,2233811465.600586
2021-01-14 00:00:00,3785.349365234375,3821.703260698811,3744.4512328368846,3785.349365234375,694800,2630060738.9648438
2021-01-15 00:00:00,3730.8188910923122,3776.2612649180405,3667.199567736292,3703.553466796875,809500,2998026531.3720703
2021-01-18 00:00:00,3644.4780812606623,3671.7435033149814,3603.5799481791832,3662.655029296875,510000,1867954064.9414062
2021-01-19 00:00:00,3635.389906058282,3744.4516032400306,3630.8456686757095,3703.553466796875,712700,2639522555.786133
2021-01-20 00:00:00,3699.009128814848,3753.5399759226834,3658.110993483971,3689.920654296875,633500,2337564734.4970703
2021-01-21 00:00:00,3699.0091767975496,3748.9957872948135,3671.743752889951,3685.37646484375,560600,2066022046.1914062
2021-01-22 00:00:00,3685.37646484375,3708.0976514334156,3658.1110409361513,3685.37646484375,675300,2488734726.7089844
2021-01-25 00:00:00,3662.655343444089,3789.8939906108812,3662.655343444089,3771.717041015625,1090800,4114188948.3398438
2021-01-26 00:00:00,3771.717076407018,3780.8055512899264,3694.4650399022958,3699.00927734375,467300,1728547035.3027344
2021-01-27 00:00:00,3712.6419938568374,3744.451655982906,3689.9208066239316,3721.73046875,559200,2081191678.125
2021-01-28 00:00:00,3635.3896197150734,3735.362834257238,3626.301145665786,3708.097412109375,945300,3505264483.666992
2021-01-29 00:00:00,3898.955288560737,4053.459344284589,3776.260891368266,3785.349365234375,1997300,7560478287.182617
2021-02-01 00:00:00,3798.9823106210442,3989.840273594829,3798.9823106210442,3948.942138671875,924300,3650007218.774414
2021-02-02 00:00:00,3994.3850603632854,4053.460152268545,3985.2965846855536,4012.56201171875,907000,3639393744.6289062
2021-02-03 00:00:00,4012.5614224520596,4044.371082652699,3935.3093905362216,3998.9287109375,595900,2382961618.8476562
2021-02-04 00:00:00,3976.207322877932,3985.295796758796,3930.764953473613,3971.6630859375,405600,1610906547.65625
2021-02-05 00:00:00,4008.0175335858316,4039.827196550799,3962.575157921593,4035.282958984375,550500,2221423268.9208984
2021-02-08 00:00:00,4030.7387594520496,4030.7387594520496,3944.3982448752863,3962.5751953125,619900,2456400363.5742188
2021-02-09 00:00:00,3962.5744398154898,3985.295623530028,3880.778178443152,3894.410888671875,593900,2312890626.7822266
2021-02-10 00:00:00,3871.6903996565347,4003.473288846722,3871.6903996565347,3989.840576171875,611500,2439787512.3291016
2021-02-12 00:00:00,4030.7387284786505,4089.8138169456433,4003.4733030323464,4080.725341796875,580800,2370085278.515625
2021-02-15 00:00:00,4107.9897552255225,4139.799410409791,4089.8128094059407,4130.7109375,429100,1772488063.28125
2021-02-16 00:00:00,4130.711818121398,4171.609954934481,4107.990631003018,4139.80029296875,542100,2244185738.8183594
2021-02-17 00:00:00,4162.521204153182,4226.140523867314,4162.521204153182,4212.5078125,670200,2823222735.9375
2021-02-18 00:00:00,4217.052525496141,4235.229476037072,4098.902346980085,4121.62353515625,604200,2490284939.9414062
2021-02-19 00:00:00,4117.078921110734,4189.786716627038,4117.078921110734,4180.6982421875,560300,2342445225.0976562
2021-02-22 00:00:00,4221.596974330955,4280.672066544413,4194.331547155512,4239.77392578125,449600,1906202357.03125
2021-02-24 00:00:00,4262.495204496068,4267.039442453953,4103.446875970096,4117.07958984375,670200,2759266741.1132812
2021-02-25 00:00:00,4207.963660134905,4221.59637177681,4126.16739028347,4157.97705078125,484600,2014955678.8085938
2021-02-26 00:00:00,4080.7245381212883,4098.901484838978,4012.5609879299527,4017.105224609375,677700,2722392210.7177734
2021-03-01 00:00:00,4080.7253085894995,4185.242771949809,4030.738695678047,4176.154296875,524600,2190810544.140625
2021-03-02 00:00:00,4203.4194282863455,4221.5963771654215,4117.078921110734,4180.6982421875,663500,2773893283.6914062
2021-03-03 00:00:00,4198.875095326058,4207.963569558365,4144.344249932213,4189.78662109375,581400,2435941941.5039062
2021-03-04 00:00:00,4107.990819013304,4162.521670593126,4035.2830169068734,4098.90234375,513000,2102736902.34375
2021-03-05 00:00:00,4103.446522480733,4103.446522480733,3958.030920355169,4035.282958984375,678800,2739150072.5585938
2021-03-08 00:00:00,4076.1814399918417,4094.358391786677,3998.929394863791,4003.4736328125,403700,1616202305.5664062
2021-03-09 00:00:00,4017.1062960999857,4030.7390097745333,3962.575441401796,3985.296630859375,401100,1598502478.6376953
2021-03-10 00:00:00,4039.827203627419,4112.535004817563,4030.7387284786505,4080.725341796875,582700,2377838656.665039
2021-03-11 00:00:00,4071.635898815931,4239.772649101857,4067.0916623217167,4221.595703125,907900,3832786738.8671875
2021-03-12 00:00:00,4280.671315806536,4389.733005381225,4203.419285691131,4380.64453125,1319100,5778508201.171875
2021-03-15 00:00:00,4380.644232177734,4416.998126220703,4330.6576278686525,4362.46728515625,563000,2456069081.5429688
2021-03-16 00:00:00,4380.644717359293,4398.821666393979,4289.759972185863,4339.74658203125,487100,2113890560.1074219
2021-03-17 00:00:00,4330.6576278686525,4403.3654159545895,4317.024917602539,4362.46728515625,449400,1960492797.9492188
2021-03-18 00:00:00,4407.910737294494,4412.454975167993,4307.937504077505,4353.3798828125,733200,3191898130.078125
2021-03-19 00:00:00,4303.3927880403035,4398.821772780374,4294.304313303154,4376.1005859375,630700,2760006639.5507812
2021-03-22 00:00:00,4326.1138599537035,4344.290808945106,4253.406063988095,4294.30419921875,448300,1925136572.5097656
2021-03-23 00:00:00,4294.304676942567,4303.393152449325,4203.419921875,4203.419921875,477400,2006712670.703125
2021-03-24 00:00:00,4153.433195329822,4180.698621119734,4085.2696308550444,4098.90234375,548400,2247838045.3125
2021-03-25 00:00:00,4130.7116482494985,4267.038765353443,4126.1674110127005,4248.86181640625,508000,2158421802.734375
2021-03-26 00:00:00,4289.759759384984,4312.480944551218,4239.773152019269,4267.03857421875,610500,2605027049.560547
2021-03-29 00:00:00,4307.936900484626,4317.025374958222,4203.419444038269,4248.86181640625,594600,2526373236.0351562
2021-03-30 00:00:00,4271.804408111896,4322.27685546875,4239.685577975716,4322.27685546875,391800,1693468071.9726562
2021-03-31 00:00:00,4294.745953938449,4354.395203298705,4225.919896984307,4230.50830078125,638900,2702871753.3691406
2021-04-01 00:00:00,4285.568480262716,4299.333689514095,4221.330837089613,4262.62646484375,452000,1926707162.109375
2021-04-02 00:00:00,4326.86494662851,4349.806966493984,4276.392502924466,4290.15771484375,312100,1338958222.8027344
2021-04-05 00:00:00,4299.333520090478,4308.510325896435,4258.037893963675,4294.7451171875,363500,1561139850.0976562
2021-04-06 00:00:00,4326.8650227166045,4358.9838510930795,4258.038961909871,4276.392578125,445900,1906843450.5859375
2021-04-07 00:00:00,4299.334521785164,4469.10546875,4285.569309869096,4469.10546875,1005400,4493238638.28125
2021-04-08 00:00:00,4533.343236539434,4583.8156814806625,4473.693983427072,4537.931640625,1122100,5092013093.9453125
2021-04-09 00:00:00,4551.696665846456,4689.348782757135,4542.519858052411,4661.818359375,1181300,5507006027.9296875
2021-04-12 00:00:00,4680.172126392326,4726.056166847153,4606.757661664604,4634.2880859375,684600,3172633623.6328125
2021-04-13 00:00:00,4597.58110546875,4643.4651484375,4519.578232421875,4588.404296875,812300,3727160810.3515625
2021-04-14 00:00:00,4615.934851012877,4615.934851012877,4533.3435713724875,4565.46240234375,534800,2441609292.7734375
2021-04-15 00:00:00,4560.8732449607,4615.934088964249,4505.81240095715,4524.166015625,423400,1915531891.015625
2021-04-16 00:00:00,4542.519805565309,4551.69661325332,4459.928536373212,4492.04736328125,376600,1691705037.0117188
2021-04-19 00:00:00,4501.22440794047,4560.873661052831,4464.51717525594,4537.931640625,461100,2092440279.4921875
2021-04-20 00:00:00,4423.221503684989,4455.34033203125,4363.572251041935,4455.34033203125,704000,3136559593.75
2021-04-21 00:00:00,4340.630600903815,4363.572623107324,4280.981343174693,4299.3349609375,721400,3101540240.8203125
2021-04-22 00:00:00,4386.514345783833,4441.5751953125,4372.749133401666,4441.5751953125,425200,1888557773.046875
2021-04-23 00:00:00,4386.51372101022,4409.45573837952,4349.806493219339,4377.3369140625,501800,2196547663.4765625
2021-04-26 00:00:00,4404.8671875,4423.220800781251,4354.394750976563,4404.8671875,561200,2472011465.625
2021-04-27 00:00:00,4377.336418462259,4395.690030279711,4262.626344603185,4285.568359375,754300,3232604213.4765625
2021-04-28 00:00:00,4698.525665399239,4836.177784502733,4661.818433638308,4827.0009765625,2261600,10916745408.59375
2021-04-30 00:00:00,4753.586983746859,4799.47102799152,4560.873997919284,4565.46240234375,1175500,5366701053.955078
2021-05-06 00:00:00,4570.0504293007425,4698.5257425742575,4542.520005027846,4634.2880859375,905800,4197738148.2421875
2021-05-07 00:00:00,4652.641887269141,4744.4099718306625,4625.111461900685,4689.34912109375,752000,3526390539.0625
2021-05-10 00:00:00,4680.1721120297325,4762.763384594963,4680.1721120297325,4726.05615234375,438100,2070485200.3417969
2021-05-11 00:00:00,4689.348743385208,4726.055974253194,4551.696627630261,4579.22705078125,537700,2462250385.205078
2021-05-12 00:00:00,4643.4650380710655,4680.172271573604,4432.398445431472,4519.578125,980900,4433254182.8125
2021-05-13 00:00:00,4441.5751953125,4505.812853095946,4418.633174675555,4441.5751953125,747700,3320965773.5351562
2021-05-14 00:00:00,4505.812332704463,4524.165947094298,4423.221067950206,4446.1630859375,559400,2487183630.2734375
2021-05-17 00:00:00,4501.224629190784,4505.813033501886,4368.160904168834,4409.45654296875,511900,2257200804.345703
2021-05-18 00:00:00,4409.455445094139,4469.104686286879,4363.571413407415,4432.3974609375,574600,2546855581.0546875
2021-05-19 00:00:00,4400.279286401143,4492.04736328125,4400.279286401143,4492.04736328125,770900,3462919312.3535156
2021-05-20 00:00:00,4482.870327904111,4652.641261509487,4478.281924293155,4625.11083984375,696900,3223239744.2871094
2021-05-21 00:00:00,4652.641311311817,4670.9949259521,4574.638449090612,4615.93408203125,447200,2064245721.484375
2021-05-24 00:00:00,4579.227237391708,4689.3489344832915,4565.4620252552595,4634.2880859375,344800,1597902532.03125
2021-05-25 00:00:00,4661.818459733202,4680.172075716403,4606.757611783597,4643.46484375,343100,1593172787.890625
2021-05-26 00:00:00,4597.580606617647,4698.525490196079,4588.403799019608,4680.171875,456600,2136966478.125
2021-05-27 00:00:00,4670.995217347756,4716.8792568108975,4615.934369991987,4652.6416015625,725900,3377352538.5742188
2021-05-28 00:00:00,4726.0554683736755,4771.939502047206,4698.525048169557,4762.7626953125,598400,2850037196.875
2021-05-31 00:00:00,4726.055763051291,4726.055763051291,4634.287689982334,4707.7021484375,474200,2232392358.7890625
2021-06-01 00:00:00,4726.0560522319265,4762.763283705573,4670.995205021458,4744.40966796875,324200,1538137614.3554688
2021-06-02 00:00:00,4781.116600255437,4836.177444020375,4744.409371078812,4799.47021484375,558900,2682423903.076172
2021-06-03 00:00:00,4753.586178372968,4808.647022137906,4744.409371078812,4799.47021484375,434600,2085849755.3710938
2021-06-04 00:00:00,4817.824453677771,4863.70849609375,4762.763602778597,4863.70849609375,535000,2602084045.4101562
2021-06-07 00:00:00,4918.769194125234,4937.122810521224,4872.88515313526,4891.23876953125,373500,1826877680.4199219
2021-06-08 00:00:00,4854.530810731831,4891.23803803415,4817.82358342951,4845.35400390625,383500,1858193260.4980469
2021-06-09 00:00:00,4799.470515179219,4799.470515179219,4698.525628626692,4744.40966796875,416200,1974623303.8085938
2021-06-10 00:00:00,4735.232570358187,4753.586184971979,4689.348533823709,4707.7021484375,452600,2130705992.3828125
2021-06-11 00:00:00,4707.7021484375,4753.586184971979,4670.994919209917,4707.7021484375,515700,2427761997.9492188
2021-06-14 00:00:00,4744.409768469357,4753.58657653216,4670.995303966929,4726.05615234375,278400,1315734032.8125
2021-06-15 00:00:00,4735.23291015625,4753.586526087088,4698.5256782945735,4735.23291015625,436900,2068823258.4472656
2021-06-16 00:00:00,4680.171434700144,4762.7626953125,4670.994627965439,4762.7626953125,388900,1852238412.2070312
2021-06-17 00:00:00,4753.586513040636,4863.708208323432,4726.056089219938,4827.0009765625,514000,2481078501.953125
2021-06-18 00:00:00,4845.354151785714,4845.354151785714,4781.116502046131,4817.82373046875,678500,3268893401.123047
2021-06-21 00:00:00,4689.348732579199,4771.940001841847,4643.464694099951,4670.9951171875,698900,3264558487.4023438
2021-06-22 00:00:00,4781.1169368613355,4854.531400383198,4762.76332098087,4827.0009765625,453000,2186631442.3828125
2021-06-23 00:00:00,4790.293309151785,4845.354151785714,4771.939694940476,4817.82373046875,534500,2575126783.935547
2021-06-24 00:00:00,4827.000390255091,4845.35400390625,4799.46996977835,4845.35400390625,360400,1746265583.0078125
2021-06-25 00:00:00,4863.707765997024,4863.707765997024,4781.116502046131,4817.82373046875,504300,2429628507.2753906
2021-06-28 00:00:00,4817.82373046875,4827.000537574405,4790.293309151785,4817.82373046875,311700,1501715656.7871094
2021-06-29 00:00:00,4753.585888577793,4790.293115516618,4726.0554683736755,4762.7626953125,385200,1834616190.234375
2021-06-30 00:00:00,4808.646728986031,4827.000342455443,4762.7626953125,4762.7626953125,328500,1564567545.4101562
2021-07-01 00:00:00,4771.9401420179265,4781.116949983346,4707.702486259993,4735.23291015625,422800,2002056474.4140625
2021-07-02 00:00:00,4707.701854904263,4790.293115516618,4689.348241434851,4762.7626953125,517900,2466634799.9023438
2021-07-05 00:00:00,4753.586178372968,4817.823829432063,4735.232563784656,4799.47021484375,354900,1703331979.2480469
2021-07-06 00:00:00,4799.470264420199,4845.354301364942,4753.5862274754545,4790.29345703125,294100,1408825305.7128906
2021-07-07 00:00:00,4716.879005432129,4735.232620239258,4689.348583221436,4698.525390625,520400,2445112613.28125
2021-07-08 00:00:00,4698.5257425742575,4707.702550665223,4634.2880859375,4634.2880859375,505800,2344022913.8671875
2021-07-09 00:00:00,4542.519721299588,4606.757373924027,4487.458876192926,4597.58056640625,739400,3399451070.8007812
2021-07-12 00:00:00,4735.232563784656,4799.47021484375,4716.8789491963435,4799.47021484375,549100,2635389094.970703
2021-07-13 00:00:00,4771.939743857348,4808.64697265625,4753.586129457896,4808.64697265625,508100,2443273526.8066406
2021-07-14 00:00:00,4753.5862274754545,4845.354301364942,4726.055805308609,4790.29345703125,452000,2165212642.578125
2021-07-15 00:00:00,4790.2934646606445,4808.647079467773,4680.171775817871,4698.525390625,537900,2527336807.6171875
2021-07-16 00:00:00,4634.287837009804,4707.702297794118,4625.111029411765,4680.171875,499300,2336809817.1875
2021-07-19 00:00:00,4625.110889351392,4634.287696671533,4597.580467390967,4615.93408203125,312300,1441556213.8183594
2021-07-20 00:00:00,4551.696827651515,4615.934484493371,4537.931615471118,4542.52001953125,482300,2190857405.419922
2021-07-21 00:00:00,4652.641651741601,4689.348883708004,4625.111227766798,4643.46484375,530900,2465215485.546875
2021-07-26 00:00:00,4726.056202691817,4735.233010852383,4670.995353728416,4716.87939453125,341100,1608927561.4746094
2021-07-27 00:00:00,4726.056102190831,4762.763334052507,4707.702486259993,4735.23291015625,336700,1594352920.8496094
2021-07-28 00:00:00,4680.172025240385,4716.8792568108975,4625.111177884615,4652.6416015625,390800,1818252337.890625
2021-07-29 00:00:00,4689.348673189604,4771.93994140625,4652.641442871094,4771.93994140625,641600,3061676666.40625
2021-07-30 00:00:00,4455.340819286699,4537.932101209624,4294.746659992122,4368.1611328125,1886800,8241846425.390625
2021-08-02 00:00:00,4414.044497933159,4492.04736328125,4336.041632585067,4492.04736328125,737100,3311088111.4746094
2021-08-03 00:00:00,4469.105529846746,4579.227226680752,4459.928721777245,4547.1083984375,625900,2846035146.5820312
2021-08-04 00:00:00,4524.166378263749,4583.815630715502,4514.989570194249,4547.1083984375,315500,1434612699.7070312
2021-08-05 00:00:00,4524.16640329072,4570.050443892045,4524.16640329072,4542.52001953125,237500,1078848504.6386719
2021-08-06 00:00:00,4542.519721299588,4634.287796477358,4533.342913781811,4597.58056640625,336300,1546166344.4824219
2021-08-10 00:00:00,4615.933764819507,4689.348218335523,4583.81494140625,4583.81494140625,304500,1395771649.6582031
2021-08-11 00:00:00,4606.7571312689015,4625.110745337702,4537.9310785109,4551.6962890625,404700,1842071488.1835938
2021-08-12 00:00:00,4487.459034403817,4574.638708896325,4478.2822265625,4478.2822265625,336300,1506046312.7929688
2021-08-13 00:00:00,4459.928421210451,4478.282036112552,4418.632787680725,4423.22119140625,413000,1826790352.0507812
2021-08-16 00:00:00,4331.4532749200425,4354.395294384662,4258.038812633263,4303.9228515625,646100,2780764554.3945312
2021-08-17 00:00:00,4331.453209826276,4340.630017474213,4221.331518051032,4225.919921875,485600,2052106714.0625
2021-08-18 00:00:00,4184.624670608108,4276.3927554898655,4147.917436655405,4244.27392578125,560200,2377642253.2226562
2021-08-19 00:00:00,4161.682770012486,4248.862453177026,4124.975534995838,4134.15234375,1050000,4340859960.9375
2021-08-20 00:00:00,4083.6792019930754,4106.6212199818,4010.2647444291547,4037.795166015625,633100,2556328119.604492
2021-08-23 00:00:00,4097.44482421875,4143.328864803507,4074.502803926372,4097.44482421875,479700,1965544282.1777344
2021-08-24 00:00:00,4147.916893240639,4235.09656245698,4138.740085954709,4166.2705078125,488400,2034806516.015625
2021-08-25 00:00:00,4253.451146092908,4276.393169534617,4216.743908586173,4258.03955078125,407800,1736428528.8085938
2021-08-26 00:00:00,4368.159563635149,4368.159563635149,4271.803102672609,4294.7451171875,731400,3141176578.7109375
2021-08-27 00:00:00,4294.745165283726,4336.0407918729925,4271.803150511912,4285.568359375,357800,1533376358.984375
2021-08-30 00:00:00,4395.690968022685,4395.690968022685,4345.218524757289,4386.51416015625,487500,2138425653.0761719
2021-08-31 00:00:00,4322.276096660218,4395.690552654446,4299.334079162021,4372.74853515625,671800,2937612465.9179688
2021-09-01 00:00:00,4377.337364783653,4478.2822516025635,4358.9837489983975,4473.69384765625,699900,3131138323.9746094
2021-09-02 00:00:00,4487.458718314629,4519.577543496839,4400.279049962913,4446.1630859375,457700,2035008844.4335938
2021-09-03 00:00:00,4427.809635947046,4524.1661150712835,4423.221232179226,4505.8125,494400,2227673700.0
2021-09-06 00:00:00,4570.050418611251,4579.227226680752,4519.577974228999,4547.1083984375,530100,2410422162.0117188
2021-09-07 00:00:00,4597.580606617647,4689.348682598039,4579.2269914215685,4680.171875,837300,3918707910.9375
2021-09-08 00:00:00,4689.34828787139,4845.35400390625,4661.8178673946495,4845.35400390625,1019900,4941776548.583984
2021-09-09 00:00:00,4799.470264420199,4845.354301364942,4753.5862274754545,4790.29345703125,589800,2825315080.9570312
2021-09-10 00:00:00,4781.116788752363,4854.53125,4753.586365784499,4854.53125,736500,3575362265.625
2021-09-13 00:00:00,4762.76274247603,4854.530810731831,4744.40912882487,4845.35400390625,521900,2528790254.638672
2021-09-14 00:00:00,4882.061424683989,4909.591846251756,4817.8237743592,4900.4150390625,633300,3103432844.2382812
2021-09-15 00:00:00,4827.000537574405,4845.354151785714,4771.939694940476,4817.82373046875,448900,2162721072.607422
2021-09-16 00:00:00,4845.35460574128,4845.35460574128,4680.172062363736,4735.23291015625,681400,3226587704.9804688
2021-09-17 00:00:00,4726.056002465914,4808.64727241192,4707.702386922358,4753.58642578125,628200,2986202992.6757812
2021-09-21 00:00:00,4606.757268061647,4744.4093776650825,4606.757268061647,4707.7021484375,460900,2169779920.2148438
2021-09-22 00:00:00,4689.348883708004,4707.702499691206,4634.288035758399,4643.46484375,369800,1717153299.21875
2021-09-24 00:00:00,4817.823879198096,4817.823879198096,4753.5862274754545,4790.29345703125,429900,2059347157.1777344
2021-09-27 00:00:00,4799.470264420199,4836.1774939759935,4762.763034864403,4790.29345703125,520300,2492389685.6933594
2021-09-28 00:00:00,4753.585888577793,4790.293115516618,4680.171434700144,4762.7626953125,492600,2346136903.7109375
2021-09-29 00:00:00,4711.848692543993,4767.39111328125,4674.820412052488,4767.39111328125,751200,3581264204.296875
2021-09-30 00:00:00,4776.649129311399,4795.163273223458,4674.821337795071,4730.36376953125,986300,4665557785.888672
2021-10-01 00:00:00,4665.564406061747,4711.849767232995,4605.393436539125,4610.02197265625,818900,3775146993.408203
2021-10-04 00:00:00,4674.821551333609,4674.821551333609,4503.565712324358,4549.85107421875,592800,2697151716.796875
2021-10-05 00:00:00,4443.394721194503,4471.165938201969,4239.739129806422,4378.59521484375,1114400,4879506507.421875
2021-10-06 00:00:00,4443.394448138298,4498.936878740027,4318.423979284408,4350.82373046875,728100,3167834758.154297
2021-10-07 00:00:00,4364.708866959912,4448.022503869009,4355.451796192234,4369.33740234375,645100,2818659558.251953
2021-10-08 00:00:00,4406.365526734668,4508.193301512149,4397.108456300351,4452.65087890625,549800,2448067453.2226562
2021-10-11 00:00:00,4429.508454762059,4503.565022448781,4429.508454762059,4461.908203125,490400,2188119782.8125
2021-10-12 00:00:00,4443.394142670157,4457.279749366001,4410.9943937131875,4420.25146484375,369200,1631956840.8203125
2021-10-13 00:00:00,4387.851915922619,4420.251666356647,4360.080701264881,4373.96630859375,392400,1716344379.4921875
2021-10-14 00:00:00,4369.337872484521,4485.05126953125,4364.709336602651,4485.05126953125,543900,2439419385.498047
2021-10-15 00:00:00,4563.735683243588,4665.563457109063,4549.850077716477,4647.04931640625,567800,2638594601.8554688
2021-10-18 00:00:00,4693.3354655267685,4721.106681299116,4656.307177830305,4711.849609375,355500,1675062536.1328125
2021-10-19 00:00:00,4702.591391866521,4795.162088556807,4693.334322197493,4776.64794921875,499600,2386413315.4296875
2021-10-20 00:00:00,4813.676938657407,4832.191080729166,4730.363299334491,4748.87744140625,360700,1712920093.1152344
2021-10-21 00:00:00,4684.077834565244,4739.620259481038,4637.79248046875,4637.79248046875,363000,1683518670.4101562
2021-10-22 00:00:00,4596.136410667783,4739.621031746032,4586.8793383401535,4665.564453125,398400,1858760878.125
2021-10-25 00:00:00,4619.278375425433,4711.849084351795,4610.021304532797,4674.82080078125,348400,1628707566.9921875
2021-10-26 00:00:00,4711.8498458261565,4748.878135380783,4684.078628660187,4702.5927734375,293700,1381151497.5585938
2021-10-27 00:00:00,4665.563729888614,4702.592013459159,4647.049588103342,4674.82080078125,272600,1274356150.2929688
2021-10-28 00:00:00,4452.65161501605,4619.278910380475,4452.65161501605,4596.13623046875,746400,3430556082.421875
2021-10-29 00:00:00,4952.5328995988175,5137.67431640625,4934.018757918075,5137.67431640625,2401900,12340179940.576172
2021-11-01 00:00:00,5230.24533526329,5295.044834992215,5128.417549974978,5202.47412109375,781400,4065213278.2226562
2021-11-02 00:00:00,5146.931387246622,5220.987953969595,5100.6460330447635,5137.67431640625,614400,3156587100.0
2021-11-04 00:00:00,5156.18842756542,5350.5869140625,5156.18842756542,5350.5869140625,748400,4004379246.484375
2021-11-05 00:00:00,5350.586895412869,5387.6151784261065,5285.787400139703,5332.07275390625,528000,2815334414.0625
2021-11-08 00:00:00,5359.844166450032,5369.1012375492555,5239.502242160135,5285.78759765625,360300,1904469271.4355469
2021-11-09 00:00:00,5304.301906382062,5313.558977771909,5165.445835534364,5202.47412109375,490700,2552854051.220703
2021-11-10 00:00:00,5193.216851128472,5304.301703559027,5174.702709056713,5248.75927734375,404400,2122598251.7578125
2021-11-11 00:00:00,5258.016187879774,5332.07275390625,5239.502046373155,5332.07275390625,361900,1929677129.6386719
2021-11-12 00:00:00,5332.073292525773,5415.386937721488,5332.073292525773,5387.61572265625,433200,2333915131.0546875
2021-11-15 00:00:00,5406.1300868955095,5443.158375161917,5322.816438296092,5359.8447265625,339200,1818059331.25
2021-11-16 00:00:00,5369.1010556336505,5387.615197204801,5304.301560134624,5350.5869140625,472900,2530292551.6601562
2021-11-17 00:00:00,5415.386787916315,5572.75700226602,5359.844359322302,5489.443359375,1197500,6573608422.8515625
2021-11-18 00:00:00,5480.186287942664,5535.728716536678,5452.415073645658,5489.443359375,474200,2603094041.015625
2021-11-19 00:00:00,5498.700796026932,5628.2998046875,5489.443723979749,5628.2998046875,466900,2627853178.8085938
2021-11-22 00:00:00,5554.241953514975,5572.756093360025,5507.95660390235,5563.4990234375,338200,1881575369.7265625
2021-11-24 00:00:00,5507.957467304223,5544.985752798705,5415.386753568018,5452.4150390625,380900,2076824888.3789062
2021-11-25 00:00:00,5544.986172035092,5665.328108990779,5489.443739594006,5646.81396484375,808000,4562625683.59375
2021-11-26 00:00:00,5637.555324707031,5646.812394205729,5498.699282226562,5554.24169921875,782700,4347304977.978516
2021-11-29 00:00:00,5507.957337845203,5674.584618653967,5489.443195533119,5572.7568359375,773200,4308855585.546875
2021-11-30 00:00:00,5665.327977035985,5665.327977035985,5489.443611735848,5498.70068359375,1399300,7694331866.552734
2021-12-01 00:00:00,5452.415090762867,5535.728733915441,5415.386804917279,5507.95751953125,764000,4208079544.921875
2021-12-02 00:00:00,5406.129849137931,5489.443494073275,5341.330347521552,5369.1015625,725200,3893672453.125
2021-12-03 00:00:00,5452.414569783735,5470.9287109375,5332.072652284264,5470.9287109375,552900,3024876484.2773438
2021-12-06 00:00:00,5480.185507015306,5517.213787468112,5387.614805883291,5443.1572265625,375400,2043361222.8515625
2021-12-07 00:00:00,5443.158764893395,5563.500710375732,5433.901692163984,5535.7294921875,503400,2786686226.3671875
2021-12-08 00:00:00,5646.81372909421,5674.584944155329,5554.243012223813,5656.07080078125,706800,3997710841.9921875
2021-12-09 00:00:00,5665.327364916871,5674.584435774579,5563.499585482092,5637.55615234375,629800,3550532864.7460938
2021-12-10 00:00:00,5628.299820696721,5730.127613505379,5609.785676549693,5646.81396484375,681200,3846609672.8515625
2021-12-13 00:00:00,5730.1273742775675,5757.898589338686,5646.81372909421,5656.07080078125,656500,3713210480.7128906
2021-12-14 00:00:00,5619.04144297265,5683.840932430325,5554.241953514975,5563.4990234375,446000,2481320564.453125
2021-12-15 00:00:00,5535.728336454029,5646.81318601498,5489.442982470299,5600.52783203125,353600,1980346641.40625
2021-12-16 00:00:00,5785.669634419103,5785.669634419103,5702.355991683467,5739.38427734375,537800,3086640864.3554688
2021-12-17 00:00:00,5665.327889223083,5730.127391224,5628.299602365416,5674.5849609375,718200,4075486918.9453125
2021-12-20 00:00:00,5646.812789658369,5702.355210540254,5433.900176277807,5461.67138671875,718100,3922026222.8027344
2021-12-21 00:00:00,5609.785896313839,5646.814186058485,5507.958099516062,5619.04296875,529400,2974721347.65625
2021-12-22 00:00:00,5683.842253137807,5693.099325211321,5609.785676549693,5646.81396484375,451800,2551230549.3164062
2021-12-23 00:00:00,5646.813314065024,5730.126953125,5619.042101045032,5730.126953125,289500,1658871752.9296875
2021-12-24 00:00:00,5730.127914651286,5748.642059771323,5693.099624411214,5711.61376953125,209600,1197154246.09375
2021-12-27 00:00:00,5739.383495299797,5748.640565453506,5656.069863916412,5693.09814453125,234400,1334462205.078125
2021-12-28 00:00:00,5767.155610767449,5868.9833984375,5748.641467554712,5868.9833984375,580400,3406357964.453125
2021-12-29 00:00:00,5878.240943618967,5933.783377731902,5813.441437153876,5850.4697265625,680200,3979489508.0078125
2021-12-30 00:00:00,5794.925801465466,5850.468221287819,5767.154591554289,5813.43994140625,456100,2651509957.2753906
2022-01-04 00:00:00,5943.039277985622,5952.296348512079,5859.725643247506,5915.26806640625,451600,2671335058.7890625
2022-01-05 00:00:00,5970.811287611262,6017.096646429954,5933.783000556308,5980.068359375,500900,2995416241.2109375
2022-01-06 00:00:00,5850.468876211631,5859.725947218295,5674.584527085016,5730.126953125,1045100,5988555678.7109375
2022-01-07 00:00:00,5822.69766319164,5859.725947218295,5683.84159809168,5730.126953125,588900,3374471762.6953125
2022-01-11 00:00:00,5757.898420173891,5776.412563004033,5646.8135631930445,5739.38427734375,660600,3791437253.6132812
2022-01-12 00:00:00,5785.669905416081,5794.926977264747,5693.099186929424,5767.15576171875,537500,3099846221.923828
2022-01-13 00:00:00,5720.8699536483255,5822.697735994817,5693.098740281101,5804.18359375,688800,3997921659.375
2022-01-14 00:00:00,5785.669451505183,5831.954807117225,5720.8699536483255,5804.18359375,650200,3773880172.65625
2022-01-17 00:00:00,5822.697735994817,5831.954807117225,5702.355811403509,5804.18359375,405100,2351274773.828125
2022-01-18 00:00:00,5813.4411209620785,5859.726480205407,5702.35625877809,5767.15576171875,450600,2598680386.2304688
2022-01-19 00:00:00,5600.528264631304,5609.785336143092,5267.273690206963,5276.53076171875,1211900,6394627630.126953
2022-01-20 00:00:00,5276.530795745318,5378.3585830316315,5165.445936887522,5313.55908203125,1140200,6058520065.332031
2022-01-21 00:00:00,5220.988315636004,5285.787816007372,5128.417600819762,5258.0166015625,790300,4155410520.2148438
2022-01-24 00:00:00,5137.674672301387,5276.530744525749,5109.903457856514,5258.0166015625,635100,3339366343.6523438
2022-01-25 00:00:00,5211.73155262706,5220.988624656593,4971.0476798592035,5054.361328125,1008200,5095807091.015625
2022-01-26 00:00:00,5063.617998960207,5165.4457832171765,4971.047285999326,5146.931640625,934200,4808263538.671875
2022-01-27 00:00:00,5304.301935121334,5322.816078001339,4934.01907752124,4971.04736328125,1353400,6727815501.464844
2022-01-28 00:00:00,5359.844359322302,5544.9857879690135,5322.81607359296,5489.443359375,1789000,9820614169.921875
2022-01-31 00:00:00,5396.87231004336,5702.355648347701,5295.044530608579,5637.55615234375,1305900,7362084579.345703
2022-02-01 00:00:00,5730.126860920823,5757.898073493945,5563.499585482092,5637.55615234375,1027800,5794280213.378906
2022-02-02 00:00:00,5656.0699609375,5804.1830859374995,5572.7563281249995,5785.6689453125,797300,4612913850.097656
2022-02-03 00:00:00,5693.097910695262,5748.640329336191,5637.555492054332,5702.35498046875,649500,3703679559.814453
2022-02-04 00:00:00,5628.299081486042,5693.098577489994,5498.70008947814,5637.55615234375,570300,3215098273.6816406
2022-02-07 00:00:00,5572.757258456965,5582.014330314868,5443.158252446338,5498.70068359375,521700,2868672146.6308594
2022-02-08 00:00:00,5470.928456865731,5535.7279478945975,5424.643106130827,5461.67138671875,560400,3060720645.1171875
2022-02-09 00:00:00,5544.986026248416,5554.2430980785475,5480.1865234375,5480.1865234375,654700,3587878116.8945312
2022-02-10 00:00:00,5526.471302051262,5656.070294059165,5517.214231193555,5637.55615234375,801800,4520192522.949219
2022-02-14 00:00:00,5461.672523373463,5702.356397284836,5452.4154512999485,5646.81396484375,620400,3503283383.7890625
2022-02-15 00:00:00,5665.326792585274,5693.09800235285,5526.4707437474,5563.4990234375,536100,2982591826.4648438
2022-02-16 00:00:00,5702.355811403509,5822.697735994817,5656.070455791468,5804.18359375,560600,3253825322.65625
2022-02-17 00:00:00,5776.413277451377,5794.927422571414,5619.043043931068,5711.61376953125,496500,2835816236.5722656
2022-02-18 00:00:00,5563.5003161821205,5674.585181064293,5563.5003161821205,5646.81396484375,382800,2161600385.7421875
2022-02-21 00:00:00,5507.957372885726,5637.556369894802,5470.92908802599,5609.78515625,314900,1766521345.703125
2022-02-22 00:00:00,5498.700840212265,5526.472056576973,5332.0735420240135,5396.873046875,602200,3249996948.828125
2022-02-24 00:00:00,5313.5588109539185,5396.872450846924,5211.731028862467,5285.78759765625,578500,3057828125.2441406
2022-02-25 00:00:00,5332.073076923077,5424.643790064102,5285.787720352564,5415.38671875,449700,2435299407.421875
2022-02-28 00:00:00,5433.900625599937,5443.157696512372,5332.072845563141,5424.6435546875,594300,3223865664.5507812
2022-03-01 00:00:00,5489.443894120409,5572.757545127295,5480.18682178631,5544.986328125,446600,2476390894.140625
2022-03-02 00:00:00,5452.41431657177,5517.213807600636,5424.643106130827,5461.67138671875,424700,2319571837.939453
2022-03-03 00:00:00,5554.242824172326,5600.5281810404285,5452.4150390625,5452.4150390625,476400,2597530524.609375
2022-03-04 00:00:00,5443.157787785589,5443.157787785589,5220.988082161687,5267.2734375,659100,3471659922.65625
2022-03-07 00:00:00,5183.959273726852,5193.216343858508,4989.5608009620955,4998.81787109375,873900,4368466937.548828
2022-03-08 00:00:00,4906.247962364783,4989.5616070087135,4795.163102839543,4813.67724609375,1259000,6060419652.832031
2022-03-09 00:00:00,4896.99072265625,4961.790221821833,4832.191223490667,4896.99072265625,735100,3599777880.2246094
2022-03-10 00:00:00,5156.189482717803,5211.731918797348,5100.647046638257,5193.2177734375,704800,3660179886.71875
2022-03-11 00:00:00,5119.1608323317305,5119.1608323317305,4989.561823918269,5054.361328125,572200,2892105551.953125
2022-03-14 00:00:00,5146.931709884751,5267.27363835328,5119.160495622783,5220.98828125,618300,3228137054.296875
2022-03-15 00:00:00,5230.245135271991,5341.3299877025465,5230.245135271991,5248.75927734375,595500,3125636149.658203
2022-03-16 00:00:00,5304.302093923909,5443.158169681079,5295.045022206764,5406.1298828125,505100,2730636203.8085938
2022-03-17 00:00:00,5591.269977213541,5600.527046712239,5452.413934733073,5554.24169921875,647400,3595816076.0742188
2022-03-18 00:00:00,5470.929164282102,5544.985735033805,5433.90087890625,5433.90087890625,1008100,5477915476.025391
2022-03-22 00:00:00,5554.242876838235,5563.499948299632,5480.186305147058,5507.95751953125,648300,3570808859.9121094
2022-03-23 00:00:00,5600.527673777229,5711.612520199257,5582.013532706891,5683.84130859375,814300,4628351977.587891
2022-03-24 00:00:00,5554.243306280339,5720.87060546875,5554.243306280339,5720.87060546875,391500,2239720842.0410156
2022-03-25 00:00:00,5813.441359148915,5822.698431376859,5720.870636869474,5757.89892578125,635900,3661447926.904297
2022-03-28 00:00:00,5757.898420173891,5776.412563004033,5702.355991683467,5739.38427734375,301000,1727554667.4804688
2022-03-29 00:00:00,5739.384095893142,5813.440664872408,5711.6128825259175,5804.18359375,547100,3175468844.140625
2022-03-30 00:00:00,5874.2258557148625,5892.903839357835,5659.429043820678,5780.8359375,759000,4387654476.5625
2022-03-31 00:00:00,5659.429411652801,5799.51429807985,5659.429411652801,5752.8193359375,547200,3147942740.625
2022-04-01 00:00:00,5678.107673267326,5724.802637685643,5631.4127088490095,5659.4296875,471400,2667855154.6875
2022-04-04 00:00:00,5659.429210574128,5678.107194767442,5556.700297510902,5622.0732421875,403200,2266819931.25
2022-04-05 00:00:00,5696.784926660804,5724.801901709955,5631.41198487945,5640.7509765625,407400,2298041947.8515625
2022-04-06 00:00:00,5547.361478365385,5603.395432692308,5453.97155448718,5463.310546875,596900,3261050065.4296875
2022-04-07 00:00:00,5323.225483597913,5351.242459827376,5201.818586603575,5257.8525390625,748400,3934976840.234375
2022-04-08 00:00:00,5276.530292723294,5313.886259397442,5108.428442689632,5201.818359375,944600,4913637622.265625
2022-04-11 00:00:00,5127.107059228159,5201.819001803433,5080.412095118613,5117.76806640625,703600,3600861611.5234375
2022-04-12 00:00:00,5043.056325604839,5080.4122983870975,4902.971427671371,4921.6494140625,963400,4741517045.5078125
2022-04-13 00:00:00,4949.665953480114,5164.462777876421,4940.326961115057,5136.44580078125,814700,4184662393.8964844
2022-04-14 00:00:00,5164.463313687665,5332.565193699198,5155.124320353691,5313.88720703125,788900,4192125617.626953
2022-04-15 00:00:00,5220.496446974734,5295.20838181516,5201.818463264628,5267.19140625,437800,2305976397.65625
2022-04-18 00:00:00,5173.8015189792795,5192.47950280231,5117.76756751019,5155.12353515625,403200,2078545809.375
2022-04-19 00:00:00,5211.157578680062,5267.191531138988,5164.462618297624,5257.8525390625,452100,2377075132.9101562
2022-04-20 00:00:00,5332.5644756744005,5332.5644756744005,5192.479594527087,5257.8525390625,512000,2692020500.0
2022-04-21 00:00:00,5285.869934605489,5463.310798134648,5276.5309417881645,5444.6328125,650200,3540100254.6875
2022-04-22 00:00:00,5304.547098021194,5397.93701171875,5304.547098021194,5397.93701171875,442200,2386967746.5820312
2022-04-25 00:00:00,5267.191769220133,5313.886731713219,5211.157814228429,5276.53076171875,623200,3288333970.703125
2022-04-26 00:00:00,5295.20863336855,5313.88661796597,5201.818710381451,5248.513671875,414500,2175508916.9921875
2022-04-27 00:00:00,5043.05601347477,5089.7509765625,4996.361050387041,5089.7509765625,1088900,5542229838.378906
2022-04-28 00:00:00,5463.310827105978,5519.344784307065,5257.852984035326,5369.9208984375,1406600,7553330735.7421875
2022-05-02 00:00:00,5313.887096607222,5407.277028006294,5201.819178928335,5285.8701171875,721200,3812169528.515625
2022-05-06 00:00:00,5285.869934605489,5500.666769403945,5257.852956153516,5444.6328125,844300,4596903483.59375
2022-05-09 00:00:00,5351.24289841726,5425.954841152579,5351.24289841726,5407.27685546875,666100,3601787113.4277344
2022-05-10 00:00:00,5220.497273691509,5360.58217370112,5201.819287023561,5313.88720703125,741500,3940247364.013672
2022-05-11 00:00:00,5267.191656472421,5332.56460256339,5220.49669497887,5248.513671875,446200,2341886800.390625
2022-05-12 00:00:00,5099.090052762477,5248.5139370925135,5080.412067221223,5192.47998046875,648500,3367323267.3339844
2022-05-13 00:00:00,5239.174543754134,5369.920432546572,5211.157567584326,5295.20849609375,440100,2330421259.1308594
2022-05-16 00:00:00,5360.581440489969,5360.581440489969,5267.191519923942,5295.20849609375,378700,2005295457.4707031
2022-05-17 00:00:00,5379.259503865979,5463.310433613885,5313.886558506497,5435.29345703125,495600,2693731437.3046875
2022-05-18 00:00:00,5547.361504143198,5547.361504143198,5351.24266308763,5388.5986328125,711100,3831832487.7929688
2022-05-19 00:00:00,5267.191962840026,5425.954841152579,5267.191962840026,5407.27685546875,483000,2611714721.1914062
2022-05-20 00:00:00,5407.277200777236,5453.97216796875,5388.599213900631,5453.97216796875,359300,1959612199.9511719
2022-05-23 00:00:00,5547.361846403051,5547.361846403051,5444.632923321512,5472.64990234375,393300,2152393206.591797
2022-05-24 00:00:00,5510.0055088141025,5556.700470753205,5444.632562099359,5463.310546875,368300,2012137274.4140625
2022-05-25 00:00:00,5472.64953926282,5500.666516426282,5435.293569711538,5463.310546875,373100,2038361165.0390625
2022-05-26 00:00:00,5435.293848505435,5463.310827105978,5369.9208984375,5369.9208984375,376000,2019090257.8125
2022-05-27 00:00:00,5463.310433613885,5510.005394584944,5416.615472642826,5435.29345703125,380800,2069759748.4375
2022-05-30 00:00:00,5491.327109633692,5640.7509765625,5491.327109633692,5640.7509765625,654500,3691871514.1601562
2022-05-31 00:00:00,5650.08983493047,5734.140758094725,5631.411852005081,5687.44580078125,1028500,5849538006.103516
2022-06-01 00:00:00,5640.751659208131,5780.836551407008,5640.751659208131,5771.49755859375,557200,3215878439.6484375
2022-06-02 00:00:00,5771.4970484724445,5855.54797636282,5743.480072508986,5846.208984375,530400,3100829245.3125
2022-06-03 00:00:00,5920.921173878205,5920.921173878205,5771.497295673077,5827.53125,482300,2810618321.875
2022-06-06 00:00:00,5734.141091300743,5827.531011354501,5715.463107289992,5808.85302734375,328800,1909950875.390625
2022-06-07 00:00:00,5836.870003359877,5874.22597138138,5790.175043332998,5808.85302734375,361900,2102223910.5957031
2022-06-08 00:00:00,5902.243871228448,5967.616825498383,5874.226890827047,5958.27783203125,535600,3191253606.8359375
2022-06-09 00:00:00,5902.243062500001,5948.9380234375,5818.1921328125,5836.8701171875,612900,3577417694.8242188
2022-06-10 00:00:00,5790.17530565138,5808.85329050832,5724.80235865209,5752.8193359375,521300,2998944719.8242188
2022-06-13 00:00:00,5659.429222081418,5687.446198428355,5566.039300924958,5584.71728515625,454100,2536020119.189453
2022-06-14 00:00:00,5491.327499209528,5538.0224609375,5435.293545135961,5538.0224609375,390900,2164812979.9804688
2022-06-15 00:00:00,5453.970959937284,5510.004908155817,5397.93701171875,5397.93701171875,398100,2148918724.3652344
2022-06-16 00:00:00,5472.649564693457,5538.02251171198,5369.920647950065,5388.5986328125,377900,2036351423.3398438
2022-06-17 00:00:00,5239.175151487963,5332.565082887036,5201.819178928335,5285.8701171875,768700,4063248359.0820312
2022-06-20 00:00:00,5379.260013812154,5388.59900689169,5043.056262948895,5071.0732421875,584800,2965563632.03125
2022-06-21 00:00:00,5164.462890625,5248.513823745479,5089.750950073463,5164.462890625,547200,2825994093.75
2022-06-22 00:00:00,5323.225923426011,5323.225923426011,5061.734123678769,5080.412109375,498100,2530553271.6796875
2022-06-23 00:00:00,4987.022366431452,5108.429277973791,4902.971427671371,4921.6494140625,645600,3177416861.71875
2022-06-24 00:00:00,4977.683296496515,5136.446178373514,4921.649338186986,5108.42919921875,716700,3661211207.080078
2022-06-27 00:00:00,5201.818674971418,5360.58154296875,5192.479682736281,5360.58154296875,622400,3336425952.34375
2022-06-28 00:00:00,5360.581519477556,5453.971441419673,5304.547566312285,5435.29345703125,655000,3560117214.3554688
2022-06-29 00:00:00,5397.937625243718,5435.293594968588,5360.581655518848,5388.5986328125,561300,3024620412.5976562
2022-06-30 00:00:00,5323.22561026468,5379.25956405694,5220.49669497887,5248.513671875,832900,4371487037.3046875
2022-07-01 00:00:00,5248.513642449388,5313.886588173847,4930.9879060734465,4959.0048828125,965300,4786927413.378906
2022-07-04 00:00:00,5024.377955483491,5043.055940448114,4912.310045695755,4949.666015625,623000,3083641927.734375
2022-07-05 00:00:00,5043.055789076994,5099.089742288961,4987.021835865027,5033.716796875,713600,3592060306.25
2022-07-06 00:00:00,4940.327036114247,5005.699983662073,4893.6320735800855,4912.31005859375,487800,2396224846.5820312
2022-07-07 00:00:00,5005.700180844907,5061.734138093171,4893.63226634838,5043.05615234375,753300,3798934199.560547
2022-07-08 00:00:00,5052.395006092316,5164.462917502867,5052.395006092316,5089.7509765625,639300,3253877799.3164062
2022-07-11 00:00:00,5183.140762606534,5201.818747336648,5071.072854225852,5136.44580078125,411000,2111079224.1210938
2022-07-12 00:00:00,5117.767880306604,5117.767880306604,4912.310045695755,4949.666015625,723900,3583063228.7109375
2022-07-13 00:00:00,4987.021847619742,5015.038824291763,4921.648902051694,4996.36083984375,633400,3164694955.9570312
2022-07-14 00:00:00,4977.683435193727,5080.412361623617,4959.00544857011,5061.734375,543600,2751558806.25
2022-07-15 00:00:00,5061.734375,5117.768334870849,5024.378401752768,5061.734375,644700,3263300151.5625
2022-07-19 00:00:00,5127.106820913462,5127.106820913462,5043.055889423077,5099.08984375,750200,3825337200.78125
2022-07-20 00:00:00,5220.49657075655,5267.191531138988,5192.479594527087,5257.8525390625,656700,3452831762.4023438
2022-07-21 00:00:00,5211.157702680161,5285.86964106984,5192.479718082741,5248.513671875,517900,2718205230.6640625
2022-07-22 00:00:00,5229.835540718039,5369.920421272986,5201.818564607049,5332.564453125,734800,3918368360.15625
2022-07-25 00:00:00,5285.869893973215,5304.547879464286,5220.4969447544645,5229.8359375,638500,3339250246.09375
2022-07-26 00:00:00,5267.191880776849,5313.886844258913,5239.1749026876105,5304.5478515625,373900,1983370441.6992188
2022-07-27 00:00:00,5285.869839138455,5416.615736219618,5276.530846489801,5379.259765625,670800,3608407450.78125
2022-07-28 00:00:00,5453.971834239131,5510.005791440218,5369.9208984375,5369.9208984375,853500,4583227486.816406
2022-07-29 00:00:00,5603.395394943467,5715.463302842337,5491.3274870445985,5575.37841796875,1643100,9160904278.564453
2022-08-01 00:00:00,5668.7683412178085,5724.802295167243,5566.039425643845,5575.37841796875,949800,5295494421.386719
2022-08-02 00:00:00,5481.988506863933,5575.378430319877,5463.310522172745,5538.0224609375,851400,4715072323.2421875
2022-08-03 00:00:00,5547.361440994033,5650.090356567996,5519.344464019316,5575.37841796875,562400,3135592822.265625
2022-08-04 00:00:00,5556.70057142103,5584.717549092061,5491.327623521959,5528.68359375,711300,3932552640.234375
2022-08-05 00:00:00,5519.344464019316,5612.734387268373,5491.3274870445985,5575.37841796875,461800,2574709753.4179688
2022-08-08 00:00:00,5519.344340346729,5612.734261503188,5510.005348231083,5584.71728515625,372400,2079748716.9921875
2022-08-09 00:00:00,5575.378810248941,5594.0567962129235,5472.6498874470335,5510.005859375,498700,2747839922.0703125
2022-08-10 00:00:00,5472.649678407866,5500.6666562836745,5379.2597521551725,5416.61572265625,532000,2881639564.453125
2022-08-12 00:00:00,5566.039425643845,5584.717410293656,5491.3274870445985,5575.37841796875,707300,3943465155.029297
2022-08-15 00:00:00,5556.700433318939,5612.734387268373,5547.361440994033,5575.37841796875,487900,2720227130.126953
2022-08-16 00:00:00,5622.07385639819,5640.751842632072,5538.022918345726,5612.73486328125,595700,3343506158.0566406
2022-08-17 00:00:00,5668.76842940481,5678.107421875,5612.734474583676,5678.107421875,626600,3557902110.546875
2022-08-18 00:00:00,5622.073604956986,5696.785546551098,5594.056626859194,5631.41259765625,499800,2814580016.3085938
2022-08-19 00:00:00,5724.802719338786,5762.15869140625,5696.785740288188,5762.15869140625,763100,4397103297.412109
2022-08-22 00:00:00,5668.768416660284,5724.802371355443,5650.090431761897,5715.46337890625,476600,2723989846.3867188
2022-08-23 00:00:00,5659.429575754042,5687.446553851834,5622.073604956986,5631.41259765625,452700,2549340482.9589844
2022-08-24 00:00:00,5678.106809318555,5734.140758094725,5668.76781785586,5687.44580078125,441000,2508163598.1445312
2022-08-25 00:00:00,5724.802371355443,5743.480356253829,5696.785394007863,5715.46337890625,383800,2193594844.8242188
2022-08-26 00:00:00,5752.819587235342,5799.514551417447,5715.463615889657,5734.1416015625,364700,2091241442.0898438
2022-08-29 00:00:00,5547.361704869923,5556.700697639065,5463.310769947652,5519.3447265625,666200,3676987456.8359375
2022-08-30 00:00:00,5575.378890813488,5631.412849515131,5547.361911462666,5612.73486328125,352500,1978489039.3066406
2022-08-31 00:00:00,5594.0566132748145,5668.7685546875,5584.717620598229,5668.7685546875,594500,3370082905.7617188
2022-09-01 00:00:00,5594.056683048073,5640.751647013416,5472.649776738182,5481.98876953125,579400,3176264293.0664062
2022-09-02 00:00:00,5481.988050976226,5491.327042545181,5407.276118424591,5425.9541015625,454000,2463383162.109375
2022-09-05 00:00:00,5388.598135286682,5444.632084700409,5360.581160579819,5425.9541015625,301900,1638095543.2617188
2022-09-06 00:00:00,5453.97155448718,5481.988531650641,5369.920622996795,5463.310546875,229000,1251098115.234375
2022-09-07 00:00:00,5388.59886978492,5425.954841152579,5360.581891259175,5407.27685546875,360600,1949864034.0820312
2022-09-08 00:00:00,5481.988259913341,5556.7001953125,5435.293300288866,5556.7001953125,479100,2662215063.5742188
2022-09-09 00:00:00,5547.361328125,5594.056288799453,5491.327375315656,5547.361328125,478900,2656631340.0390625
2022-09-12 00:00:00,5622.073618791736,5640.751604236228,5556.700669736018,5594.056640625,271900,1521024000.5859375
2022-09-13 00:00:00,5584.717647902755,5603.395633347246,5528.683691569282,5594.056640625,271900,1521024000.5859375
2022-09-14 00:00:00,5407.276592548077,5510.0055088141025,5397.937600160257,5463.310546875,603200,3295468921.875
2022-09-15 00:00:00,5519.3447265625,5538.022712100782,5481.988755485934,5519.3447265625,293600,1620479611.71875
2022-09-16 00:00:00,5425.9547288682725,5453.971706814236,5369.920772976346,5379.259765625,511300,2750415518.1640625
2022-09-20 00:00:00,5416.6161942155395,5510.006128598566,5407.277200777236,5453.97216796875,353000,1925252175.2929688
2022-09-21 00:00:00,5435.293721516927,5453.971706814236,5379.259765625,5379.259765625,374000,2011843152.34375
2022-09-22 00:00:00,5295.208831787109,5388.598758273654,5257.852861192491,5379.259765625,561500,3020454358.3984375
2022-09-26 00:00:00,5220.497261300738,5239.175247924354,5015.039408440959,5061.734375,900600,4558597978.125
2022-09-27 00:00:00,5061.733998709862,5173.801910120413,5061.733998709862,5089.7509765625,651600,3316481736.328125
2022-09-28 00:00:00,5052.39514521846,5117.768095341435,4968.344209346064,5043.05615234375,791600,3992083250.1953125
2022-09-29 00:00:00,5151.559634937959,5179.864907657399,5085.513998592601,5132.689453125,605300,3106816925.9765625
2022-09-30 00:00:00,5151.559631232278,5160.994722131971,4934.552540539343,4991.1630859375,711000,3548716954.1015625
2022-10-03 00:00:00,4981.727967316514,5151.559602565941,4972.292876469323,5142.12451171875,543300,2793716247.216797
2022-10-04 00:00:00,5293.08557545304,5330.8259360623315,5217.604854234459,5255.34521484375,564300,2965591304.736328
2022-10-05 00:00:00,5311.956315104167,5311.956315104167,5198.735221354166,5236.4755859375,551700,2888963580.7617188
2022-10-06 00:00:00,5283.65087890625,5340.261424037388,5264.78069719587,5283.65087890625,572000,3022248302.734375
2022-10-07 00:00:00,5189.299740998641,5227.040102751359,5123.254107931386,5208.169921875,881300,4589960152.1484375
2022-10-11 00:00:00,5038.338605906072,5066.64387897296,4953.422786705408,4972.29296875,819400,4074296858.59375
2022-10-12 00:00:00,4991.163150794592,5010.033332839184,4915.682422616223,4972.29296875,572000,2844151578.125
2022-10-13 00:00:00,4925.117708583253,4953.422982770513,4896.8124343959935,4915.6826171875,423600,2082283156.640625
2022-10-14 00:00:00,5010.032949472403,5113.818942775974,4962.857497970779,5085.513671875,653600,3323891735.9375
2022-10-17 00:00:00,5010.033171001234,5047.773533871299,4981.727898848684,5019.46826171875,482800,2423399276.7578125
2022-10-18 00:00:00,5113.819103683872,5113.819103683872,4981.727835323034,5038.33837890625,833300,4198447371.142578
2022-10-19 00:00:00,5047.772856644981,5104.383393355019,5028.902677741636,5076.078125,559300,2839050495.3125
2022-10-20 00:00:00,5000.597846344227,5028.90311717259,4915.682033859136,4943.9873046875,674900,3336697031.9335938
2022-10-21 00:00:00,4925.117124135258,4991.162756068105,4925.117124135258,4943.9873046875,531000,2625257258.7890625
2022-10-24 00:00:00,5038.33837890625,5123.254194281075,5000.59801651744,5038.33837890625,859000,4327932667.480469
2022-10-25 00:00:00,5085.513998592601,5160.994725844439,5076.078907686121,5132.689453125,911100,4676393360.7421875
2022-10-26 00:00:00,5227.040102751359,5255.345374065897,5170.429560122283,5208.169921875,923200,4808182471.875
2022-10-27 00:00:00,5160.994469684103,5245.910283627717,5151.559379245924,5208.169921875,960600,5002968026.953125
2022-10-28 00:00:00,5311.95618396411,5359.131638528623,5132.689456618962,5274.2158203125,1973200,10407082656.640625
2022-10-31 00:00:00,5330.82630581326,5462.917577107748,5321.391215006511,5434.6123046875,940300,5110165950.097656
2022-11-01 00:00:00,5406.307258501445,5510.09326171875,5396.872167299872,5510.09326171875,539400,2972144305.3710938
2022-11-02 00:00:00,5528.963346465076,5576.138801639693,5500.658073360306,5538.3984375,625200,3462606703.125
2022-11-04 00:00:00,5444.047267308729,5538.398173154634,5434.612176724138,5472.3525390625,833700,4562300311.816406
2022-11-07 00:00:00,5528.9632819132,5576.138736537033,5510.093100063667,5557.2685546875,578300,3213768405.1757812
2022-11-08 00:00:00,5576.138639707823,5604.443911990604,5547.8333674250425,5585.57373046875,428600,2393976900.8789062
2022-11-09 00:00:00,5595.008885891155,5632.749249371027,5538.398340671345,5566.70361328125,503600,2803391939.6484375
2022-11-10 00:00:00,5519.528352920323,5557.268717726616,5491.223079315604,5510.09326171875,365500,2013939087.1582031
2022-11-11 00:00:00,5727.100065532484,5755.405337685033,5651.619339792353,5736.53515625,746500,4282323494.140625
2022-11-14 00:00:00,5661.054424009275,5708.229877542685,5576.138607649135,5595.0087890625,596200,3335744240.0390625
2022-11-15 00:00:00,5547.8333674250425,5604.443911990604,5500.657913620408,5585.57373046875,472400,2638625030.2734375
2022-11-16 00:00:00,5595.008693208631,5661.0543270239095,5500.657787758232,5623.31396484375,674400,3792362937.890625
2022-11-17 00:00:00,5632.749184273385,5642.184275034312,5547.8333674250425,5585.57373046875,416800,2328067130.859375
2022-11-18 00:00:00,5623.314191160866,5632.749282085632,5538.398372837967,5557.2685546875,610500,3392712452.6367188
2022-11-21 00:00:00,5595.00898370954,5613.879165779386,5510.09316439523,5538.3984375,877800,4861606148.4375
2022-11-22 00:00:00,5566.703645612267,5632.749282085632,5547.833463762734,5557.2685546875,646500,3592774120.6054688
2022-11-24 00:00:00,5623.31382545406,5632.748915765224,5519.52783203125,5519.52783203125,711700,3928247958.0566406
2022-11-25 00:00:00,5519.527562547308,5519.527562547308,5444.046843743242,5453.48193359375,698300,3808166434.2285156
2022-11-28 00:00:00,5453.482715358633,5453.482715358633,5311.956347312994,5368.56689453125,973200,5224689301.7578125
2022-11-29 00:00:00,5311.95556640625,5340.260835854241,5264.780117326266,5311.95556640625,709700,3769894865.4785156
2022-11-30 00:00:00,5311.9560868341305,5359.131540536032,5283.65081461299,5302.52099609375,1846100,9788984010.888672
2022-12-01 00:00:00,5425.176664042226,5500.6573828462915,5378.001214789684,5453.48193359375,966900,5272971681.591797
2022-12-02 00:00:00,5378.001787458147,5378.001787458147,5255.34560634068,5283.65087890625,736800,3892993967.578125
2022-12-05 00:00:00,5245.910219708935,5283.650581001805,5227.0400390625,5227.0400390625,508100,2655859043.8476562
2022-12-06 00:00:00,5227.040301916221,5311.9561190953655,5217.605211118538,5293.0859375,645500,3416686972.65625
2022-12-07 00:00:00,5283.650645380435,5311.955916694973,5189.299740998641,5208.169921875,908100,4729539106.0546875
2022-12-08 00:00:00,5189.299901094036,5217.605173281821,5123.254265989202,5160.99462890625,791400,4084411149.3164062
2022-12-09 00:00:00,5189.300033952173,5283.650943660395,5170.4298520105285,5264.78076171875,672400,3540038584.1796875
2022-12-12 00:00:00,5227.040397835462,5293.0860346312165,5198.735124922995,5264.78076171875,313100,1648402856.4941406
2022-12-13 00:00:00,5349.69654761572,5359.131638528623,5274.2158203125,5274.2158203125,538000,2837528111.328125
2022-12-14 00:00:00,5293.086002138305,5311.95618396411,5255.345638486695,5274.2158203125,334200,1762642927.1484375
2022-12-15 00:00:00,5208.169921875,5255.345374065897,5179.864650560462,5208.169921875,437500,2278574340.8203125
2022-12-16 00:00:00,5113.819303565262,5160.994758395201,5076.078939701312,5123.25439453125,711800,3646732478.0273438
2022-12-19 00:00:00,5094.94915388607,5142.124609014645,5094.94915388607,5113.8193359375,524200,2680664095.8984375
2022-12-20 00:00:00,5113.818896949405,5132.689077380952,4925.117092633928,4953.42236328125,847700,4199016137.3535156
2022-12-21 00:00:00,4943.987066224564,4962.857245866642,4868.50634765625,4868.50634765625,709000,3451771000.4882812
2022-12-22 00:00:00,4906.247134411197,4934.552406340493,4877.941862481902,4887.376953125,469200,2293157266.40625
2022-12-23 00:00:00,4811.896682012649,4840.201956612724,4745.851041279142,4755.2861328125,711800,3384812669.3359375
2022-12-26 00:00:00,4774.156055450439,4840.201692581177,4755.285873413086,4830.7666015625,337100,1628451421.3867188
2022-12-27 00:00:00,4887.3768796410895,4896.811970142327,4712.827705368193,4764.720703125,474600,2261336445.703125
2022-12-28 00:00:00,4726.980404681287,4774.155857821819,4670.3698609126495,4745.8505859375,482700,2290822077.8320312
2022-12-29 00:00:00,4717.545314053181,4755.285676565606,4698.675132796968,4745.8505859375,379600,1801524882.421875
2022-12-30 00:00:00,4745.8505859375,4802.461129706138,4736.415495309394,4745.8505859375,411200,1951493760.9375
2023-01-04 00:00:00,4693.957455991148,4774.155724083459,4684.5223656273465,4712.82763671875,683600,3221688972.4609375
2023-01-05 00:00:00,4717.544615502451,4811.8955078125,4717.544615502451,4811.8955078125,713000,3430881497.0703125
2023-01-06 00:00:00,4802.46081186038,4896.81171189693,4783.590631853071,4840.201171875,798100,3862964555.2734375
2023-01-10 00:00:00,4915.6822250542955,4981.727859555985,4877.941862481902,4887.376953125,832700,4069718788.8671875
2023-01-11 00:00:00,4840.201436673678,4953.422522911658,4830.766346153846,4906.2470703125,790400,3877897684.375
2023-01-12 00:00:00,4953.42236328125,5000.597814360119,4934.552182849702,4953.42236328125,573100,2838806356.3964844
2023-01-13 00:00:00,4906.247166646518,4943.987529466876,4849.636622415982,4877.94189453125,560700,2735062020.263672
2023-01-16 00:00:00,4793.026498945933,4840.201956612724,4736.415949745784,4755.2861328125,440800,2096130127.34375
2023-01-17 00:00:00,4764.720607967827,4849.636420783096,4764.720607967827,4793.02587890625,378200,1812722387.4023438
2023-01-18 00:00:00,4811.896196486633,4925.117283462789,4755.285652998555,4896.81201171875,766400,3752916725.78125
2023-01-19 00:00:00,4821.3313109623505,4840.2014922185635,4745.8505859375,4745.8505859375,667100,3165956925.8789062
2023-01-20 00:00:00,4712.827705368193,4764.720703125,4698.675069616337,4764.720703125,573700,2733520267.3828125
2023-01-23 00:00:00,4859.071649393365,4906.247102300096,4793.026015323941,4896.81201171875,665300,3257849031.3964844
2023-01-24 00:00:00,5010.033267736885,5019.468358636578,4962.857813238421,4991.1630859375,588900,2939295941.3085938
2023-01-25 00:00:00,4991.162473066663,5047.773011513544,4934.551934619782,5028.90283203125,556300,2797578645.4589844
2023-01-26 00:00:00,5019.468293903014,5066.6437477930795,4972.292840012948,5010.033203125,861000,4313638587.890625
2023-01-27 00:00:00,4840.201468230672,4962.8576457881745,4783.590924742594,4896.81201171875,2153900,10547243392.041016
2023-01-30 00:00:00,4906.24691220238,5038.338175223214,4887.376731770833,4953.42236328125,1069300,5296694533.056641
2023-01-31 00:00:00,4991.162820282568,4991.162820282568,4896.811916307472,4925.1171875,607500,2992008691.40625
2023-02-01 00:00:00,4981.728256957774,4981.728256957774,4877.942251604487,4915.6826171875,578900,2845688667.0898438
2023-02-02 00:00:00,4962.857517103848,4962.857517103848,4896.811884746953,4934.55224609375,492400,2429773525.9765625
2023-02-03 00:00:00,4943.987496983591,4943.987496983591,4859.0716811957045,4887.376953125,622900,3044347104.1015625
2023-02-06 00:00:00,4925.117348056698,4934.552438761787,4868.506803826161,4877.94189453125,561000,2736525402.8320312
2023-02-07 00:00:00,4877.941862481902,4906.247134411197,4849.636590552606,4887.376953125,426800,2085932483.59375
2023-02-08 00:00:00,4925.117544872187,4925.117544872187,4793.026269722358,4821.33154296875,761100,3669515437.3535156
2023-02-09 00:00:00,4755.286288606518,4877.942482558669,4755.286288606518,4849.63720703125,697600,3383106915.625
2023-02-10 00:00:00,4859.072298873723,4915.682849928563,4830.767023346303,4849.63720703125,554700,2690093758.7402344
2023-02-13 00:00:00,4830.766441005802,4887.376985236339,4821.331350300713,4877.94189453125,485800,2369704172.3632812
2023-02-14 00:00:00,4934.552341871995,4943.987432391827,4877.941798753004,4906.2470703125,416500,2043451904.7851562
2023-02-15 00:00:00,4981.727729885058,4981.727729885058,4915.682097102491,4925.1171875,567900,2796974050.78125
2023-02-16 00:00:00,4962.857654128628,5038.33837890625,4943.987472934223,5038.33837890625,617500,3111173948.9746094
2023-02-17 00:00:00,4943.987336430449,4972.292607440548,4915.682065420351,4934.55224609375,587700,2900036355.029297
2023-02-20 00:00:00,4934.55224609375,4962.857517103848,4925.117155757051,4934.55224609375,304500,1502571158.9355469
2023-02-21 00:00:00,4925.117283462789,4934.552374044136,4887.376921137404,4896.81201171875,293300,1436234963.0371094
2023-02-22 00:00:00,4840.201394786005,4868.506666100543,4764.720671280571,4774.15576171875,646500,3086491699.951172
2023-02-24 00:00:00,4811.895808730014,4877.94143747729,4793.025629087936,4868.50634765625,488400,2377778500.1953125
2023-02-27 00:00:00,4849.636433063456,4953.422426767149,4840.201342726757,4934.55224609375,407600,2011323495.5078125
2023-02-28 00:00:00,4962.857421875,4981.727602186312,4934.552151408032,4962.857421875,761400,3778719641.015625
2023-03-01 00:00:00,4943.987441588785,5047.7734375,4943.987441588785,5047.7734375,519100,2620299191.40625
2023-03-02 00:00:00,5038.338403414576,5047.773494057674,4859.0716811957045,4887.376953125,960900,4696280514.2578125
2023-03-03 00:00:00,4915.682326982605,5010.033235369988,4906.247236143868,5000.59814453125,913700,4569046524.658203
2023-03-06 00:00:00,5019.468362247243,5132.689453125,5010.033271340762,5132.689453125,904600,4643030879.296875
2023-03-07 00:00:00,5094.949025583792,5170.429751888736,5076.078844007555,5151.5595703125,599000,3085784182.6171875
2023-03-08 00:00:00,5057.20833814695,5123.253969428721,5047.773247963841,5104.3837890625,641200,3272930885.546875
2023-03-09 00:00:00,5170.429581827192,5170.429581827192,5038.338315138177,5057.20849609375,690200,3490485304.0039062
2023-03-10 00:00:00,4943.987336430449,4991.162788113946,4934.55224609375,4934.55224609375,888600,4384843125.878906
2023-03-13 00:00:00,4868.506739974711,4906.247102300096,4821.331287067979,4896.81201171875,592900,2903319841.748047
2023-03-14 00:00:00,4802.4604205544665,4811.895509789348,4632.628814326607,4660.93408203125,1122000,5229568040.0390625
2023-03-15 00:00:00,4726.980404681287,4755.285676565606,4698.675132796968,4745.8505859375,648400,3077209519.921875
2023-03-16 00:00:00,4604.323966733871,4717.545047883064,4594.888876638105,4679.8046875,724700,3391454457.03125
2023-03-17 00:00:00,4736.41552734375,4755.28570872759,4665.652347154351,4736.41552734375,755800,3579782855.5664062
2023-03-20 00:00:00,4703.39267420456,4764.720763236314,4675.08740234375,4675.08740234375,584800,2733991112.890625
2023-03-22 00:00:00,4774.1558901114295,4774.1558901114295,4717.54534595991,4736.41552734375,640500,3033674145.263672
2023-03-23 00:00:00,4698.675132796968,4774.155857821819,4670.3698609126495,4745.8505859375,547100,2596454855.5664062
2023-03-24 00:00:00,4736.415399966033,4811.896123471467,4736.415399966033,4774.15576171875,562400,2684985200.390625
2023-03-27 00:00:00,4783.590788593443,4821.331149844673,4745.850427342212,4793.02587890625,610900,2928059509.423828
2023-03-28 00:00:00,4830.7662082514735,4830.7662082514735,4783.590756999018,4802.4609375,421800,2025678023.4375
2023-03-29 00:00:00,4811.896259595624,4887.376985236339,4811.896259595624,4877.94189453125,740300,3611140384.5214844
2023-03-30 00:00:00,4944.76330029577,4992.49267578125,4935.2174251986735,4992.49267578125,608900,3039928790.283203
2023-03-31 00:00:00,4992.492114257812,5030.675610351562,4944.762744140625,4963.8544921875,797400,3958177572.0703125
2023-04-03 00:00:00,5059.31396484375,5068.859840249115,4982.9469616008255,5059.31396484375,598800,3029517202.1484375
2023-04-04 00:00:00,5049.767649715108,5107.042897159892,5021.130025992717,5078.4052734375,779400,3958109070.1171875
2023-04-05 00:00:00,5002.03836089199,5030.6759850955705,4887.48786407767,4916.12548828125,875400,4303576252.441406
2023-04-06 00:00:00,4801.575148531063,4830.212773671407,4758.618710820546,4782.4833984375,687500,3287957336.4257812
2023-04-07 00:00:00,4753.845796501494,4811.1210470617525,4749.072858954805,4792.029296875,611700,2931284320.8984375
2023-04-10 00:00:00,4801.575148531063,4820.666898624626,4739.526960726984,4782.4833984375,617100,2951270505.1757812
2023-04-11 00:00:00,4858.850025282547,4858.850025282547,4811.120653717885,4830.21240234375,617300,2981690115.966797
2023-04-12 00:00:00,4858.850145433281,4906.579518178205,4849.304270884296,4877.94189453125,434500,2119465753.1738281
2023-04-13 00:00:00,4830.212936761811,4868.396438238189,4830.212936761811,4849.3046875,619600,3004629184.375
2023-04-14 00:00:00,4877.941989343143,4916.12548828125,4849.304365139563,4916.12548828125,716300,3521420687.2558594
2023-04-17 00:00:00,4925.670849039397,4935.2167227778455,4868.395606608707,4906.5791015625,561000,2752590875.9765625
2023-04-18 00:00:00,4906.579542160034,4906.579542160034,4849.304294586182,4887.48779296875,806500,3941758905.029297
2023-04-19 00:00:00,4868.39599609375,4897.033619600184,4849.304247089461,4868.39599609375,603600,2938563823.2421875
2023-04-20 00:00:00,4868.396043777466,4906.579542160034,4868.396043777466,4887.48779296875,427800,2090867277.8320312
2023-04-21 00:00:00,4897.033785851367,4973.400784461134,4887.487911025145,4935.21728515625,786700,3882535438.232422
2023-04-24 00:00:00,4935.217261499213,4954.309011060138,4906.579637157824,4925.67138671875,474700,2338216207.2753906
2023-04-25 00:00:00,4963.854716662574,4963.854716662574,4849.30422320113,4858.85009765625,694900,3376414932.861328
2023-04-26 00:00:00,4820.666369494495,4830.212243493494,4753.8452515015015,4768.1640625,830800,3961390703.125
2023-04-27 00:00:00,4744.299990331065,4830.212867419555,4744.299990331065,4820.6669921875,806700,3888832062.5976562
2023-04-28 00:00:00,5135.68082712156,5221.593703411697,5068.859701118119,5202.501953125,2975500,15480044561.523438
2023-05-01 00:00:00,5192.956124314443,5259.777250914077,5164.318498628885,5221.59375,1151200,6011098725.0
2023-05-02 00:00:00,5278.868556288422,5288.4144307120905,5202.501560899078,5240.68505859375,927700,4861783528.857422
2023-05-08 00:00:00,5297.960680793313,5297.960680793313,5126.134928983801,5192.9560546875,807500,4193312014.1601562
2023-05-09 00:00:00,5288.414943287544,5479.332450265433,5278.869067938649,5450.69482421875,1592700,8681321646.533203
2023-05-10 00:00:00,5460.2401622913,5479.331911110501,5402.9649158337,5431.6025390625,1088800,5913928844.53125
2023-05-11 00:00:00,5441.147998729785,5507.96911450366,5412.51037768384,5460.23974609375,960700,5245652324.072266
2023-05-12 00:00:00,5498.424339254766,5527.061966021718,5469.786712487814,5507.97021484375,892400,4915312619.7265625
2023-05-15 00:00:00,5517.515577528212,5527.061452229818,5460.240329318576,5498.423828125,510500,2806945364.2578125
2023-05-16 00:00:00,5507.969797279095,5536.607421875,5460.240422952586,5536.607421875,506000,2801523355.46875
2023-05-17 00:00:00,5536.608000454838,5612.975007357662,5527.062124591985,5574.79150390625,694700,3872807657.763672
2023-05-18 00:00:00,5632.066107402278,5727.524854985368,5612.9743578856605,5708.43310546875,1298900,7414683760.693359
2023-05-19 00:00:00,5861.166968291191,5908.896340997145,5775.254097420473,5851.62109375,1189400,6959918128.90625
2023-05-22 00:00:00,5775.253712361983,5908.895947028211,5708.432595028869,5889.80419921875,770200,4536327194.238281
2023-05-23 00:00:00,5927.98811424827,5937.53398882838,5842.0752430272805,5861.1669921875,674900,3955701603.0273438
2023-05-24 00:00:00,5822.983301748143,5851.620924543626,5775.253930422339,5784.7998046875,738400,4271496175.78125
2023-05-25 00:00:00,5803.891744706841,5870.712866767611,5765.708246386401,5861.1669921875,480700,2817462973.1445312
2023-05-26 00:00:00,5870.712697564869,5880.258571869852,5765.70808021005,5794.345703125,710100,4114564883.7890625
2023-05-29 00:00:00,5956.625664893617,5975.717413819559,5822.9834224120295,5832.529296875,816000,4759343906.25
2023-05-30 00:00:00,5794.345605954602,5842.074976679105,5737.0703610852,5756.162109375,743700,4280857760.7421875
2023-05-31 00:00:00,5660.703961815907,5679.795712108709,5584.336960644698,5603.4287109375,1705500,9556647666.503906
2023-06-01 00:00:00,5612.974586083901,5660.703961815907,5565.245210351895,5603.4287109375,610800,3422574256.640625
2023-06-02 00:00:00,5651.157926892679,5737.07080078125,5641.612052016171,5737.07080078125,629200,3609764947.8515625
2023-06-05 00:00:00,5822.983930687204,5842.075681279621,5756.162803613744,5841.12109375,637700,3724882921.484375
2023-06-06 00:00:00,5747.570550055174,5854.484335407471,5709.387055286496,5839.2109375,730700,4266711432.03125
2023-06-07 00:00:00,5839.211169945265,5856.393743275168,5728.479030708115,5738.9794921875,1072900,6157351097.167969
2023-06-08 00:00:00,5738.979914211334,5772.390475920815,5671.20420331496,5712.25146484375,662800,3786080270.8984375
2023-06-09 00:00:00,5753.298986105414,5830.620575266612,5727.5251230516815,5818.2109375,867900,5049625272.65625
2023-06-12 00:00:00,5842.075543472843,5993.854957102284,5822.029205823671,5984.30908203125,1146700,6862207224.365234
2023-06-13 00:00:00,6074.04018979379,6176.181051071165,6039.67504020514,6135.1337890625,1404100,8614341353.222656
2023-06-14 00:00:00,6230.592545091976,6255.411819823459,6115.087458841612,6137.99755859375,1011600,6209198330.2734375
2023-06-15 00:00:00,6124.633731761462,6185.727335070803,6089.313992348249,6100.76904296875,877000,5350374450.683594
2023-06-16 00:00:00,6100.768686168227,6183.817798309776,6046.357198903075,6154.2255859375,1718800,10577882937.109375
2023-06-19 00:00:00,6179.999809760552,6230.592950001101,6075.949766624331,6100.76904296875,1206500,7360577850.341797
2023-06-20 00:00:00,6078.81340490374,6080.722579968094,6012.9468651835205,6049.22119140625,770700,4662134772.216797
2023-06-21 00:00:00,6074.040072293496,6110.314396157578,6016.764824087051,6087.404296875,806000,4906447863.28125
2023-06-22 00:00:00,6047.311566324473,6131.315262904829,6042.538629018771,6064.494140625,597800,3625354597.265625
2023-06-23 00:00:00,6095.041199462305,6130.360937031624,5924.170036626948,5970.94482421875,686400,4098456527.34375
2023-06-26 00:00:00,5947.080127335877,6012.946664861747,5886.941114812255,5967.12646484375,682200,4070773674.3164062
2023-06-27 00:00:00,6010.082840737951,6015.810365681476,5899.350691829819,5942.30712890625,836200,4968957221.191406
2023-06-28 00:00:00,6035.856497796001,6064.49412154009,5990.036299805457,6056.857421875,476300,2884881190.0390625
2023-06-29 00:00:00,6055.902762519794,6094.086260391924,6006.264215286025,6028.2197265625,616600,3717000283.3984375
2023-06-30 00:00:00,6052.084844495231,6072.131182308227,5965.217380638911,6004.35546875,614900,3692078177.734375
2023-07-03 00:00:00,6041.583962819546,6069.266998831834,6007.218814666362,6032.99267578125,733700,4426406726.220703
2023-07-04 00:00:00,6011.037437743945,6044.44799996739,5945.170900789152,5946.12548828125,520100,3092579866.455078
2023-07-05 00:00:00,5895.5323721545365,5979.536071757775,5856.394284839392,5954.716796875,514300,3062510848.6328125
2023-07-06 00:00:00,5883.122292390524,5884.076879814245,5768.571801544043,5778.11767578125,744800,4303542044.921875
2023-07-07 00:00:00,5726.570768800256,5770.481796532346,5680.750565949379,5713.20654296875,664500,3796425747.8027344
2023-07-10 00:00:00,5702.7054973323175,5725.615596417683,5660.703649009146,5675.0224609375,614600,3487868804.4921875
2023-07-11 00:00:00,5720.842685471453,5725.6156228028985,5654.021562831205,5685.52294921875,551600,3136134458.7890625
2023-07-12 00:00:00,5681.704435929008,5686.477373123169,5550.925956809002,5620.61083984375,535600,3010399165.8203125
2023-07-13 00:00:00,5652.112498112922,5762.844646361715,5634.929923384661,5730.388671875,793700,4548209488.8671875
2023-07-14 00:00:00,5733.2518400665895,5781.935796750472,5646.384387944368,5689.3408203125,672200,3824374899.4140625
2023-07-18 00:00:00,5708.432721767081,5750.434567880417,5692.204735768746,5749.47998046875,337400,1939874545.4101562
2023-07-19 00:00:00,5822.98335025185,5839.211336637798,5757.116817273592,5803.8916015625,515200,2990164953.125
2023-07-20 00:00:00,5775.253879567965,5802.936914693167,5741.843319934101,5764.75341796875,420500,2424078812.2558594
2023-07-21 00:00:00,5742.797787979966,5775.253759521077,5709.387229040589,5717.978515625,437500,2501615600.5859375
2023-07-24 00:00:00,5787.663970825682,5815.347008126349,5729.434133744968,5750.43505859375,586500,3372630161.8652344
2023-07-25 00:00:00,5787.664071835854,5791.482421875,5756.162684012897,5791.482421875,382400,2214662878.125
2023-07-26 00:00:00,5746.61626910469,5790.5272904300755,5700.796072939072,5769.5263671875,638600,3684419538.0859375
2023-07-27 00:00:00,5747.571282003599,5753.298806948295,5668.340520268621,5744.70751953125,714100,4102295639.6972656
2023-07-28 00:00:00,5935.625192956723,6041.584407562415,5855.439841363226,6014.85595703125,1988600,11961142556.152344
2023-07-31 00:00:00,6038.7204318238255,6179.04479215865,6003.400694868802,6126.54248046875,1522900,9330111543.50586
2023-08-01 00:00:00,6204.818819002445,6394.781733614981,6190.500006343208,6392.87255859375,1617800,10342389225.292969
2023-08-02 00:00:00,6470.193965650401,6608.609150811113,6427.237528876387,6517.92333984375,2019400,13162294392.480469
2023-08-03 00:00:00,6422.464918308138,6466.375944800732,6243.00246220797,6251.59375,1287500,8048926953.125
2023-08-04 00:00:00,6226.774175630398,6352.779723872497,6218.182888250254,6327.96044921875,859300,5437616414.013672
2023-08-07 00:00:00,6281.185613082627,6329.869574521414,6230.592476685457,6307.9140625,509100,3211359049.21875
2023-08-08 00:00:00,6313.641739712508,6374.735339854873,6281.185764636876,6369.96240234375,659400,4200353208.1054688
2023-08-09 00:00:00,6367.09912109375,6380.463347135026,6314.596804503021,6367.09912109375,550500,3505088066.1621094
2023-08-10 00:00:00,6319.369409701603,6432.965325072372,6304.096009315618,6430.1015625,557300,3583495600.78125
2023-08-14 00:00:00,6385.235621941673,6417.691596100145,6280.230999664265,6297.41357421875,631900,3979335637.548828
2023-08-15 00:00:00,6348.006840635336,6369.96235301648,6309.82334084204,6349.916015625,431000,2736813802.734375
2023-08-16 00:00:00,6286.913528112387,6321.278679495936,6250.639201651976,6267.82177734375,397800,2493339503.0273438
2023-08-17 00:00:00,6247.775309244792,6255.412009393602,6136.088569568453,6214.36474609375,476200,2959280492.0898438
2023-08-18 00:00:00,6123.6787626708865,6167.589787313577,6086.449850473823,6144.6796875,624400,3836737996.875
2023-08-21 00:00:00,6154.225417382445,6182.863041474499,6084.54053209178,6086.44970703125,483200,2940972498.4375
2023-08-22 00:00:00,6141.815466030344,6168.543913815369,6107.450318878169,6156.13427734375,321300,1977965943.3105469
2023-08-23 00:00:00,6109.360096153846,6211.500960261418,6098.8596334885815,6204.81884765625,380700,2362174535.3027344
2023-08-24 00:00:00,6223.910244419132,6289.776779214365,6197.181795516719,6259.22998046875,422100,2642020974.7558594
2023-08-25 00:00:00,6172.362422204767,6251.593180176156,6169.498659868453,6219.13720703125,496500,3087801623.2910156
2023-08-28 00:00:00,6286.913349502958,6399.554675837812,6250.63902407309,6394.78173828125,508100,3249188601.220703
2023-08-29 00:00:00,6441.556053843,6441.556053843,6359.461533891829,6402.41796875,429800,2751759242.96875
2023-08-30 00:00:00,6440.601263950893,6539.878354724702,6436.782914305746,6515.05908203125,572200,3727916806.7382812
2023-08-31 00:00:00,6499.78580390625,6570.425273650569,6487.376167329546,6562.78857421875,703500,4616921761.962891
2023-09-01 00:00:00,6524.60562054178,6600.972621221128,6519.83268299932,6586.65380859375,447600,2948186244.7265625
2023-09-04 00:00:00,6581.880549733231,6653.474609375,6543.697051257622,6653.474609375,449000,2987410099.609375
2023-09-05 00:00:00,6617.200180930552,6624.83688050462,6541.787772636623,6611.47265625,815900,5394300540.234375
2023-09-06 00:00:00,6634.38295929077,6747.978868953446,6615.291209767631,6693.5673828125,557600,3732333172.65625
2023-09-07 00:00:00,6664.9295556845045,6720.295627616573,6602.881371622704,6612.42724609375,419100,2771268258.8378906
2023-09-08 00:00:00,6615.291318101372,6624.837193019267,6521.741743905999,6539.87890625,601100,3931121210.546875
2023-09-11 00:00:00,6579.016416451182,6579.016416451182,6486.421437867931,6506.4677734375,329800,2145833071.6796875
2023-09-12 00:00:00,6548.469767601698,6589.517027077918,6482.603234953809,6564.69775390625,451600,2964617505.6640625
2023-09-13 00:00:00,6608.608650804369,6612.427000450941,6490.239811760639,6516.013671875,459600,2994759883.59375
2023-09-14 00:00:00,6523.650653610581,6642.019497779108,6519.832303798693,6628.6552734375,549200,3640457476.171875
2023-09-15 00:00:00,6724.114311843338,6786.16249899124,6670.657412146685,6746.06982421875,944800,6373686769.921875
2023-09-19 00:00:00,6691.658067027048,6696.43100430738,6586.653446859718,6637.24658203125,592300,3931241150.5371094
2023-09-20 00:00:00,6639.15597429747,6656.338549069195,6515.059600946115,6527.46923828125,514100,3355771935.4003906
2023-09-21 00:00:00,6493.104235350979,6510.2868105106845,6378.553734286275,6388.099609375,437200,2792877149.21875
2023-09-22 00:00:00,6300.276843612031,6516.0135961357155,6286.912620004369,6486.42138671875,715000,4637791291.503906
2023-09-25 00:00:00,6543.697412363467,6620.064413528906,6509.33226183902,6603.83642578125,443700,2930122222.1191406
2023-09-26 00:00:00,6629.610144771083,6629.610144771083,6516.014233003227,6545.6064453125,466400,3052870846.09375
2023-09-27 00:00:00,6479.739956939245,6573.289532039428,6448.238569405509,6565.65283203125,511400,3357674858.3007812
2023-09-28 00:00:00,6627.283579848144,6661.95114870524,6528.0958133958975,6575.2822265625,518200,3407311249.8046875
2023-09-29 00:00:00,6543.50330541652,6553.133185189024,6467.427255213737,6496.31689453125,578300,3756820060.107422
2023-10-02 00:00:00,6562.763552365604,6627.283751633174,6472.24267578125,6472.24267578125,548500,3550025107.6660156
2023-10-03 00:00:00,6435.648970636483,6456.834707185039,6221.865629101049,6237.2734375,576700,3597035591.40625
2023-10-04 00:00:00,6126.530057842908,6126.530057842908,6001.34160963172,6036.97216796875,640200,3864869581.9335938
2023-10-05 00:00:00,6108.233015368139,6154.456440362254,6012.897201317777,6136.15966796875,556300,3413545623.2910156
2023-10-06 00:00:00,6151.567670488021,6202.606037196828,6119.789064801404,6129.4189453125,384600,2357374526.3671875
2023-10-10 00:00:00,6259.421612033717,6348.016502542501,6253.643684391839,6344.16455078125,508800,3227910923.4375
2023-10-11 00:00:00,6332.609276333308,6386.53660593712,6312.386527731878,6328.75732421875,451100,2854902428.955078
2023-10-12 00:00:00,6412.537815916244,6544.46718680985,6410.611839698819,6540.615234375,649000,4244859287.109375
2023-10-13 00:00:00,6470.31620849282,6544.4662826190215,6450.093461003856,6462.6123046875,490200,3167972551.7578125
2023-10-16 00:00:00,6293.126737757956,6309.497534168344,6185.272079054224,6218.013671875,563900,3506337909.5703125
2023-10-17 00:00:00,6307.571459333385,6353.794883768195,6192.97588625542,6218.9765625,604200,3757505639.0625
2023-10-18 00:00:00,6275.7928564067815,6282.5337724716655,6184.308995526217,6223.79150390625,554200,3449225251.4648438
2023-10-19 00:00:00,6140.974578886662,6163.123303257745,6026.379004966713,6030.23095703125,656700,3960052669.482422
2023-10-20 00:00:00,5991.711916880862,6036.009369175385,5956.081357426572,6006.15673828125,459500,2759829021.2402344
2023-10-23 00:00:00,5967.636807276239,5998.452424160673,5904.0795974520925,5932.96923828125,413700,2454469373.876953
2023-10-24 00:00:00,5994.600172379401,6012.8969439898765,5758.66811740222,5921.4130859375,627400,3715094570.1171875
2023-10-25 00:00:00,5956.081345187946,6008.082702122489,5922.376761989631,5943.5625,417400,2480842987.5
2023-10-26 00:00:00,5868.449397090113,5874.227325607104,5763.483695698118,5784.66943359375,721000,4170746661.6210938
2023-10-27 00:00:00,5864.596481549038,5958.006310565501,5830.891904068872,5856.892578125,1058800,6201277861.71875
2023-10-30 00:00:00,5826.076979217894,5826.076979217894,5590.144936257831,5629.62744140625,930800,5240057222.4609375
2023-10-31 00:00:00,5604.59049559429,5629.628185093507,5400.437027369892,5467.84619140625,1069600,5848408286.328125
2023-11-01 00:00:00,5660.444128344369,5674.888950039702,5545.84854289473,5590.14599609375,843800,4716965191.503906
2023-11-02 00:00:00,5728.816155622165,6023.490511584576,5684.518703418665,5943.5625,1410200,8381611837.5
2023-11-06 00:00:00,6192.013007926559,6307.571571060492,6163.123367143076,6266.1630859375,1299300,8141625697.558594
2023-11-07 00:00:00,6073.565481177818,6120.751894461108,5862.671103442295,5899.2646484375,1456000,8589329328.125
2023-11-08 00:00:00,5931.043532455497,5941.636401242153,5780.817393299294,5828.966796875,770000,4488304433.59375
2023-11-09 00:00:00,5832.818660644692,5910.8206932536095,5814.521887563587,5868.44921875,475000,2787513378.90625
2023-11-10 00:00:00,5830.892399639324,5903.116500378044,5817.41056750143,5890.59765625,596500,3513741501.953125
2023-11-13 00:00:00,5986.896959311326,6006.156721123491,5919.48779296875,5919.48779296875,650800,3852402655.6640625
2023-11-14 00:00:00,5946.4507943776125,6030.230748889492,5932.005974634186,5988.822265625,439300,2630889621.2890625
2023-11-15 00:00:00,6110.158932292725,6125.566740475023,5913.709377968419,5924.30224609375,1021200,6049897453.7109375
2023-11-16 00:00:00,5805.855185037462,5898.3020415250385,5787.55841135763,5852.07861328125,831700,4867173782.666016
2023-11-17 00:00:00,5845.337510948225,5896.375878012517,5810.669940866818,5892.52392578125,554800,3269172274.0234375
2023-11-20 00:00:00,5911.7836710645615,5949.340205218579,5825.11474609375,5825.11474609375,372200,2168107708.4960938
2023-11-21 00:00:00,5838.596493260118,5899.264739850154,5822.22569656122,5874.22705078125,568200,3337735810.2539062
2023-11-22 00:00:00,5835.707437446394,5906.9685513690065,5831.8554853424685,5894.44970703125,246100,1450624072.9003906
2023-11-24 00:00:00,5918.524815268764,6025.416493513937,5913.709874807269,5972.4521484375,469900,2806455264.5507812
2023-11-27 00:00:00,5970.5259561968,5980.1558367713105,5848.22647290051,5882.89404296875,471200,2772019673.046875
2023-11-28 00:00:00,5886.745489729802,5886.745489729802,5816.44736757206,5829.92919921875,394700,2301073054.9316406
2023-11-29 00:00:00,5797.188384409602,5855.9306587366755,5780.817586646319,5827.041015625,468800,2731716828.125
2023-11-30 00:00:00,5828.9665411986225,5984.007613911819,5827.040565140073,5971.48876953125,967400,5776818235.644531
2023-12-01 00:00:00,6030.2307230001325,6030.2307230001325,5888.671490122295,5906.96826171875,521900,3082846735.7910156
2023-12-04 00:00:00,5898.302047327222,5907.931928220817,5828.966904893335,5880.96826171875,380100,2235356036.279297
2023-12-05 00:00:00,5859.7825111911925,5900.228010857591,5811.6331068264335,5818.3740234375,431700,2511792065.9179688
2023-12-06 00:00:00,5824.1520661872555,5908.89501953125,5823.189078081074,5908.89501953125,437600,2585732460.546875
2023-12-07 00:00:00,5871.338053521847,5892.523790306737,5729.778812277347,5744.2236328125,572600,3289142452.1484375
2023-12-08 00:00:00,5678.740322433911,5691.259166624456,5610.368173393245,5644.07275390625,727200,4104369706.640625
2023-12-11 00:00:00,5758.6681516293365,5799.113647008673,5707.629788412555,5718.22265625,413200,2362769601.5625
2023-12-12 00:00:00,5826.0773225786215,5828.966286540231,5736.5194397687355,5756.7421875,397700,2289456367.96875
2023-12-13 00:00:00,5765.409178299874,5780.816986359469,5699.925994046593,5760.59423828125,375100,2160798898.779297
2023-12-14 00:00:00,5790.447154420873,5796.2250827306225,5708.593170032751,5733.630859375,441800,2533118113.671875
2023-12-15 00:00:00,5719.1861389814685,5766.372554339288,5718.2231509129415,5747.11279296875,552200,3173555684.2773438
2023-12-18 00:00:00,5700.889054808182,5707.629970920286,5610.3681813027815,5672.96240234375,409000,2320241622.5585938
2023-12-19 00:00:00,5633.480390211814,5735.55712890625,5619.03556869845,5735.55712890625,432400,2480054902.5390625
2023-12-20 00:00:00,5828.966522525659,5929.117277249377,5824.151582394711,5899.2646484375,892600,5265683625.1953125
2023-12-21 00:00:00,5828.004001058752,5935.858668626263,5796.225393650467,5812.59619140625,501700,2916179509.2285156
2023-12-22 00:00:00,5854.967374669093,5914.672634081838,5792.373151091217,5820.2998046875,405700,2361295630.7617188
2023-12-25 00:00:00,5870.374579777269,5871.337567733269,5768.297856441247,5782.74267578125,246900,1427759166.6503906
2023-12-26 00:00:00,5812.595794444156,5833.781531269499,5782.743165281172,5787.55810546875,256100,1482193630.8105469
2023-12-27 00:00:00,5806.817885525708,5892.523821149553,5806.817885525708,5864.59716796875,326600,1915377435.0585938
2023-12-28 00:00:00,5826.077348964342,5854.966988711272,5817.410457040262,5843.4111328125,218100,1274447968.0664062
2023-12-29 00:00:00,5807.780480367699,5874.226650678654,5802.002552514572,5844.3740234375,339900,1986502730.5664062
2024-01-04 00:00:00,5830.892881072054,5887.709178344267,5741.334988761616,5880.96826171875,373200,2194777355.2734375
2024-01-05 00:00:00,5898.301650143516,5910.8204944621875,5833.78145250113,5860.7451171875,401000,2350158791.9921875
2024-01-09 00:00:00,5925.2652246045855,5951.265900870524,5813.558615462031,5890.59765625,473900,2791554229.296875
2024-01-10 00:00:00,5913.7091985293,5998.452140960595,5891.560474939303,5974.37744140625,440900,2634103013.9160156
2024-01-11 00:00:00,6057.194820717131,6126.529960159362,6034.083107569721,6042.75,476700,2880578925.0
2024-01-12 00:00:00,6136.159520964425,6149.6413529313895,5938.746981448149,5968.599609375,759000,4530167103.515625
2024-01-15 00:00:00,5993.637310037241,6021.563962028096,5978.229502042287,6011.93408203125,57400,345085016.30859375
2024-01-16 00:00:00,5993.637795817971,6114.011305534752,5978.2299865742225,6007.11962890625,464500,2790307067.626953
2024-01-17 00:00:00,6134.233491421496,6249.792050129594,6117.862695604516,6118.82568359375,1009700,6178178292.724609
2024-01-18 00:00:00,6144.8265109819695,6340.313077621891,6117.8628466178425,6310.46044921875,949900,5994306380.712891
2024-01-19 00:00:00,6490.539650260686,6571.430648869277,6444.31622248435,6499.20654296875,1313200,8534758032.2265625
2024-01-22 00:00:00,6624.394825807118,6631.1357421875,6530.984984536106,6631.1357421875,775400,5141782654.4921875
2024-01-23 00:00:00,6789.0654703776045,6995.144904513889,6784.250530327691,6933.513671875,2114200,14658834605.078125
2024-01-24 00:00:00,6837.214774857659,6944.106442464588,6738.989999218858,6934.4765625,1259700,8735360125.78125
2024-01-25 00:00:00,6976.848285704357,7163.667963748062,6972.033345548592,7144.408203125,1097200,7838844680.46875
2024-01-26 00:00:00,7103.962175476435,7206.038899158217,6994.181548120557,7009.58935546875,1303900,9139803560.595703
2024-01-29 00:00:00,6996.108407455006,7083.740322813354,6981.663586242091,7039.44287109375,569800,4011074547.9492188
2024-01-30 00:00:00,7077.9621040977245,7113.592661628557,7042.331546566893,7056.7763671875,559400,3947560699.8046875
2024-01-31 00:00:00,6993.219091973622,7182.927734375,6947.95865444639,7182.927734375,1133800,8144003465.234375
2024-02-01 00:00:00,7494.935542537795,7587.382389779685,7425.600407106378,7480.49072265625,1625100,12156545473.388672
2024-02-02 00:00:00,7596.050015299397,7693.31181189489,7509.3810876400485,7671.1630859375,1180200,9053506674.023438
2024-02-05 00:00:00,7774.202528894282,7811.759062850293,7673.088783628098,7731.8310546875,872600,6746795778.3203125
2024-02-06 00:00:00,7703.904786985019,7824.27829928166,7641.310560590766,7713.53466796875,924300,7129620093.603516
2024-02-07 00:00:00,7688.496509966008,7811.758979063658,7659.606868771245,7790.5732421875,726400,5659072403.125
2024-02-08 00:00:00,7849.315655890901,8013.986613706795,7831.9818708576495,7982.2080078125,961400,7674094778.7109375
2024-02-09 00:00:00,8003.393218347886,8218.139541015626,7964.873698586857,8185.39794921875,1199300,9816747760.498047
2024-02-13 00:00:00,8233.547869667946,8334.661615435798,8138.2120522296855,8310.5869140625,975000,8102822241.2109375
2024-02-14 00:00:00,8267.252451590564,8415.55261205008,8252.807630766585,8310.5869140625,942700,7834390283.886719
2024-02-15 00:00:00,8426.144641473005,8580.222714917083,8419.403725759828,8463.701171875,997900,8445927399.4140625
2024-02-16 00:00:00,8530.147982936382,8781.487859155211,8515.703162464035,8660.1513671875,1304900,11300631519.042969
2024-02-19 00:00:00,8660.152256803185,8799.785535713056,8581.187230109326,8728.5244140625,808800,7059630546.09375
2024-02-20 00:00:00,8647.632300888843,8715.041461363477,8524.369836020938,8565.7783203125,1058700,9068589507.714844
2024-02-21 00:00:00,8430.960874911023,8626.447460588572,8376.070552824225,8624.521484375,872000,7520582734.375
2024-02-22 00:00:00,8763.191313315427,8820.970596699923,8657.262627110515,8783.4140625,967400,8497074764.0625
2024-02-26 00:00:00,8780.52410204965,8872.970944975375,8649.557741238204,8725.6337890625,748900,6534627144.628906
2024-02-27 00:00:00,8741.041947990083,8915.3427734375,8735.2640200747,8915.3427734375,699700,6238065338.574219
2024-02-28 00:00:00,8915.343044320503,8941.343720729734,8772.820818077316,8835.4150390625,588800,5202292375.0
2024-02-29 00:00:00,8734.30079090831,8817.117755408653,8662.076693960336,8763.1904296875,957600,8391631155.46875
2024-03-01 00:00:00,8781.48800997086,8920.158288886947,8730.449643425356,8871.0458984375,604500,5362547245.605469
2024-03-04 00:00:00,8918.233002096036,9028.013648056403,8831.564071074696,8883.5654296875,729500,6480560980.957031
2024-03-05 00:00:00,8809.414959681784,8977.937873755276,8767.043484143305,8897.046875,762400,6783108537.5
2024-03-06 00:00:00,8760.301417583234,8915.342478178034,8724.67086328505,8908.6015625,842000,7501042515.625
2024-03-07 00:00:00,8856.601533106948,8897.047033203773,8584.075901502158,8702.5234375,846300,7364945585.15625
2024-03-08 00:00:00,8801.710875342706,9023.198129317412,8798.821911160427,8956.751953125,1140600,10216071277.734375
2024-03-11 00:00:00,8830.599138653115,8871.044630891221,8563.851487463704,8622.59375,818400,7056730725.0
2024-03-12 00:00:00,8333.698522846274,8678.4482421875,8238.362706603868,8678.4482421875,758100,6579131612.402344
2024-03-13 00:00:00,8811.339774931837,8831.562521956272,8530.147292496855,8609.1123046875,591500,5092289928.222656
2024-03-14 00:00:00,8743.931266404199,8816.155368274278,8604.298002788713,8805.5625,805900,7096402818.75
2024-03-15 00:00:00,8828.674655551118,9069.421673863486,8806.52592986638,9042.4580078125,962600,8704270078.320312
2024-03-18 00:00:00,9137.793527698283,9421.875,9096.385041905152,9421.875,1107400,10433784375.0
2024-03-19 00:00:00,9417.061011691934,9459.432489809782,9160.906166706756,9258.16796875,868900,8044422148.046875
2024-03-21 00:00:00,9341.946486708532,9412.244609946312,9155.126816734151,9349.650390625,929000,8685825212.890625
2024-03-22 00:00:00,9278.38974585047,9331.354087938875,9178.238989901489,9277.4267578125,618000,5733449736.328125
2024-03-25 00:00:00,9311.131871695596,9556.693835423217,9261.056490857021,9494.099609375,752800,7147158185.9375
2024-03-26 00:00:00,9407.43065624237,9971.74167728424,9396.837787246704,9860.998046875,1457000,14367474154.296875
2024-03-27 00:00:00,9812.848659282732,10024.706039561654,9730.994671447696,9947.6669921875,791500,7873578424.316406
2024-03-28 00:00:00,9967.066921120822,10068.920159730817,9694.488253983602,9797.3115234375,901100,8828357413.769531
2024-03-29 00:00:00,9821.562547637195,9952.516714939025,9698.368627286585,9942.81640625,367800,3656967874.21875
2024-04-01 00:00:00,9991.317597724168,10010.71821441878,9678.967668940946,9763.3603515625,632100,6171420078.222656
2024-04-02 00:00:00,9797.31120437221,9884.613977480478,9683.817599331463,9782.7607421875,524000,5126166628.90625
2024-04-03 00:00:00,9545.103947117826,9678.96820979082,9508.242773338307,9549.9541015625,854300,8158525788.964844
2024-04-04 00:00:00,9656.65739327809,9656.65739327809,9458.771094108957,9500.482421875,858600,8157114207.421875
2024-04-05 00:00:00,9419.000060199058,9676.058249277612,9389.899133133562,9630.466796875,657100,6328179732.2265625
2024-04-08 00:00:00,9734.259108267257,9879.763728719683,9710.008338191854,9748.8095703125,462200,4505899783.3984375
2024-04-09 00:00:00,9748.810660677602,9889.465142846582,9724.559887889847,9739.1103515625,474600,4622181772.8515625
2024-04-10 00:00:00,9777.910875180201,10262.926295576044,9777.910875180201,10093.1708984375,978600,9877177041.210938
2024-04-11 00:00:00,9797.310620454817,10282.325997705055,9753.659236502295,10170.7724609375,855000,8696010454.101562
2024-04-12 00:00:00,10238.67591703869,10321.128541666667,10088.321130952381,10185.32421875,704600,7176579444.53125
2024-04-15 00:00:00,10131.972111430921,10214.424732730264,10088.32072368421,10136.822265625,611100,6194612086.5234375
2024-04-16 00:00:00,9991.317519374556,10083.470447951311,9509.212198294055,9551.8935546875,1362100,13010634210.839844
2024-04-17 00:00:00,9525.702605111917,9758.5100007562,9511.15214288415,9620.765625,801500,7711043648.4375
2024-04-18 00:00:00,9477.201585466491,9797.311772078972,9407.359362932859,9734.259765625,635500,6186122081.0546875
2024-04-19 00:00:00,9700.308297402731,9748.809838889745,9217.232944192076,9449.0703125,838800,7925880178.125
2024-04-22 00:00:00,9453.920607142858,9598.455202922078,9253.124222402597,9336.546875,893200,8339403668.75
2024-04-23 00:00:00,9395.71786988063,9486.90076062694,9256.0334415033,9370.4970703125,659000,6175157569.3359375
2024-04-24 00:00:00,9418.998879910936,9807.011192162674,9418.998879910936,9768.2099609375,855600,8357680442.578125
2024-04-25 00:00:00,9904.015398776835,10034.969569083874,9651.807367074389,9714.859375,1220300,11855042895.3125
2024-04-26 00:00:00,10170.773081570485,10209.574314118203,9382.138030038124,9605.2451171875,1841900,17691900981.347656
2024-04-30 00:00:00,9603.305394993415,9724.559250990807,9382.138361654173,9576.14453125,1496300,14328785062.109375
2024-05-01 00:00:00,9381.168132767853,9418.029304212912,9158.061042442487,9165.8212890625,1248000,11438944968.75
2024-05-02 00:00:00,9176.492245680789,9333.63725031084,9101.799866936875,9313.2666015625,688800,6414978035.15625
2024-05-07 00:00:00,9458.770360210665,9797.311110463308,9457.80032940765,9748.8095703125,1235800,12047578866.992188
2024-05-08 00:00:00,9603.304434752177,9667.326464317191,9354.9765625,9354.9765625,906800,8483092746.875
2024-05-09 00:00:00,9403.479060997444,9676.057729879256,9378.2582588945,9532.4931640625,566400,5399204128.125
2024-05-10 00:00:00,9699.339451279022,9699.339451279022,9333.637783799055,9442.28125,639000,6033617718.75
2024-05-13 00:00:00,9443.250009752419,9453.92034874649,9188.131904712369,9324.90625,552300,5150145721.875
2024-05-14 00:00:00,9220.143158020206,9292.895471208161,9044.567575526607,9187.162109375,1046500,9614365147.460938
2024-05-15 00:00:00,9138.660313383749,9233.723333308555,9075.608310372396,9175.521484375,775900,7119287119.7265625
2024-05-16 00:00:00,9243.423694862102,9509.21213986076,9186.191876413484,9489.8115234375,764800,7257807853.125
2024-05-17 00:00:00,9515.031458241972,9658.596006699492,9377.28709418138,9539.2822265625,765000,7297550903.3203125
2024-05-20 00:00:00,9325.875872672872,9549.952981741671,9292.894826316426,9528.6123046875,689700,6571883906.542969
2024-05-21 00:00:00,9449.06981158438,9734.258860409533,9378.257564767251,9559.6533203125,727800,6957515686.5234375
2024-05-22 00:00:00,9548.983774505676,9548.983774505676,9219.17328249715,9357.8876953125,810800,7587375343.359375
2024-05-23 00:00:00,9491.751652402005,9626.5859375,9343.336935711406,9626.5859375,890900,8576325411.71875
2024-05-24 00:00:00,9044.567275782845,9200.742236250568,8473.219128481676,8549.8515625,4345400,37152524979.6875
2024-05-27 00:00:00,8555.672002254461,9060.088038668557,8549.851817218914,9022.2568359375,2821200,25453590985.546875
2024-05-28 00:00:00,8972.785516339727,9172.61187486578,8915.553695208479,9033.8974609375,1149000,10379948182.617188
2024-05-29 00:00:00,9176.491883208038,9325.876634795146,9118.290031940334,9177.4619140625,1583700,14534346433.300781
2024-05-30 00:00:00,9031.95664789694,9104.708956842516,8924.283230657484,9014.49609375,1065500,9604945587.890625
2024-05-31 00:00:00,9015.46659959809,9065.908203125,8905.853115010766,9065.908203125,1514400,13729411382.8125
2024-06-03 00:00:00,9118.289524445003,9213.352542891345,9104.709093238384,9154.1806640625,503500,4609129964.355469
2024-06-04 00:00:00,9012.55707571782,9109.56016554365,8980.546056075296,9092.099609375,560900,5099758670.8984375
2024-06-05 00:00:00,9120.230071981206,9160.001336919648,8759.378594978758,8819.5205078125,562200,4958334429.4921875
2024-06-06 00:00:00,9076.578002255119,9104.708894855889,8932.043416133925,8952.4140625,546900,4896075250.78125
2024-06-07 00:00:00,8951.44438500407,8976.665186262207,8882.572196952999,8938.833984375,342900,3065126173.2421875
2024-06-10 00:00:00,8912.643939189917,9053.298420163203,8904.883691963805,9004.796875,433400,3902678965.625
2024-06-11 00:00:00,9021.285860655737,9157.090163934427,9015.465676229507,9053.296875,566800,5131408668.75
2024-06-12 00:00:00,9117.319742273758,9321.99624675506,9097.919125735245,9224.9931640625,666500,6148457943.847656
2024-06-13 00:00:00,9321.996811113126,9330.727089083992,9006.736773276312,9027.107421875,528500,4770826272.4609375
2024-06-14 00:00:00,8965.025313118358,9031.957443242267,8863.172071625453,8946.5947265625,1014300,9074531031.152344
2024-06-17 00:00:00,8875.781364479248,8908.762409986603,8658.494476430795,8688.5654296875,620600,5392123705.6640625
2024-06-18 00:00:00,8834.07070981276,8898.092744165197,8777.808922048498,8867.0517578125,494500,4384757094.238281
2024-06-19 00:00:00,8924.283926104972,8935.92429644337,8764.228833952004,8778.779296875,555800,4879245533.203125
2024-06-20 00:00:00,8730.27732431592,8820.490190000519,8696.32624583247,8773.9287109375,510000,4474703642.578125
2024-06-21 00:00:00,8752.589120103888,8842.801996992912,8625.515067711822,8689.537109375,648200,5632557954.296875
2024-06-24 00:00:00,8689.536245878968,8749.678157828565,8649.7649815252,8679.8359375,371900,3228030985.15625
2024-06-25 00:00:00,8735.127949759735,8872.872332754281,8671.105912593255,8825.3408203125,574200,5067510699.0234375
2024-06-26 00:00:00,8887.421927576645,8916.522850718677,8731.246973381072,8756.4677734375,636300,5571740444.238281
2024-06-27 00:00:00,8723.487460401153,8807.880144606079,8674.985917754644,8760.3486328125,553500,4848852968.261719
2024-06-28 00:00:00,8904.88254146976,8941.7437110314,8761.317986334954,8877.7216796875,636800,5653333165.625
2024-07-01 00:00:00,8972.785182095158,9044.567463551919,8818.55028004617,8869.9619140625,451000,4000352823.2421875
2024-07-02 00:00:00,8822.430345173974,8841.83096165594,8712.816862050868,8807.8798828125,516000,4544866019.53125
2024-07-03 00:00:00,8899.0634765625,8923.314249062398,8781.689737662995,8899.0634765625,391600,3484873257.421875
2024-07-04 00:00:00,8895.182213609176,9016.436060577676,8876.751628869964,8980.544921875,390600,3507800846.484375
2024-07-05 00:00:00,8982.485032027447,9016.436109362325,8909.732723452711,8967.9345703125,361900,3245495520.9960938
2024-07-08 00:00:00,8927.194316877514,9146.42129890667,8884.512957544404,9045.5380859375,466500,4219743517.0898438
2024-07-09 00:00:00,9069.787302812863,9228.872342134928,9067.847241357716,9196.861328125,498800,4587394430.46875
2024-07-10 00:00:00,9157.090628644894,9257.003799698965,9010.615979818052,9148.3603515625,501400,4586987880.2734375
2024-07-11 00:00:00,9263.794268983784,9305.505593964548,9135.750201600971,9219.1728515625,399800,3685825306.0546875
2024-07-12 00:00:00,9094.038697862134,9152.240545528452,8966.964663790674,9032.9267578125,559000,5049406057.6171875
2024-07-16 00:00:00,9069.788388840449,9108.5896225895,8934.9541015625,8934.9541015625,410500,3667798658.6914062
2024-07-17 00:00:00,9030.987406550677,9032.92746829215,8808.850337152171,8871.90234375,482900,4284241641.796875
2024-07-18 00:00:00,8670.135813230223,8765.198837362754,8613.8740234375,8613.8740234375,532900,4590333467.089844
2024-07-19 00:00:00,8584.772837935028,8703.116599090743,8531.421142332043,8661.4052734375,422400,3658577587.5
2024-07-22 00:00:00,8633.274291919828,8633.274291919828,8172.509652744332,8182.2099609375,1034500,8464496204.589844
2024-07-23 00:00:00,8293.763341427864,8422.777437850074,8169.599399006487,8204.5205078125,737800,6053295230.6640625
2024-07-24 00:00:00,8075.506653610151,8270.48285029191,8055.136006195639,8141.46875,510100,4152963209.375
2024-07-25 00:00:00,7909.631397954242,7931.942107072828,7569.150576188,7637.052734375,1248700,9536387749.414062
2024-07-26 00:00:00,7757.336298134273,8002.754090234808,7707.864727394641,7877.6201171875,2034900,16030169176.464844
2024-07-29 00:00:00,8070.656640944698,8298.613889817534,8009.544697629852,8296.673828125,926900,7690186971.2890625
2024-07-30 00:00:00,8296.674330145139,8394.647451546361,8080.357438338478,8170.5703125,987200,8065987012.5
2024-07-31 00:00:00,7920.3023675345385,8282.12389638823,7867.920698477972,8276.3037109375,736000,6091359531.25
2024-08-01 00:00:00,8282.122905544538,8307.343706147041,7932.911820279133,7949.40234375,841600,6690217012.5
2024-08-02 00:00:00,7479.907417535618,7540.049326482215,6998.772145962844,7051.15380859375,1266000,8926760721.679688
2024-08-05 00:00:00,6654.41155540569,6688.362634770004,5896.81747016198,6056.87255859375,1808200,10952036960.449219
2024-08-06 00:00:00,7026.9033203125,7026.9033203125,6866.848233640556,7026.9033203125,1907500,13403818083.496094
2024-08-07 00:00:00,6881.398896390324,7530.3495394245965,6853.268001550274,7251.95068359375,1737100,12597363532.470703
2024-08-08 00:00:00,7178.228036870535,7304.3320429236655,6995.862243501391,7059.88427734375,800900,5654261317.724609
2024-08-09 00:00:00,7204.418948859013,7204.418948859013,6899.829269319262,7078.31494140625,877400,6210513529.589844
2024-08-13 00:00:00,7217.029372878036,7428.49609375,7123.906413227997,7428.49609375,930000,6908501367.1875
2024-08-14 00:00:00,7613.772226833425,7741.816300465991,7491.548338365976,7692.3447265625,1051200,8086192776.5625
2024-08-15 00:00:00,7762.186647877818,7961.042966649994,7723.3854149466615,7894.11083984375,803200,6340549826.5625
2024-08-16 00:00:00,8165.720412404914,8309.284990812603,8107.518556293689,8256.9033203125,982100,8109104750.878906
2024-08-19 00:00:00,8156.989320493696,8256.90249685365,8047.375835749281,8092.96728515625,574400,4648600408.59375
2024-08-20 00:00:00,8250.11153672124,8340.324396558404,8158.928646133139,8215.1904296875,625200,5136137056.640625
2024-08-21 00:00:00,8129.82901449157,8279.21377385581,8102.668149152618,8170.5703125,467500,3819741621.09375
2024-08-22 00:00:00,8124.007728758441,8309.283606512812,8114.30742102261,8223.9208984375,478400,3934323757.8125
2024-08-23 00:00:00,8119.157590100365,8245.261590902403,8073.566143656552,8239.44140625,412800,3401241412.5
2024-08-26 00:00:00,8135.648461911114,8155.049078250475,8002.75423998649,8032.8251953125,487000,3911985870.1171875
2024-08-27 00:00:00,8037.67472401997,8235.560995284763,8003.7236480676775,8196.759765625,477400,3913133112.109375
2024-08-28 00:00:00,8118.188207745791,8224.8916015625,8107.517868364121,8224.8916015625,379500,3121346362.7929688
2024-08-29 00:00:00,8166.690594157545,8244.293070405627,8105.57864411218,8219.072265625,359500,2954756479.4921875
2024-08-30 00:00:00,8364.575225451934,8486.799100948507,8268.542180418914,8454.7880859375,1581100,13367865442.675781
2024-09-02 00:00:00,8597.383229734452,8621.634000437754,8502.32020857751,8586.712890625,507400,4356898120.703125
2024-09-03 00:00:00,8594.47313928334,8608.053570880402,8366.515894618376,8393.6767578125,632200,5306482446.2890625
2024-09-04 00:00:00,8031.855504556496,8091.027386896828,7876.650567270381,7936.79248046875,810500,6432770305.419922
2024-09-05 00:00:00,7684.584330869265,7884.410684335444,7627.352511187204,7663.24365234375,895200,6860135717.578125
2024-09-06 00:00:00,7614.742093112951,7703.984930382555,7412.975678416455,7446.9267578125,765600,5701367125.78125
2024-09-09 00:00:00,7037.573795992023,7363.504160630661,6991.9823461765,7308.21240234375,706500,5163252062.255859
2024-09-10 00:00:00,7308.212359294642,7412.005659327098,7234.490015346355,7261.65087890625,612500,4447761163.330078
2024-09-11 00:00:00,7177.257996529243,7327.61277277766,7081.224945893158,7178.22802734375,837600,6012483795.703125
2024-09-12 00:00:00,7469.236975718091,7727.265162151989,7391.634513632709,7691.3740234375,1279000,9837267375.976562
2024-09-13 00:00:00,7611.832297825501,7720.475756135232,7503.188839515771,7705.92529296875,739300,5696990569.091797
2024-09-17 00:00:00,7624.442396196922,7695.254647459311,7362.534069610005,7573.03076171875,624700,4730872316.845703
2024-09-18 00:00:00,7638.022494672164,7643.8426794534735,7485.727659561225,7609.8916015625,447500,3405426491.6992188
2024-09-19 00:00:00,7745.696296814918,7884.410707640784,7723.385587381387,7820.388671875,548000,4285572992.1875
2024-09-20 00:00:00,8088.117138151494,8181.240098725078,8024.095102757155,8100.7275390625,1078300,8735014505.371094
2024-09-24 00:00:00,8200.64091529498,8295.703939863102,8108.487983315677,8184.150390625,962800,7879699996.09375
2024-09-25 00:00:00,8190.940612979358,8325.774903031956,8135.648853749156,8258.8427734375,593400,4900797301.7578125
2024-09-26 00:00:00,8457.698713166357,8580.892627212937,8438.298096781069,8568.2822265625,953600,8170713931.25
2024-09-27 00:00:00,8710.14065628128,8814.822791541543,8594.696806181182,8796.234375,666900,5866208704.6875
2024-09-30 00:00:00,8355.98280139755,8527.19190925899,8316.849291029219,8433.271484375,1171500,9879577543.945312
2024-10-01 00:00:00,8414.683316215067,8527.192161856821,8355.983048923717,8375.5498046875,828300,6937467903.222656
2024-10-02 00:00:00,8198.470454789518,8306.08760873067,7971.49609375,7971.49609375,936800,7467697540.625
2024-10-03 00:00:00,8264.997740419378,8280.651145230779,8118.2470703125,8118.2470703125,534900,4342450357.910156
2024-10-04 00:00:00,8173.034302286765,8304.131572637067,8094.767275211957,8128.03076171875,544100,4422461537.451172
2024-10-07 00:00:00,8266.954360773534,8329.567979600695,8206.297417534723,8241.517578125,603700,4975404161.9140625
2024-10-08 00:00:00,8099.658058803121,8236.62534087009,8041.936132789185,8195.53515625,797300,6534300180.078125
2024-10-09 00:00:00,8286.520407254638,8301.195472910933,8090.852865170704,8132.92138671875,595200,4840714809.375
2024-10-10 00:00:00,8243.474147425788,8252.27918745983,8094.766804628646,8181.8388671875,398200,3258008236.9140625
2024-10-11 00:00:00,8141.726642320298,8261.083846161091,8091.831417763901,8115.3115234375,494400,4012210017.1875
2024-10-15 00:00:00,8204.340430348457,8211.188794647578,8050.741402496715,8094.7666015625,784600,6351153875.5859375
2024-10-16 00:00:00,7801.265447153675,7888.337509455741,7732.781802646432,7800.287109375,772400,6024941763.28125
2024-10-17 00:00:00,7825.723745047618,7855.073877858147,7685.821445317425,7759.19677734375,596300,4626809038.330078
2024-10-18 00:00:00,7873.662707731213,8012.586676977962,7822.789141528179,7954.86474609375,859100,6834024303.369141
2024-10-21 00:00:00,7931.384409941779,7977.366285761104,7836.485644952961,7929.427734375,676100,5361086091.2109375
2024-10-22 00:00:00,8019.434635518711,8021.391311042809,7742.565048858738,7802.24365234375,528500,4123485770.263672
2024-10-23 00:00:00,7777.784929185374,7842.355219163516,7715.171314661114,7763.10986328125,476800,3701450782.8125
2024-10-24 00:00:00,7652.557969539949,7761.153461053493,7615.381134607385,7643.7529296875,770500,5889511632.324219
2024-10-25 00:00:00,7578.204421600789,7625.1646349027305,7530.265870521724,7609.51123046875,639000,4862477676.269531
2024-10-28 00:00:00,7533.20107150989,7763.1104548611665,7522.439355693448,7653.53662109375,613000,4691617948.730469
2024-10-29 00:00:00,7634.947719376276,7678.972917655611,7562.550726650258,7664.2978515625,460600,3530175590.4296875
2024-10-30 00:00:00,7728.868099007339,7856.052004434042,7683.864563240967,7798.330078125,795500,6203571577.1484375
2024-10-31 00:00:00,7741.586659296383,7845.290461379716,7702.453149076257,7777.78515625,757800,5894005591.40625
2024-11-01 00:00:00,7769.958649110845,8233.690756851785,7718.106746768504,8138.7919921875,1786100,14536696377.246094
2024-11-05 00:00:00,8054.654729459901,8152.4885048693495,7896.164013296595,8019.4345703125,853000,6840577688.4765625
2024-11-06 00:00:00,8039.001795206513,8451.8603515625,7959.756432493634,8451.8603515625,911000,7699644780.2734375
2024-11-07 00:00:00,8451.859598322433,8461.642975563227,8143.683215237404,8329.5673828125,875000,7288371459.9609375
2024-11-08 00:00:00,8532.083706176743,8570.238879269382,8389.246391522254,8492.9501953125,875200,7433030010.9375
2024-11-11 00:00:00,8407.834311678289,8601.545178994125,8403.920960823423,8576.1083984375,676700,5803452553.222656
2024-11-12 00:00:00,8538.932596390336,8630.896352584274,8392.181921612775,8452.8388671875,614200,5191733632.2265625
2024-11-13 00:00:00,8450.881180207967,8576.108407698894,8332.50231672045,8355.982421875,513600,4291632571.875
2024-11-14 00:00:00,8412.726931644236,8615.242860804645,8384.355134805337,8468.4921875,631600,5348699665.625
2024-11-15 00:00:00,8558.49871410007,8641.657423599214,8422.509765625,8422.509765625,580100,4885897915.0390625
2024-11-18 00:00:00,8304.131480342623,8391.203546995603,8256.192926792106,8302.1748046875,462400,3838925629.6875
2024-11-19 00:00:00,8297.28329563298,8340.330160979973,8216.08125418297,8313.9150390625,355000,2951439838.8671875
2024-11-20 00:00:00,8393.159781275703,8539.910447692691,8302.174368097169,8326.6328125,473200,3940162646.875
2024-11-21 00:00:00,8306.088155997746,8366.745101306564,8270.86799420553,8302.1748046875,318900,2647563545.2148438
2024-11-22 00:00:00,8307.066333044928,8429.358559123202,8301.196306193171,8365.7666015625,365700,3059360846.1914062
2024-11-25 00:00:00,8490.99397624313,8559.47762393722,8392.181855998799,8543.82421875,826000,7057198804.6875
2024-11-26 00:00:00,8345.220579723433,8398.050815515351,8201.404937845433,8253.2568359375,718200,5927489059.5703125
2024-11-27 00:00:00,8221.95056957735,8236.625636038994,8032.15304334008,8140.74853515625,426300,3470401100.5371094
2024-11-28 00:00:00,8098.679631269785,8211.188468862927,8015.5209252226805,8189.6650390625,407600,3338107469.921875
2024-11-29 00:00:00,8300.217666656774,8370.657986317226,8110.4201386827735,8240.5390625,586100,4829779944.53125
2024-12-02 00:00:00,8286.520928682625,8552.628802661571,8276.737550962811,8503.7119140625,560200,4763779414.2578125
2024-12-03 00:00:00,8607.41588055804,8841.238612480449,8605.459204977098,8757.1015625,804600,7045963917.1875
2024-12-04 00:00:00,8834.390137323671,8891.133728460412,8650.462635018372,8686.6611328125,432000,3752637609.375
2024-12-05 00:00:00,8820.693365858044,8865.696903438953,8723.837926281742,8842.216796875,706800,6249678832.03125
2024-12-06 00:00:00,8844.17412997159,8886.24265735973,8544.802749023438,8609.373046875,431400,3714083532.421875
2024-12-09 00:00:00,8736.555940168406,8764.927734375,8566.325174928843,8764.927734375,462600,4054655569.921875
2024-12-10 00:00:00,8845.151568598681,8853.956608319662,8584.913727956358,8647.52734375,462100,3996022385.546875
2024-12-11 00:00:00,8707.206200322062,8734.59965803094,8546.75880517006,8600.5673828125,384800,3309498328.90625
2024-12-12 00:00:00,8739.491254846685,8745.361281436753,8573.17383479475,8594.697265625,650900,5594288450.1953125
2024-12-13 00:00:00,8463.59997185699,8574.152138868876,8428.379812454972,8487.080078125,454800,3859924019.53125
2024-12-16 00:00:00,8487.079482224171,8746.338970730156,8465.556052989714,8553.6064453125,442200,3782404770.1171875
2024-12-17 00:00:00,8635.787247778368,8776.66788261241,8518.38671875,8518.38671875,324700,2765920167.578125
2024-12-18 00:00:00,8499.79901932754,8639.701328232217,8491.972316731473,8554.5859375,282200,2414104151.5625
2024-12-19 00:00:00,8310.001546289808,8466.535599433953,8153.467493145662,8463.6005859375,572100,4842025895.214844
2024-12-20 00:00:00,8486.102229622442,8505.668985973889,8300.218044283698,8317.828125,588000,4890882937.5
2024-12-23 00:00:00,8365.765533915119,8455.772600821936,8294.346882999927,8359.8955078125,324800,2715294060.9375
2024-12-24 00:00:00,8359.896296887851,8363.809647992304,8291.412652559922,8326.6328125,224700,1870994392.96875
2024-12-25 00:00:00,8271.84620278345,8297.282985902595,8044.871830335695,8145.640625,669300,5451877270.3125
2024-12-26 00:00:00,8187.708775486456,8374.5712890625,8171.077033440421,8374.5712890625,440200,3686486281.4453125
2024-12-27 00:00:00,8437.184592563292,8504.689896005646,8408.812798362882,8501.7548828125,378000,3213663345.703125
2024-12-30 00:00:00,8489.036447188486,8489.036447188486,8330.54573560101,8372.6142578125,345300,2891063703.2226562
2025-01-06 00:00:00,8519.365334517466,8531.105387803434,8230.755691237418,8262.0625,489500,4044279593.75
2025-01-07 00:00:00,8317.828017265347,8350.11316482707,8247.3876953125,8247.3876953125,394500,3253594445.8007812
2025-01-08 00:00:00,8203.362727150274,8219.0161324734,8097.70224121918,8114.333984375,443300,3597084255.2734375
2025-01-09 00:00:00,8091.831560992555,8107.484965052025,7871.70556640625,7871.70556640625,529800,4170429609.0820312
2025-01-10 00:00:00,7840.398566268084,7931.383975135433,7804.200070267096,7827.68017578125,543500,4254344175.5371094
2025-01-14 00:00:00,7836.485604611085,7857.0306979565075,7557.659337780354,7641.79638671875,739500,5651108427.978516
2025-01-15 00:00:00,7689.734848948141,7693.648200016308,7450.042096022913,7498.958984375,709200,5318261711.71875
2025-01-16 00:00:00,7572.334320243291,7574.290995778238,7463.738828053755,7509.720703125,678100,5092341608.7890625
2025-01-17 00:00:00,7407.973920576998,7533.201160650144,7296.443409886853,7490.154296875,804600,6026578147.265625
2025-01-20 00:00:00,7551.789152209652,7729.846624123391,7526.352370507689,7694.62646484375,481400,3704193180.1757812
2025-01-21 00:00:00,7719.084601281817,7729.8463161885475,7598.7490618701995,7706.3662109375,545600,4204593404.6875
2025-01-22 00:00:00,7865.835602479155,8252.279018272595,7835.50713187258,8213.1455078125,1226500,10073422965.332031
2025-01-23 00:00:00,8276.73742436775,8276.73742436775,7876.597281747606,8094.7666015625,1251200,10128171971.875
2025-01-24 00:00:00,8037.04441877895,8041.93610740876,7867.7919921875,7867.7919921875,739000,5814298282.2265625
2025-01-27 00:00:00,7944.10275959244,7948.016110705539,7779.742012842251,7789.525390625,538000,4190764660.15625
2025-01-28 00:00:00,7339.490030257429,7462.760590616324,7226.981185485421,7400.14697265625,1706100,12625390750.048828
2025-01-29 00:00:00,7555.702480044824,7628.099473897383,7358.078253582432,7482.3271484375,928600,6948088990.0390625
2025-01-30 00:00:00,7415.800115785723,7573.312492915209,7406.016738324264,7551.7890625,912100,6887986803.90625
2025-01-31 00:00:00,7537.114269502354,7623.207994283793,7273.94140625,7273.94140625,2486700,18088110094.921875
2025-02-03 00:00:00,6931.52285626306,6962.829663800169,6741.7253355693365,6788.685546875,2131000,14466688900.390625
2025-02-04 00:00:00,6868.909625163258,6871.84463853393,6672.263729328219,6718.24560546875,1543600,10370283916.601562
2025-02-05 00:00:00,6663.458440382841,6709.440314806274,6621.38991697417,6628.23828125,1524100,10102097964.453125
2025-02-06 00:00:00,6747.595670540074,6820.971004060519,6643.891865831179,6787.70751953125,1091800,7410819069.824219
2025-02-07 00:00:00,6787.707350619612,7188.825830549569,6771.075608768858,7092.94873046875,1830100,12980805471.63086
2025-02-10 00:00:00,7077.295042741396,7088.0567576253,6976.526257919394,7043.05322265625,833700,5871793471.728516
2025-02-12 00:00:00,7072.403477381507,7100.77527166067,6867.930891024786,6882.60595703125,1080000,7433214433.59375
2025-02-13 00:00:00,7011.746697405722,7045.988518866473,6902.172868731321,6955.9814453125,1433000,9967921411.132812
2025-02-14 00:00:00,6920.7615746110805,6992.180233777975,6721.1806640625,6721.1806640625,1171300,7872518911.816406
2025-02-17 00:00:00,6672.263539319023,6751.508898070466,6657.588472883571,6674.22021484375,706000,4711999471.6796875
2025-02-18 00:00:00,6589.104992857653,6661.501989067226,6562.689872619026,6632.15185546875,867000,5750075658.691406
2025-02-19 00:00:00,6623.346554203387,6709.440276030551,6537.2528323762235,6646.82666015625,985400,6549782990.917969
2025-02-20 00:00:00,6663.458398336719,6693.786868509739,6543.122855392156,6636.06494140625,958400,6360004639.84375
2025-02-21 00:00:00,6541.166169415509,6615.519838107639,6512.794374782986,6603.77978515625,925000,6108496301.269531
2025-02-25 00:00:00,6398.328964103021,6577.364774566454,6378.762208861116,6526.4912109375,1124100,7336428770.214844
2025-02-26 00:00:00,6522.577707424364,6604.7580775194065,6484.422535594524,6600.8447265625,741300,4893206195.800781
2025-02-27 00:00:00,6634.108469278071,6733.898922583831,6611.6067003953995,6723.13720703125,761200,5117652041.9921875
2025-02-28 00:00:00,6552.906398555871,6567.581465139679,6384.63230172822,6457.029296875,1531300,9887648962.304688
2025-03-03 00:00:00,6521.599452467143,6525.512803473724,6409.090611027941,6448.22412109375,672300,4335141076.611328
2025-03-04 00:00:00,6350.390667252936,6384.632490293122,6230.055117711708,6342.56396484375,680400,4315480521.6796875
2025-03-05 00:00:00,6388.54563984804,6434.527515050622,6340.607089104923,6413.982421875,880800,5649435717.1875
2025-03-06 00:00:00,6493.227807455505,6518.664589585058,6432.570865454263,6500.076171875,666900,4334900799.0234375
2025-03-07 00:00:00,6408.112411487483,6492.249459943655,6371.913913895874,6467.791015625,592300,3830872618.5546875
2025-03-10 00:00:00,6478.552584374762,6509.859392393487,6392.45886232327,6426.70068359375,683800,4394577927.441406
2025-03-11 00:00:00,6233.968150111607,6307.343481445313,6206.574693080357,6300.4951171875,1128200,7108218591.2109375
2025-03-12 00:00:00,6261.361838042303,6387.567412590343,6245.708433447197,6336.69384765625,918300,5818985960.302734
2025-03-13 00:00:00,6391.480842980155,6459.964488932797,6262.340253469459,6299.51708984375,973200,6130690031.8359375
2025-03-14 00:00:00,6309.300616962844,6378.7626023566045,6285.820509224109,6362.130859375,793900,5050895689.2578125
2025-03-17 00:00:00,6417.895720888838,6446.267515996426,6361.152130673662,6389.52392578125,519300,3318079774.658203
2025-03-18 00:00:00,6423.765938492007,6458.007761191858,6395.394142540702,6433.54931640625,624600,4018394903.0273438
2025-03-19 00:00:00,6422.787196461747,6457.029017006478,6399.30709094536,6417.8955078125,676900,4344273469.238281
2025-03-21 00:00:00,6427.67917984966,6482.466095233462,6359.195535619907,6363.10888671875,1332100,8476297347.998047
2025-03-24 00:00:00,6378.762058115446,6500.075937748316,6347.455250468253,6463.87744140625,1094400,7074067471.875
2025-03-25 00:00:00,6561.711341967988,6680.0902106690655,6486.379334612757,6577.36474609375,1569100,10320543023.095703
2025-03-26 00:00:00,6609.649777032632,6644.869935702433,6559.754552250414,6633.1298828125,881200,5845114052.734375
2025-03-27 00:00:00,6534.318160033801,6616.49853515625,6512.7947284541115,6616.49853515625,759800,5027215587.011719
2025-03-28 00:00:00,6645.231274892189,6645.231274892189,6476.79690531836,6526.33642578125,658700,4298897803.662109
2025-03-31 00:00:00,6271.703476475639,6320.252207968105,6191.449450947278,6238.0166015625,850200,5303561714.6484375
2025-04-01 00:00:00,6270.712631845233,6315.2982011979,6232.07180507292,6245.94287109375,503100,3142333858.4472656
2025-04-02 00:00:00,6172.6241959208555,6240.988733564281,6090.38859266862,6120.1123046875,969200,5931612845.703125
2025-04-03 00:00:00,5804.050112723027,5932.852863602849,5804.050112723027,5920.96337890625,1243300,7361533768.994141
2025-04-04 00:00:00,5674.256856617647,5716.860845588236,5352.249963235295,5474.1171875,1211800,6633535207.8125
2025-04-07 00:00:00,4627.981998926446,4935.127025616063,4577.451688083961,4798.39794921875,1607400,7712944863.574219
2025-04-08 00:00:00,5105.543244399789,5460.246229359061,5038.169493066743,5458.2646484375,1717800,9376207013.085938
2025-04-09 00:00:00,5289.829914417413,5372.06551713265,5166.971905541639,5277.9404296875,1250500,6600064507.324219
2025-04-10 00:00:00,6063.637288480227,6063.637288480227,5802.068621134021,5862.5068359375,1306200,7657606429.1015625
2025-04-11 00:00:00,5565.269668118564,5971.493731484883,5507.803825008207,5941.77001953125,1489300,8849078090.08789
2025-04-14 00:00:00,6031.932101091744,6099.305849921284,5944.742543782927,6018.06103515625,1128900,6793789102.587891
2025-04-15 00:00:00,6193.430748554304,6215.228137207031,6063.63720703125,6063.63720703125,882900,5353585290.087891
2025-04-16 00:00:00,6081.471853335362,6121.103471799587,5820.89396193308,5850.61767578125,571600,3344213063.4765625
2025-04-17 00:00:00,5849.626604609558,5960.595130984266,5798.105503078445,5918.98193359375,513100,3037029630.126953
2025-04-18 00:00:00,5944.742701584063,5992.300643196735,5880.341322316902,5887.27685546875,391300,2303691433.544922
2025-04-21 00:00:00,5835.755374224815,5877.368570441698,5794.142178007932,5871.423828125,366000,2148941121.09375
2025-04-22 00:00:00,5817.921223069539,5883.31338940513,5779.2803975075985,5806.03173828125,487300,2829279266.064453
2025-04-23 00:00:00,6004.189996907338,6093.361135475269,5964.558379766036,6031.93212890625,610400,3681891371.484375
2025-04-24 00:00:00,6172.624537825816,6256.841726544146,6115.15869140625,6115.15869140625,701600,4290395337.890625
2025-04-25 00:00:00,6214.237335890541,6342.04929640232,6208.292593541156,6263.77685546875,833900,5223363519.775391
2025-04-28 00:00:00,6259.813840471748,6364.837624436611,5952.668811895262,5990.31884765625,1718100,10291966812.158203
2025-04-30 00:00:00,6078.499460288209,6295.482570606566,6075.527088913985,6264.76806640625,1507800,9446017290.527344
2025-05-01 00:00:00,6301.427260659066,6411.4050005856625,6291.519356161174,6344.03125,1041300,6606039740.625
2025-05-02 00:00:00,6395.552421279796,6405.460325882864,6263.777290059004,6307.3720703125,701600,4425252244.53125
2025-05-07 00:00:00,6403.478393691123,6413.386297750679,6152.808420984353,6205.3203125,846800,5254665240.625
2025-05-08 00:00:00,6241.979681600258,6268.731023092831,6182.5322560612085,6232.07177734375,510200,3179603020.8007812
2025-05-09 00:00:00,6399.515214524245,6583.8022295268,6349.975694362267,6541.1982421875,1014800,6638007976.171875
2025-05-12 00:00:00,6574.8854861560885,6729.448797765544,6545.161772385039,6692.78955078125,774500,5183565507.080078
2025-05-13 00:00:00,6836.453920706969,6884.011861024931,6714.5866986421925,6746.2919921875,794800,5361952875.390625
2025-05-14 00:00:00,6721.522066636308,6730.439180227069,6449.054706918592,6527.3271484375,994500,6491426849.121094
2025-05-15 00:00:00,6457.971840743619,6485.713972001799,6375.736237371155,6434.19287109375,872600,5614476699.316406
2025-05-16 00:00:00,6409.42345991543,6433.202430859621,6247.924615586134,6293.5009765625,901400,5672961780.2734375
2025-05-19 00:00:00,6322.233571126097,6375.7362529691945,6225.136111484918,6269.7216796875,670200,4201967469.7265625
2025-05-20 00:00:00,6227.117715497907,6309.35331937799,6182.532147129187,6212.255859375,1040800,6465715898.4375
2025-05-21 00:00:00,6347.99443782629,6395.55237961116,6286.5654296875,6286.5654296875,996200,6262676481.0546875
2025-05-22 00:00:00,6187.486425508213,6379.69977483545,6154.790340313373,6378.708984375,881900,5625383453.3203125
2025-05-23 00:00:00,6440.137528515867,6450.045432405892,6349.975603116645,6392.57958984375,632000,4040110300.78125
2025-05-26 00:00:00,6411.405085484772,6630.369777787682,6406.451133170226,6599.6552734375,826400,5453955117.96875
2025-05-27 00:00:00,6628.387760338381,6702.697040162802,6536.244253356099,6591.728515625,794200,5235150787.109375
2025-05-28 00:00:00,6615.507512030863,6615.507512030863,6398.5244140625,6398.5244140625,1101000,7044775379.8828125
2025-05-29 00:00:00,6461.9351300621865,6532.28125,6425.2758844607915,6532.28125,923900,6035174646.875
2025-05-30 00:00:00,6380.690198344416,6407.441539238096,6331.150678170934,6369.79150390625,1292600,8233592497.949219
2025-06-02 00:00:00,6288.546996101808,6303.408852875327,6204.329807718532,6243.96142578125,629800,3932446905.9570312
2025-06-03 00:00:00,6271.703411574865,6424.2851375436685,6256.841555149332,6310.34423828125,624300,3939547907.9589844
2025-06-04 00:00:00,6496.612902176857,6632.351192187262,6398.524648811673,6516.4287109375,1098800,7160251867.578125
2025-06-05 00:00:00,6484.7231080360025,6668.019330341069,6484.7231080360025,6535.25341796875,922800,6030731854.1015625
2025-06-06 00:00:00,6509.492944223774,6549.12456032255,6449.054729673143,6469.861328125,423000,2736751341.796875
2025-06-09 00:00:00,6523.364040534764,6529.308782977536,6441.12843674309,6519.40087890625,596800,3890778444.53125
2025-06-10 00:00:00,6596.682428113986,6697.743048070073,6576.866620279459,6606.59033203125,889700,5877883418.408203
2025-06-11 00:00:00,6638.296101857642,6675.946139450267,6544.171007876078,6635.32373046875,467600,3102677376.3671875
2025-06-12 00:00:00,6677.927582826805,6696.752601235367,6594.7011856521085,6601.63671875,383800,2533708172.65625
2025-06-13 00:00:00,6503.548167990572,6533.271879910091,6368.800673955424,6384.6533203125,838900,5356085670.410156
2025-06-16 00:00:00,6469.861611072686,6496.612953109281,6372.764147384306,6401.4970703125,499100,3194987187.7929688
2025-06-17 00:00:00,6453.018283085293,6461.93539724893,6378.708998388318,6421.31298828125,705400,4529594181.933594
2025-06-18 00:00:00,6361.865194696458,6383.6625836208195,6312.32567441382,6376.72705078125,728800,4647358674.609375
2025-06-19 00:00:00,6377.717892834183,6398.524491521384,6297.463869326404,6333.13232421875,394200,2496520762.2070312
2025-06-20 00:00:00,6378.708859127278,6421.312848090072,6280.62060546875,6280.62060546875,1372900,8622664029.248047
2025-06-23 00:00:00,6253.869166708068,6270.712603944133,6098.315069880887,6232.07177734375,502000,3128500032.2265625
2025-06-24 00:00:00,6272.694431297757,6328.178697314606,6264.768107581063,6321.2431640625,572000,3615751089.84375
2025-06-25 00:00:00,6360.874362151695,6487.6955332350935,6307.371680600886,6355.92041015625,732600,4656347292.480469
2025-06-26 00:00:00,6400.506147785961,6488.686495642454,6356.911369070391,6474.8154296875,827100,5355319841.894531
2025-06-27 00:00:00,6545.161676148675,6715.577632596991,6520.391915037001,6572.90380859375,781000,5133437874.511719
2025-06-30 00:00:00,6686.8448203442,6748.273828917521,6572.903917345299,6592.7197265625,625900,4126383276.8554688
2025-07-01 00:00:00,6528.318020599338,6583.802283636757,6482.741661675742,6533.27197265625,550800,3598526202.5390625
2025-07-02 00:00:00,6536.24461519881,6633.342079544646,6490.668254383418,6529.30908203125,721400,4710243571.777344
2025-07-03 00:00:00,6578.848593259602,6671.982895634061,6529.309070719997,6629.37890625,1022900,6781191683.203125
2025-07-04 00:00:00,6637.3052032757105,6656.130221765371,6559.0327579765935,6651.17626953125,509800,3390769662.2070312
2025-07-07 00:00:00,6552.097148700455,6556.060310441692,6402.48779296875,6402.48779296875,549400,3517526793.4570312
2025-07-08 00:00:00,6370.782279129549,6564.977197746873,6368.800698327332,6534.2626953125,650100,4247924178.2226562
2025-07-09 00:00:00,6604.60921209282,6650.1855732923805,6534.26308937176,6592.7197265625,689200,4543702435.546875
2025-07-10 00:00:00,6543.180119935016,6591.72885189698,6463.916884078746,6479.76953125,544000,3524994625.0
2025-07-11 00:00:00,6567.94997898721,6687.835625005833,6527.327570005693,6635.32373046875,907900,6024210414.892578
2025-07-14 00:00:00,6617.489254412933,6656.130081022022,6546.15234375,6546.15234375,528000,3456368437.5
2025-07-15 00:00:00,6538.2259547206595,6628.3878825702695,6499.585128499398,6582.8115234375,444100,2923426597.5585938
2025-07-16 00:00:00,6539.216633225182,6606.590380355381,6507.51134045803,6527.3271484375,409200,2670982269.140625
2025-07-17 00:00:00,6469.861564048476,6623.43408203125,6454.008917030899,6623.43408203125,453100,3001077982.5683594
2025-07-18 00:00:00,6656.130207993541,6712.605263345675,6614.517009313022,6644.24072265625,518500,3445038814.6972656
2025-07-22 00:00:00,6717.559057895675,6780.969644872861,6682.881393142527,6775.02490234375,948200,6424078612.402344
2025-07-23 00:00:00,6834.472142566836,7078.206579660405,6797.812897963331,7027.67626953125,1385900,9739656541.94336
2025-07-24 00:00:00,7324.913421996141,7428.946413922232,7103.967162953108,7284.291015625,1679900,12236880477.148438
2025-07-25 00:00:00,7318.969100870416,7347.702024103832,7188.184760635558,7213.9453125,807400,5824539445.3125
2025-07-28 00:00:00,7273.392506929442,7513.163789680692,7215.92666230311,7481.45849609375,1053500,7881716525.634766
2025-07-29 00:00:00,7422.011246013767,7539.915309326494,7366.526980925425,7500.28369140625,952400,7143270187.6953125
2025-07-30 00:00:00,7500.283665929593,7567.657416165156,7444.799401029717,7557.74951171875,687200,5193685464.453125
2025-07-31 00:00:00,7567.65745572023,7587.473264716617,7293.208501120269,7507.21923828125,1133600,8510183728.515625
2025-08-01 00:00:00,8696.167156753858,8715.982964334475,8380.105025843013,8572.318359375,3276000,28082914945.3125
2025-08-04 00:00:00,8423.700401244989,8568.35580686505,8317.685823153573,8527.7333984375,1311700,11185827898.730469
2025-08-05 00:00:00,8709.048192500277,9111.309121528162,8643.656021771605,8953.7734375,1956000,17513580843.75
2025-08-06 00:00:00,9031.055094356372,9089.511731829441,8888.381267303457,9025.1103515625,969700,8751649507.910156
2025-08-07 00:00:00,8996.377468681545,9203.452676936438,8947.828735645708,9045.9169921875,934500,8453409429.199219
2025-08-08 00:00:00,9143.0137706155,9301.540233911825,9105.363735582623,9191.5625,911200,8375351750.0
2025-08-12 00:00:00,9253.982950737265,9343.154092660858,9168.774970676943,9239.12109375,759600,7018036382.8125
2025-08-13 00:00:00,9343.153625048708,9393.683936276437,9209.39691885766,9217.3232421875,1001300,9229305762.402344
2025-08-14 00:00:00,9264.881220361138,9298.568094651831,9103.38238184987,9166.79296875,593400,5439574947.65625
2025-08-15 00:00:00,9143.014043689807,9284.697074492542,9089.511360729333,9258.9365234375,535700,4960012295.605469
2025-08-18 00:00:00,9313.430366812197,9494.745021825669,9292.623767056553,9446.1962890625,586000,5535471025.390625
2025-08-19 00:00:00,9536.357604804576,9724.60778089942,9460.06674396614,9626.51953125,893300,8599369897.265625
2025-08-20 00:00:00,9477.901692640446,9539.33070214742,9355.0436736265,9501.6806640625,920000,8741546210.9375
2025-08-21 00:00:00,9402.601293603322,9522.486937072868,9343.153867089497,9477.9013671875,472500,4478308395.996094
2025-08-22 00:00:00,9469.975247258828,9560.137179409963,9380.804105570893,9510.59765625,463700,4410064133.203125
2025-08-25 00:00:00,9561.127297336678,9618.593140160048,9430.342965393833,9456.103515625,549200,5193292050.78125
2025-08-26 00:00:00,9367.923087751935,9430.34288199079,9263.890097353844,9278.751953125,916300,8502120414.6484375
2025-08-27 00:00:00,9313.429638813528,9392.692869782153,9216.332180876962,9221.2861328125,530000,4887281650.390625
2025-08-28 00:00:00,9235.157288446357,9337.208699315359,9230.203336462424,9334.236328125,385200,3595547833.59375
2025-08-29 00:00:00,9241.102354089466,9495.735494970884,9235.157611500794,9358.015625,681800,6380295053.125
2025-09-01 00:00:00,9272.807606617745,9372.877439748248,9220.295713984906,9337.208984375,387700,3620035923.2421875
2025-09-02 00:00:00,9317.393092324397,9388.730002431517,9238.129858872042,9295.595703125,418100,3886488563.4765625
2025-09-03 00:00:00,9278.752063481226,9347.116600841633,9091.492678537505,9127.1611328125,511800,4671281067.7734375
2025-09-04 00:00:00,9140.041314885626,9188.590043821061,9095.45574749594,9149.94921875,406000,3714879382.8125
2025-09-05 00:00:00,9362.969375652854,9648.31701376799,9252.991640129314,9603.7314453125,852700,8189101803.417969
2025-09-08 00:00:00,9584.906580052137,9681.013251363389,9543.29338216479,9680.0224609375,507600,4913579401.171875
2025-09-09 00:00:00,9774.14801703559,9796.936197916666,9480.874037000869,9487.8095703125,535600,5081670805.859375
2025-09-10 00:00:00,9488.799665580615,9626.51953125,9488.799665580615,9626.51953125,548300,5278220658.984375
2025-09-11 00:00:00,9884.12519719336,9957.4436880306,9714.700035934333,9774.1474609375,954600,9330401166.210938
2025-09-12 00:00:00,9872.235481310036,9912.857887445494,9723.61692227787,9798.9169921875,701900,6877859836.816406
2025-09-16 00:00:00,9907.90421703639,10076.33858872601,9817.74228866136,9937.6279296875,703200,6988139960.15625
2025-09-17 00:00:00,9798.916994890995,9877.189436002865,9647.326064636361,9663.1787109375,451200,4360026234.375
2025-09-18 00:00:00,9658.224867016263,10002.02913751838,9615.620879605338,9854.4013671875,640900,6315685836.230469
2025-09-19 00:00:00,10006.98373676248,10036.707450832073,9670.11497730711,9823.6875,934400,9179253600.0
2025-09-22 00:00:00,9834.58604707223,10002.029633809607,9834.58604707223,9890.0703125,448400,4434707528.125
2025-09-24 00:00:00,9872.23550412556,9922.765814313276,9699.837975249822,9741.451171875,823000,8017214314.453125
2025-09-25 00:00:00,9749.377546166224,9810.80655103028,9685.966960500102,9697.8564453125,594300,5763436085.449219
2025-09-26 00:00:00,9846.475053132273,9992.121242789191,9758.29470701346,9790.0,879300,8608347000.0
2025-09-29 00:00:00,9801.0,9871.0,9740.0,9809.0,408400,4005995600.0
2025-09-30 00:00:00,9900.0,9968.0,9838.0,9944.0,485900,4831789600.0
2025-10-01 00:00:00,9833.0,9940.0,9664.0,9747.0,647500,6311182500.0
2025-10-02 00:00:00,9778.0,9912.0,9690.0,9892.0,532000,5262544000.0
2025-10-03 00:00:00,9835.0,9993.0,9813.0,9986.0,394200,3936481200.0
2025-10-06 00:00:00,10480.0,10480.0,10025.0,10115.0,1101000,11136615000.0
2025-10-07 00:00:00,10245.0,10300.0,10135.0,10220.0,727100,7430962000.0
2025-10-08 00:00:00,10130.0,10245.0,10025.0,10200.0,524900,5353980000.0
2025-10-09 00:00:00,10400.0,10720.0,10310.0,10700.0,921900,9864330000.0
2025-10-10 00:00:00,10565.0,10615.0,10390.0,10440.0,731500,7636860000.0
2025-10-14 00:00:00,10200.0,10420.0,10005.0,10150.0,687900,6982185000.0
2025-10-15 00:00:00,10175.0,10585.0,10120.0,10545.0,630200,6645459000.0
2025-10-16 00:00:00,10545.0,10640.0,10345.0,10490.0,782100,8204229000.0
2025-10-17 00:00:00,10460.0,10520.0,10265.0,10300.0,580000,5974000000.0
2025-10-20 00:00:00,10425.0,10760.0,10385.0,10760.0,676300,7276988000.0
2025-10-21 00:00:00,11000.0,11020.0,10720.0,10770.0,579700,6243369000.0
2025-10-22 00:00:00,10725.0,10820.0,10635.0,10765.0,486000,5231790000.0
2025-10-23 00:00:00,10625.0,10705.0,10585.0,10630.0,456900,4856847000.0
2025-10-24 00:00:00,10780.0,10845.0,10670.0,10755.0,400300,4305226500.0
2025-10-27 00:00:00,11035.0,11075.0,10940.0,11015.0,514300,5665014500.0
2025-10-28 00:00:00,11075.0,11075.0,10860.0,10900.0,518100,5647290000.0
2025-10-29 00:00:00,11200.0,11200.0,11005.0,11060.0,816600,9031596000.0
2025-10-30 00:00:00,11420.0,11630.0,11275.0,11450.0,2712300,31055835000.0
2025-10-31 00:00:00,10875.0,11690.0,10870.0,11060.0,1711900,18933614000.0
2025-11-04 00:00:00,11055.0,11285.0,10850.0,10850.0,1044100,11328485000.0
2025-11-05 00:00:00,10580.0,10685.0,10120.0,10250.0,1308300,13410075000.0
2025-11-06 00:00:00,10525.0,10855.0,10505.0,10810.0,951100,10281391000.0
2025-11-07 00:00:00,10460.0,10585.0,10350.0,10495.0,729500,7656102500.0
2025-11-10 00:00:00,10505.0,10705.0,10470.0,10570.0,795600,8409492000.0
2025-11-11 00:00:00,10700.0,10835.0,10485.0,10575.0,691900,7316842500.0
2025-11-12 00:00:00,10575.0,10785.0,10465.0,10745.0,696500,7483892500.0
2025-11-13 00:00:00,10940.0,11145.0,10865.0,11055.0,796200,8801991000.0
2025-11-14 00:00:00,10785.0,10875.0,10470.0,10540.0,709100,7473914000.0
2025-11-17 00:00:00,10675.0,10730.0,10555.0,10570.0,554900,5865293000.0
2025-11-18 00:00:00,10800.0,11060.0,10295.0,10425.0,1211000,12624675000.0
2025-11-19 00:00:00,10570.0,10770.0,10345.0,10610.0,781300,8289593000.0
2025-11-20 00:00:00,11300.0,11300.0,10815.0,10870.0,641800,6976366000.0
2025-11-21 00:00:00,10570.0,10795.0,10530.0,10670.0,1563800,16685746000.0
2025-11-25 00:00:00,11115.0,11155.0,10690.0,10785.0,918500,9906022500.0
2025-11-26 00:00:00,10865.0,11150.0,10865.0,10945.0,664800,7276236000.0
2025-11-27 00:00:00,11115.0,11135.0,10970.0,11075.0,562300,6227472500.0
2025-11-28 00:00:00,10945.0,11035.0,10840.0,10880.0,685000,7452800000.0
2025-12-01 00:00:00,10895.0,10905.0,10415.0,10545.0,771600,8136522000.0
2025-12-02 00:00:00,10545.0,10630.0,10475.0,10480.0,575000,6026000000.0
2025-12-03 00:00:00,10730.0,10920.0,10665.0,10905.0,788500,8598592500.0
2025-12-04 00:00:00,10885.0,11170.0,10875.0,11030.0,904800,9979944000.0
2025-12-05 00:00:00,10720.0,10930.0,10600.0,10885.0,790000,8599150000.0
2025-12-08 00:00:00,11035.0,11395.0,11020.0,11330.0,677200,7672676000.0
2025-12-09 00:00:00,11330.0,11570.0,11280.0,11470.0,807900,9266613000.0
2025-12-10 00:00:00,11525.0,11685.0,11290.0,11365.0,866900,9852318500.0
2025-12-11 00:00:00,11665.0,11675.0,11235.0,11365.0,636400,7232686000.0
2025-12-12 00:00:00,11570.0,11730.0,11440.0,11730.0,721500,8463195000.0
2025-12-15 00:00:00,11445.0,11535.0,11330.0,11535.0,678800,7829958000.0
2025-12-16 00:00:00,11450.0,11450.0,11150.0,11165.0,633500,7073027500.0
2025-12-17 00:00:00,11280.0,11445.0,11135.0,11205.0,727300,8149396500.0
2025-12-18 00:00:00,11000.0,11220.0,10990.0,11150.0,676500,7542975000.0
2025-12-19 00:00:00,11235.0,11290.0,11165.0,11230.0,676600,7598218000.0
2025-12-22 00:00:00,11530.0,11765.0,11450.0,11675.0,581900,6793682500.0
2025-12-23 00:00:00,11940.0,11990.0,11625.0,11750.0,586300,6889025000.0
2025-12-24 00:00:00,11820.0,11905.0,11665.0,11760.0,564600,6639696000.0
2025-12-25 00:00:00,11805.0,11825.0,11590.0,11710.0,227800,2667538000.0
2025-12-26 00:00:00,11765.0,11845.0,11650.0,11710.0,347900,4073909000.0
2025-12-29 00:00:00,11780.0,11955.0,11715.0,11955.0,475500,5684602500.0
2025-12-30 00:00:00,11885.0,11920.0,11775.0,11850.0,454500,5385825000.0
2026-01-05 00:00:00,12215.0,12285.0,12045.0,12090.0,680100,8222409000.0
2026-01-06 00:00:00,12210.0,12275.0,12010.0,12225.0,581000,7102725000.0
2026-01-07 00:00:00,12120.0,12375.0,12055.0,12125.0,642100,7785462500.0
2026-01-08 00:00:00,12155.0,12245.0,11950.0,11950.0,586100,7003895000.0
2026-01-09 00:00:00,11885.0,12100.0,11625.0,11920.0,625400,7454768000.0
2026-01-13 00:00:00,12490.0,12755.0,12300.0,12500.0,1038600,12982500000.0
2026-01-14 00:00:00,12740.0,12840.0,12595.0,12715.0,833900,10603038500.0
2026-01-15 00:00:00,12520.0,12690.0,12205.0,12425.0,1073000,13332025000.0
2026-01-16 00:00:00,12395.0,12510.0,12120.0,12445.0,747000,9296415000.0
2026-01-19 00:00:00,12300.0,12545.0,12300.0,12500.0,568600,7107500000.0
2026-01-20 00:00:00,12000.0,12030.0,11535.0,11570.0,1401400,16214198000.0
2026-01-21 00:00:00,11270.0,11620.0,11250.0,11290.0,1222900,13806541000.0
2026-01-22 00:00:00,11590.0,11595.0,11190.0,11190.0,1023400,11451846000.0
2026-01-23 00:00:00,11270.0,11520.0,11160.0,11505.0,835800,9615879000.0
2026-01-26 00:00:00,11330.0,11510.0,11215.0,11270.0,788200,8883014000.0
2026-01-27 00:00:00,11450.0,11660.0,11370.0,11545.0,894400,10325848000.0
2026-01-28 00:00:00,11750.0,11770.0,11560.0,11770.0,922700,10860179000.0
2026-01-29 00:00:00,11885.0,11980.0,11590.0,11750.0,966100,11351675000.0
2026-01-30 00:00:00,11505.0,11550.0,10840.0,10990.0,1658400,18225816000.0
2026-02-02 00:00:00,11020.0,11250.0,10700.0,10710.0,1006800,10782828000.0
2026-02-03 00:00:00,11220.0,11365.0,11120.0,11265.0,1129800,12727197000.0
2026-02-04 00:00:00,11155.0,11205.0,10560.0,10610.0,1620900,17197749000.0
2026-02-05 00:00:00,9901.0,10480.0,9900.0,10405.0,1718700,17883073500.0
2026-02-06 00:00:00,10230.0,10825.0,10225.0,10775.0,1310500,14120637500.0
2026-02-09 00:00:00,11070.0,11100.0,10915.0,11040.0,974200,10755168000.0
2026-02-10 00:00:00,11300.0,11730.0,11140.0,11680.0,1225100,14309168000.0
2026-02-12 00:00:00,11590.0,11780.0,11360.0,11500.0,1210100,13916150000.0
2026-02-13 00:00:00,11360.0,11495.0,11155.0,11265.0,791400,8915121000.0
2026-02-16 00:00:00,11320.0,11455.0,11265.0,11425.0,583700,6668772500.0
2026-02-17 00:00:00,11425.0,11425.0,11260.0,11350.0,487100,5528585000.0
2026-02-18 00:00:00,11595.0,11965.0,11560.0,11900.0,787200,9367680000.0
2026-02-19 00:00:00,11900.0,12140.0,11810.0,12030.0,781100,9396633000.0
2026-02-20 00:00:00,12115.0,12575.0,11925.0,12575.0,1110300,13962022500.0
2026-02-24 00:00:00,12515.0,13150.0,12275.0,13130.0,1528000,20062640000.0
2026-02-25 00:00:00,13690.0,13750.0,13325.0,13420.0,1212400,16270408000.0
2026-02-26 00:00:00,13945.0,13945.0,13320.0,13400.0,1010700,13543380000.0
2026-02-27 00:00:00,13350.0,13910.0,13285.0,13910.0,1203500,16740685000.0
2026-03-02 00:00:00,13310.0,13710.0,13245.0,13595.0,704800,9581756000.0
2026-03-03 00:00:00,13700.0,13770.0,12835.0,12970.0,836900,10854593000.0
2026-03-04 00:00:00,12190.0,12615.0,11670.0,12095.0,1588900,19217745500.0
2026-03-05 00:00:00,12630.0,12680.0,11925.0,12135.0,991300,12029425500.0
2026-03-06 00:00:00,11905.0,12045.0,11250.0,11400.0,2251500,25667100000.0
2026-03-09 00:00:00,10200.0,10525.0,10035.0,10515.0,1890400,19877556000.0
2026-03-10 00:00:00,10885.0,11165.0,10740.0,10985.0,1155400,12692069000.0
2026-03-11 00:00:00,11380.0,11505.0,11265.0,11265.0,767800,8649267000.0
2026-03-12 00:00:00,11115.0,11380.0,11010.0,11225.0,874700,9818507500.0
2026-03-13 00:00:00,10980.0,11495.0,10975.0,11390.0,833300,9491287000.0
2026-03-16 00:00:00,11340.0,11530.0,11095.0,11255.0,594200,6687721000.0
2026-03-17 00:00:00,11475.0,11550.0,11230.0,11295.0,499400,5640723000.0
2026-03-18 00:00:00,11405.0,11885.0,11385.0,11725.0,647400,7590765000.0
2026-03-19 00:00:00,11425.0,11560.0,11130.0,11150.0,1146000,12777900000.0
2026-03-23 00:00:00,10605.0,10735.0,10290.0,10505.0,986600,10364233000.0
2026-03-24 00:00:00,10890.0,10940.0,10615.0,10870.0,771800,8389466000.0
2026-03-25 00:00:00,11295.0,11410.0,11215.0,11395.0,791200,9015724000.0
2026-03-26 00:00:00,11565.0,11660.0,11310.0,11440.0,579700,6631768000.0
2026-03-27 00:00:00,11205.0,11480.0,11035.0,11420.0,692300,7906066000.0
2026-03-30 00:00:00,10580.0,10845.0,10495.0,10830.0,843700,9137271000.0
2026-03-31 00:00:00,10530.0,10840.0,10430.0,10580.0,743600,7867288000.0
2026-04-01 00:00:00,11250.0,11380.0,11090.0,11365.0,677800,7703197000.0
2026-04-02 00:00:00,11470.0,11505.0,10765.0,10765.0,694500,7476292500.0
2026-04-03 00:00:00,10770.0,10950.0,10715.0,10790.0,760800,8209032000.0
2026-04-06 00:00:00,10780.0,10820.0,10585.0,10585.0,691500,7319527500.0
2026-04-07 00:00:00,10695.0,10755.0,10455.0,10465.0,716700,7500265500.0
2026-04-08 00:00:00,11065.0,11130.0,10820.0,11130.0,982200,10931886000.0
2026-04-09 00:00:00,11160.0,11230.0,11040.0,11105.0,640900,7117194500.0
2026-04-10 00:00:00,11330.0,11555.0,11235.0,11395.0,775100,8832264500.0
2026-04-13 00:00:00,11245.0,11545.0,11185.0,11385.0,593000,6751305000.0
2026-04-14 00:00:00,11550.0,11810.0,11490.0,11685.0,669100,7818433500.0
