timestamps,open,high,low,close,volume,amount
2000-01-04 00:00:00,5.5112,5.5112,5.2356,5.3275,2297.0,12237.2675
2000-01-05 00:00:00,5.2356,5.2356,4.96,4.96,1815.0,9002.4
2000-01-06 00:00:00,5.4193,5.4193,4.7763,4.96,7599.0,37691.04
2000-01-07 00:00:00,4.96,4.96,4.96,4.96,1089.0,5401.44
2000-01-10 00:00:00,5.4193,5.5112,5.4193,5.5112,1092.0,6018.2303999999995
2000-01-11 00:00:00,5.4193,5.5112,5.4193,5.4193,2076.0,11250.4668
2000-01-12 00:00:00,5.5112,5.603,5.5112,5.603,381.0,2134.743
2000-01-13 00:00:00,5.603,5.603,5.4193,5.4193,1501.0,8134.369299999999
2000-01-14 00:00:00,5.603,5.603,5.4193,5.603,256.0,1434.368
2000-01-17 00:00:00,5.4193,5.4193,5.4193,5.4193,499.0,2704.2307
2000-01-18 00:00:00,5.3275,5.5112,5.3275,5.5112,2161.0,11909.7032
2000-01-19 00:00:00,5.5112,5.5112,5.3275,5.4193,1397.0,7570.7621
2000-01-20 00:00:00,5.3275,5.4193,5.1438,5.3275,3403.0,18129.4825
2000-01-21 00:00:00,5.3275,5.3275,5.3275,5.3275,73.0,388.90749999999997
2000-01-24 00:00:00,5.3275,5.5112,5.2356,5.3275,2578.0,13734.295
2000-01-25 00:00:00,5.3275,5.5112,5.3275,5.5112,3562.0,19630.894399999997
2000-01-27 00:00:00,5.8786,5.9704,5.6949,5.7867,1719.0,9947.3373
2000-01-28 00:00:00,5.8786,6.4297,5.8786,6.4297,10865.0,69858.69050000001
2000-01-31 00:00:00,6.4297,6.7052,6.1541,6.1541,4834.0,29748.9194
2000-02-01 00:00:00,6.3378,6.3378,6.3378,6.3378,223.0,1413.3293999999999
2000-02-02 00:00:00,5.7867,5.7867,5.603,5.603,697.0,3905.2909999999997
2000-02-03 00:00:00,5.7867,5.9704,5.7867,5.9704,771.0,4603.1784
2000-02-04 00:00:00,5.9704,5.9704,5.7867,5.7867,1374.0,7950.9258
2000-02-07 00:00:00,6.0623,6.4297,6.0623,6.0623,2250.0,13640.175
2000-02-08 00:00:00,5.7867,6.0623,5.7867,6.0623,2929.0,17756.4767
2000-02-09 00:00:00,5.9704,5.9704,5.5112,5.5112,4088.0,22529.7856
2000-02-10 00:00:00,5.5112,5.9704,5.5112,5.6949,1617.0,9208.6533
2000-02-11 00:00:00,5.6949,6.7052,5.6949,6.5215,11012.0,71814.758
2000-02-14 00:00:00,6.4297,6.5215,6.0623,6.1541,4363.0,26850.3383
2000-02-15 00:00:00,6.246,6.4297,6.0623,6.3378,3563.0,22581.5814
2000-02-16 00:00:00,6.3378,6.4297,5.5112,5.603,8513.0,47698.339
2000-02-17 00:00:00,5.6949,6.3378,5.6949,6.3378,5645.0,35776.881
2000-02-18 00:00:00,6.4297,6.4297,5.7867,5.7867,7156.0,41409.625199999995
2000-02-21 00:00:00,5.7867,6.3378,5.6949,6.3378,1499.0,9500.3622
2000-02-22 00:00:00,5.7867,5.7867,5.7867,5.7867,1089.0,6301.7163
2000-02-23 00:00:00,5.7867,5.7867,5.6949,5.6949,747.0,4254.0903
2000-02-24 00:00:00,5.7867,5.7867,5.2356,5.2356,4180.0,21884.808
2000-02-25 00:00:00,5.4193,5.5112,5.2356,5.5112,2744.0,15122.7328
2000-02-28 00:00:00,5.5112,5.7867,5.5112,5.6949,3883.0,22113.2967
2000-02-29 00:00:00,5.6949,5.8786,5.6949,5.6949,5598.0,31880.050199999998
2000-03-01 00:00:00,5.7867,5.7867,5.7867,5.7867,523.0,3026.4440999999997
2000-03-02 00:00:00,5.6949,5.6949,5.603,5.603,1158.0,6488.273999999999
2000-03-03 00:00:00,5.7867,5.7867,5.7867,5.7867,631.0,3651.4076999999997
2000-03-06 00:00:00,5.8786,6.9808,5.8786,6.9808,15380.0,107364.70400000001
2000-03-07 00:00:00,6.889,6.9808,6.246,6.246,12875.0,80417.25
2000-03-08 00:00:00,5.9704,6.4297,5.9704,6.4297,2427.0,15604.8819
2000-03-09 00:00:00,6.246,6.6134,6.1541,6.6134,4498.0,29747.073200000003
2000-03-10 00:00:00,6.7971,6.889,6.4297,6.889,7875.0,54250.875
2000-03-13 00:00:00,6.889,7.9912,6.7971,7.8993,34185.0,270037.57050000003
2000-03-14 00:00:00,8.083,8.083,7.3482,7.3482,10427.0,76619.6814
2000-03-15 00:00:00,7.7156,8.083,7.7156,8.083,17451.0,141056.433
2000-03-16 00:00:00,7.8075,7.8075,7.0727,7.0727,5404.0,38220.870800000004
2000-03-17 00:00:00,7.7156,10.1038,7.7156,9.1853,28607.0,262763.8771
2000-03-20 00:00:00,11.0223,16.0742,11.0223,13.3186,234156.0,3118630.1016
2000-03-21 00:00:00,13.3186,13.3186,11.0223,11.9409,55416.0,661716.9144
2000-03-22 00:00:00,12.4001,12.4001,11.0223,11.9409,19722.0,235498.42979999998
2000-03-23 00:00:00,11.9409,11.9409,11.0223,11.4816,16115.0,185025.984
2000-03-24 00:00:00,11.3897,11.9409,11.0223,11.0223,20920.0,230586.516
2000-03-27 00:00:00,11.9409,22.0447,11.9409,22.0447,142366.0,3138415.7602
2000-03-28 00:00:00,26.6373,26.6373,24.341,24.341,18346.0,446559.98600000003
2000-03-29 00:00:00,25.2595,25.2595,17.452,21.1261,52550.0,1110176.5550000002
2000-03-30 00:00:00,20.2076,20.6669,17.9113,19.2891,35373.0,682313.3343
2000-03-31 00:00:00,19.2891,20.6669,17.9113,20.2076,40512.0,818650.2912
2000-04-03 00:00:00,22.0447,22.0447,20.2076,20.2076,14251.0,287978.5076
2000-04-04 00:00:00,18.3705,18.3705,14.6964,15.615,36491.0,569806.965
2000-04-05 00:00:00,14.6964,14.6964,11.9409,12.8594,20532.0,264029.2008
2000-04-06 00:00:00,12.4001,16.5335,12.4001,16.0742,20961.0,336931.30620000005
2000-04-07 00:00:00,18.8298,18.8298,16.0742,16.0742,23518.0,378033.0356
2000-04-10 00:00:00,16.0742,16.5335,14.2372,15.1557,19177.0,290640.8589
2000-04-11 00:00:00,13.7779,13.7779,12.4001,13.3186,13917.0,185354.9562
2000-04-12 00:00:00,12.8594,14.2372,12.4001,13.3186,8691.0,115751.9526
2000-04-13 00:00:00,12.4001,12.8594,11.9409,12.4001,7543.0,93533.9543
2000-04-14 00:00:00,12.4001,13.3186,11.9409,12.4001,4849.0,60128.0849
2000-04-17 00:00:00,8.8179,8.8179,7.0727,7.4401,20250.0,150662.025
2000-04-18 00:00:00,8.5423,9.1853,7.0727,7.0727,12221.0,86435.4667
2000-04-19 00:00:00,8.2667,8.726,7.6238,8.083,11990.0,96915.17
2000-04-20 00:00:00,7.8075,8.2667,7.8075,8.2667,4307.0,35604.6769
2000-04-26 00:00:00,7.8075,8.2667,7.6238,7.6238,1978.0,15079.876400000001
2000-04-27 00:00:00,7.8075,7.8075,7.3482,7.3482,5823.0,42788.5686
2000-04-28 00:00:00,7.3482,7.3482,6.889,7.3482,5815.0,42729.783
2000-05-01 00:00:00,7.3482,7.3482,5.0519,5.9704,11933.0,71244.78319999999
2000-05-02 00:00:00,5.5112,5.5112,5.2356,5.2356,8884.0,46513.0704
2000-05-03 00:00:00,5.3275,5.5112,5.0519,5.5112,2818.0,15530.561599999999
2000-05-04 00:00:00,5.5112,5.5112,5.2356,5.3275,2759.0,14698.572499999998
2000-05-05 00:00:00,5.5112,7.0727,5.1438,5.9704,6946.0,41470.3984
2000-05-08 00:00:00,5.9704,5.9704,5.5112,5.5112,2550.0,14053.56
2000-05-09 00:00:00,5.5112,5.9704,5.5112,5.9704,1048.0,6256.9792
2000-05-10 00:00:00,6.0623,6.0623,5.5112,5.5112,1840.0,10140.608
2000-05-11 00:00:00,5.5112,5.5112,5.5112,5.5112,2228.0,12278.953599999999
2000-05-12 00:00:00,5.2356,5.4193,5.0519,5.1438,5584.0,28722.979199999998
2000-05-15 00:00:00,5.2356,5.5112,5.1438,5.5112,3832.0,21118.9184
2000-05-16 00:00:00,5.4193,5.4193,5.1438,5.1438,2309.0,11877.0342
2000-05-17 00:00:00,5.4193,5.5112,4.6845,4.6845,7257.0,33995.4165
2000-05-18 00:00:00,4.96,5.0519,4.96,5.0519,222.0,1121.5218
2000-05-19 00:00:00,4.96,4.96,4.8682,4.96,2976.0,14760.96
2000-05-22 00:00:00,4.96,4.96,4.7763,4.7763,3257.0,15556.4091
2000-05-23 00:00:00,4.7763,5.1438,4.6845,4.7763,4976.0,23766.8688
2000-05-24 00:00:00,4.7763,4.8682,4.3171,4.3171,7788.0,33621.5748
2000-05-25 00:00:00,4.3171,4.3171,4.3171,4.3171,4206.0,18157.7226
2000-05-26 00:00:00,4.5926,4.5926,4.3171,4.5926,339.0,1556.8914
2000-05-29 00:00:00,4.2252,4.4089,4.2252,4.2252,5711.0,24130.1172
2000-05-30 00:00:00,4.5008,4.5926,4.2252,4.3171,7087.0,30595.2877
2000-05-31 00:00:00,4.4089,4.5008,4.0415,4.0415,4363.0,17633.0645
2000-06-01 00:00:00,4.2252,4.2252,4.1334,4.1334,2764.0,11424.7176
2000-06-02 00:00:00,4.2252,4.3171,4.2252,4.3171,1306.0,5638.1326
2000-06-05 00:00:00,4.2252,4.4089,3.8578,3.8578,5244.0,20230.303200000002
2000-06-06 00:00:00,4.2252,4.2252,4.2252,4.2252,1677.0,7085.6604
2000-06-07 00:00:00,4.4089,4.4089,4.2252,4.3171,4562.0,19694.6102
2000-06-08 00:00:00,4.5008,4.5008,4.1334,4.1334,3248.0,13425.2832
2000-06-09 00:00:00,4.2252,4.2252,4.1334,4.2252,1012.0,4275.9024
2000-06-13 00:00:00,4.2252,4.2252,4.0415,4.0415,7390.0,29866.685
2000-06-14 00:00:00,4.0415,4.3171,3.9497,4.3171,5190.0,22405.749
2000-06-15 00:00:00,4.1334,4.4089,4.1334,4.4089,871.0,3840.1519
2000-06-16 00:00:00,4.4089,4.5008,4.0415,4.5008,4297.0,19339.9376
2000-06-19 00:00:00,4.3171,4.4089,4.0415,4.2252,4072.0,17205.0144
2000-06-20 00:00:00,4.5008,4.5008,4.0415,4.0415,5371.0,21706.8965
2000-06-21 00:00:00,4.0415,4.1334,3.6741,3.6741,4353.0,15993.357300000001
2000-06-22 00:00:00,4.1334,4.1334,3.6741,3.9497,3062.0,12093.9814
2000-06-23 00:00:00,3.8578,4.1334,3.8578,3.9497,7149.0,28236.4053
2000-06-26 00:00:00,3.8578,4.0415,3.8578,4.0415,5257.0,21246.1655
2000-06-27 00:00:00,3.6741,4.0415,3.6741,3.766,5125.0,19300.75
2000-06-28 00:00:00,3.8578,3.8578,3.6741,3.8578,11919.0,45981.118200000004
2000-06-29 00:00:00,3.766,3.8578,3.6741,3.766,14295.0,53834.97
2000-06-30 00:00:00,3.6741,3.9497,3.6741,3.8578,13908.0,53654.282400000004
2000-07-03 00:00:00,4.0415,4.1334,3.766,3.8578,2036.0,7854.4808
2000-07-04 00:00:00,3.8578,4.0415,3.8578,4.0415,1057.0,4271.8655
2000-07-05 00:00:00,4.0415,4.4089,4.0415,4.4089,5765.0,25417.3085
2000-07-06 00:00:00,4.4089,5.8786,4.1334,5.6949,5407.0,30792.324299999997
2000-07-07 00:00:00,5.603,5.603,5.0519,5.3275,3996.0,21288.69
2000-07-10 00:00:00,5.1438,5.3275,5.1438,5.1438,2885.0,14839.863
2000-07-11 00:00:00,5.0519,5.1438,5.0519,5.1438,2099.0,10796.8362
2000-07-12 00:00:00,5.1438,5.1438,4.7763,4.8682,5073.0,24696.3786
2000-07-13 00:00:00,4.96,5.1438,4.96,5.1438,6851.0,35240.1738
2000-07-14 00:00:00,5.1438,5.4193,5.1438,5.4193,4074.0,22078.228199999998
2000-07-17 00:00:00,5.5112,6.4297,5.4193,6.4297,9005.0,57899.448500000006
2000-07-18 00:00:00,6.5215,7.7156,6.4297,6.4297,19578.0,125880.66660000001
2000-07-19 00:00:00,6.1541,6.1541,5.603,5.8786,5770.0,33919.522
2000-07-20 00:00:00,5.6949,5.7867,5.2356,5.7867,5620.0,32521.253999999997
2000-07-21 00:00:00,5.7867,5.7867,5.7867,5.7867,109.0,630.7502999999999
2000-07-24 00:00:00,5.8786,6.246,5.8786,5.8786,5868.0,34495.6248
2000-07-25 00:00:00,6.0623,6.4297,5.8786,6.1541,3814.0,23471.737399999998
2000-07-26 00:00:00,6.3378,6.3378,6.1541,6.1541,2827.0,17397.6407
2000-07-27 00:00:00,5.9704,5.9704,5.7867,5.7867,1108.0,6411.6636
2000-07-28 00:00:00,5.7867,5.7867,5.1438,5.6949,3860.0,21982.314
2000-07-31 00:00:00,5.6949,5.8786,5.5112,5.5112,2126.0,11716.8112
2000-08-01 00:00:00,5.5112,5.5112,5.5112,5.5112,1089.0,6001.6968
2000-08-02 00:00:00,5.2356,5.2356,5.0519,5.0519,1293.0,6532.106699999999
2000-08-03 00:00:00,5.0519,5.0519,4.5926,4.5926,3263.0,14985.6538
2000-08-04 00:00:00,4.5926,4.5926,4.5926,4.5926,653.0,2998.9678
2000-08-07 00:00:00,4.5926,4.5926,4.5008,4.5008,1089.0,4901.3712
2000-08-08 00:00:00,4.5008,4.5008,3.6741,4.0415,30277.0,122364.4955
2000-08-09 00:00:00,4.1334,4.3171,4.1334,4.3171,7032.0,30357.8472
2000-08-10 00:00:00,4.3171,4.7763,4.3171,4.5926,10624.0,48791.782400000004
2000-08-11 00:00:00,5.1438,5.1438,4.8682,4.8682,8726.0,42479.913199999995
2000-08-14 00:00:00,4.96,4.96,4.6845,4.7763,3315.0,15833.4345
2000-08-15 00:00:00,4.6845,4.6845,4.5926,4.5926,2416.0,11095.7216
2000-08-16 00:00:00,4.5926,4.6845,4.5926,4.5926,643.0,2953.0418
2000-08-17 00:00:00,4.6845,4.7763,4.6845,4.6845,742.0,3475.899
2000-08-18 00:00:00,4.7763,4.7763,4.6845,4.6845,806.0,3775.707
2000-08-21 00:00:00,4.7763,4.7763,4.6845,4.6845,3051.0,14292.4095
2000-08-22 00:00:00,4.6845,4.6845,4.3171,4.3171,4374.0,18882.9954
2000-08-23 00:00:00,4.5008,4.5008,4.4089,4.4089,3152.0,13896.8528
2000-08-24 00:00:00,4.5008,4.5008,4.5008,4.5008,544.0,2448.4352
2000-08-25 00:00:00,4.5926,4.96,4.5926,4.96,2595.0,12871.2
2000-08-28 00:00:00,4.96,4.96,4.5926,4.5926,2634.0,12096.9084
2000-08-29 00:00:00,4.5926,4.7763,4.5926,4.7763,439.0,2096.7957
2000-08-30 00:00:00,4.5926,4.6845,4.5926,4.6845,1963.0,9195.673499999999
2000-08-31 00:00:00,4.5926,4.5926,4.4089,4.4089,8280.0,36505.692
2000-09-01 00:00:00,4.4089,4.4089,4.4089,4.4089,309.0,1362.3501
2000-09-04 00:00:00,4.4089,4.5008,4.4089,4.5008,160.0,720.1279999999999
2000-09-05 00:00:00,4.5008,4.5008,4.5008,4.5008,441.0,1984.8528
2000-09-06 00:00:00,4.3171,4.3171,4.2252,4.2252,2242.0,9472.8984
2000-09-07 00:00:00,4.3171,4.3171,4.2252,4.3171,2424.0,10464.6504
2000-09-08 00:00:00,4.2252,4.5926,4.1334,4.1334,9017.0,37270.8678
2000-09-11 00:00:00,4.1334,4.1334,4.1334,4.1334,236.0,975.4824
2000-09-12 00:00:00,4.1334,4.1334,4.1334,4.1334,687.0,2839.6458
2000-09-13 00:00:00,4.1334,4.1334,4.1334,4.1334,327.0,1351.6218
2000-09-14 00:00:00,4.1334,4.1334,4.0415,4.0415,3620.0,14630.23
2000-09-15 00:00:00,4.0415,4.0415,4.0415,4.0415,15.0,60.6225
2000-09-18 00:00:00,4.0415,4.0415,3.9497,3.9497,1938.0,7654.5186
2000-09-19 00:00:00,4.0415,4.1334,4.0415,4.0415,2689.0,10867.5935
2000-09-20 00:00:00,4.0415,4.0415,4.0415,4.0415,729.0,2946.2535000000003
2000-09-21 00:00:00,4.0415,4.0415,3.9497,3.9497,1089.0,4301.2233
2000-09-25 00:00:00,4.0415,4.4089,4.0415,4.4089,2298.0,10131.6522
2000-09-26 00:00:00,4.3171,4.4089,4.3171,4.4089,2128.0,9382.1392
2000-09-27 00:00:00,4.4089,4.4089,4.1334,4.1334,4028.0,16649.3352
2000-09-28 00:00:00,3.9497,3.9497,3.9497,3.9497,218.0,861.0346
2000-09-29 00:00:00,3.9497,3.9497,3.9497,3.9497,1383.0,5462.4351
2000-10-02 00:00:00,3.9497,3.9497,3.8578,3.8578,327.0,1261.5006
2000-10-05 00:00:00,3.8578,3.8578,3.8578,3.8578,98.0,378.06440000000003
2000-10-06 00:00:00,3.8578,3.8578,3.8578,3.8578,334.0,1288.5052
2000-10-09 00:00:00,3.8578,3.8578,3.766,3.766,1052.0,3961.832
2000-10-10 00:00:00,3.8578,3.8578,3.766,3.766,753.0,2835.7980000000002
2000-10-11 00:00:00,3.766,3.766,3.766,3.766,315.0,1186.29
2000-10-12 00:00:00,3.9497,3.9497,3.6741,3.6741,1083.0,3979.0503000000003
2000-10-16 00:00:00,3.6741,3.9497,3.6741,3.6741,741.0,2722.5081
2000-10-17 00:00:00,3.6741,3.6741,3.6741,3.6741,109.0,400.4769
2000-10-18 00:00:00,3.6741,3.9497,3.6741,3.9497,2188.0,8641.9436
2000-10-20 00:00:00,3.8578,3.8578,3.6741,3.6741,581.0,2134.6521000000002
2000-10-23 00:00:00,3.6741,3.766,3.6741,3.766,1236.0,4654.776
2000-10-24 00:00:00,3.6741,3.766,3.3986,3.3986,2424.0,8238.206400000001
2000-10-25 00:00:00,3.3986,3.3986,3.3986,3.3986,109.0,370.4474
2000-10-26 00:00:00,3.8578,3.8578,3.4904,3.4904,1481.0,5169.2824
2000-10-27 00:00:00,3.6741,3.6741,3.3067,3.3067,4322.0,14291.557400000002
2000-10-30 00:00:00,3.3067,3.3067,3.3067,3.3067,142.0,469.5514
2000-10-31 00:00:00,3.6741,3.6741,3.6741,3.6741,604.0,2219.1564000000003
2000-11-03 00:00:00,3.5823,3.5823,3.3986,3.3986,4711.0,16010.8046
2000-11-06 00:00:00,3.3986,3.3986,3.3986,3.3986,76.0,258.2936
2000-11-07 00:00:00,3.3986,3.3986,3.3067,3.3067,1103.0,3647.2901
2000-11-09 00:00:00,3.3067,3.3067,3.3067,3.3067,123.0,406.7241
2000-11-10 00:00:00,3.3986,3.6741,3.3986,3.6741,4899.0,17999.4159
2000-11-13 00:00:00,3.4904,3.6741,3.4904,3.6741,2570.0,9442.437
2000-11-14 00:00:00,3.6741,3.6741,3.3986,3.3986,327.0,1111.3422
2000-11-15 00:00:00,3.3986,3.3986,3.3067,3.3067,2005.0,6629.9335
2000-11-16 00:00:00,3.3986,3.6741,3.3986,3.6741,796.0,2924.5836
2000-11-20 00:00:00,3.4904,3.6741,3.4904,3.6741,2232.0,8200.5912
2000-11-21 00:00:00,3.4904,3.4904,3.4904,3.4904,272.0,949.3888000000001
2000-11-22 00:00:00,3.4904,3.4904,3.4904,3.4904,599.0,2090.7496
2000-11-24 00:00:00,3.4904,3.4904,3.3067,3.3067,1623.0,5366.7741000000005
2000-11-27 00:00:00,3.3067,3.3067,3.3067,3.3067,1172.0,3875.4524
2000-11-28 00:00:00,3.3067,3.3986,3.3067,3.3986,1274.0,4329.8164
2000-11-30 00:00:00,3.3986,3.4904,3.3986,3.4904,254.0,886.5616
2000-12-01 00:00:00,3.4904,3.5823,3.3986,3.5823,2182.0,7816.5786
2000-12-04 00:00:00,3.3067,3.766,3.3067,3.766,4344.0,16359.504
2000-12-05 00:00:00,3.766,3.766,3.6741,3.6741,1604.0,5893.2564
2000-12-06 00:00:00,3.6741,3.766,3.3986,3.766,2385.0,8981.91
2000-12-07 00:00:00,3.766,4.1334,3.766,4.1334,6693.0,27664.8462
2000-12-08 00:00:00,4.0415,4.0415,3.766,3.766,1829.0,6888.014
2000-12-11 00:00:00,4.0415,4.0415,3.766,3.766,1381.0,5200.8460000000005
2000-12-12 00:00:00,3.8578,3.8578,3.766,3.766,1611.0,6067.026
2000-12-13 00:00:00,3.5823,3.5823,3.3986,3.3986,708.0,2406.2088
2000-12-14 00:00:00,3.3986,3.5823,3.3986,3.5823,3076.0,11019.1548
2000-12-15 00:00:00,3.3986,3.3986,3.3067,3.3067,1361.0,4500.4187
2000-12-18 00:00:00,3.3986,3.3986,3.3986,3.3986,18.0,61.174800000000005
2000-12-19 00:00:00,3.5823,3.5823,3.3986,3.3986,4380.0,14885.868
2000-12-22 00:00:00,3.3067,3.3986,3.3067,3.3986,1925.0,6542.305
2000-12-28 00:00:00,3.5823,3.5823,3.5823,3.5823,191.0,684.2193
2000-12-29 00:00:00,3.5823,3.5823,3.3986,3.3986,3266.0,11099.8276
2001-01-02 00:00:00,3.3986,3.3986,3.3986,3.3986,1352.0,4594.9072
2001-01-03 00:00:00,3.3986,3.3986,3.3986,3.3986,3266.0,11099.8276
2001-01-04 00:00:00,3.5823,3.5823,3.4904,3.4904,1415.0,4938.916
2001-01-08 00:00:00,3.6741,3.6741,3.5823,3.5823,1633.0,5849.8959
2001-01-09 00:00:00,3.4904,3.5823,3.4904,3.5823,741.0,2654.4843
2001-01-10 00:00:00,3.5823,3.5823,3.4904,3.4904,2101.0,7333.330400000001
2001-01-11 00:00:00,3.4904,3.4904,3.4904,3.4904,1296.0,4523.5584
2001-01-15 00:00:00,3.3986,3.3986,3.3986,3.3986,526.0,1787.6636
2001-01-16 00:00:00,3.3986,3.3986,3.3986,3.3986,272.0,924.4192
2001-01-17 00:00:00,3.3986,3.4904,3.3067,3.3067,3877.0,12820.075900000002
2001-01-18 00:00:00,3.3067,3.3067,3.3067,3.3067,73.0,241.3891
2001-01-19 00:00:00,3.3067,3.3067,3.3067,3.3067,159.0,525.7653
2001-01-22 00:00:00,3.3067,3.6741,3.3067,3.6741,7918.0,29091.523800000003
2001-01-23 00:00:00,3.6741,3.6741,3.4904,3.5823,1322.0,4735.8006000000005
2001-01-24 00:00:00,3.8578,3.9497,3.8578,3.9497,2425.0,9578.0225
2001-01-25 00:00:00,3.6741,3.6741,3.6741,3.6741,4379.0,16088.8839
2001-01-29 00:00:00,3.9497,4.0415,3.9497,4.0415,7294.0,29478.701
2001-01-30 00:00:00,4.0415,4.0415,4.0415,4.0415,3575.0,14448.362500000001
2001-01-31 00:00:00,4.0415,4.0415,4.0415,4.0415,3033.0,12257.8695
2001-02-01 00:00:00,3.8578,3.8578,3.6741,3.6741,4338.0,15938.2458
2001-02-02 00:00:00,3.6741,3.6741,3.4904,3.4904,1143.0,3989.5272
2001-02-05 00:00:00,3.6741,3.766,3.6741,3.766,2602.0,9799.132
2001-02-06 00:00:00,3.6741,3.766,3.5823,3.766,1423.0,5359.018
2001-02-08 00:00:00,3.4904,3.4904,3.4904,3.4904,2161.0,7542.754400000001
2001-02-09 00:00:00,3.4904,3.4904,3.4904,3.4904,225.0,785.34
2001-02-12 00:00:00,3.6741,3.6741,3.4904,3.4904,1731.0,6041.8824
2001-02-13 00:00:00,3.5823,3.8578,3.5823,3.8578,1395.0,5381.631
2001-02-14 00:00:00,3.8578,4.0415,3.8578,3.9497,5966.0,23563.9102
2001-02-15 00:00:00,4.0415,4.7763,4.0415,4.4089,19083.0,84135.0387
2001-02-16 00:00:00,4.4089,4.6845,4.1334,4.1334,7917.0,32724.1278
2001-02-19 00:00:00,4.2252,4.5926,4.2252,4.4089,1675.0,7384.9075
2001-02-20 00:00:00,4.5926,5.3275,4.5926,5.0519,18626.0,94096.6894
2001-02-21 00:00:00,5.2356,5.2356,4.8682,5.2356,9334.0,48869.0904
2001-02-22 00:00:00,4.8682,5.2356,4.7763,4.7763,2286.0,10918.6218
2001-02-23 00:00:00,4.6845,4.6845,4.6845,4.6845,163.0,763.5735
2001-02-26 00:00:00,4.6845,4.6845,4.6845,4.6845,403.0,1887.8535
2001-02-27 00:00:00,4.6845,4.6845,4.6845,4.6845,145.0,679.2524999999999
2001-02-28 00:00:00,4.6845,4.6845,4.6845,4.6845,468.0,2192.346
2001-03-01 00:00:00,4.96,4.96,4.5926,4.5926,1554.0,7136.9004
2001-03-02 00:00:00,4.5926,4.5926,4.4089,4.4089,3893.0,17163.8477
2001-03-05 00:00:00,5.0519,5.0519,4.4089,4.4089,481.0,2120.6809
2001-03-07 00:00:00,4.4089,4.4089,4.4089,4.4089,703.0,3099.4567
2001-03-08 00:00:00,4.3171,4.3171,4.1334,4.1334,1306.0,5398.2204
2001-03-09 00:00:00,4.1334,4.3171,4.1334,4.3171,2260.0,9756.646
2001-03-12 00:00:00,4.3171,4.3171,4.1334,4.1334,518.0,2141.1012
2001-03-13 00:00:00,4.1334,4.1334,3.6741,3.6741,454.0,1668.0414
2001-03-14 00:00:00,3.6741,3.6741,3.6741,3.6741,629.0,2311.0089000000003
2001-03-15 00:00:00,3.6741,3.6741,3.6741,3.6741,1089.0,4001.0949
2001-03-16 00:00:00,3.6741,3.6741,3.6741,3.6741,218.0,800.9538
2001-03-19 00:00:00,4.0415,4.1334,3.6741,3.6741,1306.0,4798.3746
2001-03-21 00:00:00,3.8578,3.8578,3.8578,3.8578,1807.0,6971.0446
2001-03-22 00:00:00,3.766,3.766,3.766,3.766,1633.0,6149.878
2001-03-23 00:00:00,3.5823,3.5823,3.4904,3.4904,2528.0,8823.7312
2001-03-26 00:00:00,3.3986,3.4904,3.3986,3.4904,3735.0,13036.644
2001-03-27 00:00:00,3.4904,3.4904,3.4904,3.4904,91.0,317.6264
2001-03-28 00:00:00,3.4904,3.4904,3.3986,3.3986,715.0,2429.9990000000003
2001-03-29 00:00:00,3.3067,3.4904,3.3067,3.4904,443.0,1546.2472
2001-04-02 00:00:00,3.3067,3.3986,3.3067,3.3986,726.0,2467.3836
2001-04-03 00:00:00,3.3986,3.3986,3.3067,3.3067,2468.0,8160.935600000001
2001-04-04 00:00:00,3.3067,3.3067,3.3067,3.3067,1189.0,3931.6663000000003
2001-04-05 00:00:00,3.3067,3.3067,3.3067,3.3067,1975.0,6530.7325
2001-04-06 00:00:00,3.3067,3.3067,3.3067,3.3067,162.0,535.6854000000001
2001-04-10 00:00:00,3.3986,3.3986,3.2148,3.2148,6463.0,20777.252399999998
2001-04-11 00:00:00,3.3067,3.3067,3.3067,3.3067,523.0,1729.4041000000002
2001-04-12 00:00:00,3.2148,3.3067,3.2148,3.2148,865.0,2780.8019999999997
2001-04-17 00:00:00,3.2148,3.2148,3.2148,3.2148,36.0,115.7328
2001-04-18 00:00:00,3.3067,3.3067,3.3067,3.3067,2065.0,6828.3355
2001-04-19 00:00:00,3.6741,3.6741,3.3067,3.3067,504.0,1666.5768
2001-04-20 00:00:00,3.3067,3.3067,3.3067,3.3067,254.0,839.9018000000001
2001-04-23 00:00:00,3.3067,3.3986,3.3067,3.3986,533.0,1811.4538
2001-04-24 00:00:00,3.3986,3.3986,3.2148,3.2148,1415.0,4548.942
2001-04-27 00:00:00,3.3067,3.3986,3.3067,3.3067,1316.0,4351.617200000001
2001-04-30 00:00:00,3.3067,3.3067,3.3067,3.3067,321.0,1061.4507
2001-05-02 00:00:00,3.3067,3.3067,3.2148,3.2148,508.0,1633.1183999999998
2001-05-03 00:00:00,3.3067,3.3067,3.3067,3.3067,163.0,538.9921
2001-05-04 00:00:00,3.3067,3.3067,3.3067,3.3067,30.0,99.20100000000001
2001-05-07 00:00:00,3.3067,3.3986,3.3067,3.3067,621.0,2053.4607
2001-05-08 00:00:00,3.3067,3.3067,3.3067,3.3067,468.0,1547.5356000000002
2001-05-09 00:00:00,3.3067,3.3067,3.2148,3.2148,838.0,2694.0024
2001-05-10 00:00:00,3.2148,3.2148,3.2148,3.2148,777.0,2497.8995999999997
2001-05-11 00:00:00,3.2148,3.2148,3.2148,3.2148,348.0,1118.7504
2001-05-14 00:00:00,3.2148,3.3067,3.2148,3.3067,354.0,1170.5718000000002
2001-05-15 00:00:00,3.3067,3.3067,2.9393,2.9393,3271.0,9614.450299999999
2001-05-16 00:00:00,2.9393,2.9393,2.9393,2.9393,73.0,214.56889999999999
2001-05-17 00:00:00,3.123,3.123,3.123,3.123,726.0,2267.2980000000002
2001-05-18 00:00:00,3.3067,3.3067,3.0311,3.0311,604.0,1830.7844
2001-05-21 00:00:00,3.3067,3.4904,3.3067,3.4904,7956.0,27769.6224
2001-05-22 00:00:00,3.3067,3.3067,3.3067,3.3067,824.0,2724.7208
2001-05-23 00:00:00,3.123,3.123,3.0311,3.0311,1608.0,4874.0088
2001-05-24 00:00:00,3.0311,3.0311,3.0311,3.0311,155.0,469.8205
2001-05-25 00:00:00,3.3986,3.3986,3.3986,3.3986,65.0,220.909
2001-05-28 00:00:00,3.0311,3.0311,3.0311,3.0311,145.0,439.5095
2001-05-29 00:00:00,3.123,3.3986,3.123,3.3986,784.0,2664.5024
2001-05-30 00:00:00,3.3986,3.3986,3.3067,3.3067,6792.0,22459.1064
2001-06-01 00:00:00,3.3986,3.3986,3.2148,3.2148,1894.0,6088.8312
2001-06-04 00:00:00,3.3067,3.3067,3.3067,3.3067,363.0,1200.3321
2001-06-05 00:00:00,3.3067,3.3986,3.3067,3.3986,993.0,3374.8098
2001-06-06 00:00:00,3.3986,3.4904,3.2148,3.4904,3268.0,11406.6272
2001-06-07 00:00:00,3.4904,3.4904,3.2148,3.2148,4660.0,14980.967999999999
2001-06-08 00:00:00,3.4904,3.4904,3.2148,3.2148,690.0,2218.212
2001-06-12 00:00:00,3.2148,3.2148,3.2148,3.2148,755.0,2427.174
2001-06-13 00:00:00,3.2148,3.2148,3.123,3.123,708.0,2211.0840000000003
2001-06-14 00:00:00,3.123,3.123,3.0311,3.0311,459.0,1391.2749
2001-06-15 00:00:00,3.0311,3.0311,3.0311,3.0311,485.0,1470.0835
2001-06-18 00:00:00,3.0311,3.0311,3.0311,3.0311,24.0,72.7464
2001-06-19 00:00:00,3.0311,3.0311,3.0311,3.0311,2599.0,7877.8288999999995
2001-06-20 00:00:00,3.0311,3.0311,3.0311,3.0311,44.0,133.3684
2001-06-21 00:00:00,3.0311,3.123,3.0311,3.123,535.0,1670.805
2001-06-22 00:00:00,3.123,3.123,3.0311,3.0311,1404.0,4255.6644
2001-06-25 00:00:00,3.0311,3.0311,3.0311,3.0311,504.0,1527.6743999999999
2001-06-26 00:00:00,3.123,3.123,3.0311,3.0311,737.0,2233.9207
2001-06-27 00:00:00,3.2148,3.2148,3.0311,3.2148,2416.0,7766.9568
2001-06-28 00:00:00,3.2148,3.2148,2.5719,2.6637,11469.0,30549.9753
2001-06-29 00:00:00,2.7556,3.0311,2.7556,3.0311,1240.0,3758.564
2001-07-02 00:00:00,3.123,3.123,3.123,3.123,1089.0,3400.947
2001-07-03 00:00:00,3.123,3.123,3.123,3.123,65.0,202.995
2001-07-04 00:00:00,3.123,3.2148,3.123,3.2148,762.0,2449.6776
2001-07-06 00:00:00,3.2148,3.2148,3.2148,3.2148,544.0,1748.8511999999998
2001-07-10 00:00:00,2.9393,3.2148,2.9393,2.9393,556.0,1634.2507999999998
2001-07-12 00:00:00,3.0311,3.0311,3.0311,3.0311,18.0,54.559799999999996
2001-07-13 00:00:00,3.0311,3.0311,2.9393,2.9393,308.0,905.3044
2001-07-16 00:00:00,2.9393,2.9393,2.9393,2.9393,248.0,728.9463999999999
2001-07-19 00:00:00,2.8474,2.8474,2.8474,2.8474,835.0,2377.5789999999997
2001-07-23 00:00:00,2.8474,2.8474,2.7556,2.7556,1894.0,5219.1064
2001-07-24 00:00:00,2.7556,2.7556,2.5719,2.5719,1571.0,4040.4548999999997
2001-07-25 00:00:00,2.5719,2.5719,2.5719,2.5719,279.0,717.5600999999999
2001-07-26 00:00:00,2.5719,2.5719,2.3882,2.3882,893.0,2132.6626
2001-07-27 00:00:00,2.7556,2.7556,2.7556,2.7556,653.0,1799.4068
2001-07-30 00:00:00,2.48,2.48,2.48,2.48,1541.0,3821.68
2001-07-31 00:00:00,2.48,2.48,2.3882,2.3882,363.0,866.9165999999999
2001-08-01 00:00:00,2.48,2.48,2.3882,2.3882,2395.0,5719.739
2001-08-03 00:00:00,2.3882,2.3882,2.3882,2.3882,161.0,384.5002
2001-08-07 00:00:00,2.3882,2.3882,2.3882,2.3882,1080.0,2579.256
2001-08-08 00:00:00,2.3882,2.3882,1.9289,2.0208,442.0,893.1936
2001-08-09 00:00:00,2.1126,2.1126,2.0208,2.0208,1089.0,2200.6512
2001-08-13 00:00:00,2.2045,2.2045,2.2045,2.2045,1089.0,2400.7005
2001-08-15 00:00:00,2.2045,2.2045,2.2045,2.2045,1089.0,2400.7005
2001-08-16 00:00:00,2.2045,2.2045,2.2045,2.2045,1089.0,2400.7005
2001-08-20 00:00:00,2.48,2.48,2.48,2.48,817.0,2026.16
2001-08-21 00:00:00,2.48,2.6637,2.48,2.6637,1149.0,3060.5913
2001-08-22 00:00:00,2.1126,2.1126,2.1126,2.1126,109.0,230.2734
2001-08-23 00:00:00,2.2963,2.2963,2.2045,2.2045,465.0,1025.0925
2001-08-24 00:00:00,2.2963,2.2963,2.2045,2.2045,2359.0,5200.4155
2001-08-28 00:00:00,2.2045,2.2045,2.1126,2.1126,1162.0,2454.8412
2001-08-29 00:00:00,1.8371,1.8371,1.8371,1.8371,1149.0,2110.8278999999998
2001-08-30 00:00:00,2.0208,2.0208,2.0208,2.0208,1633.0,3299.9664
2001-09-05 00:00:00,2.0208,2.0208,2.0208,2.0208,163.0,329.3904
2001-09-06 00:00:00,2.0208,2.0208,2.0208,2.0208,151.0,305.1408
2001-09-12 00:00:00,1.9289,1.9289,1.9289,1.9289,327.0,630.7503
2001-09-13 00:00:00,1.9289,1.9289,1.9289,1.9289,109.0,210.2501
2001-09-19 00:00:00,1.7452,1.7452,1.7452,1.7452,22.0,38.394400000000005
2001-09-20 00:00:00,1.7452,1.8371,1.5615,1.5615,5095.0,7955.842500000001
2001-09-21 00:00:00,1.5615,1.8371,1.3778,1.8371,2624.0,4820.5504
2001-09-24 00:00:00,2.1126,2.2963,2.1126,2.2963,1339.0,3074.7457
2001-09-25 00:00:00,2.2963,2.9393,2.2963,2.9393,1473.0,4329.5889
2001-09-26 00:00:00,1.8371,1.9289,1.8371,1.9289,258.0,497.6562
2001-09-27 00:00:00,2.0208,2.0208,2.0208,2.0208,93.0,187.93439999999998
2001-09-28 00:00:00,2.3882,2.3882,2.3882,2.3882,45.0,107.469
2001-10-02 00:00:00,2.3882,2.7556,2.2963,2.7556,967.0,2664.6652
2001-10-03 00:00:00,2.7556,2.7556,2.7556,2.7556,1061.0,2923.6915999999997
2001-10-05 00:00:00,2.7556,2.7556,2.7556,2.7556,544.0,1499.0464
2001-10-09 00:00:00,2.7556,2.7556,2.7556,2.7556,490.0,1350.244
2001-10-10 00:00:00,2.7556,2.7556,2.7556,2.7556,490.0,1350.244
2001-10-11 00:00:00,2.7556,2.7556,2.7556,2.7556,2929.0,8071.1524
2001-10-12 00:00:00,2.7556,2.7556,1.9289,1.9289,1535.0,2960.8615
2001-10-15 00:00:00,2.0208,2.0208,2.0208,2.0208,98.0,198.0384
2001-10-16 00:00:00,2.5719,2.5719,2.5719,2.5719,1258.0,3235.4501999999998
2001-10-17 00:00:00,2.7556,2.7556,2.7556,2.7556,26.0,71.6456
2001-10-18 00:00:00,2.7556,2.7556,2.7556,2.7556,218.0,600.7207999999999
2001-10-22 00:00:00,2.1126,2.1126,1.8371,1.8371,2395.0,4399.8544999999995
2001-10-24 00:00:00,2.1126,2.1126,2.1126,2.1126,1198.0,2530.8948
2001-10-25 00:00:00,2.1126,2.1126,2.1126,2.1126,762.0,1609.8012
2001-10-26 00:00:00,2.1126,2.1126,2.0208,2.1126,638.0,1347.8388
2001-10-29 00:00:00,2.1126,2.1126,2.1126,2.1126,567.0,1197.8442
2001-10-30 00:00:00,2.1126,2.1126,2.1126,2.1126,667.0,1409.1042
2001-10-31 00:00:00,2.2963,2.2963,2.0208,2.0208,4681.0,9459.3648
2001-11-05 00:00:00,2.2963,2.3882,2.2963,2.3882,1687.0,4028.8934
2001-11-06 00:00:00,2.2963,2.2963,2.2963,2.2963,18.0,41.3334
2001-11-07 00:00:00,2.2963,2.3882,2.2963,2.3882,526.0,1256.1932
2001-11-12 00:00:00,2.3882,2.48,2.3882,2.48,722.0,1790.56
2001-11-13 00:00:00,2.48,2.48,2.48,2.48,4.0,9.92
2001-11-14 00:00:00,2.3882,2.6637,2.3882,2.6637,4233.0,11275.4421
2001-11-16 00:00:00,2.6637,2.6637,2.6637,2.6637,1626.0,4331.1762
2001-11-19 00:00:00,2.48,2.5719,2.3882,2.5719,4899.0,12599.738099999999
2001-11-20 00:00:00,2.3882,2.3882,2.3882,2.3882,1165.0,2782.2529999999997
2001-11-22 00:00:00,2.1126,2.1126,2.0208,2.0208,1991.0,4023.4128
2001-11-23 00:00:00,2.1126,2.1126,2.1126,2.1126,44.0,92.9544
2001-11-26 00:00:00,2.3882,2.3882,2.3882,2.3882,606.0,1447.2492
2001-11-27 00:00:00,2.3882,2.3882,2.3882,2.3882,36.0,85.9752
2001-11-28 00:00:00,2.48,2.48,2.48,2.48,2577.0,6390.96
2001-11-29 00:00:00,2.48,2.48,2.48,2.48,1161.0,2879.28
2001-11-30 00:00:00,2.48,2.48,2.48,2.48,34.0,84.32
2001-12-03 00:00:00,2.48,2.48,2.3882,2.48,1923.0,4769.04
2001-12-04 00:00:00,2.48,2.7556,2.48,2.7556,5804.0,15993.5024
2001-12-05 00:00:00,2.8474,2.9393,2.7556,2.7556,2305.0,6351.657999999999
2001-12-06 00:00:00,2.8474,2.8474,2.8474,2.8474,871.0,2480.0854
2001-12-10 00:00:00,2.8474,2.8474,2.7556,2.8474,826.0,2351.9524
2001-12-12 00:00:00,2.8474,2.8474,2.8474,2.8474,1218.0,3468.1331999999998
2001-12-13 00:00:00,2.8474,2.8474,2.8474,2.8474,1361.0,3875.3114
2001-12-14 00:00:00,2.8474,2.8474,2.8474,2.8474,435.0,1238.619
2001-12-17 00:00:00,2.9393,2.9393,2.9393,2.9393,1089.0,3200.8977
2001-12-31 00:00:00,2.8474,2.8474,2.8474,2.8474,752.0,2141.2448
2002-01-02 00:00:00,2.7556,2.7556,2.5719,2.5719,327.0,841.0113
2002-01-03 00:00:00,2.8474,2.8474,2.8474,2.8474,373.0,1062.0801999999999
2002-01-04 00:00:00,2.9393,2.9393,2.9393,2.9393,879.0,2583.6447
2002-01-08 00:00:00,2.9393,2.9393,2.9393,2.9393,544.0,1598.9792
2002-01-10 00:00:00,2.9393,2.9393,2.9393,2.9393,3769.0,11078.2217
2002-01-11 00:00:00,2.9393,3.123,2.9393,3.123,1198.0,3741.3540000000003
2002-01-14 00:00:00,3.0311,3.0311,2.9393,2.9393,1637.0,4811.634099999999
2002-01-15 00:00:00,2.9393,2.9393,2.9393,2.9393,109.0,320.3837
2002-01-17 00:00:00,3.123,3.123,3.123,3.123,465.0,1452.1950000000002
2002-01-18 00:00:00,3.0311,3.0311,3.0311,3.0311,490.0,1485.239
2002-01-21 00:00:00,3.123,3.123,3.0311,3.123,848.0,2648.304
2002-01-22 00:00:00,3.123,3.3986,3.123,3.3986,1706.0,5798.0116
2002-01-23 00:00:00,3.3986,3.5823,3.3067,3.5823,1380.0,4943.574
2002-01-24 00:00:00,3.4904,3.4904,3.4904,3.4904,544.0,1898.7776000000001
2002-01-25 00:00:00,3.4904,3.4904,3.3067,3.3067,599.0,1980.7133000000001
2002-01-29 00:00:00,3.3067,3.3067,3.2148,3.2148,4122.0,13251.4056
2002-01-30 00:00:00,3.123,3.3067,3.123,3.3067,1493.0,4936.9031
2002-01-31 00:00:00,3.3067,3.5823,3.3067,3.4904,14997.0,52345.5288
2002-02-01 00:00:00,3.4904,3.4904,3.4904,3.4904,2177.0,7598.6008
2002-02-04 00:00:00,3.4904,3.4904,3.4904,3.4904,2009.0,7012.2136
2002-02-05 00:00:00,3.5823,3.5823,3.5823,3.5823,1089.0,3901.1247
2002-02-06 00:00:00,3.5823,3.5823,3.4904,3.4904,473.0,1650.9592
2002-02-07 00:00:00,3.5823,3.6741,3.2148,3.6741,2390.0,8781.099
2002-02-08 00:00:00,3.6741,3.6741,3.6741,3.6741,3546.0,13028.358600000001
2002-02-11 00:00:00,3.6741,4.3171,3.6741,4.3171,8537.0,36855.0827
2002-02-12 00:00:00,4.3171,4.3171,3.9497,3.9497,4545.0,17951.3865
2002-02-13 00:00:00,3.9497,4.1334,3.9497,3.9497,1442.0,5695.4673999999995
2002-02-14 00:00:00,4.0415,4.0415,3.4904,3.4904,4834.0,16872.5936
2002-02-15 00:00:00,3.6741,3.6741,3.6741,3.6741,941.0,3457.3281
2002-02-18 00:00:00,3.8578,3.8578,3.8578,3.8578,132.0,509.2296
2002-02-19 00:00:00,3.8578,3.8578,3.766,3.766,109.0,410.494
2002-02-20 00:00:00,3.766,3.766,3.766,3.766,3243.0,12213.138
2002-02-21 00:00:00,3.6741,3.6741,3.6741,3.6741,1539.0,5654.4399
2002-02-22 00:00:00,3.766,3.766,3.766,3.766,998.0,3758.468
2002-02-25 00:00:00,3.766,3.766,3.766,3.766,621.0,2338.686
2002-02-27 00:00:00,3.6741,3.6741,3.6741,3.6741,2714.0,9971.5074
2002-02-28 00:00:00,3.8578,4.0415,3.6741,3.6741,2758.0,10133.167800000001
2002-03-04 00:00:00,3.766,3.766,3.6741,3.6741,631.0,2318.3571
2002-03-05 00:00:00,3.766,3.766,3.766,3.766,432.0,1626.912
2002-03-06 00:00:00,3.6741,3.8578,3.6741,3.8578,588.0,2268.3864
2002-03-08 00:00:00,3.8578,3.8578,3.8578,3.8578,2323.0,8961.6694
2002-03-11 00:00:00,3.8578,3.8578,3.6741,3.6741,2867.0,10533.6447
2002-03-12 00:00:00,3.9497,3.9497,3.6741,3.6741,363.0,1333.6983
2002-03-13 00:00:00,3.6741,3.6741,3.6741,3.6741,748.0,2748.2268
2002-03-14 00:00:00,3.6741,3.6741,3.6741,3.6741,73.0,268.2093
2002-03-15 00:00:00,3.766,3.9497,3.6741,3.6741,590.0,2167.719
2002-03-18 00:00:00,3.766,3.9497,3.6741,3.9497,4266.0,16849.4202
2002-03-19 00:00:00,3.6741,3.9497,3.6741,3.9497,690.0,2725.293
2002-03-20 00:00:00,3.6741,3.6741,3.6741,3.6741,581.0,2134.6521000000002
2002-03-22 00:00:00,3.6741,3.6741,3.6741,3.6741,73.0,268.2093
2002-03-25 00:00:00,3.6741,3.6741,3.6741,3.6741,2705.0,9938.4405
2002-03-26 00:00:00,3.6741,3.6741,3.6741,3.6741,218.0,800.9538
2002-03-27 00:00:00,3.6741,3.6741,3.4904,3.4904,639.0,2230.3656
2002-03-28 00:00:00,3.6741,3.6741,3.6741,3.6741,3999.0,14692.725900000001
2002-04-02 00:00:00,3.6741,3.6741,3.4904,3.4904,691.0,2411.8664000000003
2002-04-03 00:00:00,3.4904,3.4904,3.4904,3.4904,500.0,1745.2
2002-04-04 00:00:00,3.6741,3.8578,3.6741,3.8578,817.0,3151.8226
2002-04-05 00:00:00,3.766,3.766,3.4904,3.4904,3104.0,10834.2016
2002-04-08 00:00:00,3.3986,3.3986,3.3986,3.3986,181.0,615.1466
2002-04-09 00:00:00,3.3986,3.3986,3.3986,3.3986,227.0,771.4822
2002-04-10 00:00:00,3.6741,3.9497,3.6741,3.9497,3266.0,12899.7202
2002-04-11 00:00:00,3.9497,3.9497,3.4904,3.5823,1282.0,4592.5086
2002-04-12 00:00:00,3.5823,3.5823,3.5823,3.5823,435.0,1558.3005
2002-04-15 00:00:00,3.8578,3.9497,3.5823,3.9497,6091.0,24057.6227
2002-04-16 00:00:00,3.9497,3.9497,3.766,3.766,1167.0,4394.922
2002-04-17 00:00:00,3.9497,3.9497,3.6741,3.6741,4175.0,15339.3675
2002-04-18 00:00:00,3.4904,3.4904,3.3067,3.3067,1669.0,5518.8823
2002-04-19 00:00:00,3.3986,3.3986,3.3986,3.3986,1639.0,5570.3054
2002-04-22 00:00:00,3.6741,3.6741,3.5823,3.5823,980.0,3510.654
2002-04-23 00:00:00,3.5823,3.6741,3.5823,3.6741,1633.0,5999.8053
2002-04-24 00:00:00,3.766,3.766,3.6741,3.6741,762.0,2799.6642
2002-04-29 00:00:00,3.6741,3.8578,3.6741,3.6741,1408.0,5173.1328
2002-04-30 00:00:00,3.9497,3.9497,3.4904,3.4904,1974.0,6890.0496
2002-05-01 00:00:00,3.4904,3.4904,3.4904,3.4904,218.0,760.9072
2002-05-02 00:00:00,3.4904,3.4904,3.3067,3.3067,1633.0,5399.841100000001
2002-05-03 00:00:00,3.3067,3.3067,3.3067,3.3067,375.0,1240.0125
2002-05-06 00:00:00,2.8474,2.9393,2.8474,2.9393,278.0,817.1253999999999
2002-05-07 00:00:00,3.123,3.3067,3.123,3.3067,3861.0,12767.1687
2002-05-08 00:00:00,3.3067,3.3067,3.0311,3.0311,4017.0,12175.9287
2002-05-09 00:00:00,3.123,3.123,3.0311,3.0311,1161.0,3519.1070999999997
2002-05-10 00:00:00,3.3067,3.4904,3.3067,3.4904,322.0,1123.9088000000002
2002-05-14 00:00:00,3.123,3.123,3.123,3.123,163.0,509.04900000000004
2002-05-15 00:00:00,3.123,3.123,3.123,3.123,54.0,168.64200000000002
2002-05-16 00:00:00,3.3986,3.4904,3.3986,3.4904,2722.0,9500.8688
2002-05-17 00:00:00,3.2148,3.9497,3.2148,3.6741,7222.0,26534.3502
2002-05-20 00:00:00,3.9497,4.0415,3.9497,4.0415,6721.0,27162.9215
2002-05-21 00:00:00,4.0415,4.2252,4.0415,4.1334,8319.0,34385.7546
2002-05-22 00:00:00,4.2252,4.4089,4.1334,4.4089,2092.0,9223.4188
2002-05-23 00:00:00,4.2252,4.5008,4.2252,4.2252,882.0,3726.6264
2002-05-24 00:00:00,4.2252,4.96,4.1334,4.7763,7931.0,37880.8353
2002-05-27 00:00:00,4.96,6.4297,4.96,5.9704,14852.0,88672.3808
2002-05-28 00:00:00,5.9704,5.9704,5.4193,5.5112,7165.0,39487.748
2002-05-29 00:00:00,5.5112,5.6949,5.5112,5.5112,12029.0,66294.2248
2002-05-30 00:00:00,5.5112,5.9704,5.5112,5.6949,11487.0,65417.3163
2002-05-31 00:00:00,5.6949,5.6949,5.603,5.603,6816.0,38190.047999999995
2002-06-03 00:00:00,5.7867,6.1541,5.7867,6.0623,13380.0,81113.574
2002-06-04 00:00:00,6.0623,6.0623,5.8786,5.9704,4774.0,28502.689599999998
2002-06-05 00:00:00,5.9704,6.1541,5.603,5.603,6282.0,35198.046
2002-06-06 00:00:00,5.5112,5.5112,5.2356,5.3275,7272.0,38741.579999999994
2002-06-07 00:00:00,5.2356,5.2356,5.0519,5.1438,5131.0,26392.837799999998
2002-06-11 00:00:00,5.1438,5.5112,5.1438,5.5112,1306.0,7197.6272
2002-06-12 00:00:00,5.4193,5.4193,5.1438,5.1438,5044.0,25945.3272
2002-06-13 00:00:00,5.1438,5.2356,4.96,5.2356,4550.0,23821.98
2002-06-14 00:00:00,4.96,5.0519,4.96,5.0519,1900.0,9598.61
2002-06-17 00:00:00,4.6845,4.6845,4.6845,4.6845,109.0,510.6105
2002-06-18 00:00:00,4.8682,4.96,4.8682,4.96,678.0,3362.88
2002-06-19 00:00:00,5.0519,5.0519,4.6845,4.6845,1075.0,5035.8375
2002-06-20 00:00:00,4.6845,4.6845,4.6845,4.6845,592.0,2773.224
2002-06-21 00:00:00,4.96,4.96,4.96,4.96,234.0,1160.64
2002-06-24 00:00:00,4.7763,4.8682,4.7763,4.8682,446.0,2171.2172
2002-06-25 00:00:00,4.8682,4.8682,4.7763,4.7763,511.0,2440.6893
2002-06-26 00:00:00,4.7763,4.7763,4.7763,4.7763,840.0,4012.092
2002-06-27 00:00:00,4.7763,4.7763,4.6845,4.6845,1332.0,6239.754
2002-06-28 00:00:00,4.7763,5.0519,4.7763,4.7763,1440.0,6877.872
2002-07-01 00:00:00,4.8682,4.8682,4.8682,4.8682,91.0,443.0062
2002-07-02 00:00:00,5.0519,5.0519,5.0519,5.0519,218.0,1101.3142
2002-07-03 00:00:00,4.8682,4.8682,4.8682,4.8682,2177.0,10598.071399999999
2002-07-04 00:00:00,4.7763,4.7763,4.7763,4.7763,56.0,267.4728
2002-07-05 00:00:00,4.7763,4.7763,4.6845,4.6845,772.0,3616.4339999999997
2002-07-08 00:00:00,4.6845,4.6845,4.6845,4.6845,4454.0,20864.763
2002-07-09 00:00:00,4.5926,4.5926,4.3171,4.3171,490.0,2115.379
2002-07-10 00:00:00,4.3171,4.7763,4.3171,4.4089,766.0,3377.2174
2002-07-12 00:00:00,4.5926,4.5926,4.5926,4.5926,109.0,500.5934
2002-07-15 00:00:00,4.5926,4.5926,4.5926,4.5926,381.0,1749.7806
2002-07-16 00:00:00,5.0519,5.0519,5.0519,5.0519,348.0,1758.0611999999999
2002-07-17 00:00:00,4.5008,4.5008,4.5008,4.5008,33.0,148.5264
2002-07-18 00:00:00,4.5008,4.5926,4.5008,4.5926,1056.0,4849.7856
2002-07-19 00:00:00,4.5926,4.5926,4.5926,4.5926,243.0,1116.0018
2002-07-22 00:00:00,4.5926,4.5926,4.3171,4.3171,102.0,440.3442
2002-07-23 00:00:00,4.3171,4.3171,4.1334,4.1334,3999.0,16529.4666
2002-07-24 00:00:00,4.1334,4.1334,4.1334,4.1334,544.0,2248.5696
2002-07-26 00:00:00,3.8578,3.8578,3.766,3.766,149.0,561.134
2002-07-29 00:00:00,3.766,3.766,3.766,3.766,690.0,2598.54
2002-07-31 00:00:00,3.766,3.766,3.4904,3.6741,2057.0,7557.6237
2002-08-01 00:00:00,4.0415,4.0415,3.6741,3.6741,1851.0,6800.7591
2002-08-05 00:00:00,3.6741,3.6741,3.6741,3.6741,1851.0,6800.7591
2002-08-06 00:00:00,3.6741,3.6741,3.6741,3.6741,570.0,2094.237
2002-08-07 00:00:00,3.3067,3.3067,3.3067,3.3067,28.0,92.58760000000001
2002-08-08 00:00:00,3.6741,3.6741,3.6741,3.6741,181.0,665.0121
2002-08-09 00:00:00,4.1334,4.1334,4.1334,4.1334,117.0,483.6078
2002-08-12 00:00:00,3.6741,3.6741,3.6741,3.6741,87.0,319.6467
2002-08-13 00:00:00,3.6741,3.6741,3.6741,3.6741,15.0,55.1115
2002-08-14 00:00:00,4.1334,4.1334,4.1334,4.1334,1502.0,6208.3668
2002-08-15 00:00:00,3.6741,3.6741,3.6741,3.6741,1633.0,5999.8053
2002-08-19 00:00:00,4.0415,4.0415,4.0415,4.0415,908.0,3669.6820000000002
2002-08-20 00:00:00,4.0415,4.0415,4.0415,4.0415,181.0,731.5115000000001
2002-08-21 00:00:00,4.1334,4.1334,4.1334,4.1334,2177.0,8998.4118
2002-08-23 00:00:00,3.766,3.766,3.766,3.766,18.0,67.788
2002-09-02 00:00:00,4.1334,4.3171,4.1334,4.3171,762.0,3289.6302
2002-09-05 00:00:00,4.3171,4.3171,3.9497,3.9497,544.0,2148.6368
2002-09-06 00:00:00,3.9497,4.1334,3.9497,4.1334,1851.0,7650.9234
2002-09-10 00:00:00,4.1334,4.1334,4.1334,4.1334,163.0,673.7442
2002-09-11 00:00:00,3.9497,5.5112,3.9497,5.5112,2085.0,11490.851999999999
2002-09-12 00:00:00,5.1438,5.1438,5.0519,5.0519,4899.0,24749.2581
2002-09-16 00:00:00,4.7763,4.7763,4.7763,4.7763,614.0,2932.6482
2002-09-17 00:00:00,4.7763,4.7763,4.5926,4.5926,1057.0,4854.3782
2002-09-19 00:00:00,3.9497,3.9497,3.6741,3.6741,761.0,2795.9901
2002-09-23 00:00:00,4.1334,4.1334,4.1334,4.1334,1089.0,4501.2726
2002-09-24 00:00:00,4.1334,4.1334,4.1334,4.1334,436.0,1802.1624
2002-09-25 00:00:00,4.2252,4.2252,3.9497,3.9497,1459.0,5762.6123
2002-09-27 00:00:00,3.766,3.8578,3.766,3.8578,1089.0,4201.1442
2002-10-01 00:00:00,3.6741,3.6741,3.6741,3.6741,485.0,1781.9385
2002-10-09 00:00:00,3.6741,3.6741,3.6741,3.6741,817.0,3001.7397
2002-10-10 00:00:00,3.6741,3.6741,3.6741,3.6741,18.0,66.13380000000001
2002-10-11 00:00:00,3.6741,3.6741,3.6741,3.6741,640.0,2351.424
2002-10-22 00:00:00,3.4904,3.4904,3.4904,3.4904,531.0,1853.4024000000002
2002-10-29 00:00:00,3.6741,4.1334,3.6741,4.1334,250.0,1033.35
2002-10-30 00:00:00,3.4904,3.4904,3.4904,3.4904,33.0,115.1832
2002-11-07 00:00:00,3.4904,3.4904,3.4904,3.4904,10.0,34.904
2002-11-08 00:00:00,3.0311,3.0311,3.0311,3.0311,490.0,1485.239
2002-11-12 00:00:00,3.0311,3.0311,3.0311,3.0311,1687.0,5113.4657
2002-11-13 00:00:00,2.7556,3.0311,2.7556,3.0311,1089.0,3300.8678999999997
2002-11-14 00:00:00,2.8474,3.0311,2.8474,3.0311,1143.0,3464.5472999999997
2002-11-15 00:00:00,3.0311,3.0311,3.0311,3.0311,63.0,190.95929999999998
2002-11-21 00:00:00,3.4904,3.8578,3.4904,3.8578,3463.0,13359.5614
2002-11-22 00:00:00,3.2148,3.2148,3.0311,3.0311,3120.0,9457.032
2002-11-27 00:00:00,3.0311,3.0311,3.0311,3.0311,267.0,809.3036999999999
2002-11-28 00:00:00,3.0311,3.0311,2.8474,2.8474,1633.0,4649.8042
2002-11-29 00:00:00,3.123,3.123,3.0311,3.0311,762.0,2309.6982
2002-12-02 00:00:00,3.2148,3.2148,2.8474,2.8474,5043.0,14359.4382
2002-12-05 00:00:00,3.2148,3.2148,3.2148,3.2148,1252.0,4024.9296
2002-12-09 00:00:00,3.2148,3.2148,3.2148,3.2148,278.0,893.7144
2002-12-11 00:00:00,3.2148,3.2148,3.2148,3.2148,1192.0,3832.0416
2002-12-16 00:00:00,3.3986,3.4904,3.3986,3.3986,762.0,2589.7332
2002-12-17 00:00:00,3.123,3.2148,3.123,3.2148,680.0,2186.064
2002-12-19 00:00:00,3.3986,3.9497,3.3986,3.9497,2458.0,9708.3626
2002-12-20 00:00:00,3.5823,3.5823,3.5823,3.5823,286.0,1024.5378
2002-12-24 00:00:00,3.6741,3.8578,3.6741,3.8578,234.0,902.7252
2002-12-30 00:00:00,3.8578,3.8578,3.766,3.766,510.0,1920.66
2003-01-02 00:00:00,3.766,3.766,3.766,3.766,218.0,820.988
2003-01-03 00:00:00,3.766,3.8578,3.766,3.766,437.0,1645.742
2003-01-06 00:00:00,3.6741,3.766,3.6741,3.766,1034.0,3894.044
2003-01-07 00:00:00,4.0415,4.1334,4.0415,4.1334,1996.0,8250.2664
2003-01-08 00:00:00,4.5926,4.7763,4.5926,4.5926,550.0,2525.93
2003-01-09 00:00:00,4.96,5.4193,4.7763,5.1438,1933.0,9942.9654
2003-01-10 00:00:00,4.7763,4.96,4.7763,4.96,506.0,2509.7599999999998
2003-01-13 00:00:00,4.6845,5.0519,4.6845,4.96,2201.0,10916.96
2003-01-14 00:00:00,4.96,4.96,4.96,4.96,1400.0,6944.0
2003-01-15 00:00:00,4.5926,4.5926,4.5926,4.5926,22.0,101.0372
2003-01-16 00:00:00,4.5926,4.5926,4.5926,4.5926,526.0,2415.7076
2003-01-17 00:00:00,4.6845,4.96,4.6845,4.96,3045.0,15103.2
2003-01-20 00:00:00,4.96,4.96,4.96,4.96,73.0,362.08
2003-01-21 00:00:00,4.8682,4.8682,4.8682,4.8682,1905.0,9273.921
2003-01-22 00:00:00,4.8682,4.96,4.8682,4.96,1170.0,5803.2
2003-01-23 00:00:00,4.8682,4.8682,4.6845,4.6845,2585.0,12109.432499999999
2003-01-24 00:00:00,4.6845,4.6845,4.6845,4.6845,479.0,2243.8755
2003-01-28 00:00:00,4.8682,4.8682,4.5926,4.5926,2069.0,9502.0894
2003-01-29 00:00:00,4.7763,4.7763,4.7763,4.7763,1089.0,5201.3907
2003-01-30 00:00:00,4.5926,4.6845,4.5926,4.6845,502.0,2351.619
2003-02-04 00:00:00,3.766,3.766,3.766,3.766,36.0,135.576
2003-02-05 00:00:00,4.0415,4.0415,4.0415,4.0415,272.0,1099.288
2003-02-06 00:00:00,4.2252,4.2252,4.1334,4.1334,748.0,3091.7832
2003-02-10 00:00:00,3.6741,3.6741,3.3986,3.4904,2010.0,7015.704000000001
2003-02-12 00:00:00,4.1334,4.1334,4.1334,4.1334,160.0,661.344
2003-02-13 00:00:00,4.1334,4.1334,4.1334,4.1334,115.0,475.341
2003-02-14 00:00:00,4.1334,4.1334,4.1334,4.1334,270.0,1116.018
2003-02-17 00:00:00,3.6741,3.6741,3.6741,3.6741,1089.0,4001.0949
2003-02-21 00:00:00,3.6741,3.6741,3.6741,3.6741,1046.0,3843.1086
2003-02-24 00:00:00,3.6741,3.6741,3.4904,3.4904,6024.0,21026.1696
2003-03-03 00:00:00,3.3986,3.3986,3.3986,3.3986,163.0,553.9718
2003-03-04 00:00:00,3.3986,3.3986,3.3986,3.3986,359.0,1220.0974
2003-03-10 00:00:00,3.3986,3.3986,3.3986,3.3986,817.0,2776.6562
2003-03-13 00:00:00,3.3986,3.3986,3.3986,3.3986,430.0,1461.3980000000001
2003-03-14 00:00:00,3.3986,3.3986,3.3986,3.3986,45.0,152.937
2003-03-19 00:00:00,3.3986,3.3986,3.3986,3.3986,272.0,924.4192
2003-03-24 00:00:00,3.2148,3.2148,2.8474,2.8474,4445.0,12656.693
2003-03-26 00:00:00,2.9393,2.9393,2.9393,2.9393,1089.0,3200.8977
2003-03-28 00:00:00,2.9393,2.9393,2.9393,2.9393,218.0,640.7674
2003-03-31 00:00:00,2.9393,2.9393,2.9393,2.9393,22.0,64.6646
2003-04-01 00:00:00,3.0311,3.0311,3.0311,3.0311,15.0,45.466499999999996
2003-04-02 00:00:00,2.9393,3.123,2.9393,3.123,1678.0,5240.394
2003-04-03 00:00:00,3.2148,3.2148,3.2148,3.2148,160.0,514.3679999999999
2003-04-10 00:00:00,3.2148,3.2148,3.2148,3.2148,306.0,983.7288
2003-04-11 00:00:00,3.123,3.123,3.123,3.123,0.0,0.0
2003-04-14 00:00:00,3.123,3.123,2.8474,2.8474,4102.0,11680.0348
2003-04-15 00:00:00,2.9393,2.9393,2.9393,2.9393,125.0,367.41249999999997
2003-04-23 00:00:00,2.9393,2.9393,2.9393,2.9393,544.0,1598.9792
2003-04-24 00:00:00,2.9393,2.9393,2.9393,2.9393,341.0,1002.3013
2003-04-28 00:00:00,2.9393,2.9393,2.9393,2.9393,526.0,1546.0718
2003-04-30 00:00:00,3.0311,3.0311,2.9393,2.9393,272.0,799.4896
2003-05-01 00:00:00,2.9393,2.9393,2.8474,2.8474,978.0,2784.7572
2003-05-02 00:00:00,3.0311,3.3067,3.0311,3.3067,853.0,2820.6151
2003-05-06 00:00:00,2.9393,3.3067,2.9393,3.3067,1488.0,4920.3696
2003-05-09 00:00:00,3.2148,3.2148,3.2148,3.2148,218.0,700.8263999999999
2003-05-13 00:00:00,2.8474,2.9393,2.8474,2.9393,572.0,1681.2795999999998
2003-05-15 00:00:00,3.0311,3.0311,3.0311,3.0311,327.0,991.1696999999999
2003-05-16 00:00:00,3.0311,3.0311,3.0311,3.0311,109.0,330.3899
2003-05-19 00:00:00,2.8474,2.8474,2.8474,2.8474,240.0,683.376
2003-05-20 00:00:00,2.8474,2.9393,2.8474,2.9393,1143.0,3359.6198999999997
2003-05-21 00:00:00,2.8474,2.8474,2.8474,2.8474,1107.0,3152.0717999999997
2003-05-22 00:00:00,2.9393,2.9393,2.8474,2.8474,2187.0,6227.2638
2003-05-23 00:00:00,2.9393,2.9393,2.8474,2.8474,3810.0,10848.594
2003-05-26 00:00:00,2.8474,2.8474,2.8474,2.8474,223.0,634.9702
2003-05-27 00:00:00,2.8474,2.8474,2.8474,2.8474,100.0,284.74
2003-05-28 00:00:00,2.8474,2.8474,2.7556,2.7556,1541.0,4246.379599999999
2003-06-02 00:00:00,2.7556,2.7556,2.7556,2.7556,218.0,600.7207999999999
2003-06-04 00:00:00,2.7556,2.7556,2.6637,2.6637,1036.0,2759.5932
2003-06-05 00:00:00,2.6637,2.6637,2.6637,2.6637,1306.0,3478.7922
2003-06-06 00:00:00,2.6637,2.6637,2.5719,2.5719,2613.0,6720.374699999999
2003-06-10 00:00:00,2.5719,2.5719,2.5719,2.5719,2486.0,6393.743399999999
2003-06-11 00:00:00,2.5719,2.5719,2.5719,2.5719,290.0,745.851
2003-06-12 00:00:00,2.6637,2.7556,2.6637,2.6637,2286.0,6089.2182
2003-06-13 00:00:00,2.7556,2.9393,2.7556,2.9393,1960.0,5761.027999999999
2003-06-16 00:00:00,2.9393,2.9393,2.8474,2.8474,2863.0,8152.1062
2003-06-17 00:00:00,2.8474,2.8474,2.8474,2.8474,653.0,1859.3522
2003-06-18 00:00:00,2.8474,3.0311,2.8474,3.0311,1220.0,3697.942
2003-06-19 00:00:00,2.9393,2.9393,2.9393,2.9393,76.0,223.3868
2003-06-20 00:00:00,3.123,3.2148,3.123,3.2148,1775.0,5706.2699999999995
2003-06-23 00:00:00,3.2148,3.2148,2.9393,3.0311,4946.0,14991.8206
2003-06-24 00:00:00,3.0311,3.0311,2.7556,2.7556,1016.0,2799.6895999999997
2003-06-25 00:00:00,2.7556,2.7556,2.5719,2.5719,1474.0,3790.9806
2003-06-26 00:00:00,2.6637,2.7556,2.6637,2.7556,1352.0,3725.5712
2003-06-27 00:00:00,2.7556,3.3986,2.5719,2.7556,5344.0,14725.926399999998
2003-06-30 00:00:00,2.7556,2.8474,2.7556,2.8474,1990.0,5666.326
2003-07-01 00:00:00,2.8474,2.8474,2.8474,2.8474,109.0,310.3666
2003-07-02 00:00:00,2.7556,2.7556,2.7556,2.7556,774.0,2132.8343999999997
2003-07-03 00:00:00,3.2148,3.2148,3.2148,3.2148,139.0,446.8572
2003-07-07 00:00:00,2.7556,2.7556,2.7556,2.7556,13.0,35.8228
2003-07-08 00:00:00,3.2148,3.2148,3.2148,3.2148,47.0,151.0956
2003-07-11 00:00:00,3.2148,3.2148,3.2148,3.2148,316.0,1015.8768
2003-07-14 00:00:00,3.2148,3.2148,3.2148,3.2148,1557.0,5005.4436
2003-07-16 00:00:00,3.123,3.123,3.0311,3.0311,1557.0,4719.4227
2003-07-17 00:00:00,3.0311,3.0311,3.0311,3.0311,18.0,54.559799999999996
2003-07-18 00:00:00,3.2148,3.2148,3.2148,3.2148,1877.0,6034.1795999999995
2003-07-21 00:00:00,3.3986,3.3986,3.3986,3.3986,871.0,2960.1806
2003-07-22 00:00:00,3.3986,3.3986,3.2148,3.2148,1423.0,4574.6604
2003-07-25 00:00:00,3.2148,3.4904,3.2148,3.4904,913.0,3186.7352
2003-07-28 00:00:00,3.5823,3.5823,2.9393,2.9393,1476.0,4338.4068
2003-07-29 00:00:00,3.2148,3.2148,3.0311,3.0311,589.0,1785.3179
2003-07-30 00:00:00,3.123,3.123,3.123,3.123,544.0,1698.912
2003-08-01 00:00:00,3.123,3.123,3.0311,3.0311,832.0,2521.8752
2003-08-04 00:00:00,3.123,3.123,3.0311,3.0311,1470.0,4455.717
2003-08-05 00:00:00,3.123,3.123,3.123,3.123,599.0,1870.6770000000001
2003-08-06 00:00:00,3.123,3.123,3.123,3.123,1633.0,5099.859
2003-08-07 00:00:00,3.123,3.2148,2.9393,2.9393,1443.0,4241.4099
2003-08-08 00:00:00,3.123,3.3067,3.123,3.2148,1147.0,3687.3756
2003-08-11 00:00:00,3.3067,3.3067,3.2148,3.2148,1306.0,4198.5288
2003-08-12 00:00:00,3.2148,3.2148,2.9393,2.9393,4224.0,12415.6032
2003-08-13 00:00:00,3.0311,3.123,2.9393,2.9393,1138.0,3344.9233999999997
2003-08-14 00:00:00,3.2148,3.766,3.2148,3.766,13299.0,50084.034
2003-08-15 00:00:00,3.5823,3.766,3.5823,3.6741,5960.0,21897.636000000002
2003-08-18 00:00:00,3.4904,3.766,3.3986,3.3986,3974.0,13506.0364
2003-08-20 00:00:00,3.3986,3.766,3.3986,3.766,1377.0,5185.782
2003-08-21 00:00:00,3.6741,3.6741,3.6741,3.6741,526.0,1932.5766
2003-08-22 00:00:00,3.6741,3.6741,3.6741,3.6741,327.0,1201.4307000000001
2003-08-25 00:00:00,3.5823,3.6741,3.3986,3.3986,3593.0,12211.1698
2003-08-26 00:00:00,3.4904,3.9497,3.4904,3.9497,6055.0,23915.4335
2003-08-27 00:00:00,3.9497,4.1334,3.9497,4.0415,2929.0,11837.5535
2003-08-28 00:00:00,3.8578,3.8578,3.5823,3.6741,2359.0,8667.2019
2003-08-29 00:00:00,3.6741,3.6741,3.5823,3.5823,4572.0,16378.2756
2003-09-01 00:00:00,3.5823,3.5823,3.4904,3.4904,2177.0,7598.6008
2003-09-02 00:00:00,3.5823,3.5823,3.4904,3.4904,5580.0,19476.432
2003-09-03 00:00:00,3.6741,3.6741,3.4904,3.4904,6561.0,22900.5144
2003-09-04 00:00:00,3.5823,3.6741,3.5823,3.6741,6397.0,23503.2177
2003-09-05 00:00:00,3.6741,3.6741,3.4904,3.5823,8437.0,30223.8651
2003-09-08 00:00:00,3.6741,3.766,3.6741,3.766,7592.0,28591.472
2003-09-09 00:00:00,3.766,4.5008,3.766,4.5008,13647.0,61422.4176
2003-09-10 00:00:00,4.6845,5.0519,4.6845,4.8682,13631.0,66358.4342
2003-09-11 00:00:00,4.7763,4.8682,4.5926,4.5926,4148.0,19050.1048
2003-09-12 00:00:00,4.5008,4.7763,4.5008,4.7763,5557.0,26541.8991
2003-09-15 00:00:00,4.7763,5.1438,4.7763,5.0519,12373.0,62507.1587
2003-09-16 00:00:00,5.3275,5.5112,5.2356,5.3275,7991.0,42572.0525
2003-09-17 00:00:00,5.2356,5.2356,4.7763,4.7763,1584.0,7565.6592
2003-09-18 00:00:00,4.96,4.96,4.8682,4.96,898.0,4454.08
2003-09-19 00:00:00,4.96,5.0519,4.7763,5.0519,2441.0,12331.687899999999
2003-09-22 00:00:00,5.0519,5.3275,5.0519,5.3275,5277.0,28113.2175
2003-09-23 00:00:00,5.2356,5.2356,5.2356,5.2356,1285.0,6727.746
2003-09-24 00:00:00,5.2356,5.2356,4.7763,4.7763,1176.0,5616.9288
2003-09-25 00:00:00,4.7763,4.7763,4.7763,4.7763,777.0,3711.1851
2003-09-26 00:00:00,4.7763,4.96,4.5008,4.5926,5153.0,23665.6678
2003-09-29 00:00:00,4.5926,4.5926,4.5008,4.5008,1089.0,4901.3712
2003-09-30 00:00:00,4.5926,4.5926,4.5926,4.5926,1089.0,5001.3414
2003-10-01 00:00:00,4.8682,4.8682,4.6845,4.8682,2907.0,14151.857399999999
2003-10-02 00:00:00,4.8682,4.8682,4.6845,4.6845,1299.0,6085.1655
2003-10-06 00:00:00,4.6845,4.6845,4.5926,4.5926,2187.0,10044.0162
2003-10-07 00:00:00,4.8682,4.96,4.8682,4.96,2744.0,13610.24
2003-10-08 00:00:00,5.1438,5.2356,5.0519,5.0519,1889.0,9543.0391
2003-10-09 00:00:00,5.2356,5.2356,5.2356,5.2356,3317.0,17366.4852
2003-10-10 00:00:00,5.3275,5.3275,5.2356,5.2356,3694.0,19340.306399999998
2003-10-13 00:00:00,5.3275,5.3275,5.1438,5.2356,1848.0,9675.388799999999
2003-10-14 00:00:00,5.2356,5.3275,5.1438,5.3275,2114.0,11262.335
2003-10-15 00:00:00,5.1438,5.2356,4.96,4.96,5037.0,24983.52
2003-10-16 00:00:00,4.96,4.96,4.5926,4.5926,7324.0,33636.2024
2003-10-17 00:00:00,4.5926,5.0519,4.5926,5.0519,3987.0,20141.9253
2003-10-20 00:00:00,5.0519,5.1438,4.5926,5.1438,1383.0,7113.8754
2003-10-21 00:00:00,5.1438,6.3378,5.1438,6.3378,15760.0,99883.72799999999
2003-10-22 00:00:00,6.4297,6.7052,5.8786,5.9704,13003.0,77633.1112
2003-10-23 00:00:00,5.8786,6.3378,5.8786,6.246,4536.0,28331.856000000003
2003-10-24 00:00:00,6.246,6.6134,6.246,6.6134,4681.0,30957.3254
2003-10-27 00:00:00,6.6134,7.3482,6.6134,6.7971,8323.0,56572.263300000006
2003-10-28 00:00:00,6.7971,6.7971,6.3378,6.3378,6989.0,44294.8842
2003-10-29 00:00:00,6.3378,6.3378,5.8786,5.8786,6527.0,38369.6222
2003-10-30 00:00:00,5.8786,5.8786,5.5112,5.5112,2656.0,14637.7472
2003-10-31 00:00:00,5.5112,6.0623,5.5112,6.0623,2688.0,16295.462399999999
2003-11-03 00:00:00,6.4297,6.5215,6.0623,6.0623,10357.0,62787.24109999999
2003-11-04 00:00:00,6.3378,6.4297,6.1541,6.4297,2069.0,13303.0493
2003-11-05 00:00:00,6.246,6.4297,6.1541,6.246,7316.0,45695.736000000004
2003-11-06 00:00:00,6.246,6.4297,6.246,6.4297,3974.0,25551.627800000002
2003-11-07 00:00:00,6.4297,6.4297,6.246,6.3378,3389.0,21478.8042
2003-11-10 00:00:00,6.4297,6.4297,6.0623,6.0623,4934.0,29911.388199999998
2003-11-11 00:00:00,6.0623,6.0623,5.603,5.7867,4005.0,23175.7335
2003-11-12 00:00:00,5.7867,6.1541,5.7867,6.0623,988.0,5989.5524
2003-11-13 00:00:00,6.0623,6.0623,5.7867,5.7867,1784.0,10323.4728
2003-11-14 00:00:00,6.3378,6.3378,5.9704,5.9704,10527.0,62850.400799999996
2003-11-17 00:00:00,5.8786,6.1541,5.8786,6.1541,1523.0,9372.6943
2003-11-18 00:00:00,6.0623,6.0623,5.7867,5.7867,2069.0,11972.682299999999
2003-11-19 00:00:00,5.7867,5.7867,5.7867,5.7867,1249.0,7227.588299999999
2003-11-20 00:00:00,6.0623,6.0623,6.0623,6.0623,109.0,660.7906999999999
2003-11-21 00:00:00,5.8786,5.8786,5.5112,5.5112,1688.0,9302.9056
2003-11-24 00:00:00,5.5112,5.5112,5.5112,5.5112,64.0,352.7168
2003-11-25 00:00:00,5.5112,5.5112,5.4193,5.5112,1285.0,7081.892
2003-11-26 00:00:00,5.603,5.603,5.5112,5.5112,5462.0,30102.1744
2003-11-27 00:00:00,5.603,5.6949,5.603,5.6949,247.0,1406.6402999999998
2003-11-28 00:00:00,5.6949,5.7867,5.6949,5.7867,1196.0,6920.8931999999995
2003-12-01 00:00:00,5.7867,6.3378,5.7867,6.3378,4028.0,25528.6584
2003-12-02 00:00:00,6.3378,6.3378,6.246,6.246,1116.0,6970.536
2003-12-03 00:00:00,5.9704,6.0623,5.9704,6.0623,544.0,3297.8911999999996
2003-12-04 00:00:00,5.7867,5.7867,5.3275,5.5112,1433.0,7897.549599999999
2003-12-05 00:00:00,5.5112,5.5112,5.5112,5.5112,2504.0,13800.0448
2003-12-08 00:00:00,5.5112,5.5112,5.1438,5.5112,1767.0,9738.2904
2003-12-09 00:00:00,5.5112,5.5112,5.1438,5.5112,1992.0,10978.310399999998
2003-12-10 00:00:00,5.5112,5.5112,5.5112,5.5112,98.0,540.0975999999999
2003-12-11 00:00:00,5.4193,5.4193,5.2356,5.2356,412.0,2157.0672
2003-12-12 00:00:00,5.2356,5.4193,5.2356,5.4193,2244.0,12160.9092
2003-12-15 00:00:00,5.4193,5.4193,5.4193,5.4193,236.0,1278.9548
2003-12-16 00:00:00,5.2356,5.2356,5.0519,5.0519,3632.0,18348.500799999998
2003-12-17 00:00:00,4.7763,4.7763,4.5926,4.5926,3593.0,16501.2118
2003-12-18 00:00:00,5.0519,5.0519,4.5926,4.5926,6191.0,28432.7866
2003-12-19 00:00:00,4.5008,4.5008,4.5008,4.5008,1579.0,7106.763199999999
2003-12-22 00:00:00,4.4089,4.4089,4.1334,4.1334,7289.0,30128.3526
2003-12-23 00:00:00,4.4089,4.5008,4.4089,4.5008,3977.0,17899.6816
2003-12-24 00:00:00,4.5008,4.5008,4.1334,4.1334,1135.0,4691.409
2003-12-31 00:00:00,4.3171,4.5926,4.3171,4.5926,3212.0,14751.4312
2004-01-02 00:00:00,4.5926,4.5926,4.5926,4.5926,1089.0,5001.3414
2004-01-05 00:00:00,4.5926,4.5926,4.5926,4.5926,1777.0,8161.0502
2004-01-06 00:00:00,4.5926,4.5926,4.5926,4.5926,1642.0,7541.0492
2004-01-07 00:00:00,4.5926,4.5926,4.5926,4.5926,536.0,2461.6336
2004-01-08 00:00:00,4.5926,4.5926,4.5926,4.5926,9.0,41.3334
2004-01-09 00:00:00,4.4089,4.4089,4.2252,4.2252,3484.0,14720.5968
2004-01-12 00:00:00,4.5926,4.6845,4.5926,4.6845,2381.0,11153.7945
2004-01-13 00:00:00,4.5926,4.96,4.5926,4.5926,3610.0,16579.286
2004-01-14 00:00:00,5.0519,5.5112,5.0519,5.0519,3748.0,18934.5212
2004-01-15 00:00:00,5.2356,5.603,5.2356,5.603,8448.0,47334.144
2004-01-16 00:00:00,5.603,5.603,5.5112,5.5112,4282.0,23598.9584
2004-01-19 00:00:00,5.2356,5.5112,5.1438,5.5112,2831.0,15602.207199999999
2004-01-20 00:00:00,5.3275,5.3275,5.3275,5.3275,425.0,2264.1875
2004-01-22 00:00:00,5.3275,5.3275,5.0519,5.0519,2765.0,13968.503499999999
2004-01-23 00:00:00,5.0519,5.0519,5.0519,5.0519,544.0,2748.2336
2004-01-27 00:00:00,5.0519,5.0519,5.0519,5.0519,33818.0,170845.1542
2004-01-28 00:00:00,5.2356,5.3275,5.0519,5.3275,34635.0,184517.9625
2004-01-29 00:00:00,5.0519,5.0519,4.96,4.96,980.0,4860.8
2004-01-30 00:00:00,4.8682,4.8682,4.5926,4.6845,7185.0,33658.1325
2004-02-02 00:00:00,4.5926,4.5926,4.5926,4.5926,2177.0,9998.0902
2004-02-03 00:00:00,4.5926,4.6845,4.5926,4.6845,1960.0,9181.619999999999
2004-02-04 00:00:00,4.5926,4.5926,4.5926,4.5926,3855.0,17704.473
2004-02-05 00:00:00,4.5926,4.5926,4.5926,4.5926,1281.0,5883.1206
2004-02-09 00:00:00,4.5926,4.5926,4.5926,4.5926,1426.0,6549.0476
2004-02-10 00:00:00,4.6845,4.6845,4.5926,4.5926,1697.0,7793.6422
2004-02-11 00:00:00,4.6845,4.6845,4.5926,4.5926,1281.0,5883.1206
2004-02-12 00:00:00,4.5008,4.5008,4.4089,4.5008,3390.0,15257.712
2004-02-13 00:00:00,4.5008,4.5008,4.4089,4.4089,795.0,3505.0755
2004-02-16 00:00:00,4.4089,4.4089,4.4089,4.4089,301.0,1327.0789
2004-02-17 00:00:00,4.4089,4.4089,4.4089,4.4089,735.0,3240.5415
2004-02-18 00:00:00,4.3171,4.3171,4.3171,4.3171,752.0,3246.4592
2004-02-19 00:00:00,4.3171,4.3171,4.3171,4.3171,2296.0,9912.061599999999
2004-02-20 00:00:00,4.2252,4.2252,4.2252,4.2252,544.0,2298.5088
2004-02-23 00:00:00,4.2252,4.2252,4.2252,4.2252,871.0,3680.1492
2004-02-24 00:00:00,4.2252,4.2252,4.2252,4.2252,1198.0,5061.7896
2004-02-25 00:00:00,4.1334,4.2252,4.1334,4.2252,490.0,2070.348
2004-02-26 00:00:00,4.4089,4.5926,4.4089,4.5926,4558.0,20933.0708
2004-02-27 00:00:00,4.96,4.96,4.8682,4.8682,2722.0,13251.240399999999
2004-03-01 00:00:00,4.96,5.0519,4.8682,5.0519,2613.0,13200.6147
2004-03-02 00:00:00,4.96,4.96,4.7763,4.7763,5988.0,28600.4844
2004-03-03 00:00:00,4.7763,4.8682,4.7763,4.8682,562.0,2735.9284
2004-03-04 00:00:00,4.8682,4.8682,4.7763,4.7763,446.0,2130.2298
2004-03-05 00:00:00,4.7763,4.7763,4.7763,4.7763,1089.0,5201.3907
2004-03-09 00:00:00,4.96,4.96,4.96,4.96,2177.0,10797.92
2004-03-10 00:00:00,4.8682,4.8682,4.7763,4.7763,1516.0,7240.8708
2004-03-11 00:00:00,4.7763,5.3275,4.6845,4.6845,7240.0,33915.78
2004-03-12 00:00:00,5.2356,5.2356,4.5926,4.5926,2395.0,10999.277
2004-03-15 00:00:00,5.1438,5.5112,5.1438,5.5112,13010.0,71700.712
2004-03-16 00:00:00,5.5112,5.5112,5.5112,5.5112,4256.0,23455.6672
2004-03-17 00:00:00,5.603,6.0623,5.603,5.7867,5414.0,31329.193799999997
2004-03-18 00:00:00,5.9704,5.9704,5.9704,5.9704,6314.0,37697.105599999995
2004-03-19 00:00:00,5.9704,6.1541,5.9704,5.9704,14965.0,89347.036
2004-03-22 00:00:00,5.9704,5.9704,5.603,5.603,398.0,2229.9939999999997
2004-03-23 00:00:00,5.6949,6.0623,5.603,5.8786,3241.0,19052.542599999997
2004-03-24 00:00:00,5.8786,5.8786,5.603,5.603,6566.0,36789.297999999995
2004-03-25 00:00:00,5.603,5.7867,5.5112,5.7867,4449.0,25745.028299999998
2004-03-29 00:00:00,5.5112,5.5112,5.5112,5.5112,359.0,1978.5207999999998
2004-03-30 00:00:00,5.1438,5.1438,5.1438,5.1438,1002.0,5154.0876
2004-04-01 00:00:00,5.5112,5.5112,5.0519,5.0519,1414.0,7143.3866
2004-04-02 00:00:00,5.1438,5.1438,5.1438,5.1438,4355.0,22401.249
2004-04-05 00:00:00,5.0519,5.0519,4.96,4.96,4980.0,24700.8
2004-04-06 00:00:00,4.8682,4.8682,4.4089,4.5008,4464.0,20091.5712
2004-04-07 00:00:00,4.5926,4.7763,4.5926,4.6845,5389.0,25244.7705
2004-04-08 00:00:00,4.7763,4.96,4.7763,4.96,3266.0,16199.36
2004-04-13 00:00:00,4.5926,4.5926,4.5926,4.5926,3266.0,14999.4316
2004-04-14 00:00:00,4.5926,4.5926,4.5926,4.5926,7675.0,35248.205
2004-04-15 00:00:00,4.7763,4.7763,4.5008,4.5926,4573.0,21001.9598
2004-04-19 00:00:00,4.5008,4.5008,4.5008,4.5008,635.0,2858.008
2004-04-20 00:00:00,4.5008,4.5008,4.4089,4.4089,1306.0,5758.0234
2004-04-22 00:00:00,4.4089,4.4089,4.3171,4.3171,817.0,3527.0706999999998
2004-04-27 00:00:00,4.4089,4.4089,4.4089,4.4089,381.0,1679.7909
2004-04-29 00:00:00,4.4089,4.4089,4.4089,4.4089,163.0,718.6507
2004-04-30 00:00:00,4.4089,4.4089,4.2252,4.2252,2504.0,10579.9008
2004-05-03 00:00:00,4.2252,4.2252,4.2252,4.2252,91.0,384.4932
2004-05-04 00:00:00,4.2252,4.2252,4.1334,4.1334,3624.0,14979.4416
2004-05-05 00:00:00,4.1334,4.1334,3.6741,3.6741,4355.0,16000.7055
2004-05-06 00:00:00,4.5926,4.5926,4.5926,4.5926,109.0,500.5934
2004-05-10 00:00:00,3.8578,3.8578,3.8578,3.8578,1086.0,4189.5708
2004-05-13 00:00:00,3.9497,3.9497,3.8578,3.8578,1201.0,4633.2178
2004-05-18 00:00:00,3.3986,3.3986,3.3986,3.3986,1089.0,3701.0754
2004-05-19 00:00:00,3.3067,4.1334,3.2148,4.1334,4606.0,19038.4404
2004-05-20 00:00:00,4.1334,4.1334,4.1334,4.1334,181.0,748.1454
2004-05-26 00:00:00,3.6741,3.9497,3.6741,3.6741,1291.0,4743.2631
2004-05-27 00:00:00,3.6741,3.6741,3.6741,3.6741,342.0,1256.5422
2004-05-28 00:00:00,3.6741,4.4089,3.6741,4.4089,3338.0,14716.9082
2004-06-01 00:00:00,3.8578,3.8578,3.8578,3.8578,224.0,864.1472
2004-06-02 00:00:00,3.9497,3.9497,3.9497,3.9497,327.0,1291.5519
2004-06-03 00:00:00,3.8578,3.8578,3.8578,3.8578,71.0,273.9038
2004-06-04 00:00:00,3.8578,3.8578,3.766,3.766,2177.0,8198.582
2004-06-08 00:00:00,3.766,3.766,3.6741,3.6741,3062.0,11250.0942
2004-06-09 00:00:00,3.6741,3.6741,3.6741,3.6741,1433.0,5264.9853
2004-06-10 00:00:00,3.6741,3.6741,3.6741,3.6741,2559.0,9402.0219
2004-06-11 00:00:00,3.4904,3.4904,3.4904,3.4904,328.0,1144.8512
2004-06-15 00:00:00,3.4904,3.6741,3.4904,3.6741,298.0,1094.8818
2004-06-16 00:00:00,3.4904,3.4904,3.4904,3.4904,265.0,924.956
2004-06-17 00:00:00,3.6741,3.8578,3.4904,3.4904,5465.0,19075.036
2004-06-18 00:00:00,3.4904,3.4904,3.4904,3.4904,91.0,317.6264
2004-06-21 00:00:00,3.4904,3.4904,3.4904,3.4904,359.0,1253.0536
2004-06-22 00:00:00,3.4904,3.4904,3.4904,3.4904,363.0,1267.0152
2004-06-23 00:00:00,3.4904,3.4904,3.4904,3.4904,5823.0,20324.5992
2004-06-24 00:00:00,3.4904,3.4904,3.4904,3.4904,62.0,216.40480000000002
2004-06-25 00:00:00,3.5823,4.2252,3.5823,3.8578,6712.0,25893.5536
2004-06-28 00:00:00,3.9497,3.9497,3.9497,3.9497,109.0,430.5173
2004-06-29 00:00:00,3.9497,3.9497,3.4904,3.766,11127.0,41904.282
2004-06-30 00:00:00,3.766,3.8578,3.5823,3.5823,4219.0,15113.7237
2004-07-01 00:00:00,3.766,3.766,3.4904,3.4904,1633.0,5699.823200000001
2004-07-02 00:00:00,3.5823,3.5823,3.5823,3.5823,1996.0,7150.2708
2004-07-05 00:00:00,3.5823,3.5823,3.3067,3.3067,4319.0,14281.6373
2004-07-08 00:00:00,3.766,3.8578,3.766,3.766,1312.0,4940.992
2004-07-09 00:00:00,3.766,3.766,3.766,3.766,318.0,1197.588
2004-07-12 00:00:00,3.766,3.766,3.766,3.766,896.0,3374.3360000000002
2004-07-13 00:00:00,3.766,3.766,3.766,3.766,327.0,1231.482
2004-07-14 00:00:00,3.766,3.766,3.6741,3.6741,785.0,2884.1685
2004-07-15 00:00:00,3.6741,3.6741,3.6741,3.6741,163.0,598.8783
2004-07-20 00:00:00,3.8578,3.8578,3.8578,3.8578,513.0,1979.0514
2004-07-21 00:00:00,3.766,3.766,3.766,3.766,575.0,2165.45
2004-07-22 00:00:00,3.766,3.766,3.6741,3.6741,3266.0,11999.6106
2004-07-23 00:00:00,3.6741,3.6741,3.4904,3.4904,980.0,3420.592
2004-07-26 00:00:00,3.6741,3.766,3.4904,3.6741,599.0,2200.7859000000003
2004-07-27 00:00:00,3.6741,3.6741,3.5823,3.5823,1219.0,4366.8237
2004-07-28 00:00:00,3.6741,3.9497,3.6741,3.9497,2939.0,11608.1683
2004-07-29 00:00:00,3.6741,3.8578,3.6741,3.8578,1455.0,5613.099
2004-07-30 00:00:00,3.6741,3.6741,3.6741,3.6741,327.0,1201.4307000000001
2004-08-02 00:00:00,3.8578,3.8578,3.8578,3.8578,479.0,1847.8862000000001
2004-08-04 00:00:00,3.6741,3.6741,3.6741,3.6741,136.0,499.67760000000004
2004-08-05 00:00:00,3.6741,3.6741,3.6741,3.6741,3253.0,11951.847300000001
2004-08-06 00:00:00,3.5823,3.5823,3.4904,3.5823,2332.0,8353.9236
2004-08-09 00:00:00,3.4904,3.4904,3.4904,3.4904,136.0,474.69440000000003
2004-08-13 00:00:00,3.4904,3.4904,3.4904,3.4904,91.0,317.6264
2004-08-16 00:00:00,3.4904,3.4904,3.4904,3.4904,327.0,1141.3608000000002
2004-08-17 00:00:00,3.4904,3.4904,3.3067,3.3067,871.0,2880.1357000000003
2004-08-18 00:00:00,3.3986,3.3986,3.3986,3.3986,1089.0,3701.0754
2004-08-19 00:00:00,3.3067,3.3067,3.3067,3.3067,1785.0,5902.4595
2004-08-24 00:00:00,3.3067,3.4904,3.3067,3.4904,3659.0,12771.3736
2004-08-25 00:00:00,3.4904,3.4904,3.4904,3.4904,2574.0,8984.2896
2004-08-26 00:00:00,3.3986,3.3986,3.3986,3.3986,148.0,502.9928
2004-08-27 00:00:00,3.7143,3.7143,3.7143,3.7143,727.0,2700.2961
2004-08-30 00:00:00,3.25,3.25,3.25,3.25,2154.0,7000.5
2004-08-31 00:00:00,3.25,3.25,3.25,3.25,242.0,786.5
2004-09-01 00:00:00,3.4357,3.4357,3.25,3.25,1147.0,3727.75
2004-09-02 00:00:00,3.25,3.25,3.25,3.25,454.0,1475.5
2004-09-07 00:00:00,3.25,3.25,3.25,3.25,215.0,698.75
2004-09-09 00:00:00,3.25,3.25,3.25,3.25,4205.0,13666.25
2004-09-10 00:00:00,3.4357,3.4357,3.4357,3.4357,1077.0,3700.2489
2004-09-14 00:00:00,3.25,3.25,2.9714,2.9714,3063.0,9101.3982
2004-09-15 00:00:00,3.25,3.25,3.25,3.25,337.0,1095.25
2004-09-16 00:00:00,3.1571,3.25,3.1571,3.25,1393.0,4527.25
2004-09-17 00:00:00,3.5286,3.5286,3.5286,3.5286,1010.0,3563.886
2004-09-22 00:00:00,3.3428,3.3428,3.3428,3.3428,2692.0,8998.8176
2004-09-23 00:00:00,3.3428,3.3428,3.25,3.25,503.0,1634.75
2004-09-28 00:00:00,3.3428,3.3428,3.3428,3.3428,108.0,361.0224
2004-09-29 00:00:00,3.3428,3.3428,3.0643,3.0643,3231.0,9900.753299999998
2004-10-01 00:00:00,3.25,3.25,3.25,3.25,104.0,338.0
2004-10-04 00:00:00,3.25,3.25,3.1571,3.1571,1669.0,5269.1999
2004-10-06 00:00:00,3.3428,3.3428,3.3428,3.3428,1016.0,3396.2848
2004-10-07 00:00:00,3.3428,3.3428,3.3428,3.3428,313.0,1046.2964
2004-10-11 00:00:00,3.3428,3.3428,3.1571,3.1571,1303.0,4113.7013
2004-10-13 00:00:00,3.1571,3.1571,3.1571,3.1571,227.0,716.6617
2004-10-19 00:00:00,3.3428,3.3428,3.25,3.25,1088.0,3536.0
2004-10-21 00:00:00,3.25,3.5286,3.25,3.5286,1208.0,4262.5488
2004-10-22 00:00:00,3.5286,3.5286,3.5286,3.5286,1357.0,4788.3102
2004-10-25 00:00:00,3.5286,3.5286,3.5286,3.5286,1560.0,5504.616
2004-10-26 00:00:00,3.5286,3.6214,3.3428,3.6214,2399.0,8687.7386
2004-10-27 00:00:00,3.5286,3.5286,3.4357,3.4357,1927.0,6620.593900000001
2004-10-28 00:00:00,3.4357,3.5286,3.25,3.25,8003.0,26009.75
2004-10-29 00:00:00,3.4357,3.4357,3.25,3.25,1508.0,4901.0
2004-11-01 00:00:00,3.25,3.25,3.25,3.25,6731.0,21875.75
2004-11-02 00:00:00,3.25,3.25,3.25,3.25,1077.0,3500.25
2004-11-05 00:00:00,3.3428,3.3428,3.3428,3.3428,297.0,992.8116
2004-11-08 00:00:00,3.3428,3.3428,3.3428,3.3428,449.0,1500.9172
2004-11-09 00:00:00,3.3428,3.3428,3.3428,3.3428,2685.0,8975.418
2004-11-10 00:00:00,3.3428,3.3428,3.3428,3.3428,4254.0,14220.2712
2004-11-11 00:00:00,3.3428,3.3428,3.25,3.3428,2725.0,9109.13
2004-11-12 00:00:00,3.5286,3.5286,3.5286,3.5286,151.0,532.8186
2004-11-16 00:00:00,3.3428,3.3428,3.3428,3.3428,337.0,1126.5236
2004-11-18 00:00:00,3.3428,3.3428,3.25,3.3428,3733.0,12478.6724
2004-11-19 00:00:00,3.3428,3.3428,3.3428,3.3428,4878.0,16306.1784
2004-11-22 00:00:00,3.3428,3.4357,3.25,3.25,7189.0,23364.25
2004-11-23 00:00:00,3.25,3.4357,3.25,3.4357,3241.0,11135.103700000001
2004-11-26 00:00:00,3.4357,3.4357,3.3428,3.3428,553.0,1848.5683999999999
2004-11-29 00:00:00,3.3428,3.3428,3.25,3.25,2396.0,7787.0
2004-11-30 00:00:00,3.5286,3.6214,3.5286,3.5286,3591.0,12671.2026
2004-12-01 00:00:00,3.5286,3.6214,3.4357,3.4357,1389.0,4772.1873000000005
2004-12-02 00:00:00,3.5286,3.6214,3.25,3.6214,11140.0,40342.396
2004-12-03 00:00:00,3.4357,3.4357,3.4357,3.4357,538.0,1848.4066
2004-12-06 00:00:00,3.5286,3.5286,3.5286,3.5286,425.0,1499.655
2004-12-07 00:00:00,3.5286,3.7143,3.5286,3.6214,8723.0,31589.4722
2004-12-08 00:00:00,3.7143,3.7143,3.5286,3.5286,5211.0,18387.5346
2004-12-09 00:00:00,3.4357,3.4357,3.3428,3.3428,1702.0,5689.4456
2004-12-13 00:00:00,3.3428,3.3428,3.3428,3.3428,348.0,1163.2944
2004-12-14 00:00:00,3.4357,3.4357,3.4357,3.4357,2154.0,7400.4978
2004-12-15 00:00:00,3.4357,3.5286,3.4357,3.5286,377.0,1330.2821999999999
2004-12-16 00:00:00,3.7143,3.7143,3.5286,3.5286,1023.0,3609.7578
2004-12-20 00:00:00,3.5286,3.5286,3.4357,3.4357,1185.0,4071.3045
2004-12-21 00:00:00,3.3428,3.4357,3.3428,3.4357,1271.0,4366.7747
2004-12-22 00:00:00,3.3428,3.3428,3.3428,3.3428,215.0,718.702
2004-12-23 00:00:00,3.3428,3.4357,3.3428,3.4357,3030.0,10410.171
2004-12-29 00:00:00,3.5286,3.5286,3.5286,3.5286,377.0,1330.2821999999999
2004-12-30 00:00:00,3.5286,3.5286,3.5286,3.5286,215.0,758.649
2004-12-31 00:00:00,3.6214,3.6214,3.6214,3.6214,838.0,3034.7332
2005-01-05 00:00:00,3.5286,3.5286,3.5286,3.5286,276.0,973.8936
2005-01-06 00:00:00,3.5286,3.6214,3.4357,3.6214,2703.0,9788.6442
2005-01-07 00:00:00,3.5286,3.5286,3.4357,3.5286,5613.0,19806.0318
2005-01-10 00:00:00,3.4357,3.4357,3.4357,3.4357,2369.0,8139.1733
2005-01-11 00:00:00,3.4357,3.4357,3.4357,3.4357,625.0,2147.3125
2005-01-12 00:00:00,3.4357,3.4357,3.3428,3.3428,4462.0,14915.5736
2005-01-13 00:00:00,3.3428,3.3428,3.3428,3.3428,108.0,361.0224
2005-01-14 00:00:00,3.3428,3.3428,3.3428,3.3428,6192.0,20698.6176
2005-01-17 00:00:00,3.3428,3.4357,3.3428,3.3428,3231.0,10800.5868
2005-01-18 00:00:00,3.3428,3.4357,3.25,3.25,7826.0,25434.5
2005-01-19 00:00:00,3.3428,3.3428,3.3428,3.3428,1314.0,4392.4392
2005-01-20 00:00:00,3.25,3.25,3.25,3.25,8788.0,28561.0
2005-01-21 00:00:00,3.1571,3.25,3.1571,3.25,6354.0,20650.5
2005-01-25 00:00:00,3.25,3.25,3.25,3.25,862.0,2801.5
2005-01-27 00:00:00,3.25,3.25,3.1571,3.25,1149.0,3734.25
2005-01-28 00:00:00,3.1571,3.25,3.1571,3.25,1055.0,3428.75
2005-01-31 00:00:00,3.25,3.25,3.25,3.25,108.0,351.0
2005-02-01 00:00:00,3.25,3.25,3.25,3.25,538.0,1748.5
2005-02-02 00:00:00,3.3428,3.4357,3.3428,3.3428,6569.0,21958.8532
2005-02-03 00:00:00,3.3428,3.3428,3.3428,3.3428,1196.0,3997.9888
2005-02-04 00:00:00,3.25,3.25,3.1571,3.1571,1690.0,5335.499
2005-02-07 00:00:00,3.1571,3.1571,3.1571,3.1571,269.0,849.2598999999999
2005-02-08 00:00:00,3.25,3.25,3.25,3.25,198.0,643.5
2005-02-09 00:00:00,3.25,3.3428,3.25,3.3428,4954.0,16560.2312
2005-02-10 00:00:00,3.25,3.25,3.25,3.25,937.0,3045.25
2005-02-11 00:00:00,3.25,3.25,3.25,3.25,2402.0,7806.5
2005-02-14 00:00:00,3.25,3.3428,3.25,3.3428,2046.0,6839.3688
2005-02-15 00:00:00,3.3428,3.5286,3.3428,3.5286,3499.0,12346.5714
2005-02-16 00:00:00,3.5286,3.5286,3.4357,3.4357,1096.0,3765.5272
2005-02-17 00:00:00,3.4357,3.4357,3.4357,3.4357,640.0,2198.848
2005-02-21 00:00:00,3.3428,3.3428,3.25,3.25,3712.0,12064.0
2005-02-22 00:00:00,3.25,3.25,3.25,3.25,3015.0,9798.75
2005-02-23 00:00:00,3.3428,3.3428,3.3428,3.3428,2893.0,9670.7204
2005-02-24 00:00:00,3.25,3.25,2.7857,2.8786,4999.0,14390.1214
2005-02-25 00:00:00,3.25,3.25,3.25,3.25,2556.0,8307.0
2005-02-28 00:00:00,3.1571,3.1571,3.0643,3.0643,1804.0,5527.9972
2005-03-01 00:00:00,2.9714,3.0643,2.9714,3.0643,1360.0,4167.447999999999
2005-03-02 00:00:00,3.0643,3.1571,3.0643,3.0643,1651.0,5059.159299999999
2005-03-07 00:00:00,3.1571,3.1571,3.1571,3.1571,40.0,126.28399999999999
2005-03-08 00:00:00,2.8786,2.8786,2.6,2.6,3896.0,10129.6
2005-03-09 00:00:00,2.8786,2.8786,2.6,2.6928,7600.0,20465.28
2005-03-10 00:00:00,2.9714,2.9714,2.8786,2.8786,4092.0,11779.2312
2005-03-11 00:00:00,3.1571,3.3428,3.1571,3.3428,862.0,2881.4936
2005-03-14 00:00:00,3.3428,3.3428,3.1571,3.3428,5035.0,16830.998
2005-03-15 00:00:00,3.1571,3.1571,2.9714,2.9714,1441.0,4281.7874
2005-03-16 00:00:00,2.9714,3.3428,2.9714,3.3428,406.0,1357.1768
2005-03-17 00:00:00,2.7857,2.7857,2.7857,2.7857,234.0,651.8538
2005-03-21 00:00:00,2.9714,2.9714,2.8786,2.8786,278.0,800.2508
2005-03-24 00:00:00,2.8786,2.8786,2.8786,2.8786,584.0,1681.1024
2005-03-29 00:00:00,2.7857,2.7857,2.7857,2.7857,538.0,1498.7066
2005-03-30 00:00:00,2.7857,2.8786,2.7857,2.7857,3724.0,10373.9468
2005-03-31 00:00:00,2.7857,2.7857,2.7857,2.7857,1077.0,3000.1989
2005-04-04 00:00:00,2.7857,2.7857,2.7857,2.7857,1425.0,3969.6225
2005-04-06 00:00:00,2.7857,2.7857,2.7857,2.7857,1859.0,5178.6163
2005-04-08 00:00:00,2.6928,2.6928,2.6928,2.6928,538.0,1448.7264
2005-04-11 00:00:00,2.7857,2.7857,2.7857,2.7857,646.0,1799.5621999999998
2005-04-13 00:00:00,2.6928,2.6928,2.6928,2.6928,162.0,436.2336
2005-04-14 00:00:00,2.6928,2.6928,2.6928,2.6928,1357.0,3654.1296
2005-04-15 00:00:00,2.6928,2.6928,2.6,2.6,1115.0,2899.0
2005-04-18 00:00:00,2.6,2.6,2.6,2.6,2116.0,5501.6
2005-04-20 00:00:00,2.6928,2.6928,2.6928,2.6928,27.0,72.7056
2005-04-21 00:00:00,2.6,2.6,2.6,2.6,215.0,559.0
2005-04-22 00:00:00,2.6,2.6,2.6,2.6,215.0,559.0
2005-04-28 00:00:00,2.6,2.6,2.4143,2.4143,431.0,1040.5633
2005-05-02 00:00:00,2.4143,2.4143,2.4143,2.4143,230.0,555.289
2005-05-04 00:00:00,2.4143,2.4143,2.4143,2.4143,2333.0,5632.5619
2005-05-05 00:00:00,2.5071,2.5071,2.3214,2.3214,3015.0,6999.021000000001
2005-05-06 00:00:00,2.2286,2.3214,2.1357,2.1357,3005.0,6417.778499999999
2005-05-09 00:00:00,2.1357,2.1357,1.95,1.95,10002.0,19503.899999999998
2005-05-10 00:00:00,1.95,1.95,1.95,1.95,2477.0,4830.15
2005-05-11 00:00:00,2.0428,2.0428,1.95,1.95,4308.0,8400.6
2005-05-12 00:00:00,1.95,2.0428,1.95,2.0428,2792.0,5703.497600000001
2005-05-13 00:00:00,1.95,1.95,1.8571,1.8571,4308.0,8000.3868
2005-05-16 00:00:00,1.95,2.0428,1.95,2.0428,2438.0,4980.3464
2005-05-18 00:00:00,1.8571,1.8571,1.8571,1.8571,862.0,1600.8201999999999
2005-05-19 00:00:00,1.8571,1.8571,1.8571,1.8571,1077.0,2000.0967
2005-05-20 00:00:00,1.8571,1.95,1.8571,1.95,769.0,1499.55
2005-05-23 00:00:00,2.0428,2.0428,1.95,1.95,1113.0,2170.35
2005-05-24 00:00:00,1.95,2.2286,1.95,2.2286,9603.0,21401.2458
2005-05-25 00:00:00,2.1357,2.1357,2.0428,2.0428,4415.0,9018.962000000001
2005-05-26 00:00:00,2.1357,3.7143,2.1357,3.25,54012.0,175539.0
2005-05-27 00:00:00,3.25,3.25,2.7857,2.9714,7765.0,23072.921000000002
2005-05-30 00:00:00,2.9714,2.9714,2.6,2.6,5168.0,13436.800000000001
2005-05-31 00:00:00,2.6,2.6,2.5071,2.6,5945.0,15457.0
2005-06-01 00:00:00,2.6928,2.6928,2.5071,2.5071,1155.0,2895.7005
2005-06-02 00:00:00,2.5071,2.6,2.5071,2.6,2297.0,5972.2
2005-06-03 00:00:00,2.6,2.6928,2.6,2.6928,1796.0,4836.2688
2005-06-06 00:00:00,2.7857,3.0643,2.7857,3.0643,10743.0,32919.7749
2005-06-07 00:00:00,2.8786,2.9714,2.7857,2.9714,10788.0,32055.463200000002
2005-06-08 00:00:00,2.8786,3.0643,2.8786,3.0643,1615.0,4948.844499999999
2005-06-09 00:00:00,2.7857,2.7857,2.7857,2.7857,2746.0,7649.5322
2005-06-10 00:00:00,2.8786,2.8786,2.8786,2.8786,538.0,1548.6868
2005-06-14 00:00:00,2.8786,2.8786,2.7857,2.7857,1508.0,4200.835599999999
2005-06-15 00:00:00,2.7857,2.8786,2.7857,2.8786,980.0,2821.0280000000002
2005-06-16 00:00:00,2.8786,2.8786,2.7857,2.7857,5168.0,14396.497599999999
2005-06-17 00:00:00,3.1571,3.1571,2.6928,2.6928,2257.0,6077.6496
2005-06-20 00:00:00,2.6928,2.6928,2.6928,2.6928,3985.0,10730.808
2005-06-21 00:00:00,2.6928,2.6928,2.6928,2.6928,2715.0,7310.952
2005-06-22 00:00:00,2.6,2.6,2.6,2.6,538.0,1398.8
2005-06-23 00:00:00,2.5071,2.6,2.4143,2.6,8148.0,21184.8
2005-06-24 00:00:00,2.5071,2.6,2.5071,2.6,5130.0,13338.0
2005-06-27 00:00:00,2.5071,2.5071,2.5071,2.5071,1472.0,3690.4512
2005-06-28 00:00:00,2.5071,2.5071,2.5071,2.5071,10608.0,26595.3168
2005-06-29 00:00:00,2.5071,2.5071,2.5071,2.5071,144.0,361.0224
2005-06-30 00:00:00,2.5071,2.5071,2.4143,2.5071,1976.0,4954.0296
2005-07-01 00:00:00,2.6,2.9714,2.6,2.8786,8399.0,24177.3614
2005-07-04 00:00:00,2.9714,2.9714,2.6,2.6928,2725.0,7337.88
2005-07-05 00:00:00,3.0643,3.0643,3.0643,3.0643,194.0,594.4742
2005-07-06 00:00:00,3.0643,3.25,2.8786,2.8786,2814.0,8100.3804
2005-07-07 00:00:00,2.8786,3.0643,2.7857,2.7857,3394.0,9454.665799999999
2005-07-08 00:00:00,2.7857,2.7857,2.7857,2.7857,1449.0,4036.4793
2005-07-11 00:00:00,2.8786,3.1571,2.8786,3.0643,4001.0,12260.264299999999
2005-07-12 00:00:00,3.0643,3.1571,3.0643,3.1571,2425.0,7655.9675
2005-07-13 00:00:00,2.9714,2.9714,2.6928,2.8786,5187.0,14931.298200000001
2005-07-14 00:00:00,3.1571,3.3428,3.1571,3.25,12151.0,39490.75
2005-07-15 00:00:00,3.3428,3.3428,3.1571,3.1571,3464.0,10936.194399999998
2005-07-18 00:00:00,3.1571,3.4357,3.1571,3.4357,10830.0,37208.631
2005-07-19 00:00:00,3.4357,3.6214,3.4357,3.5286,6611.0,23327.5746
2005-07-20 00:00:00,3.5286,3.7143,3.4357,3.7143,11210.0,41637.303
2005-07-21 00:00:00,3.7143,3.7143,3.3428,3.5286,7723.0,27251.3778
2005-07-22 00:00:00,3.4357,3.4357,3.3428,3.3428,2380.0,7955.864
2005-07-25 00:00:00,3.3428,3.3428,3.3428,3.3428,2660.0,8891.848
2005-07-26 00:00:00,3.3428,3.3428,3.3428,3.3428,549.0,1835.1972
2005-07-27 00:00:00,3.3428,3.3428,3.3428,3.3428,489.0,1634.6292
2005-07-28 00:00:00,3.1571,3.1571,3.1571,3.1571,808.0,2550.9368
2005-08-01 00:00:00,3.1571,3.1571,3.0643,3.0643,276.0,845.7467999999999
2005-08-02 00:00:00,3.3428,3.8071,3.3428,3.7143,22497.0,83560.60710000001
2005-08-03 00:00:00,3.9,4.2714,3.9,4.0857,39426.0,161082.8082
2005-08-04 00:00:00,4.1785,4.2714,4.0857,4.2714,23196.0,99079.39439999999
2005-08-05 00:00:00,4.3643,5.2928,4.3643,5.2928,57982.0,306887.1296
2005-08-08 00:00:00,5.2,5.2,4.8285,4.8285,26459.0,127757.2815
2005-08-09 00:00:00,4.8285,4.8285,4.4571,4.4571,13260.0,59101.14599999999
2005-08-10 00:00:00,4.3643,4.55,4.0857,4.1785,11216.0,46866.056
2005-08-11 00:00:00,4.1785,4.2714,4.1785,4.2714,2262.0,9661.906799999999
2005-08-12 00:00:00,4.2714,4.55,4.2714,4.55,6677.0,30380.35
2005-08-15 00:00:00,4.4571,4.4571,4.2714,4.2714,1572.0,6714.6408
2005-08-16 00:00:00,4.2714,4.2714,4.2714,4.2714,3670.0,15676.037999999999
2005-08-17 00:00:00,4.3643,4.4571,4.2714,4.2714,3681.0,15723.0234
2005-08-18 00:00:00,4.3643,4.3643,4.3643,4.3643,452.0,1972.6636
2005-08-19 00:00:00,4.3643,4.3643,4.3643,4.3643,829.0,3618.0047
2005-08-22 00:00:00,4.1785,4.1785,3.9,3.9,1960.0,7644.0
2005-08-23 00:00:00,3.9928,3.9928,3.7143,3.7143,8734.0,32440.696200000002
2005-08-25 00:00:00,3.8071,3.8071,3.8071,3.8071,538.0,2048.2198000000003
2005-08-26 00:00:00,3.9,4.4571,3.9,4.3643,6569.0,28669.0867
2005-08-29 00:00:00,4.3643,4.3643,4.1785,4.1785,4631.0,19350.6335
2005-08-30 00:00:00,4.1785,4.1785,4.1785,4.1785,431.0,1800.9334999999999
2005-08-31 00:00:00,4.3643,4.8285,4.3643,4.4571,30482.0,135861.3222
2005-09-01 00:00:00,4.7357,4.7357,4.6428,4.7357,10904.0,51638.072799999994
2005-09-02 00:00:00,4.7357,4.9214,4.7357,4.8285,10310.0,49781.835
2005-09-05 00:00:00,4.9214,5.6643,4.8285,5.5714,26407.0,147123.95979999998
2005-09-06 00:00:00,5.3857,5.4785,4.55,4.9214,21913.0,107842.6382
2005-09-07 00:00:00,4.9214,5.2928,4.8285,5.1071,4946.0,25259.7166
2005-09-08 00:00:00,5.1071,5.2,5.0143,5.0143,2746.0,13769.267800000001
2005-09-09 00:00:00,4.9214,5.1071,4.9214,5.1071,1562.0,7977.2902
2005-09-12 00:00:00,5.2928,5.2928,4.9214,5.1071,1061.0,5418.6331
2005-09-13 00:00:00,5.1071,5.2928,4.8285,5.2928,4388.0,23224.806399999998
2005-09-14 00:00:00,5.0143,5.0143,4.6428,4.7357,10971.0,51955.3647
2005-09-15 00:00:00,5.1071,5.1071,4.6428,4.6428,4200.0,19499.760000000002
2005-09-16 00:00:00,4.6428,4.7357,4.55,4.6428,10199.0,47351.9172
2005-09-19 00:00:00,4.6428,4.7357,4.55,4.6428,14162.0,65751.3336
2005-09-20 00:00:00,4.7357,5.0143,4.6428,5.0143,17454.0,87519.59220000001
2005-09-21 00:00:00,5.0143,5.4785,5.0143,5.3857,73872.0,397852.4304
2005-09-22 00:00:00,5.2928,5.2928,4.9214,4.9214,29538.0,145368.3132
2005-09-23 00:00:00,5.1071,5.5714,4.9214,5.5714,53849.0,300014.3186
2005-09-26 00:00:00,5.6643,6.6857,5.6643,6.6857,100970.0,675055.129
2005-09-27 00:00:00,6.8714,6.9642,6.0357,6.5,54063.0,351409.5
2005-09-28 00:00:00,6.3142,6.5,5.85,6.3142,27961.0,176551.3462
2005-09-29 00:00:00,6.3142,6.3142,6.1285,6.1285,4823.0,29557.7555
2005-09-30 00:00:00,6.3142,7.8,6.3142,7.8,131425.0,1025115.0
2005-10-03 00:00:00,8.1714,8.1714,6.9642,7.4285,122212.0,907851.842
2005-10-04 00:00:00,7.4285,7.4285,6.5928,6.7785,36939.0,250391.0115
2005-10-05 00:00:00,6.8714,6.8714,6.1285,6.3142,39729.0,250856.85179999997
2005-10-06 00:00:00,6.3142,6.3142,5.85,6.0357,23853.0,143969.5521
2005-10-07 00:00:00,6.0357,6.3142,5.7571,5.7571,17446.0,100438.36660000001
2005-10-10 00:00:00,6.0357,6.5,6.0357,6.2214,14483.0,90104.5362
2005-10-11 00:00:00,6.3142,6.4071,5.9428,5.9428,11698.0,69518.8744
2005-10-12 00:00:00,6.0357,6.0357,5.4785,5.4785,28206.0,154526.571
2005-10-13 00:00:00,5.5714,5.7571,5.2928,5.2928,20673.0,109418.0544
2005-10-14 00:00:00,5.2928,5.5714,5.2,5.5714,9340.0,52036.876
2005-10-17 00:00:00,5.3857,5.4785,5.1071,5.1071,10815.0,55233.2865
2005-10-18 00:00:00,5.3857,5.9428,5.3857,5.9428,16337.0,97087.5236
2005-10-19 00:00:00,5.9428,6.1285,5.4785,5.6643,22078.0,125056.4154
2005-10-20 00:00:00,5.6643,5.6643,5.3857,5.3857,10511.0,56609.0927
2005-10-21 00:00:00,5.3857,5.3857,5.1071,5.1071,10707.0,54681.7197
2005-10-24 00:00:00,5.2,5.2928,5.0143,5.0143,6652.0,33355.123600000006
2005-10-25 00:00:00,5.0143,5.0143,4.55,4.9214,6289.0,30950.6846
2005-10-26 00:00:00,5.0143,5.2928,4.9214,5.2928,6735.0,35647.008
2005-10-27 00:00:00,5.1071,5.3857,5.1071,5.3857,3942.0,21230.4294
2005-10-28 00:00:00,5.3857,5.3857,5.3857,5.3857,2093.0,11272.2701
2005-10-31 00:00:00,5.2928,5.2928,5.0143,5.0143,3203.0,16060.8029
2005-11-01 00:00:00,5.2,5.2,5.2,5.2,1665.0,8658.0
2005-11-02 00:00:00,5.1071,5.2,5.0143,5.0143,2585.0,12961.9655
2005-11-03 00:00:00,5.0143,5.0143,4.7357,4.8285,4706.0,22722.921
2005-11-04 00:00:00,4.8285,4.8285,4.6428,4.6428,9123.0,42356.2644
2005-11-07 00:00:00,4.6428,4.8285,4.6428,4.8285,6152.0,29704.932
2005-11-08 00:00:00,4.8285,5.0143,4.55,4.55,10203.0,46423.65
2005-11-09 00:00:00,4.55,4.55,4.3643,4.3643,5531.0,24138.9433
2005-11-10 00:00:00,4.6428,4.7357,4.55,4.7357,6617.0,31336.126899999996
2005-11-11 00:00:00,4.8285,4.8285,4.8285,4.8285,538.0,2597.733
2005-11-14 00:00:00,4.8285,5.0143,4.8285,5.0143,897.0,4497.8271
2005-11-15 00:00:00,5.1071,5.5714,5.1071,5.4785,3877.0,21240.144500000002
2005-11-16 00:00:00,5.2,5.2,4.9214,4.9214,6592.0,32441.8688
2005-11-17 00:00:00,4.9214,4.9214,4.9214,4.9214,2519.0,12397.0066
2005-11-18 00:00:00,4.9214,4.9214,4.7357,4.8285,3145.0,15185.6325
2005-11-21 00:00:00,4.7357,4.7357,4.6428,4.7357,3895.0,18445.551499999998
2005-11-22 00:00:00,4.8285,4.9214,4.8285,4.9214,8856.0,43583.9184
2005-11-23 00:00:00,4.8285,5.1071,4.8285,5.1071,4541.0,23191.3411
2005-11-24 00:00:00,5.1071,5.1071,5.1071,5.1071,908.0,4637.2468
2005-11-25 00:00:00,5.1071,5.2,5.0143,5.2,4205.0,21866.0
2005-11-28 00:00:00,5.1071,5.6643,5.1071,5.4785,12175.0,66700.7375
2005-11-29 00:00:00,5.3857,5.3857,5.2,5.2,6045.0,31434.0
2005-11-30 00:00:00,5.2,5.2,5.0143,5.0143,2783.0,13954.796900000001
2005-12-01 00:00:00,5.2,5.2,5.2,5.2,808.0,4201.6
2005-12-02 00:00:00,5.0143,5.0143,5.0143,5.0143,1885.0,9451.9555
2005-12-05 00:00:00,5.0143,5.4785,5.0143,5.3857,5501.0,29626.7357
2005-12-06 00:00:00,5.2,5.2928,5.2,5.2928,4218.0,22325.0304
2005-12-07 00:00:00,5.3857,5.3857,4.9214,4.9214,3177.0,15635.2878
2005-12-08 00:00:00,4.9214,4.9214,4.8285,4.9214,1683.0,8282.7162
2005-12-09 00:00:00,4.9214,4.9214,4.7357,4.7357,5358.0,25373.880599999997
2005-12-12 00:00:00,4.7357,4.8285,4.7357,4.8285,847.0,4089.7395
2005-12-13 00:00:00,4.8285,4.8285,4.6428,4.6428,4846.0,22499.0088
2005-12-14 00:00:00,4.6428,4.6428,4.55,4.55,6411.0,29170.05
2005-12-15 00:00:00,4.55,4.55,4.4571,4.4571,4846.0,21599.1066
2005-12-16 00:00:00,4.55,4.55,4.1785,4.1785,11889.0,49678.186499999996
2005-12-19 00:00:00,4.2714,4.6428,4.2714,4.6428,2454.0,11393.4312
2005-12-21 00:00:00,4.3643,4.6428,4.1785,4.1785,13827.0,57776.11949999999
2005-12-22 00:00:00,3.9,3.9,3.8071,3.8071,985.0,3749.9935
2005-12-23 00:00:00,3.9,4.0857,3.9,4.0857,1580.0,6455.406
2005-12-28 00:00:00,4.1785,4.1785,4.0857,4.0857,2161.0,8829.1977
2005-12-29 00:00:00,4.1785,4.3643,4.1785,4.2714,745.0,3182.1929999999998
2005-12-30 00:00:00,4.3643,4.3643,4.2714,4.2714,538.0,2298.0132
2006-01-03 00:00:00,4.3643,4.3643,4.2714,4.2714,1400.0,5979.96
2006-01-04 00:00:00,4.2714,4.2714,4.1785,4.1785,4737.0,19793.5545
2006-01-05 00:00:00,4.1785,4.1785,4.0857,4.0857,3069.0,12539.0133
2006-01-06 00:00:00,4.0857,4.0857,3.9,3.9928,7297.0,29135.4616
2006-01-09 00:00:00,3.9928,4.6428,3.9928,4.6428,5449.0,25298.6172
2006-01-10 00:00:00,4.3643,4.3643,4.3643,4.3643,1084.0,4730.9012
2006-01-11 00:00:00,4.4571,4.4571,4.3643,4.3643,1508.0,6581.3644
2006-01-12 00:00:00,4.3643,4.3643,4.3643,4.3643,862.0,3762.0266
2006-01-13 00:00:00,4.2714,4.3643,4.2714,4.3643,754.0,3290.6822
2006-01-16 00:00:00,4.3643,4.55,4.3643,4.55,6364.0,28956.199999999997
2006-01-17 00:00:00,4.55,4.55,4.2714,4.2714,5094.0,21758.511599999998
2006-01-18 00:00:00,4.2714,4.2714,3.9928,3.9928,3947.0,15759.5816
2006-01-19 00:00:00,3.9928,3.9928,3.9928,3.9928,2573.0,10273.4744
2006-01-20 00:00:00,3.9928,4.2714,3.9928,4.2714,3419.0,14603.916599999999
2006-01-23 00:00:00,4.1785,4.2714,4.1785,4.2714,2262.0,9661.906799999999
2006-01-24 00:00:00,4.3643,4.3643,4.0857,4.0857,1212.0,4951.8684
2006-01-25 00:00:00,4.2714,4.3643,4.2714,4.2714,4909.0,20968.3026
2006-01-27 00:00:00,4.2714,4.3643,4.2714,4.2714,1238.0,5287.9932
2006-01-30 00:00:00,4.3643,4.3643,4.1785,4.1785,3355.0,14018.867499999998
2006-02-01 00:00:00,4.3643,4.8285,4.2714,4.8285,44241.0,213617.6685
2006-02-02 00:00:00,4.9214,5.3857,4.6428,5.0143,72526.0,363667.1218
2006-02-03 00:00:00,5.3857,5.3857,5.2,5.3857,28108.0,151381.2556
2006-02-06 00:00:00,5.2928,5.4785,5.1071,5.2928,23124.0,122390.70719999999
2006-02-07 00:00:00,5.1071,5.1071,4.7357,4.8285,6409.0,30945.8565
2006-02-08 00:00:00,4.8285,4.8285,4.4571,4.6428,3319.0,15409.453200000002
2006-02-09 00:00:00,4.8285,4.8285,4.6428,4.7357,6013.0,28475.764099999997
2006-02-10 00:00:00,4.9214,4.9214,4.9214,4.9214,1077.0,5300.3478000000005
2006-02-13 00:00:00,4.9214,4.9214,4.8285,4.9214,3231.0,15901.0434
2006-02-14 00:00:00,4.7357,4.8285,4.7357,4.7357,3793.0,17962.5101
2006-02-15 00:00:00,4.6428,4.6428,4.55,4.55,894.0,4067.7
2006-02-16 00:00:00,4.4571,4.4571,4.2714,4.3643,5127.0,22375.7661
2006-02-17 00:00:00,4.3643,4.3643,4.3643,4.3643,2141.0,9343.9663
2006-02-20 00:00:00,4.3643,4.55,4.3643,4.55,1292.0,5878.599999999999
2006-02-21 00:00:00,4.6428,4.6428,4.3643,4.3643,3934.0,17169.1562
2006-02-22 00:00:00,4.6428,5.1071,4.6428,4.8285,19172.0,92572.002
2006-02-23 00:00:00,4.8285,4.8285,4.6428,4.6428,5142.0,23873.2776
2006-02-24 00:00:00,4.7357,4.7357,4.7357,4.7357,9325.0,44160.4025
2006-02-27 00:00:00,4.8285,4.8285,4.8285,4.8285,2674.0,12911.409
2006-02-28 00:00:00,4.8285,5.0143,4.8285,4.8285,10012.0,48342.942
2006-03-01 00:00:00,4.8285,4.9214,4.7357,4.9214,12991.0,63933.907400000004
2006-03-02 00:00:00,5.0143,5.3857,5.0143,5.3857,25228.0,135870.4396
2006-03-03 00:00:00,5.4785,6.1285,5.4785,5.5714,62422.0,347777.9308
2006-03-06 00:00:00,5.6643,6.5928,5.6643,6.5928,48046.0,316757.66880000004
2006-03-07 00:00:00,6.3142,6.5,5.7571,6.3142,42240.0,266711.80799999996
2006-03-08 00:00:00,6.0357,6.0357,5.85,5.85,8619.0,50421.149999999994
2006-03-09 00:00:00,5.85,5.85,5.85,5.85,1615.0,9447.75
2006-03-10 00:00:00,5.85,5.85,5.7571,5.85,4170.0,24394.5
2006-03-13 00:00:00,6.1285,6.1285,5.6643,5.7571,4415.0,25417.5965
2006-03-14 00:00:00,5.85,6.2214,5.7571,5.85,35029.0,204919.65
2006-03-15 00:00:00,5.9428,6.5928,5.9428,6.5,41839.0,271953.5
2006-03-16 00:00:00,6.3142,6.5928,6.3142,6.4071,52107.0,333854.7597
2006-03-17 00:00:00,6.3142,6.4071,6.0357,6.1285,15239.0,93392.21149999999
2006-03-20 00:00:00,6.1285,6.1285,5.9428,5.9428,9574.0,56896.3672
2006-03-21 00:00:00,5.9428,6.0357,5.85,5.85,5255.0,30741.749999999996
2006-03-22 00:00:00,5.9428,5.9428,5.6643,5.7571,12252.0,70535.98920000001
2006-03-23 00:00:00,5.7571,6.1285,5.7571,5.85,6094.0,35649.9
2006-03-24 00:00:00,6.0357,6.0357,5.7571,5.7571,8903.0,51255.4613
2006-03-27 00:00:00,5.7571,6.1285,5.6643,6.0357,22637.0,136630.1409
2006-03-28 00:00:00,6.0357,7.0571,6.0357,7.0571,78176.0,551695.8496
2006-03-29 00:00:00,7.2428,7.4285,6.9642,7.3357,70612.0,517988.4484
2006-03-30 00:00:00,7.4285,7.7071,6.8714,6.8714,45538.0,312909.81320000003
2006-03-31 00:00:00,7.0571,7.7071,7.0571,7.3357,33923.0,248848.9511
2006-04-03 00:00:00,7.5214,7.6142,7.2428,7.3357,59707.0,437992.6399
2006-04-04 00:00:00,7.2428,7.2428,6.7785,7.15,31726.0,226840.90000000002
2006-04-05 00:00:00,7.15,7.15,6.8714,6.9642,14555.0,101363.931
2006-04-06 00:00:00,6.9642,6.9642,6.6857,6.9642,10462.0,72859.4604
2006-04-07 00:00:00,6.9642,6.9642,6.6857,6.8714,7614.0,52318.83960000001
2006-04-10 00:00:00,6.8714,6.8714,6.6857,6.6857,1992.0,13317.9144
2006-04-11 00:00:00,6.9642,6.9642,6.2214,6.8714,12230.0,84037.22200000001
2006-04-12 00:00:00,6.5,6.6857,6.5,6.6857,2531.0,16921.506699999998
2006-04-13 00:00:00,6.5,6.9642,6.5,6.5928,8979.0,59196.751200000006
2006-04-18 00:00:00,6.5,6.5928,6.3142,6.5928,18986.0,125170.9008
2006-04-19 00:00:00,6.5,6.5,6.2214,6.3142,27926.0,176330.3492
2006-04-20 00:00:00,6.2214,6.5,6.2214,6.5,18482.0,120133.0
2006-04-21 00:00:00,6.2214,6.4071,6.1285,6.1285,13905.0,85216.7925
2006-04-24 00:00:00,6.3142,6.3142,5.85,5.85,28497.0,166707.44999999998
2006-04-26 00:00:00,5.85,6.0357,5.7571,5.9428,18203.0,108176.7884
2006-04-27 00:00:00,6.1285,6.2214,5.9428,6.2214,13336.0,82968.5904
2006-04-28 00:00:00,6.1285,6.1285,6.0357,6.0357,1346.0,8124.0522
2006-05-01 00:00:00,6.0357,6.0357,5.7571,5.7571,9063.0,52176.5973
2006-05-02 00:00:00,5.7571,6.0357,5.7571,5.9428,5605.0,33309.394
2006-05-03 00:00:00,5.9428,5.9428,5.6643,5.6643,11582.0,65603.9226
2006-05-04 00:00:00,5.7571,5.7571,5.5714,5.5714,12099.0,67408.3686
2006-05-05 00:00:00,5.7571,6.0357,5.7571,6.0357,5906.0,35646.8442
2006-05-08 00:00:00,6.0357,6.1285,5.9428,6.0357,7132.0,43046.612400000005
2006-05-09 00:00:00,5.9428,5.9428,5.85,5.85,8887.0,51988.95
2006-05-10 00:00:00,5.9428,6.2214,5.7571,6.2214,12531.0,77960.3634
2006-05-11 00:00:00,6.3142,6.9642,6.3142,6.9642,35683.0,248503.5486
2006-05-12 00:00:00,6.7785,6.7785,6.4071,6.7785,13462.0,91252.167
2006-05-15 00:00:00,6.7785,6.7785,6.0357,6.0357,20228.0,122090.13960000001
2006-05-16 00:00:00,6.0357,6.0357,5.4785,5.5714,36995.0,206113.943
2006-05-17 00:00:00,5.5714,6.1285,5.5714,6.0357,20986.0,126665.2002
2006-05-18 00:00:00,5.9428,5.9428,5.4785,5.9428,18367.0,109151.4076
2006-05-19 00:00:00,5.7571,5.9428,5.5714,5.6643,5261.0,29799.8823
2006-05-22 00:00:00,5.6643,5.6643,5.1071,5.1071,15077.0,76999.7467
2006-05-23 00:00:00,5.0143,5.0143,4.8285,4.8285,9988.0,48227.058
2006-05-24 00:00:00,5.2928,5.5714,5.2,5.2,6192.0,32198.4
2006-05-25 00:00:00,5.2,5.2,4.8285,4.8285,3668.0,17710.938
2006-05-26 00:00:00,5.1071,5.2,5.1071,5.2,7426.0,38615.200000000004
2006-05-29 00:00:00,5.2928,5.3857,5.2928,5.3857,5169.0,27838.6833
2006-05-30 00:00:00,5.3857,5.3857,5.2928,5.3857,4349.0,23422.4093
2006-05-31 00:00:00,5.2928,5.3857,5.2,5.3857,4867.0,26212.2019
2006-06-01 00:00:00,5.3857,5.6643,5.2,5.6643,9866.0,55883.9838
2006-06-02 00:00:00,5.6643,5.6643,5.2928,5.5714,2789.0,15538.6346
2006-06-05 00:00:00,5.3857,5.3857,5.3857,5.3857,366.0,1971.1662
2006-06-06 00:00:00,5.2928,5.2928,4.9214,4.9214,6862.0,33770.6468
2006-06-07 00:00:00,5.0143,5.4785,4.9214,5.0143,22380.0,112220.03400000001
2006-06-08 00:00:00,5.0143,5.0143,4.7357,4.7357,14054.0,66555.5278
2006-06-09 00:00:00,4.7357,4.8285,4.3643,4.55,14646.0,66639.3
2006-06-13 00:00:00,4.6428,4.6428,4.4571,4.6428,6882.0,31951.749600000003
2006-06-14 00:00:00,4.4571,4.55,4.2714,4.55,6200.0,28210.0
2006-06-15 00:00:00,4.55,4.6428,4.4571,4.6428,5234.0,24300.415200000003
2006-06-16 00:00:00,4.8285,4.8285,4.6428,4.7357,10376.0,49137.623199999995
2006-06-19 00:00:00,4.6428,4.6428,4.6428,4.6428,4087.0,18975.123600000003
2006-06-20 00:00:00,4.7357,4.8285,4.7357,4.8285,1688.0,8150.508
2006-06-21 00:00:00,4.8285,4.8285,4.6428,4.6428,1182.0,5487.7896
2006-06-22 00:00:00,4.8285,5.2,4.8285,5.0143,28874.0,144782.89820000003
2006-06-23 00:00:00,5.1071,5.1071,4.8285,4.8285,9037.0,43635.1545
2006-06-26 00:00:00,4.8285,4.8285,4.6428,4.8285,6135.0,29622.8475
2006-06-27 00:00:00,4.9214,4.9214,4.8285,4.9214,10805.0,53175.727
2006-06-28 00:00:00,4.9214,4.9214,4.8285,4.8285,2689.0,12983.8365
2006-06-29 00:00:00,4.8285,5.0143,4.7357,4.7357,11596.0,54915.1772
2006-06-30 00:00:00,4.8285,4.8285,4.7357,4.8285,7000.0,33799.5
2006-07-03 00:00:00,4.8285,5.0143,4.7357,5.0143,4984.0,24991.271200000003
2006-07-04 00:00:00,5.0143,5.9428,5.0143,5.6643,40794.0,231069.4542
2006-07-05 00:00:00,5.6643,5.7571,5.2928,5.2928,5412.0,28644.633599999997
2006-07-06 00:00:00,5.2928,5.3857,5.2928,5.3857,3176.0,17104.9832
2006-07-07 00:00:00,5.5714,5.6643,5.4785,5.6643,6930.0,39253.599
2006-07-10 00:00:00,5.6643,5.6643,5.5714,5.5714,3468.0,19321.6152
2006-07-11 00:00:00,5.4785,5.5714,5.4785,5.4785,9546.0,52297.761000000006
2006-07-12 00:00:00,5.3857,5.3857,5.3857,5.3857,323.0,1739.5810999999999
2006-07-13 00:00:00,5.3857,5.3857,5.2928,5.3857,2714.0,14616.7898
2006-07-14 00:00:00,5.2928,5.4785,5.1071,5.4785,2369.0,12978.5665
2006-07-17 00:00:00,5.3857,5.5714,5.2928,5.5714,4846.0,26999.004399999998
2006-07-18 00:00:00,5.5714,5.5714,5.2928,5.2928,3836.0,20303.1808
2006-07-19 00:00:00,5.3857,5.3857,5.2928,5.2928,6095.0,32259.615999999998
2006-07-20 00:00:00,5.2928,5.2928,5.1071,5.1071,16621.0,84885.1091
2006-07-21 00:00:00,5.1071,5.1071,5.0143,5.0143,14485.0,72632.1355
2006-07-24 00:00:00,5.0143,5.1071,5.0143,5.1071,3457.0,17655.2447
2006-07-25 00:00:00,5.2928,5.3857,5.1071,5.2,2195.0,11414.0
2006-07-26 00:00:00,5.2,5.2,5.1071,5.1071,1034.0,5280.7414
2006-07-27 00:00:00,5.1071,5.1071,5.1071,5.1071,10708.0,54686.8268
2006-07-28 00:00:00,5.1071,5.3857,5.1071,5.3857,9147.0,49262.9979
2006-07-31 00:00:00,5.2928,5.2928,5.1071,5.1071,17083.0,87244.58929999999
2006-08-01 00:00:00,5.1071,5.1071,5.0143,5.0143,2498.0,12525.7214
2006-08-02 00:00:00,5.0143,5.0143,4.8285,5.0143,2054.0,10299.372200000002
2006-08-03 00:00:00,4.8285,6.0357,4.8285,5.1071,157362.0,803663.4702
2006-08-04 00:00:00,5.2,5.4785,5.2,5.2928,18335.0,97043.488
2006-08-07 00:00:00,5.3857,5.3857,5.1071,5.1071,8919.0,45550.2249
2006-08-08 00:00:00,5.1071,5.2928,4.7357,5.0143,8240.0,41317.832
2006-08-09 00:00:00,5.1071,5.1071,4.8285,4.8285,3317.0,16016.1345
2006-08-10 00:00:00,4.8285,4.8285,4.6428,4.7357,7075.0,33505.0775
2006-08-11 00:00:00,4.7357,4.8285,4.7357,4.8285,2638.0,12737.583
2006-08-14 00:00:00,4.7357,4.7357,4.6428,4.6428,2692.0,12498.4176
2006-08-15 00:00:00,4.7357,4.7357,4.3643,4.6428,8556.0,39723.796800000004
2006-08-16 00:00:00,4.4571,4.4571,4.3643,4.4571,7000.0,31199.699999999997
2006-08-17 00:00:00,4.6428,4.6428,4.6428,4.6428,2035.0,9448.098
2006-08-18 00:00:00,4.55,4.55,4.55,4.55,1615.0,7348.25
2006-08-21 00:00:00,4.55,4.55,4.55,4.55,1269.0,5773.95
2006-08-22 00:00:00,4.6428,4.9214,4.55,4.9214,7862.0,38692.046800000004
2006-08-23 00:00:00,5.0143,5.1071,4.9214,5.0143,7735.0,38785.6105
2006-08-24 00:00:00,4.9214,4.9214,4.9214,4.9214,4830.0,23770.362
2006-08-25 00:00:00,4.9214,5.0143,4.9214,5.0143,9692.0,48598.5956
2006-08-28 00:00:00,4.9214,5.0143,4.8285,4.9214,10199.0,50193.3586
2006-08-29 00:00:00,4.9214,4.9214,4.9214,4.9214,3500.0,17224.9
2006-08-30 00:00:00,4.9214,5.0143,4.8285,4.8285,4448.0,21477.168
2006-08-31 00:00:00,4.9214,4.9214,4.9214,4.9214,1008.0,4960.7712
2006-09-01 00:00:00,4.9214,5.1071,4.9214,5.0143,12825.0,64308.39750000001
2006-09-04 00:00:00,5.2928,5.4785,4.9214,5.0143,29501.0,147926.86430000002
2006-09-05 00:00:00,4.9214,5.0143,4.8285,4.9214,1223.0,6018.872200000001
2006-09-06 00:00:00,4.9214,4.9214,4.8285,4.8285,6580.0,31771.53
2006-09-07 00:00:00,4.9214,4.9214,4.8285,4.9214,2836.0,13957.090400000001
2006-09-08 00:00:00,4.8285,4.9214,4.7357,4.7357,5869.0,27793.823299999996
2006-09-11 00:00:00,4.7357,4.7357,4.7357,4.7357,4091.0,19373.748699999996
2006-09-14 00:00:00,4.2714,4.2714,3.9,4.0857,21373.0,87323.6661
2006-09-15 00:00:00,4.1785,4.3643,4.0857,4.3643,7954.0,34713.6422
2006-09-19 00:00:00,4.3643,4.3643,4.1785,4.1785,4984.0,20825.643999999997
2006-09-20 00:00:00,4.1785,4.1785,3.7143,4.1785,7968.0,33294.288
2006-09-21 00:00:00,3.9,3.9,3.9,3.9,215.0,838.5
2006-09-22 00:00:00,3.9928,3.9928,3.8071,3.8071,3404.0,12959.368400000001
2006-09-25 00:00:00,3.9,4.1785,3.9,4.1785,4086.0,17073.351
2006-09-26 00:00:00,4.1785,4.1785,3.9928,3.9928,4519.0,18043.4632
2006-09-27 00:00:00,3.9928,3.9928,3.9928,3.9928,2154.0,8600.4912
2006-09-28 00:00:00,3.9,3.9,3.8071,3.8071,7153.0,27232.1863
2006-09-29 00:00:00,3.9,3.9928,3.9,3.9928,2890.0,11539.192
2006-10-02 00:00:00,3.9928,3.9928,3.9,3.9928,7151.0,28552.5128
2006-10-03 00:00:00,3.9928,4.1785,3.9928,4.1785,1077.0,4500.2445
2006-10-04 00:00:00,3.9928,3.9928,3.9928,3.9928,4308.0,17200.9824
2006-10-05 00:00:00,4.0857,4.0857,4.0857,4.0857,3769.0,15399.0033
2006-10-06 00:00:00,4.0857,4.0857,4.0857,4.0857,1217.0,4972.2969
2006-10-09 00:00:00,4.0857,4.0857,4.0857,4.0857,3317.0,13552.2669
2006-10-10 00:00:00,4.0857,4.0857,3.9928,4.0857,10848.0,44321.6736
2006-10-11 00:00:00,4.1785,4.1785,4.0857,4.1785,4344.0,18151.404
2006-10-12 00:00:00,4.1785,4.55,4.1785,4.4571,27867.0,124206.0057
2006-10-13 00:00:00,4.55,4.55,4.1785,4.1785,11736.0,49038.876
2006-10-16 00:00:00,4.1785,4.4571,4.1785,4.3643,7097.0,30973.4371
2006-10-17 00:00:00,4.2714,4.2714,4.2714,4.2714,538.0,2298.0132
2006-10-18 00:00:00,4.1785,4.2714,4.1785,4.1785,9962.0,41626.217
2006-10-19 00:00:00,4.1785,4.1785,4.0857,4.0857,4868.0,19889.1876
2006-10-20 00:00:00,4.0857,4.0857,4.0857,4.0857,1238.0,5058.0966
2006-10-23 00:00:00,4.0857,4.2714,3.9928,3.9928,4135.0,16510.228
2006-10-24 00:00:00,4.1785,4.1785,3.9928,4.0857,2154.0,8800.5978
2006-10-25 00:00:00,4.2714,4.3643,4.2714,4.2714,16761.0,71592.9354
2006-10-26 00:00:00,4.3643,4.3643,4.1785,4.2714,2800.0,11959.92
2006-10-27 00:00:00,4.3643,4.4571,4.2714,4.3643,9585.0,41831.815500000004
2006-10-30 00:00:00,4.3643,4.3643,4.2714,4.2714,7862.0,33581.7468
2006-10-31 00:00:00,4.2714,4.2714,4.0857,4.0857,5996.0,24497.857200000002
2006-11-01 00:00:00,4.1785,4.2714,4.0857,4.1785,2799.0,11695.6215
2006-11-02 00:00:00,4.3643,4.3643,4.3643,4.3643,7491.0,32692.9713
2006-11-03 00:00:00,4.2714,4.3643,4.2714,4.3643,11254.0,49115.832200000004
2006-11-06 00:00:00,4.3643,4.6428,4.3643,4.4571,9321.0,41544.6291
2006-11-07 00:00:00,4.4571,5.2,4.4571,5.1071,58649.0,299526.3079
2006-11-08 00:00:00,5.2,5.2928,4.9214,5.1071,24267.0,123933.9957
2006-11-09 00:00:00,5.1071,5.1071,4.7357,4.9214,19634.0,96626.7676
2006-11-10 00:00:00,4.9214,5.1071,4.9214,5.0143,12905.0,64709.54150000001
2006-11-13 00:00:00,5.0143,5.9428,5.0143,5.4785,169200.0,926962.2000000001
2006-11-14 00:00:00,5.2,5.2,4.9214,5.1071,22369.0,114240.7199
2006-11-15 00:00:00,5.1071,5.1071,4.7357,4.8285,18576.0,89694.216
2006-11-16 00:00:00,5.1071,5.1071,4.9214,4.9214,7052.0,34705.7128
2006-11-17 00:00:00,4.8285,4.9214,4.8285,4.9214,15119.0,74406.64660000001
2006-11-20 00:00:00,4.9214,4.9214,4.7357,4.7357,14630.0,69283.291
2006-11-21 00:00:00,4.8285,4.8285,4.7357,4.8285,8583.0,41443.0155
2006-11-22 00:00:00,4.8285,4.8285,4.7357,4.8285,7478.0,36107.523
2006-11-23 00:00:00,4.8285,4.9214,4.8285,4.8285,6954.0,33577.389
2006-11-24 00:00:00,4.9214,5.2928,4.9214,5.2928,28375.0,150183.19999999998
2006-11-27 00:00:00,5.2928,5.2928,4.9214,4.9214,13157.0,64750.859800000006
2006-11-28 00:00:00,5.1071,5.4785,5.0143,5.3857,28610.0,154084.877
2006-11-29 00:00:00,5.5714,5.7571,5.2928,5.3857,79528.0,428313.9496
2006-11-30 00:00:00,5.3857,5.5714,5.2928,5.4785,10601.0,58077.5785
2006-12-01 00:00:00,5.5714,5.5714,5.3857,5.4785,14051.0,76978.4035
2006-12-04 00:00:00,5.4785,5.5714,5.3857,5.3857,18295.0,98531.3815
2006-12-05 00:00:00,5.2928,5.4785,5.2928,5.3857,10818.0,58262.5026
2006-12-06 00:00:00,5.2928,5.5714,5.2928,5.5714,10870.0,60561.117999999995
2006-12-07 00:00:00,5.4785,5.85,5.4785,5.85,34812.0,203650.19999999998
2006-12-08 00:00:00,5.9428,6.1285,5.7571,5.85,54839.0,320808.14999999997
2006-12-11 00:00:00,5.85,5.85,5.6643,5.7571,27280.0,157053.688
2006-12-12 00:00:00,5.85,6.3142,5.85,5.85,48643.0,284561.55
2006-12-13 00:00:00,6.0357,6.0357,5.7571,5.85,7372.0,43126.2
2006-12-14 00:00:00,5.85,5.9428,5.6643,5.7571,8426.0,48509.3246
2006-12-15 00:00:00,5.7571,5.7571,5.6643,5.6643,6854.0,38823.112199999996
2006-12-18 00:00:00,5.6643,5.6643,5.3857,5.4785,14360.0,78671.26000000001
2006-12-19 00:00:00,5.3857,5.4785,5.3857,5.3857,8785.0,47313.3745
2006-12-20 00:00:00,5.3857,5.3857,5.3857,5.3857,2423.0,13049.5511
2006-12-21 00:00:00,5.4785,5.5714,5.3857,5.3857,10791.0,58117.0887
2006-12-22 00:00:00,5.3857,5.6643,5.2928,5.5714,16780.0,93488.09199999999
2006-12-27 00:00:00,5.5714,5.5714,5.5714,5.5714,7969.0,44398.4866
2006-12-28 00:00:00,5.5714,5.85,5.5714,5.85,3898.0,22803.3
2006-12-29 00:00:00,5.7571,5.7571,5.6643,5.6643,4251.0,24078.9393
2007-01-02 00:00:00,5.6643,5.7571,5.5714,5.6643,9187.0,52037.9241
2007-01-03 00:00:00,5.85,7.7071,5.85,7.7071,335625.0,2586695.4375
2007-01-04 00:00:00,7.5214,8.2642,6.8714,7.2428,201505.0,1459460.4139999999
2007-01-05 00:00:00,7.2428,7.4285,6.8714,6.9642,42525.0,296152.605
2007-01-08 00:00:00,6.9642,6.9642,6.4071,6.4071,66279.0,424656.1809
2007-01-09 00:00:00,6.5928,6.9642,6.5928,6.9642,17809.0,124025.4378
2007-01-10 00:00:00,6.9642,6.9642,6.6857,6.6857,10221.0,68334.5397
2007-01-11 00:00:00,6.7785,6.8714,6.5928,6.5928,18176.0,119830.73280000001
2007-01-12 00:00:00,6.6857,6.8714,6.5,6.5,24991.0,162441.5
2007-01-15 00:00:00,6.7785,6.8714,6.6857,6.8714,10916.0,75008.20240000001
2007-01-16 00:00:00,6.9642,7.2428,6.8714,7.0571,28349.0,200061.7279
2007-01-17 00:00:00,7.15,7.15,6.7785,7.0571,7560.0,53351.676
2007-01-18 00:00:00,6.8714,7.0571,6.6857,6.7785,9714.0,65846.349
2007-01-19 00:00:00,6.7785,6.7785,6.6857,6.6857,7407.0,49520.9799
2007-01-22 00:00:00,6.7785,7.15,6.7785,7.15,29167.0,208544.05000000002
2007-01-23 00:00:00,7.15,7.7071,7.0571,7.7071,69975.0,539304.3225
2007-01-24 00:00:00,7.8928,8.7285,7.8928,8.5428,230253.0,1967005.3284
2007-01-25 00:00:00,8.0785,8.0785,6.1285,6.4071,316778.0,2029628.3238
2007-01-29 00:00:00,6.4071,6.5,5.7571,5.7571,164059.0,944504.0689000001
2007-01-30 00:00:00,5.7571,6.2214,5.7571,5.85,58834.0,344178.89999999997
2007-01-31 00:00:00,6.0357,6.0357,5.7571,5.85,26454.0,154755.9
2007-02-01 00:00:00,5.9428,6.0357,5.85,5.85,34023.0,199034.55
2007-02-02 00:00:00,6.0357,6.0357,5.7571,5.7571,30763.0,177105.6673
2007-02-05 00:00:00,5.7571,5.7571,5.4785,5.5714,24274.0,135240.1636
2007-02-06 00:00:00,5.3857,5.4785,5.2,5.3857,28966.0,156002.1862
2007-02-07 00:00:00,5.3857,5.3857,5.1071,5.2,14573.0,75779.6
2007-02-08 00:00:00,5.2,5.2928,5.1071,5.2,6852.0,35630.4
2007-02-09 00:00:00,5.2,5.2928,5.1071,5.2,10013.0,52067.6
2007-02-12 00:00:00,5.2,5.2,5.1071,5.1071,9788.0,49988.2948
2007-02-13 00:00:00,5.1071,5.2928,5.1071,5.2,5421.0,28189.2
2007-02-14 00:00:00,5.2,5.4785,5.2,5.2928,8344.0,44163.123199999995
2007-02-15 00:00:00,5.3857,5.4785,5.2928,5.2928,5993.0,31719.750399999997
2007-02-16 00:00:00,5.2,5.3857,4.9214,5.1071,19424.0,99200.3104
2007-02-19 00:00:00,5.4785,5.9428,5.3857,5.9428,80113.0,476095.5364
2007-02-20 00:00:00,6.2214,6.8714,6.2214,6.7785,214431.0,1453520.5335000001
2007-02-21 00:00:00,6.7785,6.7785,6.3142,6.4071,80103.0,513227.9313
2007-02-22 00:00:00,6.6857,6.7785,6.5928,6.6857,27549.0,184184.3493
2007-02-23 00:00:00,6.6857,6.6857,6.3142,6.4071,23256.0,149003.5176
2007-02-26 00:00:00,6.3142,6.4071,6.0357,6.1285,24076.0,147549.766
2007-02-27 00:00:00,6.6857,6.8714,6.5928,6.7785,51716.0,350556.906
2007-02-28 00:00:00,5.9428,6.5,5.85,6.4071,63562.0,407248.0902
2007-03-01 00:00:00,6.4071,6.5928,6.3142,6.5,20229.0,131488.5
2007-03-02 00:00:00,6.4071,6.5,6.2214,6.2214,15598.0,97041.3972
2007-03-05 00:00:00,6.4071,6.4071,6.0357,6.1285,18023.0,110453.9555
2007-03-06 00:00:00,6.1285,6.5,6.0357,6.1285,19887.0,121877.4795
2007-03-07 00:00:00,6.3142,6.6857,6.3142,6.5,27334.0,177671.0
2007-03-08 00:00:00,6.5928,6.5928,6.4071,6.5,11100.0,72150.0
2007-03-09 00:00:00,6.5,6.6857,6.4071,6.5928,28445.0,187532.19600000003
2007-03-12 00:00:00,6.6857,7.7071,6.5928,7.5214,131363.0,988033.6682
2007-03-13 00:00:00,7.5214,7.6142,6.8714,6.9642,28041.0,195283.1322
2007-03-14 00:00:00,6.7785,6.7785,6.5,6.7785,18014.0,122107.899
2007-03-15 00:00:00,6.7785,7.0571,6.5928,6.9642,27132.0,188952.6744
2007-03-16 00:00:00,7.0571,7.2428,6.9642,7.15,30139.0,215493.85
2007-03-19 00:00:00,7.15,7.5214,7.15,7.3357,31627.0,232006.1839
2007-03-20 00:00:00,7.4285,7.5214,7.15,7.15,28165.0,201379.75
2007-03-21 00:00:00,7.3357,7.5214,6.9642,6.9642,23587.0,164264.5854
2007-03-22 00:00:00,7.3357,7.3357,7.2428,7.3357,4401.0,32284.4157
2007-03-23 00:00:00,7.3357,8.3571,7.3357,8.3571,253186.0,2115900.7206
2007-03-26 00:00:00,8.5428,13.4642,8.5428,11.1428,449611.0,5009925.4508
2007-03-27 00:00:00,11.1428,11.6071,9.7499,10.6785,93675.0,1000308.4874999999
2007-03-28 00:00:00,11.1428,13.4642,11.1428,12.5356,187825.0,2354499.0700000003
2007-03-29 00:00:00,12.9999,15.3213,12.5356,15.3213,232154.0,3556901.0802
2007-03-30 00:00:00,15.3213,16.7142,13.9285,14.3928,165100.0,2376251.28
2007-04-02 00:00:00,15.7856,16.2499,14.8571,14.8571,123071.0,1828478.1541000002
2007-04-03 00:00:00,15.7856,17.6428,15.3213,17.1785,139668.0,2399286.738
2007-04-04 00:00:00,17.6428,18.5713,16.2499,16.2499,172596.0,2804667.7404
2007-04-05 00:00:00,16.7142,16.7142,15.7856,16.2499,38656.0,628156.1344
2007-04-10 00:00:00,17.1785,19.0356,16.2499,18.5713,161429.0,2997946.3877000003
2007-04-11 00:00:00,19.4999,20.4285,18.5713,18.5713,108980.0,2023900.274
2007-04-12 00:00:00,19.0356,19.4999,17.6428,18.107,49082.0,888727.774
2007-04-13 00:00:00,17.6428,19.0356,17.1785,17.6428,49193.0,867902.2604
2007-04-16 00:00:00,18.107,19.9642,17.1785,19.4999,82819.0,1614962.2181
2007-04-17 00:00:00,19.0356,19.4999,16.7142,17.1785,50407.0,865916.6494999999
2007-04-18 00:00:00,16.7142,17.1785,15.7856,16.2499,45896.0,745805.4104
2007-04-19 00:00:00,16.7142,17.6428,16.2499,16.7142,30808.0,514931.07360000006
2007-04-20 00:00:00,16.7142,17.1785,16.2499,16.7142,8245.0,137808.57900000003
2007-04-23 00:00:00,18.107,19.0356,17.6428,18.5713,74011.0,1374480.4843000001
2007-04-24 00:00:00,18.5713,18.5713,16.7142,17.1785,27221.0,467615.9485
2007-04-26 00:00:00,17.6428,18.5713,17.6428,17.6428,37896.0,668591.5488
2007-04-27 00:00:00,18.5713,18.5713,17.6428,18.107,16338.0,295832.16599999997
2007-04-30 00:00:00,19.0356,22.2856,18.5713,20.4285,272956.0,5576081.646
2007-05-01 00:00:00,19.9642,20.4285,19.0356,19.0356,75019.0,1428031.6764
2007-05-02 00:00:00,19.0356,19.4999,18.5713,19.0356,40204.0,765307.2624
2007-05-03 00:00:00,16.7142,18.5713,15.7856,18.107,98596.0,1785277.7719999999
2007-05-04 00:00:00,17.6428,18.107,16.7142,17.6428,63781.0,1125275.4268
2007-05-07 00:00:00,17.6428,17.6428,16.2499,16.2499,39242.0,637678.5758
2007-05-08 00:00:00,16.2499,16.7142,16.2499,16.7142,13572.0,226845.12240000002
2007-05-09 00:00:00,16.7142,16.7142,15.7856,16.2499,29607.0,481110.7893
2007-05-10 00:00:00,15.7856,16.2499,14.8571,14.8571,41196.0,612053.0916
2007-05-11 00:00:00,14.8571,14.8571,13.4642,14.3928,60433.0,869800.0824
2007-05-14 00:00:00,14.8571,15.3213,14.3928,14.3928,32329.0,465304.83119999996
2007-05-15 00:00:00,14.8571,14.8571,13.9285,14.3928,12150.0,174872.52
2007-05-16 00:00:00,14.3928,14.3928,13.4642,13.9285,21918.0,305284.863
2007-05-17 00:00:00,13.9285,14.3928,13.4642,13.4642,10633.0,143164.8386
2007-05-18 00:00:00,13.4642,14.3928,13.4642,13.9285,11621.0,161863.0985
2007-05-21 00:00:00,13.9285,13.9285,13.4642,13.4642,6478.0,87221.0876
2007-05-22 00:00:00,13.9285,16.2499,13.9285,16.2499,46645.0,757976.5855
2007-05-23 00:00:00,16.2499,16.2499,15.3213,15.7856,24215.0,382248.304
2007-05-24 00:00:00,15.7856,15.7856,14.3928,14.3928,16489.0,237322.8792
2007-05-25 00:00:00,14.3928,14.8571,13.9285,13.9285,19940.0,277734.29
2007-05-28 00:00:00,13.9285,14.3928,13.4642,13.9285,12667.0,176432.3095
2007-05-29 00:00:00,13.9285,13.9285,12.9999,13.4642,18424.0,248064.4208
2007-05-30 00:00:00,13.9285,13.9285,12.5356,12.9999,14414.0,187380.5586
2007-05-31 00:00:00,12.5356,13.4642,12.5356,12.9999,12876.0,167386.7124
2007-06-01 00:00:00,12.5356,13.4642,12.0714,12.5356,18330.0,229777.548
2007-06-04 00:00:00,12.5356,13.9285,12.5356,12.9999,14097.0,183259.5903
2007-06-05 00:00:00,13.9285,13.9285,12.9999,13.4642,6704.0,90263.9968
2007-06-06 00:00:00,12.9999,13.4642,12.5356,12.5356,6827.0,85580.5412
2007-06-07 00:00:00,12.5356,13.4642,12.5356,12.9999,4484.0,58291.5516
2007-06-08 00:00:00,12.5356,12.5356,11.6071,12.5356,16638.0,208567.3128
2007-06-12 00:00:00,12.0714,12.5356,11.6071,11.6071,14996.0,174060.07160000002
2007-06-13 00:00:00,11.1428,11.1428,10.6785,11.1428,18930.0,210933.204
2007-06-14 00:00:00,11.6071,12.9999,11.1428,12.5356,38888.0,487484.41280000005
2007-06-15 00:00:00,12.5356,12.5356,11.1428,11.6071,17205.0,199700.15550000002
2007-06-18 00:00:00,11.1428,12.5356,11.1428,12.0714,35218.0,425130.5652
2007-06-19 00:00:00,12.0714,12.0714,11.1428,11.6071,8996.0,104417.4716
2007-06-20 00:00:00,12.0714,14.8571,12.0714,14.3928,138212.0,1989257.6735999999
2007-06-21 00:00:00,13.9285,14.3928,13.4642,13.4642,23416.0,315277.7072
2007-06-22 00:00:00,13.4642,13.9285,12.5356,12.5356,13553.0,169894.9868
2007-06-25 00:00:00,12.9999,13.4642,12.5356,12.9999,10936.0,142166.9064
2007-06-26 00:00:00,13.4642,13.4642,12.5356,12.5356,21749.0,272636.7644
2007-06-27 00:00:00,12.5356,12.9999,12.0714,12.0714,7397.0,89292.1458
2007-06-28 00:00:00,12.0714,12.5356,11.6071,12.0714,5909.0,71329.9026
2007-06-29 00:00:00,12.0714,12.0714,11.1428,11.1428,16686.0,185928.7608
2007-07-02 00:00:00,11.6071,12.0714,11.1428,12.0714,9126.0,110163.59640000001
2007-07-03 00:00:00,12.5356,12.9999,12.0714,12.0714,11792.0,142345.9488
2007-07-04 00:00:00,12.5356,13.4642,12.5356,13.4642,16661.0,224327.0362
2007-07-05 00:00:00,13.4642,13.4642,12.5356,12.5356,10342.0,129643.17520000001
2007-07-06 00:00:00,12.9999,12.9999,12.5356,12.5356,5142.0,64458.0552
2007-07-09 00:00:00,12.5356,12.5356,11.6071,11.6071,15069.0,174907.3899
2007-07-10 00:00:00,11.6071,12.0714,11.6071,11.6071,6101.0,70814.9171
2007-07-11 00:00:00,11.6071,11.6071,10.2142,11.1428,30739.0,342518.5292
2007-07-12 00:00:00,10.6785,11.1428,9.7499,9.7499,12176.0,118714.7824
2007-07-13 00:00:00,10.6785,12.5356,10.6785,11.6071,92011.0,1067980.8781
2007-07-16 00:00:00,12.0714,12.5356,11.6071,11.6071,26522.0,307843.5062
2007-07-17 00:00:00,12.0714,12.0714,11.1428,12.0714,6138.0,74094.2532
2007-07-18 00:00:00,12.0714,12.0714,11.1428,11.6071,6683.0,77570.24930000001
2007-07-19 00:00:00,11.6071,12.0714,10.6785,11.1428,8785.0,97889.49799999999
2007-07-20 00:00:00,11.1428,11.1428,10.2142,11.1428,23618.0,263170.6504
2007-07-23 00:00:00,11.1428,11.1428,10.6785,10.6785,2702.0,28853.307
2007-07-24 00:00:00,11.1428,11.6071,10.2142,10.2142,21284.0,217399.0328
2007-07-25 00:00:00,10.6785,11.1428,10.6785,10.6785,6031.0,64402.0335
2007-07-26 00:00:00,11.1428,11.6071,10.6785,10.6785,8927.0,95326.96949999999
2007-07-27 00:00:00,10.2142,10.6785,9.7499,10.2142,13038.0,133172.7396
2007-07-30 00:00:00,10.2142,10.6785,10.2142,10.2142,10822.0,110538.0724
2007-07-31 00:00:00,10.6785,10.6785,10.2142,10.2142,17893.0,182762.6806
2007-08-01 00:00:00,10.2142,10.2142,9.2857,9.2857,26987.0,250593.1859
2007-08-02 00:00:00,9.7499,10.2142,9.2857,9.2857,16910.0,157021.187
2007-08-03 00:00:00,11.6071,14.3928,11.6071,14.3928,226040.0,3253348.5119999996
2007-08-06 00:00:00,13.4642,13.9285,12.5356,12.9999,107890.0,1402559.2110000001
2007-08-07 00:00:00,13.4642,13.4642,12.0714,12.9999,63025.0,819318.6975
2007-08-08 00:00:00,12.9999,13.4642,12.5356,12.5356,26236.0,328884.0016
2007-08-09 00:00:00,12.9999,13.4642,12.5356,12.5356,19247.0,241272.6932
2007-08-10 00:00:00,12.0714,12.5356,11.6071,12.5356,33366.0,418262.8296
2007-08-13 00:00:00,12.5356,12.5356,11.1428,11.6071,26521.0,307831.89910000004
2007-08-14 00:00:00,12.0714,12.5356,11.6071,12.0714,22321.0,269445.7194
2007-08-15 00:00:00,12.0714,12.0714,11.1428,11.6071,16845.0,195521.5995
2007-08-16 00:00:00,11.1428,11.1428,9.2857,10.6785,35725.0,381489.4125
2007-08-17 00:00:00,10.6785,10.6785,10.2142,10.2142,7942.0,81121.1764
2007-08-20 00:00:00,11.1428,11.6071,10.6785,11.6071,15304.0,177635.0584
2007-08-21 00:00:00,11.1428,11.6071,10.6785,11.6071,17280.0,200570.68800000002
2007-08-22 00:00:00,11.1428,11.1428,11.1428,11.1428,6488.0,72294.4864
2007-08-23 00:00:00,11.1428,11.6071,10.6785,11.1428,15899.0,177159.3772
2007-08-24 00:00:00,10.6785,11.1428,10.6785,11.1428,16518.0,184056.77039999998
2007-08-27 00:00:00,10.6785,11.1428,10.6785,10.6785,8552.0,91322.53199999999
2007-08-28 00:00:00,10.6785,10.6785,10.6785,10.6785,7045.0,75230.0325
2007-08-29 00:00:00,10.6785,10.6785,10.2142,10.6785,5794.0,61871.229
2007-08-30 00:00:00,10.6785,11.1428,10.6785,10.6785,15112.0,161373.492
2007-08-31 00:00:00,11.1428,11.1428,10.6785,10.6785,5277.0,56350.4445
2007-09-03 00:00:00,11.1428,11.1428,11.1428,11.1428,8431.0,93944.94679999999
2007-09-04 00:00:00,11.1428,11.6071,10.6785,11.1428,12175.0,135663.59
2007-09-05 00:00:00,11.1428,11.1428,10.6785,11.1428,9342.0,104096.0376
2007-09-06 00:00:00,10.2142,10.6785,10.2142,10.6785,5458.0,58283.253
2007-09-07 00:00:00,10.2142,11.1428,10.2142,10.6785,8032.0,85769.712
2007-09-10 00:00:00,11.1428,11.1428,10.2142,10.6785,9227.0,98530.5195
2007-09-11 00:00:00,10.6785,11.1428,10.2142,10.2142,8321.0,84992.3582
2007-09-12 00:00:00,11.1428,11.1428,10.6785,10.6785,1293.0,13807.3005
2007-09-13 00:00:00,10.6785,10.6785,10.6785,10.6785,1690.0,18046.665
2007-09-14 00:00:00,10.6785,11.1428,10.6785,11.1428,6874.0,76595.6072
2007-09-17 00:00:00,11.6071,12.5356,11.6071,12.0714,45679.0,551409.4806
2007-09-18 00:00:00,12.0714,12.5356,11.6071,11.6071,13801.0,160189.5871
2007-09-19 00:00:00,12.0714,12.0714,11.1428,11.1428,4706.0,52438.0168
2007-09-20 00:00:00,11.1428,11.6071,11.1428,11.6071,3306.0,38373.0726
2007-09-21 00:00:00,11.1428,11.6071,11.1428,11.6071,82800.0,961067.8800000001
2007-09-24 00:00:00,12.0714,12.9999,12.0714,12.9999,48211.0,626738.1789
2007-09-25 00:00:00,12.9999,12.9999,12.0714,12.5356,21895.0,274466.962
2007-09-26 00:00:00,12.9999,13.4642,12.5356,12.9999,21433.0,278626.8567
2007-09-27 00:00:00,12.9999,13.4642,12.9999,12.9999,14971.0,194621.5029
2007-09-28 00:00:00,13.4642,13.4642,12.9999,12.9999,12598.0,163772.7402
2007-10-01 00:00:00,12.9999,12.9999,12.9999,12.9999,1241.0,16132.875900000001
2007-10-02 00:00:00,13.4642,13.4642,12.9999,12.9999,13060.0,169778.694
2007-10-03 00:00:00,12.9999,12.9999,12.5356,12.5356,8551.0,107191.91560000001
2007-10-04 00:00:00,12.5356,12.5356,12.5356,12.5356,3399.0,42608.504400000005
2007-10-05 00:00:00,12.5356,12.9999,12.5356,12.9999,2422.0,31485.7578
2007-10-08 00:00:00,12.5356,12.9999,12.0714,12.5356,3839.0,48124.1684
2007-10-09 00:00:00,12.5356,12.9999,12.5356,12.9999,6865.0,89244.3135
2007-10-10 00:00:00,12.5356,12.9999,12.5356,12.5356,7082.0,88777.1192
2007-10-11 00:00:00,12.5356,12.9999,12.5356,12.5356,5632.0,70600.4992
2007-10-12 00:00:00,12.9999,13.9285,12.9999,13.9285,58581.0,815945.4585
2007-10-15 00:00:00,14.8571,16.2499,14.3928,15.7856,84753.0,1337876.9568
2007-10-16 00:00:00,15.7856,15.7856,14.8571,15.3213,45661.0,699585.8793
2007-10-17 00:00:00,15.3213,15.3213,14.8571,14.8571,29889.0,444063.8619
2007-10-18 00:00:00,15.3213,15.3213,14.3928,14.3928,11415.0,164293.812
2007-10-19 00:00:00,14.8571,17.1785,14.8571,17.1785,66200.0,1137216.7
2007-10-22 00:00:00,15.7856,15.7856,14.8571,15.3213,19081.0,292345.7253
2007-10-23 00:00:00,15.7856,17.1785,15.7856,15.7856,27613.0,435887.77280000004
2007-10-24 00:00:00,16.7142,16.7142,15.7856,16.2499,26050.0,423309.895
2007-10-25 00:00:00,16.2499,16.7142,15.7856,15.7856,20329.0,320905.4624
2007-10-26 00:00:00,16.2499,16.7142,15.7856,16.2499,4876.0,79234.5124
2007-10-29 00:00:00,16.7142,16.7142,15.3213,16.2499,25403.0,412796.2097
2007-10-30 00:00:00,16.2499,16.7142,15.7856,16.7142,24468.0,408963.04560000007
2007-10-31 00:00:00,16.7142,18.5713,16.2499,18.107,52933.0,958457.831
2007-11-01 00:00:00,18.107,19.4999,18.107,18.5713,60064.0,1115466.5632
2007-11-02 00:00:00,18.107,18.5713,17.1785,18.107,25378.0,459519.446
2007-11-05 00:00:00,18.5713,18.5713,17.6428,17.6428,21555.0,380290.554
2007-11-06 00:00:00,17.1785,18.5713,17.1785,18.5713,21802.0,404891.48260000005
2007-11-07 00:00:00,18.5713,18.5713,16.7142,17.6428,14660.0,258643.448
2007-11-08 00:00:00,16.7142,16.7142,15.7856,16.2499,28569.0,464243.3931
2007-11-09 00:00:00,16.7142,17.1785,15.7856,16.2499,16931.0,275127.0569
2007-11-12 00:00:00,16.2499,16.2499,15.3213,15.3213,10143.0,155403.94590000002
2007-11-13 00:00:00,15.3213,15.7856,14.8571,15.3213,24636.0,377455.5468
2007-11-14 00:00:00,15.3213,15.7856,14.8571,15.7856,7876.0,124327.38560000001
2007-11-15 00:00:00,15.3213,15.3213,14.8571,14.8571,5745.0,85354.0395
2007-11-16 00:00:00,14.8571,14.8571,14.3928,14.8571,6591.0,97923.14610000001
2007-11-19 00:00:00,14.8571,15.7856,14.8571,15.7856,16030.0,253043.168
2007-11-20 00:00:00,15.7856,16.2499,15.7856,16.2499,45864.0,745285.4136
2007-11-21 00:00:00,16.2499,16.7142,15.7856,16.7142,11666.0,194987.85720000003
2007-11-22 00:00:00,15.7856,16.7142,15.3213,15.3213,17933.0,274756.8729
2007-11-23 00:00:00,15.3213,15.7856,14.8571,15.7856,50297.0,793968.3232
2007-11-26 00:00:00,16.7142,17.1785,15.7856,16.7142,21892.0,365907.2664
2007-11-27 00:00:00,16.7142,18.5713,16.2499,18.5713,50278.0,933727.8214
2007-11-28 00:00:00,19.0356,19.0356,17.6428,17.6428,30100.0,531048.28
2007-11-29 00:00:00,18.107,18.107,17.1785,17.6428,15312.0,270146.55360000004
2007-11-30 00:00:00,18.5713,18.5713,17.1785,17.1785,17384.0,298631.044
2007-12-03 00:00:00,17.6428,17.6428,17.1785,17.1785,10799.0,185510.6215
2007-12-04 00:00:00,17.1785,17.1785,15.7856,15.7856,13580.0,214368.448
2007-12-05 00:00:00,15.7856,16.2499,15.7856,16.2499,3217.0,52275.9283
2007-12-06 00:00:00,16.2499,16.7142,16.2499,16.7142,3286.0,54922.86120000001
2007-12-07 00:00:00,16.7142,16.7142,15.7856,16.2499,9564.0,155414.0436
2007-12-10 00:00:00,16.2499,16.2499,15.3213,15.3213,15260.0,233803.038
2007-12-11 00:00:00,15.3213,16.2499,15.3213,15.7856,14757.0,232948.0992
2007-12-12 00:00:00,15.7856,15.7856,15.3213,15.7856,6215.0,98107.504
2007-12-13 00:00:00,15.7856,15.7856,15.3213,15.7856,4565.0,72061.264
2007-12-14 00:00:00,15.7856,15.7856,14.8571,14.8571,6429.0,95516.29590000001
2007-12-17 00:00:00,15.3213,15.7856,14.8571,15.3213,4150.0,63583.395000000004
2007-12-18 00:00:00,15.3213,15.3213,13.4642,13.9285,27185.0,378646.27249999996
2007-12-19 00:00:00,14.3928,14.3928,13.4642,13.4642,7033.0,94693.7186
2007-12-20 00:00:00,13.4642,13.4642,12.5356,12.9999,9407.0,122290.05930000001
2007-12-21 00:00:00,12.9999,14.3928,12.9999,14.3928,8859.0,127505.8152
2007-12-24 00:00:00,14.3928,15.3213,14.3928,14.8571,2293.0,34067.3303
2007-12-27 00:00:00,14.8571,14.8571,14.3928,14.3928,2115.0,30440.771999999997
2007-12-28 00:00:00,13.9285,14.3928,12.9999,13.4642,2708.0,36461.0536
2007-12-31 00:00:00,13.4642,14.3928,13.4642,14.3928,614.0,8837.1792
2008-01-02 00:00:00,13.4642,13.9285,13.4642,13.9285,1752.0,24402.732
2008-01-03 00:00:00,13.9285,13.9285,12.9999,12.9999,3568.0,46383.6432
2008-01-04 00:00:00,13.4642,13.9285,12.9999,13.4642,4820.0,64897.444
2008-01-07 00:00:00,12.9999,13.9285,12.9999,13.9285,1081.0,15056.708499999999
2008-01-08 00:00:00,13.4642,13.9285,12.9999,13.9285,6555.0,91301.3175
2008-01-09 00:00:00,12.9999,13.4642,12.9999,13.4642,1378.0,18553.6676
2008-01-10 00:00:00,12.9999,13.4642,12.9999,12.9999,2208.0,28703.7792
2008-01-11 00:00:00,12.9999,12.9999,12.5356,12.9999,7173.0,93248.2827
2008-01-14 00:00:00,12.0714,12.5356,11.6071,12.5356,5165.0,64746.374
2008-01-15 00:00:00,12.5356,12.5356,12.0714,12.0714,4300.0,51907.020000000004
2008-01-16 00:00:00,11.6071,12.0714,11.1428,11.1428,16228.0,180825.3584
2008-01-17 00:00:00,10.6785,11.1428,10.2142,11.1428,6504.0,72472.7712
2008-01-18 00:00:00,11.1428,12.0714,11.1428,12.0714,7785.0,93975.849
2008-01-21 00:00:00,11.6071,11.6071,10.6785,10.6785,4865.0,51950.9025
2008-01-22 00:00:00,10.6785,10.6785,8.8214,9.2857,17917.0,166371.8869
2008-01-23 00:00:00,8.9142,10.6785,8.9142,10.2142,7196.0,73501.3832
2008-01-24 00:00:00,10.2142,10.6785,9.7499,10.6785,4393.0,46910.650499999996
2008-01-25 00:00:00,10.6785,10.6785,10.2142,10.6785,6001.0,64081.678499999995
2008-01-29 00:00:00,10.6785,10.6785,10.2142,10.2142,9428.0,96299.4776
2008-01-30 00:00:00,10.6785,10.6785,9.7499,9.7499,4523.0,44098.7977
2008-01-31 00:00:00,9.7499,10.2142,9.7499,9.7499,5409.0,52737.2091
2008-02-01 00:00:00,10.2142,11.1428,10.2142,10.6785,2328.0,24859.548
2008-02-04 00:00:00,10.6785,10.6785,10.6785,10.6785,1400.0,14949.9
2008-02-05 00:00:00,10.2142,10.6785,10.2142,10.2142,2382.0,24330.2244
2008-02-06 00:00:00,10.2142,11.6071,10.2142,10.2142,6191.0,63236.1122
2008-02-07 00:00:00,11.1428,11.1428,10.2142,10.2142,3733.0,38129.6086
2008-02-08 00:00:00,10.2142,11.1428,10.2142,11.1428,328.0,3654.8383999999996
2008-02-11 00:00:00,11.1428,11.1428,9.7499,9.7499,12995.0,126699.9505
2008-02-12 00:00:00,9.7499,10.2142,9.7499,10.2142,5575.0,56944.165
2008-02-13 00:00:00,9.7499,9.7499,9.2857,9.2857,4819.0,44747.7883
2008-02-14 00:00:00,9.7499,11.1428,9.7499,11.1428,6177.0,68829.0756
2008-02-15 00:00:00,11.1428,11.1428,10.2142,10.6785,1248.0,13326.768
2008-02-18 00:00:00,10.2142,10.2142,10.2142,10.2142,4200.0,42899.64
2008-02-19 00:00:00,10.2142,10.2142,10.2142,10.2142,5633.0,57536.5886
2008-02-20 00:00:00,10.2142,10.2142,10.2142,10.2142,1481.0,15127.2302
2008-02-21 00:00:00,10.2142,10.6785,10.2142,10.2142,1642.0,16771.7164
2008-02-22 00:00:00,10.2142,10.2142,8.8214,9.7499,18708.0,182401.1292
2008-02-25 00:00:00,9.2857,10.2142,9.2857,9.7499,8265.0,80582.9235
2008-02-26 00:00:00,9.2857,9.2857,9.0999,9.1928,6683.0,61435.4824
2008-02-27 00:00:00,9.1928,9.7499,9.1928,9.2857,4867.0,45193.5019
2008-02-28 00:00:00,9.2857,9.2857,9.0999,9.0999,3628.0,33014.4372
2008-02-29 00:00:00,9.0999,9.1928,8.9142,9.0071,9735.0,87684.1185
2008-03-03 00:00:00,9.0071,9.0071,8.5428,8.8214,12790.0,112825.706
2008-03-04 00:00:00,8.7285,9.0999,8.6357,9.0999,2137.0,19446.4863
2008-03-05 00:00:00,8.6357,8.6357,8.5428,8.5428,1292.0,11037.2976
2008-03-06 00:00:00,8.6357,9.0999,8.6357,9.0071,5030.0,45305.712999999996
2008-03-07 00:00:00,9.0071,9.1928,8.5428,9.1928,11625.0,106866.3
2008-03-10 00:00:00,8.6357,8.6357,8.45,8.45,5930.0,50108.49999999999
2008-03-11 00:00:00,8.45,8.45,8.3571,8.3571,1454.0,12151.2234
2008-03-12 00:00:00,8.6357,8.8214,8.2642,8.8214,5967.0,52637.29380000001
2008-03-13 00:00:00,8.3571,8.45,8.3571,8.3571,3658.0,30570.271800000002
2008-03-14 00:00:00,8.3571,8.6357,8.3571,8.3571,3868.0,32325.262800000004
2008-03-17 00:00:00,8.5428,8.5428,8.3571,8.5428,700.0,5979.96
2008-03-18 00:00:00,8.3571,8.3571,8.1714,8.1714,2962.0,24203.6868
2008-03-19 00:00:00,8.1714,8.1714,7.8928,7.8928,897.0,7079.841600000001
2008-03-20 00:00:00,7.8928,7.9857,7.8928,7.8928,3026.0,23883.6128
2008-03-25 00:00:00,7.8928,8.1714,7.8928,7.9857,2228.0,17792.1396
2008-03-26 00:00:00,8.0785,8.45,8.0785,8.45,6035.0,50995.74999999999
2008-03-27 00:00:00,8.45,9.1928,8.45,9.1928,7478.0,68743.7584
2008-03-28 00:00:00,9.0071,9.0071,8.5428,8.5428,3860.0,32975.208
2008-03-31 00:00:00,8.5428,8.8214,8.45,8.5428,2170.0,18537.876
2008-04-01 00:00:00,8.5428,8.8214,8.45,8.8214,1454.0,12826.315600000002
2008-04-02 00:00:00,8.45,8.7285,8.2642,8.5428,3985.0,34043.058
2008-04-03 00:00:00,8.5428,8.5428,8.5428,8.5428,538.0,4596.0264
2008-04-04 00:00:00,8.5428,8.5428,7.8928,8.3571,6246.0,52198.4466
2008-04-07 00:00:00,8.3571,8.3571,7.7071,7.7071,4144.0,31938.2224
2008-04-08 00:00:00,7.6142,8.2642,7.6142,7.6142,3773.0,28728.3766
2008-04-09 00:00:00,7.8928,7.8928,7.4285,7.4285,3635.0,27002.5975
2008-04-10 00:00:00,7.5214,7.5214,7.3357,7.3357,1799.0,13196.9243
2008-04-11 00:00:00,7.4285,7.6142,7.2428,7.2428,2623.0,18997.8644
2008-04-14 00:00:00,7.2428,7.7071,7.15,7.7071,2706.0,20855.4126
2008-04-15 00:00:00,7.7071,7.8,7.4285,7.8,1091.0,8509.8
2008-04-16 00:00:00,7.8,7.8928,7.5214,7.8928,2570.0,20284.496
2008-04-17 00:00:00,7.8928,7.8928,7.3357,7.5214,4527.0,34049.3778
2008-04-18 00:00:00,7.4285,7.6142,7.4285,7.6142,6384.0,48609.052800000005
2008-04-22 00:00:00,7.4285,7.6142,7.4285,7.6142,10240.0,77969.408
2008-04-23 00:00:00,7.5214,8.3571,7.4285,8.0785,9924.0,80171.034
2008-04-24 00:00:00,8.0785,8.1714,8.0785,8.1714,2600.0,21245.64
2008-04-28 00:00:00,8.1714,8.1714,7.7071,7.7071,5729.0,44153.9759
2008-04-29 00:00:00,7.7071,7.7071,7.6142,7.6142,700.0,5329.9400000000005
2008-04-30 00:00:00,7.8,7.8928,7.8,7.8928,1303.0,10284.3184
2008-05-01 00:00:00,7.7071,7.7071,7.5214,7.7071,2693.0,20755.220299999997
2008-05-02 00:00:00,7.5214,7.8,7.5214,7.8,3434.0,26785.2
2008-05-05 00:00:00,7.8928,8.0785,7.7071,7.7071,2909.0,22419.9539
2008-05-06 00:00:00,7.8928,7.9857,7.8,7.8928,2598.0,20505.4944
2008-05-07 00:00:00,7.8928,7.9857,7.8,7.9857,3758.0,30010.260599999998
2008-05-08 00:00:00,7.8928,8.0785,7.8,8.0785,2486.0,20083.151
2008-05-09 00:00:00,8.0785,8.6357,8.0785,8.45,13800.0,116609.99999999999
2008-05-12 00:00:00,8.5428,9.7499,8.5428,9.0999,14404.0,131074.9596
2008-05-13 00:00:00,9.2857,9.7499,9.0999,9.2857,22988.0,213459.6716
2008-05-14 00:00:00,9.2857,9.2857,8.9142,8.9142,4236.0,37760.551199999994
2008-05-15 00:00:00,8.9142,9.7499,8.8214,8.8214,11536.0,101763.6704
2008-05-16 00:00:00,9.0071,9.1928,8.9142,9.0999,22562.0,205311.9438
2008-05-19 00:00:00,9.0999,9.0999,9.0999,9.0999,875.0,7962.412499999999
2008-05-20 00:00:00,9.2857,9.2857,9.0999,9.1928,5891.0,54154.7848
2008-05-21 00:00:00,9.0999,9.0999,9.0071,9.0999,5059.0,46036.3941
2008-05-22 00:00:00,9.0999,9.7499,9.0999,9.2857,5634.0,52315.6338
2008-05-23 00:00:00,9.7499,10.6785,9.7499,10.2142,6413.0,65503.6646
2008-05-26 00:00:00,10.6785,11.1428,10.2142,10.2142,4417.0,45116.121399999996
2008-05-27 00:00:00,10.6785,12.0714,10.6785,12.0714,23276.0,280973.90640000004
2008-05-28 00:00:00,12.0714,12.0714,10.6785,11.1428,12613.0,140544.1364
2008-05-29 00:00:00,10.6785,10.6785,10.6785,10.6785,4803.0,51288.8355
2008-05-30 00:00:00,10.6785,11.1428,10.2142,11.1428,15343.0,170963.9804
2008-06-02 00:00:00,10.6785,11.1428,10.2142,10.6785,4631.0,49452.133499999996
2008-06-03 00:00:00,10.2142,10.2142,9.7499,9.7499,5805.0,56598.1695
2008-06-04 00:00:00,9.7499,9.7499,9.0999,9.2857,6081.0,56466.341700000004
2008-06-05 00:00:00,9.2857,9.2857,8.8214,8.8214,3956.0,34897.4584
2008-06-06 00:00:00,8.45,9.7499,8.45,8.7285,1723.0,15039.2055
2008-06-10 00:00:00,9.2857,9.2857,7.4285,8.1714,14284.0,116720.2776
2008-06-11 00:00:00,7.8,8.1714,7.15,7.15,8530.0,60989.5
2008-06-12 00:00:00,7.3357,7.4285,7.15,7.15,3641.0,26033.15
2008-06-13 00:00:00,7.15,7.15,6.5,6.6857,19631.0,131246.9767
2008-06-16 00:00:00,6.6857,6.9642,6.5928,6.5928,6093.0,40169.930400000005
2008-06-17 00:00:00,6.5928,6.5928,6.1285,6.5,14862.0,96603.0
2008-06-18 00:00:00,6.5,6.5,5.85,5.85,13517.0,79074.45
2008-06-19 00:00:00,5.85,5.9428,5.85,5.9428,6654.0,39543.3912
2008-06-20 00:00:00,5.9428,5.9428,5.6643,5.6643,5333.0,30207.7119
2008-06-23 00:00:00,5.6643,5.7571,5.6643,5.7571,1910.0,10996.061000000002
2008-06-24 00:00:00,5.6643,5.6643,4.8285,5.2928,10216.0,54071.2448
2008-06-25 00:00:00,4.9214,5.0143,4.7357,5.0143,13367.0,67026.1481
2008-06-26 00:00:00,5.0143,5.4785,4.9214,5.2,8292.0,43118.4
2008-06-27 00:00:00,5.0143,5.4785,4.9214,5.4785,18687.0,102376.7295
2008-06-30 00:00:00,5.2928,5.85,5.2,5.6643,23061.0,130624.42229999999
2008-07-01 00:00:00,5.6643,5.6643,5.5714,5.5714,2369.0,13198.6466
2008-07-02 00:00:00,5.5714,5.7571,5.5714,5.7571,4162.0,23961.0502
2008-07-03 00:00:00,5.2928,5.2928,4.9214,4.9214,12417.0,61109.0238
2008-07-04 00:00:00,5.2,5.5714,5.1071,5.4785,5250.0,28762.125000000004
2008-07-07 00:00:00,5.2,5.2,4.8285,4.8285,11706.0,56522.421
2008-07-08 00:00:00,5.1071,5.1071,4.8285,4.8285,2490.0,12022.965
2008-07-09 00:00:00,4.8285,4.8285,4.55,4.55,14090.0,64109.5
2008-07-10 00:00:00,4.4571,4.6428,4.4571,4.55,4055.0,18450.25
2008-07-11 00:00:00,4.3643,4.6428,4.3643,4.6428,5600.0,25999.68
2008-07-14 00:00:00,4.6428,4.6428,4.4571,4.4571,4238.0,18889.1898
2008-07-15 00:00:00,4.4571,4.4571,4.1785,4.1785,4377.0,18289.2945
2008-07-16 00:00:00,4.2714,4.2714,4.1785,4.1785,538.0,2248.033
2008-07-17 00:00:00,4.2714,4.2714,4.1785,4.1785,2326.0,9719.190999999999
2008-07-18 00:00:00,4.1785,4.3643,4.1785,4.1785,3950.0,16505.074999999997
2008-07-21 00:00:00,4.1785,4.2714,4.0857,4.2714,2701.0,11537.0514
2008-07-22 00:00:00,4.4571,4.55,4.4571,4.55,2534.0,11529.699999999999
2008-07-23 00:00:00,4.55,4.6428,4.55,4.6428,2075.0,9633.810000000001
2008-07-24 00:00:00,4.6428,4.8285,4.55,4.55,10419.0,47406.45
2008-07-25 00:00:00,4.55,4.55,4.3643,4.4571,3290.0,14663.858999999999
2008-07-28 00:00:00,4.6428,4.9214,4.55,4.7357,6031.0,28561.006699999998
2008-07-29 00:00:00,5.0143,5.0143,4.6428,4.6428,3995.0,18547.986
2008-07-30 00:00:00,4.55,4.55,4.4571,4.55,2138.0,9727.9
2008-07-31 00:00:00,4.3643,4.7357,4.3643,4.7357,2806.0,13288.374199999998
2008-08-01 00:00:00,4.7357,4.7357,4.4571,4.6428,889.0,4127.4492
2008-08-04 00:00:00,4.6428,4.6428,4.3643,4.3643,1631.0,7118.1733
2008-08-05 00:00:00,4.3643,4.55,4.2714,4.2714,3976.0,16983.0864
2008-08-06 00:00:00,4.2714,4.6428,4.1785,4.2714,10344.0,44183.3616
2008-08-07 00:00:00,4.3643,4.4571,4.1785,4.1785,4297.0,17955.014499999997
2008-08-08 00:00:00,4.4571,4.4571,4.2714,4.2714,646.0,2759.3244
2008-08-11 00:00:00,4.4571,4.4571,4.1785,4.4571,1938.0,8637.859799999998
2008-08-12 00:00:00,4.2714,4.2714,4.1785,4.2714,2111.0,9016.9254
2008-08-13 00:00:00,4.2714,4.2714,4.1785,4.1785,3769.0,15748.766499999998
2008-08-14 00:00:00,4.1785,4.55,4.1785,4.2714,1691.0,7222.9374
2008-08-15 00:00:00,4.2714,4.2714,4.2714,4.2714,54.0,230.6556
2008-08-18 00:00:00,4.2714,4.55,4.1785,4.1785,3678.0,15368.523
2008-08-19 00:00:00,4.4571,4.4571,4.4571,4.4571,2423.0,10799.5533
2008-08-20 00:00:00,4.4571,4.4571,4.3643,4.4571,1454.0,6480.6233999999995
2008-08-21 00:00:00,4.4571,4.4571,4.4571,4.4571,1938.0,8637.859799999998
2008-08-22 00:00:00,4.3643,4.3643,4.2714,4.2714,1852.0,7910.632799999999
2008-08-25 00:00:00,4.3643,4.4571,4.3643,4.4571,1016.0,4528.4136
2008-08-26 00:00:00,4.3643,4.4571,4.2714,4.4571,1615.0,7198.2164999999995
2008-08-27 00:00:00,4.3643,4.3643,4.3643,4.3643,269.0,1173.9967
2008-08-28 00:00:00,4.2714,4.2714,4.1785,4.1785,902.0,3769.0069999999996
2008-09-01 00:00:00,4.3643,4.3643,4.2714,4.2714,334.0,1426.6476
2008-09-03 00:00:00,4.1785,4.1785,3.9,3.9,626.0,2441.4
2008-09-04 00:00:00,3.8071,3.9,3.6214,3.6214,1668.0,6040.4952
2008-09-05 00:00:00,3.6214,3.9928,3.6214,3.9928,194.0,774.6032
2008-09-08 00:00:00,3.7143,4.3643,3.7143,4.0857,1077.0,4400.2989
2008-09-09 00:00:00,3.9928,4.1785,3.9928,4.1785,398.0,1663.043
2008-09-10 00:00:00,4.1785,4.1785,4.1785,4.1785,54.0,225.63899999999998
2008-09-11 00:00:00,3.8071,4.3643,3.8071,4.3643,754.0,3290.6822
2008-09-12 00:00:00,3.8071,3.8071,3.7143,3.8071,3376.0,12852.7696
2008-09-15 00:00:00,3.9,3.9928,3.7143,3.7143,3825.0,14207.1975
2008-09-16 00:00:00,3.7143,3.7143,3.5286,3.5286,4858.0,17141.9388
2008-09-17 00:00:00,3.7143,3.7143,3.7143,3.7143,4458.0,16558.3494
2008-09-18 00:00:00,3.7143,3.7143,3.7143,3.7143,2154.0,8000.6022
2008-09-19 00:00:00,3.7143,4.0857,3.5286,3.8071,2807.0,10686.529700000001
2008-09-22 00:00:00,4.0857,4.0857,3.9,3.9,2800.0,10920.0
2008-09-23 00:00:00,3.8071,3.8071,3.5286,3.7143,7370.0,27374.391
2008-09-24 00:00:00,3.7143,3.8071,3.7143,3.8071,1784.0,6791.8664
2008-09-25 00:00:00,3.5286,3.7143,3.5286,3.5286,4469.0,15769.3134
2008-09-26 00:00:00,3.7143,3.9,3.7143,3.8071,2262.0,8611.6602
2008-09-29 00:00:00,3.9928,3.9928,3.9,3.9,1015.0,3958.5
2008-09-30 00:00:00,3.7143,3.9,3.6214,3.6214,1443.0,5225.6802
2008-10-01 00:00:00,3.7143,3.7143,3.4357,3.7143,281.0,1043.7183
2008-10-02 00:00:00,3.7143,3.7143,3.6214,3.6214,1185.0,4291.359
2008-10-03 00:00:00,3.7143,3.7143,3.6214,3.7143,4338.0,16112.6334
2008-10-06 00:00:00,3.7143,4.0857,3.0643,3.0643,2375.0,7277.7125
2008-10-07 00:00:00,3.0643,3.4357,3.0643,3.3428,1932.0,6458.2896
2008-10-08 00:00:00,3.3428,3.3428,3.3428,3.3428,1256.0,4198.5568
2008-10-09 00:00:00,3.3428,3.3428,2.6928,2.6928,19114.0,51470.1792
2008-10-10 00:00:00,2.6928,2.6928,2.3214,2.4143,8009.0,19336.128699999997
2008-10-13 00:00:00,2.4143,2.4143,2.4143,2.4143,191.0,461.13129999999995
2008-10-14 00:00:00,3.0643,3.25,2.7857,2.7857,4922.0,13711.2154
2008-10-15 00:00:00,3.25,3.25,2.9714,3.0643,1831.0,5610.7333
2008-10-16 00:00:00,2.9714,2.9714,2.7857,2.7857,2080.0,5794.255999999999
2008-10-17 00:00:00,2.7857,3.25,2.7857,3.25,1398.0,4543.5
2008-10-20 00:00:00,3.25,3.25,2.7857,2.7857,754.0,2100.4177999999997
2008-10-21 00:00:00,3.25,3.25,3.25,3.25,538.0,1748.5
2008-10-22 00:00:00,3.25,3.25,3.25,3.25,183.0,594.75
2008-10-23 00:00:00,3.0643,3.1571,3.0643,3.1571,162.0,511.4502
2008-10-27 00:00:00,2.7857,2.7857,2.6,2.6,1885.0,4901.0
2008-10-28 00:00:00,2.7857,2.7857,2.6,2.6,3123.0,8119.8
2008-10-29 00:00:00,2.6,2.9714,2.4143,2.9714,491.0,1458.9574
2008-10-30 00:00:00,2.9714,2.9714,2.9714,2.9714,215.0,638.851
2008-10-31 00:00:00,2.8786,2.9714,2.8786,2.9714,4415.0,13118.731
2008-11-03 00:00:00,2.9714,3.0643,2.8786,2.8786,1373.0,3952.3178000000003
2008-11-05 00:00:00,2.7857,3.0643,2.7857,3.0643,5869.0,17984.376699999997
2008-11-06 00:00:00,2.8786,2.8786,2.8786,2.8786,172.0,495.11920000000003
2008-11-07 00:00:00,2.8786,2.8786,2.7857,2.7857,523.0,1456.9211
2008-11-10 00:00:00,2.8786,2.9714,2.7857,2.7857,2761.0,7691.3177
2008-11-11 00:00:00,2.9714,2.9714,2.9714,2.9714,337.0,1001.3618
2008-11-12 00:00:00,2.8786,2.8786,2.7857,2.7857,5424.0,15109.636799999998
2008-11-13 00:00:00,2.7857,2.7857,2.7857,2.7857,376.0,1047.4232
2008-11-14 00:00:00,2.7857,2.7857,2.6,2.6,458.0,1190.8
2008-11-17 00:00:00,2.7857,3.6214,2.6,2.6,3642.0,9469.2
2008-11-18 00:00:00,2.7857,2.7857,2.6,2.6,1876.0,4877.6
2008-11-20 00:00:00,2.6,2.6,2.6,2.6,431.0,1120.6000000000001
2008-11-21 00:00:00,2.6,2.6,2.6,2.6,3090.0,8034.0
2008-11-24 00:00:00,2.5071,2.6,2.4143,2.6,620.0,1612.0
2008-11-25 00:00:00,2.6,2.6,2.6,2.6,1077.0,2800.2000000000003
2008-11-26 00:00:00,2.6,2.6,2.5071,2.5071,2692.0,6749.1132
2008-11-27 00:00:00,2.6,2.6,2.6,2.6,2154.0,5600.400000000001
2008-11-28 00:00:00,2.5071,2.5071,2.4143,2.4143,386.0,931.9198
2008-12-01 00:00:00,2.4143,2.6,2.4143,2.6,1884.0,4898.400000000001
2008-12-02 00:00:00,2.4143,2.4143,2.3214,2.3214,754.0,1750.3356
2008-12-03 00:00:00,2.6,2.6,2.4143,2.4143,2154.0,5200.4021999999995
2008-12-04 00:00:00,2.6,2.6,2.6,2.6,754.0,1960.4
2008-12-08 00:00:00,2.4143,3.25,2.4143,2.8786,11099.0,31949.5814
2008-12-09 00:00:00,2.9714,3.6214,2.9714,3.6214,640.0,2317.696
2008-12-16 00:00:00,3.6214,3.6214,3.6214,3.6214,622.0,2252.5108
2008-12-17 00:00:00,3.7143,3.7143,3.7143,3.7143,1615.0,5998.5945
2008-12-19 00:00:00,3.7143,3.7143,3.4357,3.4357,1400.0,4809.9800000000005
2008-12-30 00:00:00,3.4357,3.4357,3.4357,3.4357,59.0,202.7063
2009-01-02 00:00:00,3.4357,3.4357,3.25,3.25,1233.0,4007.25
2009-01-06 00:00:00,3.3428,3.4357,3.3428,3.3428,894.0,2988.4632
2009-01-07 00:00:00,3.4357,3.5286,3.3428,3.3428,1346.0,4499.4088
2009-01-09 00:00:00,2.9714,3.3428,2.9714,3.3428,568.0,1898.7104
2009-01-12 00:00:00,3.3428,3.3428,2.7857,2.7857,6375.0,17758.837499999998
2009-01-15 00:00:00,3.25,3.25,3.25,3.25,431.0,1400.75
2009-01-19 00:00:00,3.25,3.25,2.9714,2.9714,560.0,1663.984
2009-01-20 00:00:00,2.7857,2.7857,2.7857,2.7857,969.0,2699.3433
2009-01-21 00:00:00,2.7857,2.7857,2.6,2.6,754.0,1960.4
2009-01-22 00:00:00,2.6,2.6,2.4143,2.4143,2324.0,5610.8332
2009-01-23 00:00:00,2.4143,2.4143,2.4143,2.4143,1077.0,2600.2010999999998
2009-01-28 00:00:00,2.4143,2.4143,2.2286,2.2286,3343.0,7450.2098000000005
2009-01-30 00:00:00,2.4143,2.4143,2.4143,2.4143,1938.0,4678.9133999999995
2009-02-05 00:00:00,2.5071,2.5071,2.3214,2.3214,1615.0,3749.061
2009-02-09 00:00:00,2.3214,2.3214,2.3214,2.3214,1798.0,4173.8772
2009-02-11 00:00:00,2.3214,2.3214,2.2286,2.2286,2660.0,5928.076
2009-02-12 00:00:00,2.3214,2.3214,2.3214,2.3214,1874.0,4350.3036
2009-02-16 00:00:00,2.2286,2.2286,2.1357,2.1357,1971.0,4209.4646999999995
2009-02-18 00:00:00,2.6928,2.6928,2.6928,2.6928,1077.0,2900.1456000000003
2009-02-19 00:00:00,2.4143,2.8786,2.4143,2.5071,6883.0,17256.3693
2009-02-20 00:00:00,2.5071,2.5071,2.4143,2.4143,366.0,883.6338
2009-02-23 00:00:00,2.4143,2.4143,2.4143,2.4143,5125.0,12373.287499999999
2009-02-24 00:00:00,2.4143,2.4143,2.4143,2.4143,215.0,519.0745
2009-02-25 00:00:00,2.3214,2.3214,2.3214,2.3214,75.0,174.10500000000002
2009-02-26 00:00:00,2.4143,2.4143,2.4143,2.4143,3840.0,9270.912
2009-02-27 00:00:00,2.5071,2.9714,2.5071,2.8786,3584.0,10316.9024
2009-03-03 00:00:00,2.7857,2.7857,2.7857,2.7857,1539.0,4287.1923
2009-03-11 00:00:00,2.5071,2.7857,2.5071,2.7857,4815.0,13413.145499999999
2009-03-12 00:00:00,2.8786,2.8786,2.6,2.6,1474.0,3832.4
2009-03-18 00:00:00,2.7857,2.7857,2.7857,2.7857,1185.0,3301.0544999999997
2009-03-20 00:00:00,2.7857,2.8786,2.6,2.6,2046.0,5319.6
2009-03-23 00:00:00,2.5071,2.5071,2.5071,2.5071,172.0,431.22119999999995
2009-03-24 00:00:00,2.5071,2.6928,2.5071,2.6928,4225.0,11377.08
2009-03-25 00:00:00,2.6928,2.6928,2.5071,2.5071,4308.0,10800.5868
2009-03-26 00:00:00,2.7857,2.8786,2.6928,2.6928,5440.0,14648.832
2009-03-27 00:00:00,2.7857,2.7857,2.6,2.6,2154.0,5600.400000000001
2009-03-30 00:00:00,2.6,2.6,2.6,2.6,1012.0,2631.2000000000003
2009-03-31 00:00:00,2.6,2.6,2.5071,2.5071,4685.0,11745.7635
2009-04-01 00:00:00,2.6,2.6,2.6,2.6,3231.0,8400.6
2009-04-02 00:00:00,2.6928,3.0643,2.6928,3.0643,2423.0,7424.7989
2009-04-03 00:00:00,2.9714,2.9714,2.9714,2.9714,1077.0,3200.1978
2009-04-06 00:00:00,2.9714,2.9714,2.6928,2.6928,2500.0,6732.0
2009-04-07 00:00:00,2.9714,3.0643,2.9714,2.9714,2629.0,7811.8106
2009-04-08 00:00:00,2.9714,2.9714,2.9714,2.9714,2110.0,6269.654
2009-04-09 00:00:00,2.6928,2.9714,2.6928,2.9714,1956.0,5812.0584
2009-04-14 00:00:00,3.0643,3.0643,2.7857,2.7857,8831.0,24600.5167
2009-04-15 00:00:00,2.8786,3.3428,2.8786,3.0643,2843.0,8711.8049
2009-04-16 00:00:00,3.0643,3.3428,3.0643,3.3428,1938.0,6478.3464
2009-04-17 00:00:00,3.4357,3.7143,3.3428,3.7143,8589.0,31902.1227
2009-04-20 00:00:00,3.9,4.6428,3.7143,3.7143,9477.0,35200.4211
2009-04-21 00:00:00,3.7143,3.7143,3.4357,3.4357,5745.0,19738.0965
2009-04-22 00:00:00,3.4357,3.4357,3.4357,3.4357,270.0,927.639
2009-04-23 00:00:00,3.4357,4.2714,3.4357,4.0857,4814.0,19668.5598
2009-04-24 00:00:00,4.0857,4.0857,3.9,3.9,1508.0,5881.2
2009-04-27 00:00:00,3.8071,3.8071,3.8071,3.8071,646.0,2459.3866000000003
2009-04-28 00:00:00,4.3643,4.3643,4.3643,4.3643,323.0,1409.6689000000001
2009-04-30 00:00:00,4.3643,4.3643,3.7143,3.7143,2832.0,10518.8976
2009-05-01 00:00:00,3.9,3.9,3.3428,3.3428,2100.0,7019.88
2009-05-04 00:00:00,3.4357,3.6214,3.3428,3.5286,3905.0,13779.182999999999
2009-05-05 00:00:00,3.4357,3.4357,3.4357,3.4357,2297.0,7891.802900000001
2009-05-06 00:00:00,3.4357,3.4357,3.25,3.25,2154.0,7000.5
2009-05-07 00:00:00,3.5286,3.9,3.5286,3.7143,4647.0,17260.3521
2009-05-11 00:00:00,3.7143,4.0857,3.7143,3.7143,3812.0,14158.911600000001
2009-05-12 00:00:00,3.8071,4.3643,3.8071,4.3643,7662.0,33439.2666
2009-05-13 00:00:00,4.3643,4.7357,4.2714,4.7357,17651.0,83589.84069999999
2009-05-14 00:00:00,5.0143,5.0143,4.3643,4.4571,3274.0,14592.545399999999
2009-05-15 00:00:00,4.4571,4.4571,4.3643,4.3643,2306.0,10064.0758
2009-05-18 00:00:00,4.6428,4.6428,4.6428,4.6428,754.0,3500.6712
2009-05-19 00:00:00,4.6428,4.6428,4.3643,4.3643,7495.0,32710.4285
2009-05-20 00:00:00,4.3643,4.3643,4.3643,4.3643,1077.0,4700.3511
2009-05-21 00:00:00,4.6428,4.6428,4.4571,4.4571,2628.0,11713.2588
2009-05-22 00:00:00,4.6428,4.6428,4.3643,4.55,10310.0,46910.5
2009-05-25 00:00:00,4.6428,4.6428,4.4571,4.6428,7933.0,36831.3324
2009-05-26 00:00:00,4.6428,4.6428,4.55,4.6428,7539.0,35002.069200000005
2009-05-27 00:00:00,4.7357,4.7357,4.3643,4.3643,11496.0,50171.9928
2009-05-28 00:00:00,4.55,4.6428,4.55,4.6428,3112.0,14448.393600000001
2009-05-29 00:00:00,4.6428,4.7357,4.55,4.7357,9569.0,45315.91329999999
2009-06-01 00:00:00,4.7357,5.4785,4.6428,4.6428,14753.0,68495.2284
2009-06-02 00:00:00,5.1071,5.2,4.7357,5.2,6862.0,35682.4
2009-06-03 00:00:00,5.3857,5.3857,4.8285,4.8285,2345.0,11322.8325
2009-06-04 00:00:00,4.8285,4.9214,4.8285,4.9214,3554.0,17490.655600000002
2009-06-05 00:00:00,5.0143,5.2,5.0143,5.2,1842.0,9578.4
2009-06-09 00:00:00,5.3857,5.4785,5.2928,5.2928,1594.0,8436.7232
2009-06-10 00:00:00,5.2928,5.2928,5.1071,5.1071,4142.0,21153.6082
2009-06-11 00:00:00,5.1071,5.2,5.1071,5.2,5479.0,28490.8
2009-06-12 00:00:00,5.3857,6.0357,5.3857,6.0357,27951.0,168703.8507
2009-06-15 00:00:00,5.7571,6.5,5.5714,6.5,27744.0,180336.0
2009-06-16 00:00:00,6.2214,6.2214,5.9428,6.0357,2854.0,17225.8878
2009-06-17 00:00:00,6.0357,6.0357,5.6643,5.7571,6558.0,37755.0618
2009-06-19 00:00:00,6.0357,6.0357,5.1071,5.1071,5460.0,27884.766
2009-06-22 00:00:00,5.5714,5.5714,5.5714,5.5714,323.0,1799.5621999999998
2009-06-23 00:00:00,5.2,5.2,5.0143,5.0143,4554.0,22835.1222
2009-06-24 00:00:00,5.1071,5.1071,5.1071,5.1071,1175.0,6000.8425
2009-06-25 00:00:00,5.2,5.3857,5.2,5.3857,4174.0,22479.911799999998
2009-06-26 00:00:00,5.3857,5.5714,5.2928,5.2928,2558.0,13538.982399999999
2009-06-29 00:00:00,5.3857,5.3857,5.2928,5.2928,1959.0,10368.5952
2009-06-30 00:00:00,5.2928,5.3857,5.2928,5.3857,3767.0,20287.9319
2009-07-01 00:00:00,5.3857,5.4785,5.3857,5.4785,1508.0,8261.578000000001
2009-07-02 00:00:00,5.4785,5.6643,5.4785,5.6643,5685.0,32201.5455
2009-07-03 00:00:00,5.85,5.85,5.6643,5.6643,9216.0,52202.188799999996
2009-07-06 00:00:00,5.6643,5.7571,5.6643,5.6643,5008.0,28366.8144
2009-07-07 00:00:00,5.5714,5.5714,5.4785,5.4785,2154.0,11800.689
2009-07-08 00:00:00,5.4785,5.6643,5.4785,5.6643,7373.0,41762.8839
2009-07-09 00:00:00,5.5714,5.5714,5.5714,5.5714,4415.0,24597.731
2009-07-10 00:00:00,5.5714,5.6643,5.5714,5.6643,5163.0,29244.780899999998
2009-07-13 00:00:00,5.6643,5.9428,5.6643,5.7571,2156.0,12412.3076
2009-07-14 00:00:00,5.7571,5.7571,5.6643,5.6643,431.0,2441.3133
2009-07-15 00:00:00,5.7571,5.85,5.7571,5.85,6180.0,36153.0
2009-07-16 00:00:00,5.85,6.0357,5.85,6.0357,5492.0,33148.0644
2009-07-17 00:00:00,6.0357,6.1285,6.0357,6.0357,3279.0,19791.0603
2009-07-20 00:00:00,6.0357,6.0357,5.7571,5.7571,4929.0,28376.7459
2009-07-21 00:00:00,5.9428,6.0357,5.85,5.85,4870.0,28489.5
2009-07-22 00:00:00,5.85,5.85,5.7571,5.7571,5771.0,33224.2241
2009-07-23 00:00:00,5.7571,5.7571,5.7571,5.7571,771.0,4438.7241
2009-07-24 00:00:00,5.7571,5.9428,5.7571,5.85,2479.0,14502.15
2009-07-27 00:00:00,5.9428,6.0357,5.9428,5.9428,7635.0,45373.278
2009-07-28 00:00:00,5.9428,5.9428,5.6643,5.6643,5345.0,30275.6835
2009-07-29 00:00:00,5.5714,5.5714,5.5714,5.5714,7000.0,38999.799999999996
2009-07-30 00:00:00,5.5714,5.5714,5.2,5.2,9046.0,47039.200000000004
2009-07-31 00:00:00,5.3857,5.3857,5.2928,5.2928,1508.0,7981.542399999999
2009-08-03 00:00:00,5.2928,5.2928,5.2928,5.2928,862.0,4562.393599999999
2009-08-04 00:00:00,5.2928,5.5714,5.2,5.2,10423.0,54199.6
2009-08-05 00:00:00,5.2,5.2,5.2,5.2,1181.0,6141.2
2009-08-06 00:00:00,5.2,5.2,5.2,5.2,109.0,566.8000000000001
2009-08-07 00:00:00,5.2,5.4785,5.2,5.4785,1300.0,7122.05
2009-08-10 00:00:00,5.2,5.2,4.8285,4.8285,538.0,2597.733
2009-08-11 00:00:00,5.0143,5.0143,5.0143,5.0143,1077.0,5400.4011
2009-08-12 00:00:00,4.8285,4.8285,4.8285,4.8285,1292.0,6238.422
2009-08-13 00:00:00,5.0143,5.1071,4.8285,4.8285,4408.0,21284.028
2009-08-14 00:00:00,5.1071,5.1071,5.1071,5.1071,538.0,2747.6198
2009-08-17 00:00:00,5.2,5.2,5.1071,5.1071,1958.0,9999.7018
2009-08-18 00:00:00,4.6428,5.1071,4.4571,5.1071,1643.0,8390.9653
2009-08-19 00:00:00,5.0143,5.1071,4.9214,5.0143,5245.0,26300.003500000003
2009-08-21 00:00:00,5.1071,5.2928,5.0143,5.2928,18898.0,100023.33439999999
2009-08-24 00:00:00,5.3857,5.9428,5.3857,5.9428,8709.0,51755.8452
2009-08-25 00:00:00,6.0357,6.0357,5.7571,5.7571,6075.0,34974.3825
2009-08-26 00:00:00,5.9428,5.9428,5.3857,5.3857,3182.0,17137.2974
2009-08-31 00:00:00,5.5714,5.5714,5.3857,5.3857,517.0,2784.4069
2009-09-01 00:00:00,5.3857,5.3857,5.2,5.2,8077.0,42000.4
2009-09-02 00:00:00,5.2,5.2,4.9214,5.0143,3720.0,18653.196
2009-09-03 00:00:00,5.2928,5.2928,5.2,5.2928,1726.0,9135.3728
2009-09-04 00:00:00,5.3857,5.3857,5.2928,5.2928,2024.0,10712.627199999999
2009-09-07 00:00:00,5.1071,5.2,5.1071,5.2,3070.0,15964.0
2009-09-08 00:00:00,5.2928,5.4785,5.2928,5.2928,4308.0,22801.3824
2009-09-09 00:00:00,5.2928,5.85,5.2928,5.85,15739.0,92073.15
2009-09-10 00:00:00,5.85,5.9428,5.5714,5.9428,10226.0,60771.0728
2009-09-11 00:00:00,6.0357,6.1285,5.9428,5.9428,16935.0,100641.318
2009-09-14 00:00:00,5.9428,6.0357,5.5714,5.5714,7933.0,44197.9162
2009-09-15 00:00:00,5.6643,5.6643,5.5714,5.5714,2531.0,14101.213399999999
2009-09-16 00:00:00,5.5714,5.5714,5.4785,5.4785,6462.0,35402.067
2009-09-17 00:00:00,5.4785,5.9428,5.4785,5.9428,7741.0,46003.2148
2009-09-18 00:00:00,5.7571,6.0357,5.7571,6.0357,5614.0,33884.4198
2009-09-21 00:00:00,6.0357,6.0357,5.9428,5.9428,3625.0,21542.65
2009-09-22 00:00:00,5.9428,6.0357,5.9428,5.9428,2638.0,15677.1064
2009-09-23 00:00:00,5.85,5.9428,5.85,5.85,1335.0,7809.749999999999
2009-09-24 00:00:00,5.85,5.85,5.1071,5.7571,13940.0,80253.974
2009-09-25 00:00:00,5.6643,5.7571,5.4785,5.7571,5206.0,29971.462600000003
2009-09-28 00:00:00,5.7571,5.7571,5.3857,5.5714,4713.0,26258.0082
2009-09-29 00:00:00,5.5714,5.5714,5.3857,5.5714,2983.0,16619.4862
2009-09-30 00:00:00,5.3857,5.3857,5.3857,5.3857,2788.0,15015.3316
2009-10-01 00:00:00,5.3857,5.7571,5.3857,5.6643,8831.0,50021.4333
2009-10-02 00:00:00,5.5714,5.5714,5.3857,5.5714,6752.0,37618.0928
2009-10-05 00:00:00,5.3857,5.3857,5.3857,5.3857,2024.0,10900.6568
2009-10-06 00:00:00,5.3857,5.3857,5.2928,5.2928,8346.0,44173.7088
2009-10-07 00:00:00,5.5714,5.5714,5.1071,5.1071,1724.0,8804.6404
2009-10-08 00:00:00,5.3857,5.3857,5.3857,5.3857,1941.0,10453.6437
2009-10-09 00:00:00,5.5714,5.5714,5.3857,5.3857,2455.0,13221.8935
2009-10-12 00:00:00,5.3857,5.3857,5.2,5.3857,2638.0,14207.4766
2009-10-13 00:00:00,5.2,5.2928,5.1071,5.2928,8710.0,46100.288
2009-10-14 00:00:00,5.1071,5.3857,5.1071,5.3857,1975.0,10636.7575
2009-10-15 00:00:00,5.1071,5.2928,5.1071,5.1071,7963.0,40667.8373
2009-10-16 00:00:00,5.1071,5.1071,5.1071,5.1071,1450.0,7405.295
2009-10-19 00:00:00,5.1071,5.1071,5.1071,5.1071,1200.0,6128.5199999999995
2009-10-20 00:00:00,5.0143,5.1071,5.0143,5.1071,3769.0,19248.6599
2009-10-21 00:00:00,5.2928,5.2928,5.1071,5.1071,11647.0,59482.3937
2009-10-23 00:00:00,5.1071,5.1071,4.8285,4.8285,2229.0,10762.7265
2009-10-26 00:00:00,4.8285,4.8285,4.8285,4.8285,113.0,545.6205
2009-10-27 00:00:00,4.8285,4.8285,4.8285,4.8285,4092.0,19758.222
2009-10-28 00:00:00,4.8285,4.9214,4.6428,4.9214,1454.0,7155.7156
2009-10-29 00:00:00,4.7357,4.8285,4.6428,4.6428,2531.0,11750.926800000001
2009-10-30 00:00:00,4.8285,4.9214,4.8285,4.9214,2692.0,13248.408800000001
2009-11-02 00:00:00,4.9214,4.9214,4.9214,4.9214,2089.0,10280.804600000001
2009-11-03 00:00:00,4.9214,4.9214,4.9214,4.9214,65.0,319.891
2009-11-04 00:00:00,4.8285,4.8285,4.8285,4.8285,643.0,3104.7255
2009-11-05 00:00:00,4.6428,4.6428,4.6428,4.6428,1077.0,5000.2956
2009-11-06 00:00:00,4.6428,4.8285,4.6428,4.8285,2246.0,10844.811
2009-11-11 00:00:00,5.2928,5.4785,5.1071,5.2,16698.0,86829.6
2009-11-12 00:00:00,5.2,5.2,4.9214,5.0143,11525.0,57789.8075
2009-11-13 00:00:00,4.9214,5.0143,4.6428,5.0143,16581.0,83142.1083
2009-11-16 00:00:00,5.0143,5.0143,4.8285,5.0143,3807.0,19089.4401
2009-11-17 00:00:00,4.9214,4.9214,4.7357,4.7357,1915.0,9068.8655
2009-11-18 00:00:00,4.9214,5.1071,4.9214,5.1071,3904.0,19938.1184
2009-11-19 00:00:00,5.0143,5.0143,5.0143,5.0143,738.0,3700.5534000000002
2009-11-20 00:00:00,4.8285,4.8285,4.8285,4.8285,215.0,1038.1275
2009-11-23 00:00:00,4.9214,4.9214,4.8285,4.8285,2251.0,10868.9535
2009-11-24 00:00:00,4.8285,4.8285,4.8285,4.8285,3662.0,17681.967
2009-11-25 00:00:00,4.8285,4.8285,4.4571,4.4571,2181.0,9720.935099999999
2009-11-26 00:00:00,4.4571,4.7357,4.4571,4.6428,4274.0,19843.3272
2009-11-27 00:00:00,4.4571,4.4571,4.3643,4.3643,1454.0,6345.6922
2009-11-30 00:00:00,4.4571,4.6428,4.4571,4.6428,4881.0,22661.506800000003
2009-12-01 00:00:00,4.8285,4.8285,4.6428,4.6428,341.0,1583.1948
2009-12-02 00:00:00,4.6428,4.6428,4.6428,4.6428,1473.0,6838.8444
2009-12-03 00:00:00,4.55,4.6428,4.4571,4.4571,1516.0,6756.963599999999
2009-12-04 00:00:00,4.7357,4.8285,4.6428,4.8285,2154.0,10400.589
2009-12-07 00:00:00,4.6428,4.6428,4.55,4.55,3231.0,14701.05
2009-12-08 00:00:00,4.55,4.7357,4.55,4.55,3743.0,17030.649999999998
2009-12-09 00:00:00,4.6428,4.6428,4.55,4.55,4931.0,22436.05
2009-12-10 00:00:00,4.55,4.55,4.55,4.55,2585.0,11761.75
2009-12-11 00:00:00,4.55,4.55,4.55,4.55,1077.0,4900.349999999999
2009-12-14 00:00:00,4.55,4.8285,4.55,4.8285,431.0,2081.0835
2009-12-15 00:00:00,4.8285,4.8285,4.55,4.55,1756.0,7989.799999999999
2009-12-16 00:00:00,4.4571,4.6428,4.4571,4.55,1538.0,6997.9
2009-12-17 00:00:00,4.6428,4.7357,4.6428,4.7357,1200.0,5682.839999999999
2009-12-18 00:00:00,4.7357,4.8285,4.4571,4.4571,4189.0,18670.7919
2009-12-21 00:00:00,4.4571,4.7357,4.4571,4.7357,1383.0,6549.473099999999
2009-12-23 00:00:00,4.55,4.55,4.1785,4.55,869.0,3953.95
2009-12-24 00:00:00,4.6428,4.7357,4.6428,4.7357,905.0,4285.808499999999
2009-12-29 00:00:00,4.7357,4.7357,4.7357,4.7357,2283.0,10811.603099999998
2009-12-30 00:00:00,4.55,4.7357,4.55,4.6428,4239.0,19680.8292
2009-12-31 00:00:00,4.8285,4.8285,4.55,4.55,2412.0,10974.6
2010-01-04 00:00:00,4.7357,4.7357,4.7357,4.7357,2154.0,10200.6978
2010-01-05 00:00:00,4.6428,4.8285,4.6428,4.8285,1203.0,5808.6855
2010-01-06 00:00:00,4.8285,4.9214,4.7357,4.9214,7404.0,36438.045600000005
2010-01-08 00:00:00,4.9214,5.1071,4.9214,5.1071,8559.0,43711.6689
2010-01-11 00:00:00,5.4785,5.5714,5.3857,5.5714,5653.0,31495.1242
2010-01-12 00:00:00,5.5714,6.0357,5.5714,6.0357,12744.0,76918.9608
2010-01-13 00:00:00,5.9428,6.4071,5.9428,6.3142,26540.0,167578.868
2010-01-14 00:00:00,6.3142,6.9642,6.3142,6.9642,34809.0,242416.8378
2010-01-15 00:00:00,6.9642,7.0571,6.5928,6.7785,20759.0,140714.88150000002
2010-01-18 00:00:00,6.9642,7.0571,6.7785,6.7785,6284.0,42596.094000000005
2010-01-19 00:00:00,6.7785,6.7785,6.1285,6.1285,4747.0,29091.9895
2010-01-20 00:00:00,6.3142,6.3142,6.2214,6.3142,3414.0,21556.678799999998
2010-01-21 00:00:00,6.2214,6.3142,6.0357,6.2214,3177.0,19765.3878
2010-01-22 00:00:00,6.1285,6.1285,5.9428,5.9428,3877.0,23040.2356
2010-01-25 00:00:00,5.5714,5.7571,5.5714,5.7571,12740.0,73345.454
2010-01-27 00:00:00,5.7571,6.0357,5.3857,6.0357,15077.0,91000.2489
2010-01-28 00:00:00,5.85,5.85,5.2928,5.2928,6515.0,34482.592
2010-01-29 00:00:00,5.3857,5.5714,5.3857,5.3857,5321.0,28657.309699999998
2010-02-01 00:00:00,5.2928,5.2928,4.8285,4.8285,14726.0,71104.491
2010-02-02 00:00:00,5.1071,5.2,5.0143,5.2,11053.0,57475.6
2010-02-03 00:00:00,5.2,5.5714,5.2,5.5714,32087.0,178769.51179999998
2010-02-04 00:00:00,5.5714,5.5714,5.5714,5.5714,1642.0,9148.2388
2010-02-05 00:00:00,5.1071,5.1071,5.1071,5.1071,2262.0,11552.2602
2010-02-08 00:00:00,5.3857,5.4785,5.2928,5.4785,3769.0,20648.466500000002
2010-02-09 00:00:00,5.1071,5.3857,5.0143,5.3857,2272.0,12236.3104
2010-02-10 00:00:00,5.1071,5.2,5.1071,5.1071,5169.0,26398.5999
2010-02-11 00:00:00,5.1071,5.2928,5.0143,5.1071,9994.0,51040.3574
2010-02-12 00:00:00,5.0143,5.0143,4.6428,4.6428,7117.0,33042.8076
2010-02-15 00:00:00,4.55,4.9214,4.55,4.9214,2747.0,13519.0858
2010-02-16 00:00:00,4.8285,5.2928,4.8285,5.2,6659.0,34626.8
2010-02-17 00:00:00,5.0143,5.2,4.9214,4.9214,9414.0,46330.0596
2010-02-18 00:00:00,4.9214,5.1071,4.8285,5.1071,3700.0,18896.27
2010-02-19 00:00:00,5.1071,5.1071,4.8285,5.0143,10933.0,54821.34190000001
2010-02-22 00:00:00,4.8285,4.8285,4.8285,4.8285,305.0,1472.6925
2010-02-23 00:00:00,4.9214,4.9214,4.8285,4.9214,3295.0,16216.013
2010-02-24 00:00:00,5.0143,5.3857,5.0143,5.2928,15049.0,79651.34719999999
2010-02-25 00:00:00,5.2928,5.5714,5.2928,5.5714,28678.0,159776.60919999998
2010-02-26 00:00:00,5.3857,5.5714,5.3857,5.3857,5363.0,28883.5091
2010-03-01 00:00:00,5.3857,5.5714,5.2928,5.4785,7057.0,38661.7745
2010-03-02 00:00:00,5.5714,5.7571,5.5714,5.5714,17092.0,95226.3688
2010-03-03 00:00:00,5.7571,5.85,5.5714,5.6643,9849.0,55787.6907
2010-03-04 00:00:00,5.85,5.85,5.5714,5.85,18096.0,105861.59999999999
2010-03-05 00:00:00,5.3857,5.85,5.3857,5.6643,4738.0,26837.4534
2010-03-08 00:00:00,5.7571,5.7571,5.6643,5.7571,4798.0,27622.5658
2010-03-09 00:00:00,5.5714,6.6857,5.4785,6.6857,34791.0,232602.1887
2010-03-10 00:00:00,6.6857,6.8714,6.2214,6.7785,32344.0,219243.804
2010-03-11 00:00:00,6.7785,6.8714,6.6857,6.8714,25135.0,172712.639
2010-03-12 00:00:00,6.8714,6.8714,6.4071,6.6857,25906.0,173199.7442
2010-03-15 00:00:00,6.7785,7.2428,6.7785,7.2428,22526.0,163151.31279999999
2010-03-16 00:00:00,7.8,7.9857,7.3357,7.3357,50289.0,368905.0173
2010-03-17 00:00:00,7.3357,7.5214,7.3357,7.4285,13832.0,102751.012
2010-03-18 00:00:00,7.5214,7.7071,7.5214,7.7071,16560.0,127629.576
2010-03-19 00:00:00,7.8,7.8928,7.4285,7.8,20934.0,163285.19999999998
2010-03-22 00:00:00,7.9857,8.7285,7.9857,8.1714,39388.0,321855.1032
2010-03-23 00:00:00,8.1714,8.45,8.0785,8.2642,37349.0,308659.6058
2010-03-24 00:00:00,8.6357,8.9142,8.5428,8.5428,29519.0,252174.91319999998
2010-03-25 00:00:00,8.5428,8.5428,8.2642,8.2642,9770.0,80741.23400000001
2010-03-26 00:00:00,8.45,8.45,8.1714,8.3571,9620.0,80395.30200000001
2010-03-29 00:00:00,8.45,8.5428,8.0785,8.1714,12846.0,104969.80440000001
2010-03-30 00:00:00,8.0785,8.2642,8.0785,8.1714,6366.0,52019.1324
2010-03-31 00:00:00,8.2642,8.2642,8.0785,8.2642,22303.0,184316.45260000002
2010-04-01 00:00:00,8.2642,8.5428,8.1714,8.3571,12530.0,104714.46300000002
2010-04-06 00:00:00,8.3571,8.3571,8.1714,8.1714,10561.0,86298.1554
2010-04-07 00:00:00,8.1714,8.1714,7.8928,7.8928,11189.0,88312.5392
2010-04-08 00:00:00,7.8928,7.9857,7.8928,7.9857,4914.0,39241.7298
2010-04-09 00:00:00,7.9857,7.9857,7.8928,7.8928,5020.0,39621.856
2010-04-12 00:00:00,7.8928,8.1714,7.5214,7.7071,13218.0,101872.4478
2010-04-13 00:00:00,7.7071,7.8928,7.5214,7.5214,23394.0,175955.6316
2010-04-14 00:00:00,7.5214,7.6142,7.4285,7.6142,2250.0,17131.95
2010-04-15 00:00:00,7.6142,7.7071,7.5214,7.6142,8399.0,63951.6658
2010-04-16 00:00:00,7.5214,7.5214,7.2428,7.5214,12960.0,97477.344
2010-04-19 00:00:00,7.4285,7.5214,7.15,7.15,15638.0,111811.70000000001
2010-04-20 00:00:00,7.15,7.2428,7.0571,7.15,8304.0,59373.600000000006
2010-04-21 00:00:00,7.4285,7.7071,7.3357,7.6142,6769.0,51540.5198
2010-04-22 00:00:00,7.6142,7.7071,7.6142,7.7071,2315.0,17841.9365
2010-04-23 00:00:00,7.7071,7.8928,7.6142,7.6142,11149.0,84890.7158
2010-04-27 00:00:00,7.6142,7.6142,7.6142,7.6142,4415.0,33616.693
2010-04-28 00:00:00,7.5214,7.5214,7.3357,7.3357,8191.0,60086.7187
2010-04-29 00:00:00,7.4285,7.4285,7.0571,7.0571,7580.0,53492.818
2010-04-30 00:00:00,7.15,7.2428,6.7785,7.2428,15405.0,111575.334
2010-05-03 00:00:00,6.8714,6.8714,6.5,6.5928,5556.0,36629.5968
2010-05-04 00:00:00,6.4071,6.5,6.0357,6.1285,25309.0,155106.2065
2010-05-05 00:00:00,5.5714,5.9428,5.2,5.9428,14713.0,87436.4164
2010-05-06 00:00:00,5.7571,5.7571,5.2928,5.5714,17939.0,99945.3446
2010-05-07 00:00:00,5.5714,5.5714,5.3857,5.3857,8570.0,46155.449
2010-05-10 00:00:00,5.3857,6.3142,5.3857,6.3142,6299.0,39773.1458
2010-05-11 00:00:00,6.8714,6.9642,6.5928,6.6857,17051.0,113997.8707
2010-05-12 00:00:00,6.5928,7.2428,6.1285,6.8714,17694.0,121582.5516
2010-05-13 00:00:00,6.9642,7.3357,6.9642,6.9642,8966.0,62441.0172
2010-05-14 00:00:00,6.9642,7.0571,6.7785,6.7785,3979.0,26971.6515
2010-05-17 00:00:00,6.7785,6.7785,6.1285,6.4071,6636.0,42517.5156
2010-05-18 00:00:00,6.3142,6.4071,6.3142,6.4071,1238.0,7931.989799999999
2010-05-19 00:00:00,6.4071,6.4071,6.4071,6.4071,2154.0,13800.893399999999
2010-05-20 00:00:00,6.4071,6.5,6.0357,6.4071,4147.0,26570.2437
2010-05-21 00:00:00,5.5714,6.0357,5.2928,6.0357,10877.0,65650.3089
2010-05-24 00:00:00,6.0357,6.0357,5.6643,5.6643,1993.0,11288.9499
2010-05-25 00:00:00,5.9428,5.9428,5.7571,5.7571,1443.0,8307.4953
2010-05-26 00:00:00,5.7571,5.7571,5.2,5.2,9627.0,50060.4
2010-05-27 00:00:00,5.5714,5.85,5.5714,5.6643,1771.0,10031.4753
2010-05-28 00:00:00,5.9428,6.0357,5.5714,5.5714,10690.0,59558.265999999996
2010-05-31 00:00:00,5.6643,5.85,5.5714,5.85,5977.0,34965.45
2010-06-01 00:00:00,5.85,5.85,5.5714,5.5714,2330.0,12981.362
2010-06-02 00:00:00,5.7571,5.85,5.5714,5.5714,5426.0,30230.4164
2010-06-03 00:00:00,5.5714,5.5714,5.4785,5.4785,7679.0,42069.4015
2010-06-04 00:00:00,5.3857,5.7571,5.3857,5.7571,7353.0,42331.956300000005
2010-06-07 00:00:00,5.3857,5.5714,5.3857,5.5714,6153.0,34280.824199999995
2010-06-08 00:00:00,5.5714,5.7571,5.3857,5.3857,3315.0,17853.5955
2010-06-09 00:00:00,5.6643,5.85,5.6643,5.85,8404.0,49163.399999999994
2010-06-10 00:00:00,5.9428,6.0357,5.85,6.0357,3232.0,19507.382400000002
2010-06-11 00:00:00,6.3142,6.6857,6.1285,6.6857,18231.0,121886.99669999999
2010-06-15 00:00:00,6.6857,6.6857,6.5,6.6857,10263.0,68615.3391
2010-06-16 00:00:00,6.6857,6.8714,6.5,6.5,3823.0,24849.5
2010-06-17 00:00:00,6.5,6.5928,6.5,6.5,8001.0,52006.5
2010-06-18 00:00:00,6.6857,6.9642,6.5,6.9642,19255.0,134095.671
2010-06-21 00:00:00,7.0571,7.4285,7.0571,7.4285,12062.0,89602.567
2010-06-22 00:00:00,7.4285,7.5214,7.15,7.15,13343.0,95402.45000000001
2010-06-23 00:00:00,7.15,7.4285,7.15,7.2428,14373.0,104100.7644
2010-06-24 00:00:00,7.15,7.5214,7.15,7.4285,2379.0,17672.4015
2010-06-25 00:00:00,7.4285,7.4285,7.4285,7.4285,2257.0,16766.124499999998
2010-06-28 00:00:00,7.2428,7.3357,7.15,7.15,9472.0,67724.8
2010-06-29 00:00:00,7.2428,7.4285,7.2428,7.2428,3585.0,25965.438
2010-06-30 00:00:00,7.2428,7.2428,6.5928,6.6857,9636.0,64423.4052
2010-07-01 00:00:00,6.6857,6.9642,6.6857,6.6857,1190.0,7955.982999999999
2010-07-02 00:00:00,6.7785,6.7785,6.3142,6.3142,3684.0,23261.512799999997
2010-07-05 00:00:00,6.3142,7.2428,6.3142,7.2428,2421.0,17534.8188
2010-07-06 00:00:00,7.2428,7.2428,6.3142,6.5,1798.0,11687.0
2010-07-07 00:00:00,6.5,6.5,6.5,6.5,599.0,3893.5
2010-07-08 00:00:00,7.2428,7.5214,6.9642,6.9642,25413.0,176981.2146
2010-07-09 00:00:00,6.9642,7.2428,6.9642,7.2428,7552.0,54697.6256
2010-07-12 00:00:00,7.2428,7.4285,6.9642,6.9642,3660.0,25488.972
2010-07-13 00:00:00,7.2428,7.2428,7.0571,7.0571,3155.0,22265.1505
2010-07-14 00:00:00,7.0571,7.0571,6.7785,6.7785,2553.0,17305.5105
2010-07-15 00:00:00,6.7785,6.7785,6.5,6.7785,2143.0,14526.3255
2010-07-16 00:00:00,6.5928,6.5928,6.5928,6.5928,431.0,2841.4968000000003
2010-07-19 00:00:00,6.5928,6.7785,6.5,6.7785,4483.0,30388.0155
2010-07-20 00:00:00,7.0571,7.15,6.9642,6.9642,4148.0,28887.5016
2010-07-21 00:00:00,7.15,7.2428,7.15,7.15,5768.0,41241.200000000004
2010-07-22 00:00:00,7.2428,7.6142,7.2428,7.6142,7452.0,56741.0184
2010-07-23 00:00:00,7.6142,7.6142,7.15,7.15,5934.0,42428.1
2010-07-26 00:00:00,7.15,7.15,7.15,7.15,30940.0,221221.0
2010-07-27 00:00:00,7.15,7.4285,7.15,7.4285,9704.0,72086.16399999999
2010-07-28 00:00:00,7.4285,7.5214,7.3357,7.4285,11625.0,86356.3125
2010-07-29 00:00:00,7.4285,7.4285,7.2428,7.2428,6159.0,44608.4052
2010-07-30 00:00:00,7.2428,7.2428,7.2428,7.2428,3473.0,25154.2444
2010-08-02 00:00:00,7.2428,7.4285,7.2428,7.4285,3636.0,27010.025999999998
2010-08-04 00:00:00,7.3357,7.3357,7.2428,7.2428,4092.0,29637.5376
2010-08-05 00:00:00,7.4285,7.4285,7.3357,7.4285,7334.0,54480.619
2010-08-06 00:00:00,7.2428,7.2428,7.2428,7.2428,5400.0,39111.12
2010-08-09 00:00:00,7.2428,7.4285,7.15,7.2428,11811.0,85544.7108
2010-08-10 00:00:00,7.2428,7.5214,7.2428,7.4285,13678.0,101607.023
2010-08-11 00:00:00,7.4285,7.6142,7.3357,7.5214,26594.0,200024.1116
2010-08-12 00:00:00,7.2428,7.3357,7.15,7.2428,6919.0,50112.9332
2010-08-13 00:00:00,7.4285,7.5214,7.2428,7.2428,14310.0,103644.468
2010-08-16 00:00:00,7.3357,7.3357,7.2428,7.2428,9660.0,69965.448
2010-08-17 00:00:00,7.2428,7.2428,7.15,7.15,7034.0,50293.100000000006
2010-08-18 00:00:00,7.15,7.15,7.0571,7.0571,5536.0,39068.1056
2010-08-19 00:00:00,7.0571,7.0571,6.7785,6.8714,7278.0,50010.0492
2010-08-20 00:00:00,6.9642,6.9642,6.8714,6.8714,571.0,3923.5694000000003
2010-08-23 00:00:00,6.8714,6.8714,6.7785,6.8714,5428.0,37297.959200000005
2010-08-24 00:00:00,7.0571,7.4285,7.0571,7.4285,28355.0,210635.1175
2010-08-25 00:00:00,7.4285,7.5214,7.3357,7.4285,13904.0,103285.864
2010-08-26 00:00:00,7.5214,7.5214,7.4285,7.5214,11454.0,86150.1156
2010-08-27 00:00:00,7.7071,8.1714,7.6142,7.9857,33743.0,269461.4751
2010-08-30 00:00:00,7.9857,8.0785,7.5214,7.7071,11697.0,90149.9487
2010-08-31 00:00:00,7.8,7.8928,7.6142,7.6142,20113.0,153144.4046
2010-09-01 00:00:00,7.8928,7.8928,7.8,7.8,3483.0,27167.399999999998
2010-09-02 00:00:00,7.6142,7.8928,7.6142,7.8928,15825.0,124903.56
2010-09-03 00:00:00,7.8928,7.9857,7.8,7.8928,3419.0,26985.483200000002
2010-09-08 00:00:00,7.9857,8.0785,7.5214,7.5214,25917.0,194932.1238
2010-09-09 00:00:00,7.6142,7.8928,7.5214,7.7071,11898.0,91699.07579999999
2010-09-10 00:00:00,7.7071,7.8,7.6142,7.7071,5969.0,46003.679899999996
2010-09-13 00:00:00,7.7071,7.7071,7.5214,7.5214,12882.0,96890.6748
2010-09-14 00:00:00,7.7071,7.7071,7.5214,7.6142,12042.0,91690.1964
2010-09-15 00:00:00,7.5214,7.5214,7.2428,7.4285,30527.0,226769.81949999998
2010-09-16 00:00:00,7.4285,7.6142,7.4285,7.6142,2947.0,22439.0474
2010-09-17 00:00:00,7.4285,7.6142,7.4285,7.5214,14980.0,112670.572
2010-09-20 00:00:00,7.3357,7.5214,7.2428,7.3357,17026.0,124897.6282
2010-09-21 00:00:00,7.3357,7.4285,7.15,7.15,29282.0,209366.30000000002
2010-09-22 00:00:00,7.3357,7.3357,7.2428,7.2428,11079.0,80242.9812
2010-09-23 00:00:00,7.3357,7.3357,7.2428,7.3357,25149.0,184485.5193
2010-09-24 00:00:00,7.3357,7.3357,7.15,7.15,14569.0,104168.35
2010-09-27 00:00:00,7.4285,7.4285,7.3357,7.3357,12184.0,89378.1688
2010-09-28 00:00:00,7.3357,7.3357,7.2428,7.2428,11704.0,84769.7312
2010-09-29 00:00:00,7.2428,7.3357,7.15,7.2428,8517.0,61686.9276
2010-09-30 00:00:00,7.2428,7.2428,7.15,7.2428,10614.0,76875.0792
2010-10-01 00:00:00,7.2428,7.2428,7.15,7.15,2515.0,17982.25
2010-10-04 00:00:00,7.2428,7.3357,7.15,7.2428,8190.0,59318.532
2010-10-05 00:00:00,7.2428,7.2428,7.0571,7.15,11278.0,80637.7
2010-10-06 00:00:00,7.15,7.3357,7.15,7.3357,21872.0,160446.4304
2010-10-07 00:00:00,7.3357,7.4285,7.2428,7.2428,60832.0,440594.0096
2010-10-08 00:00:00,7.2428,7.5214,7.2428,7.4285,21566.0,160203.031
2010-10-11 00:00:00,7.5214,7.5214,7.4285,7.4285,12100.0,89884.84999999999
2010-10-12 00:00:00,7.4285,7.5214,7.3357,7.4285,22333.0,165900.6905
2010-10-13 00:00:00,7.5214,7.5214,7.4285,7.4285,9951.0,73921.00349999999
2010-10-14 00:00:00,7.4285,7.5214,7.4285,7.5214,11494.0,86450.9716
2010-10-15 00:00:00,7.5214,7.6142,7.5214,7.6142,5214.0,39700.4388
2010-10-18 00:00:00,7.7071,8.1714,7.7071,7.9857,63875.0,510086.58749999997
2010-10-19 00:00:00,8.7285,9.0999,8.2642,8.3571,82096.0,686084.4816
2010-10-20 00:00:00,8.45,8.45,8.1714,8.45,24009.0,202876.05
2010-10-21 00:00:00,8.7285,9.2857,8.6357,9.2857,80217.0,744870.9969
2010-10-22 00:00:00,9.2857,9.7499,9.2857,9.2857,59244.0,550122.0108
2010-10-25 00:00:00,9.2857,9.7499,8.7285,9.7499,32789.0,319689.4711
2010-10-26 00:00:00,9.2857,9.2857,8.8214,8.8214,47498.0,418998.8572
2010-10-27 00:00:00,9.0999,9.2857,8.3571,8.5428,66741.0,570155.0148
2010-10-28 00:00:00,8.6357,9.0999,8.5428,9.0999,29314.0,266754.4686
2010-10-29 00:00:00,8.9142,9.0999,8.5428,8.7285,34601.0,302014.8285
2010-11-01 00:00:00,8.9142,9.2857,8.8214,8.8214,44491.0,392472.9074
2010-11-02 00:00:00,8.9142,8.9142,8.8214,8.9142,4883.0,43528.0386
2010-11-03 00:00:00,9.2857,9.2857,8.9142,8.9142,23456.0,209091.4752
2010-11-04 00:00:00,9.0071,9.0071,8.8214,8.9142,35870.0,319752.354
2010-11-05 00:00:00,9.0999,9.7499,8.8214,9.2857,61561.0,571636.9777
2010-11-08 00:00:00,9.2857,9.7499,8.9142,9.0999,23334.0,212337.0666
2010-11-09 00:00:00,9.2857,10.6785,9.2857,10.2142,164979.0,1685128.5018
2010-11-10 00:00:00,10.2142,11.1428,10.2142,11.1428,70754.0,788397.6712
2010-11-11 00:00:00,10.6785,11.1428,10.2142,11.1428,62306.0,694263.2968
2010-11-12 00:00:00,11.1428,12.0714,11.1428,11.1428,78339.0,872915.8091999999
2010-11-15 00:00:00,10.6785,10.6785,10.2142,10.6785,24012.0,256412.142
2010-11-16 00:00:00,10.2142,10.6785,10.2142,10.2142,52821.0,539524.2582
2010-11-17 00:00:00,10.2142,10.2142,9.7499,9.7499,55059.0,536819.7441
2010-11-18 00:00:00,10.2142,10.2142,9.7499,9.7499,7205.0,70248.0295
2010-11-19 00:00:00,10.2142,10.2142,9.7499,10.2142,30588.0,312431.9496
2010-11-22 00:00:00,9.7499,10.6785,9.7499,10.2142,23543.0,240472.9106
2010-11-23 00:00:00,10.6785,10.6785,9.2857,9.7499,26307.0,256490.61930000002
2010-11-24 00:00:00,9.7499,9.7499,9.7499,9.7499,4305.0,41973.3195
2010-11-25 00:00:00,9.7499,9.7499,9.7499,9.7499,4717.0,45990.2783
2010-11-26 00:00:00,10.2142,10.2142,9.7499,10.2142,8131.0,83051.6602
2010-11-29 00:00:00,10.2142,10.2142,9.7499,9.7499,42414.0,413532.2586
2010-11-30 00:00:00,9.7499,9.7499,9.2857,9.7499,8396.0,81860.16040000001
2010-12-01 00:00:00,9.2857,10.2142,9.2857,10.2142,20892.0,213395.0664
2010-12-02 00:00:00,9.7499,10.2142,9.7499,10.2142,44926.0,458883.1492
2010-12-03 00:00:00,10.2142,10.2142,9.7499,10.2142,7713.0,78782.1246
2010-12-06 00:00:00,10.2142,10.2142,9.7499,9.7499,18625.0,181591.8875
2010-12-07 00:00:00,9.7499,9.7499,9.7499,9.7499,14561.0,141968.2939
2010-12-08 00:00:00,9.7499,9.7499,9.2857,9.2857,21253.0,197348.9821
2010-12-09 00:00:00,9.7499,9.7499,9.7499,9.7499,7506.0,73182.7494
2010-12-10 00:00:00,9.7499,9.7499,9.7499,9.7499,13192.0,128620.6808
2010-12-13 00:00:00,10.2142,10.6785,9.7499,10.2142,28521.0,291319.1982
2010-12-14 00:00:00,10.2142,10.2142,9.7499,10.2142,13283.0,135675.2186
2010-12-15 00:00:00,10.6785,11.1428,10.2142,11.1428,20989.0,233876.22919999997
2010-12-16 00:00:00,11.1428,11.1428,10.6785,11.1428,39922.0,444842.8616
2010-12-17 00:00:00,10.6785,11.1428,10.6785,10.6785,19673.0,210078.1305
2010-12-20 00:00:00,10.6785,11.6071,10.2142,10.6785,34807.0,371686.54949999996
2010-12-21 00:00:00,11.1428,11.6071,10.6785,11.6071,24173.0,280578.4283
2010-12-22 00:00:00,11.6071,12.0714,11.6071,11.6071,20829.0,241764.28590000002
2010-12-23 00:00:00,11.6071,11.6071,10.6785,10.6785,28786.0,307391.301
2010-12-24 00:00:00,11.1428,11.6071,10.6785,11.1428,8840.0,98502.352
2010-12-29 00:00:00,11.6071,11.6071,11.1428,11.1428,9656.0,107594.8768
2010-12-30 00:00:00,11.6071,12.0714,11.1428,11.6071,5697.0,66125.6487
2010-12-31 00:00:00,11.6071,11.6071,11.1428,11.6071,6199.0,71952.41290000001
2011-01-04 00:00:00,11.6071,12.0714,11.6071,11.6071,23114.0,268286.50940000004
2011-01-05 00:00:00,12.0714,12.5356,11.6071,12.5356,25893.0,324584.2908
2011-01-06 00:00:00,12.9999,13.4642,12.5356,12.9999,24763.0,321916.5237
2011-01-07 00:00:00,12.9999,13.4642,12.5356,12.9999,15016.0,195206.4984
2011-01-10 00:00:00,13.4642,13.4642,12.9999,12.9999,24110.0,313427.589
2011-01-11 00:00:00,12.9999,13.4642,12.9999,12.9999,11782.0,153164.8218
2011-01-12 00:00:00,12.5356,12.9999,12.5356,12.5356,3674.0,46055.7944
2011-01-13 00:00:00,12.9999,13.9285,12.5356,13.9285,64800.0,902566.7999999999
2011-01-14 00:00:00,13.4642,14.8571,12.9999,14.3928,116471.0,1676343.8088
2011-01-17 00:00:00,14.8571,14.8571,12.9999,13.9285,58661.0,817059.7385
2011-01-18 00:00:00,13.9285,14.3928,13.4642,13.9285,29980.0,417576.43
2011-01-19 00:00:00,13.9285,13.9285,13.4642,13.4642,29449.0,396507.2258
2011-01-20 00:00:00,12.9999,13.4642,12.5356,12.5356,24901.0,312148.9756
2011-01-21 00:00:00,12.9999,13.9285,12.5356,12.5356,85212.0,1068183.5472000001
2011-01-24 00:00:00,12.9999,12.9999,11.1428,12.0714,76604.0,924717.5256
2011-01-25 00:00:00,12.0714,12.0714,11.1428,11.1428,32535.0,362530.99799999996
2011-01-27 00:00:00,11.6071,12.0714,11.6071,12.0714,21257.0,256601.74980000002
2011-01-28 00:00:00,11.6071,12.5356,11.6071,11.6071,17370.0,201615.32700000002
2011-01-31 00:00:00,11.6071,11.6071,11.1428,11.6071,15137.0,175696.67270000002
2011-02-01 00:00:00,11.1428,11.6071,11.1428,11.1428,3957.0,44092.0596
2011-02-02 00:00:00,11.6071,12.0714,11.1428,12.0714,14528.0,175373.2992
2011-02-03 00:00:00,12.0714,12.0714,11.6071,11.6071,10554.0,122501.3334
2011-02-04 00:00:00,11.6071,11.6071,11.6071,11.6071,6138.0,71244.37980000001
2011-02-07 00:00:00,11.6071,11.6071,11.1428,11.6071,7125.0,82700.58750000001
2011-02-08 00:00:00,11.6071,11.6071,11.1428,11.6071,16395.0,190298.4045
2011-02-09 00:00:00,12.0714,12.0714,11.6071,11.6071,21530.0,249900.863
2011-02-10 00:00:00,11.6071,11.6071,11.1428,11.1428,35184.0,392048.2752
2011-02-11 00:00:00,11.1428,11.1428,10.2142,11.1428,12558.0,139931.2824
2011-02-14 00:00:00,11.1428,11.1428,10.6785,11.1428,17703.0,197260.9884
2011-02-15 00:00:00,11.1428,11.1428,11.1428,11.1428,16154.0,180000.79119999998
2011-02-16 00:00:00,11.1428,11.6071,10.6785,11.1428,7237.0,80640.4436
2011-02-17 00:00:00,11.1428,12.0714,11.1428,11.6071,19424.0,225456.31040000002
2011-02-18 00:00:00,11.6071,11.6071,11.6071,11.6071,20871.0,242251.78410000002
2011-02-21 00:00:00,11.1428,11.6071,11.1428,11.1428,15350.0,171041.97999999998
2011-02-22 00:00:00,11.1428,11.6071,10.2142,10.2142,40489.0,413562.7438
2011-02-23 00:00:00,10.2142,10.6785,10.2142,10.6785,13358.0,142643.403
2011-02-24 00:00:00,10.6785,11.1428,10.2142,10.2142,18635.0,190341.617
2011-02-25 00:00:00,10.6785,10.6785,10.2142,10.6785,21085.0,225156.1725
2011-02-28 00:00:00,10.6785,11.1428,10.6785,10.6785,5946.0,63494.361
2011-03-01 00:00:00,10.6785,11.1428,10.6785,10.6785,74551.0,796092.8535
2011-03-02 00:00:00,10.6785,11.1428,10.6785,11.1428,26712.0,297646.47359999997
2011-03-03 00:00:00,11.1428,11.1428,10.6785,11.1428,113982.0,1270078.6295999999
2011-03-04 00:00:00,11.1428,11.1428,10.6785,10.6785,17601.0,187952.2785
2011-03-07 00:00:00,11.1428,11.1428,10.2142,10.6785,5439.0,58080.3615
2011-03-08 00:00:00,11.1428,11.1428,10.6785,10.6785,14646.0,156397.311
2011-03-09 00:00:00,10.6785,11.1428,10.6785,10.6785,12292.0,131260.122
2011-03-10 00:00:00,10.6785,10.6785,10.2142,10.2142,15926.0,162671.3492
2011-03-11 00:00:00,10.2142,10.2142,9.7499,9.7499,20776.0,202563.9224
2011-03-14 00:00:00,10.2142,10.2142,9.2857,9.2857,15413.0,143120.4941
2011-03-15 00:00:00,9.0071,9.0999,7.9857,7.9857,14054.0,112231.0278
2011-03-16 00:00:00,8.3571,9.7499,8.1714,9.7499,19341.0,188572.81590000002
2011-03-17 00:00:00,9.1928,9.2857,8.6357,9.2857,9208.0,85502.7256
2011-03-18 00:00:00,9.2857,9.2857,9.1928,9.1928,20283.0,186457.5624
2011-03-21 00:00:00,9.1928,9.2857,9.1928,9.2857,11790.0,109478.403
2011-03-22 00:00:00,9.7499,9.7499,9.7499,9.7499,6634.0,64680.8366
2011-03-23 00:00:00,10.2142,10.2142,9.7499,10.2142,9445.0,96473.119
2011-03-24 00:00:00,10.2142,10.2142,9.7499,10.2142,9741.0,99496.5222
2011-03-25 00:00:00,10.2142,10.6785,9.7499,9.7499,16499.0,160863.6001
2011-03-28 00:00:00,10.2142,10.2142,9.1928,9.2857,27083.0,251484.61310000002
2011-03-29 00:00:00,9.2857,9.2857,9.1928,9.1928,2590.0,23809.352
2011-03-30 00:00:00,9.1928,9.1928,8.6357,8.6357,7356.0,63524.2092
2011-03-31 00:00:00,8.8214,9.1928,8.8214,9.1928,9506.0,87386.7568
2011-04-01 00:00:00,9.1928,9.7499,9.0999,9.2857,35218.0,327023.78260000004
2011-04-04 00:00:00,9.7499,11.1428,9.7499,11.1428,52234.0,582033.0152
2011-04-05 00:00:00,11.1428,11.1428,10.6785,11.1428,29847.0,332579.1516
2011-04-06 00:00:00,10.6785,11.1428,10.6785,10.6785,11780.0,125792.73
2011-04-07 00:00:00,10.6785,10.6785,10.2142,10.2142,18442.0,188370.2764
2011-04-08 00:00:00,10.2142,10.2142,9.7499,10.2142,16985.0,173488.187
2011-04-11 00:00:00,10.2142,10.2142,9.2857,9.7499,15622.0,152312.9378
2011-04-12 00:00:00,9.7499,9.7499,9.2857,9.2857,27194.0,252515.32580000002
2011-04-13 00:00:00,9.2857,9.7499,9.2857,9.2857,12195.0,113239.1115
2011-04-14 00:00:00,9.7499,9.7499,9.2857,9.2857,11825.0,109803.4025
2011-04-15 00:00:00,9.2857,9.7499,9.2857,9.2857,2960.0,27485.672000000002
2011-04-18 00:00:00,9.7499,9.7499,9.2857,9.2857,31195.0,289667.4115
2011-04-19 00:00:00,9.2857,9.2857,8.9142,9.1928,34316.0,315460.1248
2011-04-20 00:00:00,9.7499,9.7499,9.2857,9.2857,4297.0,39900.6529
2011-04-21 00:00:00,9.2857,9.2857,9.1928,9.1928,10986.0,100992.1008
2011-04-27 00:00:00,9.1928,9.1928,9.0071,9.0999,8433.0,76739.4567
2011-04-28 00:00:00,8.9142,9.0999,8.6357,8.7285,15143.0,132175.6755
2011-04-29 00:00:00,9.0999,9.0999,8.5428,8.7285,13600.0,118707.6
2011-05-02 00:00:00,8.6357,8.6357,8.45,8.5428,10803.0,92287.86839999999
2011-05-03 00:00:00,8.45,8.45,8.2642,8.3571,8279.0,69188.4309
2011-05-04 00:00:00,8.45,8.45,8.3571,8.3571,9136.0,76350.46560000001
2011-05-05 00:00:00,8.45,8.6357,8.3571,8.45,8135.0,68740.75
2011-05-06 00:00:00,8.6357,8.7285,8.3571,8.3571,9632.0,80495.58720000001
2011-05-09 00:00:00,8.45,8.45,8.2642,8.3571,6213.0,51922.6623
2011-05-10 00:00:00,8.2642,8.8214,8.2642,8.5428,16351.0,139683.3228
2011-05-11 00:00:00,8.5428,8.8214,8.3571,8.8214,2497.0,22027.0358
2011-05-12 00:00:00,8.7285,8.7285,8.3571,8.3571,9591.0,80152.9461
2011-05-13 00:00:00,8.2642,8.2642,8.1714,8.2642,1346.0,11123.613200000002
2011-05-16 00:00:00,8.2642,8.2642,7.5214,7.8928,9963.0,78635.9664
2011-05-17 00:00:00,7.8928,7.8928,7.5214,7.8,13338.0,104036.4
2011-05-18 00:00:00,7.7071,7.7071,7.4285,7.5214,69731.0,524474.7434
2011-05-19 00:00:00,7.6142,7.8,7.6142,7.6142,35344.0,269116.2848
2011-05-20 00:00:00,7.6142,7.8,7.5214,7.5214,10388.0,78132.3032
2011-05-23 00:00:00,7.8,7.8,7.4285,7.4285,16154.0,119999.989
2011-05-24 00:00:00,7.4285,7.4285,6.9642,6.9642,19130.0,133225.146
2011-05-25 00:00:00,7.0571,7.0571,6.8714,6.8714,79036.0,543087.9704
2011-05-26 00:00:00,6.8714,7.0571,6.6857,6.8714,22052.0,151528.1128
2011-05-27 00:00:00,6.8714,7.2428,6.7785,7.2428,23968.0,173595.4304
2011-05-30 00:00:00,6.8714,7.0571,6.8714,6.9642,3433.0,23908.0986
2011-05-31 00:00:00,6.9642,7.15,6.7785,7.15,10855.0,77613.25
2011-06-01 00:00:00,7.8928,8.3571,7.6142,7.8928,149080.0,1176658.624
2011-06-02 00:00:00,7.5214,7.6142,7.3357,7.3357,20901.0,153323.4657
2011-06-03 00:00:00,7.4285,7.5214,7.4285,7.5214,10974.0,82539.8436
2011-06-06 00:00:00,7.4285,7.4285,7.2428,7.2428,27753.0,201009.4284
2011-06-07 00:00:00,7.2428,7.5214,6.9642,7.15,5039.0,36028.85
2011-06-08 00:00:00,7.15,7.4285,7.15,7.4285,786.0,5838.8009999999995
2011-06-09 00:00:00,7.4285,7.5214,7.4285,7.4285,14911.0,110766.36349999999
2011-06-10 00:00:00,7.6142,7.6142,7.3357,7.4285,4121.0,30612.8485
2011-06-14 00:00:00,7.4285,7.4285,7.4285,7.4285,3668.0,27247.737999999998
2011-06-15 00:00:00,7.3357,7.6142,7.0571,7.6142,8699.0,66235.9258
2011-06-16 00:00:00,7.4285,7.4285,7.15,7.15,37293.0,266644.95
2011-06-17 00:00:00,7.2428,8.0785,7.2428,7.8,39950.0,311610.0
2011-06-20 00:00:00,7.8,8.1714,7.7071,7.7071,21625.0,166666.0375
2011-06-21 00:00:00,7.7071,7.7071,7.3357,7.4285,15124.0,112348.63399999999
2011-06-22 00:00:00,7.5214,7.7071,7.4285,7.6142,31965.0,243387.90300000002
2011-06-23 00:00:00,7.5214,7.6142,7.4285,7.4285,6102.0,45328.706999999995
2011-06-24 00:00:00,7.6142,7.6142,7.4285,7.5214,8623.0,64857.0322
2011-06-27 00:00:00,7.4285,7.4285,6.8714,6.8714,13578.0,93299.8692
2011-06-28 00:00:00,7.2428,7.2428,7.15,7.2428,2218.0,16064.5304
2011-06-29 00:00:00,7.2428,7.4285,7.2428,7.2428,9157.0,66322.3196
2011-06-30 00:00:00,7.4285,7.5214,7.2428,7.5214,24446.0,183868.1444
2011-07-01 00:00:00,7.5214,7.5214,7.5214,7.5214,108.0,812.3112
2011-07-04 00:00:00,7.6142,7.6142,7.5214,7.6142,4315.0,32855.273
2011-07-05 00:00:00,7.6142,7.7071,7.5214,7.6142,3775.0,28743.605
2011-07-06 00:00:00,7.6142,7.8928,7.5214,7.5214,3777.0,28408.3278
2011-07-07 00:00:00,7.6142,7.7071,7.5214,7.5214,2315.0,17412.041
2011-07-08 00:00:00,7.5214,7.7071,7.5214,7.5214,4534.0,34102.0276
2011-07-11 00:00:00,7.7071,7.7071,7.5214,7.5214,1466.0,11026.3724
2011-07-12 00:00:00,7.5214,7.5214,7.0571,7.15,9143.0,65372.450000000004
2011-07-13 00:00:00,7.2428,7.2428,7.15,7.2428,2531.0,18331.5268
2011-07-14 00:00:00,7.3357,7.7071,7.2428,7.2428,5938.0,43007.746399999996
2011-07-15 00:00:00,7.4285,7.4285,7.3357,7.4285,4524.0,33606.534
2011-07-18 00:00:00,7.3357,7.3357,7.3357,7.3357,1861.0,13651.7377
2011-07-19 00:00:00,7.2428,7.2428,7.15,7.2428,3926.0,28435.232799999998
2011-07-20 00:00:00,7.3357,7.4285,7.2428,7.3357,5052.0,37059.9564
2011-07-21 00:00:00,7.3357,7.3357,7.2428,7.2428,13946.0,101008.0888
2011-07-22 00:00:00,7.3357,7.7071,7.3357,7.3357,10178.0,74662.7546
2011-07-25 00:00:00,7.6142,7.6142,7.4285,7.4285,7942.0,58997.147
2011-07-27 00:00:00,10.2142,10.6785,9.2857,9.7499,192936.0,1881106.7064
2011-07-28 00:00:00,9.7499,10.6785,9.2857,10.2142,117238.0,1197492.3796
2011-07-29 00:00:00,10.2142,10.6785,9.7499,9.7499,47516.0,463276.2484
2011-08-01 00:00:00,9.7499,10.2142,9.7499,9.7499,16303.0,158952.6197
2011-08-02 00:00:00,9.7499,9.7499,9.2857,9.2857,34640.0,321656.648
2011-08-03 00:00:00,9.1928,9.7499,9.0999,9.2857,15906.0,147698.3442
2011-08-04 00:00:00,9.2857,9.2857,9.1928,9.2857,17546.0,162926.8922
2011-08-05 00:00:00,8.45,8.9142,8.3571,8.3571,45114.0,377022.20940000005
2011-08-08 00:00:00,7.8928,8.45,7.5214,7.6142,22984.0,175004.7728
2011-08-09 00:00:00,7.4285,7.8928,6.9642,7.8,21738.0,169556.4
2011-08-10 00:00:00,8.45,8.7285,7.6142,7.8,55823.0,435419.39999999997
2011-08-11 00:00:00,7.8928,8.2642,7.8,8.2642,11495.0,94996.979
2011-08-12 00:00:00,8.45,8.6357,8.3571,8.45,9146.0,77283.7
2011-08-15 00:00:00,8.6357,9.2857,8.6357,9.0071,36245.0,326462.3395
2011-08-16 00:00:00,9.1928,9.2857,8.9142,9.0071,15842.0,142690.47819999998
2011-08-17 00:00:00,9.0071,9.0071,8.7285,8.8214,15269.0,134693.9566
2011-08-18 00:00:00,8.8214,8.8214,8.6357,8.6357,9600.0,82902.72
2011-08-19 00:00:00,8.5428,8.6357,7.9857,8.1714,17343.0,141716.5902
2011-08-22 00:00:00,8.3571,8.3571,8.0785,8.1714,4592.0,37523.0688
2011-08-23 00:00:00,8.1714,8.1714,7.9857,7.9857,6353.0,50733.1521
2011-08-24 00:00:00,8.1714,8.45,8.1714,8.1714,9348.0,76386.2472
2011-08-25 00:00:00,8.5428,8.5428,8.3571,8.45,14298.0,120818.09999999999
2011-08-26 00:00:00,8.3571,8.5428,8.2642,8.45,16273.0,137506.84999999998
2011-08-29 00:00:00,8.3571,8.45,8.3571,8.45,8209.0,69366.04999999999
2011-08-30 00:00:00,8.5428,8.8214,8.5428,8.5428,14397.0,122990.69159999999
2011-08-31 00:00:00,8.5428,8.8214,8.5428,8.6357,3066.0,26477.0562
2011-09-01 00:00:00,8.6357,8.7285,8.6357,8.7285,28378.0,247697.37300000002
2011-09-02 00:00:00,8.7285,8.7285,8.6357,8.6357,13632.0,117721.8624
2011-09-05 00:00:00,8.5428,8.8214,8.45,8.8214,17141.0,151207.61740000002
2011-09-06 00:00:00,8.7285,8.7285,8.45,8.45,10143.0,85708.34999999999
2011-09-07 00:00:00,8.6357,8.9142,8.6357,8.6357,20379.0,175986.9303
2011-09-08 00:00:00,8.9142,9.7499,8.8214,9.7499,46218.0,450620.87820000004
2011-09-09 00:00:00,9.7499,9.7499,9.0999,9.7499,22058.0,215063.2942
2011-09-12 00:00:00,9.2857,9.2857,9.0999,9.0999,14063.0,127971.8937
2011-09-13 00:00:00,9.2857,9.7499,9.0999,9.0999,28736.0,261494.72639999999
2011-09-14 00:00:00,9.2857,9.7499,9.1928,9.1928,59713.0,548929.6664
2011-09-15 00:00:00,9.2857,9.7499,8.9142,8.9142,19376.0,172721.5392
2011-09-16 00:00:00,9.1928,9.2857,9.1928,9.2857,30985.0,287717.4145
2011-09-19 00:00:00,9.2857,9.2857,9.0999,9.0999,5572.0,50704.6428
2011-09-20 00:00:00,9.0999,9.1928,9.0071,9.0071,5751.0,51799.8321
2011-09-21 00:00:00,9.0999,9.2857,8.8214,9.2857,21882.0,203189.6874
2011-09-22 00:00:00,9.0999,9.0999,8.7285,8.9142,15117.0,134755.9614
2011-09-23 00:00:00,8.45,8.45,7.7071,7.8,42941.0,334939.8
2011-09-26 00:00:00,7.7071,7.8,6.5928,7.15,31525.0,225403.75
2011-09-27 00:00:00,7.9857,7.9857,7.4285,7.8928,12971.0,102377.50880000001
2011-09-28 00:00:00,7.8,7.9857,7.6142,7.8,8209.0,64030.2
2011-09-29 00:00:00,7.5214,7.8,7.2428,7.8,12103.0,94403.4
2011-09-30 00:00:00,7.8928,7.9857,7.7071,7.9857,7935.0,63366.5295
2011-10-03 00:00:00,7.8,8.0785,7.7071,7.8928,9409.0,74263.3552
2011-10-04 00:00:00,7.8928,7.8928,7.6142,7.6142,7002.0,53314.6284
2011-10-05 00:00:00,8.3571,8.3571,8.0089,8.125,3640.0,29575.0
2011-10-06 00:00:00,8.3571,9.0535,8.3571,8.9374,15744.0,140710.42560000002
2011-10-07 00:00:00,8.9374,8.9374,8.3571,8.3571,10394.0,86863.6974
2011-10-10 00:00:00,8.3571,8.9374,8.3571,8.7053,11582.0,100824.7846
2011-10-11 00:00:00,8.7053,9.0535,8.7053,8.7633,30034.0,263196.9522
2011-10-12 00:00:00,8.7633,8.7633,8.7053,8.7053,1895.0,16496.5435
2011-10-13 00:00:00,8.7053,8.7053,8.4732,8.7053,14334.0,124781.77019999998
2011-10-14 00:00:00,8.4732,8.4732,8.4732,8.4732,1723.0,14599.3236
2011-10-17 00:00:00,8.7053,8.7053,8.4732,8.4732,6512.0,55177.4784
2011-10-18 00:00:00,8.4732,8.4732,8.241,8.241,7754.0,63900.714
2011-10-19 00:00:00,8.241,8.241,8.125,8.125,2854.0,23188.75
2011-10-20 00:00:00,8.125,8.125,7.6607,7.8928,6666.0,52613.404800000004
2011-10-21 00:00:00,7.6607,7.7767,7.3705,7.7767,3802.0,29567.0134
2011-10-24 00:00:00,7.5446,7.6607,7.4285,7.6607,6468.0,49549.4076
2011-10-25 00:00:00,7.6607,7.6607,7.6026,7.6026,6688.0,50846.188799999996
2011-10-26 00:00:00,7.6026,7.8348,7.6026,7.8348,6303.0,49382.7444
2011-10-27 00:00:00,7.6607,8.125,7.6607,8.125,7074.0,57476.25
2011-10-28 00:00:00,8.3571,8.7053,8.3571,8.5312,147481.0,1258189.9072
2011-10-31 00:00:00,8.7053,8.7053,8.5312,8.5312,10890.0,92904.768
2011-11-01 00:00:00,8.5312,8.5312,8.125,8.125,2695.0,21896.875
2011-11-02 00:00:00,8.0089,8.0089,7.8928,7.8928,1998.0,15769.814400000001
2011-11-03 00:00:00,7.8928,8.0089,7.6607,7.6607,8120.0,62204.884000000005
2011-11-04 00:00:00,7.6607,7.8928,7.6607,7.8928,1545.0,12194.376
2011-11-07 00:00:00,7.8928,7.8928,7.7767,7.8348,668.0,5233.6464000000005
2011-11-08 00:00:00,7.8928,7.8928,7.6607,7.6607,3499.0,26804.7893
2011-11-09 00:00:00,7.7767,7.7767,7.6607,7.6607,3006.0,23028.0642
2011-11-10 00:00:00,7.3125,7.3125,6.9642,7.2544,6377.0,46261.308800000006
2011-11-11 00:00:00,7.2544,7.2544,7.1964,7.1964,5542.0,39882.4488
2011-11-14 00:00:00,7.6607,7.6607,7.2544,7.4285,11312.0,84031.192
2011-11-15 00:00:00,7.3705,7.3705,6.6741,6.9642,21192.0,147585.3264
2011-11-16 00:00:00,7.1964,7.3125,6.9642,6.9642,18895.0,131588.559
2011-11-17 00:00:00,6.9642,6.9642,6.9642,6.9642,4300.0,29946.06
2011-11-18 00:00:00,6.9642,6.9642,6.8482,6.9642,2540.0,17689.068
2011-11-21 00:00:00,6.7321,6.7321,6.2678,6.4419,8216.0,52926.650400000006
2011-11-22 00:00:00,6.3839,6.3839,6.1517,6.1517,34342.0,211261.6814
2011-11-23 00:00:00,6.1517,6.3839,6.1517,6.1517,23881.0,146908.7477
2011-11-24 00:00:00,6.2678,6.2678,6.0357,6.2678,10771.0,67510.4738
2011-11-25 00:00:00,6.2678,6.2678,6.0937,6.0937,7154.0,43594.3298
2011-11-28 00:00:00,6.0937,6.2678,6.0937,6.0937,14883.0,90692.5371
2011-11-29 00:00:00,6.0937,6.2098,5.9776,5.9776,6460.0,38615.296
2011-11-30 00:00:00,6.0357,6.2098,5.9196,5.9196,4545.0,26904.582
2011-12-01 00:00:00,6.0357,6.1517,5.9196,5.9196,15637.0,92564.7852
2011-12-02 00:00:00,6.1517,6.3839,6.1517,6.3839,5169.0,32998.3791
2011-12-05 00:00:00,6.2678,6.2678,6.0357,6.0357,8723.0,52649.411100000005
2011-12-06 00:00:00,6.1517,6.1517,6.0357,6.0357,4185.0,25259.4045
2011-12-07 00:00:00,6.1517,6.1517,5.9776,6.0357,2108.0,12723.2556
2011-12-08 00:00:00,6.0357,6.1517,5.9196,5.9196,5550.0,32853.78
2011-12-09 00:00:00,5.9196,5.9196,5.9196,5.9196,1868.0,11057.8128
2011-12-12 00:00:00,5.9196,5.9196,5.9196,5.9196,7489.0,44331.8844
2011-12-13 00:00:00,5.9196,6.0357,5.9196,6.0357,1551.0,9361.370700000001
2011-12-14 00:00:00,5.9776,5.9776,5.8035,5.9776,10985.0,65663.936
2011-12-15 00:00:00,5.9776,5.9776,5.8035,5.8035,1328.0,7707.048
2011-12-16 00:00:00,5.8035,5.8616,5.8035,5.8035,3701.0,21478.7535
2011-12-19 00:00:00,5.8035,5.8035,5.6875,5.7455,6892.0,39597.986
2011-12-20 00:00:00,5.6875,5.6875,5.6875,5.6875,16360.0,93047.5
2011-12-21 00:00:00,5.7455,5.8035,5.7455,5.7455,11568.0,66463.944
2011-12-22 00:00:00,5.7455,5.8035,5.7455,5.8035,4140.0,24026.489999999998
2011-12-23 00:00:00,5.8035,5.9196,5.8035,5.9196,4766.0,28212.8136
2011-12-29 00:00:00,5.8035,5.8035,5.8035,5.8035,1448.0,8403.467999999999
2011-12-30 00:00:00,5.6875,5.8035,5.6875,5.8035,1120.0,6499.92
2012-01-03 00:00:00,5.7455,5.7455,5.7455,5.7455,560.0,3217.48
2012-01-04 00:00:00,5.7455,5.8035,5.7455,5.8035,2941.0,17068.0935
2012-01-05 00:00:00,5.8035,5.8035,5.6875,5.6875,6123.0,34824.5625
2012-01-06 00:00:00,5.9196,5.9196,5.9196,5.9196,312.0,1846.9152
2012-01-09 00:00:00,5.7455,5.7455,5.6875,5.6875,4372.0,24865.75
2012-01-10 00:00:00,5.6875,5.6875,5.5714,5.6294,9992.0,56248.9648
2012-01-11 00:00:00,5.6294,5.9196,5.5714,5.7455,20609.0,118409.0095
2012-01-12 00:00:00,5.7455,5.8035,5.6294,5.6294,6831.0,38454.4314
2012-01-13 00:00:00,5.6875,5.8616,5.6875,5.8616,3359.0,19689.114400000002
2012-01-16 00:00:00,5.8035,5.8035,5.8035,5.8035,2460.0,14276.609999999999
2012-01-17 00:00:00,5.8035,5.8035,5.6875,5.6875,5631.0,32026.3125
2012-01-18 00:00:00,5.6875,5.6875,5.5714,5.5714,7269.0,40498.5066
2012-01-19 00:00:00,5.5714,5.6294,5.3973,5.6294,997.0,5612.5118
2012-01-20 00:00:00,5.6294,5.7455,5.6294,5.7455,6649.0,38201.8295
2012-01-23 00:00:00,5.7455,5.8616,5.5714,5.5714,10425.0,58081.844999999994
2012-01-24 00:00:00,5.6294,5.8035,5.6294,5.8035,1104.0,6407.063999999999
2012-01-25 00:00:00,5.8035,5.8035,5.6875,5.6875,5460.0,31053.75
2012-01-27 00:00:00,5.6875,5.8035,5.6875,5.8035,22093.0,128216.72549999999
2012-01-30 00:00:00,5.8035,5.9196,5.7455,5.9196,10032.0,59385.4272
2012-01-31 00:00:00,5.9196,6.3839,5.9196,6.2678,9829.0,61606.2062
2012-02-01 00:00:00,6.2678,6.558,6.2678,6.4419,7459.0,48050.1321
2012-02-02 00:00:00,6.3839,6.616,6.2678,6.616,5633.0,37267.928
2012-02-03 00:00:00,6.6741,7.0223,6.6741,7.0223,23018.0,161639.3014
2012-02-06 00:00:00,6.9642,6.9642,6.616,6.8482,17114.0,117200.0948
2012-02-07 00:00:00,6.7321,6.8482,6.7321,6.8482,4308.0,29502.0456
2012-02-08 00:00:00,6.8482,6.9642,6.8482,6.8482,20828.0,142634.3096
2012-02-09 00:00:00,6.9642,6.9642,6.3839,6.6741,10304.0,68769.9264
2012-02-10 00:00:00,6.616,6.7901,6.3839,6.7321,4882.0,32866.1122
2012-02-13 00:00:00,6.3839,6.7321,6.3259,6.7321,14245.0,95898.7645
2012-02-14 00:00:00,6.3839,6.3839,6.2678,6.2678,14523.0,91027.25940000001
2012-02-15 00:00:00,6.2098,6.3839,6.1517,6.3839,6004.0,38328.9356
2012-02-16 00:00:00,6.2098,6.3839,6.2098,6.3839,416.0,2655.7023999999997
2012-02-17 00:00:00,6.5,6.8482,6.5,6.7321,2001.0,13470.9321
2012-02-20 00:00:00,6.6741,6.6741,6.6741,6.6741,388.0,2589.5508
2012-02-21 00:00:00,6.6741,6.6741,6.3839,6.3839,784.0,5004.9776
2012-02-22 00:00:00,6.2098,6.2098,6.2098,6.2098,1077.0,6687.9546
2012-02-23 00:00:00,6.2678,6.2678,6.0357,6.0937,3781.0,23040.2797
2012-02-24 00:00:00,6.2098,6.558,6.2098,6.558,11077.0,72642.966
2012-02-27 00:00:00,6.5,6.5,6.3839,6.3839,6701.0,42778.5139
2012-02-28 00:00:00,6.3259,6.4419,6.3259,6.3839,2800.0,17874.92
2012-02-29 00:00:00,6.3259,6.3259,6.1517,6.2098,10397.0,64563.29060000001
2012-03-01 00:00:00,6.2678,6.2678,6.0357,6.0357,5584.0,33703.3488
2012-03-02 00:00:00,6.0357,6.2098,6.0357,6.1517,5614.0,34535.6438
2012-03-05 00:00:00,6.0937,6.0937,5.9196,5.9196,8804.0,52116.1584
2012-03-06 00:00:00,5.9196,6.0357,5.9196,5.9776,1419.0,8482.214399999999
2012-03-07 00:00:00,5.9196,5.9196,5.8035,5.8035,14116.0,81922.20599999999
2012-03-08 00:00:00,5.7455,5.8035,5.6875,5.8035,6989.0,40560.661499999995
2012-03-09 00:00:00,5.8035,5.8616,5.8035,5.8616,8111.0,47543.437600000005
2012-03-12 00:00:00,6.1517,6.2678,6.0357,6.2678,10892.0,68268.8776
2012-03-13 00:00:00,6.0357,6.0357,5.9196,5.9776,4685.0,28005.056
2012-03-14 00:00:00,5.9776,6.2678,5.9776,6.2678,1725.0,10811.955
2012-03-15 00:00:00,6.0357,6.0357,5.9776,6.0357,4482.0,27052.007400000002
2012-03-16 00:00:00,5.9776,5.9776,5.8616,5.9196,21999.0,130225.2804
2012-03-19 00:00:00,5.9196,6.1517,5.8035,6.1517,15033.0,92478.5061
2012-03-20 00:00:00,5.9196,6.0357,5.9196,6.0357,9535.0,57550.3995
2012-03-21 00:00:00,5.9196,6.0357,5.9196,6.0357,2473.0,14926.286100000001
2012-03-22 00:00:00,6.1517,6.2678,6.0357,6.0357,1620.0,9777.834
2012-03-23 00:00:00,5.9196,6.0357,5.9196,5.9196,4275.0,25306.29
2012-03-26 00:00:00,5.9196,5.9196,5.7455,5.7455,13289.0,76351.9495
2012-03-27 00:00:00,6.1517,6.2098,5.9776,5.9776,5931.0,35453.145599999996
2012-03-28 00:00:00,5.9776,6.0937,5.9196,5.9196,12065.0,71419.974
2012-03-29 00:00:00,5.8035,5.8035,5.6294,5.6294,13366.0,75242.5604
2012-03-30 00:00:00,5.8035,6.2678,5.8035,6.2678,7754.0,48600.5212
2012-04-02 00:00:00,6.2678,6.7321,6.1517,6.616,26219.0,173464.90399999998
2012-04-03 00:00:00,6.616,6.6741,6.5,6.6741,5783.0,38596.3203
2012-04-04 00:00:00,6.558,6.616,6.3839,6.558,14803.0,97078.074
2012-04-05 00:00:00,6.558,6.558,6.3839,6.3839,4016.0,25637.7424
2012-04-10 00:00:00,6.4419,6.4419,6.3839,6.3839,7354.0,46947.2006
2012-04-11 00:00:00,6.3259,6.3839,6.3259,6.3839,10442.0,66660.6838
2012-04-12 00:00:00,6.3259,6.616,6.3259,6.4419,6206.0,39978.4314
2012-04-13 00:00:00,6.558,6.9642,6.558,6.9642,27433.0,191048.8986
2012-04-16 00:00:00,6.9642,7.4866,6.8482,7.3705,35997.0,265315.8885
2012-04-17 00:00:00,7.3705,7.4866,7.2544,7.4285,26984.0,200450.644
2012-04-18 00:00:00,7.5446,7.8348,7.5446,7.7767,23188.0,180326.1196
2012-04-19 00:00:00,7.8348,7.8348,7.6607,7.6607,16813.0,128799.3491
2012-04-20 00:00:00,7.6607,7.6607,7.4285,7.4285,17522.0,130162.177
2012-04-23 00:00:00,7.5446,7.7767,7.5446,7.7767,6311.0,49078.7537
2012-04-24 00:00:00,7.5446,7.6607,7.4285,7.5446,16102.0,121483.1492
2012-04-26 00:00:00,7.5446,7.5446,7.3705,7.4285,7897.0,58662.864499999996
2012-04-27 00:00:00,7.4285,7.4285,7.3705,7.3705,12856.0,94755.148
2012-04-30 00:00:00,7.4285,7.4285,7.3705,7.3705,12751.0,93981.2455
2012-05-01 00:00:00,7.3705,7.3705,7.3125,7.3125,21998.0,160860.375
2012-05-02 00:00:00,7.3705,7.4285,7.3125,7.4285,14039.0,104288.71149999999
2012-05-03 00:00:00,7.6607,7.6607,7.3705,7.3705,9337.0,68818.3585
2012-05-04 00:00:00,7.3705,7.4285,7.3125,7.4285,5148.0,38241.918
2012-05-07 00:00:00,7.4285,7.4285,7.3705,7.4285,16073.0,119398.2805
2012-05-08 00:00:00,7.4285,7.4285,7.3705,7.3705,9413.0,69378.5165
2012-05-09 00:00:00,7.4285,7.4285,7.3125,7.3125,16374.0,119734.875
2012-05-10 00:00:00,7.3125,7.3125,7.1384,7.1964,9875.0,71064.45
2012-05-11 00:00:00,7.1964,7.2544,7.1964,7.2544,17270.0,125283.48800000001
2012-05-14 00:00:00,7.1964,7.1964,7.1964,7.1964,10069.0,72460.55159999999
2012-05-15 00:00:00,7.2544,7.2544,7.1964,7.1964,26893.0,193532.78519999998
2012-05-16 00:00:00,7.0803,7.1964,6.5,6.9642,25991.0,181006.5222
2012-05-17 00:00:00,6.9642,6.9642,6.558,6.558,2778.0,18218.124
2012-05-18 00:00:00,6.5,6.5,6.1517,6.3839,20445.0,130518.83549999999
2012-05-21 00:00:00,6.1517,6.1517,5.8035,5.9196,12493.0,73953.5628
2012-05-22 00:00:00,6.0357,6.3839,5.8035,6.3839,1508.0,9626.921199999999
2012-05-23 00:00:00,6.2678,6.3839,5.8035,5.8035,5260.0,30526.41
2012-05-24 00:00:00,5.8035,5.8616,5.8035,5.8035,2197.0,12750.289499999999
2012-05-25 00:00:00,5.9196,5.9196,5.9196,5.9196,4308.0,25501.6368
2012-05-28 00:00:00,5.8035,5.8616,5.8035,5.8616,4876.0,28581.1616
2012-05-29 00:00:00,5.8616,6.0937,5.8035,5.8035,5904.0,34263.864
2012-05-30 00:00:00,5.9196,5.9196,5.8035,5.8035,4965.0,28814.3775
2012-05-31 00:00:00,6.0357,6.0357,6.0357,6.0357,3769.0,22748.5533
2012-06-01 00:00:00,6.0357,6.1517,5.8035,5.8035,10812.0,62747.441999999995
2012-06-04 00:00:00,5.8035,5.8035,5.8035,5.8035,1723.0,9999.430499999999
2012-06-05 00:00:00,5.8035,5.8035,5.7455,5.7455,538.0,3091.0789999999997
2012-06-06 00:00:00,5.8035,5.8035,5.5714,5.7455,7824.0,44952.792
2012-06-07 00:00:00,5.5714,5.5714,5.5714,5.5714,862.0,4802.5468
2012-06-08 00:00:00,5.3973,5.3973,5.3973,5.3973,431.0,2326.2363
2012-06-12 00:00:00,5.4553,5.4553,5.2232,5.2232,4497.0,23488.7304
2012-06-13 00:00:00,5.2232,5.3973,5.2232,5.2232,1432.0,7479.6224
2012-06-14 00:00:00,5.2232,5.2232,5.2232,5.2232,894.0,4669.540800000001
2012-06-15 00:00:00,5.1071,5.2812,4.6428,5.2812,1934.0,10213.8408
2012-06-18 00:00:00,5.2232,5.4553,5.2232,5.3393,13588.0,72550.4084
2012-06-19 00:00:00,5.4553,5.4553,5.3393,5.4553,18988.0,103585.23640000001
2012-06-20 00:00:00,5.5714,5.5714,5.3393,5.3393,689.0,3678.7776999999996
2012-06-21 00:00:00,5.4553,5.5714,5.4553,5.5714,6828.0,38041.519199999995
2012-06-22 00:00:00,5.5714,5.5714,5.5714,5.5714,134.0,746.5676
2012-06-25 00:00:00,5.5714,5.5714,4.6428,5.2232,7470.0,39017.304000000004
2012-06-26 00:00:00,4.7589,4.875,4.7589,4.875,5046.0,24599.25
2012-06-27 00:00:00,5.0491,5.0491,4.7589,4.875,11158.0,54395.25
2012-06-28 00:00:00,4.875,4.933,4.7589,4.7589,2616.0,12449.2824
2012-06-29 00:00:00,4.7589,5.1071,4.7589,5.1071,2938.0,15004.6598
2012-07-02 00:00:00,5.1071,5.3393,5.1071,5.3393,3292.0,17576.975599999998
2012-07-03 00:00:00,5.3393,5.3393,5.2232,5.2232,167.0,872.2744
2012-07-04 00:00:00,5.1071,5.3393,5.0491,5.0491,4943.0,24957.7013
2012-07-09 00:00:00,5.4553,5.4553,5.2232,5.4553,5591.0,30500.582300000002
2012-07-10 00:00:00,5.2232,5.3973,5.2232,5.3973,1228.0,6627.884400000001
2012-07-11 00:00:00,5.2232,5.3393,5.2232,5.3393,1786.0,9535.9898
2012-07-12 00:00:00,5.3393,5.3393,5.1651,5.2232,11083.0,57888.725600000005
2012-07-13 00:00:00,5.1651,5.2812,4.4107,5.1071,18427.0,94108.53169999999
2012-07-16 00:00:00,5.0491,5.0491,4.7589,4.7589,1833.0,8723.063699999999
2012-07-17 00:00:00,4.7589,4.7589,4.6428,4.6428,6968.0,32351.030400000003
2012-07-18 00:00:00,4.6428,4.8169,4.5268,4.6428,14275.0,66275.97
2012-07-19 00:00:00,4.6428,4.7589,4.6428,4.7009,4412.0,20740.3708
2012-07-20 00:00:00,4.7009,4.7009,4.6428,4.7009,4842.0,22761.7578
2012-07-23 00:00:00,4.5268,4.5268,4.4107,4.5268,4579.0,20728.2172
2012-07-24 00:00:00,4.4107,4.5268,4.4107,4.5268,11503.0,52071.780399999996
2012-07-25 00:00:00,4.5268,4.5268,4.4107,4.4107,937.0,4132.8259
2012-07-27 00:00:00,4.5268,4.5268,4.5268,4.5268,5501.0,24901.926799999997
2012-07-30 00:00:00,4.5268,4.5268,4.2946,4.5268,6558.0,29686.754399999998
2012-07-31 00:00:00,4.2946,4.2946,4.1785,4.1785,2383.0,9957.3655
2012-08-01 00:00:00,4.4107,4.4107,3.9464,4.0625,9436.0,38333.75
2012-08-02 00:00:00,3.9464,4.0044,3.9464,3.9464,3991.0,15750.082400000001
2012-08-03 00:00:00,3.9464,4.0625,3.9464,4.0625,5600.0,22750.0
2012-08-06 00:00:00,4.0625,4.0625,3.9464,3.9464,1508.0,5951.1712
2012-08-07 00:00:00,4.0044,4.2366,4.0044,4.2366,3059.0,12959.7594
2012-08-08 00:00:00,4.1205,4.1205,4.1205,4.1205,1395.0,5748.0975
2012-08-09 00:00:00,4.1205,4.2946,4.1205,4.2946,3667.0,15748.2982
2012-08-10 00:00:00,4.2946,4.4107,4.2946,4.3527,24002.0,104473.5054
2012-08-13 00:00:00,4.3527,4.4107,4.3527,4.3527,22323.0,97165.32209999999
2012-08-14 00:00:00,4.3527,4.3527,4.2946,4.2946,15697.0,67412.3362
2012-08-15 00:00:00,4.4107,4.4107,4.2946,4.2946,2156.0,9259.1576
2012-08-16 00:00:00,4.4107,4.4107,4.2366,4.2366,8613.0,36489.8358
2012-08-17 00:00:00,4.2366,4.2366,3.9464,3.9464,15575.0,61465.18
2012-08-20 00:00:00,3.9464,4.0044,3.8884,3.8884,3260.0,12676.184
2012-08-21 00:00:00,4.0625,4.2366,3.8884,3.8884,16407.0,63796.9788
2012-08-22 00:00:00,4.1785,4.1785,3.7143,3.7143,3998.0,14849.771400000001
2012-08-23 00:00:00,3.7723,3.8303,3.7143,3.7723,9081.0,34256.2563
2012-08-24 00:00:00,3.7723,3.7723,3.3661,3.4821,17238.0,60024.4398
2012-08-27 00:00:00,3.4241,3.4241,3.308,3.308,5855.0,19368.34
2012-08-28 00:00:00,3.308,3.4241,3.1919,3.25,32082.0,104266.5
2012-08-29 00:00:00,3.3661,3.4821,3.3661,3.4821,1045.0,3638.7945
2012-08-30 00:00:00,3.4821,3.4821,3.4241,3.4821,8446.0,29409.8166
2012-08-31 00:00:00,3.7143,3.7143,3.4821,3.5402,1725.0,6106.845
2012-09-03 00:00:00,3.4821,3.4821,3.4241,3.4241,3532.0,12093.9212
2012-09-04 00:00:00,3.4241,3.4241,3.3661,3.3661,22146.0,74545.6506
2012-09-05 00:00:00,3.3661,3.3661,3.1339,3.1339,16307.0,51104.507300000005
2012-09-06 00:00:00,3.1339,3.25,3.0178,3.0759,97266.0,299180.48939999996
2012-09-07 00:00:00,3.1339,3.1339,3.0178,3.0178,16913.0,51040.0514
2012-09-10 00:00:00,3.1339,3.1339,3.0178,3.0178,55052.0,166135.9256
2012-09-11 00:00:00,3.1339,3.1339,2.9018,3.0178,18379.0,55464.146199999996
2012-09-12 00:00:00,3.0178,3.1339,3.0178,3.0178,10485.0,31641.632999999998
2012-09-13 00:00:00,3.25,3.25,3.0178,3.1339,1942.0,6086.0338
2012-09-14 00:00:00,3.4821,3.4821,3.1339,3.25,10704.0,34788.0
2012-09-17 00:00:00,3.25,3.3661,3.1339,3.3661,5051.0,17002.1711
2012-09-18 00:00:00,3.1339,3.1339,3.1339,3.1339,4792.0,15017.6488
2012-09-19 00:00:00,3.25,3.3661,3.25,3.3661,6729.0,22650.4869
2012-09-20 00:00:00,3.3661,3.4241,3.25,3.25,13166.0,42789.5
2012-09-21 00:00:00,3.25,3.308,3.0178,3.0759,6261.0,19258.209899999998
2012-09-24 00:00:00,3.0759,3.1339,3.0759,3.1339,8488.0,26600.5432
2012-09-25 00:00:00,3.1339,3.1339,3.0178,3.0178,6666.0,20116.6548
2012-09-26 00:00:00,3.0759,3.0759,3.0178,3.0178,2475.0,7469.054999999999
2012-09-27 00:00:00,3.0178,3.0178,3.0178,3.0178,594.0,1792.5731999999998
2012-09-28 00:00:00,3.0178,3.0178,3.0178,3.0178,862.0,2601.3435999999997
2012-10-02 00:00:00,3.1339,3.25,3.0178,3.0178,11935.0,36017.443
2012-10-03 00:00:00,3.0759,3.0759,3.0178,3.0178,27002.0,81486.6356
2012-10-04 00:00:00,3.0178,3.0178,2.9018,2.9598,5884.0,17415.4632
2012-10-05 00:00:00,3.0178,3.0759,3.0178,3.0759,8185.0,25176.2415
2012-10-08 00:00:00,3.0759,3.1339,3.0178,3.0178,27009.0,81507.76019999999
2012-10-09 00:00:00,3.0178,3.0178,3.0178,3.0178,9682.0,29218.3396
2012-10-10 00:00:00,3.0178,3.0178,2.9598,3.0178,111926.0,337770.2828
2012-10-11 00:00:00,3.0178,3.5982,3.0178,3.4821,21672.0,75464.0712
2012-10-12 00:00:00,3.4821,3.8303,3.4821,3.8303,54919.0,210356.2457
2012-10-15 00:00:00,3.8303,3.9464,3.8303,3.8303,32537.0,124626.4711
2012-10-16 00:00:00,3.9464,4.2366,3.9464,4.0625,31232.0,126880.0
2012-10-17 00:00:00,4.1205,4.2366,4.0625,4.0625,12338.0,50123.125
2012-10-18 00:00:00,4.1785,4.5268,4.1785,4.5268,15645.0,70821.786
2012-10-19 00:00:00,4.5268,4.5268,4.2946,4.2946,16343.0,70186.6478
2012-10-22 00:00:00,4.1205,4.1205,3.9464,4.0625,5447.0,22128.4375
2012-10-23 00:00:00,4.1205,4.4107,4.1205,4.1205,7912.0,32601.395999999997
2012-10-24 00:00:00,4.1205,4.2946,4.1205,4.2946,2340.0,10049.364
2012-10-25 00:00:00,4.4107,4.4107,4.1785,4.1785,16140.0,67440.98999999999
2012-10-26 00:00:00,4.1205,4.1785,4.1205,4.1205,1928.0,7944.324
2012-10-29 00:00:00,4.1785,4.1785,4.0625,4.0625,5076.0,20621.25
2012-10-30 00:00:00,4.0625,4.0625,3.8303,3.8303,22157.0,84867.9571
2012-10-31 00:00:00,3.8884,3.9464,3.8884,3.8884,533.0,2072.5172
2012-11-01 00:00:00,3.8884,3.8884,3.8303,3.8303,14231.0,54508.999299999996
2012-11-02 00:00:00,3.8303,4.0044,3.8303,3.8884,12944.0,50331.4496
2012-11-05 00:00:00,3.8884,3.8884,3.5402,3.5982,14885.0,53559.206999999995
2012-11-06 00:00:00,3.6562,3.7143,3.6562,3.7143,1417.0,5263.163100000001
2012-11-07 00:00:00,3.7143,3.7143,3.7143,3.7143,2060.0,7651.4580000000005
2012-11-09 00:00:00,3.7143,3.7143,3.6562,3.6562,2692.0,9842.4904
2012-11-12 00:00:00,3.7143,3.7143,3.5982,3.5982,4342.0,15623.384399999999
2012-11-13 00:00:00,3.5982,3.5982,3.5402,3.5402,13910.0,49244.182
2012-11-14 00:00:00,3.4821,3.4821,3.4821,3.4821,12184.0,42425.9064
2012-11-15 00:00:00,3.3661,3.4821,3.3661,3.3661,3748.0,12616.1428
2012-11-16 00:00:00,3.3661,3.4241,3.308,3.4241,1443.0,4940.9763
2012-11-19 00:00:00,3.4821,3.4821,3.4821,3.4821,431.0,1500.7851
2012-11-20 00:00:00,3.4241,3.4821,3.3661,3.4821,16082.0,55999.1322
2012-11-21 00:00:00,3.4821,3.4821,3.4821,3.4821,1171.0,4077.5391
2012-11-23 00:00:00,3.4821,3.4821,3.4821,3.4821,62387.0,217237.7727
2012-11-26 00:00:00,3.5402,3.5402,3.5402,3.5402,4158.0,14720.1516
2012-11-27 00:00:00,3.4821,3.6562,3.4821,3.5982,311333.0,1120238.4006
2012-11-28 00:00:00,3.5982,3.5982,3.5402,3.5982,9359.0,33675.5538
2012-11-29 00:00:00,3.5982,3.6562,3.5982,3.6562,4846.0,17717.945200000002
2012-11-30 00:00:00,3.5982,3.5982,3.5402,3.5402,1042.0,3688.8884
2012-12-03 00:00:00,3.5402,3.5402,3.4821,3.4821,4394.0,15300.3474
2012-12-04 00:00:00,3.4821,3.4821,3.4241,3.4241,5657.0,19370.133700000002
2012-12-05 00:00:00,3.3661,3.3661,3.308,3.308,21899.0,72441.89199999999
2012-12-06 00:00:00,3.308,3.308,3.0178,3.0178,13282.0,40082.4196
2012-12-07 00:00:00,3.1339,3.1339,3.0759,3.0759,1623.0,4992.1857
2012-12-10 00:00:00,3.1339,3.1339,3.0178,3.0178,22056.0,66560.5968
2012-12-11 00:00:00,3.0178,3.0178,2.9018,3.0178,14872.0,44880.7216
2012-12-12 00:00:00,3.0759,3.1339,3.0759,3.0759,6739.0,20728.4901
2012-12-13 00:00:00,3.1339,3.6562,3.1339,3.3661,16295.0,54850.5995
2012-12-14 00:00:00,3.5982,3.5982,3.4821,3.5982,2648.0,9528.033599999999
2012-12-17 00:00:00,3.5982,3.5982,3.3661,3.3661,5152.0,17342.1472
2012-12-18 00:00:00,3.308,3.3661,3.25,3.25,17756.0,57707.0
2012-12-19 00:00:00,3.3661,3.3661,3.3661,3.3661,2585.0,8701.3685
2012-12-20 00:00:00,3.3661,3.4241,3.25,3.25,3719.0,12086.75
2012-12-21 00:00:00,3.25,3.308,3.25,3.25,12561.0,40823.25
2012-12-27 00:00:00,3.308,3.5982,3.308,3.5982,3726.0,13406.893199999999
2012-12-28 00:00:00,3.5982,3.8303,3.5982,3.7723,10258.0,38696.2534
2012-12-31 00:00:00,3.8303,3.8303,3.8303,3.8303,215.0,823.5145
2013-01-02 00:00:00,3.8303,4.0625,3.8303,3.9464,16030.0,63260.792
2013-01-03 00:00:00,4.0625,4.0625,4.0625,4.0625,22495.0,91385.9375
2013-01-04 00:00:00,4.0044,4.0044,3.8303,3.8303,7387.0,28294.426099999997
2013-01-07 00:00:00,4.0044,4.0625,3.8303,3.8303,4415.0,16910.7745
2013-01-08 00:00:00,3.8303,3.8303,3.8303,3.8303,3401.0,13026.8503
2013-01-09 00:00:00,3.8303,3.8884,3.8303,3.8303,2218.0,8495.6054
2013-01-10 00:00:00,3.8303,3.8303,3.8303,3.8303,3640.0,13942.292
2013-01-11 00:00:00,3.6562,3.9464,3.6562,3.9464,3182.0,12557.444800000001
2013-01-14 00:00:00,3.7143,3.8303,3.7143,3.8303,3834.0,14685.3702
2013-01-15 00:00:00,3.7723,3.7723,3.6562,3.6562,8061.0,29472.6282
2013-01-16 00:00:00,3.4821,3.6562,3.4821,3.6562,9908.0,36225.6296
2013-01-17 00:00:00,3.6562,3.6562,3.5982,3.5982,24252.0,87263.54639999999
2013-01-18 00:00:00,3.6562,4.0625,3.6562,3.8303,24959.0,95600.4577
2013-01-21 00:00:00,4.0044,4.0625,3.8884,4.0625,5083.0,20649.6875
2013-01-22 00:00:00,4.1785,4.1785,4.0625,4.0625,4428.0,17988.75
2013-01-24 00:00:00,3.9464,3.9464,3.8884,3.9464,21315.0,84117.516
2013-01-25 00:00:00,3.8884,4.0044,3.8884,3.8884,4052.0,15755.7968
2013-01-29 00:00:00,3.8884,4.0625,3.8884,4.0625,556.0,2258.75
2013-01-30 00:00:00,4.0625,4.1785,4.0625,4.0625,3529.0,14336.5625
2013-01-31 00:00:00,4.0625,4.1785,4.0625,4.1785,15938.0,66596.93299999999
2013-02-01 00:00:00,4.1785,4.1785,4.1785,4.1785,8185.0,34201.0225
2013-02-04 00:00:00,4.0625,4.0625,4.0044,4.0044,1000.0,4004.4000000000005
2013-02-05 00:00:00,4.0625,4.0625,3.9464,4.0625,4025.0,16351.5625
2013-02-06 00:00:00,3.9464,3.9464,3.9464,3.9464,3098.0,12225.9472
2013-02-07 00:00:00,3.9464,3.9464,3.9464,3.9464,8515.0,33603.596
2013-02-08 00:00:00,4.1205,4.1205,4.1205,4.1205,3014.0,12419.187
2013-02-11 00:00:00,3.8884,3.8884,3.8884,3.8884,485.0,1885.874
2013-02-12 00:00:00,3.8884,3.8884,3.8884,3.8884,274.0,1065.4216
2013-02-13 00:00:00,3.8884,3.8884,3.8303,3.8884,4871.0,18940.396399999998
2013-02-14 00:00:00,3.8884,3.8884,3.8303,3.8303,16676.0,63874.0828
2013-02-15 00:00:00,3.8303,3.8303,3.5982,3.5982,4555.0,16389.801
2013-02-18 00:00:00,3.5982,3.5982,3.5982,3.5982,941.0,3385.9062
2013-02-19 00:00:00,3.7143,3.7143,3.7143,3.7143,862.0,3201.7266
2013-02-20 00:00:00,3.6562,3.6562,3.5982,3.5982,2923.0,10517.5386
2013-02-21 00:00:00,3.5982,3.7143,3.5982,3.5982,8409.0,30257.263799999997
2013-02-22 00:00:00,3.5982,3.5982,3.4821,3.5982,3013.0,10841.3766
2013-02-25 00:00:00,3.3661,3.3661,3.3661,3.3661,380.0,1279.118
2013-02-26 00:00:00,3.25,3.25,3.25,3.25,1034.0,3360.5
2013-02-27 00:00:00,3.25,3.308,3.1919,3.308,8540.0,28250.32
2013-02-28 00:00:00,3.308,3.4821,3.308,3.4821,3231.0,11250.6651
2013-03-01 00:00:00,3.25,3.308,3.1339,3.308,12770.0,42243.159999999996
2013-03-04 00:00:00,3.4821,3.4821,3.1339,3.1339,8192.0,25672.9088
2013-03-05 00:00:00,3.25,3.3661,3.25,3.3661,507.0,1706.6127
2013-03-06 00:00:00,3.25,3.3661,3.25,3.25,3719.0,12086.75
2013-03-07 00:00:00,3.25,3.25,3.25,3.25,3145.0,10221.25
2013-03-08 00:00:00,3.25,3.25,3.25,3.25,215.0,698.75
2013-03-11 00:00:00,3.4241,3.4241,3.25,3.25,6189.0,20114.25
2013-03-12 00:00:00,3.1339,3.1339,2.9598,2.9598,14108.0,41756.8584
2013-03-13 00:00:00,3.1919,3.1919,2.9598,2.9598,2111.0,6248.1378
2013-03-14 00:00:00,3.0178,3.25,3.0178,3.0178,3931.0,11862.9718
2013-03-15 00:00:00,3.0759,3.0759,3.0178,3.0178,8400.0,25349.519999999997
2013-03-18 00:00:00,3.0178,3.0759,2.9018,2.9018,10678.0,30985.420400000003
2013-03-19 00:00:00,2.9018,2.9018,2.9018,2.9018,87215.0,253080.48700000002
2013-03-20 00:00:00,2.9598,2.9598,2.9018,2.9018,3797.0,11018.134600000001
2013-03-21 00:00:00,2.9018,2.9018,2.7857,2.7857,5004.0,13939.6428
2013-03-22 00:00:00,2.7857,2.9598,2.7857,2.9018,4289.0,12445.8202
2013-03-25 00:00:00,2.9018,2.9018,2.9018,2.9018,1938.0,5623.6884
2013-03-26 00:00:00,2.9598,2.9598,2.9018,2.9018,61468.0,178367.84240000002
2013-03-27 00:00:00,2.7857,2.7857,2.7857,2.7857,1156.0,3220.2691999999997
2013-03-28 00:00:00,2.6696,2.6696,2.6116,2.6116,19700.0,51448.520000000004
2013-04-02 00:00:00,2.6696,2.6696,2.6116,2.6116,16489.0,43062.6724
2013-04-03 00:00:00,2.6116,2.6696,2.6116,2.6696,12984.0,34662.0864
2013-04-04 00:00:00,2.9018,2.9018,2.9018,2.9018,113.0,327.90340000000003
2013-04-05 00:00:00,2.9018,2.9018,2.9018,2.9018,5158.0,14967.484400000001
2013-04-09 00:00:00,2.9018,2.9018,2.9018,2.9018,393.0,1140.4074
2013-04-10 00:00:00,2.9018,2.9018,2.9018,2.9018,3257.0,9451.1626
2013-04-11 00:00:00,2.9018,2.9018,2.9018,2.9018,3446.0,9999.6028
2013-04-12 00:00:00,2.8437,2.8437,2.6116,2.7277,8297.0,22631.7269
2013-04-15 00:00:00,2.7277,2.7277,2.5536,2.5536,689.0,1759.4304
2013-04-16 00:00:00,2.4375,2.4375,2.3214,2.3795,30280.0,72051.26000000001
2013-04-17 00:00:00,2.3795,2.3795,2.3214,2.3214,2807.0,6516.169800000001
2013-04-18 00:00:00,2.3795,2.3795,2.3795,2.3795,86.0,204.637
2013-04-19 00:00:00,2.3795,2.3795,2.3214,2.3214,13284.0,30837.477600000002
2013-04-22 00:00:00,2.3214,2.5536,2.3214,2.5536,5428.0,13860.940799999998
2013-04-23 00:00:00,2.5536,2.5536,2.3214,2.5536,7431.0,18975.8016
2013-04-24 00:00:00,2.3214,2.4375,2.3214,2.4375,9542.0,23258.625
2013-04-26 00:00:00,2.3214,2.4375,2.3214,2.4375,2003.0,4882.3125
2013-04-29 00:00:00,2.6116,2.6116,2.5536,2.5536,2533.0,6468.2688
2013-04-30 00:00:00,2.4375,2.4375,2.3214,2.3214,3359.0,7797.582600000001
2013-05-01 00:00:00,2.3214,2.4375,2.3214,2.3214,12385.0,28750.539
2013-05-03 00:00:00,2.3214,2.3214,2.3214,2.3214,429.0,995.8806000000001
2013-05-06 00:00:00,2.2053,2.2053,2.2053,2.2053,4308.0,9500.4324
2013-05-07 00:00:00,2.2053,2.3214,1.8571,1.9732,8341.0,16458.4612
2013-05-08 00:00:00,2.0893,2.2053,2.0893,2.1473,4543.0,9755.1839
2013-05-09 00:00:00,2.1473,2.2634,2.1473,2.1473,11846.0,25436.9158
2013-05-10 00:00:00,2.2053,2.3214,2.2053,2.2634,9504.0,21511.3536
2013-05-13 00:00:00,2.3214,2.4375,1.9732,2.0312,14500.0,29452.4
2013-05-14 00:00:00,2.0893,2.3214,2.0312,2.3214,12999.0,30175.8786
2013-05-16 00:00:00,2.0893,2.0893,1.7991,1.8571,5405.0,10037.6255
2013-05-17 00:00:00,1.8571,1.9152,1.8571,1.9152,732.0,1401.9264
2013-05-20 00:00:00,1.9732,2.0312,1.9732,2.0312,10105.0,20525.276
2013-05-21 00:00:00,2.0312,2.0312,2.0312,2.0312,3121.0,6339.3752
2013-05-22 00:00:00,1.9732,1.9732,1.9732,1.9732,112.0,220.9984
2013-05-23 00:00:00,1.9732,2.0312,1.9152,1.9732,12299.0,24268.3868
2013-05-24 00:00:00,1.9152,1.9732,1.8571,1.8571,13575.0,25210.1325
2013-05-27 00:00:00,1.8571,1.8571,1.7991,1.7991,1218.0,2191.3037999999997
2013-05-28 00:00:00,1.8571,1.8571,1.7411,1.7411,15603.0,27166.3833
2013-05-29 00:00:00,1.7411,1.7411,1.683,1.7411,14612.0,25440.9532
2013-05-30 00:00:00,1.5089,1.5089,1.3928,1.3928,8547.0,11904.2616
2013-05-31 00:00:00,1.625,1.7411,1.5089,1.683,44427.0,74770.641
2013-06-03 00:00:00,1.5089,1.567,1.5089,1.567,2384.0,3735.728
2013-06-04 00:00:00,1.567,1.625,1.567,1.567,30185.0,47299.895
2013-06-05 00:00:00,1.567,1.567,1.4509,1.4509,16565.0,24034.1585
2013-06-06 00:00:00,1.4509,1.5089,1.3928,1.5089,6861.0,10352.562899999999
2013-06-07 00:00:00,1.3928,1.567,1.3928,1.4509,29981.0,43499.4329
2013-06-11 00:00:00,1.4509,1.567,1.4509,1.567,790.0,1237.93
2013-06-12 00:00:00,1.5089,1.5089,1.5089,1.5089,3899.0,5883.201099999999
2013-06-13 00:00:00,1.567,1.625,1.4509,1.4509,5782.0,8389.1038
2013-06-14 00:00:00,1.4509,1.5089,1.4509,1.4509,151257.0,219458.7813
2013-06-17 00:00:00,1.567,1.567,1.567,1.567,345.0,540.615
2013-06-18 00:00:00,1.4509,1.4509,1.4509,1.4509,3898.0,5655.608200000001
2013-06-19 00:00:00,1.4509,1.567,1.4509,1.5089,8737.0,13183.2593
2013-06-20 00:00:00,1.5089,1.5089,1.3928,1.3928,1418.0,1974.9904000000001
2013-06-21 00:00:00,1.4509,1.4509,1.4509,1.4509,11195.0,16242.8255
2013-06-24 00:00:00,1.5089,1.567,1.5089,1.5089,3977.0,6000.895299999999
2013-06-25 00:00:00,1.3928,1.5089,1.3928,1.5089,13354.0,20149.850599999998
2013-06-26 00:00:00,1.5089,1.5089,1.4509,1.5089,8697.0,13122.9033
2013-06-27 00:00:00,1.5089,1.567,1.4509,1.567,5303.0,8309.801
2013-06-28 00:00:00,1.5089,1.625,1.5089,1.5089,8315.0,12546.503499999999
2013-07-02 00:00:00,1.5089,1.5089,1.4509,1.4509,15477.0,22455.5793
2013-07-03 00:00:00,1.3928,1.3928,1.3348,1.3348,9514.0,12699.2872
2013-07-04 00:00:00,1.3348,1.3348,1.3348,1.3348,187.0,249.6076
2013-07-05 00:00:00,1.3348,1.3928,1.3348,1.3928,10541.0,14681.5048
2013-07-08 00:00:00,1.2768,1.3348,1.2768,1.2768,14082.0,17979.8976
2013-07-09 00:00:00,1.2768,1.3348,1.2768,1.3348,3833.0,5116.2884
2013-07-10 00:00:00,1.3928,1.3928,1.3348,1.3348,563.0,751.4924
2013-07-11 00:00:00,1.3348,1.3348,1.2768,1.2768,4903.0,6260.1503999999995
2013-07-12 00:00:00,1.2768,1.3348,1.2768,1.3348,5003.0,6678.0044
2013-07-15 00:00:00,1.3348,1.3348,1.2768,1.3348,6763.0,9027.2524
2013-07-16 00:00:00,1.3928,1.3928,1.2187,1.2768,19101.0,24388.156799999997
2013-07-17 00:00:00,1.3928,1.3928,1.3928,1.3928,11424.0,15911.3472
2013-07-18 00:00:00,1.3928,1.3928,1.3928,1.3928,646.0,899.7488000000001
2013-07-19 00:00:00,1.3348,1.3928,1.2768,1.3928,3593.0,5004.3304
2013-07-22 00:00:00,1.3928,1.3928,1.3348,1.3348,7323.0,9774.7404
2013-07-23 00:00:00,1.3348,1.3928,1.3348,1.3928,17217.0,23979.8376
2013-07-24 00:00:00,1.4509,1.4509,1.3928,1.3928,8860.0,12340.208
2013-07-25 00:00:00,1.3348,1.3348,1.3348,1.3348,13316.0,17774.1968
2013-07-26 00:00:00,1.3928,1.3928,1.2768,1.2768,13785.0,17600.688
2013-07-29 00:00:00,1.3348,1.3348,1.3348,1.3348,13785.0,18400.218
2013-07-30 00:00:00,1.2768,1.2768,1.2768,1.2768,345.0,440.496
2013-07-31 00:00:00,1.3928,1.3928,1.3928,1.3928,1134.0,1579.4352000000001
2013-08-01 00:00:00,1.2768,1.2768,1.2768,1.2768,517.0,660.1056
2013-08-02 00:00:00,1.3928,1.3928,1.3928,1.3928,13642.0,19000.5776
2013-08-05 00:00:00,1.3928,1.3928,1.2768,1.2768,1142.0,1458.1055999999999
2013-08-06 00:00:00,1.3348,1.3928,1.3348,1.3348,47356.0,63210.7888
2013-08-08 00:00:00,1.5089,1.5089,1.3348,1.3928,14455.0,20132.924
2013-08-09 00:00:00,1.5089,1.567,1.3348,1.3348,17834.0,23804.8232
2013-08-12 00:00:00,1.4509,1.625,1.4509,1.567,105151.0,164771.617
2013-08-13 00:00:00,1.567,1.567,1.567,1.567,8099.0,12691.133
2013-08-14 00:00:00,1.567,1.567,1.567,1.567,5191.0,8134.297
2013-08-15 00:00:00,1.567,1.567,1.4509,1.4509,86154.0,125000.8386
2013-08-16 00:00:00,1.5089,1.7411,1.4509,1.683,36264.0,61032.312000000005
2013-08-19 00:00:00,1.9152,2.1473,1.8571,2.1473,107254.0,230306.5142
2013-08-20 00:00:00,2.3214,2.5536,2.2053,2.2053,89320.0,196977.39599999998
2013-08-21 00:00:00,2.2053,2.2053,1.9732,2.0312,10209.0,20736.520800000002
2013-08-22 00:00:00,2.0312,2.0312,1.8571,1.8571,2192.0,4070.7632
2013-08-23 00:00:00,2.0893,2.0893,2.0893,2.0893,15508.0,32400.864400000002
2013-08-26 00:00:00,2.0893,2.2053,2.0893,2.0893,10096.0,21093.5728
2013-08-27 00:00:00,2.0893,2.0893,1.9152,1.9152,8601.0,16472.6352
2013-08-28 00:00:00,1.9152,1.9732,1.9152,1.9152,7832.0,14999.8464
2013-08-29 00:00:00,1.9152,1.9732,1.8571,1.8571,13341.0,24775.5711
2013-08-30 00:00:00,1.9152,1.9152,1.8571,1.9152,21728.0,41613.4656
2013-09-02 00:00:00,1.9732,1.9732,1.9732,1.9732,862.0,1700.8984
2013-09-03 00:00:00,1.9152,1.9152,1.9152,1.9152,14426.0,27628.6752
2013-09-04 00:00:00,1.9152,1.9152,1.9152,1.9152,3709.0,7103.4768
2013-09-05 00:00:00,1.8571,1.8571,1.7991,1.8571,14134.0,26248.2514
2013-09-06 00:00:00,1.8571,1.8571,1.8571,1.8571,8426.0,15647.9246
2013-09-09 00:00:00,1.8571,2.0312,1.8571,2.0312,4042.0,8210.1104
2013-09-10 00:00:00,1.9732,1.9732,1.7411,1.7411,12574.0,21892.5914
2013-09-11 00:00:00,1.7411,1.7991,1.7411,1.7991,16312.0,29346.9192
2013-09-12 00:00:00,1.7991,1.7991,1.7411,1.7411,6548.0,11400.722800000001
2013-09-13 00:00:00,1.683,1.9732,1.625,1.9732,11286.0,22269.535200000002
2013-09-16 00:00:00,1.9152,1.9732,1.7411,1.7411,8878.0,15457.4858
2013-09-17 00:00:00,1.7411,1.7411,1.7411,1.7411,11104.0,19333.1744
2013-09-18 00:00:00,1.7411,1.7411,1.683,1.683,9289.0,15633.387
2013-09-19 00:00:00,1.7411,1.9152,1.683,1.9152,5034.0,9641.1168
2013-09-20 00:00:00,1.8571,1.9732,1.8571,1.9732,2240.0,4419.968
2013-09-24 00:00:00,1.8571,1.8571,1.7991,1.7991,18611.0,33483.0501
2013-09-25 00:00:00,1.7991,1.7991,1.7991,1.7991,14482.0,26054.566199999997
2013-09-26 00:00:00,1.7991,1.7991,1.7411,1.7411,4308.0,7500.6588
2013-09-27 00:00:00,1.7411,1.7411,1.625,1.625,10475.0,17021.875
2013-09-30 00:00:00,1.8571,1.8571,1.8571,1.8571,258.0,479.1318
2013-10-02 00:00:00,1.7991,1.9732,1.7991,1.9152,74587.0,142849.0224
2013-10-03 00:00:00,1.8571,1.9732,1.8571,1.9152,8032.0,15382.8864
2013-10-04 00:00:00,2.0312,2.0312,2.0312,2.0312,302.0,613.4224
2013-10-07 00:00:00,2.0312,2.4375,2.0312,2.3214,49039.0,113839.1346
2013-10-08 00:00:00,2.3214,2.4375,2.2634,2.3214,17567.0,40780.033800000005
2013-10-09 00:00:00,2.2634,2.2634,2.2634,2.2634,4551.0,10300.7334
2013-10-10 00:00:00,2.2634,2.2634,2.2634,2.2634,431.0,975.5254
2013-10-11 00:00:00,2.2053,2.3795,2.2053,2.3795,12492.0,29724.714000000004
2013-10-14 00:00:00,2.3795,2.3795,2.3214,2.3214,9391.0,21800.2674
2013-10-15 00:00:00,2.0893,2.3214,2.0893,2.3214,11273.0,26169.142200000002
2013-10-16 00:00:00,2.3214,2.3214,2.3214,2.3214,7560.0,17549.784
2013-10-17 00:00:00,2.3795,2.7277,2.3795,2.5536,22718.0,58012.684799999995
2013-10-18 00:00:00,2.5536,2.5536,2.3214,2.4955,8996.0,22449.518
2013-10-21 00:00:00,2.4955,2.7857,2.4955,2.5536,30337.0,77468.56319999999
2013-10-22 00:00:00,2.6696,2.9018,2.6696,2.7277,29047.0,79231.5019
2013-10-23 00:00:00,2.7277,2.7277,2.7277,2.7277,2145.0,5850.9165
2013-10-24 00:00:00,2.6696,2.7277,2.6696,2.7277,13891.0,37890.4807
2013-10-25 00:00:00,2.5536,2.7277,2.5536,2.7277,3646.0,9945.1942
2013-10-28 00:00:00,2.7857,2.7857,2.7857,2.7857,4304.0,11989.6528
2013-10-29 00:00:00,2.7857,2.7857,2.7277,2.7277,3400.0,9274.18
2013-10-30 00:00:00,2.7277,2.7277,2.5536,2.5536,2822.0,7206.2591999999995
2013-10-31 00:00:00,2.5536,2.5536,2.5536,2.5536,5121.0,13076.9856
2013-11-01 00:00:00,2.3214,2.5536,2.3214,2.5536,1816.0,4637.3376
2013-11-06 00:00:00,2.4375,2.4375,2.3214,2.3214,5288.0,12275.5632
2013-11-07 00:00:00,2.2053,2.2053,2.2053,2.2053,1380.0,3043.314
2013-11-08 00:00:00,2.2053,2.2053,2.1473,2.2053,3563.0,7857.483899999999
2013-11-12 00:00:00,2.2634,2.2634,2.2053,2.2053,10311.0,22738.848299999998
2013-11-13 00:00:00,2.2053,2.2053,2.0312,2.0312,19094.0,38783.732800000005
2013-11-14 00:00:00,2.0893,2.4375,2.0312,2.2634,20531.0,46469.865399999995
2013-11-15 00:00:00,2.3214,2.3214,2.3214,2.3214,3231.0,7500.4434
2013-11-18 00:00:00,2.3214,2.3214,2.2634,2.2634,27703.0,62702.970199999996
2013-11-19 00:00:00,2.2634,2.3795,2.2634,2.3214,9199.0,21354.5586
2013-11-20 00:00:00,2.3214,2.3214,2.2634,2.2634,27569.0,62399.6746
2013-11-21 00:00:00,2.2634,2.4955,2.0893,2.4955,9318.0,23253.069
2013-11-25 00:00:00,2.2053,2.2053,2.0312,2.0312,38531.0,78264.16720000001
2013-11-26 00:00:00,2.0893,2.1473,2.0893,2.1473,4092.0,8786.7516
2013-11-27 00:00:00,2.1473,2.2634,2.1473,2.2634,5776.0,13073.3984
2013-11-28 00:00:00,2.2634,2.4375,2.2634,2.3214,29117.0,67592.2038
2013-11-29 00:00:00,2.4375,2.4375,2.4375,2.4375,1034.0,2520.375
2013-12-02 00:00:00,2.5536,2.5536,2.3214,2.3214,13923.0,32320.8522
2013-12-03 00:00:00,2.3214,2.4375,2.3214,2.4375,8995.0,21925.3125
2013-12-04 00:00:00,2.3214,2.3214,2.3214,2.3214,2089.0,4849.4046
2013-12-05 00:00:00,2.3214,2.3214,2.3214,2.3214,4655.0,10806.117
2013-12-06 00:00:00,2.3214,2.3214,2.3214,2.3214,1077.0,2500.1478
2013-12-09 00:00:00,2.3214,2.3214,2.1473,2.1473,2307.0,4953.8211
2013-12-10 00:00:00,2.1473,2.1473,2.1473,2.1473,1346.0,2890.2658
2013-12-11 00:00:00,2.1473,2.1473,2.0893,2.1473,13914.0,29877.5322
2013-12-12 00:00:00,2.0893,2.0893,2.0893,2.0893,4308.0,9000.7044
2013-12-16 00:00:00,2.0893,2.0893,2.0893,2.0893,6892.0,14399.455600000001
2013-12-17 00:00:00,2.0312,2.0312,2.0312,2.0312,11.0,22.343200000000003
2013-12-18 00:00:00,2.0312,2.0312,2.0312,2.0312,90.0,182.80800000000002
2013-12-19 00:00:00,2.0312,2.0312,2.0312,2.0312,400.0,812.48
2013-12-20 00:00:00,2.1473,2.4955,2.1473,2.4375,6965.0,16977.1875
2013-12-23 00:00:00,2.4375,2.4375,2.3214,2.3214,9046.0,20999.384400000003
2013-12-24 00:00:00,2.3214,2.3214,2.3214,2.3214,405.0,940.167
2013-12-30 00:00:00,2.3214,2.3214,2.3214,2.3214,6892.0,15999.088800000001
2014-01-02 00:00:00,2.1473,2.3795,2.1473,2.3795,858.0,2041.611
2014-01-06 00:00:00,2.2053,2.2053,2.2053,2.2053,862.0,1900.9686
2014-01-07 00:00:00,2.2053,2.2053,2.0312,2.2053,13665.0,30135.424499999997
2014-01-08 00:00:00,2.2053,2.3795,2.2053,2.3795,9911.0,23583.2245
2014-01-09 00:00:00,2.3795,2.5536,2.3795,2.5536,1723.0,4399.8528
2014-01-10 00:00:00,2.2053,2.2053,2.2053,2.2053,862.0,1900.9686
2014-01-13 00:00:00,2.0893,2.0893,2.0893,2.0893,1207.0,2521.7851
2014-01-14 00:00:00,2.3214,2.3214,2.0893,2.0893,2233.0,4665.4069
2014-01-15 00:00:00,2.1473,2.1473,2.0893,2.0893,6275.0,13110.357500000002
2014-01-16 00:00:00,2.0893,2.0893,2.0312,2.0312,10725.0,21784.620000000003
2014-01-17 00:00:00,2.0312,2.0893,2.0312,2.0893,6770.0,14144.561000000002
2014-01-20 00:00:00,2.1473,2.1473,2.0893,2.0893,3270.0,6832.011
2014-01-22 00:00:00,2.0893,2.1473,2.0893,2.1473,8185.0,17575.6505
2014-01-28 00:00:00,2.0893,2.1473,2.0893,2.1473,6246.0,13412.0358
2014-01-29 00:00:00,2.0893,2.0893,2.0893,2.0893,6742.0,14086.0606
2014-01-30 00:00:00,2.0893,2.0893,2.0312,2.0312,14110.0,28660.232
2014-01-31 00:00:00,2.0312,2.0312,1.8571,1.8571,7495.0,13918.9645
2014-02-03 00:00:00,1.9732,1.9732,1.9732,1.9732,1474.0,2908.4968
2014-02-04 00:00:00,2.0312,2.0312,1.9732,1.9732,2519.0,4970.4908000000005
2014-02-05 00:00:00,1.9152,2.1473,1.8571,2.1473,8318.0,17861.2414
2014-02-10 00:00:00,2.0312,2.2634,2.0312,2.2634,7129.0,16135.7786
2014-02-12 00:00:00,1.9732,2.0893,1.9732,2.0893,2729.0,5701.6997
2014-02-13 00:00:00,2.0893,2.0893,1.9732,1.9732,3444.0,6795.7008000000005
2014-02-14 00:00:00,2.1473,2.1473,2.0893,2.0893,2714.0,5670.3602
2014-02-18 00:00:00,1.9732,1.9732,1.9732,1.9732,3225.0,6363.570000000001
2014-02-19 00:00:00,1.9732,2.0312,1.9732,2.0312,9865.0,20037.788
2014-02-20 00:00:00,1.9152,2.0893,1.9152,2.0893,4265.0,8910.864500000001
2014-02-21 00:00:00,1.9152,1.9152,1.8571,1.8571,2154.0,4000.1934
2014-02-24 00:00:00,1.9152,1.9152,1.8571,1.8571,4384.0,8141.5264
2014-02-25 00:00:00,1.8571,1.8571,1.8571,1.8571,267.0,495.84569999999997
2014-02-26 00:00:00,1.8571,1.9152,1.8571,1.9152,4286.0,8208.5472
2014-02-27 00:00:00,1.8571,2.0893,1.8571,2.0893,4297.0,8977.7221
2014-02-28 00:00:00,1.9152,1.9152,1.9152,1.9152,5783.0,11075.6016
2014-03-03 00:00:00,1.9152,1.9152,1.8571,1.9152,4814.0,9219.7728
2014-03-04 00:00:00,1.8571,1.9152,1.8571,1.9152,927.0,1775.3904
2014-03-05 00:00:00,1.9152,1.9152,1.9152,1.9152,1723.0,3299.8896
2014-03-06 00:00:00,1.9732,1.9732,1.9732,1.9732,1120.0,2209.984
2014-03-10 00:00:00,1.9152,2.0893,1.9152,1.9152,7444.0,14256.7488
2014-03-11 00:00:00,1.8571,1.8571,1.7411,1.7411,13549.0,23590.1639
2014-03-12 00:00:00,1.7411,1.7411,1.7411,1.7411,5528.0,9624.8008
2014-03-13 00:00:00,1.7411,1.7411,1.625,1.625,3485.0,5663.125
2014-03-14 00:00:00,1.683,1.683,1.683,1.683,19062.0,32081.346
2014-03-17 00:00:00,1.625,1.625,1.625,1.625,3730.0,6061.25
2014-03-18 00:00:00,1.625,1.625,1.625,1.625,1998.0,3246.75
2014-03-20 00:00:00,1.625,1.625,1.625,1.625,302.0,490.75
2014-03-21 00:00:00,1.625,1.625,1.625,1.625,1529.0,2484.625
2014-03-24 00:00:00,1.5089,1.5089,1.5089,1.5089,2154.0,3250.1706
2014-03-25 00:00:00,1.5089,1.683,1.5089,1.683,4308.0,7250.3640000000005
2014-03-26 00:00:00,1.5089,1.5089,1.5089,1.5089,862.0,1300.6717999999998
2014-03-27 00:00:00,1.5089,1.5089,1.3928,1.3928,14492.0,20184.4576
2014-03-28 00:00:00,1.3928,1.567,1.3928,1.567,11992.0,18791.464
2014-03-31 00:00:00,1.5089,1.567,1.5089,1.567,19187.0,30066.029
2014-04-04 00:00:00,1.5089,1.5089,1.5089,1.5089,665.0,1003.4185
2014-04-07 00:00:00,1.567,1.567,1.5089,1.5089,15181.0,22906.6109
2014-04-08 00:00:00,1.5089,1.5089,1.5089,1.5089,754.0,1137.7105999999999
2014-04-09 00:00:00,1.5089,1.5089,1.5089,1.5089,10339.0,15600.5171
2014-04-10 00:00:00,1.4509,1.5089,1.4509,1.4509,9939.0,14420.4951
2014-04-11 00:00:00,1.4509,1.4509,1.3928,1.4509,9304.0,13499.1736
2014-04-14 00:00:00,1.3928,1.4509,1.3928,1.3928,21555.0,30021.804
2014-04-15 00:00:00,1.3928,1.3928,1.3348,1.3348,194.0,258.9512
2014-04-16 00:00:00,1.3928,1.3928,1.3348,1.3348,26044.0,34763.5312
2014-04-17 00:00:00,1.4509,1.4509,1.4509,1.4509,8615.0,12499.5035
2014-04-22 00:00:00,1.4509,1.4509,1.3928,1.3928,29396.0,40942.7488
2014-04-23 00:00:00,1.3928,1.3928,1.3928,1.3928,20927.0,29147.1256
2014-04-24 00:00:00,1.3928,1.3928,1.3348,1.3348,4185.0,5586.138
2014-04-28 00:00:00,1.3348,1.3928,1.3348,1.3348,12822.0,17114.8056
2014-04-29 00:00:00,1.3348,1.3928,1.2187,1.3348,57175.0,76317.19
2014-04-30 00:00:00,1.3348,1.4509,1.3348,1.4509,3446.0,4999.8014
2014-05-01 00:00:00,1.3348,1.3928,1.3348,1.3928,16531.0,23024.376800000002
2014-05-02 00:00:00,1.4509,1.4509,1.3928,1.3928,4853.0,6759.258400000001
2014-05-05 00:00:00,1.3928,1.4509,1.3928,1.3928,7575.0,10550.460000000001
2014-05-06 00:00:00,1.4509,1.4509,1.4509,1.4509,16369.0,23749.7821
2014-05-07 00:00:00,1.4509,1.4509,1.3928,1.3928,6638.0,9245.4064
2014-05-08 00:00:00,1.3928,1.3928,1.3348,1.3348,20039.0,26748.0572
2014-05-09 00:00:00,1.3348,1.4509,1.3348,1.4509,8723.0,12656.200700000001
2014-05-12 00:00:00,1.3348,1.3348,1.2768,1.2768,1577.0,2013.5136
2014-05-13 00:00:00,1.2768,1.3348,1.2768,1.3348,273.0,364.4004
2014-05-14 00:00:00,1.3348,1.3348,1.2187,1.2187,28862.0,35174.119399999996
2014-05-15 00:00:00,1.2187,1.2768,1.2187,1.2187,4184.0,5099.0408
2014-05-16 00:00:00,1.2187,1.2187,1.2187,1.2187,10789.0,13148.554299999998
2014-05-19 00:00:00,1.2768,1.3348,1.1607,1.1607,19679.0,22841.4153
2014-05-20 00:00:00,1.2187,1.2187,1.2187,1.2187,3513.0,4281.2931
2014-05-21 00:00:00,1.2768,1.2768,1.2187,1.2187,5401.0,6582.198699999999
2014-05-22 00:00:00,1.2768,1.2768,1.2187,1.2187,1165.0,1419.7855
2014-05-23 00:00:00,1.2187,1.2187,1.1607,1.1607,3446.0,3999.7722000000003
2014-05-27 00:00:00,1.1607,1.1607,1.1607,1.1607,1077.0,1250.0739
2014-05-28 00:00:00,1.1607,1.1607,1.1607,1.1607,108.0,125.35560000000001
2014-05-29 00:00:00,1.2187,1.2187,1.1607,1.1607,14397.0,16710.5979
2014-05-30 00:00:00,1.1607,1.1607,1.1027,1.1027,4222.0,4655.5994
2014-06-02 00:00:00,1.1027,1.1027,1.1027,1.1027,1077.0,1187.6079
2014-06-03 00:00:00,1.1607,1.1607,1.1027,1.1027,1260.0,1389.402
2014-06-04 00:00:00,1.1027,1.1027,1.0795,1.0795,10166.0,10974.196999999998
2014-06-05 00:00:00,1.0795,1.0795,1.0795,1.0795,3909.0,4219.7654999999995
2014-06-06 00:00:00,1.1027,1.1027,1.1027,1.1027,153.0,168.7131
2014-06-10 00:00:00,1.1027,1.1027,1.0562,1.0562,18197.0,19219.6714
2014-06-11 00:00:00,1.0562,1.0562,0.9866,1.0214,10828.0,11059.719200000001
2014-06-12 00:00:00,0.9866,0.9982,0.9866,0.9866,8672.0,8555.7952
2014-06-13 00:00:00,0.9286,0.9402,0.8705,0.8705,48785.0,42467.342500000006
2014-06-16 00:00:00,0.8241,0.8241,0.6964,0.6964,23176.0,16139.7664
2014-06-17 00:00:00,0.6732,0.8125,0.6732,0.8125,13730.0,11155.625
2014-06-18 00:00:00,0.7545,0.7545,0.708,0.708,11039.0,7815.611999999999
2014-06-19 00:00:00,0.708,0.7312,0.6964,0.6964,31331.0,21818.9084
2014-06-20 00:00:00,0.6848,0.708,0.6848,0.6964,20810.0,14492.084
2014-06-23 00:00:00,0.6964,0.6964,0.6732,0.6848,13462.0,9218.7776
2014-06-24 00:00:00,0.6848,0.6964,0.6848,0.6964,5123.0,3567.6572
2014-06-25 00:00:00,0.6964,0.8125,0.6964,0.7545,27989.0,21117.7005
2014-06-26 00:00:00,0.7661,0.8125,0.6964,0.7545,24429.0,18431.6805
2014-06-27 00:00:00,0.7545,0.7661,0.7545,0.7661,969.0,742.3509
2014-06-30 00:00:00,0.7661,0.7777,0.7312,0.7777,26225.0,20395.1825
2014-07-01 00:00:00,0.7777,0.7777,0.7777,0.7777,108.0,83.99159999999999
2014-07-02 00:00:00,0.7777,0.7777,0.7661,0.7661,6992.0,5356.5712
2014-07-03 00:00:00,0.7661,0.7661,0.7661,0.7661,673.0,515.5853
2014-07-04 00:00:00,0.7661,0.7661,0.708,0.7429,9499.0,7056.8071
2014-07-08 00:00:00,0.7429,0.7429,0.7429,0.7429,215.0,159.7235
2014-07-09 00:00:00,0.8125,0.8241,0.8125,0.8241,8715.0,7182.0315
2014-07-10 00:00:00,0.8241,0.9286,0.8241,0.8821,13026.0,11490.2346
2014-07-14 00:00:00,0.9286,0.9286,0.9286,0.9286,1337.0,1241.5382
2014-07-16 00:00:00,0.9286,0.9286,0.9286,0.9286,1992.0,1849.7712
2014-07-17 00:00:00,0.9286,0.9286,0.9286,0.9286,1199.0,1113.3914
2014-07-18 00:00:00,0.9286,0.9286,0.9286,0.9286,447.0,415.0842
2014-07-21 00:00:00,0.9286,0.9286,0.9286,0.9286,603.0,559.9458
2014-07-22 00:00:00,0.9866,1.0446,0.9866,1.0446,36251.0,37867.7946
2014-07-23 00:00:00,0.9286,0.9286,0.9286,0.9286,1723.0,1599.9778
2014-07-24 00:00:00,0.917,0.917,0.8357,0.8357,38746.0,32380.0322
2014-07-25 00:00:00,0.8357,0.8357,0.8357,0.8357,6892.0,5759.6444
2014-07-28 00:00:00,0.8357,0.8357,0.7893,0.7893,14302.0,11288.5686
2014-07-29 00:00:00,0.7893,0.8125,0.7893,0.8125,2585.0,2100.3125
2014-07-30 00:00:00,0.8125,0.8125,0.7893,0.7893,4704.0,3712.8672
2014-07-31 00:00:00,0.7893,0.7893,0.7893,0.7893,3535.0,2790.1755
2014-08-01 00:00:00,0.7893,0.7893,0.7777,0.7777,895.0,696.0414999999999
2014-08-04 00:00:00,0.7777,0.7777,0.7777,0.7777,375.0,291.6375
2014-08-05 00:00:00,0.8125,0.8125,0.8125,0.8125,3489.0,2834.8125
2014-08-06 00:00:00,0.8125,0.8125,0.8125,0.8125,8018.0,6514.625
2014-08-07 00:00:00,0.8125,0.8125,0.8125,0.8125,5105.0,4147.8125
2014-08-08 00:00:00,0.8473,0.8473,0.8125,0.8125,5977.0,4856.3125
2014-08-11 00:00:00,0.8241,0.8241,0.8241,0.8241,2055.0,1693.5255000000002
2014-08-12 00:00:00,0.8241,0.8241,0.8241,0.8241,22842.0,18824.092200000003
2014-08-14 00:00:00,0.8357,0.8357,0.8357,0.8357,820.0,685.274
2014-08-15 00:00:00,0.9286,0.9286,0.8357,0.8357,3132.0,2617.4124
2014-08-18 00:00:00,0.8705,0.8705,0.8705,0.8705,2585.0,2250.2425000000003
2014-08-20 00:00:00,0.8705,0.8705,0.8705,0.8705,108.0,94.01400000000001
2014-08-21 00:00:00,0.9054,0.9286,0.9054,0.9054,17920.0,16224.768
2014-08-25 00:00:00,0.8589,0.8589,0.8241,0.8241,18919.0,15591.147900000002
2014-08-26 00:00:00,0.8357,0.8473,0.8357,0.8473,6677.0,5657.422100000001
2014-08-27 00:00:00,0.9286,1.567,0.9286,1.1607,239282.0,277734.6174
2014-08-28 00:00:00,1.3928,1.5089,1.1607,1.1607,82629.0,95907.48030000001
2014-08-29 00:00:00,1.1607,1.2187,1.1491,1.1491,107094.0,123061.7154
2014-09-01 00:00:00,1.2187,1.3928,1.2187,1.2187,75637.0,92178.81189999999
2014-09-02 00:00:00,1.3928,1.4509,1.3348,1.4509,78887.0,114457.1483
2014-09-03 00:00:00,1.4509,1.567,1.4509,1.5089,76646.0,115651.1494
2014-09-04 00:00:00,1.5089,1.5089,1.3348,1.3348,53270.0,71104.796
2014-09-05 00:00:00,1.3928,1.3928,1.2768,1.2768,16179.0,20657.3472
2014-09-08 00:00:00,1.2768,1.2768,1.1607,1.1607,25582.0,29693.027400000003
2014-09-09 00:00:00,1.2187,1.2768,1.2187,1.2768,14266.0,18214.8288
2014-09-10 00:00:00,1.2187,1.2187,1.1607,1.1607,37563.0,43599.3741
2014-09-11 00:00:00,1.1607,1.1607,1.1491,1.1491,27231.0,31291.1421
2014-09-12 00:00:00,1.1491,1.1491,1.1143,1.1491,3787.0,4351.6417
2014-09-15 00:00:00,1.1375,1.1375,1.0795,1.0795,30249.0,32653.795499999997
2014-09-16 00:00:00,1.0795,1.0795,1.0446,1.0446,9527.0,9951.904199999999
2014-09-17 00:00:00,1.0679,1.2768,1.0679,1.2768,25964.0,33150.8352
2014-09-18 00:00:00,1.2768,1.2768,1.1491,1.1491,20880.0,23993.208
2014-09-19 00:00:00,1.1607,1.2187,1.1491,1.1491,18068.0,20761.9388
2014-09-22 00:00:00,1.1607,1.2187,1.1375,1.1375,62644.0,71257.55
2014-09-23 00:00:00,1.1375,1.1375,1.1259,1.1259,6955.0,7830.634499999999
2014-09-24 00:00:00,1.1259,1.1259,1.0795,1.0795,8132.0,8778.493999999999
2014-09-25 00:00:00,1.1027,1.1027,1.0911,1.1027,2412.0,2659.7124
2014-09-26 00:00:00,1.1027,1.1027,1.0679,1.0679,4718.0,5038.3522
2014-09-29 00:00:00,1.1027,1.1027,1.1027,1.1027,1481.0,1633.0987
2014-09-30 00:00:00,1.0679,1.1027,1.0679,1.1027,5239.0,5777.0453
2014-10-01 00:00:00,1.1027,1.1027,1.0679,1.0679,12403.0,13245.163700000001
2014-10-02 00:00:00,1.0679,1.0679,1.0679,1.0679,11631.0,12420.744900000002
2014-10-03 00:00:00,1.0679,1.0679,1.0562,1.0562,5480.0,5787.976000000001
2014-10-06 00:00:00,1.0562,1.0562,1.0446,1.0446,6333.0,6615.4518
2014-10-07 00:00:00,1.0446,1.0446,0.9634,0.9634,19762.0,19038.7108
2014-10-08 00:00:00,0.975,0.975,0.975,0.975,2648.0,2581.7999999999997
2014-10-09 00:00:00,1.0446,1.0446,1.0446,1.0446,2154.0,2250.0684
2014-10-10 00:00:00,1.0446,1.0446,0.9518,0.9518,17846.0,16985.822799999998
2014-10-13 00:00:00,0.9634,0.9866,0.9518,0.9518,9837.0,9362.8566
2014-10-14 00:00:00,0.9518,0.9866,0.9518,0.9518,4320.0,4111.776
2014-10-16 00:00:00,0.9518,0.9866,0.8705,0.8705,6536.0,5689.588000000001
2014-10-20 00:00:00,0.8937,0.9286,0.8937,0.9286,8627.0,8011.0322
2014-10-22 00:00:00,0.975,0.9866,0.9286,0.9286,3726.0,3459.9636
2014-10-23 00:00:00,0.8937,0.8937,0.8705,0.8821,34156.0,30129.0076
2014-10-24 00:00:00,0.9054,0.9054,0.9054,0.9054,1614.0,1461.3156
2014-10-27 00:00:00,0.9286,0.9286,0.7777,0.7777,52981.0,41203.32369999999
2014-10-28 00:00:00,0.8125,0.8125,0.8125,0.8125,2235.0,1815.9375
2014-10-29 00:00:00,0.8125,0.8125,0.8125,0.8125,15810.0,12845.625
2014-10-30 00:00:00,0.8009,0.8009,0.8009,0.8009,1723.0,1379.9506999999999
2014-10-31 00:00:00,0.8009,0.8009,0.8009,0.8009,6117.0,4899.105299999999
2014-11-03 00:00:00,0.7661,0.7661,0.6964,0.6964,25244.0,17579.9216
2014-11-04 00:00:00,0.6964,0.7312,0.6964,0.7312,3446.0,2519.7151999999996
2014-11-05 00:00:00,0.7312,0.7312,0.6964,0.7312,15682.0,11466.678399999999
2014-11-10 00:00:00,0.7312,0.7312,0.7312,0.7312,4308.0,3150.0096
2014-11-11 00:00:00,0.7312,0.7312,0.7196,0.7312,6580.0,4811.295999999999
2014-11-12 00:00:00,0.708,0.7312,0.708,0.7312,10769.0,7874.292799999999
2014-11-13 00:00:00,0.708,0.708,0.708,0.708,2240.0,1585.9199999999998
2014-11-14 00:00:00,0.6964,0.6964,0.6964,0.6964,5039.0,3509.1596
2014-11-17 00:00:00,0.6964,0.6964,0.6964,0.6964,4516.0,3144.9424
2014-11-18 00:00:00,0.6964,0.6964,0.6964,0.6964,5952.0,4144.9728000000005
2014-11-19 00:00:00,0.6964,0.6964,0.6732,0.6732,24769.0,16674.4908
2014-11-20 00:00:00,0.6616,0.6616,0.65,0.65,6348.0,4126.2
2014-11-21 00:00:00,0.65,0.65,0.5339,0.5804,56251.0,32648.080400000003
2014-11-24 00:00:00,0.6268,0.6268,0.6036,0.6268,5122.0,3210.4696
2014-11-25 00:00:00,0.6384,0.6964,0.6384,0.6964,32295.0,22490.238
2014-11-26 00:00:00,0.7545,0.7661,0.7545,0.7661,9046.0,6930.1406
2014-11-27 00:00:00,0.7777,0.7893,0.7661,0.7893,10662.0,8415.5166
2014-11-28 00:00:00,0.8125,0.8937,0.8125,0.8125,26389.0,21441.0625
2014-12-01 00:00:00,0.7893,0.7893,0.7196,0.7196,16256.0,11697.8176
2014-12-02 00:00:00,0.708,0.708,0.708,0.708,4308.0,3050.064
2014-12-03 00:00:00,0.5804,0.5804,0.5571,0.5571,11846.0,6599.4066
2014-12-04 00:00:00,0.5571,0.5687,0.5571,0.5687,825.0,469.1775
2014-12-05 00:00:00,0.592,0.592,0.5687,0.592,12417.0,7350.864
2014-12-08 00:00:00,0.592,0.6384,0.5804,0.6384,15680.0,10010.112
2014-12-09 00:00:00,0.65,0.65,0.65,0.65,8615.0,5599.75
2014-12-10 00:00:00,0.6964,0.6964,0.6964,0.6964,10123.0,7049.657200000001
2014-12-11 00:00:00,0.708,0.7312,0.6964,0.6964,13160.0,9164.624
2014-12-12 00:00:00,0.7893,0.7893,0.7893,0.7893,416.0,328.3488
2014-12-15 00:00:00,0.6964,0.6964,0.6964,0.6964,1122.0,781.3608
2014-12-17 00:00:00,0.6964,0.7545,0.6732,0.6732,11281.0,7594.3692
2014-12-18 00:00:00,0.6964,0.6964,0.6964,0.6964,2154.0,1500.0456000000001
2014-12-19 00:00:00,0.6964,0.6964,0.6964,0.6964,4401.0,3064.8564
2014-12-23 00:00:00,0.6964,0.6964,0.6384,0.6384,3231.0,2062.6704
2014-12-29 00:00:00,0.6036,0.6268,0.6036,0.6268,2716.0,1702.3888000000002
2014-12-30 00:00:00,0.6268,0.6268,0.6036,0.6036,15475.0,9340.710000000001
2014-12-31 00:00:00,0.6268,0.6384,0.592,0.592,3543.0,2097.4559999999997
2015-01-06 00:00:00,0.6964,0.8009,0.6964,0.6964,13153.0,9159.7492
2015-01-07 00:00:00,0.7196,0.7196,0.7196,0.7196,4519.0,3251.8724
2015-01-09 00:00:00,0.7661,0.8125,0.7661,0.8125,12654.0,10281.375
2015-01-12 00:00:00,0.8705,0.8937,0.8705,0.8705,4325.0,3764.9125000000004
2015-01-13 00:00:00,0.8009,0.8009,0.7893,0.7893,11196.0,8837.0028
2015-01-15 00:00:00,0.8589,0.8589,0.8125,0.8125,1793.0,1456.8125
2015-01-16 00:00:00,0.8125,0.8125,0.8125,0.8125,2227.0,1809.4375
2015-01-19 00:00:00,0.8125,0.8125,0.8009,0.8009,5251.0,4205.5259
2015-01-20 00:00:00,0.7545,0.7545,0.708,0.708,12686.0,8981.688
2015-01-21 00:00:00,0.7545,0.7545,0.7545,0.7545,1222.0,921.9989999999999
2015-01-22 00:00:00,0.7545,0.7545,0.7196,0.7196,3800.0,2734.48
2015-01-23 00:00:00,0.7196,0.7196,0.7196,0.7196,3776.0,2717.2096
2015-01-27 00:00:00,0.6964,0.6964,0.6964,0.6964,35700.0,24861.48
2015-01-28 00:00:00,0.6732,0.6732,0.592,0.592,144.0,85.24799999999999
2015-01-29 00:00:00,0.592,0.592,0.592,0.592,1540.0,911.68
2015-01-30 00:00:00,0.592,0.6036,0.5804,0.5804,21854.0,12684.0616
2015-02-02 00:00:00,0.6036,0.6036,0.5804,0.5804,11432.0,6635.1328
2015-02-03 00:00:00,0.5687,0.5687,0.5571,0.5571,8849.0,4929.7779
2015-02-04 00:00:00,0.5571,0.5571,0.5571,0.5571,323.0,179.94330000000002
2015-02-05 00:00:00,0.5687,0.5804,0.5687,0.5804,10522.0,6106.968800000001
2015-02-06 00:00:00,0.5804,0.5804,0.5804,0.5804,4744.0,2753.4176
2015-02-09 00:00:00,0.592,0.592,0.5804,0.592,5137.0,3041.104
2015-02-10 00:00:00,0.5804,0.5804,0.5804,0.5804,7391.0,4289.7364
2015-02-11 00:00:00,0.5804,0.592,0.5804,0.592,5109.0,3024.528
2015-02-12 00:00:00,0.592,0.592,0.5804,0.5804,2850.0,1654.14
2015-02-13 00:00:00,0.5804,0.5804,0.5571,0.5571,45967.0,25608.2157
2015-02-16 00:00:00,0.5455,0.5455,0.4759,0.4875,57161.0,27865.9875
2015-02-17 00:00:00,0.4759,0.4759,0.4295,0.4643,33794.0,15690.5542
2015-02-25 00:00:00,0.3018,0.3018,0.2902,0.2902,4685.0,1359.587
2015-02-26 00:00:00,0.3018,0.3134,0.3018,0.3018,10339.0,3120.3102000000003
2015-02-27 00:00:00,0.3018,0.3134,0.2902,0.3018,17042.0,5143.2756
2015-03-02 00:00:00,0.2902,0.3018,0.2902,0.3018,8615.0,2600.007
2015-03-03 00:00:00,0.3018,0.3482,0.3018,0.3482,5831.0,2030.3542
2015-03-04 00:00:00,0.3482,0.3482,0.3482,0.3482,1723.0,599.9486
2015-03-05 00:00:00,0.3018,0.3018,0.3018,0.3018,4308.0,1300.1544000000001
2015-03-06 00:00:00,0.3018,0.325,0.2902,0.2902,116024.0,33670.1648
2015-03-09 00:00:00,0.2902,0.2902,0.2902,0.2902,1541.0,447.19820000000004
2015-03-11 00:00:00,0.2902,0.2902,0.267,0.2902,55870.0,16213.474
2015-03-12 00:00:00,0.2786,0.2786,0.2437,0.2437,28499.0,6945.2063
2015-03-13 00:00:00,0.2437,0.2437,0.2205,0.2205,105058.0,23165.289
2015-03-16 00:00:00,0.2089,0.2089,0.1741,0.1857,194328.0,36086.7096
2015-03-17 00:00:00,0.1857,0.1857,0.1509,0.1625,179677.0,29197.5125
2015-03-18 00:00:00,0.1625,0.1625,0.1393,0.1509,161145.0,24316.7805
2015-03-19 00:00:00,0.1625,0.1625,0.1509,0.1509,39136.0,5905.6224
2015-03-20 00:00:00,0.1625,0.1625,0.1393,0.1393,71208.0,9919.2744
2015-03-23 00:00:00,0.1509,0.1625,0.1393,0.1625,101162.0,16438.825
2015-03-24 00:00:00,0.1625,0.1741,0.1509,0.1509,249215.0,37606.5435
2015-03-25 00:00:00,0.1625,0.1625,0.1509,0.1625,60488.0,9829.300000000001
2015-03-26 00:00:00,0.1625,0.1625,0.1509,0.1625,27143.0,4410.7375
2015-03-27 00:00:00,0.1625,0.2437,0.1625,0.2321,127916.0,29689.3036
2015-03-30 00:00:00,0.2437,0.2437,0.2089,0.2321,139171.0,32301.5891
2015-03-31 00:00:00,0.2205,0.2205,0.1973,0.2089,107509.0,22458.6301
2015-04-01 00:00:00,0.2089,0.2089,0.1509,0.1625,167213.0,27172.1125
2015-04-02 00:00:00,0.1625,0.1625,0.1509,0.1625,32357.0,5258.0125
2015-04-07 00:00:00,0.1393,0.1393,0.1393,0.1393,5772.0,804.0396000000001
2015-04-08 00:00:00,0.1393,0.1509,0.1277,0.1277,194231.0,24803.298700000003
2015-04-09 00:00:00,0.1393,0.1393,0.1277,0.1393,44516.0,6201.0788
2015-04-13 00:00:00,0.1625,0.1625,0.1625,0.1625,18523.0,3009.9875
2015-04-14 00:00:00,0.1625,0.1625,0.1625,0.1625,14277.0,2320.0125000000003
2015-04-15 00:00:00,0.1509,0.1509,0.1509,0.1509,3489.0,526.4901
2015-04-16 00:00:00,0.1509,0.1509,0.1509,0.1509,5988.0,903.5892
2015-04-17 00:00:00,0.1393,0.1393,0.1393,0.1393,26950.0,3754.135
2015-04-20 00:00:00,0.1393,0.1393,0.1393,0.1393,3877.0,540.0661
2015-04-21 00:00:00,0.1393,0.1509,0.1393,0.1393,63631.0,8863.7983
2015-04-22 00:00:00,0.1393,0.1393,0.1393,0.1393,9132.0,1272.0876
2015-04-23 00:00:00,0.1393,0.1393,0.1161,0.1277,310854.0,39696.0558
2015-04-24 00:00:00,0.1161,0.1161,0.1161,0.1161,3677.0,426.8997
2015-04-27 00:00:00,0.1277,0.1277,0.1277,0.1277,17585.0,2245.6045
2015-04-28 00:00:00,0.1277,0.1277,0.1277,0.1277,4308.0,550.1316
2015-04-29 00:00:00,0.1161,0.1277,0.1161,0.1277,45812.0,5850.192400000001
2015-04-30 00:00:00,0.1277,0.1277,0.1277,0.1277,2330.0,297.541
2015-05-01 00:00:00,0.1161,0.1393,0.1161,0.1393,7668.0,1068.1524
2015-05-04 00:00:00,0.1625,0.1625,0.1161,0.1393,52375.0,7295.837500000001
2015-05-05 00:00:00,0.1161,0.1393,0.1161,0.1393,14031.0,1954.5183000000002
2015-05-06 00:00:00,0.1277,0.1393,0.1277,0.1393,10127.0,1410.6911
2015-05-08 00:00:00,0.1277,0.1277,0.1277,0.1277,467.0,59.63590000000001
2015-05-11 00:00:00,0.1277,0.1277,0.1161,0.1277,11652.0,1487.9604000000002
2015-05-12 00:00:00,0.1161,0.1277,0.1161,0.1277,13289.0,1697.0053
2015-05-13 00:00:00,0.1277,0.1277,0.1277,0.1277,29292.0,3740.5884
2015-05-14 00:00:00,0.1277,0.1277,0.1161,0.1161,20004.0,2322.4644
2015-05-15 00:00:00,0.1277,0.1277,0.1277,0.1277,14302.0,1826.3654000000001
2015-05-18 00:00:00,0.1277,0.1393,0.1277,0.1393,101158.0,14091.3094
2015-05-19 00:00:00,0.1393,0.1393,0.1393,0.1393,95550.0,13310.115
2015-05-20 00:00:00,0.1393,0.1393,0.1277,0.1277,34534.0,4409.991800000001
2015-05-22 00:00:00,0.1277,0.1393,0.1161,0.1393,60280.0,8397.004
2015-05-26 00:00:00,0.1161,0.1161,0.1161,0.1161,8459.0,982.0899
2015-05-27 00:00:00,0.1277,0.1277,0.1277,0.1277,2929.0,374.0333
2015-05-28 00:00:00,0.1277,0.1277,0.1161,0.1161,15870.0,1842.5069999999998
2015-06-01 00:00:00,0.1161,0.1161,0.1161,0.1161,0.0,0.0
2015-06-02 00:00:00,0.1277,0.1277,0.1277,0.1277,49221.0,6285.5217
2015-06-03 00:00:00,0.1393,0.1393,0.1393,0.1393,22788.0,3174.3684000000003
2015-06-04 00:00:00,0.1393,0.1509,0.1393,0.1509,68932.0,10401.8388
2015-06-05 00:00:00,0.1393,0.1393,0.1161,0.1393,20842.0,2903.2906000000003
2015-06-10 00:00:00,0.1277,0.1277,0.1277,0.1277,237.0,30.2649
2015-06-11 00:00:00,0.1277,0.1277,0.1277,0.1277,2154.0,275.0658
2015-06-12 00:00:00,0.1277,0.1277,0.1277,0.1277,143502.0,18325.205400000003
2015-06-15 00:00:00,0.1393,0.1393,0.1161,0.1161,290628.0,33741.9108
2015-06-16 00:00:00,0.1277,0.1277,0.1045,0.1045,209061.0,21846.874499999998
2015-06-17 00:00:00,0.1045,0.1045,0.0929,0.0929,97964.0,9100.855599999999
2015-06-18 00:00:00,0.0812,0.0812,0.0812,0.0812,381257.0,30958.068399999996
2015-06-19 00:00:00,0.0812,0.0812,0.0812,0.0812,156603.0,12716.1636
2015-06-22 00:00:00,0.0812,0.0929,0.0696,0.0696,346050.0,24085.079999999998
2015-06-23 00:00:00,0.0812,0.0929,0.0696,0.0929,57667.0,5357.2643
2015-06-24 00:00:00,0.0696,0.0696,0.0696,0.0696,1723.0,119.92079999999999
2015-06-25 00:00:00,0.0812,0.0812,0.0696,0.0812,107375.0,8718.849999999999
2015-06-26 00:00:00,0.0696,0.0812,0.0696,0.0812,23551.0,1912.3411999999998
2015-06-29 00:00:00,0.0696,0.0812,0.0696,0.0696,82505.0,5742.348
2015-06-30 00:00:00,0.0812,0.0812,0.0696,0.0696,25714.0,1789.6943999999999
2015-07-01 00:00:00,0.0696,0.0696,0.0696,0.0696,21881.0,1522.9176
2015-07-02 00:00:00,0.0812,0.0812,0.0696,0.0812,56776.0,4610.2112
2015-07-03 00:00:00,0.0812,0.0812,0.0812,0.0812,51693.0,4197.4716
2015-07-06 00:00:00,0.0812,0.0812,0.0812,0.0812,55617.0,4516.100399999999
2015-07-08 00:00:00,0.0696,0.0696,0.0696,0.0696,236096.0,16432.2816
2015-07-09 00:00:00,0.0696,0.0696,0.0696,0.0696,39274.0,2733.4703999999997
2015-07-10 00:00:00,0.0696,0.0696,0.0696,0.0696,6476.0,450.72959999999995
2015-07-13 00:00:00,0.0696,0.0696,0.0696,0.0696,12923.0,899.4408
2015-07-14 00:00:00,0.0696,0.0696,0.0696,0.0696,26752.0,1861.9391999999998
2015-07-15 00:00:00,0.0696,0.0696,0.058,0.058,35668.0,2068.744
2015-07-16 00:00:00,0.0696,0.0812,0.058,0.0812,198590.0,16125.507999999998
2015-07-20 00:00:00,0.0812,0.0812,0.0696,0.0696,50659.0,3525.8664
2015-07-21 00:00:00,0.0696,0.0696,0.0696,0.0696,25080.0,1745.568
2015-07-22 00:00:00,0.0696,0.0696,0.0696,0.0696,65969.0,4591.4424
2015-07-23 00:00:00,0.0696,0.0696,0.0696,0.0696,14362.0,999.5952
2015-07-24 00:00:00,0.058,0.058,0.058,0.058,6892.0,399.73600000000005
2015-07-28 00:00:00,0.058,0.058,0.058,0.058,2154.0,124.932
2015-07-29 00:00:00,0.0696,0.0696,0.0696,0.0696,122511.0,8526.765599999999
2015-07-30 00:00:00,0.058,0.0696,0.058,0.0696,27459.0,1911.1463999999999
2015-07-31 00:00:00,0.0696,0.0696,0.0696,0.0696,68923.0,4797.0408
2015-08-05 00:00:00,0.058,0.0812,0.058,0.058,19802.0,1148.516
2015-08-06 00:00:00,0.0696,0.0696,0.0696,0.0696,24597.0,1711.9512
2015-08-12 00:00:00,0.058,0.058,0.058,0.058,2154.0,124.932
2015-08-13 00:00:00,0.058,0.058,0.058,0.058,65415.0,3794.07
2015-08-17 00:00:00,0.058,0.0696,0.0464,0.0464,515654.0,23926.345599999997
2015-08-18 00:00:00,0.058,0.058,0.058,0.058,53476.0,3101.608
2015-08-24 00:00:00,0.058,0.058,0.0464,0.0464,59755.0,2772.6319999999996
2015-08-25 00:00:00,0.0464,0.0464,0.0464,0.0464,13354.0,619.6256
2015-08-26 00:00:00,0.058,0.058,0.0464,0.0464,94294.0,4375.241599999999
2015-08-27 00:00:00,0.0464,0.0464,0.0464,0.0464,3511.0,162.91039999999998
2015-08-28 00:00:00,0.0464,0.0464,0.0464,0.0464,172309.0,7995.137599999999
2015-08-31 00:00:00,0.0464,0.0464,0.0464,0.0464,862.0,39.9968
2015-09-03 00:00:00,0.058,0.058,0.058,0.058,67417.0,3910.186
2015-09-07 00:00:00,0.058,0.058,0.058,0.058,4441.0,257.57800000000003
2015-09-09 00:00:00,0.0696,0.0696,0.0696,0.0696,14039.0,977.1143999999999
2015-09-10 00:00:00,0.058,0.058,0.058,0.058,8615.0,499.67
2015-09-15 00:00:00,0.058,0.058,0.058,0.058,4308.0,249.864
2015-09-16 00:00:00,0.058,0.058,0.058,0.058,1885.0,109.33000000000001
2015-09-17 00:00:00,0.0696,0.0696,0.0696,0.0696,110318.0,7678.132799999999
2015-09-21 00:00:00,0.0696,0.0696,0.0696,0.0696,43077.0,2998.1591999999996
2015-09-23 00:00:00,0.0696,0.0696,0.0696,0.0696,18522.0,1289.1311999999998
2015-09-24 00:00:00,0.0812,0.0812,0.0812,0.0812,21539.0,1748.9668
2015-09-25 00:00:00,0.0696,0.0696,0.0696,0.0696,39380.0,2740.848
2015-09-28 00:00:00,0.0929,0.0929,0.0812,0.0812,17859.0,1450.1508
2015-09-29 00:00:00,0.0812,0.0929,0.0812,0.0929,15077.0,1400.6533
2015-09-30 00:00:00,0.0929,0.0929,0.0696,0.0696,11868.0,826.0128
2015-10-01 00:00:00,0.0812,0.0812,0.0812,0.0812,41318.0,3355.0215999999996
2015-10-02 00:00:00,0.0812,0.0812,0.0696,0.0696,17231.0,1199.2776
2015-10-08 00:00:00,0.0812,0.0812,0.058,0.058,105987.0,6147.246
2015-10-09 00:00:00,0.058,0.0696,0.058,0.0696,7496.0,521.7216
2015-10-12 00:00:00,0.0812,0.0812,0.0812,0.0812,93064.0,7556.796799999999
2015-10-13 00:00:00,0.0812,0.0812,0.0812,0.0812,8615.0,699.5379999999999
2015-10-14 00:00:00,0.0812,0.0812,0.0812,0.0812,1077.0,87.4524
2015-10-15 00:00:00,0.0812,0.0812,0.0812,0.0812,154.0,12.5048
2015-10-19 00:00:00,0.0812,0.0929,0.0812,0.0929,10769.0,1000.4400999999999
2015-10-21 00:00:00,0.0929,0.0929,0.0929,0.0929,8615.0,800.3335
2015-10-22 00:00:00,0.0929,0.1045,0.0812,0.0812,34584.0,2808.2207999999996
2015-10-28 00:00:00,0.0812,0.0812,0.0812,0.0812,3295.0,267.554
2015-10-29 00:00:00,0.0812,0.0929,0.0696,0.0929,19123.0,1776.5267
2015-11-04 00:00:00,0.0812,0.0929,0.0812,0.0929,105200.0,9773.08
2015-11-05 00:00:00,0.0812,0.0812,0.0812,0.0812,7969.0,647.0827999999999
2015-11-09 00:00:00,0.0812,0.0812,0.0812,0.0812,420.0,34.104
2015-11-10 00:00:00,0.0812,0.0812,0.0812,0.0812,25842.0,2098.3704
2015-11-11 00:00:00,0.0696,0.0812,0.0696,0.0812,39602.0,3215.6823999999997
2015-11-12 00:00:00,0.0812,0.0812,0.0812,0.0812,10339.0,839.5268
2015-11-17 00:00:00,0.0812,0.0812,0.0812,0.0812,43077.0,3497.8523999999998
2015-11-19 00:00:00,0.0696,0.0812,0.0696,0.0812,55708.0,4523.4896
2015-11-20 00:00:00,0.0812,0.0812,0.0812,0.0812,10658.0,865.4295999999999
2015-11-24 00:00:00,0.0696,0.0929,0.0696,0.0929,97025.0,9013.6225
2015-11-25 00:00:00,0.1045,0.1045,0.0812,0.0929,10796.0,1002.9484
2015-11-26 00:00:00,0.0812,0.0929,0.0812,0.0929,13354.0,1240.5865999999999
2015-11-27 00:00:00,0.0929,0.0929,0.0812,0.0929,79756.0,7409.332399999999
2015-11-30 00:00:00,0.0812,0.0812,0.0696,0.0812,93400.0,7584.08
2015-12-01 00:00:00,0.0696,0.0696,0.0696,0.0696,144.0,10.0224
2015-12-02 00:00:00,0.0696,0.0696,0.0696,0.0696,43253.0,3010.4087999999997
2015-12-03 00:00:00,0.0696,0.0696,0.058,0.058,153433.0,8899.114
2015-12-04 00:00:00,0.058,0.058,0.058,0.058,68200.0,3955.6000000000004
2015-12-07 00:00:00,0.058,0.058,0.058,0.058,86120.0,4994.96
2015-12-11 00:00:00,0.058,0.058,0.058,0.058,90.0,5.220000000000001
2015-12-14 00:00:00,0.0696,0.0696,0.0696,0.0696,8615.0,599.6039999999999
2015-12-15 00:00:00,0.0696,0.0696,0.0696,0.0696,15939.0,1109.3544
2015-12-16 00:00:00,0.058,0.058,0.058,0.058,517.0,29.986
2015-12-17 00:00:00,0.0696,0.0696,0.0696,0.0696,5169.0,359.76239999999996
2015-12-18 00:00:00,0.058,0.058,0.058,0.058,18928.0,1097.824
2015-12-21 00:00:00,0.0696,0.0696,0.0696,0.0696,3584.0,249.44639999999998
2015-12-23 00:00:00,0.058,0.058,0.058,0.058,517.0,29.986
2015-12-24 00:00:00,0.0696,0.0696,0.0696,0.0696,10587.0,736.8552
2015-12-29 00:00:00,0.058,0.058,0.058,0.058,5437.0,315.346
2015-12-30 00:00:00,0.058,0.058,0.058,0.058,4308.0,249.864
2015-12-31 00:00:00,0.058,0.058,0.058,0.058,2585.0,149.93
2016-01-04 00:00:00,0.0696,0.0696,0.0696,0.0696,16348.0,1137.8208
2016-01-05 00:00:00,0.058,0.058,0.058,0.058,538.0,31.204
2016-01-07 00:00:00,0.058,0.058,0.058,0.058,1292.0,74.936
2016-01-11 00:00:00,0.058,0.058,0.058,0.058,8310.0,481.98
2016-01-12 00:00:00,0.058,0.058,0.0464,0.058,85223.0,4942.934
2016-01-13 00:00:00,0.058,0.058,0.0464,0.0464,18055.0,837.752
2016-01-25 00:00:00,0.058,0.058,0.058,0.058,3636.0,210.888
2016-01-29 00:00:00,0.058,0.058,0.058,0.058,32739.0,1898.862
2016-02-01 00:00:00,0.058,0.058,0.0464,0.0464,78788.0,3655.7632
2016-02-02 00:00:00,0.058,0.0696,0.058,0.058,150334.0,8719.372000000001
2016-02-03 00:00:00,0.0696,0.0696,0.0696,0.0696,8615.0,599.6039999999999
2016-02-04 00:00:00,0.0696,0.0696,0.058,0.0696,13773.0,958.6007999999999
2016-02-05 00:00:00,0.058,0.058,0.058,0.058,53181.0,3084.498
2016-02-08 00:00:00,0.058,0.058,0.058,0.058,8615.0,499.67
2016-02-12 00:00:00,0.058,0.058,0.058,0.058,8615.0,499.67
2016-02-17 00:00:00,0.058,0.058,0.0464,0.058,54809.0,3178.922
2016-02-19 00:00:00,0.058,0.058,0.058,0.058,6571.0,381.118
2016-02-22 00:00:00,0.0464,0.0464,0.0464,0.0464,5662.0,262.7168
2016-02-23 00:00:00,0.058,0.0696,0.058,0.0696,30154.0,2098.7183999999997
2016-02-25 00:00:00,0.0464,0.0464,0.0464,0.0464,803.0,37.2592
2016-03-03 00:00:00,0.0696,0.0696,0.0696,0.0696,172352.0,11995.6992
2016-03-04 00:00:00,0.0696,0.0696,0.0696,0.0696,31202.0,2171.6592
2016-03-07 00:00:00,0.0812,0.0812,0.0696,0.0696,52895.0,3681.4919999999997
2016-03-08 00:00:00,0.0812,0.0812,0.0812,0.0812,17039.0,1383.5667999999998
2016-03-10 00:00:00,0.0696,0.0696,0.0696,0.0696,8196.0,570.4416
2016-03-11 00:00:00,0.0696,0.0696,0.0696,0.0696,5455.0,379.66799999999995
2016-03-14 00:00:00,0.0696,0.0696,0.0696,0.0696,4172.0,290.3712
2016-03-15 00:00:00,0.0696,0.0696,0.0696,0.0696,2977.0,207.1992
2016-03-16 00:00:00,0.0696,0.0696,0.0696,0.0696,7792.0,542.3231999999999
2016-03-17 00:00:00,0.0696,0.0696,0.058,0.058,42078.0,2440.5240000000003
2016-03-18 00:00:00,0.058,0.058,0.058,0.058,61200.0,3549.6000000000004
2016-03-24 00:00:00,0.0696,0.0696,0.058,0.058,37972.0,2202.376
2016-03-30 00:00:00,0.058,0.058,0.058,0.058,5600.0,324.8
2016-03-31 00:00:00,0.0696,0.0696,0.0696,0.0696,14090.0,980.664
2016-04-04 00:00:00,0.058,0.058,0.058,0.058,907.0,52.606
2016-04-07 00:00:00,0.058,0.0696,0.058,0.0696,5036.0,350.50559999999996
2016-04-11 00:00:00,0.058,0.0696,0.058,0.0696,65588.0,4564.9248
2016-04-12 00:00:00,0.0696,0.0696,0.0696,0.0696,862.0,59.9952
2016-04-13 00:00:00,0.0696,0.0812,0.058,0.058,39301.0,2279.458
2016-04-14 00:00:00,0.058,0.058,0.058,0.058,10942.0,634.6360000000001
2016-04-15 00:00:00,0.058,0.058,0.058,0.058,1120.0,64.96000000000001
2016-04-18 00:00:00,0.0696,0.0696,0.058,0.058,3446.0,199.86800000000002
2016-04-21 00:00:00,0.0696,0.0696,0.058,0.058,9592.0,556.336
2016-04-22 00:00:00,0.0696,0.0696,0.0696,0.0696,46332.0,3224.7072
2016-04-26 00:00:00,0.0696,0.0696,0.0696,0.0696,8615.0,599.6039999999999
2016-04-27 00:00:00,0.0696,0.0696,0.0696,0.0696,4658.0,324.1968
2016-04-28 00:00:00,0.0696,0.0696,0.0696,0.0696,3145.0,218.892
2016-04-29 00:00:00,0.0696,0.0696,0.0696,0.0696,2296.0,159.80159999999998
2016-05-02 00:00:00,0.0812,0.0929,0.0812,0.0812,198794.0,16142.072799999998
2016-05-03 00:00:00,0.0812,0.0812,0.0696,0.0696,39525.0,2750.9399999999996
2016-05-04 00:00:00,0.0812,0.0812,0.0812,0.0812,862.0,69.9944
2016-05-05 00:00:00,0.0812,0.0812,0.0812,0.0812,14769.0,1199.2428
2016-05-06 00:00:00,0.0812,0.0812,0.0696,0.0696,49272.0,3429.3311999999996
2016-05-09 00:00:00,0.0696,0.0696,0.0696,0.0696,3662.0,254.87519999999998
2016-05-10 00:00:00,0.0696,0.0696,0.0696,0.0696,49467.0,3442.9031999999997
2016-05-11 00:00:00,0.0812,0.0812,0.0696,0.0696,2827.0,196.7592
2016-05-13 00:00:00,0.0696,0.0696,0.0696,0.0696,13614.0,947.5343999999999
2016-05-16 00:00:00,0.0812,0.0812,0.0812,0.0812,86815.0,7049.378
2016-05-18 00:00:00,0.0812,0.0812,0.0812,0.0812,11459.0,930.4707999999999
2016-05-19 00:00:00,0.0696,0.0696,0.0696,0.0696,6031.0,419.75759999999997
2016-05-20 00:00:00,0.0696,0.0696,0.0696,0.0696,63842.0,4443.4032
2016-05-24 00:00:00,0.0696,0.0696,0.0696,0.0696,76387.0,5316.535199999999
2016-05-25 00:00:00,0.0696,0.0696,0.0696,0.0696,17231.0,1199.2776
2016-05-26 00:00:00,0.0696,0.0696,0.058,0.058,7000.0,406.0
2016-05-31 00:00:00,0.0696,0.0696,0.058,0.058,12906.0,748.548
2016-06-01 00:00:00,0.058,0.058,0.058,0.058,86.0,4.988
2016-06-03 00:00:00,0.0696,0.0696,0.0696,0.0696,41699.0,2902.2504
2016-06-06 00:00:00,0.0696,0.0696,0.0696,0.0696,34801.0,2422.1495999999997
2016-06-07 00:00:00,0.0696,0.0696,0.0696,0.0696,16892.0,1175.6832
2016-06-08 00:00:00,0.0696,0.0696,0.0696,0.0696,43158.0,3003.7967999999996
2016-06-09 00:00:00,0.0696,0.0696,0.0696,0.0696,485.0,33.756
2016-06-10 00:00:00,0.0696,0.0696,0.0696,0.0696,1077.0,74.9592
2016-06-14 00:00:00,0.0696,0.0696,0.0696,0.0696,78725.0,5479.259999999999
2016-06-17 00:00:00,0.0812,0.0929,0.0812,0.0812,110943.0,9008.5716
2016-06-20 00:00:00,0.0812,0.0929,0.0812,0.0812,151649.0,12313.898799999999
2016-06-23 00:00:00,0.0812,0.0812,0.0812,0.0812,478308.0,38838.609599999996
2016-06-24 00:00:00,0.0812,0.0929,0.0812,0.0929,1163227.0,108063.7883
2016-06-27 00:00:00,0.0929,0.0929,0.0812,0.0812,534569.0,43407.002799999995
2016-06-28 00:00:00,0.0812,0.0812,0.0812,0.0812,19077.0,1549.0523999999998
2016-06-29 00:00:00,0.0812,0.0812,0.0696,0.0812,332873.0,27029.2876
2016-06-30 00:00:00,0.0696,0.0929,0.0696,0.0812,817372.0,66370.60639999999
2016-07-01 00:00:00,0.0929,0.1045,0.0929,0.1045,1548427.0,161810.62149999998
2016-07-04 00:00:00,0.1161,0.1161,0.0929,0.0929,486724.0,45216.6596
2016-07-05 00:00:00,0.1045,0.1045,0.0929,0.0929,149512.0,13889.664799999999
2016-07-06 00:00:00,0.0929,0.1045,0.0929,0.1045,388035.0,40549.6575
2016-07-07 00:00:00,0.1045,0.1393,0.1045,0.1393,2872891.0,400193.71630000003
2016-07-08 00:00:00,0.1393,0.1509,0.1277,0.1277,2386389.0,304741.8753
2016-07-11 00:00:00,0.1393,0.1741,0.1393,0.1509,2802320.0,422870.088
2016-07-12 00:00:00,0.1741,0.1741,0.1509,0.1625,1579675.0,256697.1875
2016-07-13 00:00:00,0.1625,0.1857,0.1625,0.1625,2389675.0,388322.1875
2016-07-14 00:00:00,0.1741,0.1741,0.1509,0.1509,1136376.0,171479.1384
2016-07-15 00:00:00,0.1625,0.1625,0.1393,0.1393,603120.0,84014.61600000001
2016-07-18 00:00:00,0.1509,0.1509,0.1451,0.1509,325327.0,49091.844300000004
2016-07-19 00:00:00,0.1625,0.1625,0.1567,0.1625,302056.0,49084.1
2016-07-20 00:00:00,0.1625,0.1625,0.1509,0.1509,218276.0,32937.8484
2016-07-21 00:00:00,0.1509,0.1509,0.1393,0.1393,145601.0,20282.2193
2016-07-22 00:00:00,0.1509,0.1509,0.1451,0.1509,323189.0,48769.2201
2016-07-25 00:00:00,0.1625,0.1741,0.1509,0.1625,540354.0,87807.52500000001
2016-07-26 00:00:00,0.1625,0.1625,0.1509,0.1509,366791.0,55348.761900000005
2016-07-27 00:00:00,0.1509,0.1509,0.1509,0.1509,26295.0,3967.9155
2016-07-28 00:00:00,0.1625,0.1625,0.1509,0.1509,588146.0,88751.2314
2016-07-29 00:00:00,0.1509,0.1509,0.1277,0.1277,952152.0,121589.8104
2016-08-01 00:00:00,0.1393,0.1393,0.0987,0.1045,847122.0,88524.249
2016-08-02 00:00:00,0.1161,0.1161,0.1045,0.1045,77227.0,8070.2215
2016-08-03 00:00:00,0.1045,0.1161,0.1045,0.1045,187423.0,19585.7035
2016-08-04 00:00:00,0.1045,0.1161,0.1045,0.1103,223042.0,24601.5326
2016-08-05 00:00:00,0.1045,0.1103,0.1045,0.1045,69354.0,7247.4929999999995
2016-08-08 00:00:00,0.1045,0.1045,0.1045,0.1045,216253.0,22598.4385
2016-08-09 00:00:00,0.1045,0.1335,0.1045,0.1277,754189.0,96309.93530000001
2016-08-10 00:00:00,0.1393,0.1393,0.1045,0.1045,90031.0,9408.2395
2016-08-11 00:00:00,0.1045,0.1045,0.1045,0.1045,3076.0,321.442
2016-08-12 00:00:00,0.1161,0.1161,0.1161,0.1161,17855.0,2072.9655
2016-08-15 00:00:00,0.1277,0.1277,0.1161,0.1161,12633.0,1466.6913
2016-08-16 00:00:00,0.1161,0.1219,0.1161,0.1161,157327.0,18265.664699999998
2016-08-17 00:00:00,0.1161,0.1161,0.1045,0.1045,139638.0,14592.171
2016-08-18 00:00:00,0.1045,0.1161,0.1045,0.1161,111829.0,12983.346899999999
2016-08-19 00:00:00,0.1161,0.1161,0.1161,0.1161,34117.0,3960.9836999999998
2016-08-22 00:00:00,0.1161,0.1161,0.1161,0.1161,113664.0,13196.3904
2016-08-23 00:00:00,0.1103,0.1103,0.1045,0.1045,6140.0,641.63
2016-08-24 00:00:00,0.1161,0.1161,0.1161,0.1161,36185.0,4201.0785
2016-08-25 00:00:00,0.1161,0.1161,0.1045,0.1161,124991.0,14511.4551
2016-08-26 00:00:00,0.1277,0.1277,0.1161,0.1161,67823.0,7874.2503
2016-08-29 00:00:00,0.1161,0.1161,0.1161,0.1161,38769.0,4501.0809
2016-08-30 00:00:00,0.1973,0.2031,0.1741,0.1973,4599361.0,907453.9253
2016-08-31 00:00:00,0.1857,0.1973,0.1741,0.1973,1268268.0,250229.2764
2016-09-01 00:00:00,0.1973,0.1973,0.1741,0.1741,617968.0,107588.2288
2016-09-02 00:00:00,0.1857,0.1857,0.1741,0.1741,685539.0,119352.3399
2016-09-05 00:00:00,0.1857,0.1857,0.1857,0.1857,209906.0,38979.544200000004
2016-09-06 00:00:00,0.1857,0.1973,0.1857,0.1973,404618.0,79831.1314
2016-09-07 00:00:00,0.1973,0.2786,0.1973,0.2321,2775397.0,644169.6437
2016-09-08 00:00:00,0.2321,0.2321,0.2089,0.2089,423793.0,88530.35770000001
2016-09-09 00:00:00,0.2205,0.3018,0.2205,0.267,3294326.0,879585.042
2016-09-12 00:00:00,0.2554,0.2786,0.2437,0.2554,657738.0,167986.2852
2016-09-13 00:00:00,0.267,0.2786,0.2205,0.2205,1398439.0,308355.7995
2016-09-14 00:00:00,0.1973,0.1973,0.1741,0.1741,3788202.0,659525.9682
2016-09-15 00:00:00,0.1857,0.1857,0.1741,0.1857,311782.0,57897.9174
2016-09-16 00:00:00,0.1857,0.1973,0.1857,0.1857,192834.0,35809.2738
2016-09-19 00:00:00,0.1857,0.1857,0.1857,0.1857,285811.0,53075.1027
2016-09-20 00:00:00,0.1857,0.1857,0.1741,0.1741,280250.0,48791.525
2016-09-21 00:00:00,0.1857,0.1973,0.1741,0.1741,324989.0,56580.5849
2016-09-22 00:00:00,0.1857,0.1857,0.1741,0.1741,357907.0,62311.608700000004
2016-09-23 00:00:00,0.1741,0.1857,0.1741,0.1741,237636.0,41372.4276
2016-09-26 00:00:00,0.1857,0.1857,0.1741,0.1741,316676.0,55133.291600000004
2016-09-27 00:00:00,0.1857,0.1857,0.1741,0.1741,133120.0,23176.192
2016-09-28 00:00:00,0.1857,0.2205,0.1857,0.1857,578652.0,107455.6764
2016-09-29 00:00:00,0.1741,0.1857,0.1393,0.1393,3059779.0,426227.2147
2016-09-30 00:00:00,0.1161,0.1161,0.0929,0.1045,2563363.0,267871.4335
2016-10-03 00:00:00,0.0929,0.1045,0.0929,0.0929,357242.0,33187.7818
2016-10-04 00:00:00,0.0929,0.0929,0.0812,0.0929,1196242.0,111130.8818
2016-10-05 00:00:00,0.0929,0.1103,0.0929,0.1103,892710.0,98465.913
2016-10-06 00:00:00,0.1161,0.1161,0.1045,0.1045,105554.0,11030.393
2016-10-07 00:00:00,0.1045,0.1045,0.0929,0.0929,366394.0,34038.0026
2016-10-10 00:00:00,0.0929,0.1103,0.0929,0.1045,281023.0,29366.9035
2016-10-11 00:00:00,0.1161,0.1161,0.1045,0.1045,209028.0,21843.426
2016-10-12 00:00:00,0.1045,0.1161,0.0929,0.1045,746095.0,77966.92749999999
2016-10-13 00:00:00,0.1045,0.1045,0.1045,0.1045,69010.0,7211.545
2016-10-14 00:00:00,0.1045,0.1045,0.1045,0.1045,29335.0,3065.5074999999997
2016-10-17 00:00:00,0.1045,0.1045,0.0929,0.0929,92177.0,8563.2433
2016-10-18 00:00:00,0.1045,0.1045,0.0929,0.1045,308028.0,32188.926
2016-10-19 00:00:00,0.1114,0.1114,0.0975,0.0975,133162.0,12983.295
2016-10-20 00:00:00,0.1114,0.1114,0.0975,0.1114,113504.0,12644.3456
2016-10-21 00:00:00,0.0975,0.1045,0.0836,0.0975,188583.0,18386.8425
2016-10-24 00:00:00,0.0836,0.0975,0.0836,0.0975,28632.0,2791.62
2016-10-25 00:00:00,0.0836,0.0836,0.0836,0.0836,1454.0,121.55439999999999
2016-10-26 00:00:00,0.0836,0.0905,0.0836,0.0836,83890.0,7013.204
2016-10-27 00:00:00,0.0836,0.0836,0.0836,0.0836,7180.0,600.2479999999999
2016-10-28 00:00:00,0.0905,0.0905,0.0836,0.0836,4110.0,343.59599999999995
2016-10-31 00:00:00,0.0836,0.0836,0.0836,0.0836,33357.0,2788.6452
2016-11-01 00:00:00,0.0836,0.0836,0.0836,0.0836,125774.0,10514.7064
2016-11-02 00:00:00,0.0836,0.0905,0.0836,0.0905,4218.0,381.729
2016-11-03 00:00:00,0.0975,0.0975,0.0836,0.0836,171332.0,14323.355199999998
2016-11-04 00:00:00,0.0836,0.0836,0.0836,0.0836,31703.0,2650.3707999999997
2016-11-07 00:00:00,0.0836,0.0975,0.0836,0.0975,140356.0,13684.710000000001
2016-11-08 00:00:00,0.0975,0.0975,0.0836,0.0836,106975.0,8943.109999999999
2016-11-09 00:00:00,0.0836,0.0975,0.0836,0.0975,354875.0,34600.3125
2016-11-10 00:00:00,0.1114,0.1114,0.0975,0.0975,8974.0,874.965
2016-11-11 00:00:00,0.0975,0.0975,0.0836,0.0975,406505.0,39634.2375
2016-11-14 00:00:00,0.1114,0.1114,0.0836,0.0836,260999.0,21819.516399999997
2016-11-15 00:00:00,0.0975,0.0975,0.0836,0.0836,706257.0,59043.085199999994
2016-11-16 00:00:00,0.0696,0.0836,0.0696,0.0836,270094.0,22579.858399999997
2016-11-17 00:00:00,0.0836,0.0836,0.0836,0.0836,897.0,74.9892
2016-11-18 00:00:00,0.0836,0.0836,0.0836,0.0836,41547.0,3473.3291999999997
2016-11-21 00:00:00,0.0975,0.0975,0.0975,0.0975,610787.0,59551.732500000006
2016-11-22 00:00:00,0.0975,0.1045,0.0975,0.1045,312910.0,32699.094999999998
2016-11-23 00:00:00,0.0975,0.0975,0.0975,0.0975,275631.0,26874.0225
2016-11-24 00:00:00,0.1114,0.1114,0.0975,0.1114,505653.0,56329.7442
2016-11-25 00:00:00,0.1114,0.1254,0.1114,0.1254,100901.0,12652.985400000001
2016-11-28 00:00:00,0.1254,0.1254,0.1045,0.1045,384470.0,40177.115
2016-11-29 00:00:00,0.0975,0.0975,0.0975,0.0975,7180.0,700.0500000000001
2016-11-30 00:00:00,0.1254,0.1393,0.1254,0.1393,1523431.0,212213.9383
2016-12-01 00:00:00,0.1254,0.1393,0.1114,0.1114,333303.0,37129.9542
2016-12-02 00:00:00,0.1254,0.1254,0.0975,0.0975,496834.0,48441.315
2016-12-06 00:00:00,0.0975,0.0975,0.0975,0.0975,14583.0,1421.8425
2016-12-07 00:00:00,0.1045,0.1045,0.1045,0.1045,52401.0,5475.9045
2016-12-08 00:00:00,0.0975,0.0975,0.0975,0.0975,417830.0,40738.425
2016-12-09 00:00:00,0.0975,0.0975,0.0975,0.0975,338132.0,32967.87
2016-12-12 00:00:00,0.0975,0.0975,0.0975,0.0975,103630.0,10103.925000000001
2016-12-13 00:00:00,0.0975,0.0975,0.0975,0.0975,149097.0,14536.9575
2016-12-14 00:00:00,0.0975,0.0975,0.0975,0.0975,7628.0,743.73
2016-12-15 00:00:00,0.0975,0.0975,0.0975,0.0975,138834.0,13536.315
2016-12-16 00:00:00,0.0975,0.0975,0.0836,0.0836,514033.0,42973.1588
2016-12-19 00:00:00,0.0836,0.0905,0.0836,0.0836,177311.0,14823.199599999998
2016-12-20 00:00:00,0.0975,0.0975,0.0905,0.0905,16434.0,1487.277
2016-12-21 00:00:00,0.0975,0.0975,0.0975,0.0975,131873.0,12857.6175
2016-12-22 00:00:00,0.0975,0.0975,0.0836,0.0975,175912.0,17151.420000000002
2016-12-23 00:00:00,0.0975,0.0975,0.0975,0.0975,39057.0,3808.0575000000003
2016-12-28 00:00:00,0.0975,0.0975,0.0975,0.0975,5844.0,569.79
2016-12-29 00:00:00,0.0975,0.0975,0.0975,0.0975,15365.0,1498.0875
2016-12-30 00:00:00,0.0975,0.0975,0.0975,0.0975,14359.0,1400.0025
2017-01-03 00:00:00,0.0975,0.0975,0.0836,0.0975,59224.0,5774.34
2017-01-05 00:00:00,0.0975,0.0975,0.0975,0.0975,12349.0,1204.0275000000001
2017-01-06 00:00:00,0.0975,0.0975,0.0836,0.0975,101672.0,9913.02
2017-01-09 00:00:00,0.0975,0.0975,0.0975,0.0975,7180.0,700.0500000000001
2017-01-10 00:00:00,0.0975,0.0975,0.0975,0.0975,46316.0,4515.81
2017-01-11 00:00:00,0.0975,0.0975,0.0975,0.0975,29642.0,2890.0950000000003
2017-01-12 00:00:00,0.0975,0.1114,0.0975,0.0975,35628.0,3473.73
2017-01-13 00:00:00,0.1114,0.1114,0.1114,0.1114,15077.0,1679.5778
2017-01-16 00:00:00,0.1114,0.1114,0.0975,0.0975,82654.0,8058.765
2017-01-17 00:00:00,0.1114,0.1114,0.1114,0.1114,174198.0,19405.6572
2017-01-18 00:00:00,0.1114,0.1114,0.1114,0.1114,46308.0,5158.7112
2017-01-19 00:00:00,0.1114,0.1114,0.1114,0.1114,19684.0,2192.7976
2017-01-20 00:00:00,0.1114,0.1114,0.0975,0.0975,117715.0,11477.2125
2017-01-23 00:00:00,0.0975,0.1045,0.0975,0.0975,511951.0,49915.2225
2017-01-24 00:00:00,0.0975,0.0975,0.0975,0.0975,13505.0,1316.7375
2017-01-25 00:00:00,0.0975,0.0975,0.0975,0.0975,79693.0,7770.0675
2017-01-30 00:00:00,0.0836,0.0905,0.0836,0.0905,1778604.0,160963.66199999998
2017-01-31 00:00:00,0.0905,0.0905,0.0905,0.0905,143591.0,12994.985499999999
2017-02-01 00:00:00,0.0905,0.0905,0.0905,0.0905,2405.0,217.6525
2017-02-02 00:00:00,0.0975,0.0975,0.0975,0.0975,80441.0,7842.9975
2017-02-03 00:00:00,0.0975,0.0975,0.0975,0.0975,230145.0,22439.1375
2017-02-07 00:00:00,0.0975,0.0975,0.0975,0.0975,71795.0,7000.0125
2017-02-08 00:00:00,0.0975,0.0975,0.0975,0.0975,126360.0,12320.1
2017-02-09 00:00:00,0.0975,0.1045,0.0975,0.1045,349126.0,36483.667
2017-02-10 00:00:00,0.0975,0.0975,0.0975,0.0975,78680.0,7671.3
2017-02-13 00:00:00,0.0975,0.1114,0.0975,0.1114,67564.0,7526.6296
2017-02-14 00:00:00,0.1114,0.1114,0.1114,0.1114,21003.0,2339.7342
2017-02-15 00:00:00,0.1114,0.1114,0.0975,0.1114,348861.0,38863.1154
2017-02-16 00:00:00,0.1114,0.1114,0.1114,0.1114,314728.0,35060.6992
2017-02-17 00:00:00,0.1114,0.1254,0.1114,0.1254,492319.0,61736.8026
2017-02-20 00:00:00,0.1254,0.1254,0.1254,0.1254,910509.0,114177.82860000001
2017-02-21 00:00:00,0.1254,0.1254,0.1114,0.1254,413960.0,51910.584
2017-02-22 00:00:00,0.1254,0.1254,0.1254,0.1254,83283.0,10443.6882
2017-02-23 00:00:00,0.1114,0.1114,0.1114,0.1114,617142.0,68749.6188
2017-02-24 00:00:00,0.1114,0.1114,0.1114,0.1114,10064.0,1121.1296
2017-02-27 00:00:00,0.0975,0.1114,0.0975,0.0975,1289490.0,125725.27500000001
2017-02-28 00:00:00,0.0975,0.0975,0.0836,0.0836,1030553.0,86154.23079999999
2017-03-01 00:00:00,0.0975,0.0975,0.0836,0.0975,432060.0,42125.85
2017-03-02 00:00:00,0.0975,0.0975,0.0975,0.0975,182867.0,17829.5325
2017-03-03 00:00:00,0.0975,0.0975,0.0975,0.0975,23333.0,2274.9675
2017-03-06 00:00:00,0.0975,0.0975,0.0975,0.0975,219398.0,21391.305
2017-03-07 00:00:00,0.0975,0.0975,0.0905,0.0975,157892.0,15394.470000000001
2017-03-08 00:00:00,0.0975,0.0975,0.0836,0.0905,263848.0,23878.244
2017-03-09 00:00:00,0.0975,0.0975,0.0905,0.0905,20821.0,1884.3004999999998
2017-03-10 00:00:00,0.0836,0.0975,0.0836,0.0975,423025.0,41244.9375
2017-03-13 00:00:00,0.0975,0.0975,0.0836,0.0975,266719.0,26005.1025
2017-03-15 00:00:00,0.0905,0.0905,0.0905,0.0905,50257.0,4548.2585
2017-03-16 00:00:00,0.0905,0.0975,0.0905,0.0975,139283.0,13580.0925
2017-03-17 00:00:00,0.0975,0.1114,0.0975,0.1045,509776.0,53271.592
2017-03-20 00:00:00,0.1114,0.1114,0.1114,0.1114,66101.0,7363.6514
2017-03-21 00:00:00,0.1254,0.1462,0.1114,0.1254,2549904.0,319757.96160000004
2017-03-22 00:00:00,0.1254,0.1254,0.1114,0.1114,449156.0,50035.9784
2017-03-23 00:00:00,0.1114,0.1114,0.1114,0.1114,565713.0,63020.4282
2017-03-24 00:00:00,0.1114,0.1114,0.1114,0.1114,138103.0,15384.6742
2017-03-27 00:00:00,0.1114,0.1114,0.1114,0.1114,75998.0,8466.1772
2017-03-28 00:00:00,0.1114,0.1114,0.0975,0.0975,75385.0,7350.0375
2017-03-29 00:00:00,0.1114,0.1114,0.1114,0.1114,220408.0,24553.4512
2017-03-30 00:00:00,0.1114,0.1114,0.1114,0.1114,386346.0,43038.9444
2017-03-31 00:00:00,0.1114,0.1114,0.1114,0.1114,157987.0,17599.7518
2017-04-03 00:00:00,0.1114,0.1254,0.1114,0.1254,389307.0,48819.0978
2017-04-04 00:00:00,0.1393,0.1393,0.1254,0.1393,366800.0,51095.240000000005
2017-04-05 00:00:00,0.1393,0.1393,0.1254,0.1254,228442.0,28646.626800000002
2017-04-06 00:00:00,0.1254,0.1254,0.1254,0.1254,146560.0,18378.624000000003
2017-04-07 00:00:00,0.1254,0.1393,0.1254,0.1393,68173.0,9496.4989
2017-04-10 00:00:00,0.1393,0.1393,0.1393,0.1393,189430.0,26387.599000000002
2017-04-12 00:00:00,0.1254,0.1254,0.1254,0.1254,21539.0,2700.9906
2017-04-13 00:00:00,0.1254,0.1254,0.1184,0.1254,844272.0,105871.70880000001
2017-04-18 00:00:00,0.1254,0.1254,0.1254,0.1254,15077.0,1890.6558000000002
2017-04-20 00:00:00,0.1114,0.1254,0.1114,0.1254,408057.0,51170.3478
2017-04-24 00:00:00,0.1114,0.1114,0.1114,0.1114,415045.0,46236.013
2017-04-26 00:00:00,0.1114,0.1114,0.1114,0.1114,92712.0,10328.1168
2017-04-27 00:00:00,0.1114,0.1254,0.1114,0.1254,44513.0,5581.930200000001
2017-04-28 00:00:00,0.1114,0.1114,0.1114,0.1114,90642.0,10097.5188
2017-05-01 00:00:00,0.1114,0.1114,0.1114,0.1114,47067.0,5243.2638
2017-05-02 00:00:00,0.1254,0.1254,0.1254,0.1254,155796.0,19536.8184
2017-05-03 00:00:00,0.1254,0.1254,0.1114,0.1114,252954.0,28179.0756
2017-05-04 00:00:00,0.1254,0.1254,0.1114,0.1254,181582.0,22770.382800000003
2017-05-08 00:00:00,0.1254,0.1254,0.1254,0.1254,4308.0,540.2232
2017-05-09 00:00:00,0.1254,0.1254,0.1114,0.1254,17838.0,2236.8852
2017-05-10 00:00:00,0.1114,0.1184,0.1114,0.1184,28718.0,3400.2112
2017-05-11 00:00:00,0.1184,0.1184,0.1114,0.1114,320129.0,35662.3706
2017-05-12 00:00:00,0.1114,0.1114,0.1114,0.1114,141590.0,15773.126
2017-05-15 00:00:00,0.1114,0.1254,0.1114,0.1254,94401.0,11837.885400000001
2017-05-16 00:00:00,0.1114,0.1114,0.1114,0.1114,46594.0,5190.5716
2017-05-17 00:00:00,0.1114,0.1114,0.1114,0.1114,69984.0,7796.2176
2017-05-18 00:00:00,0.1114,0.1114,0.1114,0.1114,128748.0,14342.5272
2017-05-19 00:00:00,0.1254,0.1254,0.1254,0.1254,4006.0,502.35240000000005
2017-05-22 00:00:00,0.1114,0.1114,0.1114,0.1114,68405.0,7620.317
2017-05-23 00:00:00,0.1254,0.1254,0.1254,0.1254,17949.0,2250.8046000000004
2017-05-24 00:00:00,0.1114,0.1254,0.1114,0.1254,29155.0,3656.0370000000003
2017-05-25 00:00:00,0.1254,0.1254,0.1114,0.1114,226110.0,25188.654
2017-05-26 00:00:00,0.1114,0.1114,0.1114,0.1114,40349.0,4494.8786
2017-05-29 00:00:00,0.1114,0.1114,0.1114,0.1114,57604.0,6417.0856
2017-05-30 00:00:00,0.1254,0.1254,0.1254,0.1254,63499.0,7962.774600000001
2017-05-31 00:00:00,0.1114,0.1114,0.1114,0.1114,65245.0,7268.293
2017-06-01 00:00:00,0.1114,0.1114,0.1114,0.1114,324929.0,36197.0906
2017-06-02 00:00:00,0.1114,0.1114,0.1114,0.1114,14503.0,1615.6342
2017-06-05 00:00:00,0.1114,0.1114,0.1114,0.1114,180753.0,20135.8842
2017-06-07 00:00:00,0.0975,0.1114,0.0975,0.0975,87909.0,8571.1275
2017-06-08 00:00:00,0.1114,0.1114,0.1114,0.1114,14718.0,1639.5852
2017-06-09 00:00:00,0.1114,0.1114,0.0975,0.0975,907166.0,88448.685
2017-06-13 00:00:00,0.0975,0.0975,0.0975,0.0975,281653.0,27461.1675
2017-06-14 00:00:00,0.0975,0.1114,0.0975,0.0975,599867.0,58487.0325
2017-06-15 00:00:00,0.0975,0.1114,0.0975,0.0975,90860.0,8858.85
2017-06-16 00:00:00,0.1114,0.1184,0.1045,0.1114,845428.0,94180.6792
2017-06-19 00:00:00,0.1114,0.1114,0.0836,0.0836,589753.0,49303.35079999999
2017-06-20 00:00:00,0.0975,0.0975,0.0905,0.0905,93011.0,8417.495499999999
2017-06-21 00:00:00,0.0905,0.0975,0.0905,0.0975,38975.0,3800.0625
2017-06-22 00:00:00,0.0836,0.0836,0.0836,0.0836,71795.0,6002.062
2017-06-23 00:00:00,0.0975,0.0975,0.0975,0.0975,70770.0,6900.075
2017-06-26 00:00:00,0.0975,0.0975,0.0836,0.0975,175083.0,17070.5925
2017-06-27 00:00:00,0.0905,0.0905,0.0836,0.0836,26667.0,2229.3612
2017-06-28 00:00:00,0.0975,0.0975,0.0836,0.0836,57257.0,4786.6852
2017-06-29 00:00:00,0.0975,0.0975,0.0975,0.0975,12923.0,1259.9925
2017-06-30 00:00:00,0.0836,0.0905,0.0836,0.0836,25898.0,2165.0728
2017-07-03 00:00:00,0.0975,0.0975,0.0975,0.0975,35898.0,3500.0550000000003
2017-07-04 00:00:00,0.0975,0.0975,0.0836,0.0975,362494.0,35343.165
2017-07-05 00:00:00,0.0975,0.0975,0.0975,0.0975,115347.0,11246.3325
2017-07-07 00:00:00,0.0975,0.0975,0.0836,0.0836,726852.0,60764.82719999999
2017-07-10 00:00:00,0.0836,0.0836,0.0836,0.0836,237627.0,19865.617199999997
2017-07-11 00:00:00,0.0836,0.0836,0.0836,0.0836,7180.0,600.2479999999999
2017-07-12 00:00:00,0.0836,0.0836,0.0696,0.0696,1423268.0,99059.4528
2017-07-13 00:00:00,0.0696,0.0696,0.0696,0.0696,179488.0,12492.3648
2017-07-14 00:00:00,0.0696,0.0696,0.0627,0.0696,301753.0,21002.0088
2017-07-17 00:00:00,0.0696,0.0696,0.0696,0.0696,43853.0,3052.1688
2017-07-18 00:00:00,0.0627,0.0696,0.0627,0.0696,349212.0,24305.155199999997
2017-07-19 00:00:00,0.075,0.075,0.075,0.075,89334.0,6700.05
2017-07-20 00:00:00,0.0675,0.0675,0.06,0.06,408335.0,24500.1
2017-07-21 00:00:00,0.06,0.06,0.06,0.06,30833.0,1849.98
2017-07-25 00:00:00,0.06,0.0675,0.06,0.0675,706208.0,47669.04
2017-07-27 00:00:00,0.06,0.06,0.06,0.06,185244.0,11114.64
2017-07-28 00:00:00,0.06,0.06,0.06,0.06,445365.0,26721.899999999998
2017-07-31 00:00:00,0.06,0.06,0.06,0.06,17808.0,1068.48
2017-08-03 00:00:00,0.045,0.06,0.045,0.06,61744.0,3704.64
2017-08-04 00:00:00,0.06,0.06,0.06,0.06,100697.0,6041.82
2017-08-07 00:00:00,0.06,0.06,0.0525,0.0525,28889.0,1516.6725
2017-08-08 00:00:00,0.06,0.06,0.0525,0.0525,20645.0,1083.8625
2017-08-09 00:00:00,0.06,0.06,0.06,0.06,530469.0,31828.14
2017-08-10 00:00:00,0.06,0.06,0.06,0.06,241274.0,14476.439999999999
2017-08-11 00:00:00,0.06,0.06,0.0525,0.0525,501636.0,26335.89
2017-08-14 00:00:00,0.06,0.06,0.045,0.045,176418.0,7938.8099999999995
2017-08-15 00:00:00,0.045,0.0525,0.045,0.0525,52148.0,2737.77
2017-08-16 00:00:00,0.045,0.0525,0.045,0.0525,24742.0,1298.955
2017-08-17 00:00:00,0.0525,0.0525,0.045,0.045,42107.0,1894.8149999999998
2017-08-18 00:00:00,0.0525,0.0525,0.0525,0.0525,13333.0,699.9825
2017-08-21 00:00:00,0.06,0.06,0.0525,0.0525,26667.0,1400.0175
2017-08-22 00:00:00,0.06,0.075,0.045,0.075,5065034.0,379877.55
2017-08-23 00:00:00,0.06,0.075,0.06,0.06,2057080.0,123424.79999999999
2017-08-24 00:00:00,0.075,0.075,0.0675,0.075,538521.0,40389.075
2017-08-25 00:00:00,0.075,0.09,0.06,0.06,8104075.0,486244.5
2017-08-28 00:00:00,0.075,0.09,0.075,0.09,3187013.0,286831.17
2017-08-29 00:00:00,0.09,0.09,0.075,0.09,1553175.0,139785.75
2017-08-30 00:00:00,0.09,0.09,0.075,0.075,592184.0,44413.799999999996
2017-08-31 00:00:00,0.09,0.09,0.075,0.075,260468.0,19535.1
2017-09-01 00:00:00,0.075,0.075,0.06,0.06,7075061.0,424503.66
2017-09-04 00:00:00,0.06,0.0675,0.06,0.06,511819.0,30709.14
2017-09-05 00:00:00,0.06,0.0675,0.045,0.045,1162300.0,52303.5
2017-09-06 00:00:00,0.06,0.0675,0.06,0.06,1932238.0,115934.28
2017-09-07 00:00:00,0.0675,0.075,0.0675,0.075,283335.0,21250.125
2017-09-08 00:00:00,0.06,0.0675,0.06,0.0675,226668.0,15300.09
2017-09-11 00:00:00,0.06,0.06,0.06,0.06,1135857.0,68151.42
2017-09-12 00:00:00,0.06,0.06,0.0525,0.0525,280017.0,14700.8925
2017-09-13 00:00:00,0.06,0.06,0.06,0.06,332538.0,19952.28
2017-09-14 00:00:00,0.06,0.06,0.0525,0.06,274668.0,16480.079999999998
2017-09-15 00:00:00,0.06,0.06,0.06,0.06,6333.0,379.97999999999996
2017-09-18 00:00:00,0.06,0.06,0.0525,0.0525,40000.0,2100.0
2017-09-19 00:00:00,0.06,0.06,0.0525,0.0525,152667.0,8015.0175
2017-09-20 00:00:00,0.06,0.06,0.06,0.06,2916444.0,174986.63999999998
2017-09-21 00:00:00,0.06,0.0675,0.0525,0.06,596107.0,35766.42
2017-09-22 00:00:00,0.06,0.0675,0.06,0.06,804728.0,48283.68
2017-09-25 00:00:00,0.06,0.0675,0.06,0.06,620646.0,37238.76
2017-09-26 00:00:00,0.06,0.06,0.06,0.06,263352.0,15801.119999999999
2017-09-27 00:00:00,0.06,0.06,0.06,0.06,335835.0,20150.1
2017-09-28 00:00:00,0.06,0.06,0.0525,0.06,109667.0,6580.0199999999995
2017-10-02 00:00:00,0.06,0.06,0.045,0.045,386276.0,17382.42
2017-10-03 00:00:00,0.06,0.075,0.06,0.075,2390836.0,179312.69999999998
2017-10-04 00:00:00,0.075,0.075,0.06,0.075,869317.0,65198.774999999994
2017-10-05 00:00:00,0.075,0.075,0.075,0.075,2596510.0,194738.25
2017-10-06 00:00:00,0.075,0.075,0.075,0.075,738772.0,55407.9
2017-10-09 00:00:00,0.075,0.075,0.075,0.075,692523.0,51939.225
2017-10-10 00:00:00,0.075,0.075,0.06,0.06,352135.0,21128.1
2017-10-11 00:00:00,0.075,0.075,0.0675,0.0675,230668.0,15570.09
2017-10-12 00:00:00,0.075,0.0825,0.075,0.075,1600297.0,120022.275
2017-10-13 00:00:00,0.075,0.075,0.0675,0.0675,764464.0,51601.32000000001
2017-10-16 00:00:00,0.0675,0.075,0.0675,0.075,126667.0,9500.025
2017-10-17 00:00:00,0.06,0.0675,0.06,0.0675,66341.0,4478.0175
2017-10-18 00:00:00,0.06,0.075,0.06,0.075,261268.0,19595.1
2017-10-19 00:00:00,0.0675,0.075,0.0675,0.0675,189112.0,12765.060000000001
2017-10-20 00:00:00,0.06,0.075,0.06,0.0675,106667.0,7200.0225
2017-10-23 00:00:00,0.075,0.075,0.0675,0.075,238669.0,17900.175
2017-10-24 00:00:00,0.06,0.06,0.06,0.06,13333.0,799.98
2017-10-25 00:00:00,0.075,0.075,0.06,0.06,79584.0,4775.04
2017-10-26 00:00:00,0.075,0.075,0.06,0.06,211902.0,12714.119999999999
2017-10-27 00:00:00,0.075,0.075,0.06,0.075,34142.0,2560.65
2017-10-30 00:00:00,0.06,0.075,0.06,0.0675,190001.0,12825.067500000001
2017-10-31 00:00:00,0.075,0.075,0.06,0.06,185088.0,11105.279999999999
2017-11-01 00:00:00,0.075,0.075,0.075,0.075,154819.0,11611.425
2017-11-02 00:00:00,0.075,0.075,0.0675,0.075,455488.0,34161.6
2017-11-03 00:00:00,0.06,0.075,0.06,0.075,533369.0,40002.674999999996
2017-11-06 00:00:00,0.075,0.075,0.06,0.075,814861.0,61114.575
2017-11-07 00:00:00,0.075,0.0825,0.075,0.075,1753923.0,131544.225
2017-11-08 00:00:00,0.09,0.12,0.09,0.105,8322754.0,873889.1699999999
2017-11-09 00:00:00,0.12,0.1575,0.12,0.12,10169556.0,1220346.72
2017-11-10 00:00:00,0.135,0.135,0.105,0.105,1983528.0,208270.44
2017-11-13 00:00:00,0.12,0.12,0.09,0.09,1736595.0,156293.55
2017-11-14 00:00:00,0.105,0.1125,0.0975,0.1125,1362832.0,153318.6
2017-11-15 00:00:00,0.12,0.12,0.0975,0.0975,1109469.0,108173.22750000001
2017-11-16 00:00:00,0.105,0.105,0.09,0.09,313335.0,28200.149999999998
2017-11-17 00:00:00,0.105,0.105,0.0975,0.105,310164.0,32567.219999999998
2017-11-20 00:00:00,0.12,0.12,0.105,0.105,2530138.0,265664.49
2017-11-21 00:00:00,0.105,0.105,0.09,0.09,1198012.0,107821.08
2017-11-22 00:00:00,0.105,0.105,0.09,0.105,765380.0,80364.9
2017-11-23 00:00:00,0.135,0.1425,0.105,0.105,4735403.0,497217.315
2017-11-24 00:00:00,0.12,0.12,0.105,0.105,1436258.0,150807.09
2017-11-27 00:00:00,0.105,0.105,0.09,0.09,1199113.0,107920.17
2017-11-28 00:00:00,0.105,0.105,0.0975,0.105,1548948.0,162639.54
2017-11-29 00:00:00,0.135,0.135,0.105,0.105,4290790.0,450532.95
2017-11-30 00:00:00,0.105,0.1125,0.105,0.105,1496717.0,157155.285
2017-12-01 00:00:00,0.105,0.105,0.105,0.105,914863.0,96060.61499999999
2017-12-04 00:00:00,0.105,0.1125,0.0975,0.105,885394.0,92966.37
2017-12-05 00:00:00,0.12,0.12,0.105,0.105,943672.0,99085.56
2017-12-06 00:00:00,0.105,0.105,0.09,0.09,229236.0,20631.239999999998
2017-12-07 00:00:00,0.105,0.105,0.09,0.09,26343.0,2370.87
2017-12-08 00:00:00,0.105,0.105,0.09,0.09,113054.0,10174.859999999999
2017-12-11 00:00:00,0.105,0.12,0.0975,0.105,1198229.0,125814.045
2017-12-12 00:00:00,0.105,0.105,0.09,0.09,292735.0,26346.149999999998
2017-12-13 00:00:00,0.105,0.105,0.0975,0.0975,42780.0,4171.05
2017-12-14 00:00:00,0.0975,0.0975,0.0975,0.0975,145334.0,14170.065
2017-12-15 00:00:00,0.0975,0.0975,0.09,0.09,497787.0,44800.83
2017-12-18 00:00:00,0.09,0.105,0.09,0.105,140286.0,14730.029999999999
2017-12-19 00:00:00,0.105,0.105,0.0975,0.105,537756.0,56464.38
2017-12-20 00:00:00,0.09,0.105,0.09,0.09,271008.0,24390.719999999998
2017-12-21 00:00:00,0.105,0.105,0.0975,0.105,275239.0,28900.094999999998
2017-12-22 00:00:00,0.09,0.0975,0.09,0.0975,156402.0,15249.195
2017-12-27 00:00:00,0.09,0.0975,0.09,0.09,127519.0,11476.71
2017-12-29 00:00:00,0.105,0.105,0.105,0.105,700384.0,73540.31999999999
2018-01-02 00:00:00,0.105,0.1125,0.105,0.105,100468.0,10549.14
2018-01-03 00:00:00,0.12,0.12,0.105,0.105,297079.0,31193.295
2018-01-04 00:00:00,0.12,0.12,0.12,0.12,20000.0,2400.0
2018-01-05 00:00:00,0.12,0.12,0.105,0.12,240499.0,28859.879999999997
2018-01-08 00:00:00,0.12,0.12,0.105,0.105,1049392.0,110186.15999999999
2018-01-09 00:00:00,0.105,0.105,0.105,0.105,514971.0,54071.954999999994
2018-01-10 00:00:00,0.105,0.105,0.0975,0.105,294902.0,30964.71
2018-01-11 00:00:00,0.105,0.105,0.105,0.105,76783.0,8062.215
2018-01-12 00:00:00,0.105,0.105,0.105,0.105,161990.0,17008.95
2018-01-15 00:00:00,0.105,0.105,0.105,0.105,133561.0,14023.904999999999
2018-01-16 00:00:00,0.105,0.105,0.105,0.105,133851.0,14054.355
2018-01-17 00:00:00,0.105,0.1125,0.105,0.105,138667.0,14560.035
2018-01-18 00:00:00,0.105,0.15,0.105,0.15,4749798.0,712469.7
2018-01-19 00:00:00,0.15,0.15,0.12,0.135,2161745.0,291835.575
2018-01-22 00:00:00,0.135,0.15,0.1275,0.135,1376330.0,185804.55000000002
2018-01-23 00:00:00,0.15,0.15,0.135,0.15,3035776.0,455366.39999999997
2018-01-24 00:00:00,0.15,0.18,0.15,0.165,4063130.0,670416.4500000001
2018-01-25 00:00:00,0.18,0.18,0.15,0.15,2680212.0,402031.8
2018-01-29 00:00:00,0.15,0.165,0.135,0.15,912436.0,136865.4
2018-01-30 00:00:00,0.135,0.1575,0.135,0.15,929191.0,139378.65
2018-02-02 00:00:00,0.21,0.255,0.195,0.255,6635596.0,1692076.98
2018-02-05 00:00:00,0.225,0.255,0.21,0.225,5272864.0,1186394.4000000001
2018-02-06 00:00:00,0.195,0.21,0.18,0.18,3033273.0,545989.14
2018-02-07 00:00:00,0.21,0.255,0.21,0.21,4206078.0,883276.38
2018-02-08 00:00:00,0.21,0.225,0.195,0.195,1796520.0,350321.4
2018-02-09 00:00:00,0.165,0.195,0.165,0.18,2703968.0,486714.24
2018-02-12 00:00:00,0.195,0.21,0.1875,0.195,932632.0,181863.24000000002
2018-02-13 00:00:00,0.195,0.195,0.165,0.165,1318347.0,217527.255
2018-02-14 00:00:00,0.18,0.18,0.165,0.18,1092288.0,196611.84
2018-02-15 00:00:00,0.18,0.18,0.18,0.18,420425.0,75676.5
2018-02-16 00:00:00,0.18,0.18,0.18,0.18,120034.0,21606.12
2018-02-19 00:00:00,0.21,0.21,0.195,0.195,2699791.0,526459.245
2018-02-20 00:00:00,0.21,0.21,0.195,0.195,1072252.0,209089.14
2018-02-21 00:00:00,0.18,0.18,0.18,0.18,204000.0,36720.0
2018-02-22 00:00:00,0.1875,0.1875,0.18,0.18,356394.0,64150.92
2018-02-23 00:00:00,0.18,0.195,0.18,0.18,734744.0,132253.91999999998
2018-02-26 00:00:00,0.195,0.195,0.18,0.18,329615.0,59330.7
2018-02-27 00:00:00,0.18,0.18,0.165,0.165,345047.0,56932.755000000005
2018-02-28 00:00:00,0.18,0.18,0.18,0.18,59222.0,10659.96
2018-03-01 00:00:00,0.18,0.18,0.165,0.165,1276897.0,210688.005
2018-03-02 00:00:00,0.15,0.1725,0.15,0.165,848137.0,139942.605
2018-03-05 00:00:00,0.165,0.18,0.165,0.18,194383.0,34988.94
2018-03-06 00:00:00,0.165,0.1875,0.165,0.18,651516.0,117272.87999999999
2018-03-07 00:00:00,0.18,0.18,0.165,0.165,235164.0,38802.060000000005
2018-03-08 00:00:00,0.195,0.2025,0.18,0.18,1938877.0,348997.86
2018-03-09 00:00:00,0.18,0.18,0.18,0.18,193854.0,34893.72
2018-03-12 00:00:00,0.18,0.18,0.1725,0.18,429177.0,77251.86
2018-03-13 00:00:00,0.1725,0.18,0.165,0.18,209496.0,37709.28
2018-03-14 00:00:00,0.18,0.18,0.165,0.165,58790.0,9700.35
2018-03-15 00:00:00,0.1725,0.18,0.165,0.165,72144.0,11903.76
2018-03-16 00:00:00,0.18,0.18,0.165,0.165,120299.0,19849.335
2018-03-19 00:00:00,0.18,0.1875,0.18,0.18,697678.0,125582.04
2018-03-20 00:00:00,0.195,0.195,0.18,0.195,1302723.0,254030.98500000002
2018-03-21 00:00:00,0.21,0.21,0.1875,0.1875,808288.0,151554.0
2018-03-22 00:00:00,0.195,0.195,0.18,0.195,113593.0,22150.635000000002
2018-03-23 00:00:00,0.18,0.18,0.165,0.18,1047800.0,188604.0
2018-03-26 00:00:00,0.18,0.18,0.165,0.1725,101086.0,17437.335
2018-03-27 00:00:00,0.21,0.225,0.18,0.195,4669507.0,910553.865
2018-03-28 00:00:00,0.195,0.21,0.1875,0.195,1081534.0,210899.13
2018-03-29 00:00:00,0.21,0.21,0.195,0.195,323246.0,63032.97
2018-04-03 00:00:00,0.195,0.2175,0.195,0.195,1801241.0,351241.995
2018-04-04 00:00:00,0.21,0.2175,0.2025,0.21,1393321.0,292597.41
2018-04-05 00:00:00,0.21,0.21,0.195,0.195,735199.0,143363.805
2018-04-06 00:00:00,0.195,0.2025,0.195,0.195,167688.0,32699.16
2018-04-09 00:00:00,0.195,0.195,0.18,0.195,1549114.0,302077.23
2018-04-10 00:00:00,0.195,0.2025,0.18,0.195,332951.0,64925.445
2018-04-11 00:00:00,0.21,0.21,0.195,0.195,137176.0,26749.32
2018-04-12 00:00:00,0.195,0.21,0.195,0.195,558306.0,108869.67
2018-04-13 00:00:00,0.195,0.2025,0.195,0.195,541251.0,105543.945
2018-04-16 00:00:00,0.195,0.195,0.18,0.195,408568.0,79670.76000000001
2018-04-17 00:00:00,0.195,0.2025,0.195,0.195,173204.0,33774.78
2018-04-18 00:00:00,0.195,0.195,0.195,0.195,488622.0,95281.29000000001
2018-04-19 00:00:00,0.21,0.21,0.195,0.21,287372.0,60348.119999999995
2018-04-20 00:00:00,0.21,0.21,0.195,0.195,429380.0,83729.1
2018-04-23 00:00:00,0.195,0.2025,0.195,0.195,728095.0,141978.525
2018-04-24 00:00:00,0.21,0.21,0.18,0.18,755530.0,135995.4
2018-04-26 00:00:00,0.195,0.195,0.18,0.195,509482.0,99348.99
2018-04-27 00:00:00,0.195,0.2175,0.195,0.21,2405819.0,505221.99
2018-04-30 00:00:00,0.225,0.2325,0.21,0.21,2145803.0,450618.63
2018-05-01 00:00:00,0.225,0.255,0.2175,0.255,4206758.0,1072723.29
2018-05-02 00:00:00,0.255,0.27,0.225,0.24,3537363.0,848967.12
2018-05-03 00:00:00,0.24,0.255,0.24,0.255,2191494.0,558830.97
2018-05-04 00:00:00,0.255,0.255,0.24,0.24,1851234.0,444296.16
2018-05-07 00:00:00,0.255,0.255,0.24,0.24,273445.0,65626.8
2018-05-08 00:00:00,0.255,0.27,0.2475,0.255,2250457.0,573866.535
2018-05-09 00:00:00,0.24,0.255,0.24,0.24,837084.0,200900.16
2018-05-10 00:00:00,0.24,0.24,0.225,0.225,1400654.0,315147.15
2018-05-11 00:00:00,0.225,0.24,0.225,0.24,340438.0,81705.12
2018-05-14 00:00:00,0.24,0.2475,0.225,0.24,1517431.0,364183.44
2018-05-15 00:00:00,0.24,0.255,0.24,0.2475,410677.0,101642.5575
2018-05-16 00:00:00,0.24,0.255,0.225,0.225,1456036.0,327608.10000000003
2018-05-17 00:00:00,0.225,0.24,0.225,0.225,1100128.0,247528.80000000002
2018-05-18 00:00:00,0.225,0.24,0.21,0.21,1166551.0,244975.71
2018-05-21 00:00:00,0.21,0.225,0.21,0.21,232528.0,48830.88
2018-05-22 00:00:00,0.225,0.24,0.21,0.24,1349285.0,323828.39999999997
2018-05-23 00:00:00,0.24,0.24,0.225,0.225,117628.0,26466.3
2018-05-24 00:00:00,0.24,0.255,0.24,0.24,870347.0,208883.28
2018-05-25 00:00:00,0.24,0.24,0.24,0.24,471020.0,113044.8
2018-05-28 00:00:00,0.195,0.225,0.195,0.225,3896058.0,876613.05
2018-05-29 00:00:00,0.24,0.255,0.21,0.21,2141191.0,449650.11
2018-05-30 00:00:00,0.225,0.225,0.2025,0.21,1468172.0,308316.12
2018-05-31 00:00:00,0.21,0.21,0.18,0.195,2702986.0,527082.27
2018-06-01 00:00:00,0.18,0.1875,0.18,0.18,1008526.0,181534.68
2018-06-04 00:00:00,0.18,0.1875,0.165,0.18,1473888.0,265299.83999999997
2018-06-05 00:00:00,0.18,0.18,0.165,0.165,410088.0,67664.52
2018-06-06 00:00:00,0.165,0.1725,0.165,0.165,444002.0,73260.33
2018-06-07 00:00:00,0.18,0.18,0.15,0.15,2247578.0,337136.7
2018-06-08 00:00:00,0.15,0.165,0.15,0.15,303345.0,45501.75
2018-06-12 00:00:00,0.165,0.18,0.165,0.165,1584691.0,261474.015
2018-06-13 00:00:00,0.165,0.165,0.15,0.15,723863.0,108579.45
2018-06-14 00:00:00,0.165,0.165,0.1575,0.165,293001.0,48345.165
2018-06-15 00:00:00,0.165,0.165,0.165,0.165,686475.0,113268.375
2018-06-18 00:00:00,0.165,0.165,0.165,0.165,332565.0,54873.225000000006
2018-06-19 00:00:00,0.15,0.165,0.15,0.15,113183.0,16977.45
2018-06-20 00:00:00,0.15,0.165,0.15,0.165,353468.0,58322.22
2018-06-21 00:00:00,0.15,0.1575,0.15,0.15,199569.0,29935.35
2018-06-22 00:00:00,0.15,0.165,0.15,0.165,168749.0,27843.585000000003
2018-06-25 00:00:00,0.165,0.165,0.15,0.15,425988.0,63898.2
2018-06-26 00:00:00,0.165,0.165,0.15,0.15,521844.0,78276.59999999999
2018-06-27 00:00:00,0.165,0.165,0.15,0.15,589113.0,88366.95
2018-06-28 00:00:00,0.1575,0.165,0.1575,0.1575,291850.0,45966.375
2018-06-29 00:00:00,0.15,0.165,0.15,0.15,337249.0,50587.35
2018-07-02 00:00:00,0.165,0.18,0.15,0.15,519863.0,77979.45
2018-07-03 00:00:00,0.15,0.1575,0.15,0.15,34959.0,5243.849999999999
2018-07-04 00:00:00,0.15,0.165,0.15,0.15,394160.0,59124.0
2018-07-05 00:00:00,0.15,0.1575,0.135,0.135,2445861.0,330191.23500000004
2018-07-06 00:00:00,0.135,0.15,0.135,0.135,133271.0,17991.585000000003
2018-07-09 00:00:00,0.135,0.135,0.135,0.135,1146969.0,154840.815
2018-07-10 00:00:00,0.135,0.135,0.1275,0.135,827201.0,111672.13500000001
2018-07-11 00:00:00,0.135,0.135,0.12,0.12,1124986.0,134998.32
2018-07-12 00:00:00,0.12,0.1275,0.105,0.105,1562745.0,164088.225
2018-07-13 00:00:00,0.12,0.12,0.12,0.12,40143.0,4817.16
2018-07-16 00:00:00,0.12,0.12,0.105,0.105,248293.0,26070.765
2018-07-17 00:00:00,0.105,0.12,0.105,0.105,262447.0,27556.934999999998
2018-07-18 00:00:00,0.105,0.12,0.105,0.1125,66129.0,7439.5125
2018-07-19 00:00:00,0.105,0.105,0.105,0.105,821.0,86.205
2018-07-20 00:00:00,0.12,0.12,0.105,0.105,82995.0,8714.475
2018-07-23 00:00:00,0.12,0.1275,0.12,0.12,1641083.0,196929.96
2018-07-24 00:00:00,0.12,0.1275,0.12,0.12,223460.0,26815.2
2018-07-25 00:00:00,0.135,0.135,0.105,0.105,1722430.0,180855.15
2018-07-26 00:00:00,0.12,0.12,0.12,0.12,430194.0,51623.28
2018-07-27 00:00:00,0.135,0.135,0.12,0.12,394358.0,47322.96
2018-07-30 00:00:00,0.12,0.12,0.105,0.105,280063.0,29406.614999999998
2018-07-31 00:00:00,0.12,0.135,0.12,0.12,876244.0,105149.28
2018-08-01 00:00:00,0.135,0.15,0.135,0.135,1959171.0,264488.085
2018-08-02 00:00:00,0.15,0.15,0.15,0.15,60000.0,9000.0
2018-08-03 00:00:00,0.135,0.1425,0.135,0.1425,55115.0,7853.887499999999
2018-08-06 00:00:00,0.1425,0.1425,0.12,0.135,365915.0,49398.525
2018-08-07 00:00:00,0.135,0.135,0.12,0.12,260001.0,31200.12
2018-08-08 00:00:00,0.135,0.135,0.1275,0.1275,35668.0,4547.67
2018-08-09 00:00:00,0.12,0.135,0.12,0.135,41297.0,5575.095
2018-08-10 00:00:00,0.135,0.15,0.135,0.15,1800514.0,270077.1
2018-08-13 00:00:00,0.15,0.15,0.135,0.135,248781.0,33585.435000000005
2018-08-14 00:00:00,0.135,0.135,0.1275,0.135,372859.0,50335.965000000004
2018-08-15 00:00:00,0.135,0.165,0.135,0.135,1604402.0,216594.27000000002
2018-08-16 00:00:00,0.135,0.15,0.135,0.15,854847.0,128227.04999999999
2018-08-17 00:00:00,0.15,0.15,0.15,0.15,337443.0,50616.45
2018-08-20 00:00:00,0.15,0.15,0.135,0.135,65662.0,8864.37
2018-08-21 00:00:00,0.15,0.15,0.135,0.135,652799.0,88127.865
2018-08-22 00:00:00,0.135,0.135,0.12,0.1275,206685.0,26352.3375
2018-08-23 00:00:00,0.135,0.135,0.12,0.135,80192.0,10825.92
2018-08-24 00:00:00,0.135,0.135,0.12,0.12,709274.0,85112.87999999999
2018-08-27 00:00:00,0.135,0.135,0.12,0.12,1462062.0,175447.44
2018-08-28 00:00:00,0.135,0.135,0.105,0.105,497096.0,52195.079999999994
2018-08-29 00:00:00,0.12,0.12,0.105,0.12,743991.0,89278.92
2018-08-30 00:00:00,0.12,0.12,0.105,0.12,104393.0,12527.16
2018-08-31 00:00:00,0.12,0.135,0.12,0.12,663921.0,79670.52
2018-09-03 00:00:00,0.12,0.12,0.12,0.12,24667.0,2960.04
2018-09-04 00:00:00,0.12,0.135,0.12,0.12,50286.0,6034.32
2018-09-05 00:00:00,0.1275,0.1275,0.12,0.12,129382.0,15525.84
2018-09-06 00:00:00,0.12,0.1275,0.12,0.12,214835.0,25780.2
2018-09-07 00:00:00,0.12,0.12,0.12,0.12,51722.0,6206.639999999999
2018-09-10 00:00:00,0.1275,0.135,0.12,0.12,54667.0,6560.04
2018-09-11 00:00:00,0.12,0.1275,0.12,0.12,102710.0,12325.199999999999
2018-09-12 00:00:00,0.12,0.1275,0.12,0.12,553066.0,66367.92
2018-09-13 00:00:00,0.135,0.135,0.12,0.12,130351.0,15642.119999999999
2018-09-14 00:00:00,0.12,0.12,0.12,0.12,125141.0,15016.92
2018-09-17 00:00:00,0.12,0.12,0.12,0.12,40075.0,4809.0
2018-09-18 00:00:00,0.12,0.12,0.105,0.105,180719.0,18975.495
2018-09-19 00:00:00,0.12,0.1275,0.12,0.1275,590870.0,75335.925
2018-09-20 00:00:00,0.12,0.12,0.12,0.12,227625.0,27315.0
2018-09-21 00:00:00,0.15,0.15,0.135,0.135,1200501.0,162067.635
2018-09-24 00:00:00,0.135,0.135,0.12,0.12,344175.0,41301.0
2018-09-25 00:00:00,0.12,0.12,0.12,0.12,648016.0,77761.92
2018-09-26 00:00:00,0.135,0.135,0.12,0.12,144928.0,17391.36
2018-09-27 00:00:00,0.12,0.1275,0.12,0.1275,52531.0,6697.7025
2018-09-28 00:00:00,0.135,0.135,0.12,0.12,37334.0,4480.08
2018-10-01 00:00:00,0.135,0.135,0.135,0.135,136282.0,18398.07
2018-10-02 00:00:00,0.12,0.135,0.12,0.135,541932.0,73160.82
2018-10-03 00:00:00,0.135,0.135,0.12,0.12,157749.0,18929.88
2018-10-04 00:00:00,0.12,0.135,0.12,0.135,218801.0,29538.135000000002
2018-10-05 00:00:00,0.135,0.135,0.135,0.135,51104.0,6899.040000000001
2018-10-08 00:00:00,0.12,0.135,0.12,0.135,24540.0,3312.9
2018-10-09 00:00:00,0.135,0.135,0.12,0.1275,100633.0,12830.7075
2018-10-10 00:00:00,0.12,0.12,0.12,0.12,4705.0,564.6
2018-10-11 00:00:00,0.12,0.12,0.105,0.105,307480.0,32285.399999999998
2018-10-12 00:00:00,0.105,0.12,0.105,0.12,67451.0,8094.12
2018-10-15 00:00:00,0.12,0.12,0.105,0.12,238904.0,28668.48
2018-10-16 00:00:00,0.12,0.12,0.105,0.105,78667.0,8260.035
2018-10-17 00:00:00,0.1125,0.1125,0.105,0.105,551562.0,57914.009999999995
2018-10-18 00:00:00,0.105,0.12,0.105,0.12,76667.0,9200.039999999999
2018-10-19 00:00:00,0.1125,0.1125,0.105,0.105,74759.0,7849.695
2018-10-22 00:00:00,0.12,0.12,0.105,0.105,2342162.0,245927.00999999998
2018-10-23 00:00:00,0.105,0.105,0.0975,0.105,287323.0,30168.914999999997
2018-10-24 00:00:00,0.105,0.105,0.09,0.105,341308.0,35837.34
2018-10-25 00:00:00,0.105,0.105,0.09,0.09,82050.0,7384.5
2018-10-26 00:00:00,0.105,0.105,0.09,0.09,260586.0,23452.739999999998
2018-10-29 00:00:00,0.0975,0.105,0.0975,0.105,289001.0,30345.105
2018-10-31 00:00:00,0.105,0.105,0.105,0.105,51127.0,5368.335
2018-11-01 00:00:00,0.12,0.12,0.105,0.105,124001.0,13020.105
2018-11-02 00:00:00,0.105,0.105,0.105,0.105,55556.0,5833.38
2018-11-05 00:00:00,0.105,0.105,0.105,0.105,5084.0,533.8199999999999
2018-11-06 00:00:00,0.12,0.12,0.105,0.105,75001.0,7875.105
2018-11-07 00:00:00,0.12,0.12,0.105,0.105,1046752.0,109908.95999999999
2018-11-08 00:00:00,0.09,0.105,0.09,0.09,462366.0,41612.939999999995
2018-11-12 00:00:00,0.09,0.0975,0.09,0.0975,90000.0,8775.0
2018-11-13 00:00:00,0.09,0.09,0.09,0.09,833.0,74.97
2018-11-14 00:00:00,0.0975,0.0975,0.09,0.09,263147.0,23683.23
2018-11-15 00:00:00,0.09,0.09,0.09,0.09,4000.0,360.0
2018-11-16 00:00:00,0.09,0.0975,0.09,0.09,154467.0,13902.029999999999
2018-11-19 00:00:00,0.09,0.105,0.09,0.09,29910.0,2691.9
2018-11-20 00:00:00,0.09,0.105,0.09,0.0975,187192.0,18251.22
2018-11-21 00:00:00,0.105,0.105,0.09,0.09,252776.0,22749.84
2018-11-22 00:00:00,0.105,0.105,0.09,0.09,533270.0,47994.299999999996
2018-11-23 00:00:00,0.105,0.105,0.09,0.105,185018.0,19426.89
2018-11-27 00:00:00,0.105,0.12,0.105,0.105,2076981.0,218083.005
2018-11-29 00:00:00,0.105,0.105,0.105,0.105,24334.0,2555.0699999999997
2018-11-30 00:00:00,0.1125,0.12,0.105,0.12,749271.0,89912.51999999999
2018-12-03 00:00:00,0.1125,0.12,0.105,0.1125,290990.0,32736.375
2018-12-04 00:00:00,0.105,0.1125,0.105,0.105,576770.0,60560.85
2018-12-05 00:00:00,0.105,0.1125,0.105,0.1125,25955.0,2919.9375
2018-12-06 00:00:00,0.105,0.105,0.105,0.105,117417.0,12328.785
2018-12-10 00:00:00,0.09,0.0975,0.09,0.0975,11798.0,1150.305
2018-12-11 00:00:00,0.105,0.12,0.09,0.09,411959.0,37076.31
2018-12-12 00:00:00,0.09,0.105,0.09,0.09,69567.0,6261.03
2018-12-13 00:00:00,0.0975,0.0975,0.0975,0.0975,8000.0,780.0
2018-12-14 00:00:00,0.105,0.105,0.105,0.105,5467.0,574.035
2018-12-17 00:00:00,0.09,0.09,0.09,0.09,26667.0,2400.0299999999997
2018-12-18 00:00:00,0.0975,0.0975,0.0975,0.0975,111667.0,10887.532500000001
2018-12-19 00:00:00,0.0975,0.0975,0.09,0.09,162001.0,14580.09
2018-12-20 00:00:00,0.09,0.09,0.09,0.09,133334.0,12000.06
2018-12-21 00:00:00,0.09,0.09,0.09,0.09,14000.0,1260.0
2018-12-24 00:00:00,0.0975,0.105,0.0975,0.105,27346.0,2871.33
2018-12-27 00:00:00,0.105,0.105,0.105,0.105,135388.0,14215.74
2018-12-28 00:00:00,0.105,0.105,0.105,0.105,66667.0,7000.035
2018-12-31 00:00:00,0.09,0.105,0.09,0.105,42867.0,4501.035
2019-01-03 00:00:00,0.09,0.105,0.09,0.105,3525.0,370.125
2019-01-04 00:00:00,0.105,0.105,0.105,0.105,21857.0,2294.985
2019-01-10 00:00:00,0.105,0.105,0.105,0.105,833.0,87.465
2019-01-11 00:00:00,0.105,0.105,0.09,0.105,89164.0,9362.22
2019-01-14 00:00:00,0.105,0.105,0.09,0.105,60059.0,6306.195
2019-01-15 00:00:00,0.0975,0.0975,0.09,0.09,423437.0,38109.33
2019-01-16 00:00:00,0.105,0.105,0.09,0.09,112319.0,10108.71
2019-01-17 00:00:00,0.105,0.105,0.0975,0.0975,33539.0,3270.0525000000002
2019-01-18 00:00:00,0.09,0.0975,0.09,0.0975,35406.0,3452.085
2019-01-21 00:00:00,0.105,0.105,0.09,0.09,87509.0,7875.8099999999995
2019-01-22 00:00:00,0.105,0.105,0.09,0.09,77334.0,6960.0599999999995
2019-01-23 00:00:00,0.105,0.105,0.09,0.09,187367.0,16863.03
2019-01-24 00:00:00,0.105,0.105,0.09,0.105,35727.0,3751.335
2019-01-25 00:00:00,0.0975,0.105,0.0975,0.105,96925.0,10177.125
2019-01-29 00:00:00,0.09,0.105,0.09,0.105,213440.0,22411.2
2019-01-30 00:00:00,0.09,0.105,0.09,0.09,224096.0,20168.64
2019-01-31 00:00:00,0.0975,0.0975,0.09,0.09,45006.0,4050.54
2019-02-01 00:00:00,0.105,0.105,0.09,0.09,68565.0,6170.849999999999
2019-02-04 00:00:00,0.09,0.09,0.09,0.09,180001.0,16200.09
2019-02-06 00:00:00,0.09,0.0975,0.09,0.0975,25316.0,2468.31
2019-02-07 00:00:00,0.105,0.105,0.09,0.0975,575360.0,56097.6
2019-02-08 00:00:00,0.09,0.105,0.09,0.105,377478.0,39635.189999999995
2019-02-11 00:00:00,0.105,0.105,0.0975,0.0975,20000.0,1950.0
2019-02-12 00:00:00,0.0975,0.0975,0.0975,0.0975,40535.0,3952.1625
2019-02-13 00:00:00,0.105,0.105,0.105,0.105,13153.0,1381.065
2019-02-14 00:00:00,0.105,0.105,0.105,0.105,71842.0,7543.41
2019-02-15 00:00:00,0.105,0.105,0.105,0.105,52095.0,5469.974999999999
2019-02-18 00:00:00,0.09,0.09,0.09,0.09,6667.0,600.03
2019-02-19 00:00:00,0.09,0.09,0.09,0.09,46853.0,4216.7699999999995
2019-02-20 00:00:00,0.09,0.0975,0.09,0.09,69189.0,6227.01
2019-02-21 00:00:00,0.0975,0.0975,0.0975,0.0975,46667.0,4550.0325
2019-02-22 00:00:00,0.105,0.105,0.105,0.105,6667.0,700.035
2019-02-25 00:00:00,0.105,0.105,0.0975,0.0975,206769.0,20159.9775
2019-02-26 00:00:00,0.09,0.105,0.09,0.105,157839.0,16573.095
2019-02-27 00:00:00,0.09,0.0975,0.09,0.0975,26729.0,2606.0775
2019-02-28 00:00:00,0.105,0.105,0.09,0.09,89127.0,8021.429999999999
2019-03-01 00:00:00,0.0975,0.0975,0.0975,0.0975,13162.0,1283.295
2019-03-04 00:00:00,0.105,0.105,0.09,0.09,106525.0,9587.25
2019-03-05 00:00:00,0.0975,0.0975,0.0975,0.0975,85381.0,8324.647500000001
2019-03-06 00:00:00,0.0975,0.0975,0.09,0.09,19860.0,1787.3999999999999
2019-03-07 00:00:00,0.105,0.105,0.0975,0.0975,33334.0,3250.065
2019-03-08 00:00:00,0.0975,0.0975,0.09,0.09,53434.0,4809.0599999999995
2019-03-11 00:00:00,0.105,0.105,0.0975,0.0975,16191.0,1578.6225
2019-03-12 00:00:00,0.09,0.0975,0.09,0.09,111068.0,9996.119999999999
2019-03-13 00:00:00,0.09,0.0975,0.09,0.0975,12098.0,1179.555
2019-03-14 00:00:00,0.09,0.09,0.09,0.09,78242.0,7041.78
2019-03-15 00:00:00,0.09,0.0975,0.09,0.0975,93239.0,9090.8025
2019-03-21 00:00:00,0.09,0.105,0.09,0.105,610178.0,64068.689999999995
2019-03-22 00:00:00,0.105,0.105,0.105,0.105,58273.0,6118.665
2019-03-27 00:00:00,0.105,0.105,0.105,0.105,12515.0,1314.075
2019-03-28 00:00:00,0.09,0.09,0.075,0.09,1779021.0,160111.88999999998
2019-04-01 00:00:00,0.075,0.0825,0.075,0.075,148517.0,11138.775
2019-04-02 00:00:00,0.0825,0.09,0.0825,0.09,453336.0,40800.24
2019-04-03 00:00:00,0.09,0.09,0.075,0.075,7333.0,549.975
2019-04-04 00:00:00,0.09,0.09,0.09,0.09,8334.0,750.06
2019-04-05 00:00:00,0.0825,0.0825,0.0825,0.0825,53000.0,4372.5
2019-04-08 00:00:00,0.075,0.09,0.075,0.09,80570.0,7251.3
2019-04-09 00:00:00,0.075,0.0825,0.075,0.075,37958.0,2846.85
2019-04-10 00:00:00,0.09,0.09,0.09,0.09,23333.0,2099.97
2019-04-11 00:00:00,0.075,0.0825,0.075,0.0825,20222.0,1668.315
2019-04-12 00:00:00,0.0825,0.09,0.0825,0.09,78235.0,7041.15
2019-04-15 00:00:00,0.09,0.09,0.0825,0.09,66667.0,6000.03
2019-04-16 00:00:00,0.09,0.09,0.0825,0.0825,44667.0,3685.0275
2019-04-17 00:00:00,0.09,0.09,0.075,0.075,98963.0,7422.224999999999
2019-04-18 00:00:00,0.075,0.075,0.075,0.075,9201.0,690.0749999999999
2019-04-23 00:00:00,0.075,0.075,0.075,0.075,33334.0,2500.0499999999997
2019-04-24 00:00:00,0.09,0.09,0.0825,0.0825,142001.0,11715.0825
2019-04-26 00:00:00,0.075,0.0825,0.075,0.0825,96852.0,7990.29
2019-04-29 00:00:00,0.09,0.09,0.075,0.075,72184.0,5413.8
2019-05-01 00:00:00,0.0825,0.0825,0.0825,0.0825,772385.0,63721.762500000004
2019-05-02 00:00:00,0.09,0.09,0.0825,0.09,238712.0,21484.079999999998
2019-05-03 00:00:00,0.09,0.09,0.0825,0.09,107438.0,9669.42
2019-05-06 00:00:00,0.075,0.0825,0.075,0.0825,436958.0,36049.035
2019-05-07 00:00:00,0.0825,0.0825,0.0825,0.0825,30600.0,2524.5
2019-05-08 00:00:00,0.0825,0.0825,0.0825,0.0825,24445.0,2016.7125
2019-05-09 00:00:00,0.09,0.09,0.09,0.09,51367.0,4623.03
2019-05-10 00:00:00,0.09,0.09,0.0825,0.09,164294.0,14786.46
2019-05-13 00:00:00,0.09,0.0975,0.0825,0.0975,839687.0,81869.4825
2019-05-14 00:00:00,0.09,0.0975,0.09,0.0975,156610.0,15269.475
2019-05-15 00:00:00,0.0975,0.0975,0.09,0.0975,206668.0,20150.13
2019-05-16 00:00:00,0.09,0.0975,0.09,0.0975,467669.0,45597.7275
2019-05-17 00:00:00,0.0975,0.0975,0.0975,0.0975,17353.0,1691.9175
2019-05-20 00:00:00,0.09,0.0975,0.09,0.09,311032.0,27992.879999999997
2019-05-21 00:00:00,0.105,0.105,0.09,0.0975,858090.0,83663.77500000001
2019-05-22 00:00:00,0.0975,0.105,0.09,0.105,151845.0,15943.724999999999
2019-05-23 00:00:00,0.0975,0.105,0.09,0.09,77697.0,6992.73
2019-05-24 00:00:00,0.09,0.105,0.09,0.105,89233.0,9369.465
2019-05-27 00:00:00,0.0975,0.105,0.0975,0.105,446591.0,46892.055
2019-05-28 00:00:00,0.105,0.12,0.105,0.12,1108104.0,132972.47999999998
2019-05-29 00:00:00,0.12,0.1275,0.12,0.12,1538154.0,184578.47999999998
2019-05-30 00:00:00,0.135,0.135,0.12,0.12,237634.0,28516.079999999998
2019-05-31 00:00:00,0.135,0.1425,0.12,0.135,2304079.0,311050.66500000004
2019-06-03 00:00:00,0.135,0.135,0.1275,0.1275,456824.0,58245.06
2019-06-04 00:00:00,0.12,0.12,0.105,0.105,1004517.0,105474.28499999999
2019-06-05 00:00:00,0.105,0.105,0.105,0.105,787741.0,82712.805
2019-06-06 00:00:00,0.09,0.105,0.09,0.09,180001.0,16200.09
2019-06-07 00:00:00,0.0975,0.105,0.09,0.105,332668.0,34930.14
2019-06-11 00:00:00,0.105,0.12,0.105,0.105,198468.0,20839.14
2019-06-12 00:00:00,0.1125,0.12,0.105,0.1125,86334.0,9712.575
2019-06-13 00:00:00,0.12,0.12,0.12,0.12,6667.0,800.04
2019-06-14 00:00:00,0.12,0.12,0.1125,0.1125,13949.0,1569.2625
2019-06-17 00:00:00,0.105,0.105,0.105,0.105,30000.0,3150.0
2019-06-18 00:00:00,0.12,0.12,0.105,0.105,345001.0,36225.104999999996
2019-06-19 00:00:00,0.1125,0.1125,0.1125,0.1125,11069.0,1245.2625
2019-06-20 00:00:00,0.105,0.105,0.105,0.105,67906.0,7130.13
2019-06-24 00:00:00,0.105,0.1125,0.105,0.105,158453.0,16637.565
2019-06-25 00:00:00,0.1125,0.12,0.1125,0.12,256670.0,30800.399999999998
2019-06-26 00:00:00,0.105,0.12,0.105,0.105,240074.0,25207.77
2019-06-27 00:00:00,0.12,0.12,0.105,0.12,239054.0,28686.48
2019-06-28 00:00:00,0.1125,0.135,0.1125,0.12,1364290.0,163714.8
2019-07-01 00:00:00,0.135,0.135,0.12,0.135,1605294.0,216714.69
2019-07-02 00:00:00,0.135,0.1425,0.135,0.135,1425870.0,192492.45
2019-07-03 00:00:00,0.135,0.135,0.1275,0.135,147584.0,19923.84
2019-07-05 00:00:00,0.135,0.1425,0.12,0.135,2952367.0,398569.54500000004
2019-07-08 00:00:00,0.135,0.135,0.105,0.12,812686.0,97522.31999999999
2019-07-09 00:00:00,0.12,0.12,0.105,0.105,289557.0,30403.485
2019-07-10 00:00:00,0.1125,0.1275,0.1125,0.12,1395787.0,167494.44
2019-07-11 00:00:00,0.12,0.12,0.12,0.12,500956.0,60114.72
2019-07-12 00:00:00,0.12,0.1275,0.1125,0.12,630692.0,75683.04
2019-07-15 00:00:00,0.135,0.135,0.1275,0.1275,194042.0,24740.355
2019-07-16 00:00:00,0.1275,0.1275,0.1275,0.1275,105297.0,13425.3675
2019-07-17 00:00:00,0.12,0.12,0.12,0.12,215517.0,25862.039999999997
2019-07-18 00:00:00,0.12,0.12,0.12,0.12,270018.0,32402.16
2019-07-19 00:00:00,0.12,0.12,0.12,0.12,63976.0,7677.12
2019-07-22 00:00:00,0.12,0.12,0.12,0.12,104608.0,12552.96
2019-07-23 00:00:00,0.12,0.135,0.12,0.12,541800.0,65016.0
2019-07-24 00:00:00,0.12,0.15,0.12,0.15,1481436.0,222215.4
2019-07-25 00:00:00,0.135,0.1425,0.135,0.135,482680.0,65161.8
2019-07-26 00:00:00,0.12,0.1275,0.12,0.12,106739.0,12808.68
2019-07-29 00:00:00,0.12,0.1275,0.12,0.1275,26833.0,3421.2075
2019-07-30 00:00:00,0.135,0.15,0.135,0.15,1261396.0,189209.4
2019-07-31 00:00:00,0.15,0.15,0.1425,0.15,462085.0,69312.75
2019-08-01 00:00:00,0.15,0.15,0.1425,0.15,345402.0,51810.299999999996
2019-08-02 00:00:00,0.15,0.15,0.135,0.15,418428.0,62764.2
2019-08-05 00:00:00,0.15,0.15,0.135,0.135,1345653.0,181663.155
2019-08-06 00:00:00,0.135,0.135,0.09,0.105,2930350.0,307686.75
2019-08-07 00:00:00,0.12,0.135,0.1125,0.12,1957478.0,234897.36
2019-08-08 00:00:00,0.12,0.12,0.105,0.12,1133047.0,135965.63999999998
2019-08-09 00:00:00,0.12,0.1275,0.12,0.12,1271337.0,152560.44
2019-08-12 00:00:00,0.12,0.1425,0.12,0.1425,2422626.0,345224.20499999996
2019-08-13 00:00:00,0.135,0.135,0.135,0.135,1374653.0,185578.155
2019-08-14 00:00:00,0.135,0.15,0.135,0.1425,126092.0,17968.109999999997
2019-08-15 00:00:00,0.135,0.135,0.12,0.135,533495.0,72021.82500000001
2019-08-16 00:00:00,0.135,0.165,0.12,0.165,4101172.0,676693.38
2019-08-19 00:00:00,0.15,0.165,0.15,0.15,809101.0,121365.15
2019-08-20 00:00:00,0.15,0.1575,0.15,0.15,656090.0,98413.5
2019-08-21 00:00:00,0.15,0.165,0.15,0.15,578498.0,86774.7
2019-08-22 00:00:00,0.165,0.165,0.135,0.135,1698294.0,229269.69
2019-08-23 00:00:00,0.135,0.15,0.135,0.135,427492.0,57711.420000000006
2019-08-26 00:00:00,0.135,0.1425,0.135,0.135,380998.0,51434.73
2019-08-27 00:00:00,0.135,0.135,0.1275,0.135,525142.0,70894.17
2019-08-28 00:00:00,0.135,0.135,0.12,0.12,685178.0,82221.36
2019-08-29 00:00:00,0.135,0.1425,0.12,0.12,2182525.0,261903.0
2019-08-30 00:00:00,0.15,0.165,0.15,0.15,3373403.0,506010.44999999995
2019-09-02 00:00:00,0.165,0.165,0.1575,0.165,776621.0,128142.46500000001
2019-09-03 00:00:00,0.165,0.1725,0.1575,0.165,2023936.0,333949.44
2019-09-04 00:00:00,0.165,0.1725,0.15,0.15,1255333.0,188299.94999999998
2019-09-05 00:00:00,0.165,0.165,0.165,0.165,340777.0,56228.205
2019-09-06 00:00:00,0.165,0.165,0.165,0.165,1221406.0,201531.99000000002
2019-09-10 00:00:00,0.18,0.21,0.18,0.195,4487835.0,875127.8250000001
2019-09-11 00:00:00,0.195,0.195,0.195,0.195,2559290.0,499061.55
2019-09-12 00:00:00,0.195,0.2025,0.1875,0.195,943993.0,184078.635
2019-09-13 00:00:00,0.195,0.2025,0.195,0.195,687555.0,134073.225
2019-09-16 00:00:00,0.195,0.2025,0.195,0.195,440435.0,85884.825
2019-09-17 00:00:00,0.195,0.225,0.1875,0.225,1786856.0,402042.60000000003
2019-09-18 00:00:00,0.225,0.225,0.21,0.21,789962.0,165892.02
2019-09-19 00:00:00,0.21,0.2175,0.21,0.21,460391.0,96682.11
2019-09-20 00:00:00,0.225,0.2475,0.2175,0.225,2528791.0,568977.975
2019-09-23 00:00:00,0.24,0.2475,0.24,0.24,1291782.0,310027.68
2019-09-24 00:00:00,0.24,0.2475,0.225,0.225,890984.0,200471.4
2019-09-25 00:00:00,0.225,0.225,0.2175,0.225,832208.0,187246.80000000002
2019-09-26 00:00:00,0.225,0.225,0.225,0.225,35778.0,8050.05
2019-09-27 00:00:00,0.225,0.24,0.225,0.24,783908.0,188137.91999999998
2019-09-30 00:00:00,0.24,0.24,0.225,0.24,100753.0,24180.719999999998
2019-10-01 00:00:00,0.225,0.225,0.21,0.225,834320.0,187722.0
2019-10-02 00:00:00,0.225,0.24,0.21,0.21,995662.0,209089.02
2019-10-03 00:00:00,0.21,0.225,0.21,0.21,160837.0,33775.77
2019-10-04 00:00:00,0.225,0.225,0.21,0.21,106093.0,22279.53
2019-10-07 00:00:00,0.21,0.21,0.195,0.195,329864.0,64323.48
2019-10-08 00:00:00,0.21,0.21,0.2025,0.21,280001.0,58800.21
2019-10-09 00:00:00,0.195,0.21,0.195,0.195,433422.0,84517.29000000001
2019-10-10 00:00:00,0.21,0.21,0.195,0.195,221806.0,43252.17
2019-10-11 00:00:00,0.195,0.21,0.195,0.195,139039.0,27112.605
2019-10-14 00:00:00,0.21,0.21,0.21,0.21,80000.0,16800.0
2019-10-15 00:00:00,0.195,0.195,0.195,0.195,135334.0,26390.13
2019-10-16 00:00:00,0.2025,0.2025,0.2025,0.2025,60000.0,12150.0
2019-10-17 00:00:00,0.2025,0.2025,0.195,0.195,54000.0,10530.0
2019-10-21 00:00:00,0.2025,0.2025,0.195,0.195,1826655.0,356197.72500000003
2019-10-22 00:00:00,0.195,0.2025,0.195,0.195,315192.0,61462.44
2019-10-23 00:00:00,0.195,0.195,0.195,0.195,383606.0,74803.17
2019-10-24 00:00:00,0.195,0.21,0.1875,0.21,934443.0,196233.03
2019-10-25 00:00:00,0.21,0.225,0.2025,0.225,1194165.0,268687.125
2019-10-28 00:00:00,0.225,0.225,0.2175,0.225,1922636.0,432593.10000000003
2019-10-29 00:00:00,0.225,0.2325,0.2175,0.2175,735284.0,159924.27
2019-10-30 00:00:00,0.225,0.225,0.2175,0.2175,657227.0,142946.8725
2019-10-31 00:00:00,0.225,0.2325,0.225,0.225,1461110.0,328749.75
2019-11-01 00:00:00,0.225,0.225,0.225,0.225,1115163.0,250911.67500000002
2019-11-04 00:00:00,0.225,0.2475,0.225,0.24,1841761.0,442022.63999999996
2019-11-05 00:00:00,0.24,0.255,0.24,0.24,456888.0,109653.12
2019-11-06 00:00:00,0.24,0.2475,0.24,0.24,333456.0,80029.44
2019-11-07 00:00:00,0.24,0.24,0.24,0.24,63040.0,15129.599999999999
2019-11-08 00:00:00,0.24,0.24,0.2325,0.24,687599.0,165023.75999999998
2019-11-11 00:00:00,0.24,0.24,0.225,0.225,267854.0,60267.15
2019-11-12 00:00:00,0.225,0.24,0.225,0.225,136514.0,30715.65
2019-11-13 00:00:00,0.24,0.24,0.2175,0.24,1859069.0,446176.56
2019-11-14 00:00:00,0.24,0.24,0.225,0.24,470495.0,112918.8
2019-11-15 00:00:00,0.24,0.24,0.2325,0.24,201931.0,48463.439999999995
2019-11-18 00:00:00,0.24,0.2475,0.24,0.24,342546.0,82211.04
2019-11-19 00:00:00,0.225,0.24,0.225,0.24,175281.0,42067.439999999995
2019-11-20 00:00:00,0.24,0.24,0.225,0.225,302544.0,68072.40000000001
2019-11-21 00:00:00,0.225,0.225,0.21,0.21,653337.0,137200.77
2019-11-22 00:00:00,0.21,0.21,0.21,0.21,858796.0,180347.16
2019-11-25 00:00:00,0.225,0.225,0.21,0.225,646097.0,145371.825
2019-11-26 00:00:00,0.21,0.2175,0.21,0.2175,226668.0,49300.29
2019-11-27 00:00:00,0.21,0.2175,0.21,0.2175,104779.0,22789.4325
2019-11-28 00:00:00,0.225,0.225,0.2175,0.2175,238629.0,51901.8075
2019-11-29 00:00:00,0.2175,0.2175,0.2175,0.2175,1900.0,413.25
2019-12-03 00:00:00,0.225,0.225,0.195,0.195,902101.0,175909.695
2019-12-04 00:00:00,0.195,0.195,0.18,0.18,1708659.0,307558.62
2019-12-05 00:00:00,0.18,0.18,0.165,0.165,1573058.0,259554.57
2019-12-06 00:00:00,0.165,0.1725,0.165,0.165,606586.0,100086.69
2019-12-09 00:00:00,0.165,0.18,0.1575,0.18,858075.0,154453.5
2019-12-10 00:00:00,0.18,0.18,0.165,0.165,74396.0,12275.34
2019-12-11 00:00:00,0.18,0.195,0.18,0.195,1032649.0,201366.555
2019-12-12 00:00:00,0.195,0.195,0.18,0.18,86641.0,15595.38
2019-12-13 00:00:00,0.195,0.195,0.18,0.18,198297.0,35693.46
2019-12-16 00:00:00,0.18,0.1875,0.18,0.18,213433.0,38417.939999999995
2019-12-17 00:00:00,0.18,0.18,0.18,0.18,78717.0,14169.06
2019-12-18 00:00:00,0.18,0.18,0.165,0.165,34467.0,5687.055
2019-12-19 00:00:00,0.18,0.18,0.18,0.18,383462.0,69023.16
2019-12-20 00:00:00,0.18,0.18,0.18,0.18,60000.0,10800.0
2019-12-23 00:00:00,0.195,0.195,0.18,0.18,103010.0,18541.8
2019-12-24 00:00:00,0.18,0.18,0.18,0.18,33334.0,6000.12
2019-12-27 00:00:00,0.18,0.18,0.18,0.18,19374.0,3487.3199999999997
2019-12-30 00:00:00,0.18,0.18,0.18,0.18,582623.0,104872.14
2019-12-31 00:00:00,0.195,0.195,0.195,0.195,6667.0,1300.065
2020-01-02 00:00:00,0.18,0.18,0.18,0.18,187796.0,33803.28
2020-01-03 00:00:00,0.18,0.18,0.18,0.18,53072.0,9552.96
2020-01-06 00:00:00,0.18,0.18,0.18,0.18,156906.0,28243.079999999998
2020-01-07 00:00:00,0.18,0.18,0.18,0.18,72601.0,13068.18
2020-01-08 00:00:00,0.18,0.18,0.18,0.18,217787.0,39201.659999999996
2020-01-09 00:00:00,0.18,0.18,0.165,0.18,270587.0,48705.659999999996
2020-01-10 00:00:00,0.165,0.18,0.165,0.165,56109.0,9257.985
2020-01-13 00:00:00,0.18,0.18,0.18,0.18,11050.0,1989.0
2020-01-14 00:00:00,0.18,0.18,0.18,0.18,15833.0,2849.94
2020-01-15 00:00:00,0.18,0.195,0.18,0.195,622809.0,121447.755
2020-01-16 00:00:00,0.195,0.195,0.195,0.195,68272.0,13313.04
2020-01-17 00:00:00,0.195,0.195,0.18,0.18,477782.0,86000.76
2020-01-20 00:00:00,0.195,0.195,0.18,0.18,375815.0,67646.7
2020-01-21 00:00:00,0.18,0.18,0.18,0.18,13461.0,2422.98
2020-01-22 00:00:00,0.18,0.18,0.18,0.18,283723.0,51070.14
2020-01-23 00:00:00,0.18,0.18,0.18,0.18,332484.0,59847.119999999995
2020-01-24 00:00:00,0.18,0.195,0.165,0.18,227187.0,40893.659999999996
2020-01-28 00:00:00,0.18,0.18,0.165,0.165,113334.0,18700.11
2020-01-29 00:00:00,0.18,0.18,0.165,0.165,150423.0,24819.795000000002
2020-01-30 00:00:00,0.18,0.18,0.165,0.165,144747.0,23883.255
2020-01-31 00:00:00,0.165,0.18,0.165,0.165,81128.0,13386.12
2020-02-03 00:00:00,0.165,0.165,0.165,0.165,521097.0,85981.005
2020-02-04 00:00:00,0.165,0.165,0.165,0.165,6667.0,1100.055
2020-02-05 00:00:00,0.165,0.165,0.15,0.165,1428587.0,235716.855
2020-02-06 00:00:00,0.165,0.165,0.165,0.165,121007.0,19966.155000000002
2020-02-07 00:00:00,0.165,0.18,0.165,0.165,175920.0,29026.800000000003
2020-02-10 00:00:00,0.165,0.165,0.15,0.165,480304.0,79250.16
2020-02-11 00:00:00,0.165,0.18,0.165,0.165,1477226.0,243742.29
2020-02-12 00:00:00,0.165,0.165,0.15,0.165,447520.0,73840.8
2020-02-13 00:00:00,0.165,0.195,0.15,0.195,1199291.0,233861.745
2020-02-14 00:00:00,0.18,0.195,0.18,0.18,675437.0,121578.65999999999
2020-02-17 00:00:00,0.1875,0.195,0.18,0.18,277029.0,49865.22
2020-02-18 00:00:00,0.18,0.195,0.18,0.195,3123675.0,609116.625
2020-02-19 00:00:00,0.195,0.225,0.195,0.21,943851.0,198208.71
2020-02-20 00:00:00,0.21,0.2175,0.195,0.21,574643.0,120675.03
2020-02-21 00:00:00,0.21,0.21,0.195,0.21,435993.0,91558.53
2020-02-24 00:00:00,0.21,0.21,0.195,0.195,87420.0,17046.9
2020-02-25 00:00:00,0.195,0.195,0.165,0.18,2916973.0,525055.14
2020-02-26 00:00:00,0.18,0.195,0.165,0.18,888000.0,159840.0
2020-02-27 00:00:00,0.18,0.1875,0.18,0.18,88699.0,15965.82
2020-02-28 00:00:00,0.165,0.1725,0.15,0.165,1520037.0,250806.105
2020-03-02 00:00:00,0.165,0.18,0.15,0.165,1196307.0,197390.655
2020-03-03 00:00:00,0.18,0.18,0.165,0.165,896116.0,147859.14
2020-03-04 00:00:00,0.165,0.165,0.165,0.165,390606.0,64449.990000000005
2020-03-05 00:00:00,0.1725,0.1725,0.165,0.165,22342.0,3686.4300000000003
2020-03-06 00:00:00,0.165,0.165,0.165,0.165,848708.0,140036.82
2020-03-09 00:00:00,0.15,0.165,0.135,0.15,3635284.0,545292.6
2020-03-10 00:00:00,0.12,0.15,0.12,0.15,1115054.0,167258.1
2020-03-11 00:00:00,0.165,0.165,0.135,0.15,908230.0,136234.5
2020-03-12 00:00:00,0.135,0.135,0.105,0.12,632885.0,75946.2
2020-03-13 00:00:00,0.105,0.135,0.105,0.12,953222.0,114386.64
2020-03-16 00:00:00,0.12,0.12,0.105,0.105,848137.0,89054.385
2020-03-17 00:00:00,0.105,0.105,0.09,0.09,1484106.0,133569.54
2020-03-18 00:00:00,0.105,0.105,0.09,0.105,424918.0,44616.39
2020-03-19 00:00:00,0.105,0.105,0.105,0.105,14572.0,1530.06
2020-03-20 00:00:00,0.105,0.12,0.105,0.105,580763.0,60980.115
2020-03-23 00:00:00,0.09,0.09,0.075,0.075,4045008.0,303375.6
2020-03-24 00:00:00,0.09,0.09,0.075,0.075,581169.0,43587.674999999996
2020-03-25 00:00:00,0.09,0.105,0.09,0.105,86783.0,9112.215
2020-03-26 00:00:00,0.105,0.105,0.09,0.105,1762738.0,185087.49
2020-03-27 00:00:00,0.105,0.12,0.105,0.12,72353.0,8682.36
2020-03-30 00:00:00,0.105,0.105,0.105,0.105,96067.0,10087.035
2020-03-31 00:00:00,0.105,0.105,0.105,0.105,334006.0,35070.63
2020-04-01 00:00:00,0.105,0.12,0.105,0.105,394985.0,41473.424999999996
2020-04-03 00:00:00,0.11,0.11,0.1,0.1,168876.0,16887.600000000002
2020-04-06 00:00:00,0.1,0.1,0.09,0.1,491935.0,49193.5
2020-04-07 00:00:00,0.11,0.11,0.105,0.11,224637.0,24710.07
2020-04-08 00:00:00,0.11,0.12,0.11,0.12,354653.0,42558.36
2020-04-09 00:00:00,0.145,0.145,0.14,0.145,639141.0,92675.44499999999
2020-04-14 00:00:00,0.15,0.155,0.14,0.155,253079.0,39227.245
2020-04-15 00:00:00,0.15,0.15,0.14,0.145,376887.0,54648.615
2020-04-16 00:00:00,0.14,0.14,0.135,0.135,119652.0,16153.02
2020-04-17 00:00:00,0.13,0.135,0.13,0.135,341672.0,46125.72
2020-04-20 00:00:00,0.125,0.125,0.12,0.12,115000.0,13800.0
2020-04-21 00:00:00,0.125,0.135,0.125,0.13,1475799.0,191853.87
2020-04-23 00:00:00,0.17,0.185,0.16,0.17,6709256.0,1140573.52
2020-04-24 00:00:00,0.165,0.17,0.16,0.165,1065685.0,175838.025
2020-04-27 00:00:00,0.165,0.175,0.16,0.17,856023.0,145523.91
2020-04-28 00:00:00,0.17,0.175,0.16,0.16,471607.0,75457.12
2020-04-29 00:00:00,0.17,0.185,0.165,0.185,790007.0,146151.29499999998
2020-04-30 00:00:00,0.185,0.205,0.185,0.2,1510219.0,302043.8
2020-05-01 00:00:00,0.2,0.205,0.19,0.195,508888.0,99233.16
2020-05-04 00:00:00,0.19,0.2,0.185,0.2,188640.0,37728.0
2020-05-05 00:00:00,0.195,0.215,0.195,0.205,678373.0,139066.465
2020-05-06 00:00:00,0.21,0.21,0.2,0.205,573079.0,117481.19499999999
2020-05-07 00:00:00,0.205,0.21,0.205,0.205,436415.0,89465.075
2020-05-08 00:00:00,0.21,0.225,0.205,0.22,829816.0,182559.52
2020-05-11 00:00:00,0.22,0.235,0.215,0.22,602246.0,132494.12
2020-05-12 00:00:00,0.22,0.235,0.22,0.23,1461988.0,336257.24
2020-05-13 00:00:00,0.23,0.25,0.225,0.24,1957727.0,469854.48
2020-05-14 00:00:00,0.24,0.245,0.23,0.24,585761.0,140582.63999999998
2020-05-15 00:00:00,0.24,0.26,0.24,0.245,3700931.0,906728.095
2020-05-18 00:00:00,0.25,0.255,0.245,0.25,1310818.0,327704.5
2020-05-19 00:00:00,0.25,0.255,0.24,0.25,879818.0,219954.5
2020-05-20 00:00:00,0.25,0.28,0.25,0.28,1982874.0,555204.7200000001
2020-05-21 00:00:00,0.285,0.3,0.285,0.295,1023680.0,301985.6
2020-05-22 00:00:00,0.29,0.3,0.285,0.295,976801.0,288156.295
2020-05-25 00:00:00,0.295,0.3,0.28,0.285,1488773.0,424300.30499999993
2020-05-26 00:00:00,0.285,0.295,0.265,0.265,834317.0,221094.005
2020-05-27 00:00:00,0.275,0.29,0.275,0.275,740956.0,203762.90000000002
2020-05-28 00:00:00,0.28,0.28,0.275,0.28,323948.0,90705.44
2020-05-29 00:00:00,0.29,0.29,0.27,0.27,475401.0,128358.27
2020-06-01 00:00:00,0.285,0.29,0.27,0.27,207868.0,56124.36
2020-06-02 00:00:00,0.27,0.27,0.24,0.265,1136434.0,301155.01
2020-06-03 00:00:00,0.265,0.27,0.26,0.26,192242.0,49982.92
2020-06-04 00:00:00,0.27,0.27,0.245,0.25,557573.0,139393.25
2020-06-05 00:00:00,0.26,0.265,0.25,0.25,893370.0,223342.5
2020-06-09 00:00:00,0.25,0.26,0.245,0.255,762986.0,194561.43
2020-06-10 00:00:00,0.255,0.27,0.255,0.27,910891.0,245940.57
2020-06-11 00:00:00,0.285,0.325,0.285,0.315,3602624.0,1134826.56
2020-06-12 00:00:00,0.29,0.305,0.29,0.295,564117.0,166414.51499999998
2020-06-15 00:00:00,0.305,0.305,0.275,0.28,476711.0,133479.08000000002
2020-06-16 00:00:00,0.29,0.29,0.28,0.285,178746.0,50942.60999999999
2020-06-17 00:00:00,0.285,0.29,0.285,0.29,164243.0,47630.469999999994
2020-06-18 00:00:00,0.295,0.3,0.295,0.295,459157.0,135451.315
2020-06-19 00:00:00,0.295,0.305,0.29,0.29,335986.0,97435.93999999999
2020-06-22 00:00:00,0.305,0.31,0.3,0.31,515488.0,159801.28
2020-06-23 00:00:00,0.31,0.31,0.3,0.3,435334.0,130600.2
2020-06-24 00:00:00,0.31,0.345,0.31,0.335,1352523.0,453095.205
2020-06-29 00:00:00,0.415,0.45,0.395,0.45,8375077.0,3768784.65
2020-06-30 00:00:00,0.45,0.465,0.415,0.44,4560683.0,2006700.52
2020-07-01 00:00:00,0.44,0.46,0.43,0.455,1629007.0,741198.185
2020-07-02 00:00:00,0.45,0.48,0.45,0.48,1301848.0,624887.0399999999
2020-07-03 00:00:00,0.48,0.525,0.475,0.515,2665853.0,1372914.295
2020-07-06 00:00:00,0.515,0.54,0.5,0.5,1708007.0,854003.5
2020-07-07 00:00:00,0.5,0.515,0.485,0.495,327696.0,162209.52
2020-07-08 00:00:00,0.51,0.515,0.49,0.49,1079383.0,528897.67
2020-07-09 00:00:00,0.5,0.5,0.48,0.485,544570.0,264116.45
2020-07-10 00:00:00,0.48,0.5,0.475,0.49,468162.0,229399.38
2020-07-13 00:00:00,0.49,0.49,0.45,0.49,385139.0,188718.11
2020-07-14 00:00:00,0.49,0.49,0.44,0.475,425141.0,201941.97499999998
2020-07-15 00:00:00,0.475,0.49,0.455,0.48,269341.0,129283.68
2020-07-16 00:00:00,0.485,0.485,0.455,0.465,103259.0,48015.435000000005
2020-07-17 00:00:00,0.465,0.49,0.465,0.48,285803.0,137185.44
2020-07-20 00:00:00,0.47,0.48,0.455,0.47,460405.0,216390.34999999998
2020-07-21 00:00:00,0.475,0.48,0.46,0.47,275011.0,129255.17
2020-07-27 00:00:00,0.47,0.51,0.465,0.465,1236000.0,574740.0
2020-07-28 00:00:00,0.48,0.505,0.47,0.5,742301.0,371150.5
2020-07-29 00:00:00,0.5,0.515,0.485,0.485,2355876.0,1142599.8599999999
2020-07-30 00:00:00,0.49,0.49,0.46,0.485,765310.0,371175.35
2020-07-31 00:00:00,0.48,0.48,0.455,0.47,973381.0,457489.06999999995
2020-08-03 00:00:00,0.465,0.465,0.44,0.46,1850763.0,851350.98
2020-08-04 00:00:00,0.465,0.515,0.465,0.495,2168352.0,1073334.24
2020-08-05 00:00:00,0.5,0.53,0.49,0.525,5164725.0,2711480.625
2020-08-06 00:00:00,0.55,0.57,0.515,0.52,3665900.0,1906268.0
2020-08-07 00:00:00,0.54,0.545,0.53,0.535,2298560.0,1229729.6
2020-08-10 00:00:00,0.54,0.54,0.52,0.52,534451.0,277914.52
2020-08-11 00:00:00,0.52,0.525,0.5,0.5,641349.0,320674.5
2020-08-12 00:00:00,0.495,0.495,0.46,0.475,3534142.0,1678717.45
2020-08-13 00:00:00,0.485,0.495,0.475,0.48,237623.0,114059.04
2020-08-14 00:00:00,0.495,0.495,0.48,0.48,209493.0,100556.64
2020-08-17 00:00:00,0.485,0.52,0.48,0.52,1644592.0,855187.8400000001
2020-08-18 00:00:00,0.52,0.52,0.5,0.5,624767.0,312383.5
2020-08-19 00:00:00,0.52,0.52,0.485,0.49,289538.0,141873.62
2020-08-20 00:00:00,0.505,0.515,0.48,0.48,509876.0,244740.47999999998
2020-08-21 00:00:00,0.475,0.49,0.465,0.47,1361363.0,639840.61
2020-08-24 00:00:00,0.47,0.48,0.465,0.465,191567.0,89078.655
2020-08-25 00:00:00,0.485,0.49,0.465,0.465,590034.0,274365.81
2020-08-26 00:00:00,0.48,0.51,0.48,0.495,1504696.0,744824.52
2020-08-27 00:00:00,0.495,0.525,0.49,0.5,967136.0,483568.0
2020-08-28 00:00:00,0.505,0.515,0.49,0.495,944056.0,467307.72
2020-08-31 00:00:00,0.495,0.54,0.49,0.54,835619.0,451234.26
2020-09-01 00:00:00,0.54,0.54,0.5,0.52,502051.0,261066.52000000002
2020-09-02 00:00:00,0.525,0.525,0.5,0.51,1602347.0,817196.97
2020-09-03 00:00:00,0.505,0.51,0.5,0.505,2222449.0,1122336.745
2020-09-04 00:00:00,0.48,0.495,0.48,0.48,901302.0,432624.95999999996
2020-09-07 00:00:00,0.48,0.49,0.47,0.48,280989.0,134874.72
2020-09-08 00:00:00,0.48,0.49,0.475,0.48,91186.0,43769.28
2020-09-09 00:00:00,0.49,0.49,0.47,0.475,283997.0,134898.57499999998
2020-09-10 00:00:00,0.49,0.495,0.48,0.48,913624.0,438539.51999999996
2020-09-11 00:00:00,0.49,0.49,0.47,0.47,340043.0,159820.21
2020-09-14 00:00:00,0.47,0.505,0.47,0.49,596643.0,292355.07
2020-09-15 00:00:00,0.5,0.505,0.49,0.49,403870.0,197896.3
2020-09-16 00:00:00,0.495,0.5,0.49,0.49,230389.0,112890.61
2020-09-17 00:00:00,0.49,0.5,0.47,0.48,741018.0,355688.64
2020-09-18 00:00:00,0.47,0.4875,0.47,0.485,398359.0,193204.115
2020-09-21 00:00:00,0.475,0.4875,0.475,0.485,144954.0,70302.69
2020-09-22 00:00:00,0.485,0.495,0.475,0.48,697014.0,334566.72
2020-09-23 00:00:00,0.495,0.495,0.475,0.48,534521.0,256570.08
2020-09-24 00:00:00,0.49,0.49,0.44,0.455,1549395.0,704974.725
2020-09-25 00:00:00,0.465,0.48,0.465,0.47,134786.0,63349.42
2020-09-28 00:00:00,0.485,0.485,0.47,0.475,181826.0,86367.34999999999
2020-09-29 00:00:00,0.47,0.49,0.46,0.475,732269.0,347827.77499999997
2020-09-30 00:00:00,0.49,0.495,0.475,0.49,382803.0,187573.47
2020-10-01 00:00:00,0.5,0.54,0.5,0.535,2987742.0,1598441.9700000002
2020-10-02 00:00:00,0.535,0.535,0.49,0.49,1001560.0,490764.39999999997
2020-10-05 00:00:00,0.515,0.52,0.505,0.51,659407.0,336297.57
2020-10-06 00:00:00,0.515,0.555,0.51,0.545,1223470.0,666791.15
2020-10-07 00:00:00,0.545,0.545,0.5175,0.53,743091.0,393838.23000000004
2020-10-08 00:00:00,0.53,0.61,0.53,0.61,2588692.0,1579102.1199999999
2020-10-09 00:00:00,0.61,0.665,0.61,0.64,3317929.0,2123474.56
2020-10-12 00:00:00,0.72,0.735,0.645,0.685,2723849.0,1865836.5650000002
2020-10-13 00:00:00,0.675,0.685,0.61,0.615,1445293.0,888855.195
2020-10-14 00:00:00,0.64,0.655,0.625,0.635,678162.0,430632.87
2020-10-15 00:00:00,0.65,0.665,0.615,0.62,1607649.0,996742.38
2020-10-16 00:00:00,0.63,0.64,0.615,0.63,513381.0,323430.03
2020-10-19 00:00:00,0.645,0.675,0.63,0.665,1125000.0,748125.0
2020-10-20 00:00:00,0.64,0.655,0.635,0.635,2416567.0,1534520.045
2020-10-21 00:00:00,0.65,0.67,0.64,0.64,900713.0,576456.3200000001
2020-10-22 00:00:00,0.655,0.655,0.595,0.63,1163145.0,732781.35
2020-10-23 00:00:00,0.63,0.63,0.58,0.6,688672.0,413203.2
2020-10-26 00:00:00,0.59,0.61,0.56,0.585,713537.0,417419.14499999996
2020-10-27 00:00:00,0.57,0.585,0.56,0.585,562681.0,329168.38499999995
2020-10-28 00:00:00,0.57,0.58,0.565,0.57,5345447.0,3046904.7899999996
2020-10-29 00:00:00,0.53,0.565,0.53,0.54,1393757.0,752628.78
2020-10-30 00:00:00,0.545,0.55,0.525,0.535,647805.0,346575.67500000005
2020-11-02 00:00:00,0.52,0.53,0.455,0.48,2860656.0,1373114.88
2020-11-03 00:00:00,0.495,0.515,0.495,0.505,1647466.0,831970.33
2020-11-04 00:00:00,0.52,0.54,0.515,0.52,748799.0,389375.48000000004
2020-11-05 00:00:00,0.525,0.525,0.49,0.51,690788.0,352301.88
2020-11-06 00:00:00,0.52,0.555,0.52,0.55,512223.0,281722.65
2020-11-09 00:00:00,0.54,0.575,0.54,0.555,325315.0,180549.825
2020-11-10 00:00:00,0.56,0.56,0.535,0.535,1575164.0,842712.7400000001
2020-11-11 00:00:00,0.545,0.55,0.51,0.52,1190576.0,619099.52
2020-11-12 00:00:00,0.52,0.53,0.5,0.525,854428.0,448574.7
2020-11-13 00:00:00,0.525,0.53,0.515,0.525,139468.0,73220.7
2020-11-16 00:00:00,0.545,0.55,0.54,0.54,149129.0,80529.66
2020-11-17 00:00:00,0.56,0.56,0.535,0.54,435257.0,235038.78000000003
2020-11-18 00:00:00,0.545,0.545,0.515,0.52,1727450.0,898274.0
2020-11-19 00:00:00,0.53,0.565,0.525,0.565,778658.0,439941.76999999996
2020-11-20 00:00:00,0.57,0.59,0.515,0.55,1447695.0,796232.2500000001
2020-11-23 00:00:00,0.56,0.585,0.56,0.585,280431.0,164052.13499999998
2020-11-24 00:00:00,0.58,0.58,0.56,0.575,505248.0,290517.6
2020-11-25 00:00:00,0.57,0.585,0.56,0.57,469537.0,267636.08999999997
2020-11-26 00:00:00,0.575,0.59,0.575,0.58,747350.0,433462.99999999994
2020-11-27 00:00:00,0.58,0.6,0.565,0.6,616047.0,369628.2
2020-11-30 00:00:00,0.615,0.615,0.57,0.6,448465.0,269079.0
2020-12-01 00:00:00,0.595,0.595,0.575,0.575,156876.0,90203.7
2020-12-02 00:00:00,0.575,0.61,0.575,0.59,694050.0,409489.5
2020-12-03 00:00:00,0.59,0.59,0.57,0.575,172653.0,99275.47499999999
2020-12-04 00:00:00,0.58,0.585,0.57,0.57,83534.0,47614.38
2020-12-07 00:00:00,0.61,0.62,0.6,0.615,961807.0,591511.3049999999
2020-12-08 00:00:00,0.63,0.64,0.62,0.63,916505.0,577398.15
2020-12-09 00:00:00,0.635,0.635,0.62,0.62,529706.0,328417.72
2020-12-10 00:00:00,0.625,0.63,0.595,0.61,3573325.0,2179728.25
2020-12-11 00:00:00,0.615,0.67,0.61,0.665,3191837.0,2122571.605
2020-12-14 00:00:00,0.665,0.675,0.65,0.665,529447.0,352082.255
2020-12-15 00:00:00,0.675,0.675,0.64,0.665,777708.0,517175.82
2020-12-16 00:00:00,0.675,0.78,0.66,0.78,2956627.0,2306169.06
2020-12-17 00:00:00,0.765,0.775,0.72,0.755,1067134.0,805686.17
2020-12-18 00:00:00,0.75,0.76,0.72,0.745,1034531.0,770725.595
2020-12-21 00:00:00,0.775,0.8,0.73,0.78,2921568.0,2278823.04
2020-12-22 00:00:00,0.79,0.79,0.76,0.77,584708.0,450225.16000000003
2020-12-23 00:00:00,0.76,0.78,0.74,0.78,349741.0,272797.98
2020-12-24 00:00:00,0.8,0.84,0.79,0.81,887870.0,719174.7000000001
2020-12-29 00:00:00,0.81,0.855,0.81,0.84,586787.0,492901.07999999996
2020-12-30 00:00:00,0.85,0.85,0.8,0.815,773414.0,630332.4099999999
2020-12-31 00:00:00,0.82,0.83,0.78,0.82,461846.0,378713.72
