timestamps,open,high,low,close,volume,amount
2000-01-04 00:00:00,0.3747,0.3747,0.3747,0.3747,28000.0,10491.599999999999
2000-01-05 00:00:00,0.3747,0.3747,0.3747,0.3747,10000.0,3747.0
2000-01-10 00:00:00,0.383,0.383,0.3747,0.3747,20000.0,7494.0
2000-01-11 00:00:00,0.3747,0.3747,0.3747,0.3747,2000.0,749.4
2000-01-13 00:00:00,0.3747,0.3747,0.3747,0.3747,2000.0,749.4
2000-01-14 00:00:00,0.383,0.3913,0.383,0.3913,69000.0,26999.699999999997
2000-01-17 00:00:00,0.408,0.408,0.408,0.408,6000.0,2448.0
2000-01-18 00:00:00,0.408,0.408,0.408,0.408,4500.0,1835.9999999999998
2000-01-25 00:00:00,0.3747,0.3747,0.3747,0.3747,4100.0,1536.27
2000-01-28 00:00:00,0.383,0.383,0.383,0.383,20000.0,7660.0
2000-01-31 00:00:00,0.383,0.3997,0.383,0.3997,11000.0,4396.7
2000-02-02 00:00:00,0.383,0.383,0.383,0.383,2000.0,766.0
2000-02-04 00:00:00,0.383,0.383,0.383,0.383,1636364.0,626727.412
2000-02-07 00:00:00,0.383,0.383,0.383,0.383,90000.0,34470.0
2000-02-09 00:00:00,0.3997,0.3997,0.3997,0.3997,6000.0,2398.2
2000-02-10 00:00:00,0.3997,0.3997,0.3997,0.3997,15000.0,5995.5
2000-02-14 00:00:00,0.383,0.383,0.383,0.383,210000.0,80430.0
2000-02-16 00:00:00,0.3997,0.4163,0.383,0.383,364500.0,139603.5
2000-02-17 00:00:00,0.4163,0.4163,0.4163,0.4163,34545.0,14381.0835
2000-02-21 00:00:00,0.4163,0.4163,0.4163,0.4163,24000.0,9991.2
2000-02-23 00:00:00,0.4163,0.4163,0.4163,0.4163,7270.0,3026.501
2000-02-24 00:00:00,0.4163,0.4163,0.4163,0.4163,30000.0,12489.0
2000-03-03 00:00:00,0.4163,0.4163,0.4163,0.4163,28750.0,11968.625
2000-03-07 00:00:00,0.4163,0.4163,0.4163,0.4163,6935.0,2887.0405
2000-03-09 00:00:00,0.383,0.408,0.383,0.408,7999.0,3263.5919999999996
2000-03-10 00:00:00,0.4163,0.4163,0.4163,0.4163,1001.0,416.7163
2000-03-13 00:00:00,0.3913,0.3913,0.3913,0.3913,36699.0,14360.3187
2000-03-14 00:00:00,0.4163,0.4163,0.4163,0.4163,100000.0,41630.0
2000-03-17 00:00:00,0.4163,0.4163,0.4163,0.4163,15000.0,6244.5
2000-03-20 00:00:00,0.4163,0.4163,0.4163,0.4163,1000.0,416.3
2000-03-21 00:00:00,0.4163,0.4163,0.4163,0.4163,420000.0,174846.0
2000-03-22 00:00:00,0.4496,0.4496,0.4496,0.4496,1850.0,831.76
2000-03-23 00:00:00,0.4413,0.4413,0.4413,0.4413,4444.0,1961.1372000000001
2000-03-29 00:00:00,0.4413,0.4496,0.4413,0.4496,5000.0,2248.0
2000-03-30 00:00:00,0.4496,0.4496,0.4163,0.4163,74251.0,30910.6913
2000-04-04 00:00:00,0.3913,0.4163,0.3913,0.4163,23000.0,9574.9
2000-04-10 00:00:00,0.4163,0.4163,0.4163,0.4163,9500.0,3954.85
2000-04-28 00:00:00,0.4579,0.4579,0.4579,0.4579,17900.0,8196.41
2000-05-04 00:00:00,0.4413,0.4413,0.4163,0.4163,25000.0,10407.5
2000-05-08 00:00:00,0.4163,0.4163,0.4163,0.4163,17725.0,7378.9175000000005
2000-05-11 00:00:00,0.3913,0.3913,0.3913,0.3913,10000.0,3913.0
2000-05-12 00:00:00,0.3913,0.3913,0.3913,0.3913,2000.0,782.5999999999999
2000-05-18 00:00:00,0.3913,0.3913,0.3913,0.3913,22500.0,8804.25
2000-05-29 00:00:00,0.4163,0.4163,0.3913,0.3913,20000.0,7826.0
2000-06-06 00:00:00,0.4579,0.4579,0.4579,0.4579,2000.0,915.8
2000-06-07 00:00:00,0.3913,0.3913,0.3913,0.3913,2000.0,782.5999999999999
2000-06-08 00:00:00,0.433,0.433,0.3913,0.3913,14000.0,5478.2
2000-06-14 00:00:00,0.4496,0.4496,0.4496,0.4496,5000.0,2248.0
2000-06-15 00:00:00,0.4163,0.4163,0.4163,0.4163,16000.0,6660.8
2000-06-16 00:00:00,0.4163,0.4163,0.4163,0.4163,24251.0,10095.6913
2000-06-19 00:00:00,0.4496,0.4496,0.4496,0.4496,10000.0,4496.0
2000-06-20 00:00:00,0.4496,0.4496,0.4496,0.4496,5800.0,2607.68
2000-06-22 00:00:00,0.4413,0.4496,0.4413,0.4496,6100.0,2742.56
2000-06-23 00:00:00,0.4496,0.4496,0.4496,0.4496,6000.0,2697.6
2000-06-26 00:00:00,0.4496,0.4496,0.433,0.4496,21200.0,9531.52
2000-07-06 00:00:00,0.4663,0.4663,0.4663,0.4663,4000.0,1865.2
2000-07-10 00:00:00,0.4579,0.4829,0.4579,0.4829,5000.0,2414.5
2000-07-11 00:00:00,0.4829,0.4829,0.4579,0.4579,2750.0,1259.225
2000-07-13 00:00:00,0.4663,0.4663,0.4663,0.4663,8544.0,3984.0672
2000-07-20 00:00:00,0.4663,0.4663,0.4579,0.4579,3456.0,1582.5023999999999
2000-07-21 00:00:00,0.4579,0.4579,0.4579,0.4579,1544.0,706.9975999999999
2000-07-27 00:00:00,0.5162,0.5162,0.5162,0.5162,7000.0,3613.4
2000-07-31 00:00:00,0.5162,0.5162,0.5162,0.5162,33270.0,17173.974
2000-08-01 00:00:00,0.5412,0.5412,0.5412,0.5412,1241.0,671.6292
2000-08-03 00:00:00,0.5162,0.5162,0.5162,0.5162,10976.0,5665.8112
2000-08-04 00:00:00,0.5412,0.5412,0.5162,0.5162,141089.0,72830.1418
2000-08-08 00:00:00,0.5162,0.5162,0.5162,0.5162,9935.0,5128.447
2000-08-11 00:00:00,0.5412,0.5412,0.5412,0.5412,18000.0,9741.6
2000-08-15 00:00:00,0.5162,0.5162,0.5162,0.5162,5000.0,2581.0
2000-08-21 00:00:00,0.5412,0.5412,0.5412,0.5412,8000.0,4329.6
2000-08-24 00:00:00,0.5412,0.5412,0.5412,0.5412,11000.0,5953.2
2000-08-25 00:00:00,0.5412,0.5412,0.5412,0.5412,5000.0,2706.0
2000-08-28 00:00:00,0.5412,0.5412,0.5412,0.5412,5000.0,2706.0
2000-08-29 00:00:00,0.5412,0.5495,0.5412,0.5495,10000.0,5495.0
2000-08-30 00:00:00,0.5495,0.5495,0.5495,0.5495,5000.0,2747.5
2000-08-31 00:00:00,0.5495,0.5495,0.5162,0.5162,19450.0,10040.09
2000-09-01 00:00:00,0.5162,0.5162,0.5162,0.5162,13550.0,6994.51
2000-09-04 00:00:00,0.5412,0.5412,0.5412,0.5412,8181.0,4427.5572
2000-09-06 00:00:00,0.5828,0.5828,0.5828,0.5828,2850.0,1660.98
2000-09-07 00:00:00,0.5828,0.5828,0.5828,0.5828,2150.0,1253.02
2000-09-12 00:00:00,0.5828,0.5995,0.5828,0.5995,6000.0,3597.0
2000-09-13 00:00:00,0.5995,0.5995,0.5995,0.5995,1000.0,599.5
2000-09-21 00:00:00,0.5995,0.5995,0.5995,0.5995,5000.0,2997.5
2000-09-22 00:00:00,0.5995,0.6245,0.5995,0.6245,14000.0,8743.0
2000-09-27 00:00:00,0.6245,0.6245,0.6245,0.6245,5000.0,3122.5000000000005
2000-10-06 00:00:00,0.6161,0.6161,0.6161,0.6161,2298.0,1415.7978
2000-10-25 00:00:00,0.5662,0.5745,0.5662,0.5745,109090.0,62672.205
2000-10-26 00:00:00,0.5828,0.5828,0.5828,0.5828,4500.0,2622.6
2000-10-31 00:00:00,0.5828,0.5828,0.5828,0.5828,500.0,291.4
2000-11-02 00:00:00,0.5828,0.5828,0.5828,0.5828,500.0,291.4
2000-11-06 00:00:00,0.5912,0.5912,0.5828,0.5828,8636.0,5033.0608
2000-11-08 00:00:00,0.5912,0.6245,0.5912,0.6245,441869.0,275947.1905
2000-11-10 00:00:00,0.6245,0.6245,0.5828,0.5828,811000.0,472650.8
2000-11-15 00:00:00,0.5828,0.5828,0.5828,0.5828,12000.0,6993.599999999999
2000-11-17 00:00:00,0.6245,0.6245,0.6245,0.6245,2000.0,1249.0
2000-11-24 00:00:00,0.6245,0.6245,0.6245,0.6245,11000.0,6869.500000000001
2000-11-29 00:00:00,0.6245,0.6328,0.6245,0.6328,30500.0,19300.4
2000-11-30 00:00:00,0.6578,0.6578,0.6328,0.6411,209344.0,134210.4384
2000-12-06 00:00:00,0.6245,0.6245,0.6245,0.6245,23425.0,14628.912500000002
2000-12-08 00:00:00,0.5828,0.5828,0.5828,0.5828,5063.0,2950.7164
2000-12-12 00:00:00,0.5912,0.5912,0.5828,0.5828,11800.0,6877.04
2000-12-14 00:00:00,0.6078,0.6078,0.6078,0.6078,2000.0,1215.6
2000-12-18 00:00:00,0.5828,0.5828,0.5828,0.5828,4575.0,2666.31
2001-01-05 00:00:00,0.5995,0.5995,0.5995,0.5995,1000.0,599.5
2001-01-17 00:00:00,0.4996,0.4996,0.4996,0.4996,10500.0,5245.8
2001-02-20 00:00:00,0.5412,0.5412,0.5412,0.5412,5000.0,2706.0
2001-02-22 00:00:00,0.5079,0.5079,0.4996,0.5079,112500.0,57138.75
2001-03-09 00:00:00,0.4579,0.4579,0.4579,0.4579,12000.0,5494.799999999999
2001-03-28 00:00:00,0.4246,0.4246,0.4246,0.4246,5000.0,2123.0
2001-03-29 00:00:00,0.4163,0.4163,0.4163,0.4163,60000.0,24978.0
2001-03-30 00:00:00,0.4163,0.4163,0.4163,0.4163,10000.0,4163.0
2001-04-02 00:00:00,0.4163,0.4163,0.4163,0.4163,60000.0,24978.0
2001-04-05 00:00:00,0.4163,0.4163,0.4163,0.4163,22000.0,9158.6
2001-04-09 00:00:00,0.4496,0.4496,0.4496,0.4496,5000.0,2248.0
2001-04-10 00:00:00,0.4496,0.4496,0.4496,0.4496,30000.0,13488.0
2001-04-11 00:00:00,0.4496,0.4496,0.4496,0.4496,9000.0,4046.4
2001-04-18 00:00:00,0.4496,0.4496,0.4496,0.4496,1000.0,449.6
2001-04-30 00:00:00,0.4163,0.4163,0.4163,0.4163,2000.0,832.6
2001-05-08 00:00:00,0.4246,0.4246,0.4246,0.4246,160000.0,67936.0
2001-05-09 00:00:00,0.4246,0.4246,0.4246,0.4246,209900.0,89123.54
2001-05-15 00:00:00,0.4246,0.4246,0.4246,0.4246,200100.0,84962.45999999999
2001-06-01 00:00:00,0.433,0.4829,0.433,0.4829,22000.0,10623.8
2001-06-05 00:00:00,0.4996,0.4996,0.4996,0.4996,60437.0,30194.3252
2001-06-06 00:00:00,0.5162,0.5162,0.5162,0.5162,100000.0,51620.0
2001-06-07 00:00:00,0.4996,0.5246,0.4996,0.5246,4800.0,2518.08
2001-06-13 00:00:00,0.5246,0.5246,0.5246,0.5246,1000.0,524.5999999999999
2001-06-19 00:00:00,0.5246,0.5246,0.5246,0.5246,88000.0,46164.799999999996
2001-06-22 00:00:00,0.4996,0.4996,0.4996,0.4996,6000.0,2997.6
2001-06-27 00:00:00,0.4829,0.4829,0.4746,0.4746,19000.0,9017.4
2001-06-28 00:00:00,0.4996,0.4996,0.4996,0.4996,20000.0,9992.0
2001-06-29 00:00:00,0.5162,0.5162,0.5162,0.5162,6700.0,3458.54
2001-07-02 00:00:00,0.5162,0.5162,0.5162,0.5162,21817.0,11261.9354
2001-07-04 00:00:00,0.5162,0.5162,0.5162,0.5162,11000.0,5678.2
2001-07-20 00:00:00,0.5162,0.5162,0.4996,0.4996,14000.0,6994.4
2001-08-01 00:00:00,0.5079,0.5079,0.5079,0.5079,1000.0,507.90000000000003
2001-08-13 00:00:00,0.5079,0.5079,0.5079,0.5079,6000.0,3047.4
2001-08-28 00:00:00,0.5412,0.5412,0.5412,0.5412,5100.0,2760.12
2001-09-04 00:00:00,0.5412,0.5412,0.5412,0.5412,4900.0,2651.88
2001-09-07 00:00:00,0.5579,0.5579,0.5579,0.5579,10000.0,5578.999999999999
2001-09-14 00:00:00,0.5412,0.5412,0.5412,0.5412,10000.0,5412.0
2001-09-17 00:00:00,0.5412,0.5412,0.5412,0.5412,5000.0,2706.0
2001-09-18 00:00:00,0.4579,0.4579,0.4163,0.4163,200000.0,83260.0
2001-09-26 00:00:00,0.5412,0.5412,0.5412,0.5412,10000.0,5412.0
2001-10-09 00:00:00,0.5412,0.5412,0.5412,0.5412,5454.0,2951.7048
2001-10-19 00:00:00,0.5412,0.5412,0.5412,0.5412,8546.0,4625.0952
2001-11-01 00:00:00,0.4579,0.4579,0.4579,0.4579,317500.0,145383.25
2001-11-08 00:00:00,0.5412,0.5412,0.5412,0.5412,25000.0,13530.0
2001-11-12 00:00:00,0.5412,0.5412,0.5412,0.5412,6454.0,3492.9048000000003
2001-11-27 00:00:00,0.5662,0.5662,0.5662,0.5662,5000.0,2831.0
2001-12-20 00:00:00,0.5662,0.5662,0.5662,0.5662,5000.0,2831.0
2001-12-27 00:00:00,0.5662,0.5662,0.5662,0.5662,5000.0,2831.0
2001-12-28 00:00:00,0.6245,0.6245,0.6245,0.6245,1000.0,624.5
2002-01-07 00:00:00,0.6161,0.6161,0.6161,0.6161,5000.0,3080.5
2002-01-09 00:00:00,0.5412,0.5412,0.5412,0.5412,10000.0,5412.0
2002-01-16 00:00:00,0.4579,0.4579,0.4579,0.4579,12000.0,5494.799999999999
2002-01-17 00:00:00,0.4996,0.4996,0.4996,0.4996,8000.0,3996.7999999999997
2002-01-24 00:00:00,0.5412,0.5412,0.5412,0.5412,10000.0,5412.0
2002-02-04 00:00:00,0.5246,0.5246,0.5246,0.5246,10000.0,5246.0
2002-02-13 00:00:00,0.5246,0.5246,0.5246,0.5246,2000.0,1049.1999999999998
2002-02-19 00:00:00,0.5329,0.5412,0.5329,0.5412,9000.0,4870.8
2002-02-21 00:00:00,0.5412,0.5412,0.5412,0.5412,32000.0,17318.4
2002-02-25 00:00:00,0.5412,0.5412,0.5412,0.5412,150000.0,81180.0
2002-03-11 00:00:00,0.5412,0.5495,0.5412,0.5495,17272.0,9490.964
2002-03-12 00:00:00,0.5412,0.5412,0.5329,0.5329,9728.0,5184.051200000001
2002-03-14 00:00:00,0.5412,0.5828,0.5412,0.5828,209937.0,122351.2836
2002-03-18 00:00:00,0.6161,0.6161,0.5995,0.5995,6063.0,3634.7685
2002-03-19 00:00:00,0.5995,0.5995,0.5995,0.5995,50000.0,29975.0
2002-03-20 00:00:00,0.6078,0.6245,0.6078,0.6245,20000.0,12490.000000000002
2002-03-21 00:00:00,0.6245,0.6245,0.6245,0.6245,10000.0,6245.000000000001
2002-03-22 00:00:00,0.6161,0.6161,0.6161,0.6161,20000.0,12322.0
2002-03-25 00:00:00,0.6078,0.6245,0.6078,0.6245,53000.0,33098.5
2002-03-28 00:00:00,0.6245,0.6245,0.6245,0.6245,5000.0,3122.5000000000005
2002-04-15 00:00:00,0.5912,0.5912,0.5912,0.5912,12000.0,7094.4
2002-04-17 00:00:00,0.6161,0.6161,0.6161,0.6161,10000.0,6161.0
2002-04-23 00:00:00,0.6078,0.6078,0.6078,0.6078,20000.0,12156.0
2002-05-08 00:00:00,0.5828,0.5828,0.5828,0.5828,50000.0,29140.0
2002-05-09 00:00:00,0.5828,0.5828,0.5828,0.5828,54089.0,31523.069199999998
2002-05-13 00:00:00,0.5828,0.5828,0.5828,0.5828,23636.0,13775.0608
2002-05-31 00:00:00,0.6245,0.6245,0.6245,0.6245,24844.0,15515.078000000001
2002-06-04 00:00:00,0.6661,0.6661,0.6245,0.6245,75781.0,47325.234500000006
2002-06-05 00:00:00,0.6078,0.6078,0.5828,0.5828,20000.0,11656.0
2002-06-06 00:00:00,0.6245,0.6245,0.6245,0.6245,3000.0,1873.5000000000002
2002-06-12 00:00:00,0.6161,0.6245,0.6161,0.6245,10000.0,6245.000000000001
2002-06-25 00:00:00,0.6245,0.6245,0.6245,0.6245,4000.0,2498.0
2002-06-26 00:00:00,0.6245,0.6245,0.6245,0.6245,5000.0,3122.5000000000005
2002-06-28 00:00:00,0.6245,0.6245,0.6245,0.6245,4953.0,3093.1485000000002
2002-07-15 00:00:00,0.6411,0.6411,0.6411,0.6411,34375.0,22037.8125
2002-07-16 00:00:00,0.6495,0.6495,0.6495,0.6495,5000.0,3247.5
2002-07-19 00:00:00,0.6578,0.6578,0.6578,0.6578,649.0,426.91220000000004
2002-07-30 00:00:00,0.6161,0.6161,0.6161,0.6161,1125.0,693.1125
2002-08-01 00:00:00,0.6161,0.6161,0.6161,0.6161,30375.0,18714.0375
2002-08-05 00:00:00,0.6245,0.6245,0.6245,0.6245,5000.0,3122.5000000000005
2002-08-09 00:00:00,0.6245,0.6245,0.6245,0.6245,1125.0,702.5625000000001
2002-08-14 00:00:00,0.6245,0.6245,0.6245,0.6245,100000.0,62450.00000000001
2002-08-19 00:00:00,0.6328,0.6328,0.6328,0.6328,649.0,410.6872
2002-09-03 00:00:00,0.6328,0.6328,0.5828,0.5828,20000.0,11656.0
2002-09-06 00:00:00,0.5828,0.5828,0.5828,0.5828,8000.0,4662.4
2002-09-11 00:00:00,0.5828,0.5828,0.5828,0.5828,42954.0,25033.5912
2002-09-25 00:00:00,0.6245,0.6245,0.5828,0.5828,36000.0,20980.8
2002-10-17 00:00:00,0.6245,0.6245,0.6245,0.6245,40000.0,24980.000000000004
2002-10-21 00:00:00,0.6245,0.6245,0.6245,0.6245,2000.0,1249.0
2002-10-25 00:00:00,0.6328,0.6328,0.6245,0.6245,10000.0,6245.000000000001
2002-11-04 00:00:00,0.6661,0.6661,0.6495,0.6495,20000.0,12990.0
2002-11-05 00:00:00,0.6661,0.6661,0.6661,0.6661,14363.0,9567.194300000001
2002-11-06 00:00:00,0.6911,0.6911,0.6911,0.6911,2000.0,1382.2
2002-11-11 00:00:00,0.6911,0.7077,0.6911,0.7077,1300.0,920.01
2002-12-02 00:00:00,0.7077,0.7161,0.7077,0.7161,12350.0,8843.835
2002-12-03 00:00:00,0.7244,0.7244,0.7077,0.7077,16363.0,11580.0951
2002-12-05 00:00:00,0.7077,0.7077,0.7077,0.7077,3000.0,2123.1
2002-12-16 00:00:00,0.741,0.741,0.7327,0.7327,730.0,534.871
2002-12-20 00:00:00,0.7327,0.7327,0.7327,0.7327,2800.0,2051.56
2002-12-23 00:00:00,0.7244,0.7244,0.7161,0.7161,9162.0,6560.9082
2002-12-31 00:00:00,0.7327,0.7327,0.7327,0.7327,570.0,417.639
2003-01-22 00:00:00,0.7161,0.7161,0.7077,0.7077,2800.0,1981.56
2003-01-23 00:00:00,0.7077,0.7077,0.7077,0.7077,2000.0,1415.4
2003-02-04 00:00:00,0.7077,0.7077,0.7077,0.7077,2908.0,2057.9916
2003-02-24 00:00:00,0.7327,0.7327,0.7327,0.7327,23287.0,17062.3849
2003-03-11 00:00:00,0.6661,0.6661,0.6661,0.6661,20000.0,13322.0
2003-03-12 00:00:00,0.6661,0.6661,0.6661,0.6661,30000.0,19983.0
2003-03-13 00:00:00,0.6661,0.6661,0.6661,0.6661,10000.0,6661.0
2003-03-14 00:00:00,0.6661,0.6661,0.6661,0.6661,4351.0,2898.2011
2003-03-21 00:00:00,0.6661,0.6661,0.6661,0.6661,25000.0,16652.5
2003-04-04 00:00:00,0.6828,0.6828,0.6828,0.6828,10000.0,6828.0
2003-05-12 00:00:00,0.6661,0.6661,0.6661,0.6661,625.0,416.3125
2003-05-13 00:00:00,0.6661,0.6661,0.6661,0.6661,10024.0,6676.986400000001
2003-06-11 00:00:00,0.5995,0.5995,0.5995,0.5995,4000.0,2398.0
2003-06-26 00:00:00,0.5995,0.5995,0.5995,0.5995,6000.0,3597.0
2003-07-01 00:00:00,0.6578,0.6578,0.6578,0.6578,1000.0,657.8000000000001
2003-07-09 00:00:00,0.6661,0.6661,0.6661,0.6661,22000.0,14654.2
2003-07-10 00:00:00,0.6661,0.6661,0.6661,0.6661,1401.0,933.2061
2003-07-11 00:00:00,0.6661,0.6661,0.6661,0.6661,5000.0,3330.5
2003-07-16 00:00:00,0.6661,0.6661,0.6661,0.6661,15000.0,9991.5
2003-07-17 00:00:00,0.6661,0.6661,0.6661,0.6661,1000.0,666.1
2003-07-30 00:00:00,0.6828,0.6828,0.6828,0.6828,50000.0,34140.0
2003-08-05 00:00:00,0.6828,0.6828,0.6828,0.6828,12000.0,8193.6
2003-08-11 00:00:00,0.6828,0.7077,0.6828,0.7077,5000.0,3538.5
2003-08-19 00:00:00,0.7077,0.7077,0.7077,0.7077,80000.0,56616.0
2003-08-21 00:00:00,0.7077,0.7077,0.7077,0.7077,8000.0,5661.6
2003-08-26 00:00:00,0.6828,0.6828,0.6828,0.6828,1000.0,682.8
2003-08-27 00:00:00,0.7077,0.7077,0.7077,0.7077,46400.0,32837.28
2003-08-28 00:00:00,0.7077,0.7077,0.7077,0.7077,210800.0,149183.16
2003-09-01 00:00:00,0.7077,0.7077,0.7077,0.7077,72.0,50.9544
2003-09-03 00:00:00,0.7077,0.7077,0.7077,0.7077,345628.0,244600.9356
2003-09-04 00:00:00,0.7077,0.7077,0.7077,0.7077,126872.0,89787.3144
2003-09-09 00:00:00,0.7494,0.7494,0.7494,0.7494,5000.0,3747.0
2003-09-12 00:00:00,0.7993,0.7993,0.7993,0.7993,165000.0,131884.5
2003-09-15 00:00:00,0.8326,0.8326,0.8326,0.8326,28000.0,23312.8
2003-09-16 00:00:00,0.8326,0.8326,0.8326,0.8326,5000.0,4163.0
2003-09-19 00:00:00,0.8243,0.8243,0.8243,0.8243,988.0,814.4084
2003-09-22 00:00:00,0.8243,0.8326,0.8243,0.8326,5099.0,4245.4274000000005
2003-09-23 00:00:00,0.8326,0.8326,0.8326,0.8326,12413.0,10335.0638
2003-09-30 00:00:00,0.8326,0.8326,0.8326,0.8326,60000.0,49956.0
2003-10-01 00:00:00,0.816,0.816,0.816,0.816,3272.0,2669.9519999999998
2003-10-06 00:00:00,0.9159,0.9159,0.9159,0.9159,2500.0,2289.75
2003-10-07 00:00:00,0.8909,0.8909,0.8909,0.8909,4272.0,3805.9248000000002
2003-10-09 00:00:00,0.9159,0.9159,0.9159,0.9159,17500.0,16028.25
2003-10-16 00:00:00,0.8992,0.8992,0.8992,0.8992,1772.0,1593.3824
2003-10-22 00:00:00,0.8992,0.8992,0.8992,0.8992,6000.0,5395.2
2003-10-28 00:00:00,0.9326,0.9326,0.9326,0.9326,10000.0,9326.0
2003-10-29 00:00:00,0.9575,0.9575,0.9575,0.9575,12000.0,11490.0
2003-11-04 00:00:00,0.9575,0.9659,0.9575,0.9659,30400.0,29363.36
2003-11-05 00:00:00,0.9659,0.9659,0.9659,0.9659,30000.0,28977.0
2003-11-06 00:00:00,0.9659,0.9659,0.9659,0.9659,14000.0,13522.6
2003-11-11 00:00:00,0.9242,0.9242,0.9159,0.9159,8000.0,7327.200000000001
2003-11-12 00:00:00,0.9159,0.9159,0.8992,0.8992,10000.0,8992.0
2003-11-14 00:00:00,0.8743,0.8743,0.8743,0.8743,363295.0,317628.8185
2003-11-17 00:00:00,0.8743,0.8743,0.8743,0.8743,4400.0,3846.92
2003-11-18 00:00:00,0.8743,0.8743,0.8743,0.8743,50000.0,43715.0
2003-11-20 00:00:00,0.8743,0.8743,0.8743,0.8743,25000.0,21857.5
2003-12-03 00:00:00,0.9159,0.9159,0.9159,0.9159,1090.0,998.331
2003-12-08 00:00:00,0.9159,0.9159,0.9159,0.9159,2500.0,2289.75
2003-12-18 00:00:00,0.9159,0.9159,0.9159,0.9159,5000.0,4579.5
2003-12-22 00:00:00,0.9575,0.9575,0.9575,0.9575,10000.0,9575.0
2003-12-29 00:00:00,0.9575,0.9575,0.9575,0.9575,2200.0,2106.5
2003-12-30 00:00:00,0.9575,0.9575,0.9575,0.9575,14000.0,13405.0
2004-01-06 00:00:00,0.9575,0.9575,0.9575,0.9575,7000.0,6702.5
2004-01-08 00:00:00,0.9825,0.9825,0.9825,0.9825,6800.0,6681.0
2004-01-09 00:00:00,1.0741,1.0741,0.9326,0.9326,6940.0,6472.244
2004-01-14 00:00:00,0.9326,0.9326,0.9326,0.9326,8.0,7.4608
2004-01-16 00:00:00,0.9575,0.9575,0.9242,0.9242,29352.0,27127.1184
2004-01-23 00:00:00,0.9326,0.9326,0.8326,0.8326,36400.0,30306.64
2004-01-28 00:00:00,0.8743,0.8743,0.8326,0.8326,34248.0,28514.8848
2004-02-04 00:00:00,0.8576,0.8576,0.8576,0.8576,5000.0,4288.0
2004-02-05 00:00:00,0.8576,0.8576,0.8576,0.8576,10000.0,8576.0
2004-02-09 00:00:00,0.8576,0.8576,0.8576,0.8576,5000.0,4288.0
2004-02-11 00:00:00,0.8576,0.8576,0.8576,0.8576,18500.0,15865.6
2004-02-13 00:00:00,0.8576,0.8576,0.8576,0.8576,10000.0,8576.0
2004-02-18 00:00:00,0.8826,0.8826,0.8826,0.8826,6500.0,5736.900000000001
2004-02-19 00:00:00,0.9159,0.9159,0.9159,0.9159,3500.0,3205.65
2004-02-24 00:00:00,0.9159,0.9159,0.9159,0.9159,55000.0,50374.5
2004-02-25 00:00:00,0.9159,0.9159,0.9159,0.9159,5000.0,4579.5
2004-02-26 00:00:00,0.9159,0.9159,0.9159,0.9159,2045.0,1873.0155000000002
2004-03-02 00:00:00,1.0325,1.0325,1.0325,1.0325,2001.0,2066.0325
2004-03-03 00:00:00,1.0325,1.0325,1.0325,1.0325,6000.0,6195.0
2004-03-08 00:00:00,1.0325,1.0325,1.0325,1.0325,4000.0,4130.0
2004-03-09 00:00:00,0.9492,0.9492,0.9492,0.9492,4871824.0,4624335.3408
2004-03-10 00:00:00,0.9159,0.9159,0.9159,0.9159,1.0,0.9159
2004-03-11 00:00:00,1.0325,1.0325,1.0325,1.0325,5000.0,5162.5
2004-03-12 00:00:00,1.0325,1.0325,1.0325,1.0325,3000.0,3097.5
2004-03-15 00:00:00,1.0325,1.0325,1.0325,1.0325,1090.0,1125.425
2004-03-16 00:00:00,1.0325,1.0325,1.0325,1.0325,2500.0,2581.25
2004-03-17 00:00:00,1.0325,1.0325,0.9992,0.9992,158261.0,158134.39119999998
2004-03-18 00:00:00,1.0408,1.0408,1.0408,1.0408,6000.0,6244.799999999999
2004-03-19 00:00:00,1.0408,1.0408,1.0408,1.0408,2000.0,2081.6
2004-03-23 00:00:00,0.9326,1.0491,0.9326,1.0491,7634.0,8008.8294
2004-03-25 00:00:00,1.0075,1.0824,0.9992,1.0824,25000.0,27060.0
2004-03-26 00:00:00,1.0491,1.1157,0.9908,1.0408,81800.0,85137.44
2004-03-29 00:00:00,0.9825,1.0491,0.9742,1.0491,13800.0,14477.579999999998
2004-03-31 00:00:00,0.9575,0.9659,0.9575,0.9659,9000.0,8693.1
2004-04-01 00:00:00,0.9659,0.9659,0.9659,0.9659,12000.0,11590.8
2004-04-02 00:00:00,0.9825,0.9825,0.9575,0.9575,12800.0,12256.0
2004-04-06 00:00:00,0.9742,0.9992,0.9659,0.9992,3954.0,3950.8368
2004-04-07 00:00:00,0.9575,0.9575,0.9575,0.9575,4846.0,4640.045
2004-04-08 00:00:00,0.9575,0.9575,0.9492,0.9492,5000.0,4746.0
2004-04-13 00:00:00,0.9492,0.9492,0.9492,0.9492,6560.0,6226.752
2004-04-22 00:00:00,0.9409,0.9409,0.9409,0.9409,10000.0,9409.0
2004-04-28 00:00:00,0.9409,0.9409,0.9326,0.9326,12000.0,11191.199999999999
2004-05-19 00:00:00,0.9575,0.9575,0.9575,0.9575,14390.0,13778.425000000001
2004-05-24 00:00:00,0.9242,0.9242,0.9242,0.9242,5000.0,4621.0
2004-05-31 00:00:00,0.9242,1.0741,0.8992,0.8992,104224.0,93718.2208
2004-06-02 00:00:00,0.9492,0.9492,0.9159,0.9159,20000.0,18318.0
2004-06-07 00:00:00,0.9159,0.9159,0.8743,0.8743,15940.0,13936.341999999999
2004-06-08 00:00:00,0.8576,0.8576,0.841,0.841,34624.0,29118.784
2004-06-09 00:00:00,0.841,0.841,0.8326,0.8326,95000.0,79097.0
2004-06-10 00:00:00,0.8326,0.8326,0.8077,0.8077,5000.0,4038.5
2004-06-11 00:00:00,0.8326,0.8326,0.8326,0.8326,10700.0,8908.82
2004-06-16 00:00:00,0.8326,0.8326,0.8326,0.8326,71000.0,59114.6
2004-06-18 00:00:00,0.8326,0.8326,0.8326,0.8326,9000.0,7493.4
2004-06-21 00:00:00,0.8743,0.8743,0.8743,0.8743,3010.0,2631.643
2004-06-23 00:00:00,0.8493,0.8493,0.8493,0.8493,2000.0,1698.6000000000001
2004-06-25 00:00:00,0.8743,0.8743,0.8743,0.8743,1500.0,1311.45
2004-07-02 00:00:00,0.8659,0.8659,0.8659,0.8659,9000.0,7793.1
2004-07-05 00:00:00,0.8576,0.8576,0.8576,0.8576,974.0,835.3024
2004-07-06 00:00:00,0.8576,0.8576,0.8576,0.8576,1000.0,857.6
2004-07-07 00:00:00,0.841,0.841,0.841,0.841,10543.0,8866.663
2004-07-08 00:00:00,0.8659,0.8743,0.8659,0.8743,36526.0,31934.6818
2004-07-09 00:00:00,0.841,0.841,0.841,0.841,1690.0,1421.29
2004-07-13 00:00:00,0.841,0.8493,0.841,0.8493,13100.0,11125.83
2004-07-14 00:00:00,0.8493,0.8493,0.8493,0.8493,21250.0,18047.625
2004-07-15 00:00:00,0.8826,0.9326,0.8826,0.9326,21300.0,19864.38
2004-07-20 00:00:00,0.8576,0.8576,0.8576,0.8576,24091.0,20660.441600000002
2004-07-22 00:00:00,0.8826,0.8826,0.8826,0.8826,2900.0,2559.54
2004-07-23 00:00:00,0.8743,0.8743,0.8743,0.8743,300.0,262.28999999999996
2004-07-28 00:00:00,0.8576,0.8576,0.8576,0.8576,20609.0,17674.2784
2004-07-29 00:00:00,0.8576,0.8576,0.8493,0.8493,10300.0,8747.79
2004-07-30 00:00:00,0.8743,0.8743,0.8743,0.8743,4700.0,4109.21
2004-08-02 00:00:00,0.8743,0.8992,0.8743,0.8992,19000.0,17084.8
2004-08-03 00:00:00,0.8826,0.8826,0.8826,0.8826,3000.0,2647.8
2004-08-04 00:00:00,0.8743,0.8743,0.8743,0.8743,11500.0,10054.449999999999
2004-08-05 00:00:00,0.8992,0.8992,0.8992,0.8992,300.0,269.76
2004-08-10 00:00:00,0.9326,0.9409,0.9326,0.9409,13356.0,12566.660399999999
2004-08-20 00:00:00,0.8826,0.8826,0.8576,0.8576,13634.0,11692.5184
2004-08-25 00:00:00,0.9575,0.9575,0.9575,0.9575,3627.0,3472.8525
2004-08-27 00:00:00,0.9159,0.9159,0.9159,0.9159,300.0,274.77000000000004
2004-08-31 00:00:00,0.9575,0.9575,0.9575,0.9575,5000.0,4787.5
2004-09-07 00:00:00,0.9492,0.9492,0.9492,0.9492,3543272.0,3363273.7824000004
2004-09-09 00:00:00,0.9326,0.9326,0.9326,0.9326,2000.0,1865.2
2004-09-16 00:00:00,0.9492,0.9492,0.9492,0.9492,5000.0,4746.0
2004-09-21 00:00:00,0.9492,0.9492,0.9492,0.9492,3479.0,3302.2668000000003
2004-09-22 00:00:00,0.9575,0.9575,0.9575,0.9575,5000.0,4787.5
2004-09-23 00:00:00,0.9575,0.9575,0.9575,0.9575,4700.0,4500.25
2004-09-27 00:00:00,0.9575,0.9575,0.9575,0.9575,1500.0,1436.25
2004-09-29 00:00:00,0.9575,0.9575,0.9575,0.9575,5306.0,5080.495
2004-10-01 00:00:00,0.9575,0.9659,0.9575,0.9659,13494.0,13033.8546
2004-10-05 00:00:00,0.9575,0.9575,0.9575,0.9575,1500.0,1436.25
2004-10-06 00:00:00,0.9992,0.9992,0.9992,0.9992,16994.0,16980.4048
2004-10-08 00:00:00,0.9992,0.9992,0.9992,0.9992,2000.0,1998.3999999999999
2004-10-12 00:00:00,1.0325,1.0408,1.0325,1.0408,11200.0,11656.96
2004-10-13 00:00:00,1.0408,1.0408,0.9575,0.9575,11000.0,10532.5
2004-10-14 00:00:00,0.9992,0.9992,0.9992,0.9992,10000.0,9992.0
2004-10-15 00:00:00,1.0408,1.0408,1.0408,1.0408,4150.0,4319.32
2004-10-19 00:00:00,0.9992,0.9992,0.9992,0.9992,1850.0,1848.52
2004-11-16 00:00:00,1.0241,1.0241,1.0241,1.0241,4000.0,4096.4
2004-11-24 00:00:00,1.0325,1.0408,1.0241,1.0408,168018.0,174873.13439999998
2004-11-25 00:00:00,1.0658,1.0824,1.0658,1.0824,9200.0,9958.08
2004-11-26 00:00:00,1.0824,1.0824,1.0824,1.0824,1000.0,1082.4
2004-11-30 00:00:00,1.0824,1.1574,1.0824,1.1574,13300.0,15393.42
2004-12-03 00:00:00,1.1657,1.1657,1.1657,1.1657,5000.0,5828.5
2004-12-06 00:00:00,1.1657,1.1657,1.1657,1.1657,3000.0,3497.1
2004-12-13 00:00:00,1.149,1.149,1.149,1.149,283025.0,325195.72500000003
2004-12-14 00:00:00,1.0991,1.0991,1.0824,1.0824,9000.0,9741.6
2004-12-15 00:00:00,1.1241,1.1241,1.1241,1.1241,4000.0,4496.400000000001
2004-12-16 00:00:00,1.1241,1.1241,1.1241,1.1241,500.0,562.0500000000001
2004-12-22 00:00:00,1.1241,1.1241,1.1074,1.1074,16000.0,17718.399999999998
2004-12-24 00:00:00,1.1324,1.1324,1.1324,1.1324,3654.0,4137.7896
2004-12-29 00:00:00,1.1324,1.1324,1.1324,1.1324,6301.0,7135.2524
2004-12-30 00:00:00,1.149,1.149,1.149,1.149,62.0,71.238
2005-01-04 00:00:00,1.1823,1.1823,1.1823,1.1823,8010.0,9470.223
2005-01-07 00:00:00,1.2073,1.2073,1.2073,1.2073,8005.0,9664.4365
2005-01-10 00:00:00,1.2323,1.2323,1.2323,1.2323,5000.0,6161.5
2005-01-11 00:00:00,1.2823,1.2906,1.2823,1.2906,12900.0,16648.739999999998
2005-01-13 00:00:00,1.2906,1.2906,1.2906,1.2906,2500.0,3226.5
2005-01-14 00:00:00,1.3405,1.3405,1.3405,1.3405,4000.0,5362.0
2005-01-17 00:00:00,1.3489,1.3738,1.3489,1.3738,6056.0,8319.7328
2005-01-18 00:00:00,1.4155,1.4238,1.4072,1.4155,11500.0,16278.25
2005-01-19 00:00:00,1.4321,1.4321,1.4155,1.4155,17000.0,24063.5
2005-01-24 00:00:00,1.4654,1.4987,1.4654,1.4987,7000.0,10490.9
2005-01-25 00:00:00,1.4987,1.4987,1.4987,1.4987,1000.0,1498.6999999999998
2005-01-28 00:00:00,1.4987,1.4987,1.4987,1.4987,4000.0,5994.799999999999
2005-01-31 00:00:00,1.557,1.6236,1.557,1.6236,19500.0,31660.199999999997
2005-02-01 00:00:00,1.582,1.6236,1.582,1.6236,15327.0,24884.9172
2005-02-02 00:00:00,1.582,1.582,1.582,1.582,6000.0,9492.0
2005-02-03 00:00:00,1.582,1.6236,1.582,1.6236,12300.0,19970.28
2005-02-04 00:00:00,1.6236,1.6236,1.5903,1.6236,24000.0,38966.4
2005-02-07 00:00:00,1.6236,1.6486,1.6236,1.6486,50891.0,83898.9026
2005-02-08 00:00:00,1.6486,1.6486,1.632,1.6486,34451.0,56795.918600000005
2005-02-09 00:00:00,1.6486,1.6653,1.6236,1.6653,45320.0,75471.396
2005-02-10 00:00:00,1.6653,1.6653,1.6653,1.6653,2000.0,3330.6
2005-02-14 00:00:00,1.7402,1.7652,1.7402,1.7485,18000.0,31473.0
2005-02-15 00:00:00,1.8984,1.8984,1.8318,1.8318,6100.0,11173.980000000001
2005-02-16 00:00:00,1.7902,1.7902,1.6653,1.6819,14800.0,24892.12
2005-02-17 00:00:00,1.6653,1.6653,1.6236,1.6236,67800.0,110080.08
2005-02-21 00:00:00,1.6236,1.6236,1.6236,1.6236,200.0,324.71999999999997
2005-02-23 00:00:00,1.582,1.582,1.582,1.582,20000.0,31640.0
2005-02-24 00:00:00,1.5487,1.5487,1.5487,1.5487,2600.0,4026.62
2005-02-25 00:00:00,1.5737,1.5737,1.5737,1.5737,1765.0,2777.5805
2005-02-28 00:00:00,1.6236,1.6736,1.6236,1.6653,354900.0,591014.97
2005-03-01 00:00:00,1.6653,1.6653,1.582,1.6236,23200.0,37667.52
2005-03-02 00:00:00,1.5737,1.582,1.5404,1.582,70650.0,111768.3
2005-03-03 00:00:00,1.582,1.6653,1.5404,1.6236,1175395.0,1908371.322
2005-03-04 00:00:00,1.607,1.607,1.582,1.582,34190.0,54088.58
2005-03-08 00:00:00,1.582,1.607,1.582,1.607,9110.0,14639.77
2005-03-09 00:00:00,1.607,1.607,1.607,1.607,11000.0,17677.0
2005-03-10 00:00:00,1.607,1.607,1.607,1.607,22600.0,36318.2
2005-03-11 00:00:00,1.582,1.582,1.582,1.582,7700.0,12181.400000000001
2005-03-14 00:00:00,1.5487,1.5487,1.5487,1.5487,2526.0,3912.0162
2005-03-16 00:00:00,1.5737,1.582,1.5737,1.582,7000.0,11074.0
2005-03-17 00:00:00,1.582,1.582,1.5404,1.5404,15300.0,23568.12
2005-03-18 00:00:00,1.5404,1.5404,1.5404,1.5404,5000.0,7702.0
2005-03-21 00:00:00,1.5404,1.5404,1.5404,1.5404,11479.0,17682.2516
2005-03-22 00:00:00,1.582,1.6236,1.582,1.6236,10695.0,17364.402
2005-03-23 00:00:00,1.582,1.582,1.582,1.582,18490.0,29251.18
2005-03-29 00:00:00,1.582,1.582,1.5404,1.5404,1198310.0,1845876.724
2005-03-30 00:00:00,1.4987,1.4987,1.4987,1.4987,4900.0,7343.629999999999
2005-04-05 00:00:00,1.4987,1.4987,1.4987,1.4987,1155.0,1730.9985
2005-04-06 00:00:00,1.4987,1.4987,1.4987,1.4987,39000.0,58449.299999999996
2005-04-07 00:00:00,1.4405,1.4405,1.4321,1.4321,10000.0,14321.0
2005-04-08 00:00:00,1.4571,1.4571,1.4571,1.4571,5400.0,7868.34
2005-04-11 00:00:00,1.4571,1.4571,1.4405,1.4405,13800.0,19878.899999999998
2005-04-13 00:00:00,1.4405,1.4405,1.4155,1.4155,60000.0,84930.0
2005-04-14 00:00:00,1.4155,1.4155,1.4155,1.4155,15555.0,22018.1025
2005-04-18 00:00:00,1.4155,1.4155,1.4155,1.4155,195.0,276.0225
2005-04-20 00:00:00,1.2906,1.2906,1.2906,1.2906,195.0,251.667
2005-04-21 00:00:00,1.2906,1.2906,1.2906,1.2906,500.0,645.3
2005-04-27 00:00:00,1.2989,1.2989,1.2906,1.2906,13405.0,17300.493
2005-04-29 00:00:00,1.2906,1.2906,1.2073,1.2906,8489.0,10955.9034
2005-05-02 00:00:00,1.2989,1.2989,1.2989,1.2989,10774.0,13994.3486
2005-05-04 00:00:00,1.2989,1.2989,1.2906,1.2906,12500.0,16132.5
2005-05-06 00:00:00,1.249,1.249,1.2073,1.2073,41810.0,50477.213
2005-05-09 00:00:00,1.2073,1.2073,1.2073,1.2073,5000.0,6036.5
2005-05-13 00:00:00,1.2073,1.2073,1.1657,1.1657,19500.0,22731.149999999998
2005-05-17 00:00:00,1.1657,1.1657,1.1657,1.1657,5000.0,5828.5
2005-05-18 00:00:00,1.1657,1.1657,1.1657,1.1657,3550.0,4138.235
2005-05-19 00:00:00,1.1657,1.1657,1.1657,1.1657,100278.0,116894.0646
2005-05-20 00:00:00,1.1657,1.1657,1.1657,1.1657,17000.0,19816.899999999998
2005-05-23 00:00:00,1.1657,1.1657,1.1657,1.1657,19760.0,23034.232
2005-05-24 00:00:00,1.149,1.149,1.1241,1.1241,16030.0,18019.323
2005-05-25 00:00:00,1.1241,1.1241,1.0824,1.1241,68250.0,76719.82500000001
2005-05-26 00:00:00,1.0824,1.0824,1.0408,1.0408,30790.0,32046.232
2005-05-27 00:00:00,1.0408,1.0408,0.9575,0.9992,72815.0,72756.74799999999
2005-05-30 00:00:00,0.9575,0.9575,0.9575,0.9575,37785.0,36179.1375
2005-05-31 00:00:00,0.9575,0.9575,0.9575,0.9575,2642156.0,2529864.37
2005-06-01 00:00:00,1.0574,1.0574,1.0574,1.0574,4300.0,4546.82
2005-06-02 00:00:00,1.149,1.149,1.149,1.149,5000.0,5745.0
2005-06-03 00:00:00,1.1657,1.2073,1.1657,1.1657,22000.0,25645.399999999998
2005-06-06 00:00:00,1.1657,1.1823,1.1657,1.1823,42700.0,50484.21
2005-06-07 00:00:00,1.1907,1.1907,1.1907,1.1907,1000.0,1190.7
2005-06-08 00:00:00,1.2323,1.249,1.2198,1.249,35000.0,43715.00000000001
2005-06-09 00:00:00,1.3156,1.3156,1.2906,1.2906,14500.0,18713.7
2005-06-14 00:00:00,1.3072,1.3156,1.3072,1.3156,11000.0,14471.6
2005-06-15 00:00:00,1.3072,1.3072,1.249,1.249,16820.0,21008.18
2005-06-16 00:00:00,1.249,1.249,1.249,1.249,20000.0,24980.000000000004
2005-06-17 00:00:00,1.2906,1.2906,1.2906,1.2906,1500.0,1935.8999999999999
2005-06-20 00:00:00,1.3322,1.3322,1.2906,1.2906,25500.0,32910.299999999996
2005-06-22 00:00:00,1.1907,1.1907,1.1907,1.1907,2000.0,2381.4
2005-06-23 00:00:00,1.2073,1.2073,1.2073,1.2073,1000.0,1207.3
2005-06-24 00:00:00,1.249,1.249,1.2073,1.2073,6100.0,7364.530000000001
2005-06-28 00:00:00,1.2073,1.2073,1.2073,1.2073,22000.0,26560.600000000002
2005-06-29 00:00:00,1.2323,1.2323,1.2323,1.2323,13000.0,16019.9
2005-06-30 00:00:00,1.249,1.249,1.249,1.249,1158.0,1446.342
2005-07-01 00:00:00,1.249,1.249,1.249,1.249,2000.0,2498.0
2005-07-05 00:00:00,1.2573,1.2573,1.249,1.249,13000.0,16237.000000000002
2005-07-06 00:00:00,1.3239,1.3239,1.3239,1.3239,3500.0,4633.650000000001
2005-07-13 00:00:00,1.249,1.249,1.249,1.249,5342.0,6672.158
2005-07-14 00:00:00,1.2406,1.249,1.2406,1.249,5200.0,6494.8
2005-07-15 00:00:00,1.199,1.199,1.199,1.199,2258.0,2707.342
2005-07-22 00:00:00,1.2073,1.2073,1.199,1.199,6000.0,7194.0
2005-07-27 00:00:00,1.2073,1.2073,1.2073,1.2073,5000.0,6036.5
2005-07-28 00:00:00,1.199,1.199,1.1907,1.199,24459.0,29326.341
2005-08-01 00:00:00,1.199,1.199,1.199,1.199,4840.0,5803.160000000001
2005-08-05 00:00:00,1.1907,1.1907,1.1657,1.1657,6500.0,7577.05
2005-08-08 00:00:00,1.224,1.224,1.2073,1.2073,16500.0,19920.45
2005-08-09 00:00:00,1.2073,1.2073,1.2073,1.2073,8000.0,9658.4
2005-08-10 00:00:00,1.2032,1.2073,1.2032,1.2073,14000.0,16902.2
2005-08-12 00:00:00,1.1699,1.1699,1.1699,1.1699,5601.0,6552.6098999999995
2005-08-15 00:00:00,1.2032,1.2032,1.1907,1.199,21400.0,25658.600000000002
2005-08-16 00:00:00,1.1699,1.1699,1.1699,1.1699,12900.0,15091.71
2005-08-18 00:00:00,1.2073,1.2073,1.2073,1.2073,1380.0,1666.074
2005-08-23 00:00:00,1.1657,1.1657,1.1657,1.1657,2000.0,2331.4
2005-08-24 00:00:00,1.2073,1.2073,1.1657,1.2073,14525.0,17536.0325
2005-08-25 00:00:00,1.2073,1.2073,1.2073,1.2073,2000.0,2414.6
2005-08-26 00:00:00,1.2073,1.2073,1.1657,1.1657,33080.0,38561.356
2005-08-29 00:00:00,1.2073,1.2073,1.2073,1.2073,9500.0,11469.35
2005-08-30 00:00:00,1.1823,1.1823,1.1823,1.1823,2500.0,2955.7499999999995
2005-09-02 00:00:00,1.2073,1.2073,1.2073,1.2073,51995.0,62773.563500000004
2005-09-05 00:00:00,1.249,1.249,1.249,1.249,1500.0,1873.5000000000002
2005-09-06 00:00:00,1.249,1.249,1.249,1.249,900.0,1124.1000000000001
2005-09-07 00:00:00,1.2156,1.2156,1.199,1.2073,37570.0,45358.261
2005-09-08 00:00:00,1.199,1.199,1.199,1.199,1880.0,2254.1200000000003
2005-09-09 00:00:00,1.199,1.199,1.1823,1.1823,14000.0,16552.199999999997
2005-09-13 00:00:00,1.1823,1.1823,1.1823,1.1823,4720.0,5580.455999999999
2005-09-16 00:00:00,1.199,1.2073,1.199,1.199,13400.0,16066.6
2005-09-20 00:00:00,1.174,1.174,1.174,1.174,9500.0,11153.0
2005-09-23 00:00:00,1.1907,1.1907,1.1907,1.1907,2000.0,2381.4
2005-09-26 00:00:00,1.199,1.199,1.199,1.199,10000.0,11990.0
2005-09-27 00:00:00,1.1823,1.1823,1.1699,1.1699,37000.0,43286.299999999996
2005-09-28 00:00:00,1.1657,1.1657,1.1657,1.1657,7105.0,8282.298499999999
2005-09-30 00:00:00,1.1657,1.1657,1.1657,1.1657,3275.0,3817.6675
2005-10-03 00:00:00,1.1657,1.1657,1.1657,1.1657,2725.0,3176.5325
2005-10-04 00:00:00,1.1324,1.1324,1.1241,1.1241,17500.0,19671.75
2005-10-05 00:00:00,1.1241,1.1324,1.1032,1.1032,48500.0,53505.2
2005-10-06 00:00:00,1.1241,1.1241,1.0824,1.0824,45666.0,49428.8784
2005-10-10 00:00:00,1.1241,1.1241,1.1241,1.1241,15000.0,16861.5
2005-10-12 00:00:00,1.1241,1.1241,1.1241,1.1241,500.0,562.0500000000001
2005-10-13 00:00:00,1.0991,1.0991,1.0908,1.0908,7000.0,7635.6
2005-10-17 00:00:00,1.1657,1.1657,1.149,1.149,11942.0,13721.358
2005-10-18 00:00:00,1.149,1.149,1.149,1.149,258.0,296.442
2005-10-20 00:00:00,1.149,1.149,1.149,1.149,4000.0,4596.0
2005-10-24 00:00:00,1.1241,1.1241,1.1241,1.1241,5000.0,5620.500000000001
2005-10-25 00:00:00,1.1241,1.1241,1.1241,1.1241,11000.0,12365.1
2005-10-26 00:00:00,1.1241,1.1241,1.1241,1.1241,13500.0,15175.350000000002
2005-10-27 00:00:00,1.1157,1.1407,1.0991,1.1241,65561.0,73697.1201
2005-10-28 00:00:00,1.1241,1.1241,1.1241,1.1241,2300.0,2585.4300000000003
2005-10-31 00:00:00,1.1241,1.1657,1.1074,1.1074,5000.0,5537.0
2005-11-01 00:00:00,1.1032,1.1032,1.1032,1.1032,25000.0,27580.0
2005-11-03 00:00:00,1.1032,1.1032,1.0991,1.0991,9868.0,10845.9188
2005-11-04 00:00:00,1.0908,1.0908,1.0824,1.0824,513132.0,555414.0768
2005-11-07 00:00:00,1.0908,1.0908,1.0824,1.0824,11000.0,11906.4
2005-11-10 00:00:00,1.0824,1.0824,1.0824,1.0824,20000.0,21648.0
2005-11-11 00:00:00,1.0991,1.0991,1.0991,1.0991,17500.0,19234.25
2005-11-14 00:00:00,1.0658,1.0658,1.0658,1.0658,10000.0,10658.0
2005-11-15 00:00:00,1.1032,1.1074,1.0741,1.1074,39249.0,43464.342599999996
2005-11-16 00:00:00,1.1074,1.1157,1.0991,1.0991,45900.0,50448.689999999995
2005-11-17 00:00:00,1.1074,1.1074,1.1074,1.1074,2000.0,2214.7999999999997
2005-11-18 00:00:00,1.1074,1.1074,1.0908,1.0908,24000.0,26179.2
2005-11-21 00:00:00,1.0824,1.0824,1.0824,1.0824,5000.0,5412.0
2005-11-22 00:00:00,1.1282,1.1282,1.0991,1.0991,68750.0,75563.125
2005-11-23 00:00:00,1.1157,1.1241,1.1074,1.1074,67250.0,74472.65
2005-11-24 00:00:00,1.1241,1.1241,1.0991,1.0991,7250.0,7968.474999999999
2005-11-25 00:00:00,1.0991,1.1449,1.0991,1.1449,2200.0,2518.78
2005-11-28 00:00:00,1.1241,1.1241,1.1074,1.1074,32750.0,36267.35
2005-11-30 00:00:00,1.1074,1.1074,1.0866,1.0866,177000.0,192328.2
2005-12-01 00:00:00,1.0866,1.0866,1.0408,1.0408,5658866.0,5889747.732799999
2005-12-05 00:00:00,1.1074,1.1074,1.1074,1.1074,32800.0,36322.72
2005-12-06 00:00:00,1.1241,1.1241,1.1241,1.1241,25000.0,28102.500000000004
2005-12-07 00:00:00,1.1574,1.1657,1.1574,1.1657,21342.0,24878.3694
2005-12-08 00:00:00,1.1407,1.1407,1.1324,1.1324,64500.0,73039.8
2005-12-09 00:00:00,1.1324,1.1324,1.1324,1.1324,39163.0,44348.181200000006
2005-12-12 00:00:00,1.1241,1.1241,1.1241,1.1241,320.0,359.71200000000005
2005-12-13 00:00:00,1.1407,1.1407,1.1241,1.1241,23000.0,25854.300000000003
2005-12-15 00:00:00,1.149,1.149,1.1365,1.1365,10000.0,11365.0
2005-12-16 00:00:00,1.1407,1.1407,1.1282,1.1282,17250.0,19461.45
2005-12-19 00:00:00,1.1241,1.1241,1.1199,1.1199,35300.0,39532.469999999994
2005-12-21 00:00:00,1.1574,1.1657,1.1574,1.1657,10000.0,11657.0
2005-12-22 00:00:00,1.1657,1.1657,1.1657,1.1657,1440.0,1678.608
2005-12-23 00:00:00,1.1657,1.1657,1.1657,1.1657,7500.0,8742.75
2005-12-30 00:00:00,1.1241,1.1241,1.1241,1.1241,3500.0,3934.3500000000004
2006-01-03 00:00:00,1.1657,1.1657,1.1657,1.1657,6053.0,7055.9821
2006-01-04 00:00:00,1.1657,1.1657,1.1657,1.1657,25297.0,29488.7129
2006-01-05 00:00:00,1.1657,1.1823,1.1657,1.1823,7023.0,8303.292899999999
2006-01-06 00:00:00,1.1823,1.1823,1.1823,1.1823,21000.0,24828.3
2006-01-09 00:00:00,1.1823,1.1907,1.1823,1.1823,8880.0,10498.823999999999
2006-01-10 00:00:00,1.1823,1.2156,1.1823,1.1823,35500.0,41971.649999999994
2006-01-11 00:00:00,1.2156,1.2156,1.2156,1.2156,7685.0,9341.886
2006-01-12 00:00:00,1.2073,1.2073,1.1823,1.1823,17000.0,20099.1
2006-01-13 00:00:00,1.1907,1.1907,1.1823,1.1823,11670.0,13797.440999999999
2006-01-16 00:00:00,1.1823,1.1823,1.1823,1.1823,20480.0,24213.503999999997
2006-01-17 00:00:00,1.1907,1.2156,1.1907,1.2073,25958.0,31339.0934
2006-01-18 00:00:00,1.2073,1.2156,1.199,1.199,30083.0,36069.517
2006-01-19 00:00:00,1.2156,1.2156,1.2156,1.2156,9021.0,10965.9276
2006-01-20 00:00:00,1.2198,1.2323,1.2198,1.2323,7341.0,9046.3143
2006-01-23 00:00:00,1.249,1.2906,1.249,1.2906,22000.0,28393.2
2006-01-24 00:00:00,1.3156,1.3738,1.2989,1.3738,14909.0,20481.9842
2006-01-25 00:00:00,1.3738,1.3738,1.3239,1.3239,7092.0,9389.0988
2006-01-27 00:00:00,1.3239,1.3239,1.3239,1.3239,7917.0,10481.3163
2006-01-30 00:00:00,1.3072,1.3072,1.3072,1.3072,3200.0,4183.04
2006-01-31 00:00:00,1.2906,1.2906,1.2906,1.2906,13109.0,16918.4754
2006-02-01 00:00:00,1.2906,1.2906,1.249,1.249,8691.0,10855.059000000001
2006-02-02 00:00:00,1.249,1.249,1.2323,1.2323,19950.0,24584.385
2006-02-03 00:00:00,1.2156,1.2156,1.2156,1.2156,10000.0,12156.0
2006-02-06 00:00:00,1.2115,1.2115,1.2073,1.2073,21867.0,26400.0291
2006-02-07 00:00:00,1.2906,1.2906,1.2906,1.2906,5109.0,6593.6754
2006-02-08 00:00:00,1.2906,1.2906,1.249,1.249,7791.0,9730.959
2006-02-10 00:00:00,1.249,1.249,1.249,1.249,26479.0,33072.271
2006-02-13 00:00:00,1.249,1.249,1.249,1.249,19500.0,24355.500000000004
2006-02-14 00:00:00,1.2739,1.2739,1.2323,1.2323,7850.0,9673.555
2006-02-15 00:00:00,1.249,1.249,1.249,1.249,4000.0,4996.0
2006-02-17 00:00:00,1.2406,1.2406,1.2323,1.2323,16000.0,19716.8
2006-02-20 00:00:00,1.2323,1.2323,1.2323,1.2323,2000.0,2464.6
2006-02-21 00:00:00,1.2823,1.2823,1.2823,1.2823,1480.0,1897.804
2006-02-22 00:00:00,1.2906,1.2906,1.2906,1.2906,2453.0,3165.8418
2006-02-23 00:00:00,1.2906,1.2906,1.249,1.249,455.0,568.2950000000001
2006-02-24 00:00:00,1.249,1.249,1.224,1.224,117392.0,143687.808
2006-02-27 00:00:00,1.2448,1.2448,1.2073,1.2073,20000.0,24146.0
2006-03-01 00:00:00,1.2073,1.2323,1.2073,1.2323,13000.0,16019.9
2006-03-03 00:00:00,1.224,1.2323,1.224,1.2323,21142.0,26053.2866
2006-03-07 00:00:00,1.199,1.199,1.199,1.199,10000.0,11990.0
2006-03-08 00:00:00,1.2073,1.2073,1.2073,1.2073,1530.0,1847.169
2006-03-09 00:00:00,1.2073,1.2073,1.1823,1.199,10390.0,12457.61
2006-03-10 00:00:00,1.199,1.199,1.199,1.199,5.0,5.995
2006-03-15 00:00:00,1.1657,1.2156,1.1657,1.2156,126863.0,154214.6628
2006-03-16 00:00:00,1.174,1.3322,1.1657,1.3322,53100.0,70739.82
2006-03-20 00:00:00,1.3239,1.3239,1.3072,1.3072,4100.0,5359.5199999999995
2006-03-22 00:00:00,1.2739,1.2739,1.2739,1.2739,1400.0,1783.46
2006-03-23 00:00:00,1.2739,1.2739,1.1823,1.249,25546.0,31906.954
2006-03-28 00:00:00,1.2656,1.2656,1.2656,1.2656,181.0,229.0736
2006-03-29 00:00:00,1.2656,1.2656,1.2656,1.2656,484.0,612.5504000000001
2006-03-30 00:00:00,1.2656,1.2656,1.2656,1.2656,12809.0,16211.0704
2006-03-31 00:00:00,1.2656,1.2656,1.2656,1.2656,372334.0,471225.9104
2006-04-04 00:00:00,1.224,1.224,1.2073,1.2073,20490.0,24737.577
2006-04-05 00:00:00,1.2073,1.2073,1.1948,1.1948,250837.0,299700.04760000005
2006-04-06 00:00:00,1.1907,1.2073,1.1324,1.1574,82643.0,95651.0082
2006-04-07 00:00:00,1.1407,1.1407,1.1074,1.1074,95000.0,105203.0
2006-04-10 00:00:00,1.0991,1.1074,1.0991,1.1074,66640.0,73797.136
2006-04-11 00:00:00,1.1157,1.1157,1.1157,1.1157,10000.0,11157.0
2006-04-12 00:00:00,1.1116,1.1116,1.1074,1.1074,118094.0,130777.2956
2006-04-13 00:00:00,1.1032,1.1074,1.1032,1.1074,172772.0,191327.71279999998
2006-04-18 00:00:00,1.1074,1.1074,1.1074,1.1074,7200.0,7973.28
2006-04-19 00:00:00,1.1116,1.1116,1.1116,1.1116,580.0,644.728
2006-04-20 00:00:00,1.1116,1.1116,1.1074,1.1074,6000.0,6644.4
2006-04-24 00:00:00,1.1157,1.1157,1.1157,1.1157,4127.0,4604.4938999999995
2006-04-27 00:00:00,1.1324,1.1324,1.1282,1.1282,16600.0,18728.120000000003
2006-04-28 00:00:00,1.1657,1.1657,1.1657,1.1657,2000.0,2331.4
2006-05-02 00:00:00,1.1574,1.1657,1.149,1.1657,13500.0,15736.949999999999
2006-05-03 00:00:00,1.1241,1.1657,1.1241,1.1657,21000.0,24479.7
2006-05-04 00:00:00,1.1657,1.1657,1.1657,1.1657,1000.0,1165.7
2006-05-05 00:00:00,1.174,1.174,1.174,1.174,10000.0,11740.0
2006-05-08 00:00:00,1.1657,1.1657,1.1241,1.1241,9400.0,10566.54
2006-05-10 00:00:00,1.1657,1.1657,1.1657,1.1657,98168.0,114434.43759999999
2006-05-11 00:00:00,1.2073,1.2073,1.1657,1.1657,148798.0,173453.8286
2006-05-12 00:00:00,1.1657,1.199,1.1657,1.199,1429.0,1713.371
2006-05-16 00:00:00,1.1657,1.1657,1.1657,1.1657,14500.0,16902.649999999998
2006-05-17 00:00:00,1.199,1.199,1.199,1.199,885.0,1061.115
2006-05-18 00:00:00,1.1657,1.1657,1.1657,1.1657,15000.0,17485.5
2006-05-19 00:00:00,1.199,1.199,1.199,1.199,25000.0,29975.0
2006-05-22 00:00:00,1.199,1.199,1.1823,1.1823,55372.0,65466.315599999994
2006-05-23 00:00:00,1.174,1.174,1.1657,1.1657,1040214.0,1212577.4598
2006-05-24 00:00:00,1.1657,1.1657,1.1657,1.1657,312000.0,363698.39999999997
2006-05-25 00:00:00,1.1657,1.1657,1.1657,1.1657,681700.0,794657.69
2006-05-26 00:00:00,1.1657,1.249,1.1657,1.249,810000.0,1011690.0000000001
2006-05-29 00:00:00,1.1657,1.1657,1.1657,1.1657,1347.0,1570.1979
2006-05-30 00:00:00,1.249,1.249,1.1657,1.1657,4347.0,5067.2979
2006-05-31 00:00:00,1.1574,1.1574,1.1574,1.1574,244078.0,282495.8772
2006-06-01 00:00:00,1.1574,1.1574,1.1574,1.1574,685.0,792.819
2006-06-05 00:00:00,1.1657,1.1657,1.1657,1.1657,320000.0,373024.0
2006-06-07 00:00:00,1.1574,1.1574,1.1574,1.1574,20000.0,23148.0
2006-06-09 00:00:00,1.1574,1.1574,1.1574,1.1574,18000.0,20833.2
2006-06-14 00:00:00,1.149,1.149,1.1241,1.1241,12000.0,13489.2
2006-06-19 00:00:00,1.1407,1.1407,1.1407,1.1407,48000.0,54753.600000000006
2006-06-20 00:00:00,1.1407,1.1657,1.1324,1.1657,127700.0,148859.88999999998
2006-06-21 00:00:00,1.1657,1.1657,1.1657,1.1657,6000.0,6994.2
2006-06-22 00:00:00,1.1657,1.1657,1.1657,1.1657,10000.0,11657.0
2006-06-23 00:00:00,1.1657,1.1657,1.1657,1.1657,4840.0,5641.987999999999
2006-06-28 00:00:00,1.174,1.174,1.1657,1.1657,3994.0,4655.8058
2006-06-29 00:00:00,1.174,1.1907,1.174,1.1907,2341.0,2787.4287000000004
2006-07-03 00:00:00,1.2365,1.2365,1.2365,1.2365,775.0,958.2874999999999
2006-07-04 00:00:00,1.1907,1.1907,1.1907,1.1907,5200.0,6191.64
2006-07-13 00:00:00,1.1657,1.1657,1.1657,1.1657,64445.0,75123.5365
2006-07-17 00:00:00,1.174,1.174,1.174,1.174,6000.0,7044.0
2006-07-18 00:00:00,1.174,1.174,1.174,1.174,2141.0,2513.5339999999997
2006-07-19 00:00:00,1.174,1.174,1.1657,1.1657,5000.0,5828.5
2006-07-20 00:00:00,1.174,1.174,1.1657,1.1657,28091.0,32745.6787
2006-07-24 00:00:00,1.1657,1.1657,1.1657,1.1657,4500.0,5245.65
2006-07-25 00:00:00,1.1657,1.1657,1.1199,1.1241,664408.0,746861.0328
2006-07-27 00:00:00,1.1574,1.1574,1.1574,1.1574,2000.0,2314.8
2006-07-31 00:00:00,1.1324,1.1324,1.1241,1.1241,20300.0,22819.230000000003
2006-08-03 00:00:00,1.174,1.174,1.174,1.174,2200.0,2582.7999999999997
2006-08-08 00:00:00,1.1657,1.1657,1.1657,1.1657,9523.0,11100.9611
2006-08-11 00:00:00,1.1657,1.1657,1.1657,1.1657,5800.0,6761.0599999999995
2006-08-14 00:00:00,1.1657,1.2073,1.1657,1.2073,10800.0,13038.84
2006-08-15 00:00:00,1.2073,1.2073,1.2073,1.2073,5000.0,6036.5
2006-08-16 00:00:00,1.199,1.199,1.1657,1.1657,11000.0,12822.699999999999
2006-08-17 00:00:00,1.1657,1.1657,1.1657,1.1657,15006.0,17492.4942
2006-08-22 00:00:00,1.2073,1.2073,1.2073,1.2073,7800.0,9416.94
2006-08-23 00:00:00,1.1907,1.1907,1.1907,1.1907,1200.0,1428.8400000000001
2006-08-24 00:00:00,1.199,1.199,1.1907,1.1907,12200.0,14526.54
2006-08-28 00:00:00,1.2323,1.2323,1.2323,1.2323,5.0,6.1615
2006-08-30 00:00:00,1.224,1.224,1.1657,1.1657,21029.0,24513.5053
2006-09-04 00:00:00,1.2073,1.224,1.2073,1.224,22972.0,28117.728
2006-09-05 00:00:00,1.224,1.224,1.224,1.224,2500.0,3060.0
2006-09-06 00:00:00,1.224,1.2406,1.1823,1.1823,35000.0,41380.5
2006-09-07 00:00:00,1.1948,1.1948,1.1948,1.1948,20000.0,23896.0
2006-09-08 00:00:00,1.1907,1.1907,1.1907,1.1907,9000.0,10716.300000000001
2006-09-12 00:00:00,1.1907,1.1907,1.1657,1.1657,20000.0,23314.0
2006-09-15 00:00:00,1.2448,1.249,1.2448,1.2448,40000.0,49791.99999999999
2006-09-18 00:00:00,1.2073,1.2073,1.2073,1.2073,12000.0,14487.6
2006-09-20 00:00:00,1.2198,1.2198,1.2198,1.2198,1000.0,1219.8
2006-09-22 00:00:00,1.1823,1.1823,1.1823,1.1823,1000.0,1182.3
2006-09-27 00:00:00,1.224,1.224,1.224,1.224,4700.0,5752.8
2006-10-02 00:00:00,1.2073,1.224,1.2073,1.224,5000.0,6120.0
2006-10-04 00:00:00,1.1907,1.1907,1.1657,1.1657,4000.0,4662.8
2006-10-06 00:00:00,1.1823,1.1823,1.1657,1.1657,61025.0,71136.8425
2006-10-09 00:00:00,1.1657,1.1657,1.1657,1.1657,20000.0,23314.0
2006-10-11 00:00:00,1.199,1.199,1.199,1.199,5000.0,5995.0
2006-10-12 00:00:00,1.2365,1.2406,1.2365,1.2406,25000.0,31014.999999999996
2006-10-16 00:00:00,1.2073,1.2073,1.199,1.199,3636.0,4359.564
2006-10-17 00:00:00,1.199,1.199,1.199,1.199,11214.0,13445.586000000001
2006-10-18 00:00:00,1.199,1.199,1.199,1.199,6600.0,7913.400000000001
2006-10-19 00:00:00,1.199,1.2406,1.199,1.2406,1875.0,2326.125
2006-10-20 00:00:00,1.2406,1.2406,1.2073,1.2073,3650.0,4406.645
2006-10-23 00:00:00,1.2406,1.2448,1.2406,1.2448,26541.0,33038.2368
2006-10-24 00:00:00,1.2073,1.2073,1.2073,1.2073,5700.0,6881.610000000001
2006-10-25 00:00:00,1.2406,1.2448,1.2406,1.2448,13362.0,16633.0176
2006-10-26 00:00:00,1.249,1.2573,1.249,1.2573,5500.0,6915.150000000001
2006-10-30 00:00:00,1.2448,1.2448,1.2073,1.2073,8463.0,10217.3799
2006-10-31 00:00:00,1.249,1.249,1.2073,1.2073,51500.0,62175.950000000004
2006-11-02 00:00:00,1.2115,1.2115,1.2115,1.2115,15781.0,19118.6815
2006-11-03 00:00:00,1.2115,1.2115,1.2115,1.2115,1.0,1.2115
2006-11-06 00:00:00,1.2115,1.2115,1.2073,1.2073,5000.0,6036.5
2006-11-09 00:00:00,1.2156,1.2323,1.2115,1.2156,26000.0,31605.6
2006-11-13 00:00:00,1.2156,1.224,1.2156,1.224,7093.0,8681.832
2006-11-14 00:00:00,1.2323,1.2323,1.2323,1.2323,3093.0,3811.5038999999997
2006-11-15 00:00:00,1.2739,1.2906,1.2739,1.2739,32500.0,41401.75
2006-11-16 00:00:00,1.2823,1.2906,1.2823,1.2906,23000.0,29683.8
2006-11-17 00:00:00,1.3322,1.3572,1.3322,1.3572,8000.0,10857.6
2006-11-21 00:00:00,1.4155,1.4155,1.4155,1.4155,4230.0,5987.565
2006-11-22 00:00:00,1.3738,1.3738,1.3738,1.3738,4200.0,5769.96
2006-11-24 00:00:00,1.4072,1.4072,1.4072,1.4072,32610.0,45888.792
2006-11-28 00:00:00,1.4155,1.4155,1.4072,1.4072,11270.0,15859.144
2006-11-29 00:00:00,1.4155,1.4155,1.4155,1.4155,93.0,131.6415
2006-11-30 00:00:00,1.4155,1.4488,1.4072,1.4488,18438.0,26712.974400000003
2006-12-01 00:00:00,1.4072,1.4072,1.4072,1.4072,1700.0,2392.2400000000002
2006-12-04 00:00:00,1.4072,1.4072,1.4072,1.4072,311.0,437.6392
2006-12-06 00:00:00,1.4072,1.4155,1.4072,1.4155,5869.0,8307.5695
2006-12-08 00:00:00,1.4155,1.4155,1.4155,1.4155,10000.0,14155.0
2006-12-11 00:00:00,1.4155,1.4155,1.4155,1.4155,4120.0,5831.86
2006-12-13 00:00:00,1.4654,1.4904,1.4654,1.4904,14500.0,21610.8
2006-12-14 00:00:00,1.5404,1.6236,1.5404,1.6236,19046.0,30923.0856
2006-12-15 00:00:00,1.6236,1.6486,1.6236,1.6486,38154.0,62900.684400000006
2006-12-18 00:00:00,1.632,1.632,1.632,1.632,15479.0,25261.728
2006-12-19 00:00:00,1.6403,1.6653,1.6403,1.6653,17000.0,28310.1
2006-12-21 00:00:00,1.6486,1.6486,1.6486,1.6486,14755.0,24325.093
2006-12-22 00:00:00,1.6486,1.6486,1.6486,1.6486,1960.0,3231.2560000000003
2006-12-28 00:00:00,1.6403,1.6486,1.632,1.6486,50910.0,83930.22600000001
2006-12-29 00:00:00,1.6403,1.6653,1.6403,1.6653,40000.0,66612.0
2007-01-02 00:00:00,1.6653,1.6653,1.6653,1.6653,17400.0,28976.22
2007-01-03 00:00:00,1.632,1.6653,1.6236,1.6653,120000.0,199836.0
2007-01-04 00:00:00,1.6653,1.6819,1.6653,1.6819,2740.0,4608.406
2007-01-05 00:00:00,1.6819,1.6819,1.6819,1.6819,500.0,840.9499999999999
2007-01-09 00:00:00,1.6236,1.6236,1.6236,1.6236,45500.0,73873.8
2007-01-10 00:00:00,1.6236,1.6236,1.6236,1.6236,18136.0,29445.6096
2007-01-11 00:00:00,1.6236,1.6236,1.6236,1.6236,10000.0,16236.0
2007-01-12 00:00:00,1.6236,1.6236,1.6236,1.6236,3145.0,5106.222
2007-01-15 00:00:00,1.6236,1.6236,1.6236,1.6236,3815.0,6194.034
2007-01-16 00:00:00,1.6653,1.6819,1.6236,1.6819,37100.0,62398.49
2007-01-17 00:00:00,1.6986,1.6986,1.6986,1.6986,10000.0,16986.0
2007-01-18 00:00:00,1.6902,1.6986,1.6902,1.6986,16850.0,28621.410000000003
2007-01-19 00:00:00,1.7069,1.7902,1.7069,1.7652,22813.0,40269.507600000004
2007-01-22 00:00:00,1.7652,1.7902,1.7652,1.7902,21928.0,39255.5056
2007-01-24 00:00:00,1.7902,1.8235,1.7902,1.8235,105800.0,192926.3
2007-01-25 00:00:00,1.8734,1.8734,1.8318,1.8568,45000.0,83556.0
2007-01-29 00:00:00,1.8318,1.8568,1.8318,1.8568,18000.0,33422.4
2007-01-30 00:00:00,1.9151,1.9151,1.9151,1.9151,10000.0,19151.0
2007-01-31 00:00:00,1.8734,1.8734,1.8484,1.8484,55148.0,101935.5632
2007-02-01 00:00:00,1.9151,1.9151,1.9151,1.9151,3000.0,5745.3
2007-02-05 00:00:00,1.9484,1.9484,1.9067,1.9151,31502.0,60329.4802
2007-02-06 00:00:00,1.965,1.965,1.9567,1.9567,5300.0,10370.51
2007-02-07 00:00:00,1.9567,1.9567,1.9567,1.9567,26000.0,50874.200000000004
2007-02-08 00:00:00,1.965,1.9817,1.9567,1.9567,32833.0,64244.3311
2007-02-09 00:00:00,1.9567,2.0816,1.9567,2.0816,88900.0,185054.24
2007-02-12 00:00:00,2.0816,2.0816,1.9983,2.04,46287.0,94425.48
2007-02-13 00:00:00,2.0733,2.1649,2.0733,2.0816,30300.0,63072.479999999996
2007-02-16 00:00:00,1.8901,1.8901,1.7902,1.7902,223900.0,400825.78
2007-02-19 00:00:00,1.7902,1.8235,1.7735,1.8235,42500.0,77498.75
2007-02-20 00:00:00,1.7818,1.7818,1.7069,1.7485,161965.0,283195.8025
2007-02-21 00:00:00,1.7485,1.7569,1.7069,1.7319,139484.0,241572.3396
2007-02-22 00:00:00,1.7069,1.7069,1.6902,1.7069,166207.0,283698.7283
2007-02-23 00:00:00,1.7069,1.7069,1.6902,1.6986,102329.0,173816.0394
2007-02-26 00:00:00,1.7152,1.7152,1.6902,1.7069,67139.0,114599.5591
2007-02-27 00:00:00,1.6902,1.6902,1.6486,1.6653,117500.0,195672.75
2007-02-28 00:00:00,1.4987,1.632,1.4987,1.632,106186.0,173295.552
2007-03-01 00:00:00,1.6236,1.6653,1.6236,1.6611,69909.0,116125.8399
2007-03-02 00:00:00,1.6486,1.6486,1.6153,1.6153,95859.0,154841.0427
2007-03-05 00:00:00,1.5987,1.6153,1.5987,1.6111,78041.0,125731.8551
2007-03-06 00:00:00,1.607,1.632,1.582,1.632,186763.0,304797.21599999996
2007-03-07 00:00:00,1.632,1.632,1.5987,1.632,68370.0,111579.84
2007-03-08 00:00:00,1.632,1.632,1.5987,1.6153,94091.0,151985.1923
2007-03-09 00:00:00,1.6153,1.6486,1.5987,1.632,910570.0,1486050.24
2007-03-12 00:00:00,1.6361,1.6403,1.6236,1.6236,219877.0,356992.2972
2007-03-13 00:00:00,1.6278,1.632,1.6278,1.632,75450.0,123134.4
2007-03-14 00:00:00,1.632,1.632,1.6195,1.6195,140995.0,228341.4025
2007-03-15 00:00:00,1.6278,1.6403,1.6278,1.6361,93143.0,152391.2623
2007-03-16 00:00:00,1.6361,1.6403,1.632,1.632,77572.0,126597.50399999999
2007-03-19 00:00:00,1.6403,1.6736,1.6403,1.6736,14820.0,24802.752
2007-03-20 00:00:00,1.6736,1.6736,1.6403,1.6486,82566.0,136118.3076
2007-03-21 00:00:00,1.6486,1.6486,1.6486,1.6486,124665.0,205522.719
2007-03-22 00:00:00,1.6486,1.6569,1.6486,1.6486,73675.0,121460.60500000001
2007-03-23 00:00:00,1.6403,1.6445,1.6403,1.6403,168885.0,277022.0655
2007-03-26 00:00:00,1.6403,1.6403,1.6361,1.6361,57847.0,94643.4767
2007-03-27 00:00:00,1.6403,1.6445,1.6361,1.6403,85924.0,140941.1372
2007-03-28 00:00:00,1.6403,1.6403,1.6236,1.632,120446.0,196567.87199999997
2007-03-29 00:00:00,1.632,1.6361,1.6236,1.632,93788.0,153062.016
2007-03-30 00:00:00,1.6445,1.6445,1.6236,1.6236,99600.0,161710.56
2007-04-02 00:00:00,1.6236,1.632,1.6236,1.6236,57456.0,93285.5616
2007-04-03 00:00:00,1.6236,1.6236,1.5862,1.5987,205840.0,329076.408
2007-04-04 00:00:00,1.5987,1.5987,1.5737,1.5737,301585.0,474604.31450000004
2007-04-05 00:00:00,1.582,1.5862,1.5695,1.5695,338002.0,530494.139
2007-04-10 00:00:00,1.5695,1.5695,1.5445,1.5654,215454.0,337271.69159999996
2007-04-11 00:00:00,1.5654,1.582,1.5654,1.5778,438444.0,691776.9432000001
2007-04-12 00:00:00,1.582,1.582,1.5612,1.5654,399257.0,624996.9077999999
2007-04-13 00:00:00,1.5654,1.5695,1.5445,1.5487,586251.0,907926.9236999999
2007-04-16 00:00:00,1.557,1.557,1.5487,1.557,191873.0,298746.261
2007-04-17 00:00:00,1.557,1.5654,1.5404,1.5404,259873.0,400308.3692
2007-04-18 00:00:00,1.5404,1.5487,1.5362,1.5487,308069.0,477106.4603
2007-04-19 00:00:00,1.5529,1.5737,1.5487,1.5529,205409.0,318979.6361
2007-04-20 00:00:00,1.557,1.557,1.5445,1.5445,149133.0,230335.9185
2007-04-23 00:00:00,1.5445,1.5487,1.532,1.532,136699.0,209422.86800000002
2007-04-24 00:00:00,1.532,1.5404,1.5237,1.5404,109627.0,168869.4308
2007-04-26 00:00:00,1.5404,1.557,1.5404,1.557,89799.0,139817.043
2007-04-27 00:00:00,1.557,1.557,1.5445,1.557,11398.0,17746.685999999998
2007-04-30 00:00:00,1.5654,1.5654,1.5487,1.5654,89721.0,140449.2534
2007-05-01 00:00:00,1.5654,1.5654,1.557,1.557,46492.0,72388.044
2007-05-02 00:00:00,1.557,1.5654,1.557,1.5654,83113.0,130105.09019999999
2007-05-03 00:00:00,1.5654,1.5737,1.5654,1.5654,50649.0,79285.94459999999
2007-05-04 00:00:00,1.5654,1.5654,1.5487,1.557,194138.0,302272.866
2007-05-07 00:00:00,1.5487,1.5654,1.5445,1.5529,166954.0,259262.86659999998
2007-05-08 00:00:00,1.557,1.5737,1.5362,1.5362,286678.0,440394.7436
2007-05-09 00:00:00,1.5487,1.5487,1.4987,1.5154,130429.0,197652.1066
2007-05-10 00:00:00,1.5404,1.5487,1.5362,1.5404,98810.0,152206.924
2007-05-11 00:00:00,1.5404,1.5487,1.4987,1.5404,601881.0,927137.4924
2007-05-14 00:00:00,1.5487,1.5487,1.5237,1.5404,166545.0,256545.918
2007-05-15 00:00:00,1.5404,1.5487,1.5362,1.5362,51396.0,78954.5352
2007-05-16 00:00:00,1.5404,1.5404,1.5362,1.5362,237109.0,364246.8458
2007-05-17 00:00:00,1.5362,1.557,1.5362,1.557,102577.0,159712.389
2007-05-18 00:00:00,1.5654,1.5654,1.557,1.5654,38343.0,60022.13219999999
2007-05-21 00:00:00,1.557,1.557,1.5362,1.5487,111358.0,172460.1346
2007-05-22 00:00:00,1.5487,1.5737,1.5445,1.557,77141.0,120108.537
2007-05-23 00:00:00,1.557,1.557,1.5487,1.557,38603.0,60104.871
2007-05-24 00:00:00,1.557,1.557,1.5487,1.5487,22500.0,34845.75
2007-05-25 00:00:00,1.5487,1.5862,1.5487,1.5737,189866.0,298792.1242
2007-05-28 00:00:00,1.5737,1.632,1.5737,1.582,19092.0,30203.544
2007-05-29 00:00:00,1.582,1.582,1.5612,1.5612,104535.0,163200.042
2007-05-30 00:00:00,1.5612,1.5987,1.5612,1.5612,104715.0,163481.058
2007-05-31 00:00:00,1.557,1.5654,1.557,1.5612,265722.0,414845.1864
2007-06-01 00:00:00,1.5612,1.5612,1.557,1.5612,152170.0,237567.80399999997
2007-06-04 00:00:00,1.5654,1.582,1.5654,1.582,48382.0,76540.32400000001
2007-06-05 00:00:00,1.5737,1.5737,1.5654,1.5654,656127.0,1027101.2057999999
2007-06-06 00:00:00,1.5695,1.5695,1.5612,1.5654,963487.0,1508242.5498
2007-06-07 00:00:00,1.557,1.5654,1.5487,1.5654,977185.0,1529685.399
2007-06-08 00:00:00,1.557,1.557,1.5487,1.5487,86100.0,133343.07
2007-06-12 00:00:00,1.5487,1.5487,1.5362,1.5362,143175.0,219945.435
2007-06-13 00:00:00,1.5404,1.557,1.5404,1.5445,65150.0,100624.175
2007-06-14 00:00:00,1.5404,1.5404,1.5154,1.532,62218.0,95317.976
2007-06-15 00:00:00,1.532,1.5445,1.532,1.5445,164889.0,254671.0605
2007-06-18 00:00:00,1.5445,1.5487,1.5404,1.5404,3468724.0,5343222.4496
2007-06-19 00:00:00,1.5487,1.557,1.5487,1.5487,261469.0,404937.0403
2007-06-20 00:00:00,1.5445,1.5487,1.5404,1.5487,207700.0,321664.99
2007-06-21 00:00:00,1.5404,1.5487,1.5362,1.5445,528036.0,815551.602
2007-06-22 00:00:00,1.5445,1.5445,1.5362,1.5404,358664.0,552486.0256
2007-06-25 00:00:00,1.5362,1.5695,1.5362,1.557,413795.0,644278.815
2007-06-26 00:00:00,1.5487,1.557,1.5362,1.5487,309364.0,479112.0268
2007-06-27 00:00:00,1.5487,1.557,1.5445,1.5445,316298.0,488522.261
2007-06-28 00:00:00,1.5487,1.5737,1.5487,1.5737,393823.0,619759.2551000001
2007-06-29 00:00:00,1.5778,1.582,1.557,1.557,151956.0,236595.492
2007-07-02 00:00:00,1.5695,1.582,1.5695,1.582,52248.0,82656.33600000001
2007-07-03 00:00:00,1.582,1.5903,1.5654,1.5903,35721.0,56807.1063
2007-07-04 00:00:00,1.5987,1.6403,1.5987,1.6153,201909.0,326143.6077
2007-07-05 00:00:00,1.6403,1.6403,1.632,1.6361,79527.0,130114.12470000001
2007-07-06 00:00:00,1.632,1.6403,1.6236,1.6403,53225.0,87304.9675
2007-07-09 00:00:00,1.6403,1.6403,1.6153,1.6403,69225.0,113549.7675
2007-07-10 00:00:00,1.6403,1.6403,1.6236,1.6403,256785.0,421204.4355
2007-07-11 00:00:00,1.632,1.6403,1.6278,1.6278,82884.0,134918.5752
2007-07-12 00:00:00,1.6403,1.6403,1.5903,1.5903,86187.0,137063.1861
2007-07-13 00:00:00,1.632,1.6403,1.582,1.5987,50636.0,80951.7732
2007-07-16 00:00:00,1.6153,1.6153,1.5987,1.6028,50826.0,81463.9128
2007-07-17 00:00:00,1.5987,1.632,1.5987,1.6278,276538.0,450148.5564
2007-07-18 00:00:00,1.6236,1.6486,1.6236,1.6403,277301.0,454856.83030000003
2007-07-19 00:00:00,1.6403,1.6403,1.6236,1.6236,129402.0,210097.08719999998
2007-07-20 00:00:00,1.6403,1.6486,1.6236,1.6486,68055.0,112195.473
2007-07-23 00:00:00,1.632,1.6445,1.6236,1.6445,335292.0,551387.694
2007-07-24 00:00:00,1.6445,1.6445,1.6403,1.6403,168993.0,277199.2179
2007-07-25 00:00:00,1.6403,1.6445,1.632,1.6361,266503.0,436025.55830000003
2007-07-26 00:00:00,1.632,1.6445,1.6278,1.6403,179655.0,294688.09650000004
2007-07-27 00:00:00,1.6403,1.6403,1.5987,1.6236,187972.0,305191.3392
2007-07-30 00:00:00,1.607,1.6278,1.607,1.6278,109660.0,178504.54799999998
2007-07-31 00:00:00,1.6278,1.6361,1.6236,1.6361,169127.0,276708.68470000004
2007-08-01 00:00:00,1.632,1.6361,1.582,1.632,85428.0,139418.49599999998
2007-08-02 00:00:00,1.632,1.632,1.5903,1.6028,41703.0,66841.5684
2007-08-03 00:00:00,1.607,1.6111,1.5987,1.607,108367.0,174145.769
2007-08-06 00:00:00,1.582,1.582,1.5362,1.5487,435642.0,674678.7654
2007-08-07 00:00:00,1.5487,1.5737,1.5404,1.5737,52543.0,82686.9191
2007-08-08 00:00:00,1.582,1.582,1.5487,1.5487,27545.0,42658.9415
2007-08-09 00:00:00,1.5404,1.557,1.5404,1.5487,114149.0,176782.5563
2007-08-10 00:00:00,1.557,1.5612,1.5362,1.5612,36771.0,57406.8852
2007-08-13 00:00:00,1.5612,1.5862,1.5404,1.5862,23578.0,37399.4236
2007-08-14 00:00:00,1.5404,1.557,1.5154,1.5154,162776.0,246670.75040000002
2007-08-15 00:00:00,1.5487,1.5487,1.4738,1.4904,71032.0,105866.0928
2007-08-16 00:00:00,1.4738,1.4863,1.0699,1.4863,141489.0,210295.10069999998
2007-08-17 00:00:00,1.3738,1.4571,1.3738,1.4571,38500.0,56098.350000000006
2007-08-20 00:00:00,1.4571,1.4571,1.4155,1.4571,63873.0,93069.3483
2007-08-21 00:00:00,1.4488,1.4987,1.4488,1.4987,62276.0,93333.04119999999
2007-08-22 00:00:00,1.5404,1.5487,1.5154,1.5154,21512.0,32599.2848
2007-08-23 00:00:00,1.5404,1.5487,1.5404,1.5487,39125.0,60592.8875
2007-08-24 00:00:00,1.5487,1.557,1.5487,1.557,13199.0,20550.843
2007-08-27 00:00:00,1.557,1.557,1.5404,1.557,108720.0,169277.03999999998
2007-08-28 00:00:00,1.557,1.557,1.5487,1.557,15000.0,23355.0
2007-08-29 00:00:00,1.557,1.557,1.5279,1.557,27909.0,43454.313
2007-08-30 00:00:00,1.557,1.5612,1.557,1.5612,11000.0,17173.2
2007-08-31 00:00:00,1.557,1.557,1.5279,1.5404,15120.0,23290.847999999998
2007-09-03 00:00:00,1.5279,1.532,1.4987,1.4987,70361.0,105450.03069999999
2007-09-04 00:00:00,1.5279,1.5279,1.4738,1.4987,143039.0,214372.54929999998
2007-09-05 00:00:00,1.5404,1.5404,1.5404,1.5404,2500.0,3851.0
2007-09-06 00:00:00,1.5404,1.5404,1.4987,1.5071,66438.0,100128.70980000001
2007-09-07 00:00:00,1.5112,1.5112,1.4904,1.4904,30000.0,44712.0
2007-09-10 00:00:00,1.4904,1.4904,1.4738,1.4904,8860.0,13204.944
2007-09-11 00:00:00,1.4904,1.5071,1.4738,1.5071,43780.0,65980.838
2007-09-12 00:00:00,1.532,1.532,1.4987,1.5071,75020.0,113062.642
2007-09-13 00:00:00,1.5154,1.5154,1.5071,1.5071,16100.0,24264.31
2007-09-14 00:00:00,1.5071,1.5071,1.4987,1.4987,49650.0,74410.455
2007-09-17 00:00:00,1.4987,1.4987,1.4488,1.4571,32500.0,47355.75
2007-09-18 00:00:00,1.4571,1.4987,1.4571,1.4571,36000.0,52455.600000000006
2007-09-19 00:00:00,1.4987,1.4987,1.4654,1.4654,36500.0,53487.1
2007-09-20 00:00:00,1.4654,1.4654,1.4654,1.4654,43500.0,63744.9
2007-09-21 00:00:00,1.4987,1.4987,1.4987,1.4987,5775.0,8654.9925
2007-09-24 00:00:00,1.4987,1.4987,1.4571,1.4571,46982.0,68457.4722
2007-09-25 00:00:00,1.4904,1.4987,1.4571,1.4571,23900.0,34824.69
2007-09-26 00:00:00,1.4571,1.5154,1.4571,1.5154,22426.0,33984.360400000005
2007-09-27 00:00:00,1.5154,1.5196,1.4987,1.5196,95048.0,144434.9408
2007-09-28 00:00:00,1.5196,1.5654,1.5196,1.5654,49860.0,78050.844
2007-10-01 00:00:00,1.5654,1.5654,1.5487,1.5654,129932.0,203395.55279999998
2007-10-02 00:00:00,1.5654,1.5654,1.5487,1.5654,61514.0,96294.0156
2007-10-03 00:00:00,1.557,1.5654,1.5487,1.5612,131834.0,205819.2408
2007-10-04 00:00:00,1.5487,1.5612,1.5487,1.5612,57315.0,89480.178
2007-10-05 00:00:00,1.5487,1.5612,1.532,1.532,158000.0,242056.0
2007-10-08 00:00:00,1.5612,1.5612,1.5196,1.557,22000.0,34254.0
2007-10-09 00:00:00,1.557,1.557,1.5279,1.5487,31500.0,48784.049999999996
2007-10-10 00:00:00,1.557,1.5695,1.557,1.557,108780.0,169370.46
2007-10-11 00:00:00,1.5404,1.5487,1.5362,1.5362,43689.0,67115.0418
2007-10-12 00:00:00,1.5487,1.557,1.5404,1.557,119193.0,185583.501
2007-10-15 00:00:00,1.5487,1.5487,1.5404,1.5404,42314.0,65180.4856
2007-10-16 00:00:00,1.5404,1.5487,1.5362,1.5362,205900.0,316303.58
2007-10-17 00:00:00,1.5362,1.5362,1.5237,1.5237,73500.0,111991.95
2007-10-18 00:00:00,1.5362,1.5404,1.532,1.5404,23439.0,36105.4356
2007-10-19 00:00:00,1.5362,1.5404,1.532,1.532,163000.0,249716.0
2007-10-22 00:00:00,1.532,1.5404,1.5237,1.5404,115850.0,178455.34
2007-10-23 00:00:00,1.5404,1.5404,1.5404,1.5404,20675.0,31847.77
2007-10-24 00:00:00,1.5404,1.5404,1.532,1.5404,66260.0,102066.904
2007-10-25 00:00:00,1.5404,1.5404,1.532,1.532,12240.0,18751.68
2007-10-26 00:00:00,1.532,1.5404,1.5237,1.5237,43373.0,66087.4401
2007-10-29 00:00:00,1.532,1.5362,1.5196,1.532,126078.0,193151.496
2007-10-30 00:00:00,1.4821,1.4821,1.4571,1.4571,36322.0,52924.7862
2007-10-31 00:00:00,1.4654,1.4987,1.4654,1.4987,33500.0,50206.45
2007-11-01 00:00:00,1.4987,1.532,1.4987,1.4987,57482.0,86148.27339999999
2007-11-02 00:00:00,1.532,1.532,1.4987,1.4987,22495.0,33713.256499999996
2007-11-05 00:00:00,1.4987,1.4987,1.4904,1.4904,74018.0,110316.42719999999
2007-11-06 00:00:00,1.4904,1.4904,1.4904,1.4904,2500.0,3726.0
2007-11-07 00:00:00,1.4779,1.4821,1.4571,1.4571,51400.0,74894.94
2007-11-08 00:00:00,1.4488,1.4571,1.4488,1.4488,146538.0,212304.2544
2007-11-09 00:00:00,1.4155,1.4321,1.3988,1.4072,33500.0,47141.2
2007-11-12 00:00:00,1.4155,1.4238,1.378,1.4155,115169.0,163021.7195
2007-11-13 00:00:00,1.4113,1.4113,1.3822,1.3822,89502.0,123709.66440000001
2007-11-14 00:00:00,1.3988,1.3988,1.378,1.3822,1056729.0,1460610.8238000001
2007-11-15 00:00:00,1.3988,1.3988,1.3988,1.3988,5315.0,7434.622
2007-11-16 00:00:00,1.4321,1.4321,1.4321,1.4321,1660.0,2377.286
2007-11-19 00:00:00,1.3988,1.4072,1.3988,1.4072,10000.0,14072.0
2007-11-20 00:00:00,1.4072,1.4072,1.3905,1.3905,17498.0,24330.969
2007-11-21 00:00:00,1.3863,1.3863,1.3863,1.3863,4700.0,6515.610000000001
2007-11-22 00:00:00,1.3863,1.3863,1.3572,1.3655,31492.0,43002.326
2007-11-23 00:00:00,1.3738,1.378,1.3738,1.378,12042.0,16593.876
2007-11-26 00:00:00,1.3905,1.3905,1.3655,1.3822,63698.0,88043.3756
2007-11-27 00:00:00,1.3738,1.3988,1.3655,1.3988,327671.0,458346.1948
2007-11-28 00:00:00,1.3738,1.3738,1.3489,1.3489,52666.0,71041.1674
2007-11-29 00:00:00,1.3822,1.3822,1.3572,1.3738,35855.0,49257.598999999995
2007-11-30 00:00:00,1.3655,1.3738,1.3572,1.3738,74000.0,101661.2
2007-12-03 00:00:00,1.3614,1.3655,1.3614,1.3655,32000.0,43696.0
2007-12-04 00:00:00,1.3655,1.3738,1.3572,1.3655,99042.0,135241.851
2007-12-05 00:00:00,1.3655,1.3655,1.3322,1.3405,72000.0,96516.0
2007-12-06 00:00:00,1.3405,1.3489,1.3405,1.3489,15880.0,21420.532
2007-12-07 00:00:00,1.3489,1.3489,1.3447,1.3489,141563.0,190954.3307
2007-12-10 00:00:00,1.3447,1.3447,1.3447,1.3447,2000.0,2689.4
2007-12-11 00:00:00,1.3447,1.3489,1.249,1.3489,74720.0,100789.808
2007-12-12 00:00:00,1.3447,1.3447,1.3072,1.3072,3300.0,4313.759999999999
2007-12-13 00:00:00,1.3239,1.3239,1.2989,1.3239,69098.0,91478.8422
2007-12-14 00:00:00,1.3156,1.3322,1.3156,1.3322,14250.0,18983.850000000002
2007-12-17 00:00:00,1.3322,1.3322,1.2739,1.3156,136736.0,179889.88160000002
2007-12-18 00:00:00,1.3156,1.3156,1.2656,1.3072,24758.0,32363.6576
2007-12-19 00:00:00,1.2823,1.2823,1.2823,1.2823,6091.0,7810.4893
2007-12-20 00:00:00,1.2823,1.2906,1.2739,1.2823,1723768.0,2210387.7064
2007-12-21 00:00:00,1.2864,1.3281,1.2864,1.3072,77332.0,101088.39039999999
2007-12-24 00:00:00,1.2947,1.3031,1.2906,1.3031,17100.0,22283.01
2007-12-27 00:00:00,1.3031,1.3239,1.3031,1.3156,96315.0,126712.01400000001
2007-12-28 00:00:00,1.3114,1.3156,1.3072,1.3156,72520.0,95407.312
2007-12-31 00:00:00,1.3156,1.3156,1.3114,1.3114,18000.0,23605.199999999997
2008-01-02 00:00:00,1.3114,1.3114,1.3114,1.3114,35000.0,45899.0
2008-01-03 00:00:00,1.3114,1.3156,1.2823,1.2906,31800.0,41041.08
2008-01-04 00:00:00,1.2906,1.2906,1.2906,1.2906,10500.0,13551.3
2008-01-07 00:00:00,1.2906,1.3072,1.249,1.249,3111829.0,3886674.4210000006
2008-01-08 00:00:00,1.2573,1.2906,1.249,1.2573,500000.0,628650.0
2008-01-09 00:00:00,1.2573,1.2573,1.2073,1.2073,220769.0,266534.41370000003
2008-01-10 00:00:00,1.2115,1.2406,1.2073,1.224,188860.0,231164.63999999998
2008-01-11 00:00:00,1.2073,1.2073,1.2073,1.2073,31870.0,38476.651
2008-01-14 00:00:00,1.174,1.2073,1.1657,1.1823,47820.0,56537.585999999996
2008-01-15 00:00:00,1.1823,1.1823,1.1657,1.1823,102046.0,120648.9858
2008-01-16 00:00:00,1.1823,1.1823,1.1532,1.1532,189060.0,218023.992
2008-01-17 00:00:00,1.1532,1.1532,1.1324,1.1324,18148.0,20550.7952
2008-01-18 00:00:00,1.1199,1.1199,1.0908,1.1199,139000.0,155666.09999999998
2008-01-21 00:00:00,1.0908,1.0991,1.0824,1.0824,62535.0,67687.884
2008-01-22 00:00:00,1.0741,1.0741,1.0158,1.0408,441168.0,459167.6544
2008-01-23 00:00:00,1.0408,1.0741,1.0408,1.0408,277893.0,289231.0344
2008-01-24 00:00:00,1.0283,1.0325,1.0158,1.0158,245500.0,249378.90000000002
2008-01-25 00:00:00,1.0408,1.0741,1.0325,1.0741,123342.0,132481.6422
2008-01-29 00:00:00,1.0408,1.1074,1.0325,1.0408,83819.0,87238.8152
2008-01-30 00:00:00,1.0408,1.0408,1.0158,1.0408,62850.0,65414.28
2008-01-31 00:00:00,1.0241,1.0991,1.0158,1.0408,95431.0,99324.5848
2008-02-01 00:00:00,1.0491,1.0491,0.9908,1.0325,202433.0,209012.07249999998
2008-02-04 00:00:00,1.0325,1.0991,1.0325,1.0824,20038.0,21689.1312
2008-02-05 00:00:00,1.0408,1.0991,1.0408,1.0991,54000.0,59351.4
2008-02-07 00:00:00,1.0658,1.0658,1.0158,1.0158,84300.0,85631.94
2008-02-08 00:00:00,1.0117,1.0158,1.0117,1.0158,12000.0,12189.6
2008-02-12 00:00:00,1.0741,1.0741,1.0741,1.0741,2000.0,2148.2000000000003
2008-02-13 00:00:00,1.0699,1.0741,1.0699,1.0741,25513.0,27403.513300000002
2008-02-14 00:00:00,1.0408,1.0408,1.0325,1.0325,35000.0,36137.5
2008-02-15 00:00:00,1.0658,1.0658,1.0574,1.0658,6316.0,6731.5928
2008-02-18 00:00:00,1.0574,1.0574,1.0533,1.0533,9026.0,9507.085799999999
2008-02-19 00:00:00,1.0075,1.0241,1.0075,1.0075,118141.0,119027.05750000001
2008-02-20 00:00:00,1.0241,1.0241,1.0158,1.0158,18710.0,19005.618000000002
2008-02-21 00:00:00,1.0158,1.0241,1.0117,1.0117,51216.0,51815.2272
2008-02-22 00:00:00,1.0158,1.0158,1.0158,1.0158,10000.0,10158.0
2008-02-25 00:00:00,1.0117,1.0408,0.9992,1.0241,104407.0,106923.2087
2008-02-26 00:00:00,1.0033,1.0241,1.0033,1.0241,67872.0,69507.7152
2008-02-27 00:00:00,1.0158,1.0408,1.0033,1.0241,170785.0,174900.9185
2008-02-28 00:00:00,1.0075,1.0325,1.0075,1.0325,49000.0,50592.5
2008-02-29 00:00:00,1.0241,1.0241,1.0158,1.0158,75000.0,76185.0
2008-03-03 00:00:00,1.02,1.02,1.0158,1.0158,15000.0,15237.0
2008-03-04 00:00:00,1.0075,1.0075,0.9992,0.9992,96392.0,96314.8864
2008-03-05 00:00:00,0.9659,1.0075,0.9659,1.0075,2750.0,2770.625
2008-03-06 00:00:00,0.9659,0.9992,0.9575,0.9575,89729.0,85915.5175
2008-03-07 00:00:00,0.9575,0.9575,0.9159,0.9159,38649.0,35398.6191
2008-03-10 00:00:00,0.8743,0.9825,0.8743,0.9575,11350.0,10867.625
2008-03-11 00:00:00,0.9326,0.9825,0.9159,0.9825,141518.0,139041.435
2008-03-14 00:00:00,0.9825,1.0075,0.9742,1.0075,40000.0,40300.0
2008-03-17 00:00:00,0.9617,0.9617,0.9575,0.9575,143500.0,137401.25
2008-03-18 00:00:00,0.9825,0.9825,0.9534,0.9575,90000.0,86175.0
2008-03-19 00:00:00,0.9575,0.9825,0.9575,0.9825,30000.0,29475.0
2008-03-25 00:00:00,0.9492,0.9908,0.841,0.8743,213952.0,187058.2336
2008-03-26 00:00:00,0.8659,0.8992,0.8493,0.8493,30450.0,25861.185
2008-03-27 00:00:00,0.8493,0.8493,0.8493,0.8493,18200.0,15457.26
2008-03-28 00:00:00,0.8909,0.9159,0.8909,0.9076,60850.0,55227.46
2008-03-31 00:00:00,0.8326,0.9159,0.8326,0.9159,28118.0,25753.2762
2008-04-01 00:00:00,0.9159,0.9159,0.9159,0.9159,60000.0,54954.0
2008-04-02 00:00:00,0.9159,0.9159,0.8992,0.8992,99171.0,89174.5632
2008-04-03 00:00:00,0.8992,0.9159,0.8992,0.9159,207629.0,190167.40110000002
2008-04-04 00:00:00,0.9159,0.9159,0.9117,0.9117,225000.0,205132.5
2008-04-07 00:00:00,0.9159,0.9159,0.9034,0.9159,240899.0,220639.3941
2008-04-08 00:00:00,0.9034,0.9159,0.9034,0.9159,282585.0,258819.60150000002
2008-04-09 00:00:00,0.9117,0.9117,0.9034,0.9117,48832.0,44520.134399999995
2008-04-10 00:00:00,0.9076,0.9076,0.8784,0.8784,30339.0,26649.777599999998
2008-04-11 00:00:00,0.8784,0.8784,0.8659,0.8659,73150.0,63340.585
2008-04-14 00:00:00,0.9076,0.9076,0.8618,0.8618,1294500.0,1115600.1
2008-04-15 00:00:00,0.8493,0.8493,0.8493,0.8493,10000.0,8493.0
2008-04-16 00:00:00,0.8493,0.8493,0.8326,0.8326,93700.0,78014.62
2008-04-17 00:00:00,0.8326,0.8493,0.8243,0.8243,93150.0,76783.545
2008-04-18 00:00:00,0.8285,0.8326,0.8243,0.8326,105000.0,87423.0
2008-04-21 00:00:00,0.8285,0.8326,0.8285,0.8326,177288.0,147609.9888
2008-04-22 00:00:00,0.8326,0.8326,0.8201,0.8201,315712.0,258915.4112
2008-04-23 00:00:00,0.8243,0.8285,0.8243,0.8243,29596.0,24395.9828
2008-04-24 00:00:00,0.816,0.8243,0.791,0.8243,57064.0,47037.855200000005
2008-04-28 00:00:00,0.8285,0.8285,0.8285,0.8285,15635.0,12953.5975
2008-04-29 00:00:00,0.8118,0.8118,0.8077,0.8077,20605.0,16642.658499999998
2008-04-30 00:00:00,0.8077,0.8243,0.8077,0.8201,571973.0,469075.05730000004
2008-05-01 00:00:00,0.816,0.8285,0.816,0.8285,2016639.0,1670785.4115
2008-05-02 00:00:00,0.8326,0.8659,0.8326,0.8659,16531.0,14314.1929
2008-05-06 00:00:00,0.8743,0.8909,0.8743,0.8909,22536.0,20077.3224
2008-05-07 00:00:00,0.8909,0.8909,0.8909,0.8909,22329.0,19892.9061
2008-05-08 00:00:00,0.8743,0.8743,0.8618,0.8618,18135.0,15628.743
2008-05-09 00:00:00,0.8618,0.8618,0.8326,0.8576,54843.0,47033.3568
2008-05-12 00:00:00,0.8326,0.8493,0.8326,0.8493,42103.0,35758.077900000004
2008-05-13 00:00:00,0.8493,0.8493,0.841,0.841,8825.0,7421.825
2008-05-14 00:00:00,0.841,0.8535,0.8326,0.8535,27000.0,23044.5
2008-05-15 00:00:00,0.8535,0.8576,0.8535,0.8576,10000.0,8576.0
2008-05-16 00:00:00,0.8576,0.8618,0.8535,0.8576,32780.0,28112.128
2008-05-19 00:00:00,0.8618,0.8743,0.8576,0.8576,78046.0,66932.2496
2008-05-20 00:00:00,0.8659,0.8659,0.8535,0.8618,615501.0,530438.7618
2008-05-21 00:00:00,0.8535,0.8618,0.8535,0.8618,222445.0,191703.101
2008-05-22 00:00:00,0.8618,0.8618,0.8535,0.8535,65665.0,56045.0775
2008-05-23 00:00:00,0.8535,0.8535,0.8535,0.8535,10000.0,8535.0
2008-05-26 00:00:00,0.8535,0.8535,0.8243,0.8326,168679.0,140442.1354
2008-05-27 00:00:00,0.8326,0.841,0.8326,0.841,5628.0,4733.148
2008-05-28 00:00:00,0.8451,0.8451,0.8451,0.8451,235113.0,198693.9963
2008-05-29 00:00:00,0.8451,0.8451,0.8326,0.8451,582083.0,491918.34329999995
2008-05-30 00:00:00,0.8493,0.8868,0.8493,0.8868,161825.0,143506.41
2008-06-02 00:00:00,0.8784,0.8784,0.8493,0.8493,50517.0,42904.0881
2008-06-03 00:00:00,0.8743,0.8743,0.8659,0.8659,56000.0,48490.4
2008-06-04 00:00:00,0.8743,0.8826,0.8743,0.8826,39308.0,34693.2408
2008-06-05 00:00:00,0.8992,0.8992,0.8909,0.8909,282057.0,251284.58130000002
2008-06-06 00:00:00,0.8909,0.8909,0.8909,0.8909,14017.0,12487.7453
2008-06-10 00:00:00,0.8909,0.8909,0.8909,0.8909,40000.0,35636.0
2008-06-11 00:00:00,0.8909,0.8909,0.8659,0.8701,399482.0,347589.2882
2008-06-12 00:00:00,0.8701,0.8701,0.8243,0.8326,281600.0,234460.16
2008-06-13 00:00:00,0.8326,0.8326,0.8077,0.8077,1365129.0,1102614.6933
2008-06-16 00:00:00,0.8326,0.841,0.8326,0.841,110155.0,92640.355
2008-06-17 00:00:00,0.841,0.841,0.8326,0.841,20138.0,16936.058
2008-06-18 00:00:00,0.841,0.841,0.8326,0.841,276321.0,232385.96099999998
2008-06-19 00:00:00,0.8326,0.8326,0.8326,0.8326,59000.0,49123.4
2008-06-23 00:00:00,0.816,0.8201,0.7993,0.8077,93942.0,75876.9534
2008-06-24 00:00:00,0.8035,0.8035,0.8035,0.8035,51052.0,41020.282
2008-06-25 00:00:00,0.8035,0.8035,0.7993,0.7993,488537.0,390487.6241
2008-06-26 00:00:00,0.7993,0.8035,0.7993,0.8035,87052.0,69946.282
2008-06-27 00:00:00,0.7993,0.8326,0.7827,0.8243,122543.0,101012.1949
2008-06-30 00:00:00,0.791,0.8326,0.7827,0.8326,1632456.0,1359182.8656
2008-07-01 00:00:00,0.8326,0.8326,0.8326,0.8326,1103860.0,919073.836
2008-07-02 00:00:00,0.8326,0.8326,0.8326,0.8326,211000.0,175678.6
2008-07-07 00:00:00,0.8326,0.8326,0.8326,0.8326,5000.0,4163.0
2008-07-08 00:00:00,0.8326,0.8326,0.7993,0.8326,5500.0,4579.3
2008-07-10 00:00:00,0.8326,0.8326,0.8326,0.8326,68000.0,56616.8
2008-07-11 00:00:00,0.8326,0.8326,0.8243,0.8326,124000.0,103242.4
2008-07-14 00:00:00,0.816,0.8243,0.816,0.816,21000.0,17136.0
2008-07-15 00:00:00,0.816,0.816,0.816,0.816,158826.0,129602.01599999999
2008-07-17 00:00:00,0.8243,0.8243,0.8243,0.8243,6000.0,4945.8
2008-07-18 00:00:00,0.8326,0.8326,0.8326,0.8326,10000.0,8326.0
2008-07-21 00:00:00,0.841,0.841,0.8326,0.841,133068.0,111910.188
2008-07-22 00:00:00,0.8326,0.8326,0.8326,0.8326,16000.0,13321.6
2008-07-23 00:00:00,0.8493,0.8618,0.8493,0.8618,5287650.0,4556896.7700000005
2008-07-24 00:00:00,0.8743,0.8826,0.8659,0.8743,35000.0,30600.5
2008-07-25 00:00:00,0.8784,0.8784,0.8784,0.8784,3417.0,3001.4928
2008-07-28 00:00:00,0.8826,0.8826,0.8285,0.8285,30133.0,24965.1905
2008-07-29 00:00:00,0.8285,0.8285,0.8285,0.8285,25001.0,20713.3285
2008-07-30 00:00:00,0.8285,0.8285,0.8243,0.8243,27699.0,22832.2857
2008-07-31 00:00:00,0.8077,0.8077,0.8077,0.8077,23750.0,19182.875
2008-08-04 00:00:00,0.8243,0.8243,0.8077,0.8077,72136.0,58264.2472
2008-08-05 00:00:00,0.8243,0.8243,0.816,0.816,13000.0,10608.0
2008-08-06 00:00:00,0.8243,0.8243,0.8243,0.8243,7500.0,6182.25
2008-08-07 00:00:00,0.8243,0.8243,0.791,0.791,52525.0,41547.275
2008-08-08 00:00:00,0.7993,0.8243,0.7993,0.8243,3855694.0,3178248.5642
2008-08-11 00:00:00,0.8243,0.8285,0.8243,0.8285,18901.0,15659.478500000001
2008-08-13 00:00:00,0.8743,0.8909,0.8743,0.8743,161667.0,141345.4581
2008-08-14 00:00:00,0.8909,0.8909,0.8743,0.8743,15505.0,13556.021499999999
2008-08-15 00:00:00,0.8743,0.8743,0.8659,0.8743,109000.0,95298.7
2008-08-18 00:00:00,0.8743,0.8743,0.8659,0.8743,270000.0,236061.0
2008-08-19 00:00:00,0.841,0.8743,0.841,0.8659,227886.0,197326.4874
2008-08-20 00:00:00,0.8576,0.8743,0.8576,0.8659,127936.0,110779.7824
2008-08-21 00:00:00,0.8535,0.8535,0.8493,0.8493,20500.0,17410.65
2008-08-22 00:00:00,0.8618,0.8743,0.8618,0.8618,47006.0,40509.7708
2008-08-25 00:00:00,0.8743,0.8784,0.8743,0.8743,408444.0,357102.5892
2008-08-26 00:00:00,0.8743,0.8743,0.8576,0.8659,199900.0,173093.41
2008-08-27 00:00:00,0.8659,0.8743,0.8659,0.8743,75000.0,65572.5
2008-08-28 00:00:00,0.8659,0.8659,0.8659,0.8659,20000.0,17318.0
2008-08-29 00:00:00,0.8659,0.8659,0.8659,0.8659,50226.0,43490.693400000004
2008-09-01 00:00:00,0.8659,0.8659,0.8659,0.8659,20000.0,17318.0
2008-09-02 00:00:00,0.8659,0.8743,0.8659,0.8743,704957.0,616343.9051
2008-09-03 00:00:00,0.8743,0.8992,0.8743,0.8992,95067.0,85484.2464
2008-09-04 00:00:00,0.8992,0.8992,0.8701,0.8909,108334.0,96514.76060000001
2008-09-05 00:00:00,0.8493,0.8659,0.8493,0.8659,16500.0,14287.35
2008-09-08 00:00:00,0.8826,0.8826,0.8826,0.8826,10000.0,8826.0
2008-09-09 00:00:00,0.8743,0.8826,0.8701,0.8826,96067.0,84788.7342
2008-09-10 00:00:00,0.8826,0.8826,0.8826,0.8826,54204.0,47840.4504
2008-09-11 00:00:00,0.8826,0.8951,0.8826,0.8909,108121.0,96324.9989
2008-09-12 00:00:00,0.8909,0.8909,0.841,0.8659,16207.0,14033.6413
2008-09-15 00:00:00,0.8659,0.8743,0.8285,0.8743,35038.0,30633.7234
2008-09-16 00:00:00,0.8743,0.8743,0.8701,0.8743,140000.0,122402.0
2008-09-17 00:00:00,0.8326,0.8326,0.8326,0.8326,20862.0,17369.7012
2008-09-18 00:00:00,0.8326,0.8326,0.8077,0.8077,30138.0,24342.4626
2008-09-19 00:00:00,0.7577,0.8077,0.7577,0.8077,58500.0,47250.45
2008-09-22 00:00:00,0.8243,0.8243,0.8077,0.8077,7450.0,6017.365
2008-09-24 00:00:00,0.8077,0.8243,0.8077,0.8243,39343.0,32430.4349
2008-09-25 00:00:00,0.8243,0.8243,0.8243,0.8243,14673.0,12094.9539
2008-09-26 00:00:00,0.8243,0.8326,0.8243,0.8326,10400.0,8659.04
2008-09-29 00:00:00,0.8326,0.8326,0.8326,0.8326,287.0,238.9562
2008-09-30 00:00:00,0.8326,0.8326,0.8326,0.8326,213.0,177.3438
2008-10-03 00:00:00,0.7494,0.7494,0.7494,0.7494,6000.0,4496.4
2008-10-06 00:00:00,0.791,0.791,0.791,0.791,30000.0,23730.0
2008-10-07 00:00:00,0.7785,0.7785,0.7535,0.7744,22890.0,17726.016
2008-10-08 00:00:00,0.7785,0.7993,0.7744,0.7785,45169.0,35164.0665
2008-10-09 00:00:00,0.7952,0.8077,0.7785,0.8077,199941.0,161492.3457
2008-10-10 00:00:00,0.7494,0.7535,0.6661,0.6661,73800.0,49158.18
2008-10-14 00:00:00,0.7494,0.7494,0.7494,0.7494,625.0,468.375
2008-10-15 00:00:00,0.7077,0.7077,0.7077,0.7077,596032.0,421811.8464
2008-10-16 00:00:00,0.7161,0.7161,0.6661,0.6744,86414.0,58277.6016
2008-10-17 00:00:00,0.6661,0.6661,0.6661,0.6661,2486.0,1655.9246
2008-10-20 00:00:00,0.6661,0.6744,0.6661,0.6744,30164.0,20342.6016
2008-10-21 00:00:00,0.6869,0.6869,0.6869,0.6869,12738.0,8749.732199999999
2008-10-22 00:00:00,0.6869,0.6869,0.6828,0.6828,40000.0,27312.0
2008-10-23 00:00:00,0.6828,0.6828,0.6744,0.6744,22500.0,15174.0
2008-10-24 00:00:00,0.6744,0.6744,0.6661,0.6661,196290.0,130748.769
2008-10-27 00:00:00,0.6328,0.6328,0.6245,0.6245,36966.0,23085.267000000003
2008-10-28 00:00:00,0.6245,0.6245,0.5995,0.5995,128515.0,77044.74250000001
2008-10-30 00:00:00,0.6744,0.6744,0.6661,0.6661,5497114.0,3661627.6354
2008-10-31 00:00:00,0.6828,0.6828,0.6828,0.6828,125000.0,85350.0
2008-11-03 00:00:00,0.6828,0.6828,0.6828,0.6828,1885.0,1287.078
2008-11-04 00:00:00,0.7202,0.7244,0.7202,0.7244,7483.0,5420.6852
2008-11-05 00:00:00,0.7327,0.791,0.7327,0.766,119925.0,91862.55
2008-11-06 00:00:00,0.7494,0.7494,0.6828,0.6828,15500.0,10583.4
2008-11-10 00:00:00,0.6994,0.6994,0.6828,0.6828,23000.0,15704.4
2008-11-11 00:00:00,0.6828,0.6828,0.6661,0.6661,16549.0,11023.2889
2008-11-12 00:00:00,0.6661,0.7077,0.6661,0.7077,17654.0,12493.7358
2008-11-13 00:00:00,0.6828,0.6828,0.6828,0.6828,10000.0,6828.0
2008-11-14 00:00:00,0.6911,0.6911,0.6911,0.6911,48895.0,33791.334500000004
2008-11-17 00:00:00,0.6661,0.6661,0.6661,0.6661,335.0,223.14350000000002
2008-11-18 00:00:00,0.6661,0.6828,0.6661,0.6828,40000.0,27312.0
2008-11-19 00:00:00,0.6744,0.6744,0.6744,0.6744,35000.0,23604.0
2008-11-20 00:00:00,0.6744,0.6744,0.6744,0.6744,3733.0,2517.5352
2008-11-21 00:00:00,0.6411,0.6411,0.6411,0.6411,28000.0,17950.8
2008-11-25 00:00:00,0.6245,0.6245,0.6245,0.6245,1950.0,1217.775
2008-11-26 00:00:00,0.6161,0.6161,0.6161,0.6161,10000.0,6161.0
2008-11-27 00:00:00,0.5662,0.5995,0.5662,0.5995,8400.0,5035.8
2008-11-28 00:00:00,0.5995,0.5995,0.5995,0.5995,2000.0,1199.0
2008-12-01 00:00:00,0.5995,0.5995,0.5662,0.5662,51300.0,29046.06
2008-12-02 00:00:00,0.5662,0.5662,0.5662,0.5662,2035.0,1152.217
2008-12-05 00:00:00,0.5745,0.5828,0.5745,0.5828,303259.0,176739.34519999998
2008-12-10 00:00:00,0.5412,0.5412,0.5412,0.5412,15000.0,8118.0
2008-12-11 00:00:00,0.5412,0.5704,0.5412,0.5704,18000.0,10267.2
2008-12-15 00:00:00,0.5787,0.5787,0.562,0.5745,71182.0,40894.059
2008-12-16 00:00:00,0.5828,0.5828,0.562,0.562,123466.0,69387.892
2008-12-17 00:00:00,0.5495,0.5495,0.5495,0.5495,22650.0,12446.175
2008-12-22 00:00:00,0.4996,0.4996,0.4996,0.4996,7500.0,3747.0
2008-12-23 00:00:00,0.5246,0.5246,0.5246,0.5246,6315.0,3312.8489999999997
2008-12-24 00:00:00,0.5495,0.5495,0.5495,0.5495,3685.0,2024.9075
2008-12-29 00:00:00,0.5412,0.5412,0.5412,0.5412,4800.0,2597.76
2008-12-30 00:00:00,0.5495,0.5495,0.5412,0.5412,37000.0,20024.4
2009-01-05 00:00:00,0.5495,0.5495,0.5454,0.5495,96800.0,53191.6
2009-01-06 00:00:00,0.5204,0.5204,0.5162,0.5162,20000.0,10324.0
2009-01-12 00:00:00,0.5204,0.5204,0.4996,0.4996,88434.0,44181.6264
2009-01-13 00:00:00,0.4996,0.4996,0.4996,0.4996,30000.0,14988.0
2009-01-14 00:00:00,0.5079,0.5079,0.5079,0.5079,195000.0,99040.5
2009-01-15 00:00:00,0.5079,0.5079,0.5079,0.5079,2000.0,1015.8000000000001
2009-01-19 00:00:00,0.4913,0.4913,0.4913,0.4913,6500.0,3193.4500000000003
2009-01-20 00:00:00,0.4663,0.4663,0.433,0.433,47400.0,20524.2
2009-01-21 00:00:00,0.4413,0.4413,0.4122,0.4122,193555.0,79783.371
2009-01-22 00:00:00,0.4163,0.4163,0.4122,0.4122,119014.0,49057.5708
2009-01-23 00:00:00,0.3955,0.3955,0.358,0.3872,71115.0,27535.728
2009-01-27 00:00:00,0.358,0.358,0.3497,0.3497,337284.0,117948.2148
2009-01-28 00:00:00,0.3497,0.3497,0.3331,0.3331,524601.0,174744.5931
2009-01-29 00:00:00,0.3414,0.3455,0.3331,0.3455,879696.0,303934.968
2009-02-02 00:00:00,0.3414,0.3414,0.3331,0.3331,7212178.0,2402376.4918
2009-02-04 00:00:00,0.3331,0.3331,0.3331,0.3331,65000.0,21651.5
2009-02-06 00:00:00,0.3331,0.3331,0.3331,0.3331,93000.0,30978.3
2009-02-09 00:00:00,0.3331,0.3331,0.3331,0.3331,30447.0,10141.895700000001
2009-02-10 00:00:00,0.3331,0.3331,0.3331,0.3331,159053.0,52980.5543
2009-02-12 00:00:00,0.3331,0.3331,0.3331,0.3331,5000.0,1665.5
2009-02-13 00:00:00,0.3331,0.3331,0.3331,0.3331,15000.0,4996.5
2009-02-17 00:00:00,0.3331,0.3331,0.3206,0.3206,77351.0,24798.7306
2009-02-18 00:00:00,0.3206,0.3206,0.3206,0.3206,1649.0,528.6694
2009-02-19 00:00:00,0.2914,0.2914,0.2914,0.2914,14545.0,4238.413
2009-02-20 00:00:00,0.3039,0.3039,0.2914,0.2914,48044.0,14000.0216
2009-02-24 00:00:00,0.2997,0.2997,0.2914,0.2914,57000.0,16609.8
2009-02-25 00:00:00,0.2914,0.2914,0.2914,0.2914,13500.0,3933.9
2009-02-26 00:00:00,0.2914,0.2914,0.2914,0.2914,11500.0,3351.1
2009-03-02 00:00:00,0.2789,0.3039,0.2748,0.3039,41600.0,12642.24
2009-03-03 00:00:00,0.2914,0.2914,0.2914,0.2914,16511.0,4811.3054
2009-03-04 00:00:00,0.2914,0.2914,0.2914,0.2914,28489.0,8301.694599999999
2009-03-05 00:00:00,0.2997,0.2997,0.2997,0.2997,5000.0,1498.5
2009-03-09 00:00:00,0.3039,0.3039,0.3039,0.3039,8400.0,2552.76
2009-03-10 00:00:00,0.3081,0.3081,0.3081,0.3081,4000.0,1232.3999999999999
2009-03-11 00:00:00,0.3164,0.3206,0.3164,0.3164,115788.0,36635.3232
2009-03-12 00:00:00,0.3122,0.3122,0.3122,0.3122,13175.0,4113.235
2009-03-16 00:00:00,0.3081,0.3164,0.3081,0.3164,11441.0,3619.9324
2009-03-17 00:00:00,0.3747,0.3747,0.3747,0.3747,12000.0,4496.4
2009-03-18 00:00:00,0.3664,0.3664,0.3664,0.3664,14000.0,5129.6
2009-03-23 00:00:00,0.3747,0.3747,0.3747,0.3747,115000.0,43090.5
2009-03-25 00:00:00,0.3331,0.3331,0.3331,0.3331,5000.0,1665.5
2009-03-26 00:00:00,0.3331,0.3331,0.3331,0.3331,1000.0,333.1
2009-03-30 00:00:00,0.3747,0.3747,0.3747,0.3747,11000.0,4121.7
2009-03-31 00:00:00,0.4163,0.4163,0.4163,0.4163,15168.0,6314.4384
2009-04-02 00:00:00,0.4663,0.4996,0.4663,0.4996,28384.0,14180.6464
2009-04-03 00:00:00,0.4746,0.4788,0.4746,0.4746,43046.0,20429.6316
2009-04-07 00:00:00,0.4746,0.4746,0.4746,0.4746,26000.0,12339.6
2009-04-08 00:00:00,0.4746,0.4746,0.4746,0.4746,2600.0,1233.96
2009-04-15 00:00:00,0.4788,0.4996,0.4788,0.4996,103054.0,51485.778399999996
2009-04-17 00:00:00,0.537,0.537,0.537,0.537,15.0,8.055
2009-04-21 00:00:00,0.4996,0.4996,0.4996,0.4996,89319.0,44623.7724
2009-04-23 00:00:00,0.4996,0.4996,0.4996,0.4996,1633.0,815.8468
2009-04-24 00:00:00,0.4746,0.4746,0.4746,0.4746,17500.0,8305.5
2009-04-27 00:00:00,0.4663,0.4663,0.4663,0.4663,2018.0,940.9934
2009-04-28 00:00:00,0.4663,0.4663,0.4663,0.4663,2982.0,1390.5066
2009-04-29 00:00:00,0.4663,0.4663,0.4663,0.4663,2453.0,1143.8339
2009-05-01 00:00:00,0.4663,0.4663,0.4663,0.4663,63380.0,29554.094
2009-05-06 00:00:00,0.4663,0.4663,0.4663,0.4663,4000.0,1865.2
2009-05-07 00:00:00,0.4746,0.4996,0.4746,0.4996,29000.0,14488.4
2009-05-08 00:00:00,0.4829,0.4829,0.4829,0.4829,28000.0,13521.2
2009-05-11 00:00:00,0.4996,0.4996,0.4996,0.4996,157202.0,78538.1192
2009-05-13 00:00:00,0.4996,0.4996,0.4996,0.4996,1000.0,499.59999999999997
2009-05-14 00:00:00,0.4996,0.4996,0.4996,0.4996,21005.0,10494.098
2009-05-18 00:00:00,0.5162,0.5162,0.4746,0.4746,32000.0,15187.2
2009-05-20 00:00:00,0.4746,0.4746,0.4579,0.4579,29005.0,13281.3895
2009-05-21 00:00:00,0.4579,0.4579,0.4579,0.4579,306.0,140.1174
2009-05-22 00:00:00,0.4663,0.4663,0.4663,0.4663,400.0,186.52
2009-05-26 00:00:00,0.4579,0.4579,0.4579,0.4579,19471.0,8915.7709
2009-05-27 00:00:00,0.4663,0.4663,0.4663,0.4663,140600.0,65561.78
2009-05-28 00:00:00,0.4579,0.4579,0.4579,0.4579,8769.0,4015.3250999999996
2009-06-01 00:00:00,0.4996,0.4996,0.4913,0.4913,14000.0,6878.2
2009-06-02 00:00:00,0.4996,0.4996,0.4996,0.4996,422000.0,210831.19999999998
2009-06-03 00:00:00,0.4996,0.4996,0.4996,0.4996,94152.0,47038.3392
2009-06-04 00:00:00,0.4996,0.5079,0.4996,0.4996,735798.0,367604.6808
2009-06-05 00:00:00,0.4996,0.4996,0.4996,0.4996,5200.0,2597.92
2009-06-09 00:00:00,0.5079,0.5079,0.5079,0.5079,42025.0,21344.4975
2009-06-10 00:00:00,0.5162,0.5246,0.5162,0.5246,15432.0,8095.627199999999
2009-06-12 00:00:00,0.5162,0.5787,0.5162,0.5787,41000.0,23726.7
2009-06-15 00:00:00,0.5454,0.5454,0.5412,0.5412,6000.0,3247.2000000000003
2009-06-16 00:00:00,0.5412,0.5412,0.5412,0.5412,10310.0,5579.772
2009-06-17 00:00:00,0.5079,0.5162,0.4996,0.5162,166500.0,85947.3
2009-06-18 00:00:00,0.5162,0.5162,0.5079,0.5079,123654.0,62803.8666
2009-06-22 00:00:00,0.5079,0.5079,0.4996,0.4996,149000.0,74440.4
2009-06-23 00:00:00,0.4913,0.4913,0.4913,0.4913,5000.0,2456.5
2009-06-24 00:00:00,0.4663,0.4663,0.4579,0.4579,7015.0,3212.1684999999998
2009-06-25 00:00:00,0.4663,0.4663,0.4579,0.4663,264253.0,123221.1739
2009-06-26 00:00:00,0.4579,0.4579,0.4579,0.4579,115934.0,53086.1786
2009-06-29 00:00:00,0.4663,0.4663,0.4579,0.4579,1254032.0,574221.2528
2009-06-30 00:00:00,0.4455,0.4579,0.433,0.4371,227092.0,99261.9132
2009-07-03 00:00:00,0.4496,0.4496,0.4496,0.4496,10000.0,4496.0
2009-07-07 00:00:00,0.4579,0.4579,0.4413,0.4413,756050.0,333644.865
2009-07-08 00:00:00,0.4413,0.4413,0.4413,0.4413,5300.0,2338.8900000000003
2009-07-14 00:00:00,0.4996,0.4996,0.4579,0.4579,31400.0,14378.06
2009-07-15 00:00:00,0.4996,0.4996,0.4996,0.4996,3650.0,1823.54
2009-07-16 00:00:00,0.4996,0.4996,0.4996,0.4996,50000.0,24980.0
2009-07-17 00:00:00,0.4996,0.4996,0.4996,0.4996,14667.0,7327.6332
2009-07-20 00:00:00,0.5079,0.5079,0.5079,0.5079,268.0,136.1172
2009-07-22 00:00:00,0.4996,0.4996,0.4996,0.4996,5000.0,2498.0
2009-07-23 00:00:00,0.4996,0.4996,0.4996,0.4996,75000.0,37470.0
2009-07-24 00:00:00,0.4996,0.4996,0.4996,0.4996,17000.0,8493.199999999999
2009-07-27 00:00:00,0.4996,0.4996,0.4996,0.4996,100000.0,49960.0
2009-07-29 00:00:00,0.4913,0.4996,0.4913,0.4996,250000.0,124900.0
2009-07-30 00:00:00,0.4829,0.4829,0.4829,0.4829,50000.0,24145.0
2009-07-31 00:00:00,0.4829,0.4829,0.4829,0.4829,170748.0,82454.2092
2009-08-04 00:00:00,0.4829,0.4996,0.4829,0.4996,18000.0,8992.8
2009-08-05 00:00:00,0.5079,0.5079,0.4996,0.5079,13980.0,7100.442
2009-08-06 00:00:00,0.5079,0.5079,0.4954,0.4996,71620.0,35781.352
2009-08-10 00:00:00,0.4829,0.4996,0.4746,0.4996,43910.0,21937.435999999998
2009-08-11 00:00:00,0.4829,0.4996,0.4829,0.4996,17798.0,8891.880799999999
2009-08-12 00:00:00,0.4871,0.4871,0.4829,0.4829,45000.0,21730.5
2009-08-13 00:00:00,0.4829,0.4996,0.4829,0.4996,128000.0,63948.799999999996
2009-08-17 00:00:00,0.4871,0.4871,0.4829,0.4829,102000.0,49255.8
2009-08-18 00:00:00,0.4746,0.4829,0.4413,0.4413,228411.0,100797.7743
2009-08-19 00:00:00,0.4829,0.4829,0.4663,0.4829,53747.0,25954.4263
2009-08-21 00:00:00,0.4746,0.4746,0.4663,0.4746,28200.0,13383.720000000001
2009-08-24 00:00:00,0.4746,0.4746,0.4663,0.4663,283562.0,132224.9606
2009-08-25 00:00:00,0.4579,0.4579,0.4413,0.4413,221500.0,97747.95000000001
2009-08-26 00:00:00,0.4579,0.4579,0.4579,0.4579,350000.0,160265.0
2009-08-27 00:00:00,0.4621,0.4663,0.4621,0.4663,7100.0,3310.73
2009-08-28 00:00:00,0.4704,0.4704,0.4621,0.4621,16000.0,7393.6
2009-08-31 00:00:00,0.4746,0.4746,0.4746,0.4746,20000.0,9492.0
2009-09-01 00:00:00,0.4621,0.4621,0.4579,0.4579,170800.0,78209.31999999999
2009-09-02 00:00:00,0.4621,0.4621,0.4579,0.4579,14000.0,6410.599999999999
2009-09-03 00:00:00,0.4579,0.4579,0.4579,0.4579,9000.0,4121.099999999999
2009-09-04 00:00:00,0.4579,0.4579,0.4579,0.4579,11500.0,5265.849999999999
2009-09-07 00:00:00,0.4579,0.4579,0.4579,0.4579,118250.0,54146.674999999996
2009-09-08 00:00:00,0.4913,0.4913,0.4913,0.4913,4200.0,2063.46
2009-09-09 00:00:00,0.4746,0.4746,0.4746,0.4746,663267.0,314786.5182
2009-09-10 00:00:00,0.4704,0.4704,0.4663,0.4663,197450.0,92070.935
2009-09-11 00:00:00,0.4663,0.4663,0.4621,0.4621,75000.0,34657.5
2009-09-14 00:00:00,0.4621,0.4621,0.4621,0.4621,11221.0,5185.2241
2009-09-15 00:00:00,0.4663,0.4663,0.4621,0.4621,41801.0,19316.2421
2009-09-16 00:00:00,0.4663,0.4663,0.4579,0.4621,280000.0,129388.0
2009-09-17 00:00:00,0.4621,0.4621,0.4579,0.4579,268710.0,123042.309
2009-09-18 00:00:00,0.4579,0.4621,0.4579,0.4621,77000.0,35581.700000000004
2009-09-21 00:00:00,0.4663,0.4663,0.4496,0.4579,1168808.0,535197.1832
2009-09-23 00:00:00,0.4579,0.4579,0.4538,0.4538,106999.0,48556.146199999996
2009-09-25 00:00:00,0.4538,0.4538,0.4538,0.4538,4500.0,2042.1
2009-09-28 00:00:00,0.4663,0.4746,0.4663,0.4746,220000.0,104412.0
2009-09-29 00:00:00,0.4788,0.4788,0.4663,0.4788,399766.0,191407.9608
2009-10-01 00:00:00,0.4788,0.4829,0.4788,0.4829,306000.0,147767.4
2009-10-05 00:00:00,0.4829,0.4954,0.4829,0.4954,250001.0,123850.4954
2009-10-07 00:00:00,0.4954,0.4954,0.4663,0.4663,25300.0,11797.39
2009-10-08 00:00:00,0.4788,0.4829,0.4746,0.4746,333484.0,158271.5064
2009-10-09 00:00:00,0.4746,0.4913,0.4746,0.4746,705229.0,334701.68340000004
2009-10-12 00:00:00,0.4871,0.4913,0.4871,0.4913,260000.0,127738.0
2009-10-13 00:00:00,0.4788,0.4954,0.4788,0.4954,4739.0,2347.7006
2009-10-14 00:00:00,0.4871,0.4871,0.4829,0.4829,27962.0,13502.8498
2009-10-15 00:00:00,0.4954,0.4954,0.4913,0.4913,108000.0,53060.4
2009-10-16 00:00:00,0.4996,0.5121,0.4996,0.4996,1891715.0,945100.814
2009-10-19 00:00:00,0.5121,0.5121,0.5121,0.5121,16216.0,8304.2136
2009-10-20 00:00:00,0.5121,0.5121,0.5121,0.5121,2689.0,1377.0369
2009-10-21 00:00:00,0.5121,0.5246,0.5121,0.5246,7550.0,3960.7299999999996
2009-10-22 00:00:00,0.5246,0.5246,0.4996,0.4996,82000.0,40967.2
2009-10-23 00:00:00,0.5037,0.5412,0.4996,0.5412,182275.0,98647.23
2009-10-26 00:00:00,0.5412,0.5412,0.5412,0.5412,60385.0,32680.362
2009-10-27 00:00:00,0.5412,0.5412,0.5329,0.5329,64303.0,34267.0687
2009-10-29 00:00:00,0.5162,0.5162,0.5037,0.5162,248735.0,128397.007
2009-10-30 00:00:00,0.5121,0.5329,0.5121,0.5329,215167.0,114662.4943
2009-11-02 00:00:00,0.5204,0.5412,0.5204,0.5412,248749.0,134622.9588
2009-11-03 00:00:00,0.5412,0.5412,0.5412,0.5412,10000.0,5412.0
2009-11-04 00:00:00,0.5329,0.5579,0.5246,0.5579,140444.0,78353.7076
2009-11-05 00:00:00,0.5579,0.5579,0.5537,0.5537,10000.0,5537.0
2009-11-06 00:00:00,0.5495,0.5495,0.5246,0.5495,347270.0,190824.865
2009-11-09 00:00:00,0.5579,0.5579,0.5579,0.5579,1013100.0,565208.49
2009-11-10 00:00:00,0.5579,0.5828,0.5579,0.5662,134064.0,75907.0368
2009-11-11 00:00:00,0.5745,0.5745,0.5745,0.5745,1190342.0,683851.479
2009-11-12 00:00:00,0.5995,0.5995,0.5704,0.5704,8000.0,4563.2
2009-11-13 00:00:00,0.5704,0.5704,0.5704,0.5704,9959.0,5680.613600000001
2009-11-16 00:00:00,0.5787,0.5912,0.5787,0.5912,37100.0,21933.519999999997
2009-11-17 00:00:00,0.5912,0.6245,0.5912,0.6245,13141.0,8206.5545
2009-11-18 00:00:00,0.5995,0.6078,0.5995,0.6078,42250.0,25679.55
2009-11-20 00:00:00,0.6245,0.6245,0.6245,0.6245,2000.0,1249.0
2009-11-23 00:00:00,0.6328,0.6661,0.6328,0.6661,22181.0,14774.7641
2009-11-24 00:00:00,0.6661,0.6661,0.6661,0.6661,5000.0,3330.5
2009-11-25 00:00:00,0.6328,0.637,0.6328,0.637,42263.0,26921.531
2009-11-26 00:00:00,0.637,0.6536,0.637,0.6536,15000.0,9804.0
2009-11-27 00:00:00,0.637,0.6411,0.6328,0.6328,206641.0,130762.42480000001
2009-11-30 00:00:00,0.6328,0.6328,0.6286,0.6328,73426.0,46463.9728
2009-12-01 00:00:00,0.6328,0.6328,0.6328,0.6328,34510.0,21837.928
2009-12-02 00:00:00,0.6328,0.6328,0.6328,0.6328,49500.0,31323.600000000002
2009-12-03 00:00:00,0.6578,0.6578,0.6578,0.6578,650.0,427.57000000000005
2009-12-07 00:00:00,0.6578,0.6661,0.6578,0.6661,120000.0,79932.0
2009-12-08 00:00:00,0.6661,0.6661,0.6411,0.6411,47912.0,30716.3832
2009-12-09 00:00:00,0.6453,0.6453,0.6453,0.6453,11798.0,7613.2494
2009-12-10 00:00:00,0.6453,0.6453,0.6453,0.6453,23700.0,15293.609999999999
2009-12-11 00:00:00,0.6661,0.6661,0.6536,0.6536,20500.0,13398.8
2009-12-14 00:00:00,0.6619,0.6661,0.6619,0.6661,37425.0,24928.7925
2009-12-15 00:00:00,0.6744,0.6744,0.6744,0.6744,3475.0,2343.54
2009-12-16 00:00:00,0.6578,0.6661,0.6495,0.6661,60500.0,40299.05
2009-12-17 00:00:00,0.6661,0.6661,0.6661,0.6661,200000.0,133220.0
2009-12-18 00:00:00,0.6661,0.6661,0.6661,0.6661,154000.0,102579.40000000001
2009-12-21 00:00:00,0.6828,0.6828,0.6495,0.6495,12500.0,8118.75
2009-12-29 00:00:00,0.6578,0.6578,0.6495,0.6495,6500.0,4221.75
2010-01-05 00:00:00,0.6828,0.6828,0.6744,0.6744,45900.0,30954.96
2010-01-06 00:00:00,0.6744,0.6744,0.6744,0.6744,5000.0,3372.0
2010-01-07 00:00:00,0.6744,0.6786,0.6744,0.6744,51400.0,34664.16
2010-01-08 00:00:00,0.6744,0.6744,0.6619,0.6619,8050.0,5328.295
2010-01-11 00:00:00,0.6661,0.6661,0.6661,0.6661,35000.0,23313.5
2010-01-13 00:00:00,0.6661,0.6661,0.6453,0.6453,20000.0,12906.0
2010-01-14 00:00:00,0.6453,0.6453,0.6245,0.6328,5877.0,3718.9656
2010-01-15 00:00:00,0.6578,0.6661,0.6578,0.6661,105730.0,70426.753
2010-01-18 00:00:00,0.6578,0.6578,0.6578,0.6578,65000.0,42757.0
2010-01-19 00:00:00,0.6495,0.6661,0.6495,0.6661,40431.0,26931.0891
2010-01-20 00:00:00,0.6703,0.6744,0.6703,0.6744,116000.0,78230.4
2010-01-21 00:00:00,0.6703,0.6744,0.6411,0.6411,27005.0,17312.9055
2010-01-22 00:00:00,0.6411,0.6661,0.6411,0.6661,88000.0,58616.8
2010-01-25 00:00:00,0.6578,0.6578,0.637,0.6411,99995.0,64106.7945
2010-01-27 00:00:00,0.6411,0.6411,0.6411,0.6411,17412.0,11162.833200000001
2010-01-29 00:00:00,0.6328,0.6578,0.6245,0.6245,56003.0,34973.8735
2010-02-01 00:00:00,0.6161,0.6161,0.6161,0.6161,2750.0,1694.2749999999999
2010-02-02 00:00:00,0.6161,0.6245,0.6078,0.6161,22000.0,13554.199999999999
2010-02-04 00:00:00,0.6161,0.6161,0.6161,0.6161,2689.0,1656.6929
2010-02-05 00:00:00,0.6078,0.6161,0.6078,0.6161,9005.0,5547.9805
2010-02-08 00:00:00,0.6078,0.6078,0.6078,0.6078,4405.0,2677.359
2010-02-09 00:00:00,0.6245,0.6411,0.6078,0.6411,45211.0,28984.772100000002
2010-02-10 00:00:00,0.6411,0.6411,0.6078,0.6078,20000.0,12156.0
2010-02-16 00:00:00,0.6161,0.6161,0.6161,0.6161,9055.0,5578.7855
2010-02-17 00:00:00,0.6161,0.6328,0.6161,0.6328,7000.0,4429.6
2010-02-19 00:00:00,0.612,0.6411,0.612,0.6411,8031.0,5148.6741
2010-02-22 00:00:00,0.6161,0.6245,0.6161,0.6161,66316.0,40857.287599999996
2010-02-23 00:00:00,0.6203,0.637,0.6203,0.637,145300.0,92556.1
2010-02-24 00:00:00,0.6203,0.6203,0.6203,0.6203,25160.0,15606.748
2010-02-25 00:00:00,0.6328,0.6411,0.6203,0.6203,75229.0,46664.5487
2010-02-26 00:00:00,0.6203,0.6203,0.6203,0.6203,505000.0,313251.5
2010-03-01 00:00:00,0.6411,0.6411,0.6411,0.6411,24007.0,15390.8877
2010-03-02 00:00:00,0.6495,0.6495,0.6495,0.6495,8000.0,5196.0
2010-03-03 00:00:00,0.6578,0.6578,0.6578,0.6578,23445.0,15422.121000000001
2010-03-04 00:00:00,0.6495,0.6536,0.6495,0.6536,22310.0,14581.815999999999
2010-03-05 00:00:00,0.6578,0.6619,0.6578,0.6619,21500.0,14230.85
2010-03-08 00:00:00,0.6619,0.6703,0.6619,0.6661,62793.0,41826.4173
2010-03-11 00:00:00,0.6536,0.6536,0.6536,0.6536,4000.0,2614.3999999999996
2010-03-15 00:00:00,0.6661,0.6661,0.6661,0.6661,32625.0,21731.5125
2010-03-16 00:00:00,0.6578,0.6578,0.6578,0.6578,20000.0,13156.000000000002
2010-03-18 00:00:00,0.6578,0.6578,0.6536,0.6536,32500.0,21242.0
2010-03-19 00:00:00,0.6578,0.6661,0.6578,0.6661,726367.0,483833.0587
2010-03-22 00:00:00,0.6661,0.6661,0.6661,0.6661,38000.0,25311.8
2010-03-23 00:00:00,0.6495,0.6495,0.6495,0.6495,5000.0,3247.5
2010-03-24 00:00:00,0.6661,0.6661,0.6661,0.6661,2000.0,1332.2
2010-03-25 00:00:00,0.6661,0.6661,0.6661,0.6661,227480.0,151524.428
2010-03-29 00:00:00,0.6661,0.6661,0.6661,0.6661,35000.0,23313.5
2010-03-30 00:00:00,0.6411,0.6661,0.6411,0.6661,101000.0,67276.1
2010-03-31 00:00:00,0.6411,0.6661,0.6411,0.6661,108500.0,72271.85
2010-04-06 00:00:00,0.6661,0.6661,0.6661,0.6661,17000.0,11323.7
2010-04-07 00:00:00,0.6661,0.6661,0.6661,0.6661,6440.0,4289.684
2010-04-08 00:00:00,0.6661,0.6661,0.6661,0.6661,64050.0,42663.705
2010-04-09 00:00:00,0.6703,0.6703,0.6703,0.6703,5000.0,3351.5
2010-04-12 00:00:00,0.6661,0.6661,0.6661,0.6661,985.0,656.1085
2010-04-13 00:00:00,0.6661,0.6661,0.6661,0.6661,30260.0,20156.186
2010-04-14 00:00:00,0.6619,0.6661,0.6619,0.6661,3740.0,2491.214
2010-04-15 00:00:00,0.6661,0.6661,0.6619,0.6619,30362.0,20096.6078
2010-04-19 00:00:00,0.6619,0.6619,0.6619,0.6619,16500.0,10921.35
2010-04-21 00:00:00,0.6495,0.6495,0.6495,0.6495,20.0,12.989999999999998
2010-04-22 00:00:00,0.6619,0.6744,0.6619,0.6661,158235.0,105400.33350000001
2010-04-27 00:00:00,0.6661,0.6661,0.6661,0.6661,33028.0,21999.950800000002
2010-04-28 00:00:00,0.6495,0.6661,0.6495,0.6661,8625.0,5745.1125
2010-04-29 00:00:00,0.6661,0.6661,0.6661,0.6661,1042.0,694.0762
2010-05-03 00:00:00,0.6578,0.6578,0.6578,0.6578,7000.0,4604.6
2010-05-04 00:00:00,0.6495,0.6578,0.6495,0.6578,2500.0,1644.5000000000002
2010-05-05 00:00:00,0.6495,0.6661,0.6495,0.6495,127218.0,82628.091
2010-05-06 00:00:00,0.6661,0.6661,0.6495,0.6495,49845.0,32374.3275
2010-05-07 00:00:00,0.6411,0.6578,0.6411,0.6578,33750.0,22200.75
2010-05-10 00:00:00,0.6411,0.6661,0.6411,0.6536,724142.0,473299.21119999996
2010-05-11 00:00:00,0.6703,0.6703,0.6703,0.6703,426.0,285.5478
2010-05-14 00:00:00,0.6453,0.6661,0.6453,0.6661,26348.0,17550.4028
2010-05-17 00:00:00,0.6661,0.6661,0.6661,0.6661,17535.0,11680.0635
2010-05-18 00:00:00,0.6661,0.6661,0.6661,0.6661,24452.0,16287.477200000001
2010-05-19 00:00:00,0.6578,0.6578,0.6578,0.6578,34528.0,22712.5184
2010-05-20 00:00:00,0.6661,0.6661,0.6661,0.6661,52739.0,35129.4479
2010-05-21 00:00:00,0.6661,0.6661,0.6578,0.6661,38699.0,25777.4039
2010-05-25 00:00:00,0.6661,0.6661,0.6245,0.6286,9239.0,5807.6354
2010-05-26 00:00:00,0.6619,0.6661,0.6286,0.6286,102646.0,64523.27560000001
2010-05-27 00:00:00,0.6286,0.6661,0.6286,0.6328,509000.0,322095.2
2010-05-28 00:00:00,0.6661,0.6661,0.6495,0.6661,98751.0,65778.0411
2010-05-31 00:00:00,0.6661,0.6744,0.6661,0.6744,7847.0,5292.0168
2010-06-01 00:00:00,0.6661,0.6661,0.6328,0.6328,5301.0,3354.4728
2010-06-02 00:00:00,0.6328,0.6328,0.6328,0.6328,1002269.0,634235.8232
2010-06-03 00:00:00,0.6328,0.6328,0.6328,0.6328,938.0,593.5664
2010-06-04 00:00:00,0.6411,0.6411,0.6411,0.6411,3000.0,1923.3
2010-06-09 00:00:00,0.6411,0.6411,0.6411,0.6411,5071.0,3251.0181000000002
2010-06-10 00:00:00,0.6411,0.6495,0.6411,0.6453,8406.0,5424.391799999999
2010-06-11 00:00:00,0.6453,0.6453,0.6411,0.6411,2108.0,1351.4388
2010-06-15 00:00:00,0.6411,0.6661,0.637,0.6661,14832.0,9879.5952
2010-06-16 00:00:00,0.6661,0.6744,0.6661,0.6744,39507.0,26643.5208
2010-06-17 00:00:00,0.6744,0.6744,0.6661,0.6744,72752.0,49063.9488
2010-06-18 00:00:00,0.6744,0.6744,0.6661,0.6661,360824.0,240344.8664
2010-06-21 00:00:00,0.6744,0.6744,0.6744,0.6744,14617.0,9857.7048
2010-06-22 00:00:00,0.6661,0.6661,0.6619,0.6661,14637.0,9749.7057
2010-06-23 00:00:00,0.6744,0.6828,0.6744,0.6828,1700.0,1160.76
2010-06-25 00:00:00,0.6661,0.6661,0.6661,0.6661,34985.0,23303.5085
2010-06-28 00:00:00,0.6661,0.6744,0.6661,0.6744,25012.0,16868.0928
2010-06-29 00:00:00,0.6495,0.6744,0.6495,0.6744,15003.0,10118.0232
2010-06-30 00:00:00,0.6744,0.6744,0.6661,0.6661,110000.0,73271.0
2010-07-01 00:00:00,0.6661,0.6661,0.6661,0.6661,20552.0,13689.6872
2010-07-05 00:00:00,0.6828,0.6828,0.6828,0.6828,30000.0,20484.0
2010-07-06 00:00:00,0.6661,0.6828,0.6661,0.6828,24833.0,16955.9724
2010-07-07 00:00:00,0.6828,0.6828,0.6828,0.6828,5326.0,3636.5928
2010-07-08 00:00:00,0.6828,0.6869,0.6703,0.6869,36783.0,25266.2427
2010-07-09 00:00:00,0.6869,0.6869,0.6869,0.6869,5247.0,3604.1643
2010-07-12 00:00:00,0.6869,0.6952,0.6869,0.6911,46608.0,32210.788800000002
2010-07-13 00:00:00,0.6911,0.6994,0.6911,0.6994,135498.0,94767.3012
2010-07-15 00:00:00,0.6994,0.6994,0.6911,0.6994,38704.0,27069.5776
2010-07-19 00:00:00,0.6994,0.6994,0.6994,0.6994,487.0,340.6078
2010-07-23 00:00:00,0.6661,0.6911,0.6661,0.6911,10000.0,6911.000000000001
2010-07-26 00:00:00,0.6911,0.6911,0.6911,0.6911,10000.0,6911.000000000001
2010-07-27 00:00:00,0.6911,0.6911,0.6911,0.6911,2000.0,1382.2
2010-07-28 00:00:00,0.6786,0.6786,0.6786,0.6786,3300.0,2239.38
2010-07-29 00:00:00,0.6578,0.6661,0.6578,0.6661,14000.0,9325.4
2010-07-30 00:00:00,0.6744,0.6744,0.6744,0.6744,2000.0,1348.8
2010-08-02 00:00:00,0.6744,0.6744,0.6744,0.6744,1000.0,674.4
2010-08-03 00:00:00,0.6869,0.6911,0.6661,0.6703,13586.0,9106.6958
2010-08-04 00:00:00,0.6661,0.6994,0.6661,0.6994,11567.0,8089.9598000000005
2010-08-05 00:00:00,0.6828,0.6911,0.6786,0.6911,18512.0,12793.6432
2010-08-06 00:00:00,0.6994,0.7077,0.6661,0.7077,19526.0,13818.5502
2010-08-09 00:00:00,0.6994,0.6994,0.6994,0.6994,129500.0,90572.3
2010-08-10 00:00:00,0.6911,0.6994,0.6661,0.6994,79600.0,55672.240000000005
2010-08-11 00:00:00,0.6994,0.6994,0.6994,0.6994,140712.0,98413.9728
2010-08-12 00:00:00,0.6828,0.7036,0.6661,0.7036,394610.0,277647.596
2010-08-13 00:00:00,0.6994,0.6994,0.6994,0.6994,226020.0,158078.388
2010-08-16 00:00:00,0.7036,0.7077,0.6994,0.6994,12476.0,8725.7144
2010-08-20 00:00:00,0.6994,0.6994,0.6994,0.6994,72700.0,50846.380000000005
2010-08-24 00:00:00,0.6994,0.7161,0.6994,0.7161,8961.0,6416.9721
2010-08-26 00:00:00,0.6828,0.6828,0.6828,0.6828,14000.0,9559.199999999999
2010-08-27 00:00:00,0.6828,0.6828,0.6828,0.6828,400.0,273.12
2010-09-01 00:00:00,0.7077,0.7119,0.6994,0.6994,27476.0,19216.7144
2010-09-02 00:00:00,0.6994,0.6994,0.6869,0.6869,16000.0,10990.4
2010-09-03 00:00:00,0.6869,0.6911,0.6869,0.6911,3100.0,2142.4100000000003
2010-09-06 00:00:00,0.6869,0.6869,0.6869,0.6869,476.0,326.96439999999996
2010-09-07 00:00:00,0.6744,0.6744,0.6744,0.6744,476.0,321.0144
2010-09-08 00:00:00,0.6744,0.6744,0.6703,0.6744,14098.0,9507.6912
2010-09-09 00:00:00,0.6828,0.6828,0.6828,0.6828,5000.0,3414.0
2010-09-10 00:00:00,0.6828,0.6911,0.6828,0.6869,11238.0,7719.382199999999
2010-09-13 00:00:00,0.6869,0.6869,0.6869,0.6869,11238.0,7719.382199999999
2010-09-14 00:00:00,0.6994,0.7077,0.6828,0.7077,173100.0,122502.87
2010-09-15 00:00:00,0.7077,0.7077,0.7077,0.7077,140000.0,99078.0
2010-09-16 00:00:00,0.6911,0.6911,0.6911,0.6911,4800.0,3317.28
2010-09-20 00:00:00,0.6952,0.6994,0.6952,0.6994,5400.0,3776.76
2010-09-22 00:00:00,0.7119,0.7161,0.7119,0.7161,30000.0,21483.0
2010-09-24 00:00:00,0.7161,0.7161,0.7161,0.7161,1175.0,841.4174999999999
2010-09-28 00:00:00,0.7161,0.7161,0.7161,0.7161,18060.0,12932.766
2010-10-01 00:00:00,0.7244,0.7244,0.7244,0.7244,1000.0,724.4000000000001
2010-10-04 00:00:00,0.7244,0.7244,0.7244,0.7244,219.0,158.64360000000002
2010-10-06 00:00:00,0.791,0.791,0.791,0.791,1100.0,870.1
2010-10-19 00:00:00,0.791,0.7952,0.791,0.791,20050.0,15859.550000000001
2010-10-20 00:00:00,0.791,0.791,0.7785,0.7785,11016.0,8575.956
2010-10-21 00:00:00,0.7785,0.8118,0.7577,0.7577,32000.0,24246.4
2010-10-25 00:00:00,0.766,0.766,0.7077,0.7161,65324.0,46778.5164
2010-10-27 00:00:00,0.7161,0.7161,0.7161,0.7161,5000.0,3580.5
2010-10-28 00:00:00,0.7744,0.7744,0.7744,0.7744,538.0,416.6272
2010-11-03 00:00:00,0.741,0.7494,0.741,0.7494,4329.0,3244.1526
2010-11-04 00:00:00,0.7494,0.7494,0.7494,0.7494,1600.0,1199.04
2010-11-05 00:00:00,0.766,0.791,0.7619,0.7619,29524.0,22494.335600000002
2010-11-10 00:00:00,0.7744,0.7744,0.7744,0.7744,54220.0,41987.968
2010-11-11 00:00:00,0.7577,0.7577,0.7577,0.7577,1000.0,757.7
2010-11-12 00:00:00,0.7577,0.7577,0.7577,0.7577,5500.0,4167.35
2010-11-19 00:00:00,0.766,0.766,0.7494,0.7619,13277.0,10115.7463
2010-11-22 00:00:00,0.766,0.766,0.766,0.766,6450.0,4940.7
2010-11-23 00:00:00,0.766,0.766,0.766,0.766,3000.0,2298.0
2010-11-30 00:00:00,0.7827,0.7827,0.7827,0.7827,5665.0,4433.9955
2010-12-02 00:00:00,0.766,0.766,0.766,0.766,4557.0,3490.6620000000003
2010-12-03 00:00:00,0.7785,0.7785,0.766,0.766,2224.0,1703.584
2010-12-06 00:00:00,0.7744,0.7785,0.766,0.7785,6079.0,4732.501499999999
2010-12-07 00:00:00,0.766,0.766,0.7577,0.7577,5550.0,4205.235000000001
2010-12-13 00:00:00,0.766,0.766,0.766,0.766,1065.0,815.79
2010-12-14 00:00:00,0.7619,0.7619,0.7619,0.7619,6987.0,5323.3953
2010-12-15 00:00:00,0.766,0.766,0.7577,0.7577,6663.0,5048.5551000000005
2010-12-17 00:00:00,0.7494,0.7494,0.7494,0.7494,10600.0,7943.639999999999
2010-12-20 00:00:00,0.7494,0.7494,0.7494,0.7494,5584.0,4184.6496
2010-12-21 00:00:00,0.7494,0.7494,0.7494,0.7494,3400.0,2547.96
2010-12-22 00:00:00,0.7577,0.7577,0.7535,0.7535,10056.0,7577.196
2010-12-31 00:00:00,0.7535,0.7535,0.7535,0.7535,6000.0,4521.0
2011-01-04 00:00:00,0.7494,0.7494,0.7494,0.7494,20639.0,15466.8666
2011-01-05 00:00:00,0.7494,0.7494,0.7494,0.7494,5000.0,3747.0
2011-01-06 00:00:00,0.7494,0.7577,0.7494,0.7577,6350.0,4811.395
2011-01-07 00:00:00,0.766,0.766,0.7577,0.7577,4273.0,3237.6521000000002
2011-01-10 00:00:00,0.7494,0.7577,0.7494,0.7577,4306.0,3262.6562000000004
2011-01-11 00:00:00,0.7494,0.7494,0.7452,0.7494,1016255.0,761581.497
2011-01-12 00:00:00,0.7494,0.7494,0.7494,0.7494,2000.0,1498.8
2011-01-14 00:00:00,0.7494,0.7494,0.7494,0.7494,2905.0,2177.007
2011-01-17 00:00:00,0.7494,0.7494,0.7452,0.7494,38448.0,28812.9312
2011-01-18 00:00:00,0.7494,0.7577,0.7494,0.7577,13650.0,10342.605000000001
2011-01-20 00:00:00,0.7577,0.7577,0.7577,0.7577,1300.0,985.0100000000001
2011-01-21 00:00:00,0.7577,0.7577,0.7577,0.7577,13621.0,10320.6317
2011-01-24 00:00:00,0.7577,0.7577,0.7577,0.7577,4361.0,3304.3297000000002
2011-01-27 00:00:00,0.7577,0.7577,0.7577,0.7577,3270.0,2477.679
2011-01-28 00:00:00,0.7494,0.7494,0.7494,0.7494,32983.0,24717.460199999998
2011-02-01 00:00:00,0.7535,0.7535,0.7494,0.7494,6340.0,4751.196
2011-02-02 00:00:00,0.7494,0.7494,0.7494,0.7494,15794.0,11836.023599999999
2011-02-03 00:00:00,0.7494,0.7494,0.7494,0.7494,95000.0,71193.0
2011-02-04 00:00:00,0.7494,0.7494,0.7452,0.7452,11248.0,8382.0096
2011-02-07 00:00:00,0.7244,0.7244,0.6994,0.7036,23053.0,16220.0908
2011-02-08 00:00:00,0.7161,0.7161,0.7161,0.7161,10000.0,7161.0
2011-02-11 00:00:00,0.7494,0.7494,0.7494,0.7494,39878.0,29884.5732
2011-02-14 00:00:00,0.7494,0.7494,0.7494,0.7494,40112.0,30059.9328
2011-02-15 00:00:00,0.7494,0.7494,0.7494,0.7494,11065.0,8292.110999999999
2011-02-16 00:00:00,0.7494,0.7494,0.7494,0.7494,95487.0,71557.95779999999
2011-02-17 00:00:00,0.7535,0.7577,0.7535,0.7535,44771.0,33734.9485
2011-02-18 00:00:00,0.7494,0.7494,0.7452,0.7494,24503.0,18362.548199999997
2011-02-21 00:00:00,0.7494,0.7494,0.7494,0.7494,7614.0,5705.9316
2011-02-22 00:00:00,0.7494,0.7494,0.7494,0.7494,2031026.0,1522050.8843999999
2011-02-23 00:00:00,0.7577,0.7577,0.7577,0.7577,8500.0,6440.450000000001
2011-03-01 00:00:00,0.7577,0.7577,0.7577,0.7577,16600.0,12577.820000000002
2011-03-03 00:00:00,0.7577,0.7577,0.7577,0.7577,410.0,310.65700000000004
2011-03-07 00:00:00,0.766,0.766,0.7494,0.7494,2300.0,1723.62
2011-03-14 00:00:00,0.7327,0.7494,0.7286,0.7286,114532.0,83448.01520000001
2011-03-16 00:00:00,0.7244,0.7244,0.7244,0.7244,200.0,144.88
2011-03-17 00:00:00,0.7244,0.7244,0.7244,0.7244,6000.0,4346.400000000001
2011-03-22 00:00:00,0.7327,0.7327,0.7327,0.7327,7543.0,5526.7561000000005
2011-03-24 00:00:00,0.7327,0.7327,0.7327,0.7327,518.0,379.53860000000003
2011-03-25 00:00:00,0.7327,0.7369,0.7244,0.7244,2552.0,1848.6688000000001
2011-03-28 00:00:00,0.7494,0.7494,0.7452,0.7494,68000.0,50959.2
2011-03-29 00:00:00,0.741,0.741,0.741,0.741,2000.0,1482.0
2011-03-31 00:00:00,0.7369,0.741,0.7369,0.741,40188.0,29779.308
2011-04-04 00:00:00,0.7494,0.7494,0.741,0.7494,1937.0,1451.5878
2011-04-05 00:00:00,0.741,0.741,0.741,0.741,221.0,163.761
2011-04-06 00:00:00,0.741,0.741,0.741,0.741,26000.0,19266.0
2011-04-07 00:00:00,0.7494,0.7494,0.741,0.741,21000.0,15561.0
2011-04-08 00:00:00,0.741,0.741,0.741,0.741,2263.0,1676.883
2011-04-11 00:00:00,0.741,0.741,0.741,0.741,2000.0,1482.0
2011-04-12 00:00:00,0.741,0.741,0.741,0.741,62950.0,46645.95
2011-04-19 00:00:00,0.741,0.741,0.741,0.741,10730.0,7950.93
2011-04-20 00:00:00,0.741,0.741,0.741,0.741,1591.0,1178.931
2011-04-21 00:00:00,0.741,0.741,0.741,0.741,43000.0,31863.0
2011-04-28 00:00:00,0.741,0.741,0.741,0.741,24752.0,18341.232
2011-04-29 00:00:00,0.7494,0.7494,0.741,0.741,14812.0,10975.692
2011-05-02 00:00:00,0.741,0.741,0.741,0.741,8700.0,6446.7
2011-05-03 00:00:00,0.741,0.741,0.741,0.741,26591.0,19703.931
2011-05-04 00:00:00,0.7494,0.7494,0.7494,0.7494,10000.0,7494.0
2011-05-05 00:00:00,0.741,0.741,0.741,0.741,2897.0,2146.677
2011-05-09 00:00:00,0.7494,0.7494,0.741,0.741,76137.0,56417.517
2011-05-10 00:00:00,0.7494,0.7494,0.7494,0.7494,56000.0,41966.399999999994
2011-05-11 00:00:00,0.7494,0.7494,0.7494,0.7494,10000.0,7494.0
2011-05-12 00:00:00,0.7452,0.7452,0.7452,0.7452,3164.0,2357.8127999999997
2011-05-13 00:00:00,0.7452,0.7494,0.7452,0.7452,26922.0,20062.2744
2011-05-16 00:00:00,0.7452,0.7452,0.7452,0.7452,52551.0,39161.0052
2011-05-18 00:00:00,0.7494,0.7494,0.7452,0.7452,52923.0,39438.2196
2011-05-19 00:00:00,0.7452,0.7452,0.741,0.741,8738.0,6474.858
2011-05-20 00:00:00,0.741,0.741,0.741,0.741,5040.0,3734.64
2011-05-24 00:00:00,0.7494,0.7494,0.7494,0.7494,104000.0,77937.59999999999
2011-05-25 00:00:00,0.7077,0.7077,0.7077,0.7077,2160.0,1528.632
2011-05-26 00:00:00,0.7077,0.7119,0.7077,0.7077,32476.0,22983.2652
2011-05-27 00:00:00,0.7077,0.7119,0.7077,0.7119,18572.0,13221.406799999999
2011-05-31 00:00:00,0.7494,0.7494,0.7369,0.7369,42099.0,31022.7531
2011-06-06 00:00:00,0.7161,0.7161,0.7161,0.7161,4526.0,3241.0685999999996
2011-06-07 00:00:00,0.7119,0.7119,0.7119,0.7119,4000.0,2847.6
2011-06-08 00:00:00,0.7119,0.7119,0.7119,0.7119,500.0,355.95
2011-06-09 00:00:00,0.7244,0.7327,0.7244,0.7327,4140.0,3033.378
2011-06-14 00:00:00,0.7327,0.7327,0.7327,0.7327,65200.0,47772.04
2011-06-15 00:00:00,0.7327,0.7327,0.7327,0.7327,2100.0,1538.67
2011-06-16 00:00:00,0.7327,0.7327,0.7327,0.7327,3850.0,2820.895
2011-06-21 00:00:00,0.7327,0.7327,0.7327,0.7327,19050.0,13957.935
2011-06-22 00:00:00,0.7119,0.7327,0.7119,0.7327,53000.0,38833.1
2011-06-23 00:00:00,0.7119,0.7119,0.7119,0.7119,13000.0,9254.699999999999
2011-06-24 00:00:00,0.7077,0.7077,0.7077,0.7077,2395.0,1694.9415
2011-06-29 00:00:00,0.7161,0.7161,0.7161,0.7161,5400.0,3866.9399999999996
2011-07-01 00:00:00,0.7161,0.7161,0.7161,0.7161,14000.0,10025.4
2011-07-06 00:00:00,0.7286,0.7286,0.7286,0.7286,4000.0,2914.4
2011-07-07 00:00:00,0.741,0.7452,0.741,0.7452,17629.0,13137.130799999999
2011-07-12 00:00:00,0.7452,0.7494,0.7452,0.7494,3110694.0,2331154.0836
2011-07-13 00:00:00,0.7494,0.7494,0.7494,0.7494,19091.0,14306.795399999999
2011-07-18 00:00:00,0.7161,0.7161,0.7161,0.7161,2363.0,1692.1443
2011-07-22 00:00:00,0.7244,0.7244,0.7161,0.7161,2000.0,1432.1999999999998
2011-07-25 00:00:00,0.741,0.741,0.7161,0.7161,12411.0,8887.5171
2011-07-26 00:00:00,0.741,0.741,0.741,0.741,35500.0,26305.5
2011-07-27 00:00:00,0.741,0.7494,0.741,0.7494,2550.0,1910.9699999999998
2011-07-29 00:00:00,0.7494,0.7494,0.7494,0.7494,5100.0,3821.9399999999996
2011-08-03 00:00:00,0.7327,0.7327,0.7327,0.7327,15000.0,10990.5
2011-08-04 00:00:00,0.7494,0.7494,0.7494,0.7494,2650.0,1985.9099999999999
2011-08-05 00:00:00,0.7494,0.7494,0.7077,0.7077,13550.0,9589.335
2011-08-08 00:00:00,0.7077,0.7244,0.7077,0.7244,10075.0,7298.330000000001
2011-08-09 00:00:00,0.7077,0.7077,0.6994,0.7077,30100.0,21301.77
2011-08-10 00:00:00,0.7161,0.7161,0.7161,0.7161,18755.0,13430.4555
2011-08-12 00:00:00,0.7077,0.7077,0.7077,0.7077,20000.0,14154.0
2011-08-17 00:00:00,0.7077,0.7161,0.7077,0.7077,11770.0,8329.629
2011-08-18 00:00:00,0.7077,0.7077,0.7077,0.7077,10236.0,7244.0172
2011-08-30 00:00:00,0.7077,0.7077,0.7077,0.7077,25000.0,17692.5
2011-08-31 00:00:00,0.7077,0.7077,0.7077,0.7077,6500.0,4600.05
2011-09-01 00:00:00,0.7119,0.7119,0.7077,0.7077,21460.0,15187.242
2011-09-05 00:00:00,0.7077,0.7077,0.7077,0.7077,10000.0,7077.0
2011-09-12 00:00:00,0.7161,0.7161,0.7077,0.7077,14200.0,10049.34
2011-09-13 00:00:00,0.7077,0.7077,0.7077,0.7077,37757.0,26720.6289
2011-09-21 00:00:00,0.7119,0.7119,0.7119,0.7119,3000.0,2135.7
2011-09-22 00:00:00,0.7119,0.7119,0.7077,0.7077,31700.0,22434.09
2011-09-26 00:00:00,0.7077,0.7077,0.7077,0.7077,25000.0,17692.5
2011-09-27 00:00:00,0.6661,0.6661,0.6661,0.6661,20495.0,13651.719500000001
2011-10-04 00:00:00,0.6744,0.6744,0.6661,0.6661,20000.0,13322.0
2011-10-05 00:00:00,0.6661,0.6828,0.6661,0.6828,11867.0,8102.7876
2011-10-06 00:00:00,0.6828,0.6828,0.6828,0.6828,370.0,252.636
2011-10-12 00:00:00,0.7327,0.7327,0.7327,0.7327,900.0,659.4300000000001
2011-10-18 00:00:00,0.6911,0.6911,0.6911,0.6911,30000.0,20733.0
2011-10-21 00:00:00,0.7327,0.7494,0.7327,0.7494,22081.0,16547.501399999997
2011-10-24 00:00:00,0.7702,0.7702,0.7702,0.7702,16432.0,12655.9264
2011-10-28 00:00:00,0.7202,0.7202,0.7077,0.7077,13200.0,9341.64
2011-10-31 00:00:00,0.7244,0.7244,0.7244,0.7244,3200.0,2318.08
2011-11-15 00:00:00,0.7077,0.7077,0.7077,0.7077,15171.0,10736.5167
2011-11-16 00:00:00,0.7077,0.7077,0.7077,0.7077,5300.0,3750.81
2011-11-17 00:00:00,0.7077,0.7077,0.7077,0.7077,8052.0,5698.4003999999995
2011-11-21 00:00:00,0.7077,0.7077,0.7077,0.7077,131100.0,92779.47
2011-11-25 00:00:00,0.7077,0.7077,0.6911,0.6911,20000.0,13822.000000000002
2011-11-28 00:00:00,0.6911,0.6911,0.6911,0.6911,10000.0,6911.000000000001
2011-11-30 00:00:00,0.7244,0.7286,0.7244,0.7286,50000.0,36430.0
2011-12-02 00:00:00,0.7077,0.7077,0.7077,0.7077,3000.0,2123.1
2011-12-07 00:00:00,0.7327,0.7327,0.7327,0.7327,450.0,329.71500000000003
2011-12-09 00:00:00,0.7327,0.7327,0.7327,0.7327,16725.0,12254.407500000001
2011-12-12 00:00:00,0.7327,0.7327,0.7327,0.7327,47000.0,34436.9
2011-12-14 00:00:00,0.7244,0.7327,0.6952,0.6952,47100.0,32743.920000000002
2011-12-15 00:00:00,0.7244,0.7244,0.7244,0.7244,33000.0,23905.2
2011-12-16 00:00:00,0.7244,0.7244,0.7244,0.7244,20000.0,14488.0
2011-12-19 00:00:00,0.7327,0.7702,0.7327,0.7702,6644.0,5117.2088
2011-12-20 00:00:00,0.7327,0.7327,0.7327,0.7327,5900.0,4322.93
2011-12-23 00:00:00,0.7327,0.7327,0.7327,0.7327,1564.0,1145.9428
2012-01-11 00:00:00,0.7077,0.7077,0.6994,0.6994,35000.0,24479.0
2012-01-12 00:00:00,0.7077,0.7286,0.7077,0.7077,23317.0,16501.4409
2012-01-19 00:00:00,0.7077,0.7077,0.7077,0.7077,20000.0,14154.0
2012-01-20 00:00:00,0.7244,0.7244,0.7244,0.7244,7000.0,5070.8
2012-01-23 00:00:00,0.7161,0.7161,0.7161,0.7161,718.0,514.1598
2012-01-24 00:00:00,0.7161,0.7161,0.7161,0.7161,500.0,358.04999999999995
2012-01-25 00:00:00,0.7161,0.7161,0.7161,0.7161,1000.0,716.0999999999999
2012-01-27 00:00:00,0.7161,0.7161,0.7161,0.7161,5291.0,3788.8851
2012-01-30 00:00:00,0.7244,0.766,0.7244,0.766,12491.0,9568.106
2012-02-02 00:00:00,0.7452,0.7494,0.7452,0.7494,100000.0,74940.0
2012-02-06 00:00:00,0.7327,0.7327,0.7327,0.7327,2477.0,1814.8979
2012-02-09 00:00:00,0.7327,0.7327,0.7327,0.7327,43213.0,31662.165100000002
2012-02-14 00:00:00,0.7327,0.7327,0.7327,0.7327,7000.0,5128.900000000001
2012-02-23 00:00:00,0.7077,0.7077,0.7077,0.7077,51020.0,36106.854
2012-02-27 00:00:00,0.7161,0.7161,0.7161,0.7161,500.0,358.04999999999995
2012-02-28 00:00:00,0.7161,0.7161,0.7161,0.7161,5000.0,3580.5
2012-03-01 00:00:00,0.7161,0.7161,0.7077,0.7077,21615.0,15296.9355
2012-03-02 00:00:00,0.7077,0.7077,0.7077,0.7077,5171.0,3659.5167
2012-03-06 00:00:00,0.7119,0.7119,0.7077,0.7077,13000.0,9200.1
2012-03-08 00:00:00,0.7327,0.7327,0.7119,0.7119,59053.0,42039.8307
2012-03-15 00:00:00,0.7119,0.7119,0.7119,0.7119,2685.0,1911.4515
2012-03-19 00:00:00,0.7202,0.7202,0.7202,0.7202,9000.0,6481.799999999999
2012-03-22 00:00:00,0.7161,0.7202,0.7161,0.7161,61500.0,44040.149999999994
2012-03-23 00:00:00,0.7161,0.7161,0.7161,0.7161,3200.0,2291.52
2012-03-26 00:00:00,0.7161,0.7161,0.7161,0.7161,1857.0,1329.7976999999998
2012-03-29 00:00:00,0.7202,0.7202,0.7202,0.7202,5397.0,3886.9193999999998
2012-03-30 00:00:00,0.7202,0.7202,0.7119,0.7119,11000.0,7830.9
2012-04-02 00:00:00,0.7161,0.7244,0.7161,0.7202,29527.0,21265.3454
2012-04-03 00:00:00,0.7202,0.7244,0.7202,0.7244,3925.0,2843.27
2012-04-04 00:00:00,0.7327,0.7327,0.7161,0.7161,38295.0,27423.049499999997
2012-04-10 00:00:00,0.7202,0.7202,0.7161,0.7161,28065.0,20097.3465
2012-04-12 00:00:00,0.7327,0.7494,0.7327,0.7494,62000.0,46462.799999999996
2012-04-13 00:00:00,0.7327,0.7327,0.7286,0.7286,14178.0,10330.0908
2012-04-16 00:00:00,0.7244,0.7244,0.7244,0.7244,5500.0,3984.2000000000003
2012-04-17 00:00:00,0.7244,0.7244,0.7202,0.7202,11300.0,8138.259999999999
2012-04-18 00:00:00,0.7202,0.7202,0.7202,0.7202,500.0,360.09999999999997
2012-04-19 00:00:00,0.7244,0.7244,0.7244,0.7244,15875.0,11499.85
2012-04-20 00:00:00,0.7286,0.7286,0.7286,0.7286,9900.0,7213.14
2012-04-23 00:00:00,0.7327,0.7327,0.7327,0.7327,114545.0,83927.12150000001
2012-04-26 00:00:00,0.7369,0.7369,0.7369,0.7369,18100.0,13337.89
2012-04-27 00:00:00,0.741,0.741,0.741,0.741,1251.0,926.991
2012-05-01 00:00:00,0.7369,0.7369,0.7369,0.7369,5000.0,3684.5
2012-05-02 00:00:00,0.741,0.741,0.7286,0.741,88129.0,65303.589
2012-05-03 00:00:00,0.7494,0.7577,0.741,0.741,43072.0,31916.352
2012-05-04 00:00:00,0.741,0.741,0.741,0.741,12300.0,9114.3
2012-05-07 00:00:00,0.7452,0.7452,0.741,0.741,13750.0,10188.75
2012-05-14 00:00:00,0.7452,0.7452,0.7452,0.7452,2069.0,1541.8188
2012-05-18 00:00:00,0.7494,0.7494,0.741,0.741,19000.0,14079.0
2012-05-21 00:00:00,0.7452,0.7452,0.7452,0.7452,9605.0,7157.646
2012-05-23 00:00:00,0.7494,0.7494,0.7452,0.7452,51100.0,38079.72
2012-05-24 00:00:00,0.7494,0.7494,0.7494,0.7494,200.0,149.88
2012-05-31 00:00:00,0.7452,0.7494,0.7452,0.7452,46678.0,34784.4456
2012-06-04 00:00:00,0.7452,0.7452,0.7452,0.7452,29000.0,21610.8
2012-06-08 00:00:00,0.7535,0.7535,0.7535,0.7535,2000.0,1507.0
2012-06-13 00:00:00,0.7535,0.7535,0.7535,0.7535,553.0,416.6855
2012-06-14 00:00:00,0.7452,0.7452,0.7452,0.7452,12660.0,9434.232
2012-06-15 00:00:00,0.7452,0.7452,0.7452,0.7452,3000.0,2235.6
2012-06-18 00:00:00,0.7452,0.7452,0.7452,0.7452,1000.0,745.1999999999999
2012-06-19 00:00:00,0.7452,0.7452,0.7452,0.7452,11500.0,8569.8
2012-06-22 00:00:00,0.7452,0.7452,0.7452,0.7452,2500.0,1863.0
2012-06-27 00:00:00,0.7452,0.7577,0.7452,0.7577,34942.0,26475.5534
2012-06-29 00:00:00,0.7494,0.7494,0.7452,0.7452,18617.0,13873.3884
2012-07-03 00:00:00,0.7494,0.7494,0.7452,0.7452,15500.0,11550.6
2012-07-05 00:00:00,0.7452,0.7452,0.7452,0.7452,4090.0,3047.868
2012-07-09 00:00:00,0.7452,0.7452,0.7452,0.7452,6150.0,4582.98
2012-07-20 00:00:00,0.7452,0.7452,0.7452,0.7452,200.0,149.04
2012-07-24 00:00:00,0.741,0.741,0.741,0.741,9377.0,6948.357
2012-08-08 00:00:00,0.7494,0.766,0.7494,0.766,9600.0,7353.6
2012-08-16 00:00:00,0.7327,0.7494,0.7202,0.7202,14326.0,10317.5852
2012-08-17 00:00:00,0.7202,0.7244,0.7202,0.7244,12000.0,8692.800000000001
2012-08-20 00:00:00,0.7577,0.766,0.7577,0.766,10966.0,8399.956
2012-08-22 00:00:00,0.7494,0.7494,0.7494,0.7494,3430.0,2570.442
2012-08-28 00:00:00,0.7161,0.7244,0.7161,0.7244,90400.0,65485.76
2012-08-29 00:00:00,0.7244,0.7244,0.7244,0.7244,4621.0,3347.4524
2012-08-31 00:00:00,0.7077,0.7077,0.7077,0.7077,4400.0,3113.88
2012-09-04 00:00:00,0.7244,0.7244,0.7244,0.7244,6566.0,4756.410400000001
2012-09-17 00:00:00,0.7244,0.7327,0.7244,0.7327,62000.0,45427.4
2012-09-20 00:00:00,0.7327,0.7327,0.7286,0.7286,28891.0,21049.9826
2012-09-24 00:00:00,0.7286,0.7286,0.7286,0.7286,5000.0,3643.0
2012-10-02 00:00:00,0.7327,0.7369,0.7286,0.7286,17000.0,12386.2
2012-10-10 00:00:00,0.7286,0.7286,0.7286,0.7286,10151.0,7396.0186
2012-10-11 00:00:00,0.7327,0.7327,0.7327,0.7327,2069.0,1515.9563
2012-10-12 00:00:00,0.7369,0.7494,0.7369,0.7494,20500.0,15362.699999999999
2012-10-17 00:00:00,0.7494,0.7494,0.7494,0.7494,11105.0,8322.087
2012-10-22 00:00:00,0.7494,0.7577,0.7494,0.7577,10950.0,8296.815
2012-10-30 00:00:00,0.7577,0.7744,0.7577,0.7744,12311.0,9533.6384
2012-11-01 00:00:00,0.7744,0.7744,0.7744,0.7744,1476.0,1143.0144
2012-11-06 00:00:00,0.7494,0.7494,0.7494,0.7494,10000.0,7494.0
2012-11-07 00:00:00,0.7744,0.7744,0.741,0.741,20000.0,14820.0
2012-11-12 00:00:00,0.7494,0.7494,0.7494,0.7494,5000.0,3747.0
2012-11-13 00:00:00,0.7494,0.7494,0.7494,0.7494,8787.0,6584.9778
2012-11-15 00:00:00,0.7744,0.7827,0.7744,0.7827,101974.0,79815.0498
2012-11-26 00:00:00,0.7744,0.7744,0.7744,0.7744,5000.0,3872.0
2012-11-27 00:00:00,0.7744,0.7744,0.766,0.766,13500.0,10341.0
2012-11-28 00:00:00,0.7785,0.7785,0.7785,0.7785,10000.0,7785.0
2012-11-29 00:00:00,0.7744,0.7744,0.7744,0.7744,17265.0,13370.016
2012-11-30 00:00:00,0.7744,0.7744,0.7494,0.7494,68167.0,51084.349799999996
2012-12-05 00:00:00,0.7577,0.7577,0.7577,0.7577,1974.0,1495.6998
2012-12-06 00:00:00,0.7577,0.7577,0.7577,0.7577,7500.0,5682.75
2012-12-07 00:00:00,0.7619,0.7619,0.7619,0.7619,2000.0,1523.8
2012-12-10 00:00:00,0.7619,0.7619,0.7619,0.7619,10800.0,8228.52
2012-12-11 00:00:00,0.766,0.766,0.766,0.766,16000.0,12256.0
2012-12-12 00:00:00,0.766,0.791,0.766,0.791,30825.0,24382.575
2012-12-13 00:00:00,0.7744,0.7744,0.7744,0.7744,21624.0,16745.6256
2012-12-24 00:00:00,0.7744,0.7744,0.7744,0.7744,10000.0,7744.0
2013-01-03 00:00:00,0.7785,0.7785,0.7785,0.7785,7000.0,5449.5
2013-01-04 00:00:00,0.791,0.7993,0.791,0.7993,17893.0,14301.8749
2013-01-07 00:00:00,0.8077,0.8077,0.7785,0.7785,3007.0,2340.9494999999997
2013-01-16 00:00:00,0.7827,0.7827,0.7827,0.7827,7.0,5.478899999999999
2013-01-21 00:00:00,0.7827,0.7827,0.7827,0.7827,2500.0,1956.7499999999998
2013-01-25 00:00:00,0.791,0.791,0.7868,0.791,4673.0,3696.3430000000003
2013-01-29 00:00:00,0.7993,0.7993,0.7993,0.7993,625.0,499.5625
2013-01-30 00:00:00,0.7993,0.7993,0.7993,0.7993,2844.0,2273.2092000000002
2013-02-04 00:00:00,0.8077,0.8077,0.791,0.791,15000.0,11865.0
2013-02-13 00:00:00,0.8118,0.8118,0.8118,0.8118,4800.0,3896.64
2013-02-19 00:00:00,0.8576,0.8576,0.8576,0.8576,5000.0,4288.0
2013-02-22 00:00:00,0.8285,0.8285,0.8285,0.8285,1500.0,1242.75
2013-02-25 00:00:00,0.8326,0.8326,0.8326,0.8326,8000.0,6660.8
2013-03-04 00:00:00,0.8368,0.841,0.8368,0.841,10048.0,8450.368
2013-03-05 00:00:00,0.841,0.841,0.8243,0.8243,12243.0,10091.9049
2013-03-07 00:00:00,0.8368,0.8368,0.8326,0.8326,152726.0,127159.6676
2013-03-14 00:00:00,0.841,0.841,0.8368,0.841,33868.0,28482.987999999998
2013-03-15 00:00:00,0.8535,0.8535,0.8493,0.8493,1000.0,849.3000000000001
2013-03-18 00:00:00,0.8576,0.8576,0.8576,0.8576,2500.0,2144.0
2013-03-19 00:00:00,0.8659,0.8743,0.8659,0.8743,103083.0,90125.4669
2013-03-20 00:00:00,0.8743,0.8743,0.8743,0.8743,735.0,642.6105
2013-03-21 00:00:00,0.8743,0.8743,0.8743,0.8743,1200.0,1049.1599999999999
2013-03-26 00:00:00,0.8743,0.8743,0.8743,0.8743,565.0,493.9795
2013-03-27 00:00:00,0.8576,0.8576,0.8576,0.8576,5000.0,4288.0
2013-04-02 00:00:00,0.8576,0.8576,0.8576,0.8576,22500.0,19296.0
2013-04-04 00:00:00,0.8493,0.8493,0.8493,0.8493,685.0,581.7705000000001
2013-04-05 00:00:00,0.8493,0.8493,0.8493,0.8493,185.0,157.12050000000002
2013-04-08 00:00:00,0.8576,0.8576,0.8576,0.8576,4451.0,3817.1776
2013-04-09 00:00:00,0.8576,0.8576,0.8493,0.8493,3000.0,2547.9
2013-04-12 00:00:00,0.8493,0.8493,0.8493,0.8493,4000.0,3397.2000000000003
2013-04-17 00:00:00,0.8493,0.8493,0.8493,0.8493,3000.0,2547.9
2013-04-19 00:00:00,0.8493,0.8493,0.8493,0.8493,25934.0,22025.7462
2013-04-23 00:00:00,0.8576,0.8659,0.8576,0.8659,17000.0,14720.3
2013-04-24 00:00:00,0.8659,0.8826,0.8659,0.8826,2788.0,2460.6888000000004
2013-04-26 00:00:00,0.8493,0.8493,0.8493,0.8493,10000.0,8493.0
2013-05-01 00:00:00,0.8535,0.8535,0.8535,0.8535,1000.0,853.5
2013-05-06 00:00:00,0.8576,0.8576,0.8576,0.8576,2600.0,2229.76
2013-05-08 00:00:00,0.8576,0.8576,0.8576,0.8576,13400.0,11491.84
2013-05-09 00:00:00,0.8743,0.8743,0.8743,0.8743,1000.0,874.3
2013-05-14 00:00:00,0.8576,0.8576,0.8535,0.8535,27800.0,23727.3
2013-05-15 00:00:00,0.8535,0.8535,0.8493,0.8493,20000.0,16986.0
2013-05-16 00:00:00,0.8659,0.8659,0.8659,0.8659,5000.0,4329.5
2013-05-20 00:00:00,0.8743,0.8743,0.8535,0.8535,18000.0,15363.0
2013-05-21 00:00:00,0.8535,0.8535,0.8535,0.8535,7154.0,6105.939
2013-05-24 00:00:00,0.8535,0.8535,0.8535,0.8535,8000.0,6828.0
2013-05-27 00:00:00,0.8535,0.8535,0.8535,0.8535,200.0,170.70000000000002
2013-05-28 00:00:00,0.8576,0.8576,0.8535,0.8535,7200.0,6145.2
2013-05-29 00:00:00,0.8743,0.8743,0.8659,0.8659,16898.0,14631.9782
2013-06-03 00:00:00,0.8451,0.8451,0.8451,0.8451,100.0,84.50999999999999
2013-06-04 00:00:00,0.8493,0.8493,0.8451,0.8451,199.0,168.17489999999998
2013-06-05 00:00:00,0.8451,0.8451,0.8451,0.8451,58790.0,49683.429
2013-06-06 00:00:00,0.8451,0.8451,0.8451,0.8451,33850.0,28606.635
2013-06-07 00:00:00,0.8451,0.8451,0.8451,0.8451,10800.0,9127.08
2013-06-12 00:00:00,0.841,0.841,0.841,0.841,99.0,83.259
2013-06-13 00:00:00,0.841,0.841,0.841,0.841,9900.0,8325.9
2013-06-17 00:00:00,0.8201,0.8243,0.8201,0.8243,7100.0,5852.530000000001
2013-06-20 00:00:00,0.8368,0.8368,0.8243,0.8243,25000.0,20607.5
2013-06-26 00:00:00,0.8326,0.8326,0.8326,0.8326,19000.0,15819.4
2013-07-03 00:00:00,0.8326,0.8326,0.8326,0.8326,2788.0,2321.2888
2013-07-05 00:00:00,0.8326,0.8326,0.8326,0.8326,3000.0,2497.8
2013-07-08 00:00:00,0.8326,0.8326,0.8326,0.8326,20000.0,16652.0
2013-07-09 00:00:00,0.8326,0.8326,0.816,0.816,10000.0,8159.999999999999
2013-07-10 00:00:00,0.8201,0.8326,0.8201,0.8326,28150.0,23437.69
2013-07-17 00:00:00,0.8659,0.8659,0.8659,0.8659,22600.0,19569.34
2013-07-18 00:00:00,0.8576,0.8659,0.8576,0.8659,32900.0,28488.11
2013-07-19 00:00:00,0.8576,0.8659,0.8576,0.8659,6338.0,5488.0742
2013-07-22 00:00:00,0.8576,0.8576,0.8576,0.8576,13000.0,11148.800000000001
2013-08-01 00:00:00,0.8493,0.8493,0.841,0.841,8649.0,7273.808999999999
2013-08-02 00:00:00,0.8451,0.8743,0.8451,0.8743,35252.0,30820.8236
2013-08-05 00:00:00,0.9575,0.9575,0.9575,0.9575,2904.0,2780.58
2013-08-14 00:00:00,0.9159,0.9159,0.9159,0.9159,11904.0,10902.8736
2013-08-19 00:00:00,0.8826,0.8826,0.8826,0.8826,4527.0,3995.5302
2013-08-26 00:00:00,0.8826,0.9159,0.8826,0.8826,14400.0,12709.44
2013-08-27 00:00:00,0.8868,0.8868,0.8826,0.8826,4270.0,3768.702
2013-08-30 00:00:00,0.8992,0.8992,0.8992,0.8992,926.0,832.6592
2013-09-02 00:00:00,0.9159,0.9575,0.9159,0.9575,20085.0,19231.3875
2013-09-03 00:00:00,0.9575,0.9575,0.9575,0.9575,2700.0,2585.25
2013-09-11 00:00:00,0.8868,0.8868,0.8868,0.8868,2660.0,2358.888
2013-09-12 00:00:00,0.8868,0.8868,0.8868,0.8868,6200.0,5498.16
2013-09-13 00:00:00,0.9076,0.9076,0.9076,0.9076,4000.0,3630.3999999999996
2013-09-20 00:00:00,0.9201,0.9201,0.9201,0.9201,500.0,460.05
2013-09-24 00:00:00,0.9326,0.9326,0.9326,0.9326,4490.0,4187.374
2013-09-25 00:00:00,0.9326,0.9326,0.9284,0.9284,6510.0,6043.884
2013-10-02 00:00:00,0.9326,0.9742,0.9326,0.9742,20565.0,20034.423
2013-10-08 00:00:00,0.9742,0.9742,0.9742,0.9742,2000.0,1948.3999999999999
2013-10-16 00:00:00,0.9742,0.9742,0.9742,0.9742,2379.0,2317.6218
2013-10-17 00:00:00,0.9326,0.9326,0.9159,0.9159,43309.0,39666.7131
2013-10-18 00:00:00,0.9159,0.9159,0.9159,0.9159,22000.0,20149.8
2013-10-22 00:00:00,0.9159,0.9159,0.9159,0.9159,2389.0,2188.0851000000002
2013-10-23 00:00:00,0.9159,0.9159,0.9159,0.9159,50000.0,45795.0
2013-10-30 00:00:00,0.9242,0.9242,0.9159,0.9159,42687.0,39097.0233
2013-11-01 00:00:00,0.9159,0.9159,0.9159,0.9159,7200.0,6594.4800000000005
2013-11-04 00:00:00,0.9159,0.9159,0.9159,0.9159,64662.0,59223.925800000005
2013-11-05 00:00:00,0.9159,0.9159,0.9159,0.9159,47013.0,43059.2067
2013-11-11 00:00:00,0.9159,0.9159,0.9159,0.9159,21300.0,19508.670000000002
2013-11-12 00:00:00,0.9159,0.9159,0.9159,0.9159,4500.0,4121.55
2013-11-19 00:00:00,0.9409,0.9575,0.9242,0.9575,10250.0,9814.375
2013-11-25 00:00:00,0.9992,0.9992,0.9992,0.9992,12500.0,12490.0
2013-12-02 00:00:00,0.995,0.9992,0.995,0.9992,59000.0,58952.799999999996
2013-12-03 00:00:00,0.9992,0.9992,0.9992,0.9992,5000.0,4996.0
2013-12-05 00:00:00,1.0574,1.0574,0.9992,0.9992,6940.0,6934.447999999999
2013-12-06 00:00:00,0.9992,0.9992,0.9825,0.9825,9900.0,9726.75
2013-12-10 00:00:00,0.9825,0.9825,0.9825,0.9825,20000.0,19650.0
2013-12-12 00:00:00,0.9908,0.9992,0.9908,0.9992,10000.0,9992.0
2013-12-13 00:00:00,0.995,0.995,0.995,0.995,5000.0,4975.0
2013-12-18 00:00:00,0.9825,0.9825,0.9825,0.9825,1600.0,1572.0
2014-01-03 00:00:00,0.9867,0.9867,0.9867,0.9867,1500.0,1480.05
2014-01-13 00:00:00,0.9992,0.9992,0.9992,0.9992,4500.0,4496.4
2014-01-16 00:00:00,0.9992,0.9992,0.9992,0.9992,317.0,316.7464
2014-01-23 00:00:00,1.0033,1.0033,0.9992,0.9992,13200.0,13189.44
2014-01-24 00:00:00,0.9992,0.9992,0.9992,0.9992,5000.0,4996.0
2014-01-28 00:00:00,0.9992,0.9992,0.9992,0.9992,6630.0,6624.696
2014-02-04 00:00:00,0.9992,1.0408,0.995,1.0408,22682.0,23607.4256
2014-02-05 00:00:00,0.9326,0.9326,0.9326,0.9326,35000.0,32641.0
2014-02-06 00:00:00,0.9908,0.995,0.9908,0.995,5000.0,4975.0
2014-02-07 00:00:00,0.9367,0.9367,0.9326,0.9326,11454.0,10682.000399999999
2014-02-10 00:00:00,0.9783,0.9992,0.9783,0.9992,16648.0,16634.6816
2014-02-12 00:00:00,0.9992,0.9992,0.9992,0.9992,1368.0,1366.9056
2014-02-13 00:00:00,0.9992,0.9992,0.9992,0.9992,8000.0,7993.599999999999
2014-02-14 00:00:00,1.0325,1.0824,1.0325,1.0658,11515.0,12272.687000000002
2014-02-17 00:00:00,1.0658,1.0741,1.0658,1.0658,10085.0,10748.593
2014-02-24 00:00:00,1.1098,1.1098,1.1098,1.1098,4400.0,4883.12
2014-02-25 00:00:00,1.0231,1.0231,1.0231,1.0231,2500.0,2557.7499999999995
2014-03-03 00:00:00,1.0404,1.0404,1.0404,1.0404,2600.0,2705.04
2014-03-06 00:00:00,1.0578,1.0751,1.0491,1.0491,16450.0,17257.695
2014-03-07 00:00:00,1.0491,1.0491,1.0491,1.0491,3000.0,3147.2999999999997
2014-03-11 00:00:00,1.0578,1.0578,1.0491,1.0491,5950.0,6242.1449999999995
2014-03-12 00:00:00,1.0491,1.0491,1.0404,1.0404,16510.0,17177.004
2014-03-17 00:00:00,1.0404,1.0404,1.0404,1.0404,15000.0,15606.0
2014-03-18 00:00:00,1.0751,1.0751,1.0404,1.0404,258000.0,268423.2
2014-03-19 00:00:00,1.0404,1.0404,1.0404,1.0404,14720.0,15314.688
2014-03-25 00:00:00,1.0404,1.0838,1.0404,1.0838,1266100.0,1372199.1800000002
2014-03-27 00:00:00,1.0665,1.0665,1.0665,1.0665,4000.0,4266.0
2014-04-01 00:00:00,1.0838,1.0838,1.0838,1.0838,4000.0,4335.200000000001
2014-04-09 00:00:00,1.0838,1.0838,1.0838,1.0838,13350.0,14468.730000000001
2014-04-15 00:00:00,1.0838,1.0838,1.0838,1.0838,2476.0,2683.4888
2014-04-22 00:00:00,1.0838,1.0838,1.0838,1.0838,3000.0,3251.4
2014-04-28 00:00:00,1.0231,1.0231,1.0231,1.0231,6543.0,6694.1433
2014-05-05 00:00:00,1.0144,1.0144,1.0144,1.0144,26685.0,27069.264
2014-05-09 00:00:00,1.0318,1.0318,1.0318,1.0318,13950.0,14393.61
2014-05-12 00:00:00,1.0838,1.0838,1.0838,1.0838,13900.0,15064.820000000002
2014-05-16 00:00:00,1.0751,1.0838,1.0751,1.0838,25500.0,27636.9
2014-05-20 00:00:00,1.0751,1.0751,1.0751,1.0751,10010.0,10761.751
2014-05-21 00:00:00,1.0838,1.0838,1.0838,1.0838,20000.0,21676.000000000004
2014-05-23 00:00:00,1.0838,1.0838,1.0838,1.0838,50000.0,54190.00000000001
2014-05-29 00:00:00,1.1272,1.1272,1.0838,1.0838,10403.0,11274.771400000001
2014-06-03 00:00:00,1.0925,1.0925,1.0925,1.0925,3000.0,3277.5
2014-06-04 00:00:00,1.0925,1.0925,1.0925,1.0925,4137.0,4519.6725
2014-06-10 00:00:00,1.0838,1.0838,1.0838,1.0838,1000.0,1083.8000000000002
2014-06-11 00:00:00,1.0925,1.1272,1.0925,1.1272,70000.0,78904.0
2014-06-12 00:00:00,1.1272,1.1272,1.1272,1.1272,1000.0,1127.2
2014-06-16 00:00:00,1.1445,1.1445,1.1358,1.1358,9400.0,10676.519999999999
2014-06-18 00:00:00,1.1445,1.1445,1.1445,1.1445,600.0,686.7
2014-06-20 00:00:00,1.1705,1.1705,1.1705,1.1705,7500.0,8778.75
2014-06-23 00:00:00,1.2312,1.2572,1.2312,1.2572,15152.0,19049.0944
2014-06-26 00:00:00,1.2312,1.2312,1.2312,1.2312,4770.0,5872.8240000000005
2014-06-27 00:00:00,1.2312,1.2312,1.2312,1.2312,7500.0,9234.0
2014-06-30 00:00:00,1.2312,1.2312,1.2312,1.2312,5000.0,6156.0
2014-07-01 00:00:00,1.2485,1.2919,1.2312,1.2919,52750.0,68147.725
2014-07-03 00:00:00,1.3006,1.3006,1.3006,1.3006,12200.0,15867.32
2014-07-04 00:00:00,1.2832,1.2832,1.2832,1.2832,5000.0,6415.999999999999
2014-07-07 00:00:00,1.2832,1.2832,1.2399,1.2399,15598.0,19339.9602
2014-07-08 00:00:00,1.2399,1.2399,1.2399,1.2399,7000.0,8679.3
2014-07-16 00:00:00,1.2746,1.2746,1.2746,1.2746,7380.0,9406.547999999999
2014-07-17 00:00:00,1.2572,1.2572,1.2485,1.2485,16377.0,20446.6845
2014-07-21 00:00:00,1.2485,1.2485,1.2139,1.2139,13000.0,15780.699999999999
2014-07-30 00:00:00,1.2832,1.2919,1.2832,1.2919,5000.0,6459.5
2014-07-31 00:00:00,1.2919,1.2919,1.2919,1.2919,13633.0,17612.472700000002
2014-08-01 00:00:00,1.2919,1.2919,1.2919,1.2919,10000.0,12919.0
2014-08-06 00:00:00,1.2919,1.2919,1.2832,1.2832,27883.0,35779.465599999996
2014-08-07 00:00:00,1.2919,1.2919,1.2919,1.2919,3500.0,4521.650000000001
2014-08-08 00:00:00,1.2919,1.2919,1.2919,1.2919,13000.0,16794.7
2014-08-11 00:00:00,1.2919,1.2919,1.2919,1.2919,4900.0,6330.31
2014-08-13 00:00:00,1.2919,1.2919,1.2919,1.2919,3250.0,4198.675
2014-08-15 00:00:00,1.2572,1.2572,1.2572,1.2572,26000.0,32687.2
2014-08-20 00:00:00,1.2485,1.2485,1.2485,1.2485,7000.0,8739.5
2014-08-21 00:00:00,1.2052,1.2052,1.2052,1.2052,2230.0,2687.596
2014-08-22 00:00:00,1.2009,1.2009,1.2009,1.2009,270.0,324.243
2014-08-25 00:00:00,1.2139,1.2139,1.2009,1.2009,2270.0,2726.043
2014-08-28 00:00:00,1.2485,1.2485,1.2485,1.2485,6000.0,7491.0
2014-08-29 00:00:00,1.2225,1.2225,1.2139,1.2139,5850.0,7101.315
2014-09-01 00:00:00,1.2312,1.2312,1.2312,1.2312,5000.0,6156.0
2014-09-02 00:00:00,1.2876,1.2919,1.2615,1.2919,20158.0,26042.1202
2014-09-05 00:00:00,1.2919,1.2919,1.2615,1.2615,5000.0,6307.5
2014-09-08 00:00:00,1.2615,1.2615,1.2615,1.2615,4525.0,5708.2875
2014-09-10 00:00:00,1.2615,1.2615,1.2572,1.2572,30300.0,38093.16
2014-09-11 00:00:00,1.2615,1.2919,1.2615,1.2919,32750.0,42309.725
2014-09-12 00:00:00,1.2789,1.2789,1.2789,1.2789,5000.0,6394.5
2014-09-16 00:00:00,1.2832,1.2832,1.2832,1.2832,2622.0,3364.5503999999996
2014-09-17 00:00:00,1.2962,1.2962,1.2919,1.2919,20110.0,25980.109
2014-09-18 00:00:00,1.2702,1.2702,1.2659,1.2659,10000.0,12659.0
2014-09-22 00:00:00,1.2876,1.2876,1.2876,1.2876,4489.0,5780.0364
2014-09-24 00:00:00,1.3309,1.3352,1.3006,1.3006,40500.0,52674.299999999996
2014-09-25 00:00:00,1.3006,1.3006,1.3006,1.3006,39103.0,50857.3618
2014-09-26 00:00:00,1.3006,1.3006,1.3006,1.3006,45060.0,58605.036
2014-09-29 00:00:00,1.3006,1.3006,1.3006,1.3006,11684.0,15196.2104
2014-10-01 00:00:00,1.3006,1.3006,1.3006,1.3006,20000.0,26012.0
2014-10-09 00:00:00,1.2702,1.3006,1.2659,1.3006,14000.0,18208.4
2014-10-10 00:00:00,1.2789,1.3006,1.2746,1.3006,10360.0,13474.216
2014-10-13 00:00:00,1.2832,1.2876,1.2789,1.2876,21491.0,27671.8116
2014-10-17 00:00:00,1.3006,1.3006,1.3006,1.3006,2000.0,2601.2
2014-10-20 00:00:00,1.3006,1.3482,1.3006,1.3482,2500.0,3370.5
2014-10-23 00:00:00,1.3439,1.3439,1.3439,1.3439,270.0,362.853
2014-10-27 00:00:00,1.3179,1.3179,1.3006,1.3006,22000.0,28613.2
2014-10-29 00:00:00,1.3439,1.3439,1.3179,1.3179,11773.0,15515.636700000001
2014-11-04 00:00:00,1.3006,1.3006,1.2789,1.2789,8894.0,11374.5366
2014-11-06 00:00:00,1.2746,1.2746,1.2746,1.2746,9403.0,11985.0638
2014-11-07 00:00:00,1.2659,1.2659,1.2572,1.2572,42902.0,53936.394400000005
2014-11-10 00:00:00,1.2529,1.2746,1.2139,1.2746,7351.0,9369.5846
2014-11-13 00:00:00,1.2139,1.2139,1.2139,1.2139,20417.0,24784.1963
2014-11-14 00:00:00,1.2139,1.2139,1.2139,1.2139,10420.0,12648.838
2014-11-17 00:00:00,1.1965,1.1965,1.1445,1.1445,29580.0,33854.310000000005
2014-11-19 00:00:00,1.1272,1.1272,1.1272,1.1272,2500.0,2818.0
2014-11-24 00:00:00,1.2182,1.2182,1.2182,1.2182,1200.0,1461.84
2014-12-01 00:00:00,1.2269,1.2269,1.2139,1.2182,50520.0,61543.464
2014-12-04 00:00:00,1.2312,1.2312,1.2312,1.2312,80.0,98.49600000000001
2014-12-08 00:00:00,1.2355,1.2355,1.2312,1.2355,22000.0,27181.0
2014-12-09 00:00:00,1.2355,1.2355,1.2355,1.2355,20997.0,25941.7935
2014-12-11 00:00:00,1.2355,1.2355,1.2355,1.2355,10000.0,12355.0
2014-12-17 00:00:00,1.2399,1.2746,1.2399,1.2746,49751.0,63412.624599999996
2014-12-22 00:00:00,1.2182,1.2182,1.2182,1.2182,10000.0,12182.0
2014-12-24 00:00:00,1.2312,1.2312,1.2312,1.2312,8000.0,9849.6
2015-01-08 00:00:00,1.2312,1.2312,1.2312,1.2312,29542.0,36372.110400000005
2015-01-14 00:00:00,1.2572,1.2572,1.2572,1.2572,10000.0,12572.000000000002
2015-01-23 00:00:00,1.2919,1.2919,1.2919,1.2919,500.0,645.95
2015-01-27 00:00:00,1.2399,1.2399,1.2399,1.2399,8000.0,9919.2
2015-02-05 00:00:00,1.2442,1.2442,1.2399,1.2399,8988.0,11144.2212
2015-02-10 00:00:00,1.2919,1.2919,1.2919,1.2919,2628.0,3395.1132000000002
2015-02-11 00:00:00,1.2919,1.2919,1.2919,1.2919,222.0,286.8018
2015-02-13 00:00:00,1.3006,1.3006,1.3006,1.3006,278.0,361.5668
2015-02-16 00:00:00,1.3006,1.3006,1.2399,1.2399,10000.0,12399.0
2015-02-18 00:00:00,1.3006,1.3006,1.3006,1.3006,1.0,1.3006
2015-02-19 00:00:00,1.2919,1.3006,1.2919,1.3006,40000.0,52024.0
2015-02-20 00:00:00,1.2919,1.2919,1.2919,1.2919,1003.0,1295.7757000000001
2015-03-02 00:00:00,1.3006,1.3006,1.2572,1.2572,2000.0,2514.4
2015-03-03 00:00:00,1.2962,1.3006,1.2962,1.3006,15351.0,19965.5106
2015-03-04 00:00:00,1.2789,1.2789,1.2789,1.2789,10500.0,13428.449999999999
2015-03-05 00:00:00,1.2789,1.2789,1.2789,1.2789,1500.0,1918.35
2015-03-09 00:00:00,1.2919,1.3006,1.2919,1.3006,41802.0,54367.6812
2015-03-10 00:00:00,1.2615,1.2615,1.2615,1.2615,8000.0,10092.0
2015-03-11 00:00:00,1.2659,1.3439,1.2659,1.3439,22000.0,29565.800000000003
2015-03-23 00:00:00,1.3006,1.3006,1.2832,1.2832,24500.0,31438.399999999998
2015-03-24 00:00:00,1.2919,1.3006,1.2919,1.3006,48124.0,62590.0744
2015-03-26 00:00:00,1.3352,1.3439,1.3352,1.3439,50000.0,67195.0
2015-03-27 00:00:00,1.3396,1.3396,1.3396,1.3396,324.0,434.0304
2015-03-31 00:00:00,1.3222,1.3222,1.3222,1.3222,1000.0,1322.2
2015-04-01 00:00:00,1.3092,1.3092,1.3006,1.3006,10000.0,13006.0
2015-04-02 00:00:00,1.2832,1.2832,1.2832,1.2832,5000.0,6415.999999999999
2015-04-07 00:00:00,1.2832,1.2832,1.2832,1.2832,1050.0,1347.36
2015-04-10 00:00:00,1.2832,1.3006,1.2832,1.3006,199676.0,259698.6056
2015-04-14 00:00:00,1.3006,1.3006,1.3006,1.3006,22813.0,29670.5878
2015-04-17 00:00:00,1.3396,1.3439,1.3396,1.3439,35000.0,47036.5
2015-04-21 00:00:00,1.3439,1.3439,1.3006,1.3006,16239.0,21120.4434
2015-04-23 00:00:00,1.3439,1.3439,1.3439,1.3439,1600.0,2150.2400000000002
2015-04-27 00:00:00,1.3006,1.3006,1.3006,1.3006,2000.0,2601.2
2015-05-04 00:00:00,1.3439,1.3439,1.3439,1.3439,32685.0,43925.3715
2015-05-11 00:00:00,1.2832,1.3396,1.2832,1.3396,4202.0,5628.999199999999
2015-05-12 00:00:00,1.3699,1.3873,1.3699,1.3873,15000.0,20809.5
2015-05-13 00:00:00,1.4219,1.4306,1.4219,1.4306,11660.0,16680.796000000002
2015-05-14 00:00:00,1.4491,1.4583,1.4491,1.4583,13000.0,18957.899999999998
2015-06-03 00:00:00,1.366,1.3845,1.366,1.3845,2150.0,2976.675
2015-06-05 00:00:00,1.3476,1.3476,1.3383,1.3383,10000.0,13383.0
2015-06-11 00:00:00,1.3383,1.3383,1.3383,1.3383,2000.0,2676.6
2015-06-12 00:00:00,1.3568,1.3568,1.3568,1.3568,1240.0,1682.432
2015-06-22 00:00:00,1.3383,1.3383,1.3383,1.3383,2239.0,2996.4537
2015-06-23 00:00:00,1.3383,1.3383,1.3014,1.3383,17449.0,23351.9967
2015-06-25 00:00:00,1.3383,1.3383,1.3383,1.3383,18003.0,24093.4149
2015-06-29 00:00:00,1.3845,1.3845,1.3845,1.3845,40750.0,56418.375
2015-06-30 00:00:00,1.4029,1.4029,1.4029,1.4029,5200.0,7295.08
2015-07-02 00:00:00,1.4029,1.4029,1.4029,1.4029,4800.0,6733.92
2015-07-13 00:00:00,1.4029,1.4029,1.4029,1.4029,5000.0,7014.5
2015-07-15 00:00:00,1.4029,1.4029,1.4029,1.4029,10000.0,14029.0
2015-07-16 00:00:00,1.4029,1.4029,1.3476,1.3476,13832.0,18640.0032
2015-07-21 00:00:00,1.3476,1.3476,1.3383,1.3383,13000.0,17397.9
2015-07-22 00:00:00,1.3383,1.3383,1.3383,1.3383,13895.0,18595.6785
2015-07-24 00:00:00,1.3106,1.3383,1.3106,1.3291,52222.0,69408.2602
2015-07-27 00:00:00,1.3014,1.3014,1.3014,1.3014,10000.0,13013.999999999998
2015-07-28 00:00:00,1.3014,1.3014,1.3014,1.3014,8872.0,11546.020799999998
2015-07-29 00:00:00,1.3106,1.3476,1.3106,1.3476,32872.0,44298.307199999996
2015-08-11 00:00:00,1.3476,1.3476,1.3476,1.3476,5042.0,6794.5992
2015-08-12 00:00:00,1.3891,1.4029,1.3891,1.4029,10000.0,14029.0
2015-08-13 00:00:00,1.4122,1.4122,1.4122,1.4122,5000.0,7060.999999999999
2015-08-17 00:00:00,1.3752,1.3845,1.3752,1.3845,2500.0,3461.25
2015-08-24 00:00:00,1.3383,1.3383,1.3383,1.3383,600.0,802.98
2015-08-31 00:00:00,1.3845,1.3845,1.3845,1.3845,100000.0,138450.0
2015-09-07 00:00:00,1.366,1.366,1.366,1.366,334.0,456.244
2015-09-08 00:00:00,1.366,1.366,1.366,1.366,500.0,683.0
2015-09-09 00:00:00,1.3383,1.3383,1.3383,1.3383,4958.0,6635.2914
2015-09-10 00:00:00,1.3568,1.366,1.3429,1.366,44816.0,61218.656
2015-09-11 00:00:00,1.3568,1.3568,1.3568,1.3568,3100.0,4206.08
2015-09-14 00:00:00,1.3429,1.3429,1.3429,1.3429,32.0,42.9728
2015-09-15 00:00:00,1.3845,1.3845,1.3845,1.3845,40000.0,55380.0
2015-09-16 00:00:00,1.3845,1.3845,1.3845,1.3845,454.0,628.563
2015-09-21 00:00:00,1.3845,1.3845,1.3845,1.3845,2000.0,2769.0
2015-10-15 00:00:00,1.3845,1.3845,1.3845,1.3845,6595.0,9130.7775
2015-10-21 00:00:00,1.3845,1.3845,1.3845,1.3845,56000.0,77532.0
2015-10-22 00:00:00,1.3799,1.3845,1.3799,1.3845,16800.0,23259.600000000002
2015-10-23 00:00:00,1.3845,1.4306,1.3845,1.4306,39005.0,55800.55300000001
2015-11-02 00:00:00,1.366,1.366,1.3522,1.3568,27034.0,36679.7312
2015-11-06 00:00:00,1.3845,1.3845,1.3845,1.3845,5000.0,6922.5
2015-11-09 00:00:00,1.3845,1.3845,1.3845,1.3845,30194.0,41803.593
2015-11-10 00:00:00,1.3937,1.3937,1.3937,1.3937,7400.0,10313.38
2015-11-12 00:00:00,1.3937,1.3937,1.3937,1.3937,2600.0,3623.62
2015-11-20 00:00:00,1.3522,1.3522,1.3383,1.3383,7200.0,9635.76
2015-11-25 00:00:00,1.3845,1.3845,1.3752,1.3752,13655.0,18778.356
2015-11-26 00:00:00,1.3752,1.3891,1.3752,1.3752,7984.0,10979.5968
2015-11-27 00:00:00,1.3845,1.4029,1.3845,1.4029,32000.0,44892.8
2015-11-30 00:00:00,1.4029,1.4029,1.4029,1.4029,4.0,5.6116
2015-12-01 00:00:00,1.4029,1.4029,1.3383,1.3383,2804.0,3752.5932000000003
2015-12-02 00:00:00,1.3429,1.3429,1.3429,1.3429,5619.0,7545.7551
2015-12-09 00:00:00,1.3476,1.3476,1.3429,1.3429,3798.0,5100.3342
2015-12-10 00:00:00,1.3429,1.3429,1.3429,1.3429,3738.0,5019.7602
2015-12-11 00:00:00,1.3383,1.3383,1.3383,1.3383,264.0,353.3112
2015-12-14 00:00:00,1.3383,1.3383,1.3383,1.3383,3772.0,5048.0676
2015-12-15 00:00:00,1.3522,1.3522,1.3522,1.3522,5.0,6.761
2015-12-16 00:00:00,1.3522,1.3568,1.3522,1.3568,13944.0,18919.2192
2015-12-18 00:00:00,1.3752,1.3752,1.3752,1.3752,10000.0,13752.0
2015-12-22 00:00:00,1.3476,1.3476,1.3476,1.3476,10001.0,13477.3476
2015-12-24 00:00:00,1.3845,1.3845,1.3845,1.3845,12.0,16.614
2015-12-30 00:00:00,1.3845,1.3845,1.3845,1.3845,654.0,905.4630000000001
2016-01-06 00:00:00,1.3476,1.3476,1.3476,1.3476,1053.0,1419.0228
2016-01-07 00:00:00,1.3476,1.3476,1.3476,1.3476,5000.0,6738.0
2016-01-08 00:00:00,1.2968,1.2968,1.2922,1.2922,10615.0,13716.703
2016-01-11 00:00:00,1.3014,1.3014,1.3014,1.3014,7000.0,9109.8
2016-01-20 00:00:00,1.2968,1.2968,1.2922,1.2922,5042.0,6515.2724
2016-01-21 00:00:00,1.2922,1.2922,1.2922,1.2922,10000.0,12922.0
2016-01-22 00:00:00,1.2922,1.2922,1.2922,1.2922,2.0,2.5844
2016-01-25 00:00:00,1.3014,1.3014,1.3014,1.3014,1000.0,1301.3999999999999
2016-01-27 00:00:00,1.3014,1.306,1.2922,1.2922,10892.0,14074.6424
2016-02-08 00:00:00,1.3106,1.3106,1.3106,1.3106,7000.0,9174.2
2016-02-10 00:00:00,1.3152,1.3152,1.2829,1.2829,10002.0,12831.565799999998
2016-02-11 00:00:00,1.2829,1.2829,1.2829,1.2829,194.0,248.8826
2016-02-12 00:00:00,1.246,1.2829,1.246,1.2829,20000.0,25658.0
2016-02-22 00:00:00,1.2922,1.2922,1.2922,1.2922,4636.0,5990.6392
2016-02-23 00:00:00,1.3752,1.3845,1.3752,1.3752,56864.0,78199.3728
2016-03-14 00:00:00,1.3568,1.3568,1.3568,1.3568,2000.0,2713.6
2016-03-18 00:00:00,1.3568,1.3568,1.3568,1.3568,7949.0,10785.2032
2016-03-23 00:00:00,1.3476,1.3568,1.3476,1.3568,53802.0,72998.5536
2016-04-15 00:00:00,1.366,1.366,1.366,1.366,12003.0,16396.098
2016-04-20 00:00:00,1.3845,1.3845,1.3845,1.3845,12500.0,17306.25
2016-04-21 00:00:00,1.3937,1.3937,1.3937,1.3937,6969.0,9712.6953
2016-04-22 00:00:00,1.4029,1.4122,1.4029,1.4122,48500.0,68491.7
2016-04-28 00:00:00,1.4491,1.4491,1.4491,1.4491,874.0,1266.5134
2016-05-02 00:00:00,1.4306,1.4491,1.4306,1.4491,28410.0,41168.931000000004
2016-05-06 00:00:00,1.5691,1.5691,1.5691,1.5691,600.0,941.4599999999999
2016-05-09 00:00:00,1.5691,1.6521,1.5691,1.5875,38730.0,61483.875
2016-05-10 00:00:00,1.5968,1.5968,1.5414,1.5645,9844.0,15400.938
2016-05-11 00:00:00,1.5691,1.5921,1.4768,1.4768,10651.0,15729.396799999999
2016-05-13 00:00:00,1.4768,1.4768,1.4583,1.4583,2950.0,4301.985
2016-05-17 00:00:00,1.5506,1.5506,1.5506,1.5506,7700.0,11939.619999999999
2016-05-23 00:00:00,1.5229,1.5506,1.5229,1.5229,74201.0,113000.70289999999
2016-05-24 00:00:00,1.5598,1.5598,1.5598,1.5598,590.0,920.282
2016-05-27 00:00:00,1.5598,1.5737,1.5598,1.5598,26873.0,41916.5054
2016-05-30 00:00:00,1.5875,1.5875,1.5875,1.5875,42974.0,68221.22499999999
2016-05-31 00:00:00,1.5875,1.5875,1.5691,1.5691,10000.0,15691.0
2016-06-06 00:00:00,1.5968,1.5968,1.5968,1.5968,578.0,922.9504
2016-06-08 00:00:00,1.5691,1.5691,1.5691,1.5691,578.0,906.9398
2016-06-09 00:00:00,1.5645,1.5645,1.5645,1.5645,19000.0,29725.5
2016-06-10 00:00:00,1.5645,1.5691,1.5645,1.5691,60622.0,95121.98019999999
2016-06-16 00:00:00,1.5691,1.5691,1.5183,1.5183,28482.0,43244.2206
2016-06-17 00:00:00,1.4675,1.4675,1.4675,1.4675,1886.0,2767.705
2016-06-20 00:00:00,1.4583,1.4675,1.4583,1.4675,714.0,1047.795
2016-06-21 00:00:00,1.5506,1.5506,1.5506,1.5506,1025.0,1589.365
2016-06-24 00:00:00,1.4583,1.4583,1.4583,1.4583,1400.0,2041.62
2016-06-27 00:00:00,1.366,1.366,1.366,1.366,10290.0,14056.140000000001
2016-06-28 00:00:00,1.3891,1.3891,1.3891,1.3891,904.0,1255.7464
2016-06-29 00:00:00,1.3891,1.3891,1.3891,1.3891,40137.0,55754.3067
2016-06-30 00:00:00,1.3891,1.3891,1.3891,1.3891,10000.0,13891.0
2016-07-04 00:00:00,1.3891,1.3891,1.3891,1.3891,1909.0,2651.7919
2016-07-11 00:00:00,1.5506,1.5598,1.5506,1.5598,13500.0,21057.3
2016-07-12 00:00:00,1.5598,1.5598,1.5137,1.5137,5794.0,8770.3778
2016-07-13 00:00:00,1.5137,1.5137,1.5137,1.5137,2356.0,3566.2772
2016-07-15 00:00:00,1.4768,1.4768,1.4768,1.4768,1781.0,2630.1807999999996
2016-07-19 00:00:00,1.4952,1.4952,1.4952,1.4952,5162.0,7718.222400000001
2016-07-21 00:00:00,1.4952,1.4952,1.4768,1.4768,2000.0,2953.6
2016-07-22 00:00:00,1.4768,1.4768,1.4768,1.4768,500.0,738.4
2016-07-25 00:00:00,1.4768,1.4768,1.4768,1.4768,8.0,11.8144
2016-07-26 00:00:00,1.4768,1.4768,1.4768,1.4768,8.0,11.8144
2016-07-27 00:00:00,1.4768,1.4768,1.4768,1.4768,6.0,8.8608
2016-07-28 00:00:00,1.4768,1.4768,1.4768,1.4768,1004.0,1482.7071999999998
2016-07-29 00:00:00,1.4768,1.4768,1.4768,1.4768,2.0,2.9536
2016-08-01 00:00:00,1.4768,1.4768,1.4768,1.4768,2392.0,3532.5056
2016-08-02 00:00:00,1.4768,1.4814,1.4768,1.4814,46.0,68.1444
2016-08-03 00:00:00,1.4814,1.4814,1.4768,1.4814,12501.0,18518.9814
2016-08-04 00:00:00,1.4768,1.4768,1.4768,1.4768,259.0,382.4912
2016-08-05 00:00:00,1.4491,1.4491,1.4491,1.4491,6385.0,9252.5035
2016-08-08 00:00:00,1.4768,1.4768,1.4768,1.4768,2181.0,3220.9008
2016-08-11 00:00:00,1.4306,1.4306,1.3937,1.3937,54011.0,75275.1307
2016-08-12 00:00:00,1.4029,1.4029,1.4029,1.4029,5000.0,7014.5
2016-08-17 00:00:00,1.4029,1.4029,1.4029,1.4029,729.0,1022.7141
2016-08-18 00:00:00,1.4306,1.4306,1.4306,1.4306,10885.0,15572.081
2016-08-24 00:00:00,1.4029,1.4029,1.4029,1.4029,600.0,841.74
2016-08-29 00:00:00,1.4029,1.4029,1.4029,1.4029,1185.0,1662.4365
2016-08-31 00:00:00,1.4768,1.4768,1.4768,1.4768,15000.0,22152.0
2016-09-01 00:00:00,1.4952,1.4952,1.4952,1.4952,9780.0,14623.056
2016-09-06 00:00:00,1.4768,1.4768,1.4768,1.4768,650.0,959.92
2016-09-19 00:00:00,1.4306,1.4768,1.4306,1.4768,24965.0,36868.312
2016-09-20 00:00:00,1.4952,1.4952,1.4952,1.4952,1035.0,1547.5320000000002
2016-09-22 00:00:00,1.4768,1.4768,1.4768,1.4768,6000.0,8860.8
2016-09-23 00:00:00,1.4768,1.4768,1.4768,1.4768,1604.0,2368.7871999999998
2016-09-27 00:00:00,1.4952,1.5229,1.4952,1.5229,50065.0,76243.98849999999
2016-09-28 00:00:00,1.5368,1.5737,1.5368,1.5737,22050.0,34700.085
2016-09-29 00:00:00,1.5783,1.5783,1.5783,1.5783,2941.0,4641.7803
2016-10-04 00:00:00,1.5737,1.5737,1.486,1.486,15625.0,23218.75
2016-10-10 00:00:00,1.5045,1.5045,1.5045,1.5045,2704.0,4068.1679999999997
2016-10-12 00:00:00,1.5045,1.5045,1.4952,1.4952,10000.0,14952.0
2016-10-18 00:00:00,1.5045,1.5045,1.5045,1.5045,11842.0,17816.289
2016-10-21 00:00:00,1.5045,1.5045,1.5045,1.5045,800.0,1203.6
2016-10-24 00:00:00,1.5045,1.5045,1.5045,1.5045,5006.0,7531.527
2016-10-27 00:00:00,1.5137,1.5137,1.5137,1.5137,1100.0,1665.0700000000002
2016-11-02 00:00:00,1.5045,1.5045,1.5045,1.5045,2.0,3.009
2016-11-03 00:00:00,1.5045,1.5091,1.5045,1.5091,3003.0,4531.8273
2016-11-07 00:00:00,1.4952,1.4952,1.486,1.486,27644.0,41078.984
2016-11-09 00:00:00,1.5368,1.5368,1.4768,1.4768,2000.0,2953.6
2016-11-10 00:00:00,1.4722,1.4722,1.4675,1.4675,10000.0,14675.0
2016-11-11 00:00:00,1.5137,1.5137,1.5137,1.5137,620.0,938.494
2016-11-14 00:00:00,1.5091,1.5137,1.5091,1.5137,21124.0,31975.398800000003
2016-11-15 00:00:00,1.4814,1.4814,1.4768,1.4768,27876.0,41167.2768
2016-11-18 00:00:00,1.4629,1.4629,1.4629,1.4629,15000.0,21943.5
2016-11-21 00:00:00,1.4583,1.4583,1.4306,1.4445,63289.0,91420.96049999999
2016-11-24 00:00:00,1.4768,1.4768,1.4768,1.4768,7000.0,10337.599999999999
2016-11-28 00:00:00,1.4768,1.6383,1.4768,1.6383,46770.0,76623.291
2016-11-29 00:00:00,1.6521,1.6567,1.5691,1.5829,9083.0,14377.4807
2016-11-30 00:00:00,1.6337,1.6706,1.6337,1.6614,36192.0,60129.3888
2016-12-01 00:00:00,1.5636,1.5636,1.5636,1.5636,11162.0,17452.9032
2016-12-07 00:00:00,1.5832,1.6125,1.5636,1.5685,13248.0,20779.488
2016-12-12 00:00:00,1.6223,1.6223,1.6223,1.6223,500.0,811.1500000000001
2016-12-13 00:00:00,1.6125,1.6125,1.6125,1.6125,3543.0,5713.087500000001
2016-12-20 00:00:00,1.5832,1.6125,1.5734,1.5832,7572.0,11987.990399999999
2016-12-21 00:00:00,1.5734,1.5734,1.5734,1.5734,580.0,912.572
2016-12-22 00:00:00,1.5734,1.5881,1.5734,1.5881,79.0,125.4599
2016-12-29 00:00:00,1.5832,1.6027,1.5832,1.6027,6.0,9.6162
2017-01-03 00:00:00,1.6565,1.6614,1.6565,1.6614,2.0,3.3228
2017-01-06 00:00:00,1.6418,1.6711,1.6027,1.6711,3002.0,5016.6422
2017-01-11 00:00:00,1.6272,1.6272,1.6272,1.6272,1.0,1.6272
2017-01-12 00:00:00,1.6272,1.6711,1.6272,1.6711,6163.0,10298.9893
2017-01-13 00:00:00,1.6858,1.6858,1.6858,1.6858,1.0,1.6858
2017-01-16 00:00:00,1.7102,1.808,1.7102,1.808,5479.0,9906.032000000001
2017-01-17 00:00:00,1.8422,1.8861,1.8275,1.8568,54717.0,101598.5256
2017-01-18 00:00:00,1.8715,1.8715,1.8568,1.8568,9031.0,16768.7608
2017-01-19 00:00:00,1.8568,1.8764,1.8568,1.8568,3087.0,5731.9416
2017-01-20 00:00:00,1.8568,1.8568,1.8275,1.8275,5738.0,10486.195
2017-01-23 00:00:00,1.8373,1.8373,1.8275,1.8373,4402.0,8087.794599999999
2017-01-25 00:00:00,1.8568,1.8568,1.8275,1.8275,1142.0,2087.005
2017-01-27 00:00:00,1.8275,1.8275,1.8177,1.8177,269.0,488.96130000000005
2017-01-30 00:00:00,1.8177,1.8177,1.7591,1.7591,8425.0,14820.417500000001
2017-01-31 00:00:00,1.8177,1.8226,1.8177,1.8177,8419.0,15303.2163
2017-02-01 00:00:00,1.7786,1.808,1.7786,1.808,6578.0,11893.024
2017-02-02 00:00:00,1.8177,1.8177,1.8177,1.8177,710.0,1290.567
2017-02-03 00:00:00,1.8177,1.8177,1.808,1.808,6070.0,10974.56
2017-02-06 00:00:00,1.8177,1.8177,1.7884,1.7884,13330.0,23839.372
2017-02-07 00:00:00,1.7884,1.7884,1.7884,1.7884,9170.0,16399.628
2017-02-08 00:00:00,1.8177,1.8177,1.8177,1.8177,595.0,1081.5315
2017-02-13 00:00:00,1.7982,1.8177,1.7982,1.8177,10792.0,19616.6184
2017-02-14 00:00:00,1.8177,1.8177,1.8177,1.8177,1810.0,3290.0370000000003
2017-02-15 00:00:00,1.808,1.8177,1.808,1.8177,5830.0,10597.191
2017-02-21 00:00:00,1.8177,1.8177,1.7884,1.8177,27536.0,50052.1872
2017-02-22 00:00:00,1.8275,1.9057,1.8275,1.891,18758.0,35471.378
2017-02-23 00:00:00,1.9057,1.9106,1.9057,1.9057,5132.0,9780.0524
2017-02-24 00:00:00,1.7102,1.7884,1.7102,1.7884,6161.0,11018.3324
2017-02-27 00:00:00,1.8031,1.8031,1.7884,1.7884,500.0,894.2
2017-02-28 00:00:00,1.7884,1.7884,1.7835,1.7835,11010.0,19636.335
2017-03-01 00:00:00,1.72,1.72,1.72,1.72,540.0,928.8
2017-03-06 00:00:00,1.7249,1.7591,1.7249,1.7591,4155.0,7309.0605000000005
2017-03-08 00:00:00,1.7249,1.7249,1.72,1.72,7050.0,12126.0
2017-03-09 00:00:00,1.7591,1.7591,1.7591,1.7591,146.0,256.8286
2017-03-10 00:00:00,1.7102,1.7102,1.7102,1.7102,10342.0,17686.8884
2017-03-17 00:00:00,1.7591,1.7591,1.7591,1.7591,6000.0,10554.6
2017-03-20 00:00:00,1.7493,1.7493,1.7493,1.7493,1200.0,2099.1600000000003
2017-03-23 00:00:00,1.7591,1.7591,1.7591,1.7591,1070.0,1882.237
2017-03-24 00:00:00,1.7298,1.764,1.7298,1.764,643.0,1134.252
2017-03-28 00:00:00,1.7347,1.764,1.7347,1.764,326.0,575.064
2017-03-29 00:00:00,1.7591,1.808,1.7591,1.808,10005.0,18089.04
2017-03-30 00:00:00,1.808,1.808,1.808,1.808,172.0,310.976
2017-03-31 00:00:00,1.7982,1.7982,1.7982,1.7982,6000.0,10789.2
2017-04-05 00:00:00,1.7298,1.808,1.7298,1.808,1000.0,1808.0
2017-04-07 00:00:00,1.7591,1.7884,1.7591,1.7884,20400.0,36483.36
2017-04-10 00:00:00,1.808,1.8177,1.808,1.808,18209.0,32921.872
2017-04-20 00:00:00,1.7786,1.7786,1.764,1.764,13075.0,23064.3
2017-04-26 00:00:00,1.7884,1.7884,1.7884,1.7884,4000.0,7153.6
2017-04-27 00:00:00,1.8275,1.8275,1.8275,1.8275,3000.0,5482.5
2017-04-28 00:00:00,1.808,1.8519,1.7689,1.7689,19355.0,34237.059499999996
2017-05-03 00:00:00,1.808,1.808,1.7591,1.7591,3744.0,6586.0704000000005
2017-05-04 00:00:00,1.7738,1.7738,1.7591,1.7591,1000.0,1759.1000000000001
2017-05-09 00:00:00,1.7591,1.7591,1.7591,1.7591,599.0,1053.7009
2017-05-10 00:00:00,1.7591,1.7591,1.7591,1.7591,3500.0,6156.85
2017-05-15 00:00:00,1.808,1.808,1.808,1.808,2500.0,4520.0
2017-05-16 00:00:00,1.808,1.9057,1.808,1.9057,32000.0,60982.4
2017-05-17 00:00:00,1.9057,1.9057,1.9057,1.9057,2.0,3.8114
2017-05-18 00:00:00,1.8764,1.8764,1.8764,1.8764,4.0,7.5056
2017-05-26 00:00:00,1.847,1.847,1.847,1.847,2000.0,3694.0
2017-06-02 00:00:00,1.847,1.847,1.847,1.847,10700.0,19762.9
2017-06-05 00:00:00,1.8568,1.8568,1.8568,1.8568,4352.0,8080.7936
2017-06-07 00:00:00,1.7591,1.7591,1.7591,1.7591,5000.0,8795.5
2017-06-14 00:00:00,1.8568,1.8568,1.8568,1.8568,2222.0,4125.8096
2017-06-22 00:00:00,1.8422,1.8568,1.8422,1.8568,5000.0,9284.0
2017-06-23 00:00:00,1.847,1.8568,1.847,1.8568,53295.0,98958.156
2017-06-26 00:00:00,1.8568,1.8568,1.8568,1.8568,835.0,1550.428
2017-06-27 00:00:00,1.8275,1.8275,1.7884,1.7884,165.0,295.086
2017-06-28 00:00:00,1.7982,1.7982,1.7884,1.7884,1000.0,1788.4
2017-06-29 00:00:00,1.7982,1.8177,1.7982,1.8177,21980.0,39953.046
2017-07-03 00:00:00,1.7884,1.7884,1.7884,1.7884,578.0,1033.6951999999999
2017-07-06 00:00:00,1.8764,1.9936,1.8764,1.9936,60537.0,120686.5632
2017-07-07 00:00:00,1.9936,2.0523,1.9936,2.0034,17812.0,35684.5608
2017-07-10 00:00:00,2.0034,2.0034,2.0034,2.0034,1665.0,3335.661
2017-07-11 00:00:00,2.0034,2.0523,2.0034,2.0523,10000.0,20522.999999999996
2017-07-13 00:00:00,1.9936,1.9936,1.9936,1.9936,3500.0,6977.6
2017-07-14 00:00:00,2.0132,2.0132,1.9936,1.9936,6000.0,11961.6
2017-07-17 00:00:00,1.9936,2.023,1.9936,2.023,2500.0,5057.5
2017-07-19 00:00:00,2.0034,2.0034,2.0034,2.0034,2500.0,5008.5
2017-07-21 00:00:00,1.9839,1.9839,1.9839,1.9839,7500.0,14879.25
2017-07-24 00:00:00,2.0034,2.062,2.0034,2.062,59813.0,123334.40599999999
2017-07-25 00:00:00,2.062,2.0914,2.062,2.0914,36134.0,75570.64760000001
2017-07-26 00:00:00,2.0914,2.1011,2.0914,2.1011,23103.0,48541.7133
2017-07-27 00:00:00,2.1011,2.1011,2.062,2.062,8738.0,18017.755999999998
2017-07-28 00:00:00,2.062,2.062,2.062,2.062,1802.0,3715.7239999999997
2017-07-31 00:00:00,2.062,2.062,2.062,2.062,3598.0,7419.075999999999
2017-08-01 00:00:00,2.1011,2.1011,2.0425,2.0425,5407.0,11043.7975
2017-08-03 00:00:00,2.1011,2.1011,2.1011,2.1011,18400.0,38660.240000000005
2017-08-08 00:00:00,2.1011,2.1011,1.9448,1.9448,15500.0,30144.4
2017-08-11 00:00:00,1.9545,1.9545,1.9545,1.9545,3000.0,5863.5
2017-08-14 00:00:00,1.9545,1.9545,1.9545,1.9545,500.0,977.25
2017-08-17 00:00:00,2.0523,2.0523,2.0523,2.0523,5000.0,10261.499999999998
2017-08-18 00:00:00,2.062,2.062,2.0523,2.0523,4681.0,9606.816299999999
2017-08-22 00:00:00,2.1305,2.1402,2.0718,2.0718,10481.0,21714.5358
2017-08-23 00:00:00,2.0718,2.1011,2.0718,2.1011,12100.0,25423.31
2017-08-25 00:00:00,2.0523,2.0523,1.9448,1.9448,11623.0,22604.4104
2017-08-28 00:00:00,1.9545,1.9545,1.9545,1.9545,5000.0,9772.5
2017-08-31 00:00:00,2.0425,2.0425,2.023,2.023,1018.0,2059.414
2017-09-04 00:00:00,2.0132,2.0523,2.0132,2.0523,43000.0,88248.9
2017-09-05 00:00:00,2.0523,2.0523,2.0523,2.0523,29196.0,59918.95079999999
2017-09-06 00:00:00,2.0523,2.0523,2.0523,2.0523,23.0,47.20289999999999
2017-09-08 00:00:00,2.0523,2.0523,2.0523,2.0523,2358.0,4839.323399999999
2017-09-11 00:00:00,2.0718,2.0718,2.0523,2.0523,1471.0,3018.9332999999997
2017-09-12 00:00:00,2.0718,2.0718,2.0718,2.0718,4083.0,8459.1594
2017-09-18 00:00:00,2.1109,2.1109,2.1109,2.1109,5300.0,11187.77
2017-09-19 00:00:00,2.1109,2.1109,2.0816,2.0816,12668.0,26369.7088
2017-09-22 00:00:00,2.0914,2.0914,2.0914,2.0914,5000.0,10457.0
2017-09-25 00:00:00,2.1109,2.1109,2.0816,2.0816,5000.0,10408.0
2017-09-29 00:00:00,2.0816,2.0816,2.0816,2.0816,5000.0,10408.0
2017-10-04 00:00:00,2.1793,2.1793,2.1793,2.1793,4526.0,9863.5118
2017-10-05 00:00:00,2.1891,2.1891,2.1109,2.1109,2608.0,5505.2272
2017-10-06 00:00:00,2.1891,2.1891,2.1891,2.1891,10397.0,22760.072699999997
2017-10-09 00:00:00,2.1891,2.1891,2.1891,2.1891,2276.0,4982.3916
2017-10-12 00:00:00,2.1695,2.1695,2.1011,2.1011,16834.0,35369.917400000006
2017-10-13 00:00:00,2.1695,2.1695,2.1695,2.1695,61000.0,132339.5
2017-10-16 00:00:00,2.1793,2.1793,2.15,2.15,23280.0,50052.0
2017-10-17 00:00:00,2.1793,2.1989,2.15,2.1989,25334.0,55706.9326
2017-10-19 00:00:00,2.2966,2.2966,2.2966,2.2966,1845.0,4237.227000000001
2017-10-20 00:00:00,2.2966,2.2966,2.2477,2.277,6005.0,13673.385
2017-10-23 00:00:00,2.277,2.277,2.277,2.277,3995.0,9096.615
2017-10-24 00:00:00,2.2966,2.2966,2.2966,2.2966,1000.0,2296.6000000000004
2017-10-25 00:00:00,2.2966,2.365,2.2966,2.365,4879.0,11538.835000000001
2017-10-26 00:00:00,2.365,2.365,2.365,2.365,1.0,2.365
2017-10-27 00:00:00,2.3064,2.3552,2.3064,2.3064,3116.0,7186.7424
2017-10-30 00:00:00,2.3455,2.3455,2.2184,2.2184,5271.0,11693.1864
2017-10-31 00:00:00,2.2575,2.2575,2.2477,2.2477,8000.0,17981.6
2017-11-03 00:00:00,2.2575,2.2575,2.2477,2.2477,14000.0,31467.8
2017-11-06 00:00:00,2.3455,2.3455,2.3455,2.3455,2140.0,5019.37
2017-11-07 00:00:00,2.3357,2.3357,2.3259,2.3357,19860.0,46387.002
2017-11-08 00:00:00,2.3455,2.3455,2.3455,2.3455,4090.0,9593.095
2017-11-09 00:00:00,2.3455,2.365,2.3455,2.365,3736.0,8835.640000000001
2017-11-10 00:00:00,2.3455,2.3455,2.3455,2.3455,1010.0,2368.955
2017-11-13 00:00:00,2.3259,2.3259,2.2966,2.2966,1900.0,4363.54
2017-11-14 00:00:00,2.2966,2.2966,2.2966,2.2966,2550.0,5856.330000000001
2017-11-16 00:00:00,2.277,2.277,2.277,2.277,10231.0,23295.987
2017-11-17 00:00:00,2.2673,2.2673,2.2575,2.2575,2877.0,6494.827499999999
2017-11-20 00:00:00,2.2575,2.2575,2.2575,2.2575,1201.0,2711.2574999999997
2017-11-21 00:00:00,2.2575,2.2575,2.2477,2.2477,2324.0,5223.6548
2017-11-22 00:00:00,2.2673,2.3552,2.2673,2.3552,36000.0,84787.2
2017-11-23 00:00:00,2.3455,2.3748,2.3455,2.3748,38549.0,91546.1652
2017-11-24 00:00:00,2.3943,2.4139,2.3943,2.4139,18878.0,45569.6042
2017-11-27 00:00:00,2.4432,2.4432,2.4432,2.4432,22739.0,55555.9248
2017-11-28 00:00:00,2.4334,2.4334,2.4334,2.4334,21009.0,51123.300599999995
2017-11-29 00:00:00,2.4334,2.4334,2.4334,2.4334,9258.0,22528.417199999996
2017-11-30 00:00:00,2.4041,2.4041,2.4041,2.4041,10000.0,24041.0
2017-12-01 00:00:00,2.3943,2.3943,2.3943,2.3943,15240.0,36489.132
2017-12-04 00:00:00,2.3748,2.3748,2.3455,2.3455,14922.0,34999.551
2017-12-06 00:00:00,2.3943,2.3943,2.3455,2.3943,4019.0,9622.6917
2017-12-07 00:00:00,2.3943,2.3943,2.3943,2.3943,1000.0,2394.2999999999997
2017-12-11 00:00:00,2.3748,2.3748,2.3455,2.3455,14878.0,34896.349
2017-12-12 00:00:00,2.3455,2.3455,2.3455,2.3455,5162.0,12107.471
2017-12-13 00:00:00,2.3455,2.3455,2.2966,2.2966,12820.0,29442.412000000004
2017-12-15 00:00:00,2.3455,2.4236,2.3455,2.4236,10906.0,26431.7816
2017-12-18 00:00:00,2.3943,2.4236,2.3943,2.4236,3000.0,7270.8
2017-12-19 00:00:00,2.4236,2.4432,2.4236,2.4432,5330.0,13022.256
2017-12-21 00:00:00,2.4432,2.4627,2.4432,2.4432,25029.0,61150.8528
2017-12-27 00:00:00,2.5409,2.6582,2.5409,2.6582,11517.0,30614.4894
2017-12-28 00:00:00,2.492,2.6093,2.492,2.492,8309.0,20706.028
2017-12-29 00:00:00,2.5409,2.6582,2.5409,2.6484,32716.0,86645.05440000001
2018-01-02 00:00:00,2.5898,2.6582,2.5311,2.6582,15356.0,40819.3192
2018-01-03 00:00:00,2.5605,2.5605,2.5605,2.5605,3520.0,9012.960000000001
2018-01-04 00:00:00,2.6386,2.6484,2.6386,2.6484,2000.0,5296.8
2018-01-05 00:00:00,2.6484,2.6582,2.6386,2.6386,9781.0,25808.1466
2018-01-09 00:00:00,2.6386,2.6386,2.6386,2.6386,1111.0,2931.4846
2018-01-11 00:00:00,2.6386,2.6386,2.4725,2.5214,13219.0,33330.3866
2018-01-12 00:00:00,2.5311,2.5311,2.5311,2.5311,381.0,964.3490999999999
2018-01-15 00:00:00,2.6386,2.6484,2.6386,2.6484,9687.0,25655.0508
2018-01-16 00:00:00,2.6582,2.7852,2.6582,2.7852,5533.0,15410.5116
2018-01-17 00:00:00,2.7852,2.7852,2.6484,2.6484,14797.0,39188.3748
2018-01-18 00:00:00,2.6875,2.6875,2.6875,2.6875,1650.0,4434.375
2018-01-19 00:00:00,2.668,2.6777,2.668,2.668,11184.0,29838.912
2018-01-22 00:00:00,2.6386,2.6386,2.6386,2.6386,5781.0,15253.746599999999
2018-01-24 00:00:00,2.6386,2.6386,2.6289,2.6289,6507.0,17106.2523
2018-01-25 00:00:00,2.5409,2.5898,2.5409,2.5507,22479.0,57337.1853
2018-01-29 00:00:00,2.5898,2.5898,2.5898,2.5898,4000.0,10359.199999999999
2018-01-30 00:00:00,2.5605,2.5702,2.5605,2.5702,9470.0,24339.793999999998
2018-01-31 00:00:00,2.58,2.58,2.5702,2.5702,686.0,1763.1571999999999
2018-02-01 00:00:00,2.58,2.6582,2.5507,2.6582,13253.0,35229.124599999996
2018-02-05 00:00:00,2.6386,2.6386,2.6386,2.6386,1926.0,5081.9436
2018-02-06 00:00:00,2.5898,2.6289,2.5409,2.5898,23927.0,61966.1446
2018-02-07 00:00:00,2.6191,2.6582,2.6191,2.6582,12329.0,32772.9478
2018-02-08 00:00:00,2.6777,2.6777,2.6777,2.6777,2000.0,5355.400000000001
2018-02-09 00:00:00,2.5507,2.5507,2.5507,2.5507,400.0,1020.28
2018-02-14 00:00:00,2.58,2.6289,2.5702,2.6289,3000.0,7886.7
2018-02-15 00:00:00,2.6191,2.6289,2.58,2.58,2150.0,5547.0
2018-02-16 00:00:00,2.58,2.58,2.58,2.58,4.0,10.32
2018-02-19 00:00:00,2.58,2.6289,2.58,2.6289,1426.0,3748.8113999999996
2018-02-20 00:00:00,2.6289,2.6289,2.6289,2.6289,22267.0,58537.71629999999
2018-02-22 00:00:00,2.6289,2.7559,2.6289,2.7461,33858.0,92977.4538
2018-02-23 00:00:00,2.7755,2.795,2.7657,2.7852,49145.0,136878.654
2018-02-26 00:00:00,2.7755,2.7755,2.7657,2.7755,4191.0,11632.1205
2018-02-27 00:00:00,2.7657,2.7657,2.7657,2.7657,608.0,1681.5456
2018-02-28 00:00:00,2.6582,2.7657,2.6582,2.7657,5012.0,13861.6884
2018-03-01 00:00:00,2.6582,2.6582,2.6582,2.6582,3272.0,8697.6304
2018-03-02 00:00:00,2.6777,2.6777,2.6582,2.6582,13500.0,35885.7
2018-03-05 00:00:00,2.7364,2.7364,2.7364,2.7364,1500.0,4104.6
2018-03-06 00:00:00,2.7266,2.7266,2.7266,2.7266,4410.0,12024.306
2018-03-07 00:00:00,2.7266,2.7364,2.7266,2.7364,8038.0,21995.183200000003
2018-03-08 00:00:00,2.7657,2.7657,2.7657,2.7657,10973.0,30348.0261
2018-03-09 00:00:00,2.7657,2.7657,2.7657,2.7657,1959.0,5418.0063
2018-03-12 00:00:00,2.6875,2.7657,2.6875,2.6875,753.0,2023.6875
2018-03-13 00:00:00,2.7364,2.7364,2.7364,2.7364,500.0,1368.2
2018-03-16 00:00:00,2.707,2.707,2.6973,2.6973,3497.0,9432.4581
2018-03-20 00:00:00,2.7168,2.7168,2.6973,2.7168,18911.0,51377.404800000004
2018-03-26 00:00:00,2.6875,2.7168,2.6875,2.7168,2001.0,5436.3168000000005
2018-03-27 00:00:00,2.7168,2.7168,2.7168,2.7168,895.0,2431.536
2018-03-28 00:00:00,2.707,2.707,2.707,2.707,2.0,5.414
2018-04-03 00:00:00,2.7168,2.7168,2.6875,2.6875,4793.0,12881.1875
2018-04-04 00:00:00,2.6875,2.6875,2.6875,2.6875,12.0,32.25
2018-04-05 00:00:00,2.5507,2.58,2.5507,2.58,2130.0,5495.400000000001
2018-04-06 00:00:00,2.5702,2.58,2.5702,2.58,1325.0,3418.5
2018-04-09 00:00:00,2.5702,2.5702,2.5702,2.5702,1140.0,2930.028
2018-04-10 00:00:00,2.5409,2.5409,2.4725,2.4725,19178.0,47417.605
2018-04-11 00:00:00,2.4725,2.4725,2.4432,2.453,16367.0,40148.251
2018-04-12 00:00:00,2.453,2.453,2.453,2.453,3955.0,9701.615
2018-04-13 00:00:00,2.492,2.5214,2.492,2.5116,15267.0,38344.597200000004
2018-04-16 00:00:00,2.492,2.5116,2.453,2.5116,1771.0,4448.0436
2018-04-20 00:00:00,2.4823,2.4823,2.4823,2.4823,50.0,124.115
2018-04-23 00:00:00,2.492,2.5605,2.492,2.5605,7218.0,18481.689000000002
2018-04-26 00:00:00,2.5507,2.5507,2.5507,2.5507,500.0,1275.35
2018-04-27 00:00:00,2.492,2.58,2.492,2.5409,28260.0,71805.834
2018-04-30 00:00:00,2.58,2.6191,2.5409,2.5409,559.0,1420.3631
2018-05-02 00:00:00,2.5507,2.5507,2.5507,2.5507,1805.0,4604.0135
2018-05-08 00:00:00,2.5507,2.5507,2.453,2.4627,8545.0,21043.7715
2018-05-09 00:00:00,2.492,2.5214,2.453,2.453,14191.0,34810.523
2018-05-10 00:00:00,2.453,2.4627,2.1793,2.365,75200.0,177848.00000000003
2018-05-11 00:00:00,2.3455,2.365,2.2868,2.365,62659.0,148188.535
2018-05-14 00:00:00,2.365,2.3943,2.365,2.3943,4468.0,10697.732399999999
2018-05-15 00:00:00,2.4041,2.4432,2.4041,2.4432,11144.0,27227.020800000002
2018-05-16 00:00:00,2.453,2.5214,2.453,2.5116,11747.0,29503.7652
2018-05-17 00:00:00,2.5409,2.5507,2.5409,2.5507,3269.0,8338.238299999999
2018-05-18 00:00:00,2.5898,2.5898,2.5898,2.5898,12962.0,33568.9876
2018-05-21 00:00:00,2.5898,2.5898,2.58,2.58,8575.0,22123.5
2018-05-22 00:00:00,2.5898,2.5898,2.58,2.58,3450.0,8901.0
2018-05-23 00:00:00,2.58,2.58,2.5409,2.58,2035.0,5250.3
2018-05-24 00:00:00,2.5409,2.5409,2.5409,2.5409,8130.0,20657.517
2018-05-25 00:00:00,2.5214,2.5214,2.4823,2.5214,19912.0,50206.116799999996
2018-05-28 00:00:00,2.5214,2.5409,2.5214,2.5409,19500.0,49547.55
2018-05-29 00:00:00,2.5409,2.5702,2.453,2.5409,29939.0,76072.00510000001
2018-06-01 00:00:00,2.58,2.7657,2.58,2.7266,22159.0,60418.7294
2018-06-04 00:00:00,2.7266,2.8341,2.5507,2.5507,17187.0,43838.8809
2018-06-13 00:00:00,2.6191,2.6191,2.58,2.58,17500.0,45150.0
2018-06-14 00:00:00,2.668,2.668,2.668,2.668,500.0,1334.0
2018-06-15 00:00:00,2.6386,2.6386,2.5995,2.5995,20000.0,51990.0
2018-06-18 00:00:00,2.6777,2.6777,2.6191,2.6191,9060.0,23729.046
2018-06-20 00:00:00,2.5995,2.5995,2.5995,2.5995,407.0,1057.9965
2018-06-21 00:00:00,2.5995,2.5995,2.5995,2.5995,1500.0,3899.25
2018-06-22 00:00:00,2.5898,2.5898,2.5898,2.5898,1000.0,2589.7999999999997
2018-06-25 00:00:00,2.5898,2.5898,2.5898,2.5898,6.0,15.538799999999998
2018-06-26 00:00:00,2.5995,2.5995,2.5898,2.5898,1447.0,3747.4406
2018-06-27 00:00:00,2.5898,2.5898,2.5898,2.5898,1163.0,3011.9374
2018-06-28 00:00:00,2.5898,2.5995,2.5898,2.5995,157.0,408.12149999999997
2018-06-29 00:00:00,2.5995,2.5995,2.5995,2.5995,1124.0,2921.8379999999997
2018-07-02 00:00:00,2.5995,2.6093,2.5995,2.6093,1355.0,3535.6015
2018-07-03 00:00:00,2.6093,2.6191,2.6093,2.6191,7.0,18.3337
2018-07-04 00:00:00,2.6386,2.6777,2.6386,2.6777,12621.0,33795.2517
2018-07-05 00:00:00,2.6777,2.6777,2.6777,2.6777,9990.0,26750.223
2018-07-09 00:00:00,2.668,2.6777,2.668,2.6777,5305.0,14205.1985
2018-07-10 00:00:00,2.6289,2.6386,2.6289,2.6386,9300.0,24538.98
2018-07-11 00:00:00,2.6386,2.6777,2.6386,2.6777,10072.0,26969.794400000002
2018-07-12 00:00:00,2.6875,2.6875,2.6386,2.6386,4429.0,11686.3594
2018-07-13 00:00:00,2.6386,2.6386,2.6386,2.6386,1114.0,2939.4004
2018-07-16 00:00:00,2.6386,2.6386,2.6386,2.6386,6000.0,15831.599999999999
2018-07-17 00:00:00,2.6777,2.6875,2.6386,2.6386,24547.0,64769.714199999995
2018-07-18 00:00:00,2.6777,2.6875,2.6777,2.6875,16500.0,44343.75
2018-07-19 00:00:00,2.6875,2.6973,2.6777,2.6777,23234.0,62213.681800000006
2018-07-20 00:00:00,2.6875,2.6875,2.5898,2.5898,8460.0,21909.708
2018-07-23 00:00:00,2.6386,2.6386,2.5995,2.5995,3500.0,9098.25
2018-07-25 00:00:00,2.5995,2.5995,2.5995,2.5995,1100.0,2859.45
2018-07-26 00:00:00,2.6386,2.6875,2.6289,2.6289,9123.0,23983.4547
2018-07-27 00:00:00,2.6973,2.6973,2.668,2.668,5594.0,14924.792000000001
2018-07-30 00:00:00,2.6973,2.6973,2.668,2.668,5008.0,13361.344000000001
2018-07-31 00:00:00,2.6484,2.6484,2.6484,2.6484,2478.0,6562.7352
2018-08-01 00:00:00,2.6875,2.6973,2.6875,2.6973,2000.0,5394.599999999999
2018-08-07 00:00:00,2.6484,2.668,2.6484,2.668,34.0,90.712
2018-08-13 00:00:00,2.6093,2.6191,2.6093,2.6093,34.0,88.7162
2018-08-14 00:00:00,2.6093,2.6191,2.6093,2.6093,33.0,86.10690000000001
2018-08-15 00:00:00,2.6093,2.6973,2.6093,2.6973,15008.0,40481.0784
2018-08-16 00:00:00,2.6386,2.6386,2.6386,2.6386,366.0,965.7275999999999
2018-08-20 00:00:00,2.6386,2.6386,2.6191,2.6191,6600.0,17286.06
2018-08-24 00:00:00,2.6875,2.6875,2.6875,2.6875,5000.0,13437.5
2018-08-29 00:00:00,2.6875,2.707,2.6875,2.707,6804.0,18418.428
2018-08-31 00:00:00,2.6875,2.7461,2.6875,2.7461,5442.0,14944.2762
2018-09-03 00:00:00,2.7755,2.795,2.7657,2.795,1330.0,3717.35
2018-09-04 00:00:00,2.8341,2.8341,2.8048,2.8048,9115.0,25565.752
2018-09-05 00:00:00,2.795,2.795,2.795,2.795,753.0,2104.6349999999998
2018-09-06 00:00:00,2.795,2.795,2.795,2.795,6.0,16.77
2018-09-07 00:00:00,2.795,2.795,2.795,2.795,3371.0,9421.945
2018-09-10 00:00:00,2.795,2.795,2.795,2.795,610.0,1704.95
2018-09-13 00:00:00,2.795,2.795,2.707,2.707,7319.0,19812.533
2018-09-21 00:00:00,2.6875,2.7364,2.6875,2.7364,4828.0,13211.3392
2018-09-25 00:00:00,2.7364,2.7364,2.7364,2.7364,6896.0,18870.2144
2018-09-26 00:00:00,2.7461,2.7461,2.7461,2.7461,1800.0,4942.9800000000005
2018-09-27 00:00:00,2.707,2.707,2.707,2.707,477.0,1291.239
2018-09-28 00:00:00,2.707,2.7364,2.707,2.7364,7.0,19.1548
2018-10-01 00:00:00,2.7364,2.795,2.7364,2.795,3197.0,8935.615
2018-10-02 00:00:00,2.7852,2.7852,2.7852,2.7852,1.0,2.7852
2018-10-04 00:00:00,2.8048,2.8048,2.8048,2.8048,2000.0,5609.6
2018-10-05 00:00:00,2.795,2.795,2.7559,2.7559,12227.0,33696.3893
2018-10-09 00:00:00,2.7364,2.7364,2.707,2.707,25109.0,67970.063
2018-10-11 00:00:00,2.707,2.707,2.6386,2.6386,3500.0,9235.099999999999
2018-10-16 00:00:00,2.6973,2.6973,2.6875,2.6875,15000.0,40312.5
2018-10-18 00:00:00,2.6875,2.6875,2.668,2.668,5673.0,15135.564
2018-10-26 00:00:00,2.6582,2.668,2.6582,2.668,7315.0,19516.420000000002
2018-11-05 00:00:00,2.5898,2.5898,2.5409,2.5409,5006.0,12719.745400000002
2018-11-06 00:00:00,2.5507,2.5507,2.5507,2.5507,17.0,43.3619
2018-11-07 00:00:00,2.5507,2.5507,2.5507,2.5507,11.0,28.0577
2018-11-08 00:00:00,2.58,2.5898,2.58,2.5898,203.0,525.7293999999999
2018-11-09 00:00:00,2.6093,2.6093,2.6093,2.6093,15.0,39.139500000000005
2018-11-12 00:00:00,2.6191,2.6191,2.6191,2.6191,9756.0,25551.9396
2018-11-13 00:00:00,2.6191,2.6289,2.6191,2.6289,21.0,55.2069
2018-11-14 00:00:00,2.6289,2.6289,2.6289,2.6289,682.0,1792.9098
2018-11-16 00:00:00,2.6289,2.6289,2.5507,2.5507,15000.0,38260.5
2018-11-19 00:00:00,2.5507,2.5507,2.5507,2.5507,1962.0,5004.4734
2018-11-21 00:00:00,2.5898,2.5898,2.5409,2.5409,12768.0,32442.2112
2018-11-26 00:00:00,2.5116,2.5409,2.492,2.5409,25967.0,65979.5503
2018-11-28 00:00:00,2.5409,2.5409,2.453,2.5409,15480.0,39333.132000000005
2018-11-29 00:00:00,2.5409,2.5995,2.5409,2.5898,36229.0,93825.8642
2018-12-03 00:00:00,2.5995,2.5995,2.5898,2.5995,11000.0,28594.5
2018-12-10 00:00:00,2.5995,2.5995,2.5898,2.5898,7625.0,19747.225
2018-12-11 00:00:00,2.5409,2.5409,2.5311,2.5409,84975.0,215912.9775
2018-12-13 00:00:00,2.5409,2.5409,2.5311,2.5409,94467.0,240031.20030000003
2018-12-14 00:00:00,2.5409,2.5409,2.5409,2.5409,10000.0,25409.0
2018-12-17 00:00:00,2.5409,2.5409,2.5409,2.5409,25000.0,63522.50000000001
2018-12-19 00:00:00,2.5409,2.5409,2.5409,2.5409,400.0,1016.36
2018-12-20 00:00:00,2.5409,2.5409,2.5409,2.5409,19600.0,49801.64000000001
2018-12-21 00:00:00,2.5409,2.5409,2.5116,2.5116,8785.0,22064.406
2019-01-03 00:00:00,2.5702,2.5702,2.5702,2.5702,2125.0,5461.674999999999
2019-01-04 00:00:00,2.58,2.58,2.58,2.58,2375.0,6127.5
2019-01-07 00:00:00,2.58,2.58,2.58,2.58,750.0,1935.0
2019-01-08 00:00:00,2.58,2.58,2.58,2.58,200.0,516.0
2019-01-15 00:00:00,2.5605,2.5605,2.5116,2.5409,10291.0,26148.4019
2019-01-22 00:00:00,2.5409,2.5409,2.5409,2.5409,180.0,457.362
2019-01-23 00:00:00,2.5409,2.5409,2.5409,2.5409,3500.0,8893.150000000001
2019-01-25 00:00:00,2.5605,2.5605,2.5605,2.5605,300.0,768.1500000000001
2019-01-29 00:00:00,2.5409,2.5409,2.5409,2.5409,5322.0,13522.669800000001
2019-01-30 00:00:00,2.5409,2.5702,2.5409,2.5409,70059.0,178012.9131
2019-02-01 00:00:00,2.5507,2.5507,2.5507,2.5507,114.0,290.7798
2019-02-04 00:00:00,2.5409,2.58,2.5409,2.5702,51760.0,133033.552
2019-02-05 00:00:00,2.5995,2.6386,2.58,2.58,29375.0,75787.5
2019-02-06 00:00:00,2.5898,2.5898,2.58,2.58,13746.0,35464.68
2019-02-08 00:00:00,2.5995,2.5995,2.5409,2.5409,5000.0,12704.5
2019-02-12 00:00:00,2.6484,2.6484,2.5409,2.5409,11592.0,29454.112800000003
2019-02-14 00:00:00,2.5409,2.5409,2.5409,2.5409,35128.0,89256.73520000001
2019-02-15 00:00:00,2.5409,2.5409,2.5409,2.5409,2506.0,6367.495400000001
2019-02-18 00:00:00,2.5409,2.5409,2.5409,2.5409,1000.0,2540.9
2019-02-19 00:00:00,2.5507,2.5507,2.5507,2.5507,2750.0,7014.425
2019-02-22 00:00:00,2.4725,2.4725,2.4725,2.4725,6250.0,15453.125
2019-02-26 00:00:00,2.5214,2.5214,2.4725,2.4725,26439.0,65370.427500000005
2019-02-28 00:00:00,2.4725,2.4725,2.4725,2.4725,390.0,964.2750000000001
2019-03-04 00:00:00,2.4725,2.4725,2.4725,2.4725,12000.0,29670.0
2019-03-05 00:00:00,2.5214,2.5214,2.4823,2.4823,493.0,1223.7739
2019-03-06 00:00:00,2.4823,2.4823,2.4725,2.4725,4875.0,12053.4375
2019-03-07 00:00:00,2.4725,2.4725,2.4725,2.4725,6012.0,14864.67
2019-03-11 00:00:00,2.4725,2.4725,2.4725,2.4725,5875.0,14525.9375
2019-03-14 00:00:00,2.5605,2.5605,2.5605,2.5605,380.0,972.9900000000001
2019-03-15 00:00:00,2.5409,2.5605,2.4725,2.4725,30879.0,76348.3275
2019-03-19 00:00:00,2.492,2.5018,2.4823,2.5018,22069.0,55212.2242
2019-03-20 00:00:00,2.5018,2.5018,2.5018,2.5018,33.0,82.5594
2019-03-22 00:00:00,2.5409,2.5409,2.5409,2.5409,1701.0,4322.070900000001
2019-03-25 00:00:00,2.5409,2.5409,2.5311,2.5311,8360.0,21159.996
2019-03-26 00:00:00,2.5409,2.5409,2.5311,2.5409,67288.0,170972.0792
2019-03-27 00:00:00,2.5409,2.5409,2.5214,2.5409,61706.0,156788.7754
2019-03-28 00:00:00,2.5311,2.5311,2.5311,2.5311,695.0,1759.1145
2019-03-29 00:00:00,2.5409,2.5898,2.5409,2.5898,2530.0,6552.1939999999995
2019-04-02 00:00:00,2.5605,2.5605,2.5605,2.5605,12000.0,30726.000000000004
2019-04-05 00:00:00,2.5605,2.5898,2.5605,2.5898,11400.0,29523.719999999998
2019-04-10 00:00:00,2.5605,2.5605,2.5605,2.5605,764.0,1956.2220000000002
2019-04-11 00:00:00,2.5605,2.5605,2.5605,2.5605,7000.0,17923.5
2019-04-16 00:00:00,2.5898,2.5898,2.5898,2.5898,4329.0,11211.2442
2019-04-17 00:00:00,2.5702,2.5702,2.5409,2.5409,35263.0,89599.75670000001
2019-04-24 00:00:00,2.58,2.5898,2.58,2.5898,8885.0,23010.373
2019-04-26 00:00:00,2.5898,2.5898,2.5898,2.5898,954.0,2470.6692
2019-04-29 00:00:00,2.5898,2.6093,2.5898,2.6093,13600.0,35486.48
2019-05-01 00:00:00,2.5898,2.5898,2.5898,2.5898,10315.0,26713.787
2019-05-03 00:00:00,2.6093,2.6093,2.6093,2.6093,188.0,490.5484
2019-05-07 00:00:00,2.5898,2.5898,2.5605,2.5898,30055.0,77836.439
2019-05-08 00:00:00,2.58,2.58,2.58,2.58,7700.0,19866.0
2019-05-13 00:00:00,2.5995,2.5995,2.58,2.58,12570.0,32430.600000000002
2019-05-14 00:00:00,2.58,2.58,2.58,2.58,588.0,1517.04
2019-05-16 00:00:00,2.58,2.58,2.58,2.58,3810.0,9829.800000000001
2019-05-17 00:00:00,2.5898,2.5898,2.5898,2.5898,54726.0,141729.39479999998
2019-05-22 00:00:00,2.5995,2.5995,2.5995,2.5995,9094.0,23639.853
2019-05-24 00:00:00,2.5995,2.6386,2.5995,2.6386,12892.0,34016.8312
2019-06-14 00:00:00,2.5898,2.5898,2.5898,2.5898,1440736.0,3731218.0927999998
2019-06-17 00:00:00,2.5898,2.5898,2.5898,2.5898,1000.0,2589.7999999999997
2019-06-18 00:00:00,2.5898,2.5995,2.5898,2.5898,222885.0,577227.573
2019-06-19 00:00:00,2.5702,2.5702,2.5409,2.5507,53280.0,135901.296
2019-06-20 00:00:00,2.5409,2.5409,2.5409,2.5409,7692.0,19544.6028
2019-06-21 00:00:00,2.5409,2.5409,2.5409,2.5409,698.0,1773.5482000000002
2019-06-24 00:00:00,2.5898,2.5898,2.5898,2.5898,115840.0,300002.432
2019-06-25 00:00:00,2.5409,2.5409,2.5409,2.5409,14000.0,35572.600000000006
2019-06-26 00:00:00,2.5409,2.5409,2.5409,2.5409,22204.0,56418.1436
2019-06-27 00:00:00,2.5409,2.5409,2.5409,2.5409,38.0,96.55420000000001
2019-06-28 00:00:00,2.5409,2.5409,2.5311,2.5311,125.0,316.3875
2019-07-02 00:00:00,2.4725,2.4725,2.4725,2.4725,4137.0,10228.7325
2019-07-03 00:00:00,2.453,2.5116,2.4432,2.5116,18801.0,47220.5916
2019-07-04 00:00:00,2.4823,2.4823,2.4823,2.4823,614.0,1524.1322
2019-07-08 00:00:00,2.4725,2.4725,2.4725,2.4725,200.0,494.5
2019-07-10 00:00:00,2.3161,2.3161,2.3064,2.3064,15301.0,35290.2264
2019-07-11 00:00:00,2.3552,2.3943,2.3161,2.3161,17939.0,41548.5179
2019-07-12 00:00:00,2.3161,2.3357,2.3161,2.3357,12857.0,30030.0949
2019-07-15 00:00:00,2.3455,2.3455,2.3455,2.3455,6755.0,15843.852499999999
2019-07-17 00:00:00,2.3455,2.3455,2.3357,2.3455,8829.0,20708.4195
2019-07-18 00:00:00,2.3455,2.3748,2.3161,2.3161,6000.0,13896.6
2019-07-22 00:00:00,2.3845,2.3943,2.3845,2.3943,5442.0,13029.7806
2019-07-23 00:00:00,2.3943,2.4334,2.3943,2.4334,890.0,2165.7259999999997
2019-07-24 00:00:00,2.3552,2.3552,2.3455,2.3455,1333.0,3126.5515
2019-07-25 00:00:00,2.3455,2.3455,2.3455,2.3455,4386.0,10287.363
2019-07-30 00:00:00,2.4041,2.4041,2.4041,2.4041,1000.0,2404.1
2019-08-01 00:00:00,2.4041,2.4432,2.2966,2.2966,2500.0,5741.500000000001
2019-08-02 00:00:00,2.3064,2.3943,2.2868,2.3943,33357.0,79866.6651
2019-08-05 00:00:00,2.3357,2.3357,2.3357,2.3357,1460.0,3410.1220000000003
2019-08-06 00:00:00,2.0914,2.0914,2.0523,2.0523,7614.0,15626.212199999998
2019-08-07 00:00:00,2.1402,2.1402,2.1402,2.1402,7500.0,16051.5
2019-08-08 00:00:00,2.0718,2.0816,2.062,2.062,14264.0,29412.368
2019-08-09 00:00:00,2.023,2.023,1.9741,2.0132,25987.0,52317.028399999996
2019-08-12 00:00:00,1.9936,2.1011,1.9936,2.1011,1825.0,3834.5075
2019-08-13 00:00:00,2.0425,2.0425,1.9936,1.9936,8520.0,16985.472
2019-08-14 00:00:00,2.0132,2.0132,1.9936,1.9936,10225.0,20384.56
2019-08-15 00:00:00,1.9936,1.9936,1.9497,1.9643,6128.0,12037.2304
2019-08-20 00:00:00,2.0132,2.0132,2.0132,2.0132,9500.0,19125.399999999998
2019-08-21 00:00:00,2.0523,2.1011,2.0523,2.1011,1300.0,2731.4300000000003
2019-08-22 00:00:00,2.1011,2.1011,1.9936,1.9936,1260.0,2511.936
2019-08-23 00:00:00,2.1305,2.1305,2.1305,2.1305,4999.0,10650.3695
2019-08-26 00:00:00,2.1109,2.1109,2.1109,2.1109,1.0,2.1109
2019-08-29 00:00:00,2.1109,2.1305,2.1109,2.1305,4500.0,9587.25
2019-08-30 00:00:00,2.1305,2.1305,2.1305,2.1305,450.0,958.725
2019-09-02 00:00:00,1.9936,1.9936,1.9936,1.9936,10000.0,19936.0
2019-09-03 00:00:00,1.9936,1.9936,1.9741,1.9741,13000.0,25663.3
2019-09-04 00:00:00,1.9839,2.1305,1.9839,2.1305,543.0,1156.8615
2019-09-06 00:00:00,1.9741,1.9741,1.9741,1.9741,7453.0,14712.9673
2019-09-09 00:00:00,1.9839,1.9839,1.9839,1.9839,294.0,583.2666
2019-09-12 00:00:00,1.9936,1.9936,1.9936,1.9936,1850.0,3688.16
2019-09-13 00:00:00,2.1207,2.1207,2.0132,2.0132,1750.0,3523.1
2019-09-16 00:00:00,2.0523,2.0523,2.0523,2.0523,3325.0,6823.897499999999
2019-09-17 00:00:00,2.0718,2.0718,2.0718,2.0718,5000.0,10359.0
2019-09-18 00:00:00,2.0816,2.0816,2.0816,2.0816,3310.0,6890.096
2019-09-19 00:00:00,2.0816,2.0816,2.0816,2.0816,248.0,516.2368
2019-09-24 00:00:00,2.0816,2.0816,2.0523,2.0523,5175.0,10620.652499999998
2019-09-25 00:00:00,2.0523,2.0816,2.0523,2.0816,86086.0,179196.6176
2019-09-27 00:00:00,2.1011,2.1011,2.0914,2.0914,121.0,253.0594
2019-09-30 00:00:00,2.0914,2.0914,2.0914,2.0914,20.0,41.828
2019-10-03 00:00:00,2.062,2.062,2.062,2.062,8.0,16.496
2019-10-09 00:00:00,2.0523,2.0523,2.0523,2.0523,6.0,12.313799999999999
2019-10-10 00:00:00,2.062,2.1109,2.062,2.1109,3226.0,6809.7634
2019-10-11 00:00:00,2.1109,2.1305,2.1109,2.1305,6007.0,12797.9135
2019-10-14 00:00:00,2.1305,2.1402,2.1305,2.1402,510.0,1091.502
2019-10-21 00:00:00,2.1402,2.1402,2.1305,2.1305,2313.0,4927.846500000001
2019-10-22 00:00:00,2.1305,2.1305,2.1305,2.1305,12.0,25.566000000000003
2019-10-23 00:00:00,2.1305,2.1305,2.1305,2.1305,4.0,8.522
2019-10-24 00:00:00,2.1305,2.1305,2.1305,2.1305,2.0,4.261
2019-10-25 00:00:00,2.1305,2.1305,2.1305,2.1305,1.0,2.1305
2019-10-28 00:00:00,2.1305,2.1305,2.1305,2.1305,1.0,2.1305
2019-10-29 00:00:00,2.1305,2.1891,2.1305,2.1891,7243.0,15855.6513
2019-11-04 00:00:00,2.1989,2.1989,2.1695,2.1695,8700.0,18874.65
2019-11-05 00:00:00,2.1402,2.1402,2.062,2.062,3300.0,6804.599999999999
2019-11-07 00:00:00,2.0914,2.1011,2.062,2.062,1460.0,3010.52
2019-11-11 00:00:00,2.1011,2.1011,2.1011,2.1011,26679.0,56055.246900000006
2019-11-12 00:00:00,2.1011,2.1011,2.1011,2.1011,15000.0,31516.500000000004
2019-11-15 00:00:00,2.1011,2.1695,2.1011,2.1695,25940.0,56276.83
2019-11-18 00:00:00,2.1695,2.1695,2.1402,2.15,20523.0,44124.45
2019-11-19 00:00:00,2.1598,2.1598,2.15,2.15,14105.0,30325.75
2019-11-20 00:00:00,2.1695,2.1695,2.0718,2.0718,41861.0,86727.6198
2019-11-21 00:00:00,2.1207,2.1305,2.1207,2.1305,35000.0,74567.5
2019-11-22 00:00:00,2.1305,2.1305,2.1305,2.1305,18.0,38.349000000000004
2019-11-25 00:00:00,2.1305,2.1305,2.1305,2.1305,13218.0,28160.949
2019-11-26 00:00:00,2.1305,2.1695,2.1207,2.1695,54048.0,117257.13600000001
2019-11-27 00:00:00,2.15,2.1695,2.15,2.1695,17045.0,36979.1275
2019-11-29 00:00:00,2.238,2.238,2.1695,2.1695,4900.0,10630.550000000001
2019-12-02 00:00:00,2.1793,2.1793,2.15,2.15,26308.0,56562.2
2019-12-03 00:00:00,2.15,2.15,2.15,2.15,23644.0,50834.6
2019-12-05 00:00:00,2.1695,2.1695,2.1598,2.1598,13428.0,29001.794400000002
2019-12-11 00:00:00,2.15,2.1695,2.15,2.1695,7800.0,16922.100000000002
2019-12-19 00:00:00,2.0034,2.0034,2.0034,2.0034,350.0,701.19
2019-12-20 00:00:00,2.0034,2.0034,2.0034,2.0034,20.0,40.068
2019-12-23 00:00:00,2.0034,2.0034,1.9545,1.9545,1039.0,2030.7255
2019-12-24 00:00:00,1.9057,1.9057,1.8959,1.8959,10000.0,18959.0
2019-12-27 00:00:00,2.0034,2.0034,1.891,1.8959,10551.0,20003.6409
2019-12-30 00:00:00,1.9545,1.9545,1.9545,1.9545,961.0,1878.2745
2019-12-31 00:00:00,2.0523,2.1695,2.0523,2.1695,5000.0,10847.500000000002
2020-01-10 00:00:00,2.0523,2.0523,2.0523,2.0523,12500.0,25653.749999999996
2020-01-14 00:00:00,2.15,2.1695,2.0523,2.0523,9760.0,20030.447999999997
2020-01-15 00:00:00,2.062,2.1695,2.0523,2.1695,11760.0,25513.320000000003
2020-01-17 00:00:00,2.1402,2.1402,2.1402,2.1402,5000.0,10701.0
2020-01-20 00:00:00,2.1109,2.1109,2.0523,2.0523,1000.0,2052.2999999999997
2020-01-21 00:00:00,2.0523,2.0523,2.0523,2.0523,1559.0,3199.5356999999995
2020-01-22 00:00:00,2.0523,2.0523,2.0523,2.0523,1359.0,2789.0757
2020-01-23 00:00:00,2.0523,2.1402,2.0523,2.1402,344.0,736.2288000000001
2020-01-28 00:00:00,2.1011,2.1011,2.1011,2.1011,750.0,1575.825
2020-01-30 00:00:00,2.0327,2.0327,2.0034,2.0327,9292.0,18887.848400000003
2020-01-31 00:00:00,2.0034,2.0034,2.0034,2.0034,200.0,400.68
2020-02-03 00:00:00,2.0034,2.0523,2.0034,2.0523,5474.0,11234.2902
2020-02-04 00:00:00,2.062,2.062,2.0132,2.0132,571.0,1149.5372
2020-02-06 00:00:00,2.0132,2.0132,2.0132,2.0132,525.0,1056.9299999999998
2020-02-07 00:00:00,2.0132,2.0132,2.0034,2.0034,4076.0,8165.8584
2020-02-10 00:00:00,1.9545,1.9545,1.935,1.9545,18453.0,36066.3885
2020-02-11 00:00:00,1.9643,1.9643,1.9643,1.9643,7507.0,14746.0001
2020-02-14 00:00:00,1.9839,1.9839,1.9839,1.9839,397.0,787.6083
2020-02-17 00:00:00,2.0327,2.0327,1.8764,1.8764,72430.0,135907.652
2020-02-18 00:00:00,1.8959,1.9301,1.8959,1.9301,7304.0,14097.4504
2020-02-19 00:00:00,1.9301,1.9301,1.9252,1.9252,6642.0,12787.1784
2020-02-25 00:00:00,1.9545,1.9545,1.8764,1.8764,8916.0,16729.9824
2020-02-26 00:00:00,1.7591,1.7591,1.5881,1.6125,146587.0,236371.5375
2020-02-27 00:00:00,1.6614,1.6711,1.6614,1.6614,10442.0,17348.3388
2020-02-28 00:00:00,1.5636,1.5636,1.5636,1.5636,12000.0,18763.2
2020-03-02 00:00:00,1.6614,1.6614,1.6614,1.6614,216.0,358.8624
2020-03-03 00:00:00,1.6125,1.6663,1.6125,1.6614,8500.0,14121.9
2020-03-05 00:00:00,1.6614,1.6614,1.6125,1.6125,22755.0,36692.4375
2020-03-09 00:00:00,1.5636,1.5636,1.549,1.549,15100.0,23389.899999999998
2020-03-10 00:00:00,1.4855,1.5441,1.4855,1.5294,12310.0,18826.914
2020-03-11 00:00:00,1.5148,1.5148,1.4659,1.4659,20559.0,30137.4381
2020-03-12 00:00:00,1.5636,1.5636,1.4659,1.4659,21286.0,31203.147399999998
2020-03-13 00:00:00,1.4659,1.4659,1.4219,1.4219,22114.0,31443.8966
2020-03-16 00:00:00,1.4219,1.4219,1.3193,1.3193,30015.0,39598.7895
2020-03-17 00:00:00,1.3389,1.3389,1.3193,1.3389,5055.0,6768.1395
2020-03-18 00:00:00,1.3682,1.3682,1.3389,1.3389,13946.0,18672.2994
2020-03-19 00:00:00,1.1727,1.1727,1.1727,1.1727,12489.0,14645.8503
2020-03-23 00:00:00,1.1727,1.1727,1.075,1.075,19000.0,20425.0
2020-03-26 00:00:00,1.0359,1.0408,1.0359,1.0408,41.0,42.672799999999995
2020-03-27 00:00:00,1.0408,1.0408,1.0408,1.0408,400.0,416.32
2020-04-02 00:00:00,1.031,1.0359,0.987,0.987,27069.0,26717.103
2020-04-06 00:00:00,1.0359,1.0359,1.0359,1.0359,14477.0,14996.7243
2020-04-07 00:00:00,1.0359,1.075,1.0359,1.0457,49720.0,51992.204000000005
2020-04-09 00:00:00,1.1239,1.1239,1.1239,1.1239,867.0,974.4212999999999
2020-04-14 00:00:00,1.1727,1.1727,1.1239,1.1239,14300.0,16071.769999999999
2020-04-15 00:00:00,1.1239,1.1483,1.119,1.119,24516.0,27433.404
2020-04-17 00:00:00,1.1727,1.202,1.1727,1.202,19200.0,23078.399999999998
2020-04-20 00:00:00,1.202,1.202,1.119,1.119,1011.0,1131.309
2020-04-21 00:00:00,1.1239,1.1239,1.1239,1.1239,500.0,561.9499999999999
2020-04-24 00:00:00,1.1239,1.1239,1.1141,1.1239,43720.0,49136.907999999996
2020-04-27 00:00:00,1.1239,1.1239,1.1239,1.1239,10091.0,11341.274899999999
2020-04-30 00:00:00,1.1288,1.1288,1.119,1.1239,51719.0,58126.984099999994
2020-05-04 00:00:00,1.1239,1.1239,1.1239,1.1239,82.0,92.15979999999999
2020-05-06 00:00:00,1.0994,1.0994,1.0994,1.0994,614.0,675.0315999999999
2020-05-13 00:00:00,1.1239,1.1239,1.1092,1.1092,5614.0,6227.0488
2020-05-14 00:00:00,1.1092,1.1092,1.0945,1.0945,5000.0,5472.5
2020-05-20 00:00:00,1.0945,1.0945,1.0945,1.0945,15000.0,16417.5
2020-05-21 00:00:00,1.0945,1.1239,1.0945,1.1239,850.0,955.3149999999999
2020-05-22 00:00:00,1.1239,1.1239,1.1239,1.1239,5109.0,5742.005099999999
2020-05-25 00:00:00,1.1141,1.1239,1.1141,1.1239,21149.0,23769.3611
2020-05-26 00:00:00,1.1239,1.1239,1.1239,1.1239,241.0,270.8599
2020-05-27 00:00:00,1.1532,1.1727,1.1532,1.1727,10000.0,11727.0
2020-05-28 00:00:00,1.2216,1.2216,1.2216,1.2216,4500.0,5497.2
2020-05-29 00:00:00,1.1483,1.1727,1.1434,1.1727,10003.0,11730.518100000001
2020-06-01 00:00:00,1.1923,1.2216,1.1923,1.2216,12482.0,15248.0112
2020-06-02 00:00:00,1.2705,1.2705,1.2705,1.2705,1126.0,1430.5829999999999
2020-06-03 00:00:00,1.2998,1.3095,1.2998,1.3095,6878.0,9006.741
2020-06-04 00:00:00,1.3389,1.3877,1.3389,1.3682,14501.0,19840.268200000002
2020-06-09 00:00:00,1.378,1.4659,1.378,1.4659,11472.0,16816.804799999998
2020-06-11 00:00:00,1.5148,1.5148,1.4855,1.4855,1833.0,2722.9215
2020-06-12 00:00:00,1.3926,1.3926,1.3877,1.3877,1861.0,2582.5097
2020-06-15 00:00:00,1.4464,1.4464,1.417,1.417,1090.0,1544.53
2020-06-17 00:00:00,1.4952,1.505,1.4952,1.4952,1001.0,1496.6952
2020-06-18 00:00:00,1.4757,1.4757,1.4757,1.4757,1.0,1.4757
2020-06-22 00:00:00,1.4757,1.4757,1.4757,1.4757,364.0,537.1548
2020-06-23 00:00:00,1.461,1.4659,1.461,1.4659,650.0,952.835
2020-06-25 00:00:00,1.4464,1.4464,1.3975,1.3975,2231.0,3117.8224999999998
2020-06-26 00:00:00,1.3975,1.3975,1.3877,1.3877,2816.0,3907.7632
2020-06-29 00:00:00,1.378,1.3828,1.378,1.378,5002.0,6892.755999999999
2020-07-01 00:00:00,1.4317,1.4317,1.4317,1.4317,975.0,1395.9075
2020-07-02 00:00:00,1.461,1.461,1.461,1.461,1325.0,1935.825
2020-07-07 00:00:00,1.4464,1.4464,1.4464,1.4464,1689.0,2442.9696
2020-07-10 00:00:00,1.3975,1.3975,1.3975,1.3975,330.0,461.175
2020-07-15 00:00:00,1.3975,1.3975,1.3975,1.3975,6500.0,9083.75
2020-07-20 00:00:00,1.3975,1.3975,1.3975,1.3975,6000.0,8385.0
2020-07-21 00:00:00,1.3682,1.3682,1.3193,1.3193,7110.0,9380.223
2020-07-23 00:00:00,1.3926,1.4464,1.3926,1.4464,21330.0,30851.712
2020-07-24 00:00:00,1.4464,1.4464,1.4268,1.4268,4713.0,6724.508400000001
2020-07-27 00:00:00,1.3975,1.3975,1.3975,1.3975,1052.0,1470.17
2020-07-28 00:00:00,1.4024,1.4024,1.3975,1.3975,1500.0,2096.25
2020-07-29 00:00:00,1.3975,1.3975,1.3975,1.3975,10000.0,13975.0
2020-07-30 00:00:00,1.3975,1.3975,1.3975,1.3975,13653.0,19080.0675
2020-08-03 00:00:00,1.3731,1.3877,1.3682,1.3682,10350.0,14160.87
2020-08-04 00:00:00,1.3682,1.3682,1.3682,1.3682,1490.0,2038.6180000000002
2020-08-05 00:00:00,1.3682,1.3682,1.3682,1.3682,3000.0,4104.6
2020-08-07 00:00:00,1.3877,1.4268,1.3877,1.4268,13120.0,18719.616
2020-08-10 00:00:00,1.4659,1.4659,1.4659,1.4659,76925.0,112764.3575
2020-08-11 00:00:00,1.4659,1.4659,1.4659,1.4659,5000.0,7329.5
2020-08-14 00:00:00,1.417,1.4659,1.417,1.4659,32400.0,47495.159999999996
2020-08-17 00:00:00,1.4659,1.4659,1.4659,1.4659,5000.0,7329.5
2020-08-26 00:00:00,1.4855,1.4855,1.461,1.4659,75392.0,110517.13279999999
2020-09-02 00:00:00,1.5148,1.5636,1.5099,1.5148,70044.0,106102.6512
2020-09-03 00:00:00,1.5148,1.5636,1.5148,1.549,51972.0,80504.628
2020-09-04 00:00:00,1.5636,1.5636,1.549,1.549,2036.0,3153.7639999999997
2020-09-07 00:00:00,1.549,1.5636,1.5441,1.5636,2488.0,3890.2368
2020-09-09 00:00:00,1.5734,1.5783,1.5734,1.5734,2724.0,4285.9416
2020-09-10 00:00:00,1.5588,1.5588,1.4659,1.4659,1041.0,1526.0019
2020-09-11 00:00:00,1.4659,1.4659,1.461,1.4659,3937.0,5771.2483
2020-09-14 00:00:00,1.5636,1.5685,1.5636,1.5636,11541.0,18045.5076
2020-09-16 00:00:00,1.5734,1.5734,1.5734,1.5734,13977.0,21991.411799999998
2020-09-17 00:00:00,1.5832,1.6125,1.5832,1.6125,9000.0,14512.5
2020-09-18 00:00:00,1.6125,1.6711,1.6125,1.6614,18600.0,30902.04
2020-09-21 00:00:00,1.6809,1.6809,1.6809,1.6809,4462.0,7500.1758
2020-09-22 00:00:00,1.6809,1.6809,1.6614,1.6614,3834.0,6369.8076
2020-09-23 00:00:00,1.6614,1.6614,1.6614,1.6614,56.0,93.0384
2020-09-24 00:00:00,1.5734,1.593,1.5685,1.5734,22645.0,35629.643
2020-09-25 00:00:00,1.5734,1.5734,1.5636,1.5636,10244.0,16017.5184
2020-09-29 00:00:00,1.6614,1.6614,1.5734,1.5734,18025.0,28360.535
2020-09-30 00:00:00,1.6614,1.6614,1.6614,1.6614,3000.0,4984.2
2020-10-01 00:00:00,1.6614,1.6614,1.6614,1.6614,1056.0,1754.4384
2020-10-02 00:00:00,1.6614,1.6614,1.6614,1.6614,4038.0,6708.7332
2020-10-06 00:00:00,1.6614,1.6614,1.6614,1.6614,1847.0,3068.6058
2020-10-09 00:00:00,1.6565,1.6614,1.6565,1.6614,7975.0,13249.664999999999
2020-10-12 00:00:00,1.6565,1.6614,1.6565,1.6614,14000.0,23259.6
2020-10-13 00:00:00,1.6614,1.6614,1.6614,1.6614,57.0,94.6998
2020-10-14 00:00:00,1.5685,1.5685,1.5685,1.5685,56.0,87.836
2020-10-19 00:00:00,1.6418,1.6418,1.6418,1.6418,4691.0,7701.6838
2020-10-20 00:00:00,1.6614,1.6614,1.6614,1.6614,521.0,865.5894
2020-10-26 00:00:00,1.6614,1.6809,1.6614,1.6809,1115.0,1874.2035
2020-10-29 00:00:00,1.6809,1.6809,1.676,1.6809,15900.0,26726.31
2020-10-30 00:00:00,1.6809,1.6809,1.6809,1.6809,300.0,504.27000000000004
2020-11-06 00:00:00,1.593,1.593,1.593,1.593,594.0,946.242
2020-11-09 00:00:00,1.6027,1.6027,1.6027,1.6027,1000.0,1602.7
2020-11-12 00:00:00,1.6076,1.6076,1.6027,1.6027,2000.0,3205.4
2020-11-17 00:00:00,1.632,1.632,1.6223,1.6223,4800.0,7787.04
2020-11-24 00:00:00,1.6907,1.6956,1.6907,1.6907,43848.0,74133.81360000001
2020-11-25 00:00:00,1.6956,1.6956,1.6956,1.6956,10000.0,16956.0
2020-11-26 00:00:00,1.6907,1.6907,1.6907,1.6907,18977.0,32084.413900000003
2020-11-30 00:00:00,1.6907,1.6907,1.6907,1.6907,90000.0,152163.0
2020-12-01 00:00:00,1.6907,1.6907,1.6907,1.6907,1789.0,3024.6623
2020-12-04 00:00:00,1.6907,1.6907,1.6907,1.6907,586.0,990.7502000000001
2020-12-07 00:00:00,1.6956,1.6956,1.6907,1.6907,8500.0,14370.95
2020-12-11 00:00:00,1.7591,1.7591,1.7591,1.7591,99000.0,174150.90000000002
2020-12-18 00:00:00,1.6956,1.6956,1.6907,1.6907,5300.0,8960.710000000001
2020-12-22 00:00:00,1.6858,1.6907,1.6858,1.6907,15897.0,26877.0579
2020-12-29 00:00:00,1.6907,1.6907,1.6907,1.6907,2000.0,3381.4
