timestamps,open,high,low,close,volume,amount
2017-11-02 00:00:00,1.8666670322418213,1.8666670322418213,1.8666670322418213,1.8666670322418213,300,560.0001096725464
2017-11-03 00:00:00,2.7233328819274902,2.828000068664551,1.9566669464111328,2.016666889190674,1570500,3167175.3494739532
2017-11-06 00:00:00,2.00333309173584,2.1533329486846924,1.8666670322418213,1.8666670322418213,211800,395360.07742881775
2017-11-07 00:00:00,1.8666670322418213,1.909999966621399,1.8666670322418213,1.8666670322418213,97800,182560.03575325012
2017-11-08 00:00:00,1.8666670322418213,1.8833329677581787,1.8666670322418213,1.8666670322418213,355500,663600.1299619675
2017-11-09 00:00:00,1.8666670322418213,1.8766670227050781,1.8666670322418213,1.8669999837875366,104100,194354.69831228256
2017-11-10 00:00:00,1.8833329677581787,1.9199999570846558,1.8700000047683716,1.9066669940948486,29400,56056.00962638855
2017-11-13 00:00:00,1.9199999570846558,2.062999963760376,1.9066669940948486,1.9900000095367432,65400,130146.000623703
2017-11-14 00:00:00,2.049999952316284,2.1166670322418213,1.8833329677581787,1.9900000095367432,181200,360588.00172805786
2017-11-15 00:00:00,1.9700000286102295,2.0799999237060547,1.9299999475479126,2.0799999237060547,110400,229631.99157714844
2017-11-16 00:00:00,2.066667079925537,2.196666955947876,2.066667079925537,2.173332929611206,100800,219071.95930480957
2017-11-17 00:00:00,2.233333110809326,2.2966670989990234,2.196666955947876,2.2966670989990234,94200,216346.040725708
2017-11-20 00:00:00,2.3333330154418945,2.613332986831665,2.326667070388794,2.446666955947876,168300,411774.0486860275
2017-11-21 00:00:00,2.549999952316284,2.549999952316284,2.4533329010009766,2.4733328819274902,120300,297541.9456958771
2017-11-22 00:00:00,2.5,2.500999927520752,2.299999952316284,2.316667079925537,69600,161240.02876281738
2017-11-24 00:00:00,2.2833330631256104,2.4033329486846924,2.2833330631256104,2.2899999618530273,76500,175184.9970817566
2017-11-27 00:00:00,2.2899999618530273,2.4000000953674316,2.2763330936431885,2.299999952316284,71400,164219.9965953827
2017-11-28 00:00:00,2.2899999618530273,2.2936670780181885,2.2360000610351562,2.266666889190674,18900,42840.004205703735
2017-11-29 00:00:00,2.2733330726623535,2.3499999046325684,2.180000066757202,2.259999990463257,76500,172889.99927043915
2017-11-30 00:00:00,2.2233328819274902,2.299999952316284,2.2133328914642334,2.25,8700,19575.0
2017-12-01 00:00:00,2.1333329677581787,2.299999952316284,2.1333329677581787,2.2633330821990967,41100,93022.98967838287
2017-12-04 00:00:00,2.2633330821990967,2.2633330821990967,2.1333329677581787,2.1533329486846924,68400,147287.97369003296
2017-12-05 00:00:00,2.136667013168335,2.136667013168335,1.9600000381469727,1.9933329820632935,65400,130363.97702693939
2017-12-06 00:00:00,2.0,2.0366671085357666,1.9333330392837524,1.963333010673523,54000,106019.98257637024
2017-12-07 00:00:00,1.9700000286102295,2.086667060852051,1.9366669654846191,1.9666670560836792,21300,41890.00829458237
2017-12-08 00:00:00,1.9733330011367798,2.0799999237060547,1.9733330011367798,2.016666889190674,7500,15125.001668930054
2017-12-11 00:00:00,1.9933329820632935,2.066667079925537,1.9833329916000366,1.9866670370101929,56400,112048.02088737488
2017-12-12 00:00:00,2.0333330631256104,2.0366671085357666,1.8966670036315918,1.946666955947876,58800,114464.01700973511
2017-12-13 00:00:00,1.9500000476837158,2.0,1.8366669416427612,1.8433330059051514,61200,112811.97996139526
2017-12-14 00:00:00,1.8600000143051147,1.9299999475479126,1.8466670513153076,1.8466670513153076,46200,85316.01777076721
2017-12-15 00:00:00,1.850000023841858,1.899999976158142,1.6666669845581055,1.6666669845581055,162300,270500.0515937805
2017-12-18 00:00:00,1.6666669845581055,1.7400000095367432,1.6666669845581055,1.713333010673523,122100,209197.96060323715
2017-12-19 00:00:00,1.726667046546936,1.7466670274734497,1.6733330488204956,1.6733330488204956,81300,136041.9768691063
2017-12-20 00:00:00,1.7173329591751099,1.7173329591751099,1.6066670417785645,1.6066670417785645,79200,127248.0297088623
2017-12-21 00:00:00,1.6299999952316284,1.7366670370101929,1.6166670322418213,1.7200000286102295,44100,75852.00126171112
2017-12-22 00:00:00,1.6733330488204956,1.6766669750213623,1.649999976158142,1.649999976158142,48300,79694.99884843826
2017-12-26 00:00:00,1.6563329696655273,1.6833330392837524,1.6563329696655273,1.6699999570846558,31200,52103.99866104126
2017-12-27 00:00:00,1.6699999570846558,1.6733330488204956,1.636667013168335,1.6399999856948853,185100,303563.99735212326
2017-12-28 00:00:00,1.659999966621399,1.7050000429153442,1.6466670036315918,1.6833330392837524,17100,28784.994971752167
2017-12-29 00:00:00,1.6833330392837524,1.75,1.6833330392837524,1.75,20400,35700.0
2018-01-02 00:00:00,1.75,1.8733329772949219,1.6866669654846191,1.8733329772949219,14700,27537.99476623535
2018-01-03 00:00:00,1.8666670322418213,1.8739999532699585,1.733667016029358,1.7666670083999634,28800,50880.009841918945
2018-01-04 00:00:00,1.7566670179367065,1.8200000524520874,1.7153329849243164,1.7716670036315918,9300,16476.503133773804
2018-01-05 00:00:00,1.7666670083999634,1.8426669836044312,1.7666670083999634,1.8366669416427612,8400,15428.002309799194
2018-01-08 00:00:00,1.850000023841858,1.850000023841858,1.726667046546936,1.7466670274734497,78900,137812.02846765518
2018-01-09 00:00:00,1.7380000352859497,1.812999963760376,1.7366670370101929,1.7466670274734497,33600,58688.01212310791
2018-01-10 00:00:00,1.843000054359436,1.850000023841858,1.7200000286102295,1.7300000190734863,46800,80964.00089263916
2018-01-11 00:00:00,1.7466670274734497,1.7983330488204956,1.7400000095367432,1.7466670274734497,6600,11528.002381324768
2018-01-12 00:00:00,1.7566670179367065,1.7933330535888672,1.6766669750213623,1.7233330011367798,38400,66175.98724365234
2018-01-16 00:00:00,1.7333329916000366,1.7433329820632935,1.6033329963684082,1.6466670036315918,96600,159068.03255081177
2018-01-17 00:00:00,1.6033329963684082,1.690000057220459,1.6033329963684082,1.6666669845581055,50100,83500.01592636108
2018-01-18 00:00:00,1.6666669845581055,1.6749999523162842,1.6533329486846924,1.6533329486846924,9900,16367.996191978455
2018-01-19 00:00:00,1.6066670417785645,1.6766669750213623,1.600000023841858,1.6633330583572388,90900,151196.975004673
2018-01-22 00:00:00,1.6666669845581055,1.6720000505447388,1.581333041191101,1.5833330154418945,100800,159599.96795654297
2018-01-23 00:00:00,1.6666669845581055,1.9896670579910278,1.6666669845581055,1.886667013168335,913800,1724036.3166332245
2018-01-24 00:00:00,1.9066669940948486,2.1166670322418213,1.7666670083999634,1.809999942779541,506400,916583.9710235596
2018-01-25 00:00:00,1.8300000429153442,1.9033329486846924,1.7666670083999634,1.7699999809265137,312600,553301.9940376282
2018-01-26 00:00:00,1.7666670083999634,1.7999999523162842,1.75,1.7666670083999634,125700,222070.0429558754
2018-01-29 00:00:00,1.8509999513626099,1.8509999513626099,1.7833329439163208,1.8133330345153809,54900,99551.98359489441
2018-01-30 00:00:00,1.8200000524520874,1.821666955947876,1.7033330202102661,1.7033330202102661,99900,170162.96871900558
2018-01-31 00:00:00,1.713333010673523,1.840000033378601,1.713333010673523,1.7899999618530273,200700,359252.9923439026
2018-02-01 00:00:00,1.7666670083999634,2.0966670513153076,1.7666670083999634,2.0,467400,934800.0
2018-02-02 00:00:00,2.00333309173584,2.0966670513153076,1.9550000429153442,2.0366671085357666,110100,224237.0486497879
2018-02-05 00:00:00,2.063333034515381,2.2783329486846924,2.059999942779541,2.25,194400,437400.0
2018-02-06 00:00:00,2.109999895095825,2.2766671180725098,2.0399999618530273,2.2766671180725098,136200,310082.06148147583
2018-02-07 00:00:00,2.259999990463257,2.3066670894622803,2.2033329010009766,2.259999990463257,25800,58307.99975395203
2018-02-08 00:00:00,2.259999990463257,2.259999990463257,2.109999895095825,2.146667003631592,44100,94668.0148601532
2018-02-09 00:00:00,2.1500000953674316,2.309000015258789,2.1489999294281006,2.1666669845581055,154500,334750.0491142273
2018-02-12 00:00:00,2.1500000953674316,2.1933329105377197,2.1500000953674316,2.1933329105377197,14700,32241.99378490448
2018-02-13 00:00:00,2.2720000743865967,2.2720000743865967,2.140000104904175,2.173332929611206,51900,112795.9790468216
2018-02-14 00:00:00,2.1766669750213623,2.200000047683716,2.066667079925537,2.0799999237060547,69600,144767.9946899414
2018-02-15 00:00:00,2.076667070388794,2.2166669368743896,2.076667070388794,2.136667013168335,177600,379472.0615386963
2018-02-16 00:00:00,2.200000047683716,2.200000047683716,2.1333329677581787,2.1600000858306885,73200,158112.0062828064
2018-02-20 00:00:00,2.171333074569702,2.2179999351501465,2.171333074569702,2.186666965484619,8100,17712.002420425415
2018-02-21 00:00:00,2.2166669368743896,2.4800000190734863,2.200000047683716,2.2833330631256104,106500,243174.9712228775
2018-02-22 00:00:00,2.3333330154418945,2.386667013168335,2.321666955947876,2.336667060852051,24600,57482.00969696045
2018-02-23 00:00:00,2.4033329486846924,2.4600000381469727,2.3333330154418945,2.386667013168335,108600,259192.03763008118
2018-02-26 00:00:00,2.4166669845581055,2.441667079925537,2.3233330249786377,2.3299999237060547,46200,107645.99647521973
2018-02-27 00:00:00,2.3466670513153076,2.363332986831665,2.3299999237060547,2.363332986831665,109800,259493.96195411682
2018-02-28 00:00:00,2.3333330154418945,2.3499999046325684,2.240000009536743,2.266666889190674,83400,189040.0185585022
2018-03-01 00:00:00,2.2366669178009033,2.3253331184387207,2.196666955947876,2.240000009536743,13200,29568.00012588501
2018-03-02 00:00:00,2.25333309173584,2.413332939147949,2.2100000381469727,2.413332939147949,108600,262087.95719146729
2018-03-05 00:00:00,2.6666669845581055,2.813333034515381,2.500333070755005,2.618333101272583,497700,1303144.3845033646
2018-03-06 00:00:00,2.680000066757202,4.396667003631592,2.6533329486846924,3.6666669845581055,3630300,13311101.15404129
2018-03-07 00:00:00,3.733333110809326,4.243000030517578,3.490000009536743,3.99666690826416,879900,3516667.2125816345
2018-03-08 00:00:00,4.0366668701171875,4.579999923706055,4.0366668701171875,4.486667156219482,751200,3370384.367752075
2018-03-09 00:00:00,4.566667079925537,4.566667079925537,4.22333288192749,4.376667022705078,481200,2106052.1713256836
2018-03-12 00:00:00,4.3466668128967285,4.833000183105469,4.344666957855225,4.566667079925537,311400,1422060.1286888123
2018-03-13 00:00:00,4.553332805633545,4.863333225250244,4.533332824707031,4.74666690826416,151500,719120.0366020203
2018-03-14 00:00:00,4.826666831970215,5.198332786560059,4.826666831970215,4.980000019073486,229200,1141416.004371643
2018-03-15 00:00:00,5.0,5.171332836151123,4.336999893188477,4.676667213439941,213000,996130.1164627075
2018-03-16 00:00:00,4.74666690826416,4.796667098999023,4.0,4.146667003631592,618000,2562640.2082443237
2018-03-19 00:00:00,4.133333206176758,4.199333190917969,3.5,3.809999942779541,815400,3106673.9533424377
2018-03-20 00:00:00,3.836667060852051,4.5229997634887695,3.7203330993652344,4.389999866485596,210900,925850.9718418121
2018-03-21 00:00:00,4.406667232513428,4.533332824707031,3.9066669940948486,4.0833330154418945,124500,508374.96042251587
2018-03-22 00:00:00,4.050000190734863,4.190000057220459,3.956666946411133,4.1666669845581055,96300,401250.03061294556
2018-03-23 00:00:00,4.349999904632568,4.443333148956299,4.179999828338623,4.303332805633545,220500,948884.8836421967
2018-03-26 00:00:00,4.366666793823242,4.366666793823242,4.1666669845581055,4.260000228881836,114600,488196.0262298584
2018-03-27 00:00:00,4.243332862854004,4.3466668128967285,4.030333042144775,4.296667098999023,107400,461462.0464324951
2018-03-28 00:00:00,4.269999980926514,4.269999980926514,4.0833330154418945,4.126667022705078,78000,321880.0277709961
2018-03-29 00:00:00,4.0833330154418945,4.136666774749756,4.0,4.099999904632568,46800,191879.9955368042
2018-04-02 00:00:00,4.063333034515381,4.24666690826416,4.063333034515381,4.103332996368408,105900,434542.9643154144
2018-04-03 00:00:00,4.183332920074463,4.183332920074463,4.046667098999023,4.103332996368408,55800,228965.98119735718
2018-04-04 00:00:00,4.043333053588867,4.27666711807251,3.933332920074463,4.099999904632568,98400,403439.9906158447
2018-04-05 00:00:00,4.1666669845581055,4.1666669845581055,3.933332920074463,4.0,122100,488400.0
2018-04-06 00:00:00,3.956666946411133,3.993333101272583,3.933332920074463,3.933332920074463,35400,139239.985370636
2018-04-09 00:00:00,3.9733328819274902,4.066667079925537,3.9670000076293945,4.0,54300,217200.0
2018-04-10 00:00:00,4.0,4.236667156219482,4.0,4.170000076293945,120900,504153.009223938
2018-04-11 00:00:00,4.206666946411133,4.24666690826416,4.066667079925537,4.24666690826416,129000,547820.0311660767
2018-04-12 00:00:00,4.24666690826416,4.6666669845581055,4.24666690826416,4.633333206176758,202800,939639.9742126465
2018-04-13 00:00:00,4.663332939147949,4.793333053588867,4.433332920074463,4.53000020980835,108000,489240.02265930176
2018-04-16 00:00:00,4.610000133514404,4.7266669273376465,4.146667003631592,4.233333110809326,148200,627379.9670219421
2018-04-17 00:00:00,4.2733330726623535,4.283332824707031,4.053332805633545,4.103332996368408,105600,433311.9644165039
2018-04-18 00:00:00,4.086667060852051,4.159999847412109,4.00333309173584,4.013332843780518,105300,422603.9484500885
2018-04-19 00:00:00,4.063333034515381,4.099999904632568,3.890000104904175,3.99666690826416,179700,718201.0434150696
2018-04-20 00:00:00,3.950000047683716,4.070000171661377,3.923332929611206,3.946666955947876,69600,274688.02013397217
2018-04-23 00:00:00,3.9590001106262207,3.9590001106262207,3.7766671180725098,3.799999952316284,101100,384179.99517917633
2018-04-24 00:00:00,3.7633330821990967,3.7833330631256104,3.4106669425964355,3.50333309173584,207000,725189.9499893188
2018-04-25 00:00:00,3.506666898727417,3.5899999141693115,3.4666669368743896,3.5366671085357666,74700,264189.03300762177
2018-04-26 00:00:00,3.566667079925537,3.626667022705078,3.423332929611206,3.423332929611206,43800,149941.98231697083
2018-04-27 00:00:00,3.436666965484619,3.436666965484619,3.336667060852051,3.363332986831665,109200,367275.9621620178
2018-04-30 00:00:00,3.363332986831665,3.440000057220459,3.363332986831665,3.3666670322418213,28200,94940.01030921936
2018-05-01 00:00:00,3.3666670322418213,3.456666946411133,3.3666670322418213,3.373332977294922,22800,76911.99188232422
2018-05-02 00:00:00,3.365000009536743,3.4700000286102295,3.3499999046325684,3.386667013168335,19800,67056.00686073303
2018-05-03 00:00:00,3.413332939147949,3.4700000286102295,3.3933329582214355,3.433332920074463,72300,248229.97012138367
2018-05-04 00:00:00,3.49666690826416,3.613332986831665,3.433332920074463,3.603332996368408,73500,264844.975233078
2018-05-07 00:00:00,3.623332977294922,4.263332843780518,3.623332977294922,4.170000076293945,108900,454113.00830841064
2018-05-08 00:00:00,4.02666711807251,4.02666711807251,3.5266671180725098,3.8466670513153076,235200,904736.0904693604
2018-05-09 00:00:00,3.793333053588867,3.9766669273376465,3.793333053588867,3.9166669845581055,80700,316075.0256538391
2018-05-10 00:00:00,3.990000009536743,4.0366668701171875,3.8833329677581787,4.013332843780518,268200,1076375.8687019348
2018-05-11 00:00:00,4.02666711807251,4.053332805633545,3.853332996368408,4.03000020980835,127500,513825.0267505646
2018-05-14 00:00:00,4.0233330726623535,4.0233330726623535,3.8383328914642334,3.9633328914642334,60000,237799.973487854
2018-05-15 00:00:00,3.9266669750213623,4.0233330726623535,3.886667013168335,3.9633328914642334,88800,351943.9607620239
2018-05-16 00:00:00,3.940000057220459,4.0,3.876667022705078,3.9166669845581055,48300,189175.0153541565
2018-05-17 00:00:00,3.946666955947876,3.946666955947876,3.7866671085357666,3.799999952316284,111000,421799.99470710754
2018-05-18 00:00:00,3.7866671085357666,3.7976670265197754,3.7133328914642334,3.7699999809265137,69000,260129.99868392944
2018-05-21 00:00:00,3.799999952316284,3.825000047683716,3.7266669273376465,3.743333101272583,36900,138128.9914369583
2018-05-22 00:00:00,3.7366669178009033,3.8299999237060547,3.7133328914642334,3.75,192000,720000.0
2018-05-23 00:00:00,3.7300000190734863,3.733333110809326,3.6666669845581055,3.673332929611206,38100,139953.98461818695
2018-05-24 00:00:00,3.690000057220459,3.993333101272583,3.6666669845581055,3.9066669940948486,203400,794616.0665988922
2018-05-25 00:00:00,3.8666670322418213,3.8666670322418213,3.733333110809326,3.743333101272583,75900,284118.98238658905
2018-05-29 00:00:00,3.75333309173584,3.880000114440918,3.743333101272583,3.8466670513153076,174600,671628.0671596527
2018-05-30 00:00:00,3.8606669902801514,4.266666889190674,3.8606669902801514,4.176667213439941,509400,2127594.278526306
2018-05-31 00:00:00,4.093332767486572,4.336667060852051,4.093332767486572,4.236667156219482,338400,1433688.1656646729
2018-06-01 00:00:00,4.216667175292969,4.993332862854004,4.179333209991455,4.686666965484619,905100,4241902.270460129
2018-06-04 00:00:00,4.699999809265137,4.743332862854004,4.260000228881836,4.493332862854004,311700,1400571.853351593
2018-06-05 00:00:00,4.466667175292969,4.53000020980835,4.170000076293945,4.196667194366455,159600,669788.0842208862
2018-06-06 00:00:00,4.2266669273376465,4.242000102996826,4.1533331871032715,4.210000038146973,71100,299331.00271224976
2018-06-07 00:00:00,4.203332901000977,4.203332901000977,4.02666711807251,4.073332786560059,93600,381263.9488220215
2018-06-08 00:00:00,4.093332767486572,4.138999938964844,4.0,4.0233330726623535,130500,525044.9659824371
2018-06-11 00:00:00,4.0,4.256667137145996,3.9666669368743896,4.25333309173584,275400,1171367.9334640503
2018-06-12 00:00:00,4.2866668701171875,4.5366668701171875,4.2866668701171875,4.480000019073486,273300,1224384.0052127838
2018-06-13 00:00:00,4.493332862854004,4.6666669845581055,4.3933329582214355,4.453332901000977,297900,1326647.871208191
2018-06-14 00:00:00,4.49666690826416,4.599999904632568,4.420000076293945,4.46999979019165,280800,1255175.9410858154
2018-06-15 00:00:00,4.453332901000977,4.663332939147949,4.383333206176758,4.659999847412109,485100,2260565.9259796143
2018-06-18 00:00:00,4.663332939147949,4.933332920074463,4.47333288192749,4.52666711807251,504000,2281440.227508545
2018-06-19 00:00:00,4.4633331298828125,4.613333225250244,4.210000038146973,4.236667156219482,436500,1849305.213689804
2018-06-20 00:00:00,4.27666711807251,4.420000076293945,4.186666965484619,4.320000171661377,247500,1069200.0424861908
2018-06-21 00:00:00,4.3333330154418945,4.3333330154418945,3.8466670513153076,3.9800000190734863,474600,1888908.0090522766
2018-06-22 00:00:00,3.9800000190734863,4.239999771118164,3.933666944503784,4.179999828338623,2747700,11485385.528326035
2018-06-25 00:00:00,4.1433329582214355,4.236667156219482,3.9433329105377197,3.9866669178009033,302100,1204372.075867653
2018-06-26 00:00:00,4.013332843780518,4.078332901000977,3.8933329582214355,3.9766669273376465,345300,1373143.0900096893
2018-06-27 00:00:00,3.99666690826416,4.015666961669922,3.6700000762939453,3.683332920074463,322800,1188979.8666000366
2018-06-28 00:00:00,3.6766669750213623,3.7733330726623535,3.6066670417785645,3.630000114440918,163800,594594.0187454224
2018-06-29 00:00:00,3.6666669845581055,3.696666955947876,3.4916670322418213,3.5933330059051514,215400,774003.9294719696
2018-07-02 00:00:00,3.5933330059051514,3.603332996368408,3.2766671180725098,3.3399999141693115,298500,996989.9743795395
2018-07-03 00:00:00,3.3566670417785645,3.6700000762939453,3.311332941055298,3.663332939147949,130200,476965.948677063
2018-07-05 00:00:00,3.6600000858306885,3.740000009536743,3.5,3.5399999618530273,300600,1064123.98853302
2018-07-06 00:00:00,3.553333044052124,3.6933329105377197,3.553333044052124,3.6166670322418213,132900,480655.04858493805
2018-07-09 00:00:00,3.609999895095825,3.7899999618530273,3.5536670684814453,3.75333309173584,106800,400855.9741973877
2018-07-10 00:00:00,3.7733330726623535,3.8333330154418945,3.7100000381469727,3.793333053588867,90600,343675.97465515137
2018-07-11 00:00:00,3.75333309173584,3.8299999237060547,3.5999999046325684,3.630000114440918,220800,801504.0252685547
2018-07-12 00:00:00,3.6600000858306885,4.163332939147949,3.6333329677581787,4.146667003631592,572100,2372308.1927776337
2018-07-13 00:00:00,4.1666669845581055,4.303332805633545,4.086667060852051,4.210000038146973,335400,1412034.0127944946
2018-07-16 00:00:00,4.230000019073486,4.383333206176758,4.03000020980835,4.113333225250244,390600,1606667.9577827454
2018-07-17 00:00:00,4.110000133514404,4.25333309173584,4.0833330154418945,4.139999866485596,140400,581255.9812545776
2018-07-18 00:00:00,4.139999866485596,4.263332843780518,4.073332786560059,4.119999885559082,88500,364619.98987197876
2018-07-19 00:00:00,4.126667022705078,4.159999847412109,4.0279998779296875,4.150000095367432,58200,241530.00555038452
2018-07-20 00:00:00,4.136666774749756,4.283332824707031,4.098667144775391,4.2266669273376465,100500,424780.0261974335
2018-07-23 00:00:00,4.269999980926514,4.639999866485596,4.159999847412109,4.4766669273376465,480600,2151486.125278473
2018-07-24 00:00:00,4.539999961853027,4.599999904632568,4.406667232513428,4.539999961853027,150000,680999.9942779541
2018-07-25 00:00:00,4.533332824707031,4.552999973297119,4.349999904632568,4.489999771118164,79200,355607.9818725586
2018-07-26 00:00:00,4.5,4.593332767486572,4.467667102813721,4.553332805633545,118200,538203.937625885
2018-07-27 00:00:00,4.566667079925537,4.566667079925537,4.353332996368408,4.413332939147949,167100,737467.9341316223
2018-07-30 00:00:00,4.433332920074463,4.466667175292969,4.233333110809326,4.260000228881836,105000,447300.0240325928
2018-07-31 00:00:00,4.306666851043701,4.5,4.293333053588867,4.320000171661377,152100,657072.0261096954
2018-08-01 00:00:00,4.349999904632568,4.616666793823242,4.266666889190674,4.616666793823242,236100,1089995.0300216675
2018-08-02 00:00:00,4.646667003631592,4.800000190734863,4.516666889190674,4.763332843780518,327300,1559038.8397693634
2018-08-03 00:00:00,4.646667003631592,4.933332920074463,4.646667003631592,4.913332939147949,338700,1664145.8664894104
2018-08-06 00:00:00,4.933332920074463,4.943333148956299,4.816667079925537,4.889999866485596,222000,1085579.9703598022
2018-08-07 00:00:00,5.0,5.00333309173584,4.52666711807251,4.579999923706055,766200,3509195.941543579
2018-08-08 00:00:00,4.716667175292969,4.880000114440918,4.585667133331299,4.8466668128967285,244200,1183556.035709381
2018-08-09 00:00:00,4.8933329582214355,4.943333148956299,4.756667137145996,4.876667022705078,309600,1509816.1102294922
2018-08-10 00:00:00,4.849999904632568,4.933332920074463,4.676667213439941,4.9166669845581055,164400,808300.0522613525
2018-08-13 00:00:00,4.900000095367432,4.966667175292969,4.506667137145996,4.5833330154418945,358500,1643124.8860359192
2018-08-14 00:00:00,4.576666831970215,4.630000114440918,4.303332805633545,4.453332901000977,156600,697391.9322967529
2018-08-15 00:00:00,4.366666793823242,4.414667129516602,4.061666965484619,4.2733330726623535,221700,947397.9422092438
2018-08-16 00:00:00,4.25333309173584,4.446667194366455,4.116666793823242,4.323332786560059,91500,395584.94997024536
2018-08-17 00:00:00,4.323332786560059,4.360000133514404,4.230000019073486,4.25,54600,232050.0
2018-08-20 00:00:00,4.260333061218262,4.3333330154418945,4.173333168029785,4.28000020980835,84300,360804.0176868439
2018-08-21 00:00:00,4.320000171661377,4.5,4.320000171661377,4.5,138300,622350.0
2018-08-22 00:00:00,4.513332843780518,4.522666931152344,4.353332996368408,4.363333225250244,90600,395317.9902076721
2018-08-23 00:00:00,4.343332767486572,4.4166669845581055,4.300000190734863,4.373332977294922,56700,247967.97981262207
2018-08-24 00:00:00,4.373332977294922,4.5,4.373332977294922,4.5,85800,386100.0
2018-08-27 00:00:00,4.556666851043701,4.6066670417785645,4.519999980926514,4.5833330154418945,117000,536249.9628067017
2018-08-28 00:00:00,4.623332977294922,4.7093329429626465,4.533332824707031,4.6533331871032715,310500,1444859.9545955658
2018-08-29 00:00:00,4.676667213439941,4.7866668701171875,4.5243330001831055,4.613333225250244,267300,1233143.9711093903
2018-08-30 00:00:00,4.613333225250244,4.696667194366455,4.610000133514404,4.670000076293945,50700,236769.00386810303
2018-08-31 00:00:00,4.676667213439941,4.733333110809326,4.676667213439941,4.703332901000977,96600,454341.95823669434
2018-09-04 00:00:00,4.699999809265137,4.699999809265137,4.506667137145996,4.556666851043701,85800,390962.01581954956
2018-09-05 00:00:00,4.533332824707031,4.610000133514404,4.400000095367432,4.546667098999023,105600,480128.0456542969
2018-09-06 00:00:00,4.543333053588867,4.570000171661377,4.376667022705078,4.433332920074463,48600,215459.9799156189
2018-09-07 00:00:00,4.4166669845581055,4.533332824707031,4.3333330154418945,4.489999771118164,48000,215519.98901367188
2018-09-10 00:00:00,4.5233330726623535,4.5233330726623535,4.230000019073486,4.24666690826416,145800,619164.0352249146
2018-09-11 00:00:00,4.233333110809326,4.236667156219482,4.093332767486572,4.170000076293945,87900,366543.0067062378
2018-09-12 00:00:00,4.133333206176758,4.1666669845581055,3.683332920074463,3.7833330631256104,315300,1192884.914803505
2018-09-13 00:00:00,3.8466670513153076,4.146667003631592,3.8466670513153076,4.045000076293945,74700,302161.5056991577
2018-09-14 00:00:00,4.0233330726623535,4.130000114440918,3.803333044052124,3.896667003631592,96900,377587.03265190125
2018-09-17 00:00:00,3.8933329582214355,4.079999923706055,3.8933329582214355,4.006667137145996,60000,240400.02822875977
2018-09-18 00:00:00,4.00333309173584,4.119999885559082,3.9533329010009766,3.9633328914642334,80700,319840.96434116364
2018-09-19 00:00:00,3.950000047683716,3.9733328819274902,3.826667070388794,3.9033329486846924,77100,300946.9703435898
2018-09-20 00:00:00,4.000332832336426,4.139999866485596,4.0,4.086667060852051,43200,176544.0170288086
2018-09-21 00:00:00,4.0833330154418945,4.116666793823242,3.9600000381469727,3.9700000286102295,101100,401367.0028924942
2018-09-24 00:00:00,3.950000047683716,3.950000047683716,3.853332996368408,3.880000114440918,33300,129204.00381088257
2018-09-25 00:00:00,3.896667003631592,3.993333101272583,3.734333038330078,3.7633330821990967,93000,349989.976644516
2018-09-26 00:00:00,3.7733330726623535,3.799999952316284,3.690000057220459,3.696666955947876,81000,299430.02343177795
2018-09-27 00:00:00,3.683332920074463,3.74666690826416,3.5899999141693115,3.6166670322418213,110700,400365.0404691696
2018-09-28 00:00:00,3.7033329010009766,3.7249999046325684,3.611999988555908,3.690000057220459,93300,344277.0053386688
2018-10-01 00:00:00,3.7300000190734863,3.8499999046325684,3.700000047683716,3.7733330726623535,66600,251303.98263931274
2018-10-02 00:00:00,3.766666889190674,3.863332986831665,3.6700000762939453,3.6766669750213623,45900,168759.01415348053
2018-10-03 00:00:00,3.6666669845581055,3.733333110809326,3.6666669845581055,3.7233328819274902,62700,233452.97169685364
2018-10-04 00:00:00,3.696666955947876,3.733333110809326,3.6166670322418213,3.6433329582214355,43800,159577.98357009888
2018-10-05 00:00:00,3.640000104904175,3.640000104904175,3.4100000858306885,3.450000047683716,261600,902520.0124740601
2018-10-08 00:00:00,3.430000066757202,3.626667022705078,3.430000066757202,3.569999933242798,53100,189566.99645519257
2018-10-09 00:00:00,3.559999942779541,3.733333110809326,3.559999942779541,3.700000047683716,60300,223110.00287532806
2018-10-10 00:00:00,3.696666955947876,3.696666955947876,3.4166669845581055,3.436666965484619,92700,318579.0277004242
2018-10-11 00:00:00,3.4000000953674316,3.5,3.2866671085357666,3.319999933242798,232800,772895.9844589233
2018-10-12 00:00:00,3.4166669845581055,3.4633328914642334,3.375999927520752,3.423332929611206,81300,278316.96717739105
2018-10-15 00:00:00,3.4633328914642334,3.566667079925537,3.456666946411133,3.563333034515381,66000,235179.98027801514
2018-10-16 00:00:00,3.5399999618530273,3.6166670322418213,3.4266669750213623,3.450000047683716,77400,267030.0036907196
2018-10-17 00:00:00,3.4533329010009766,3.4749999046325684,3.3666670322418213,3.4266669750213623,18900,64764.00582790375
2018-10-18 00:00:00,3.5566670894622803,3.5566670894622803,3.313333034515381,3.3566670417785645,152100,510549.05705451965
2018-10-19 00:00:00,3.353332996368408,3.483333110809326,3.353332996368408,3.413332939147949,61200,208895.9758758545
2018-10-22 00:00:00,3.3299999237060547,3.380000114440918,3.3299999237060547,3.3566670417785645,45000,151050.0168800354
2018-10-23 00:00:00,3.2766671180725098,3.3466670513153076,3.2166669368743896,3.2733330726623535,161100,527333.9580059052
2018-10-24 00:00:00,3.2766671180725098,3.2866671085357666,3.2033329010009766,3.2033329010009766,60600,194121.97380065918
2018-10-25 00:00:00,3.2266669273376465,3.2799999713897705,3.1700000762939453,3.2166669368743896,92100,296255.0248861313
2018-10-26 00:00:00,3.1666669845581055,3.2100000381469727,3.0966670513153076,3.1500000953674316,74700,235305.00712394714
2018-10-29 00:00:00,3.180000066757202,3.319999933242798,3.1066670417785645,3.1566669940948486,58500,184665.01915454865
2018-10-30 00:00:00,3.103332996368408,3.190000057220459,3.0966670513153076,3.1566669940948486,64500,203605.02111911774
2018-10-31 00:00:00,3.196666955947876,3.24666690826416,3.1666669845581055,3.183332920074463,52200,166169.97842788696
2018-11-01 00:00:00,3.196666955947876,3.3333330154418945,3.183332920074463,3.3333330154418945,23700,78999.9924659729
2018-11-02 00:00:00,3.3333330154418945,3.3933329582214355,3.299999952316284,3.3399999141693115,78900,263525.9932279587
2018-11-05 00:00:00,3.3433330059051514,3.3666670322418213,3.266666889190674,3.3299999237060547,37800,125873.99711608887
2018-11-06 00:00:00,3.3333330154418945,3.373332977294922,3.313333034515381,3.3333330154418945,26100,86999.99170303345
2018-11-07 00:00:00,3.336667060852051,3.433332920074463,3.316667079925537,3.433332920074463,108000,370799.955368042
2018-11-08 00:00:00,3.433332920074463,4.0,3.433332920074463,4.0,460200,1840800.0
2018-11-09 00:00:00,3.933332920074463,3.933332920074463,3.816667079925537,3.9100000858306885,98400,384744.00844573975
2018-11-12 00:00:00,3.933332920074463,3.933332920074463,3.759999990463257,3.766666889190674,91800,345780.02042770386
2018-11-13 00:00:00,3.7799999713897705,3.8666670322418213,3.7300000190734863,3.819999933242798,85500,326609.9942922592
2018-11-14 00:00:00,3.9100000858306885,3.9100000858306885,3.733333110809326,3.7833330631256104,60900,230404.98354434967
2018-11-15 00:00:00,3.733333110809326,3.9066669940948486,3.553333044052124,3.8399999141693115,52200,200447.99551963806
2018-11-16 00:00:00,3.809999942779541,3.816667079925537,3.623667001724243,3.743333101272583,93000,348129.9784183502
2018-11-19 00:00:00,3.766666889190674,3.766666889190674,3.609999895095825,3.646667003631592,47400,172852.01597213745
2018-11-20 00:00:00,3.6066670417785645,3.630000114440918,3.233333110809326,3.4800000190734863,78600,273528.001499176
2018-11-21 00:00:00,3.493333101272583,3.696666955947876,3.493333101272583,3.663332939147949,51300,187928.9797782898
2018-11-23 00:00:00,3.5566670894622803,3.690000057220459,3.5299999713897705,3.6166670322418213,27900,100905.01019954681
2018-11-26 00:00:00,3.6766669750213623,3.75,3.627000093460083,3.706666946411133,39000,144560.01091003418
2018-11-27 00:00:00,3.690000057220459,3.690000057220459,3.4733328819274902,3.586667060852051,66900,239948.0263710022
2018-11-28 00:00:00,3.5899999141693115,3.75333309173584,3.516666889190674,3.6766669750213623,118200,434582.036447525
2018-11-29 00:00:00,3.673332929611206,3.7033329010009766,3.5999999046325684,3.6666669845581055,40500,148500.01287460327
2018-11-30 00:00:00,3.6700000762939453,3.766666889190674,3.630000114440918,3.7166669368743896,63000,234150.01702308655
2018-12-03 00:00:00,3.803333044052124,3.816667079925537,3.636667013168335,3.678333044052124,35700,131316.48967266083
2018-12-04 00:00:00,3.6766669750213623,3.700000047683716,3.440000057220459,3.490000009536743,87600,305724.0008354187
2018-12-06 00:00:00,3.490000009536743,3.5933330059051514,3.3666670322418213,3.5933330059051514,47400,170323.98447990417
2018-12-07 00:00:00,3.5566670894622803,3.663332939147949,3.376667022705078,3.490000009536743,76500,266985.00072956085
2018-12-10 00:00:00,3.506666898727417,3.553333044052124,3.430000066757202,3.4600000381469727,36300,125598.00138473511
2018-12-11 00:00:00,3.456666946411133,3.5799999237060547,3.456666946411133,3.5466670989990234,3900,13832.001686096191
2018-12-12 00:00:00,3.6533329486846924,3.6533329486846924,3.566667079925537,3.5933330059051514,37200,133671.98781967163
2018-12-13 00:00:00,3.6500000953674316,3.6500000953674316,3.4600000381469727,3.5399999618530273,23400,82835.99910736084
2018-12-14 00:00:00,3.619999885559082,3.619999885559082,3.4700000286102295,3.4700000286102295,10800,37476.00030899048
2018-12-17 00:00:00,3.4633328914642334,3.5733330249786377,3.353332996368408,3.423332929611206,87900,300910.964512825
2018-12-18 00:00:00,3.436666965484619,3.516666889190674,3.4066669940948486,3.4066669940948486,36600,124684.01198387146
2018-12-19 00:00:00,3.4633328914642334,3.516666889190674,3.369999885559082,3.3833329677581787,52500,177624.98080730438
2018-12-20 00:00:00,3.4433329105377197,3.5,3.3466670513153076,3.4200000762939453,84300,288306.0064315796
2018-12-21 00:00:00,3.4166669845581055,3.433332920074463,3.369999885559082,3.4200000762939453,140400,480168.0107116699
2018-12-24 00:00:00,3.3666670322418213,3.49666690826416,3.353332996368408,3.353332996368408,44400,148887.98503875732
2018-12-26 00:00:00,3.440000057220459,3.5,3.3466670513153076,3.4733328819274902,82500,286549.96275901794
2018-12-27 00:00:00,3.4533329010009766,3.5,3.3666670322418213,3.4866669178009033,98400,343088.0247116089
2018-12-28 00:00:00,3.5,3.5,3.4033329486846924,3.490000009536743,84300,294207.00080394745
2018-12-31 00:00:00,3.516666889190674,3.6600000858306885,3.423332929611206,3.626667022705078,59400,215424.02114868164
2019-01-02 00:00:00,3.5899999141693115,3.663332939147949,3.5399999618530273,3.623332977294922,78900,285880.97190856934
2019-01-03 00:00:00,3.5999999046325684,3.5999999046325684,3.437000036239624,3.456666946411133,63900,220881.0178756714
2019-01-04 00:00:00,3.4573330879211426,3.5999999046325684,3.4523329734802246,3.566667079925537,68100,242890.02814292908
2019-01-07 00:00:00,3.505666971206665,3.619999885559082,3.330667018890381,3.5833330154418945,81600,292399.9740600586
2019-01-08 00:00:00,3.5999999046325684,3.5999999046325684,3.4766669273376465,3.576667070388794,37200,133052.01501846313
2019-01-09 00:00:00,3.572999954223633,3.5799999237060547,3.4666669368743896,3.5266671180725098,51600,181976.0232925415
2019-01-10 00:00:00,3.516666889190674,3.5333330631256104,3.4533329010009766,3.5,21900,76650.0
2019-01-11 00:00:00,3.483333110809326,3.50333309173584,3.433332920074463,3.50333309173584,28200,98793.99318695068
2019-01-14 00:00:00,3.451667070388794,3.4866669178009033,3.3933329582214355,3.4200000762939453,33000,112860.0025177002
2019-01-15 00:00:00,3.4600000381469727,3.4766669273376465,3.4066669940948486,3.4766669273376465,13500,46935.00351905823
2019-01-16 00:00:00,3.5,3.5,3.416332960128784,3.483333110809326,32100,111814.99285697937
2019-01-17 00:00:00,3.4166669845581055,3.4633328914642334,3.3399999141693115,3.4266669750213623,39000,133640.01202583313
2019-01-18 00:00:00,3.430000066757202,3.445667028427124,3.1933329105377197,3.256666898727417,86100,280399.0199804306
2019-01-22 00:00:00,3.256666898727417,3.2966670989990234,3.113332986831665,3.1166670322418213,99300,309485.03630161285
2019-01-23 00:00:00,3.1666669845581055,3.233333110809326,3.0733330249786377,3.0899999141693115,86400,266975.9925842285
2019-01-24 00:00:00,3.086667060852051,3.25,3.086667060852051,3.25,79500,258375.0
2019-01-25 00:00:00,3.2899999618530273,3.373332977294922,3.266666889190674,3.3399999141693115,71700,239477.99384593964
2019-01-28 00:00:00,3.256666898727417,3.3466670513153076,3.200000047683716,3.240000009536743,53700,173988.0005121231
2019-01-29 00:00:00,3.266666889190674,3.266666889190674,3.1666669845581055,3.2033329010009766,27300,87450.98819732666
2019-01-30 00:00:00,3.190000057220459,3.191999912261963,3.1096670627593994,3.163332939147949,56700,179360.97764968872
2019-01-31 00:00:00,3.119999885559082,3.186666965484619,3.0933330059051514,3.103332996368408,136800,424535.95390319824
2019-02-01 00:00:00,3.103332996368408,3.163332939147949,3.069999933242798,3.0966670513153076,84000,260120.03231048584
2019-02-04 00:00:00,3.113332986831665,3.140000104904175,3.0733330249786377,3.1066670417785645,65700,204108.02464485168
2019-02-05 00:00:00,3.1066670417785645,3.163332939147949,3.0833330154418945,3.140000104904175,53700,168618.0056333542
2019-02-06 00:00:00,3.109999895095825,3.1423330307006836,3.103332996368408,3.130000114440918,34500,107985.00394821167
2019-02-07 00:00:00,3.1166670322418213,3.1500000953674316,3.0733330249786377,3.086667060852051,69000,212980.0271987915
2019-02-08 00:00:00,3.0926671028137207,3.126667022705078,3.0926671028137207,3.103332996368408,71100,220646.97604179382
2019-02-11 00:00:00,3.113332986831665,3.163332939147949,3.103332996368408,3.1066670417785645,93900,291716.0352230072
2019-02-12 00:00:00,3.1166670322418213,3.163332939147949,3.006666898727417,3.1600000858306885,135300,427548.01161289215
2019-02-13 00:00:00,3.1166670322418213,3.2366669178009033,3.053333044052124,3.113332986831665,120600,375467.9582118988
2019-02-14 00:00:00,3.1166670322418213,3.233333110809326,3.066667079925537,3.1433329582214355,215400,677073.9192008972
2019-02-15 00:00:00,3.1333329677581787,3.186666965484619,3.103332996368408,3.1666669845581055,101100,320150.03213882446
2019-02-19 00:00:00,3.1666669845581055,3.325000047683716,3.1500000953674316,3.3233330249786377,237000,787629.9269199371
2019-02-20 00:00:00,3.3299999237060547,3.9079999923706055,3.3299999237060547,3.8333330154418945,575400,2205699.817085266
2019-02-21 00:00:00,3.7966670989990234,3.7966670989990234,3.5833330154418945,3.7133328914642334,174300,647233.9229822159
2019-02-22 00:00:00,3.733333110809326,3.886667013168335,3.7133328914642334,3.863332986831665,381300,1473088.8678789139
2019-02-25 00:00:00,3.8666670322418213,3.983333110809326,3.8666670322418213,3.9166669845581055,201900,790775.0641822815
2019-02-26 00:00:00,3.8466670513153076,3.9066669940948486,3.809999942779541,3.816667079925537,27900,106485.01152992249
2019-02-27 00:00:00,3.826667070388794,3.836667060852051,3.7133328914642334,3.793333053588867,34200,129731.99043273926
2019-02-28 00:00:00,3.7966670989990234,3.8333330154418945,3.753999948501587,3.7833330631256104,62400,236079.9831390381
2019-03-01 00:00:00,3.8333330154418945,3.880000114440918,3.809000015258789,3.8666670322418213,40200,155440.01469612122
2019-03-04 00:00:00,3.8666670322418213,4.159999847412109,3.8666670322418213,4.1433329582214355,311100,1288990.8833026886
2019-03-05 00:00:00,4.139999866485596,4.453332901000977,4.139999866485596,4.449999809265137,462600,2058569.9117660522
2019-03-06 00:00:00,4.449999809265137,4.449999809265137,4.163332939147949,4.2266669273376465,373500,1578660.097360611
2019-03-07 00:00:00,4.316667079925537,4.316667079925537,3.549999952316284,3.696666955947876,597300,2208019.1727876663
2019-03-08 00:00:00,3.636667013168335,3.99666690826416,3.636667013168335,3.8833329677581787,152700,592984.9441766739
2019-03-11 00:00:00,3.9200000762939453,4.0,3.8466670513153076,3.9533329010009766,155400,614347.9328155518
2019-03-12 00:00:00,3.993333101272583,3.993333101272583,3.8949999809265137,3.9633328914642334,152700,605200.9325265884
2019-03-13 00:00:00,3.9600000381469727,4.296667098999023,3.956666946411133,4.21999979019165,301800,1273595.93667984
2019-03-14 00:00:00,4.256667137145996,4.6666669845581055,4.25,4.599999904632568,1022400,4703039.902496338
2019-03-15 00:00:00,4.613333225250244,4.626667022705078,4.413332939147949,4.550000190734863,453900,2065245.0865745544
2019-03-18 00:00:00,4.543333053588867,4.966667175292969,4.506667137145996,4.956666946411133,1216800,6031272.340393066
2019-03-19 00:00:00,4.960000038146973,5.8333330154418945,4.940000057220459,5.316667079925537,2157000,11468050.891399384
2019-03-20 00:00:00,5.2266669273376465,5.4633331298828125,4.833666801452637,5.309999942779541,922800,4900067.94719696
2019-03-21 00:00:00,5.303332805633545,5.559999942779541,5.300000190734863,5.480000019073486,326700,1790316.006231308
2019-03-22 00:00:00,5.420000076293945,5.440000057220459,4.760000228881836,4.826666831970215,477300,2303768.0788993835
2019-03-25 00:00:00,4.9766669273376465,5.1666669845581055,4.823332786560059,5.053332805633545,330300,1669115.82570076
2019-03-26 00:00:00,5.013332843780518,5.3333330154418945,5.013332843780518,5.266666889190674,483300,2545380.1075458527
2019-03-27 00:00:00,5.25,5.290332794189453,4.953332901000977,5.02666711807251,226500,1138540.1022434235
2019-03-28 00:00:00,5.02666711807251,5.090000152587891,4.866666793823242,5.050000190734863,167700,846885.0319862366
2019-03-29 00:00:00,5.126667022705078,5.193333148956299,4.9166669845581055,5.1433329582214355,208200,1070841.9219017029
2019-04-01 00:00:00,5.1533331871032715,5.243332862854004,5.006667137145996,5.1533331871032715,291300,1501165.957403183
2019-04-02 00:00:00,5.156667232513428,5.2133331298828125,5.064000129699707,5.093332767486572,147600,751775.9164810181
2019-04-03 00:00:00,5.163332939147949,5.316667079925537,5.130000114440918,5.230000019073486,246600,1289718.0047035217
2019-04-04 00:00:00,5.28000020980835,5.3333330154418945,5.093332767486572,5.28000020980835,218700,1154736.045885086
2019-04-05 00:00:00,5.313333034515381,5.3333330154418945,5.210000038146973,5.266666889190674,158700,835820.0353145599
2019-04-08 00:00:00,5.263332843780518,5.263332843780518,5.123332977294922,5.179999828338623,99000,512819.9830055237
2019-04-09 00:00:00,5.176667213439941,5.239999771118164,5.02666711807251,5.050000190734863,115500,583275.0220298767
2019-04-10 00:00:00,5.110000133514404,5.203000068664551,4.97333288192749,5.116666793823242,245400,1255630.0312042236
2019-04-11 00:00:00,5.116666793823242,5.1433329582214355,5.099999904632568,5.130000114440918,54300,278559.00621414185
2019-04-12 00:00:00,5.206666946411133,5.369999885559082,5.065999984741211,5.186666965484619,281100,1457972.0839977264
2019-04-15 00:00:00,5.203332901000977,5.203332901000977,5.066667079925537,5.146667003631592,74400,382912.02507019043
2019-04-16 00:00:00,5.193333148956299,5.553332805633545,5.1666669845581055,5.466667175292969,662100,3619480.3367614746
2019-04-17 00:00:00,5.553332805633545,5.946667194366455,5.468332767486572,5.836667060852051,981600,5729272.386932373
2019-04-18 00:00:00,5.896667003631592,6.159999847412109,5.683332920074463,6.126667022705078,645900,3957214.22996521
2019-04-22 00:00:00,6.193333148956299,6.466667175292969,5.203332901000977,5.453332901000977,1060800,5784895.541381836
2019-04-23 00:00:00,5.440000057220459,5.793333053588867,5.4033331871032715,5.603332996368408,380400,2131507.8718185425
2019-04-24 00:00:00,5.619999885559082,5.814667224884033,5.533332824707031,5.5833330154418945,165900,926274.9472618103
2019-04-25 00:00:00,5.579999923706055,5.6066670417785645,5.266666889190674,5.329999923706055,318900,1699736.9756698608
2019-04-26 00:00:00,5.3566670417785645,5.4633331298828125,5.329999923706055,5.423333168029785,155400,842785.9743118286
2019-04-29 00:00:00,5.420000076293945,5.766666889190674,5.269999980926514,5.733333110809326,267900,1535959.9403858185
2019-04-30 00:00:00,5.800000190734863,5.880000114440918,5.672667026519775,5.743332862854004,219600,1261235.8966827393
2019-05-01 00:00:00,5.763332843780518,5.8466668128967285,5.701666831970215,5.796667098999023,126000,730380.054473877
2019-05-02 00:00:00,5.743332862854004,6.086667060852051,5.683332920074463,5.983333110809326,262500,1570624.9415874481
2019-05-03 00:00:00,5.983333110809326,6.1666669845581055,5.936999797821045,6.099999904632568,177300,1081529.9830913544
2019-05-06 00:00:00,6.039999961853027,6.1666669845581055,5.64900016784668,6.1066670417785645,464700,2837768.174314499
2019-05-07 00:00:00,6.090000152587891,6.426667213439941,6.086667060852051,6.25,336300,2101875.0
2019-05-08 00:00:00,6.400000095367432,6.5,6.0,6.139999866485596,478200,2936147.936153412
2019-05-09 00:00:00,6.266666889190674,6.296332836151123,5.730000019073486,6.170000076293945,350700,2163819.0267562866
2019-05-10 00:00:00,6.159999847412109,6.400000095367432,6.159999847412109,6.340000152587891,232800,1475952.035522461
2019-05-13 00:00:00,6.323332786560059,6.360000133514404,6.056666851043701,6.239999771118164,398100,2484143.908882141
2019-05-14 00:00:00,6.306666851043701,6.6666669845581055,6.25,6.613333225250244,499200,3301375.946044922
2019-05-15 00:00:00,6.5366668701171875,7.293333053588867,6.466667175292969,7.116666793823242,627000,4462150.079727173
2019-05-16 00:00:00,7.1666669845581055,7.25,6.242667198181152,6.313333034515381,611100,3858077.8173923492
2019-05-17 00:00:00,6.21999979019165,6.550000190734863,6.21999979019165,6.413332939147949,275400,1766231.8914413452
2019-05-20 00:00:00,6.316667079925537,6.316667079925537,5.886666774749756,5.909999847412109,378000,2233979.9423217773
2019-05-21 00:00:00,5.993332862854004,6.1533331871032715,5.926667213439941,6.079999923706055,256500,1559519.980430603
2019-05-22 00:00:00,5.989999771118164,6.050000190734863,5.52666711807251,5.826666831970215,328500,1914060.0543022156
2019-05-23 00:00:00,5.760000228881836,5.929999828338623,5.516666889190674,5.880000114440918,390600,2296728.0447006226
2019-05-24 00:00:00,5.883333206176758,6.130000114440918,5.840000152587891,6.03000020980835,104700,631341.0219669342
2019-05-28 00:00:00,6.0966668128967285,6.360000133514404,6.039999961853027,6.21999979019165,204300,1270745.9571361542
2019-05-29 00:00:00,6.206666946411133,6.47333288192749,6.196667194366455,6.336667060852051,168000,1064560.0662231445
2019-05-30 00:00:00,6.376667022705078,6.513332843780518,6.203332901000977,6.316667079925537,192600,1216590.0795936584
2019-05-31 00:00:00,6.22333288192749,6.47333288192749,6.190000057220459,6.420000076293945,176700,1134414.0134811401
2019-06-03 00:00:00,6.433332920074463,6.550333023071289,6.0966668128967285,6.1533331871032715,351900,2165357.9485416412
2019-06-04 00:00:00,6.196667194366455,6.2733330726623535,5.9166669845581055,6.233333110809326,389700,2429129.9132823944
2019-06-05 00:00:00,6.283332824707031,6.3333330154418945,5.857333183288574,6.050000190734863,338700,2049135.0646018982
2019-06-06 00:00:00,6.046667098999023,6.25333309173584,5.843332767486572,6.186666965484619,298800,1848576.0892868042
2019-06-07 00:00:00,6.206666946411133,6.289999961853027,6.0833330154418945,6.1533331871032715,188700,1161133.9724063873
2019-06-10 00:00:00,6.190000057220459,6.300000190734863,6.00333309173584,6.300000190734863,256500,1615950.0489234924
2019-06-11 00:00:00,6.329999923706055,6.391666889190674,5.906667232513428,6.0966668128967285,395400,2410622.0578193665
2019-06-12 00:00:00,6.053332805633545,6.123332977294922,5.944333076477051,6.070000171661377,230400,1398528.0395507812
2019-06-13 00:00:00,6.070000171661377,6.126667022705078,5.6666669845581055,5.829999923706055,393000,2291189.9700164795
2019-06-14 00:00:00,5.820000171661377,5.886666774749756,5.670000076293945,5.74666690826416,276000,1586080.0666809082
2019-06-17 00:00:00,5.733333110809326,5.733333110809326,5.50333309173584,5.576666831970215,491400,2740374.0812301636
2019-06-18 00:00:00,6.066667079925537,6.210000038146973,5.789999961853027,5.909999847412109,628200,3712661.904144287
2019-06-19 00:00:00,5.900000095367432,5.900000095367432,5.576666831970215,5.826666831970215,398400,2321344.0658569336
2019-06-20 00:00:00,5.8566670417785645,5.886666774749756,5.623332977294922,5.6433329582214355,277800,1567717.8957939148
2019-06-21 00:00:00,5.6066670417785645,5.6066670417785645,5.303332805633545,5.396667003631592,448800,2422024.1512298584
2019-06-24 00:00:00,5.396667003631592,5.5233330726623535,5.309999942779541,5.423333168029785,268800,1457791.9555664062
2019-06-25 00:00:00,5.376667022705078,5.380000114440918,5.114999771118164,5.146667003631592,365100,1879048.1230258942
2019-06-26 00:00:00,5.21999979019165,5.300000190734863,5.0833330154418945,5.2133331298828125,279900,1459211.9430541992
2019-06-27 00:00:00,5.236667156219482,5.316667079925537,5.090000152587891,5.146667003631592,450000,2316000.1516342163
2019-06-28 00:00:00,5.183332920074463,5.383333206176758,5.119999885559082,5.203332901000977,3162900,16457621.632575989
2019-07-01 00:00:00,5.3566670417785645,5.9633331298828125,5.3566670417785645,5.926667213439941,638700,3785362.3492240906
2019-07-02 00:00:00,5.900000095367432,5.900000095367432,5.686666965484619,5.789999961853027,278700,1613672.9893684387
2019-07-03 00:00:00,5.78000020980835,5.836667060852051,5.663332939147949,5.760000228881836,174000,1002240.0398254395
2019-07-05 00:00:00,5.5,5.683332920074463,5.316667079925537,5.493332862854004,366000,2010559.8278045654
2019-07-08 00:00:00,5.4766669273376465,5.670000076293945,5.420000076293945,5.626667022705078,223800,1259248.0796813965
2019-07-09 00:00:00,5.593332767486572,5.686666965484619,5.593332767486572,5.616666793823242,139500,783525.0177383423
2019-07-10 00:00:00,5.650000095367432,5.75333309173584,5.546667098999023,5.6066670417785645,181500,1017610.0680828094
2019-07-11 00:00:00,5.646667003631592,5.650000095367432,5.447667121887207,5.50333309173584,123600,680211.9701385498
2019-07-12 00:00:00,5.506667137145996,5.593332767486572,5.449999809265137,5.50333309173584,228600,1258061.944770813
2019-07-15 00:00:00,5.519999980926514,5.650000095367432,5.353332996368408,5.506667137145996,158700,873908.0746650696
2019-07-16 00:00:00,5.533332824707031,5.699999809265137,5.533332824707031,5.6066670417785645,179100,1004154.0671825409
2019-07-17 00:00:00,5.623332977294922,5.78266716003418,5.433332920074463,5.7733330726623535,287400,1659255.9250831604
2019-07-18 00:00:00,5.7866668701171875,6.367000102996826,5.75,6.343332767486572,1122600,7121025.364780426
2019-07-19 00:00:00,6.300000190734863,6.3333330154418945,5.949999809265137,6.086667060852051,675900,4113978.266429901
2019-07-22 00:00:00,6.099999904632568,6.133333206176758,5.980000019073486,6.1066670417785645,218400,1333696.0819244385
2019-07-23 00:00:00,6.116666793823242,6.146667003631592,5.9766669273376465,6.056666851043701,164400,995716.0303115845
2019-07-24 00:00:00,6.006667137145996,6.123332977294922,5.874000072479248,6.0833330154418945,186600,1135149.9406814575
2019-07-25 00:00:00,6.079999923706055,6.079999923706055,5.886666774749756,5.8933329582214355,104100,613495.9609508514
2019-07-26 00:00:00,5.953332901000977,6.050000190734863,5.923333168029785,5.929999828338623,132600,786317.9772377014
2019-07-29 00:00:00,6.006667137145996,6.039999961853027,5.866666793823242,6.019999980926514,144600,870491.9972419739
2019-07-30 00:00:00,5.96999979019165,6.016666889190674,5.820000171661377,5.829999923706055,136200,794045.9896087646
2019-07-31 00:00:00,5.849999904632568,5.986667156219482,5.783332824707031,5.809999942779541,174900,1016168.9899921417
2019-08-01 00:00:00,5.806666851043701,5.909999847412109,5.25333309173584,5.3333330154418945,770400,4108799.7550964355
2019-08-02 00:00:00,5.323332786560059,5.486667156219482,5.300000190734863,5.3333330154418945,286200,1526399.9090194702
2019-08-05 00:00:00,5.320000171661377,5.380000114440918,5.1433329582214355,5.239999771118164,223200,1169567.9489135742
2019-08-06 00:00:00,5.326666831970215,5.409999847412109,5.146667003631592,5.28000020980835,259800,1371744.0545082092
2019-08-07 00:00:00,5.21999979019165,5.366666793823242,5.139999866485596,5.366666793823242,189000,1014300.0240325928
2019-08-08 00:00:00,5.989999771118164,6.0,5.639999866485596,5.940000057220459,765900,4549446.04382515
2019-08-09 00:00:00,5.9166669845581055,5.946667194366455,5.639999866485596,5.7266669273376465,229200,1312552.0597457886
2019-08-12 00:00:00,5.716667175292969,6.123332977294922,5.6533331871032715,5.933332920074463,519600,3082959.785270691
2019-08-13 00:00:00,5.923333168029785,6.156667232513428,5.813333034515381,6.103332996368408,469200,2863683.841896057
2019-08-14 00:00:00,5.646667003631592,5.6533331871032715,4.806666851043701,4.836667060852051,1532100,7410257.603931427
2019-08-15 00:00:00,4.6666669845581055,4.7083330154418945,4.449999809265137,4.659999847412109,3330900,15521993.491744995
2019-08-16 00:00:00,4.6666669845581055,4.766666889190674,4.613333225250244,4.659999847412109,1270500,5920529.806137085
2019-08-19 00:00:00,4.816667079925537,4.843332767486572,4.633333206176758,4.686666965484619,795600,3728712.237739563
2019-08-20 00:00:00,4.683332920074463,4.900000095367432,4.633333206176758,4.743332862854004,604800,2868767.7154541016
2019-08-21 00:00:00,4.7733330726623535,4.8566670417785645,4.670000076293945,4.75,326400,1550400.0
2019-08-22 00:00:00,4.9766669273376465,4.9766669273376465,4.736667156219482,4.909999847412109,461400,2265473.9295959473
2019-08-23 00:00:00,4.836667060852051,4.983333110809326,4.633333206176758,4.696667194366455,538500,2529155.284166336
2019-08-26 00:00:00,4.763332843780518,4.763332843780518,4.546667098999023,4.646667003631592,465000,2160700.15668869
2019-08-27 00:00:00,4.650000095367432,4.690000057220459,4.5833330154418945,4.619999885559082,382500,1767149.9562263489
2019-08-28 00:00:00,4.633333206176758,4.710000038146973,4.5833330154418945,4.636666774749756,227700,1055769.0246105194
2019-08-29 00:00:00,4.696667194366455,4.813333034515381,4.671667098999023,4.75333309173584,292200,1388923.9294052124
2019-08-30 00:00:00,4.763332843780518,4.796667098999023,4.710000038146973,4.766666889190674,143700,684970.0319766998
2019-09-03 00:00:00,4.733333110809326,4.99666690826416,4.699999809265137,4.9033331871032715,448200,2197673.9344596863
2019-09-04 00:00:00,4.97333288192749,5.313333034515381,4.870999813079834,5.233333110809326,928500,4859149.793386459
2019-09-05 00:00:00,5.300000190734863,5.466667175292969,5.0,5.0,618000,3090000.0
2019-09-06 00:00:00,5.016666889190674,5.046667098999023,4.766666889190674,4.78000020980835,679500,3248010.1425647736
2019-09-09 00:00:00,4.896667003631592,4.925666809082031,4.7216668128967285,4.77666711807251,414000,1977540.186882019
2019-09-10 00:00:00,4.730000019073486,4.906667232513428,4.696667194366455,4.860000133514404,284400,1382184.0379714966
2019-09-11 00:00:00,4.880000114440918,4.983333110809326,4.703332901000977,4.769999980926514,572400,2730347.9890823364
2019-09-12 00:00:00,4.783332824707031,4.84499979019165,4.716667175292969,4.756667137145996,164400,781996.0773468018
2019-09-13 00:00:00,4.760000228881836,5.066667079925537,4.756667137145996,4.900000095367432,330600,1619940.031528473
2019-09-16 00:00:00,4.816667079925537,4.949999809265137,4.816667079925537,4.883333206176758,228600,1116329.9709320068
2019-09-17 00:00:00,4.853332996368408,4.9106669425964355,4.718332767486572,4.8466668128967285,221100,1071598.0323314667
2019-09-18 00:00:00,4.843332767486572,4.956666946411133,4.75333309173584,4.8933329582214355,170400,833823.9360809326
2019-09-19 00:00:00,4.923333168029785,4.993332862854004,4.733333110809326,4.75333309173584,215400,1023867.9479598999
2019-09-20 00:00:00,4.769999980926514,4.894000053405762,4.690000057220459,4.796667098999023,275700,1322441.1191940308
2019-09-23 00:00:00,4.829999923706055,5.066667079925537,4.818999767303467,4.953332901000977,270900,1341857.8828811646
2019-09-24 00:00:00,4.949999809265137,5.14300012588501,4.699999809265137,4.730000019073486,385800,1824834.007358551
2019-09-25 00:00:00,4.7733330726623535,4.860000133514404,4.686666965484619,4.860000133514404,129900,631314.0173435211
2019-09-26 00:00:00,4.8520002365112305,4.8520002365112305,4.696667194366455,4.699999809265137,90000,422999.9828338623
2019-09-27 00:00:00,4.699999809265137,4.75,4.47333288192749,4.590000152587891,480900,2207331.0733795166
2019-09-30 00:00:00,4.563333034515381,4.636666774749756,4.484333038330078,4.619999885559082,184800,853775.9788513184
2019-10-01 00:00:00,4.636666774749756,4.7133331298828125,4.480000019073486,4.510000228881836,232200,1047222.0531463623
2019-10-02 00:00:00,4.47333288192749,4.639999866485596,4.449999809265137,4.6066670417785645,188400,867896.0706710815
2019-10-03 00:00:00,4.603332996368408,4.743332862854004,4.599667072296143,4.650000095367432,112500,523125.01072883606
2019-10-04 00:00:00,4.6433329582214355,4.75333309173584,4.5183329582214355,4.633333206176758,158400,733919.9798583984
2019-10-07 00:00:00,4.576666831970215,4.663332939147949,4.47333288192749,4.49666690826416,193200,868756.0466766357
2019-10-08 00:00:00,4.47333288192749,4.47333288192749,4.233333110809326,4.369999885559082,300600,1313621.96559906
2019-10-09 00:00:00,4.389999866485596,4.543333053588867,4.363333225250244,4.449999809265137,207600,923819.9604034424
2019-10-10 00:00:00,4.4633331298828125,4.550000190734863,4.349999904632568,4.413332939147949,131700,581235.9480857849
2019-10-11 00:00:00,4.480000019073486,4.539999961853027,4.409999847412109,4.409999847412109,126000,555659.9807739258
2019-10-14 00:00:00,4.413332939147949,4.516666889190674,4.216667175292969,4.269999980926514,239400,1022237.9954338074
2019-10-15 00:00:00,4.293333053588867,4.46999979019165,4.293333053588867,4.396667003631592,143400,630482.0483207703
2019-10-16 00:00:00,4.3663330078125,4.380000114440918,4.2133331298828125,4.28000020980835,162600,695928.0341148376
2019-10-17 00:00:00,4.3333330154418945,4.414667129516602,4.320000171661377,4.413332939147949,83700,369395.96700668335
2019-10-18 00:00:00,4.373332977294922,4.413332939147949,4.210000038146973,4.21999979019165,139800,589955.9706687927
2019-10-21 00:00:00,4.266666889190674,4.4166669845581055,4.21999979019165,4.383333206176758,135600,594379.9827575684
2019-10-22 00:00:00,4.413332939147949,4.4730000495910645,4.300000190734863,4.373332977294922,95400,417215.96603393555
2019-10-23 00:00:00,4.343332767486572,4.443333148956299,4.25333309173584,4.269999980926514,233700,997898.9955425262
2019-10-24 00:00:00,4.293333053588867,4.703332901000977,4.2866668701171875,4.5,393300,1769850.0
2019-10-25 00:00:00,4.550000190734863,4.593332767486572,4.433332920074463,4.466667175292969,299100,1335980.152130127
2019-10-28 00:00:00,4.478332996368408,4.593332767486572,4.426667213439941,4.516666889190674,386400,1745240.0859832764
2019-10-29 00:00:00,4.50333309173584,4.533332824707031,4.309999942779541,4.323332786560059,275400,1190645.8494186401
2019-10-30 00:00:00,4.349999904632568,4.3566670417785645,4.283332824707031,4.3333330154418945,255300,1106299.9188423157
2019-10-31 00:00:00,4.323332786560059,4.3333330154418945,4.170000076293945,4.196667194366455,204000,856120.1076507568
2019-11-01 00:00:00,4.203332901000977,4.320000171661377,4.203332901000977,4.27666711807251,213300,912213.0962848663
2019-11-04 00:00:00,4.303332805633545,4.565000057220459,4.300000190734863,4.546667098999023,342900,1559052.1482467651
2019-11-05 00:00:00,4.543333053588867,4.813333034515381,4.483333110809326,4.75333309173584,331800,1577155.9198379517
2019-11-06 00:00:00,4.763332843780518,4.966667175292969,4.763332843780518,4.800000190734863,573300,2751840.109348297
2019-11-07 00:00:00,5.199999809265137,5.293333053588867,4.8933329582214355,5.216667175292969,897600,4682480.456542969
2019-11-08 00:00:00,5.216667175292969,5.25,4.699999809265137,4.806666851043701,465900,2239426.0859012604
2019-11-11 00:00:00,4.796667098999023,4.829999923706055,4.480000019073486,4.796667098999023,524700,2516811.2268447876
2019-11-12 00:00:00,4.789999961853027,5.0,4.77666711807251,4.983333110809326,355500,1771574.9208927155
2019-11-13 00:00:00,4.986667156219482,5.00333309173584,4.678999900817871,4.840000152587891,272400,1318416.0415649414
2019-11-14 00:00:00,4.836667060852051,5.019999980926514,4.769999980926514,4.7866668701171875,331800,1588216.0675048828
2019-11-15 00:00:00,4.823332786560059,4.900000095367432,4.7133331298828125,4.806666851043701,225000,1081500.0414848328
2019-11-18 00:00:00,4.769999980926514,4.803332805633545,4.673333168029785,4.716667175292969,227100,1071155.1155090332
2019-11-19 00:00:00,4.71999979019165,4.809999942779541,4.633333206176758,4.659999847412109,241500,1125389.9631500244
2019-11-20 00:00:00,4.623332977294922,4.936666965484619,4.6066670417785645,4.876667022705078,762000,3716020.2713012695
2019-11-21 00:00:00,4.8466668128967285,4.933332920074463,4.736667156219482,4.766666889190674,401700,1914770.0893878937
2019-11-22 00:00:00,4.77666711807251,4.816667079925537,4.613333225250244,4.623332977294922,384900,1779520.8629608154
2019-11-25 00:00:00,4.706666946411133,4.843332767486572,4.683332920074463,4.769999980926514,285900,1363742.9945468903
2019-11-26 00:00:00,4.7733330726623535,4.800000190734863,4.673333168029785,4.699999809265137,165600,778319.9684143066
2019-11-27 00:00:00,4.693333148956299,4.716667175292969,4.5233330726623535,4.5966668128967285,560100,2574593.0819034576
2019-11-29 00:00:00,4.623332977294922,4.663332939147949,4.519999980926514,4.603332996368408,256200,1179373.9136695862
2019-12-02 00:00:00,4.6666669845581055,4.703332901000977,4.586667060852051,4.636666774749756,238200,1104454.0257453918
2019-12-03 00:00:00,4.533332824707031,4.6666669845581055,4.52666711807251,4.663332939147949,261900,1221326.896762848
2019-12-04 00:00:00,4.679999828338623,4.75333309173584,4.639999866485596,4.703332901000977,247200,1162663.8931274414
2019-12-05 00:00:00,4.72333288192749,4.926667213439941,4.703999996185303,4.889999866485596,278700,1362842.9627895355
2019-12-06 00:00:00,4.896667003631592,5.193333148956299,4.896667003631592,5.139999866485596,464100,2385473.938035965
2019-12-09 00:00:00,5.176667213439941,5.176667213439941,4.826666831970215,4.889999866485596,224100,1095848.970079422
2019-12-10 00:00:00,4.9166669845581055,5.079999923706055,4.9166669845581055,5.02666711807251,156600,787176.070690155
2019-12-11 00:00:00,5.046667098999023,5.3333330154418945,5.046667098999023,5.243332862854004,379500,1989844.8214530945
2019-12-12 00:00:00,5.256667137145996,5.300000190734863,5.233333110809326,5.300000190734863,137400,728220.0262069702
2019-12-13 00:00:00,5.303332805633545,5.650000095367432,5.25333309173584,5.630000114440918,456600,2570658.052253723
2019-12-16 00:00:00,5.686666965484619,6.0833330154418945,5.639999866485596,6.063333034515381,756600,4587517.773914337
2019-12-17 00:00:00,6.22333288192749,6.363333225250244,6.081333160400391,6.230000019073486,591300,3683799.0112781525
2019-12-18 00:00:00,6.263332843780518,6.306666851043701,6.079999923706055,6.1433329582214355,425700,2615216.840314865
2019-12-19 00:00:00,6.136666774749756,6.210999965667725,6.033332824707031,6.090000152587891,471600,2872044.071960449
2019-12-20 00:00:00,6.099999904632568,6.206666946411133,6.099999904632568,6.156667232513428,298500,1837765.1689052582
2019-12-23 00:00:00,6.183332920074463,6.5833330154418945,6.103332996368408,6.539999961853027,795900,5205185.969638824
2019-12-24 00:00:00,6.563333034515381,6.5966668128967285,6.4166669845581055,6.443333148956299,450300,2901432.9169750214
2019-12-26 00:00:00,6.453332901000977,6.53000020980835,6.25,6.336667060852051,510300,3233601.2011528015
2019-12-27 00:00:00,6.2866668701171875,6.433332920074463,6.02666711807251,6.133333206176758,539100,3306479.93144989
2019-12-30 00:00:00,6.146667003631592,6.146667003631592,6.010000228881836,6.048333168029785,569100,3442106.4059257507
2019-12-31 00:00:00,6.099999904632568,6.25933313369751,6.0833330154418945,6.150000095367432,334200,2055330.0318717957
2020-01-02 00:00:00,6.243332862854004,6.429999828338623,6.170000076293945,6.309999942779541,481200,3036371.972465515
2020-01-03 00:00:00,6.193333148956299,6.4166669845581055,6.150000095367432,6.366666793823242,345900,2202230.0439834595
2020-01-06 00:00:00,6.303332805633545,7.263332843780518,6.300000190734863,7.0,1856400,12994800.0
2020-01-07 00:00:00,7.146667003631592,8.236666679382324,7.079999923706055,8.166666984558105,2797500,22846250.8893013
2020-01-08 00:00:00,8.149999618530273,8.763333320617676,8.146666526794434,8.260000228881836,2669100,22046766.61090851
2020-01-09 00:00:00,8.286666870117188,8.333333015441895,7.456666946411133,7.826666831970215,1556400,12181424.257278442
2020-01-10 00:00:00,7.8333330154418945,8.140000343322754,7.77666711807251,7.876667022705078,581400,4579494.207000732
2020-01-13 00:00:00,8.050000190734863,8.8100004196167,8.050000190734863,8.760000228881836,1917000,16792920.43876648
2020-01-14 00:00:00,9.0,10.609999656677246,9.0,10.529999732971191,3761700,39610699.99551773
2020-01-15 00:00:00,10.529999732971191,12.233332633972168,10.239999771118164,11.716667175292969,6698700,78486438.40713501
2020-01-16 00:00:00,11.850000381469727,12.539999961853027,11.817999839782715,12.103333473205566,3612300,43720871.50526047
2020-01-17 00:00:00,12.0,12.123332977294922,10.783332824707031,12.029999732971191,2610600,31405517.302894592
2020-01-21 00:00:00,11.99666690826416,14.229999542236328,11.666666984558105,14.223333358764648,4023000,57220470.10231018
2020-01-22 00:00:00,15.333333015441895,17.067333221435547,14.527000427246094,16.18000030517578,8320800,134630546.53930664
2020-01-23 00:00:00,15.55666732788086,15.65666675567627,13.256667137145996,13.420000076293945,5313900,71312538.4054184
2020-01-24 00:00:00,13.946666717529297,13.956666946411133,11.666666984558105,11.903332710266113,5364000,63849476.65786743
2020-01-27 00:00:00,11.00333309173584,12.933333396911621,10.833333015441895,12.523332595825195,4103100,51384485.97393036
2020-01-28 00:00:00,13.260000228881836,14.316666603088379,12.176667213439941,12.6899995803833,2814900,35721079.81882095
2020-01-29 00:00:00,12.600000381469727,13.079999923706055,11.90666675567627,12.346667289733887,1342800,16579104.836654663
2020-01-30 00:00:00,12.153332710266113,12.279999732971191,11.699999809265137,12.013333320617676,1818900,21851051.97687149
2020-01-31 00:00:00,12.0,12.0,11.083999633789062,11.579999923706055,1424400,16494551.891326904
2020-02-03 00:00:00,11.630000114440918,12.99666690826416,11.5,11.84333324432373,2009400,23797993.821144104
2020-02-04 00:00:00,12.433333396911621,13.026666641235352,12.199999809265137,12.783332824707031,1791600,22902619.088745117
2020-02-05 00:00:00,13.34000015258789,13.399999618530273,11.591667175292969,11.783332824707031,1638000,19301099.166870117
2020-02-06 00:00:00,11.986666679382324,12.796667098999023,11.783332824707031,12.333333015441895,1565100,19302899.50246811
2020-02-07 00:00:00,12.466667175292969,12.576000213623047,11.823332786560059,12.010000228881836,1668000,20032680.381774902
2020-02-10 00:00:00,12.020000457763672,14.0,11.953332901000977,13.863332748413086,3295200,45682454.0725708
2020-02-11 00:00:00,14.25333309173584,14.429332733154297,12.436667442321777,13.103333473205566,4422300,57946871.61855698
2020-02-12 00:00:00,13.239999771118164,13.666666984558105,12.84333324432373,13.58666706085205,1680600,22833752.662467957
2020-02-13 00:00:00,13.573332786560059,13.573332786560059,12.766667366027832,12.899999618530273,1416000,18266399.459838867
2020-02-14 00:00:00,12.953332901000977,13.15999984741211,12.686667442321777,13.033332824707031,826200,10768139.57977295
2020-02-18 00:00:00,13.33666706085205,14.25333309173584,13.289999961853027,13.94333267211914,3771300,52584490.506362915
2020-02-19 00:00:00,14.130000114440918,15.463333129882812,13.226667404174805,13.30666732788086,4156500,55309162.74833679
2020-02-20 00:00:00,13.476667404174805,14.366666793823242,13.40999984741211,14.216667175292969,2117700,30106636.07711792
2020-02-21 00:00:00,14.3100004196167,14.524999618530273,12.850000381469727,12.90666675567627,1880700,24273568.16740036
2020-02-24 00:00:00,12.133333206176758,13.229999542236328,11.626667022705078,12.75333309173584,1983900,25301337.520694733
2020-02-25 00:00:00,12.983332633972168,13.21399974822998,12.023332595825195,12.5,1582200,19777500.0
2020-02-26 00:00:00,12.319999694824219,12.74666690826416,12.170000076293945,12.453332901000977,866700,10793303.625297546
2020-02-27 00:00:00,11.666666984558105,12.100000381469727,11.303333282470703,11.703332901000977,1916100,22424756.17160797
2020-02-28 00:00:00,11.09000015258789,11.786666870117188,10.710000038146973,11.649999618530273,1712100,19945964.34688568
2020-03-02 00:00:00,11.853333473205566,12.226667404174805,11.233332633972168,12.223333358764648,958800,11719732.024383545
2020-03-03 00:00:00,12.329999923706055,12.426667213439941,11.55666732788086,11.853333473205566,1572000,18633440.21987915
2020-03-04 00:00:00,12.039999961853027,12.279999732971191,11.666666984558105,11.899999618530273,776700,9242729.703712463
2020-03-05 00:00:00,11.630000114440918,12.073332786560059,11.529999732971191,11.763333320617676,807600,9500067.989730835
2020-03-06 00:00:00,11.5,11.533332824707031,10.313332557678223,10.676667213439941,1582200,16892622.865104675
2020-03-09 00:00:00,9.420000076293945,9.768333435058594,9.0,9.00333309173584,1696800,15276855.590057373
2020-03-10 00:00:00,9.333333015441895,9.766667366027832,8.703332901000977,8.930000305175781,2834100,25308513.86489868
2020-03-11 00:00:00,9.073332786560059,9.073332786560059,8.266667366027832,8.533332824707031,1927500,16447999.019622803
2020-03-12 00:00:00,8.333333015441895,8.486666679382324,7.426667213439941,7.809999942779541,1792800,14001767.897415161
2020-03-13 00:00:00,8.473333358764648,8.796667098999023,7.176667213439941,7.623332977294922,1746300,13312626.378250122
2020-03-16 00:00:00,6.383333206176758,7.296667098999023,6.323332786560059,7.00333309173584,1562100,10939906.622600555
2020-03-17 00:00:00,7.146667003631592,8.30666732788086,6.820000171661377,8.006667137145996,1724100,13804294.811153412
2020-03-18 00:00:00,7.380000114440918,7.610000133514404,5.316667079925537,5.75,2515200,14462400.0
2020-03-19 00:00:00,7.316667079925537,7.316667079925537,6.190000057220459,6.8333330154418945,3808500,26024748.789310455
2020-03-20 00:00:00,7.28000020980835,8.020000457763672,7.22333288192749,7.3566670417785645,2701800,19876243.013477325
2020-03-23 00:00:00,7.47333288192749,8.989999771118164,7.176667213439941,8.739999771118164,2925600,25569743.3303833
2020-03-24 00:00:00,9.44333267211914,10.486666679382324,9.036666870117188,9.41333293914795,3089400,29081550.782203674
2020-03-25 00:00:00,9.453332901000977,9.966667175292969,9.033332824707031,9.233332633972168,1719900,15880408.797168732
2020-03-26 00:00:00,9.350000381469727,10.00333309173584,9.350000381469727,9.966667175292969,1802400,17963920.916748047
2020-03-27 00:00:00,9.366666793823242,9.75,9.146666526794434,9.460000038146973,1011300,9566898.038578033
2020-03-30 00:00:00,9.476667404174805,10.100000381469727,9.302666664123535,9.99666690826416,1137000,11366210.27469635
2020-03-31 00:00:00,10.0,10.199999809265137,9.630332946777344,9.869999885559082,1567800,15474185.820579529
2020-04-01 00:00:00,9.449999809265137,9.706666946411133,8.960000038146973,9.113332748413086,1084200,9880675.365829468
2020-04-02 00:00:00,9.0600004196167,9.539999961853027,8.933333396911621,9.173333168029785,776400,7122175.871658325
2020-04-03 00:00:00,9.166666984558105,9.270000457763672,8.551667213439941,9.066666603088379,721800,6544319.954109192
2020-04-06 00:00:00,9.293333053588867,10.90666675567627,9.103333473205566,10.850000381469727,2128200,23090970.811843872
2020-04-07 00:00:00,11.0,11.579999923706055,10.595000267028809,11.083333015441895,1769100,19607524.437618256
2020-04-08 00:00:00,11.333333015441895,11.738666534423828,11.15666675567627,11.626667022705078,1619400,18828224.576568604
2020-04-09 00:00:00,11.723333358764648,11.978333473205566,10.831000328063965,11.026666641235352,1128600,12444695.971298218
2020-04-13 00:00:00,11.069999694824219,11.096667289733887,10.536666870117188,11.09333324432373,918900,10193663.918209076
2020-04-14 00:00:00,11.333333015441895,12.196666717529297,11.333333015441895,11.529999732971191,1429500,16482134.618282318
2020-04-15 00:00:00,11.613332748413086,11.65999984741211,10.716667175292969,11.15999984741211,817500,9123299.8752594
2020-04-16 00:00:00,11.1899995803833,11.930000305175781,11.1899995803833,11.90999984741211,982500,11701574.850082397
2020-04-17 00:00:00,12.166666984558105,12.673333168029785,11.859999656677246,12.023332595825195,956700,11502722.294425964
2020-04-20 00:00:00,11.833333015441895,12.636667251586914,11.833333015441895,12.010000228881836,634500,7620345.145225525
2020-04-21 00:00:00,11.833333015441895,11.933333396911621,10.923666954040527,11.109999656677246,1031100,11455520.645999908
2020-04-22 00:00:00,11.516667366027832,12.426667213439941,11.516667366027832,12.363332748413086,897000,11089909.475326538
2020-04-23 00:00:00,12.286666870117188,12.470000267028809,11.748332977294922,11.94333267211914,865800,10340537.427520752
2020-04-24 00:00:00,12.010000228881836,12.226667404174805,11.5,12.166666984558105,996300,12121650.31671524
2020-04-27 00:00:00,12.5,13.596667289733887,12.433333396911621,12.673333168029785,1850700,23454537.694072723
2020-04-28 00:00:00,12.933333396911621,13.196666717529297,12.483332633972168,12.75333309173584,991200,12641103.760528564
2020-04-29 00:00:00,13.136667251586914,14.0,13.063332557678223,13.813332557678223,1139400,15738911.116218567
2020-04-30 00:00:00,13.930000305175781,13.930000305175781,13.1899995803833,13.3100004196167,650700,8660817.273044586
2020-05-01 00:00:00,12.833333015441895,13.166666984558105,11.673333168029785,11.893333435058594,1474200,17533152.14996338
2020-05-04 00:00:00,11.729999542236328,12.229999542236328,11.523332595825195,11.930000305175781,824100,9831513.251495361
2020-05-05 00:00:00,12.146666526794434,13.020000457763672,12.146666526794434,12.5600004196167,858600,10784016.360282898
2020-05-06 00:00:00,13.203332901000977,13.953332901000977,12.963333129882812,13.100000381469727,1395300,18278430.53226471
2020-05-07 00:00:00,13.19333267211914,14.960000038146973,13.19333267211914,14.729999542236328,2169300,31953788.006973267
2020-05-08 00:00:00,14.539999961853027,15.880000114440918,14.449999809265137,15.553333282470703,2123400,33025947.89199829
2020-05-11 00:00:00,15.609999656677246,18.1200008392334,15.449999809265137,17.946666717529297,2533500,45467880.12886047
2020-05-12 00:00:00,18.333332061767578,19.593332290649414,17.22333335876465,18.683332443237305,3437400,64222086.94038391
2020-05-13 00:00:00,18.766666412353516,18.93666648864746,15.923333168029785,16.760000228881836,2366100,39655836.54155731
2020-05-14 00:00:00,16.07666778564453,20.126667022705078,16.06999969482422,20.010000228881836,3845700,76952457.88021088
2020-05-15 00:00:00,19.0,19.916332244873047,18.48666763305664,19.56999969482422,1750800,34263155.46569824
2020-05-18 00:00:00,20.399999618530273,21.31999969482422,19.551332473754883,21.203332901000977,1716000,36384919.258117676
2020-05-19 00:00:00,21.266666412353516,23.083332061767578,21.26333236694336,21.89666748046875,2084400,45641413.69628906
2020-05-20 00:00:00,21.90333366394043,22.509666442871094,17.81999969482422,18.360000610351562,4079700,74903294.49005127
2020-05-21 00:00:00,19.316667556762695,20.459999084472656,17.713333129882812,18.166667938232422,2470800,44886203.14178467
2020-05-22 00:00:00,18.40999984741211,18.889999389648438,16.98666763305664,17.623332977294922,1356600,23907813.51699829
2020-05-26 00:00:00,18.99333381652832,20.956666946411133,18.930667877197266,19.733333587646484,2913900,57500960.74104309
2020-05-27 00:00:00,20.003332138061523,20.213333129882812,17.666667938232422,19.719999313354492,1854900,36578626.72634125
2020-05-28 00:00:00,19.633333206176758,20.666667938232422,19.213333129882812,19.549999237060547,917100,17929304.300308228
2020-05-29 00:00:00,19.766666412353516,20.0,18.75,19.93000030517578,1364400,27192492.416381836
2020-06-01 00:00:00,20.003332138061523,22.323333740234375,20.003332138061523,21.299999237060547,1787400,38071618.63632202
2020-06-02 00:00:00,21.31333351135254,21.456666946411133,19.833332061767578,20.303333282470703,1453200,29504803.926086426
2020-06-03 00:00:00,20.433332443237305,21.956666946411133,20.433332443237305,21.69333267211914,1286400,27906303.149414062
2020-06-04 00:00:00,21.696666717529297,21.773332595825195,20.90999984741211,21.700000762939453,731700,15877890.558242798
2020-06-05 00:00:00,21.626667022705078,22.466333389282227,20.523332595825195,20.81333351135254,1371600,28547568.244171143
2020-06-08 00:00:00,20.663333892822266,20.700000762939453,18.520000457763672,18.940000534057617,2596500,49177711.3866806
2020-06-09 00:00:00,18.753332138061523,19.90999984741211,18.553333282470703,19.15333366394043,1137600,21788832.376098633
2020-06-10 00:00:00,19.456666946411133,19.683332443237305,18.600000381469727,19.453332901000977,1288800,25071455.44281006
2020-06-11 00:00:00,18.666667938232422,19.39666748046875,18.206666946411133,18.450000762939453,1449900,26750656.106185913
2020-06-12 00:00:00,18.873332977294922,19.583332061767578,17.94333267211914,18.78333282470703,1093800,20545209.44366455
2020-06-15 00:00:00,17.946666717529297,19.729999542236328,17.73666763305664,19.5,1373400,26781300.0
2020-06-16 00:00:00,19.90999984741211,20.163333892822266,19.22333335876465,19.77666664123535,922500,18243974.97653961
2020-06-17 00:00:00,19.77666664123535,21.46666717529297,19.67333221435547,20.459999084472656,1352700,27676240.761566162
2020-06-18 00:00:00,20.39666748046875,21.459999084472656,19.93000030517578,20.386667251586914,898800,18323536.52572632
2020-06-19 00:00:00,20.760000228881836,21.43666648864746,19.976667404174805,20.143333435058594,920700,18545967.093658447
2020-06-22 00:00:00,19.700000762939453,19.843332290649414,19.06333351135254,19.200000762939453,1282200,24618240.978240967
2020-06-23 00:00:00,19.78333282470703,21.65999984741211,19.78333282470703,20.613332748413086,1656600,34148047.03102112
2020-06-24 00:00:00,20.53333282470703,21.299999237060547,20.00666618347168,21.18666648864746,1099800,23301095.804214478
2020-06-25 00:00:00,21.183332443237305,21.290000915527344,20.393333435058594,21.066667556762695,771000,16242400.686264038
2020-06-26 00:00:00,21.133333206176758,21.166667938232422,19.8700008392334,20.22333335876465,680700,13766023.017311096
2020-06-29 00:00:00,20.40999984741211,20.40999984741211,18.74333381652832,19.333332061767578,1129500,21836998.56376648
2020-06-30 00:00:00,19.503332138061523,20.959999084472656,19.073333740234375,20.786666870117188,1322100,27482052.268981934
2020-07-01 00:00:00,20.920000076293945,22.163333892822266,19.73699951171875,20.21666717529297,1238100,25030255.629730225
2020-07-02 00:00:00,21.323333740234375,22.73666763305664,21.156667709350586,21.963333129882812,2438400,53555391.50390625
2020-07-06 00:00:00,23.623332977294922,27.933000564575195,23.59000015258789,26.946666717529297,4420500,119117740.22483826
2020-07-07 00:00:00,26.463333129882812,26.562332153320312,24.248332977294922,24.520000457763672,2291100,56177773.04878235
2020-07-08 00:00:00,26.71666717529297,27.546667098999023,25.950332641601562,27.333332061767578,1578600,43148397.9927063
2020-07-09 00:00:00,27.696666717529297,29.110000610351562,27.43666648864746,28.700000762939453,1929900,55388131.47239685
2020-07-10 00:00:00,28.65333366394043,28.803333282470703,26.606666564941406,27.209999084472656,2532300,68903880.6816101
2020-07-13 00:00:00,27.709999084472656,29.889999389648438,27.3700008392334,27.84000015258789,2402700,66891168.366622925
2020-07-14 00:00:00,27.866666793823242,30.459999084472656,27.582666397094727,30.253332138061523,2370000,71700397.16720581
2020-07-15 00:00:00,29.72333335876465,29.74333381652832,26.793333053588867,27.963333129882812,3170100,88646562.3550415
2020-07-16 00:00:00,25.06999969482422,26.43666648864746,24.770000457763672,25.536666870117188,2427600,61992812.493896484
2020-07-17 00:00:00,26.350000381469727,26.64666748046875,25.753332138061523,26.336666107177734,1197600,31540791.329956055
2020-07-20 00:00:00,26.376667022705078,29.0,26.350000381469727,28.770000457763672,1315200,37838304.60205078
2020-07-21 00:00:00,29.06333351135254,29.816667556762695,28.036666870117188,29.246667861938477,1041600,30463329.244995117
2020-07-22 00:00:00,29.0,30.023332595825195,28.633333206176758,29.639999389648438,811200,24043967.504882812
2020-07-23 00:00:00,29.739999771118164,31.163333892822266,28.940000534057617,29.246667861938477,1262100,36912219.50855255
2020-07-24 00:00:00,28.376667022705078,28.73666763305664,26.203332901000977,28.34000015258789,1325400,37561836.20223999
2020-07-27 00:00:00,29.100000381469727,30.366666793823242,27.753332138061523,28.09666633605957,1624200,45634605.463027954
2020-07-28 00:00:00,28.06999969482422,29.296667098999023,27.913333892822266,28.42333221435547,520800,14802871.417236328
2020-07-29 00:00:00,28.273332595825195,29.889999389648438,27.899999618530273,29.760000228881836,678000,20177280.155181885
2020-07-30 00:00:00,29.643333435058594,30.933332443237305,28.85333251953125,30.760000228881836,577500,17763900.13217926
2020-07-31 00:00:00,31.0,32.1966667175293,30.586666107177734,31.979999542236328,1240200,39661595.432281494
2020-08-03 00:00:00,32.93000030517578,36.189998626708984,32.83333206176758,35.849998474121094,1654200,59303067.47589111
2020-08-04 00:00:00,35.75566864013672,36.66666793823242,35.19933319091797,35.883331298828125,1901400,68228566.1315918
2020-08-05 00:00:00,36.349998474121094,37.33333206176758,34.39666748046875,35.97999954223633,1389900,50008601.36375427
2020-08-06 00:00:00,34.93333435058594,37.956668853759766,34.54999923706055,37.43000030517578,1314000,49183020.40100098
2020-08-07 00:00:00,36.663333892822266,36.85333251953125,33.26333236694336,33.973331451416016,1847100,62752140.52391052
2020-08-10 00:00:00,34.383331298828125,35.25666809082031,32.02000045776367,33.39666748046875,1117500,37320775.90942383
2020-08-11 00:00:00,32.526668548583984,33.961666107177734,32.33333206176758,32.75666809082031,937800,30719203.33557129
2020-08-12 00:00:00,32.956668853759766,35.3033332824707,32.16666793823242,35.133331298828125,910800,31999438.146972656
2020-08-13 00:00:00,35.366668701171875,35.996665954589844,34.3466682434082,34.92333221435547,467700,16333642.476654053
2020-08-14 00:00:00,35.086666107177734,35.65666580200195,34.37333297729492,34.869998931884766,519300,18107990.44532776
2020-08-17 00:00:00,35.47666549682617,35.97999954223633,34.459999084472656,35.54666519165039,848100,30147126.749038696
2020-08-18 00:00:00,35.633331298828125,35.66666793823242,34.16666793823242,34.9466667175293,734400,25664832.037353516
2020-08-19 00:00:00,34.689998626708984,34.689998626708984,32.66666793823242,33.1966667175293,1246800,41389604.06341553
2020-08-20 00:00:00,33.133331298828125,33.133331298828125,31.808666229248047,32.456668853759766,917700,29785485.007095337
2020-08-21 00:00:00,32.143333435058594,32.3033332824707,31.663333892822266,32.05666732788086,719400,23061566.47567749
2020-08-24 00:00:00,32.66666793823242,32.9900016784668,31.28333282470703,31.78333282470703,676200,21491889.656066895
2020-08-25 00:00:00,31.666667938232422,32.6533317565918,31.553333282470703,32.63666534423828,623100,20335906.175994873
2020-08-26 00:00:00,32.63666534423828,32.95333480834961,31.610000610351562,32.016666412353516,536700,17183344.86351013
2020-08-27 00:00:00,32.02000045776367,32.02333450317383,30.0,30.280000686645508,1090800,33029424.74899292
2020-08-28 00:00:00,30.229999542236328,30.799999237060547,30.003332138061523,30.663333892822266,753900,23117087.421798706
2020-08-31 00:00:00,30.706666946411133,31.093332290649414,29.166667938232422,29.60333251953125,805800,23854365.34423828
2020-09-01 00:00:00,29.770000457763672,30.219999313354492,29.233333587646484,30.163333892822266,663900,20025437.371444702
2020-09-02 00:00:00,30.666667938232422,31.959999084472656,29.78333282470703,31.74333381652832,881400,27978574.42588806
2020-09-03 00:00:00,31.0,31.25,27.266666412353516,28.003332138061523,1442700,40400407.27558136
2020-09-04 00:00:00,27.336666107177734,27.89666748046875,25.333332061767578,27.356666564941406,1313700,35938452.866363525
2020-09-08 00:00:00,23.332332611083984,23.332332611083984,19.476667404174805,19.656667709350586,4992900,98143776.20601654
2020-09-09 00:00:00,20.003332138061523,21.44499969482422,19.343332290649414,20.02666664123535,2723100,54534615.930747986
2020-09-10 00:00:00,20.350000381469727,20.976667404174805,19.766666412353516,20.219999313354492,1669200,33751222.85385132
2020-09-11 00:00:00,21.440000534057617,23.366666793823242,21.360000610351562,22.1200008392334,2983200,65988386.503601074
2020-09-14 00:00:00,22.53333282470703,24.246667861938477,21.851667404174805,23.586666107177734,1534800,36200815.14129639
2020-09-15 00:00:00,24.010000228881836,24.6299991607666,23.586666107177734,23.790000915527344,820500,19519695.751190186
2020-09-16 00:00:00,23.976667404174805,24.59000015258789,23.60333251953125,23.706666946411133,707700,16777208.197975159
2020-09-17 00:00:00,22.696666717529297,23.796667098999023,22.22333335876465,23.450000762939453,1363800,31981111.040496826
2020-09-18 00:00:00,24.15333366394043,24.496667861938477,23.520000457763672,24.280000686645508,1126500,27351420.773506165
2020-09-21 00:00:00,23.496667861938477,24.25,23.123332977294922,24.059999465942383,861000,20715659.54017639
2020-09-22 00:00:00,24.226667404174805,24.226667404174805,22.606666564941406,23.293333053588867,627300,14611907.824516296
2020-09-23 00:00:00,23.260000228881836,23.583332061767578,22.52666664123535,22.616666793823242,874500,19778275.111198425
2020-09-24 00:00:00,22.28333282470703,23.36833381652832,21.906667709350586,22.996667861938477,786900,18096077.940559387
2020-09-25 00:00:00,22.996667861938477,23.356666564941406,22.5,23.286666870117188,505500,11771410.102844238
2020-09-28 00:00:00,22.93666648864746,23.323333740234375,22.27666664123535,22.773332595825195,797700,18166287.41168976
2020-09-29 00:00:00,22.360000610351562,23.35333251953125,22.360000610351562,23.31333351135254,549600,12813008.097839355
2020-09-30 00:00:00,23.940000534057617,24.316667556762695,22.933332443237305,23.03333282470703,702300,16176309.642791748
2020-10-01 00:00:00,23.510000228881836,25.56333351135254,23.333332061767578,25.126667022705078,1118400,28101664.39819336
2020-10-02 00:00:00,23.836666107177734,24.770000457763672,23.56333351135254,24.333332061767578,888600,21622598.87008667
2020-10-05 00:00:00,24.643333435058594,25.71666717529297,24.59000015258789,25.30666732788086,976200,24704368.645477295
2020-10-06 00:00:00,25.333332061767578,25.5,23.386667251586914,23.406667709350586,1397100,32701455.456733704
2020-10-07 00:00:00,23.90333366394043,25.059999465942383,23.696666717529297,23.959999084472656,1061700,25438331.02798462
2020-10-08 00:00:00,22.504667282104492,23.67333221435547,22.07666778564453,23.59666633605957,1645800,38835393.45588684
2020-10-09 00:00:00,23.829999923706055,25.309999465942383,23.670000076293945,25.149999618530273,1037700,26098154.604148865
2020-10-12 00:00:00,25.5,27.55666732788086,25.488332748413086,25.93000030517578,1892100,49062153.577423096
2020-10-13 00:00:00,25.89666748046875,26.523332595825195,24.93666648864746,25.99333381652832,716400,18621624.34616089
2020-10-14 00:00:00,25.149999618530273,25.666667938232422,24.100000381469727,24.709999084472656,1115100,27554119.97909546
2020-10-15 00:00:00,24.293333053588867,25.413333892822266,23.8799991607666,25.14666748046875,774900,19486152.630615234
2020-10-16 00:00:00,25.496667861938477,25.496667861938477,24.333332061767578,25.200000762939453,530100,13358520.404434204
2020-10-19 00:00:00,25.10333251953125,25.60333251953125,23.959999084472656,24.043333053588867,624600,15017465.825271606
2020-10-20 00:00:00,24.09000015258789,24.969999313354492,24.09000015258789,24.440000534057617,449700,10990668.24016571
2020-10-21 00:00:00,24.50666618347168,24.656667709350586,23.113332748413086,23.26333236694336,416400,9686851.597595215
2020-10-22 00:00:00,23.23666763305664,23.29833221435547,21.836666107177734,22.31333351135254,1017600,22706048.181152344
2020-10-23 00:00:00,22.47333335876465,22.833332061767578,22.18000030517578,22.656667709350586,378900,8584611.395072937
2020-10-26 00:00:00,22.336666107177734,23.299999237060547,22.266666412353516,22.8700008392334,419100,9584817.351722717
2020-10-27 00:00:00,23.510000228881836,23.510000228881836,22.350000381469727,23.09666633605957,601500,13892644.801139832
2020-10-28 00:00:00,22.633333206176758,24.65999984741211,22.420000076293945,24.273332595825195,963600,23389783.28933716
2020-10-29 00:00:00,24.34666633605957,25.296667098999023,23.73033332824707,25.163333892822266,654000,16456820.365905762
2020-10-30 00:00:00,24.80666732788086,25.100000381469727,23.136667251586914,23.456666946411133,1047000,24559130.292892456
2020-11-02 00:00:00,23.766666412353516,25.093332290649414,23.666667938232422,25.040000915527344,611400,15309456.559753418
2020-11-03 00:00:00,25.586666107177734,26.81333351135254,24.799999237060547,26.65333366394043,985500,26266860.325813293
2020-11-04 00:00:00,26.860000610351562,30.666667938232422,26.816333770751953,30.333332061767578,1679700,50950897.864151
2020-11-05 00:00:00,31.036666870117188,32.163333892822266,30.18000030517578,31.333332061767578,1637100,51295797.9183197
2020-11-06 00:00:00,29.729999542236328,30.77666664123535,28.366666793823242,30.453332901000977,1152000,35082239.501953125
2020-11-09 00:00:00,31.790000915527344,32.65666580200195,30.44333267211914,30.566667556762695,1071600,32755240.953826904
2020-11-10 00:00:00,30.26333236694336,30.594999313354492,27.7450008392334,27.836666107177734,855600,23817051.52130127
2020-11-11 00:00:00,28.406667709350586,30.360000610351562,28.3799991607666,30.15999984741211,584700,17634551.91078186
2020-11-12 00:00:00,30.0,30.329999923706055,28.5,28.899999618530273,556800,16091519.787597656
2020-11-13 00:00:00,29.52666664123535,29.573333740234375,28.00666618347168,28.133333206176758,652500,18356999.917030334
2020-11-16 00:00:00,28.139999389648438,28.448333740234375,27.030000686645508,27.273332595825195,605700,16519457.55329132
2020-11-17 00:00:00,27.299999237060547,27.456666946411133,24.516666412353516,25.93000030517578,1043400,27055362.31842041
2020-11-18 00:00:00,25.873332977294922,26.03733253479004,24.290000915527344,24.920000076293945,906900,22599948.06919098
2020-11-19 00:00:00,24.953332901000977,25.969999313354492,24.17333221435547,25.316667556762695,696000,17620400.619506836
2020-11-20 00:00:00,25.453332901000977,26.549999237060547,24.968332290649414,25.07666778564453,562800,14113148.629760742
2020-11-23 00:00:00,25.200000762939453,25.413333892822266,24.363332748413086,24.8700008392334,340200,8460774.285507202
2020-11-24 00:00:00,25.10333251953125,25.17333221435547,24.426666259765625,24.586666107177734,369300,9079855.793380737
2020-11-25 00:00:00,24.666667938232422,25.863332748413086,23.77666664123535,25.683332443237305,754800,19385779.328155518
2020-11-27 00:00:00,26.166667938232422,28.203332901000977,25.808000564575195,27.906667709350586,837300,23366252.873039246
2020-11-30 00:00:00,27.628332138061523,28.48666763305664,26.299999237060547,27.540000915527344,698700,19242198.639678955
2020-12-01 00:00:00,27.53333282470703,28.28333282470703,26.687999725341797,27.956666946411133,584700,16346263.16356659
2020-12-02 00:00:00,27.72333335876465,27.72333335876465,26.739999771118164,27.18000030517578,472200,12834396.144104004
2020-12-03 00:00:00,27.549999237060547,27.78333282470703,26.920000076293945,27.03333282470703,583200,15765839.70336914
2020-12-04 00:00:00,27.116666793823242,27.386667251586914,25.010000228881836,25.90999984741211,966900,25052378.85246277
2020-12-07 00:00:00,26.333332061767578,28.139999389648438,26.094999313354492,28.043333053588867,805800,22597317.77458191
2020-12-08 00:00:00,27.803333282470703,28.0,26.916667938232422,27.123332977294922,631200,17120247.775268555
2020-12-09 00:00:00,27.0,27.02666664123535,24.5,24.57666778564453,687600,16898916.76940918
2020-12-10 00:00:00,24.51333236694336,25.18000030517578,24.086666107177734,24.399999618530273,657000,16030799.74937439
2020-12-11 00:00:00,24.440000534057617,24.836666107177734,23.606000900268555,23.99333381652832,445500,10689030.215263367
2020-12-14 00:00:00,23.96666717529297,25.030000686645508,23.96666717529297,24.586666107177734,526500,12944879.705429077
2020-12-15 00:00:00,25.149999618530273,25.49333381652832,24.573333740234375,25.043333053588867,633900,15874968.822669983
2020-12-16 00:00:00,25.156667709350586,25.285999298095703,23.899999618530273,24.833332061767578,384000,9535999.51171875
2020-12-17 00:00:00,24.366666793823242,25.059999465942383,24.170000076293945,24.790000915527344,386400,9578856.353759766
2020-12-18 00:00:00,24.706666946411133,25.376667022705078,24.64666748046875,24.823333740234375,1239300,30763557.50427246
2020-12-21 00:00:00,24.81333351135254,25.166667938232422,24.166667938232422,24.996667861938477,843000,21072191.007614136
2020-12-22 00:00:00,25.0,25.73466682434082,24.270000457763672,24.360000610351562,389400,9485784.237670898
2020-12-23 00:00:00,24.633333206176758,24.72333335876465,22.42733383178711,23.309999465942383,1366500,31853114.270210266
2020-12-24 00:00:00,23.433332443237305,23.463333129882812,22.5,23.22333335876465,363000,8430070.009231567
2020-12-28 00:00:00,23.663333892822266,23.663333892822266,22.15333366394043,22.843332290649414,760500,17372354.20703888
2020-12-29 00:00:00,22.883333206176758,23.329999923706055,22.24333381652832,22.389999389648438,533400,11942825.674438477
2020-12-30 00:00:00,23.149999618530273,27.926666259765625,22.969999313354492,26.933332443237305,2874300,77414477.44159698
2020-12-31 00:00:00,27.5,27.916667938232422,25.94333267211914,27.083332061767578,860700,23310623.905563354
2021-01-04 00:00:00,27.21666717529297,31.149999618530273,27.196666717529297,29.843332290649414,1781100,53153959.14287567
2021-01-05 00:00:00,29.913333892822266,31.375,28.975332260131836,29.99333381652832,951000,28523660.459518433
2021-01-06 00:00:00,30.78333282470703,33.563331604003906,29.48666763305664,33.40666580200195,2561700,85577855.7849884
2021-01-07 00:00:00,33.50666809082031,33.66666793823242,31.934999465942383,33.41666793823242,2130300,71187527.70881653
2021-01-08 00:00:00,34.02333450317383,34.70000076293945,33.336666107177734,34.586666107177734,1468500,50790519.1783905
2021-01-11 00:00:00,34.016666412353516,34.753334045410156,33.65433120727539,34.276668548583984,600000,20566001.12915039
2021-01-12 00:00:00,34.0,34.143333435058594,32.823333740234375,33.33000183105469,579600,19318069.061279297
2021-01-13 00:00:00,33.41999816894531,33.70833206176758,31.426666259765625,32.290000915527344,488100,15760749.446868896
2021-01-14 00:00:00,32.33333206176758,34.27333450317383,32.33000183105469,33.90666580200195,771000,26142039.333343506
2021-01-15 00:00:00,33.74333190917969,33.74333190917969,31.363332748413086,31.53333282470703,1062000,33488399.459838867
2021-01-19 00:00:00,32.310001373291016,35.0,32.28666687011719,34.90666580200195,2322600,81074221.99172974
2021-01-20 00:00:00,35.08333206176758,35.76333236694336,33.84000015258789,34.836666107177734,832800,29011975.534057617
2021-01-21 00:00:00,35.0,35.168331146240234,31.213333129882812,33.086666107177734,1068000,35336559.40246582
2021-01-22 00:00:00,33.03666687011719,34.29666519165039,32.4466667175293,32.53333282470703,434400,14132479.779052734
2021-01-25 00:00:00,34.25,35.3033332824707,33.17333221435547,33.48666763305664,717600,24030032.693481445
2021-01-26 00:00:00,33.58000183105469,33.58000183105469,30.886667251586914,31.350000381469727,636600,19957410.242843628
2021-01-27 00:00:00,30.206666946411133,32.07666778564453,28.99333381652832,30.40333366394043,958200,29132474.31678772
2021-01-28 00:00:00,30.333332061767578,31.003332138061523,29.196666717529297,30.57666778564453,495900,15162969.554901123
2021-01-29 00:00:00,30.549999237060547,30.549999237060547,28.856666564941406,30.0,635700,19071000.0
2021-02-01 00:00:00,30.583332061767578,32.2400016784668,30.583332061767578,31.933332443237305,789900,25224139.296913147
2021-02-02 00:00:00,32.473331451416016,33.253334045410156,31.990333557128906,32.939998626708984,797100,26256472.90534973
2021-02-03 00:00:00,33.20000076293945,33.563331604003906,31.946666717529297,32.900001525878906,351600,11567640.536499023
2021-02-04 00:00:00,33.0966682434082,33.939998626708984,32.366668701171875,33.00666809082031,608700,20091158.866882324
2021-02-05 00:00:00,32.96666717529297,33.599998474121094,32.12333297729492,32.74333190917969,660000,21610599.060058594
2021-02-08 00:00:00,32.90999984741211,35.793331146240234,32.90999984741211,35.41666793823242,1363500,48290626.73377991
2021-02-09 00:00:00,35.11333465576172,36.66666793823242,34.336666107177734,36.06666564941406,1192500,43009498.78692627
2021-02-10 00:00:00,36.15666580200195,37.313331604003906,34.84333419799805,36.4033317565918,987300,35941009.44328308
2021-02-11 00:00:00,37.266666412353516,39.94333267211914,37.1966667175293,39.813331604003906,1272600,50666445.79925537
2021-02-12 00:00:00,39.74333190917969,46.766666412353516,39.43333435058594,45.07666778564453,2804400,126413007.13806152
2021-02-16 00:00:00,46.66666793823242,48.26900100708008,45.66666793823242,46.65999984741211,1149900,53654333.824539185
2021-02-17 00:00:00,45.313331604003906,46.293331146240234,42.97666549682617,45.4900016784668,966000,43943341.621398926
2021-02-18 00:00:00,43.883331298828125,43.93000030517578,39.393333435058594,39.676666259765625,1503300,59645932.388305664
2021-02-19 00:00:00,41.65666580200195,43.09333419799805,40.436668395996094,41.186668395996094,733800,30222777.268981934
2021-02-22 00:00:00,40.07666778564453,40.7599983215332,37.063331604003906,37.32666778564453,849000,31690340.950012207
2021-02-23 00:00:00,36.02000045776367,37.58333206176758,33.37666702270508,35.84000015258789,1112400,39868416.16973877
2021-02-24 00:00:00,37.496665954589844,43.116668701171875,35.80666732788086,42.73666763305664,1352700,57809890.30723572
2021-02-25 00:00:00,41.733333587646484,41.755001068115234,35.706668853759766,36.41666793823242,1205700,43907576.53312683
2021-02-26 00:00:00,37.56999969482422,38.23666763305664,32.310001373291016,32.38666534423828,1260600,40826630.33294678
2021-03-01 00:00:00,34.9033317565918,36.19333267211914,33.599998474121094,35.89666748046875,1220400,43808292.99316406
2021-03-02 00:00:00,34.246665954589844,34.5,31.373332977294922,31.606666564941406,2244900,70953805.77163696
2021-03-03 00:00:00,31.59666633605957,32.106666564941406,30.39666748046875,30.876667022705078,939600,29011716.33453369
2021-03-04 00:00:00,30.553333282470703,30.889999389648438,27.5,28.899999618530273,1593600,46055039.392089844
2021-03-05 00:00:00,29.72333335876465,30.5,26.700000762939453,29.366666793823242,1073100,31513370.13645172
2021-03-08 00:00:00,28.536666870117188,29.958332061767578,26.74333381652832,27.073333740234375,1342800,36354072.54638672
2021-03-09 00:00:00,28.953332901000977,31.083332061767578,28.933332443237305,30.113332748413086,1009200,30390375.409698486
2021-03-10 00:00:00,30.90999984741211,31.696666717529297,28.71666717529297,29.09666633605957,928500,27016254.69303131
2021-03-11 00:00:00,31.43666648864746,33.25666809082031,31.35333251953125,32.349998474121094,1329900,43022262.97073364
2021-03-12 00:00:00,30.766666412353516,30.893333435058594,28.666667938232422,30.540000915527344,976200,29813148.893737793
2021-03-15 00:00:00,30.6200008392334,31.850000381469727,30.073333740234375,31.40333366394043,459000,14414130.151748657
2021-03-16 00:00:00,31.696666717529297,32.62333297729492,30.770000457763672,31.053333282470703,455400,14141687.976837158
2021-03-17 00:00:00,30.40333366394043,32.30666732788086,29.34666633605957,31.84000015258789,607500,19342800.092697144
2021-03-18 00:00:00,31.366666793823242,31.666667938232422,29.770000457763672,29.84666633605957,1050900,31365861.652565002
2021-03-19 00:00:00,31.579999923706055,31.579999923706055,28.81999969482422,30.24333381652832,1174800,35529868.56765747
2021-03-22 00:00:00,30.98666763305664,31.99333381652832,30.420000076293945,31.163333892822266,597300,18613859.33418274
2021-03-23 00:00:00,30.92333221435547,31.82666778564453,29.833332061767578,30.166667938232422,852000,25702001.083374023
2021-03-24 00:00:00,30.523332595825195,31.299999237060547,27.666667938232422,27.899999618530273,976500,27244349.627494812
2021-03-25 00:00:00,27.336666107177734,28.113332748413086,26.046667098999023,28.0,1045500,29274000.0
2021-03-26 00:00:00,28.046667098999023,28.670000076293945,26.399999618530273,27.786666870117188,691800,19222816.14074707
2021-03-29 00:00:00,26.21666717529297,27.333332061767578,25.0,26.10333251953125,1473600,38465870.80078125
2021-03-30 00:00:00,26.22333335876465,26.59666633605957,25.450000762939453,26.3700008392334,568800,14999256.477355957
2021-03-31 00:00:00,27.1200008392334,27.856666564941406,26.799999237060547,26.93000030517578,862200,23219046.26312256
2021-04-01 00:00:00,28.333332061767578,31.200000762939453,28.296667098999023,30.02666664123535,1440900,43265423.96335602
2021-04-05 00:00:00,30.906667709350586,30.906667709350586,29.5,29.876667022705078,565200,16886292.20123291
2021-04-06 00:00:00,29.75,30.666667938232422,29.200000762939453,29.666667938232422,572400,16981200.72784424
2021-04-07 00:00:00,29.336666107177734,29.916667938232422,29.170000076293945,29.3799991607666,467700,13741025.60749054
2021-04-08 00:00:00,30.040000915527344,30.040000915527344,29.246667861938477,29.649999618530273,424200,12577529.838180542
2021-04-09 00:00:00,29.02666664123535,29.350000381469727,28.469999313354492,29.286666870117188,449100,13152642.091369629
2021-04-12 00:00:00,29.333332061767578,29.333332061767578,26.670000076293945,27.139999389648438,938700,25476317.42706299
2021-04-13 00:00:00,27.456666946411133,27.90333366394043,26.203332901000977,26.860000610351562,635700,17074902.38800049
2021-04-14 00:00:00,27.3799991607666,27.963333129882812,26.761667251586914,27.239999771118164,533400,14529815.877914429
2021-04-15 00:00:00,27.59000015258789,27.954666137695312,26.766666412353516,27.183332443237305,434400,11808439.613342285
2021-04-16 00:00:00,27.270000457763672,27.510000228881836,26.0,26.059999465942383,694200,18090851.629257202
2021-04-19 00:00:00,26.0,26.30233383178711,24.649999618530273,25.03333282470703,773700,19368289.60647583
2021-04-20 00:00:00,25.0,25.166667938232422,24.0,24.503332138061523,881700,21604587.946128845
2021-04-21 00:00:00,24.35333251953125,26.57666778564453,24.250667572021484,26.399999618530273,831900,21962159.682655334
2021-04-22 00:00:00,26.51333236694336,27.815000534057617,25.833332061767578,27.52666664123535,1503900,41397353.961753845
2021-04-23 00:00:00,27.796667098999023,28.183332443237305,27.166667938232422,27.463333129882812,456000,12523279.907226562
2021-04-26 00:00:00,27.226667404174805,28.663333892822266,27.1299991607666,28.30666732788086,608400,17221776.402282715
2021-04-27 00:00:00,28.663333892822266,28.886667251586914,27.926666259765625,28.356666564941406,775200,21982087.921142578
2021-04-28 00:00:00,28.086666107177734,28.433332443237305,27.540000915527344,28.046667098999023,419700,11771186.18144989
2021-04-29 00:00:00,28.530000686645508,28.530000686645508,26.40999984741211,26.666667938232422,552600,14736000.702667236
2021-04-30 00:00:00,26.100000381469727,27.239999771118164,26.03333282470703,26.316667556762695,615000,16184750.547409058
2021-05-03 00:00:00,26.549999237060547,26.666667938232422,25.52666664123535,25.989999771118164,393000,10214069.910049438
2021-05-04 00:00:00,25.34666633605957,25.540000915527344,24.183332443237305,24.860000610351562,863700,21471582.527160645
2021-05-05 00:00:00,25.413333892822266,25.946666717529297,24.833332061767578,24.90333366394043,1116900,27814533.369255066
2021-05-06 00:00:00,24.700000762939453,25.253332138061523,24.03333282470703,25.10333251953125,950700,23865738.22631836
2021-05-07 00:00:00,25.46666717529297,26.573333740234375,24.975000381469727,25.356666564941406,755100,19146818.923187256
2021-05-10 00:00:00,25.023332595825195,25.03066635131836,22.31833267211914,22.393333435058594,1869900,41873294.190216064
2021-05-11 00:00:00,21.066667556762695,22.469999313354492,20.843332290649414,22.233333587646484,1947300,43294970.495224
2021-05-12 00:00:00,21.746667861938477,22.406667709350586,20.96666717529297,21.42333221435547,1533600,32854822.283935547
2021-05-13 00:00:00,22.0,22.625,21.0,21.516666412353516,768900,16544164.804458618
2021-05-14 00:00:00,21.836666107177734,21.996667861938477,21.21666717529297,21.613332748413086,753000,16274839.559555054
2021-05-17 00:00:00,21.363332748413086,21.583332061767578,20.670000076293945,21.450000762939453,598800,12844260.456848145
2021-05-18 00:00:00,21.5,22.363332748413086,21.18666648864746,21.520000457763672,691200,14874624.31640625
2021-05-19 00:00:00,21.053333282470703,21.43000030517578,20.280000686645508,21.40999984741211,1557600,33348215.7623291
2021-05-20 00:00:00,21.796667098999023,23.133333206176758,21.626667022705078,22.65333366394043,737700,16711364.243888855
2021-05-21 00:00:00,22.963333129882812,22.963333129882812,21.80666732788086,22.06333351135254,491100,10835303.087425232
2021-05-24 00:00:00,22.28333282470703,23.266666412353516,21.946666717529297,22.8700008392334,592200,13543614.496994019
2021-05-25 00:00:00,23.416667938232422,23.459999084472656,22.626667022705078,22.656667709350586,372900,8448671.388816833
2021-05-26 00:00:00,22.979999542236328,23.516666412353516,22.786666870117188,23.14666748046875,825600,19109888.671875
2021-05-27 00:00:00,23.600000381469727,26.09000015258789,23.406667709350586,25.71666717529297,1343100,34540055.68313599
2021-05-28 00:00:00,25.46666717529297,26.200000762939453,24.950000762939453,25.32666778564453,639600,16198936.715698242
2021-06-01 00:00:00,25.709999084472656,27.040000915527344,25.566667556762695,26.19333267211914,962400,25208463.36364746
2021-06-02 00:00:00,26.166667938232422,26.59000015258789,25.626667022705078,26.5,681000,18046500.0
2021-06-03 00:00:00,25.926666259765625,26.373332977294922,24.886667251586914,25.926666259765625,778200,20176131.68334961
2021-06-04 00:00:00,26.280000686645508,28.65999984741211,26.280000686645508,27.983333587646484,1020900,28568185.259628296
2021-06-07 00:00:00,27.60333251953125,28.251667022705078,26.5,26.98666763305664,729600,19689472.705078125
2021-06-08 00:00:00,27.376667022705078,27.593332290649414,26.43666648864746,26.93000030517578,483600,13023348.147583008
2021-06-09 00:00:00,27.190000534057617,27.356666564941406,26.35333251953125,26.979999542236328,553500,14933429.746627808
2021-06-10 00:00:00,27.26333236694336,28.41900062561035,26.76333236694336,28.079999923706055,705300,19804823.94618988
2021-06-11 00:00:00,28.116666793823242,29.6299991607666,27.663333892822266,29.59000015258789,1273200,37673988.1942749
2021-06-14 00:00:00,29.666667938232422,32.33333206176758,29.363332748413086,32.133331298828125,1485900,47746916.97692871
2021-06-15 00:00:00,31.666667938232422,33.33333206176758,31.336666107177734,32.143333435058594,1400100,45003881.14242554
2021-06-16 00:00:00,32.01333236694336,32.56666564941406,31.040000915527344,31.386667251586914,679800,21336656.397628784
2021-06-17 00:00:00,32.58333206176758,35.62333297729492,32.4033317565918,35.58000183105469,2141700,76201689.92156982
2021-06-18 00:00:00,35.0,36.20000076293945,33.36333465576172,33.91666793823242,1154400,39153401.46789551
2021-06-21 00:00:00,33.93000030517578,33.93000030517578,31.593332290649414,32.34000015258789,1081200,34966008.16497803
2021-06-22 00:00:00,32.90999984741211,34.630001068115234,32.64666748046875,34.186668395996094,870300,29752657.5050354
2021-06-23 00:00:00,34.33333206176758,35.4900016784668,34.0533332824707,34.87333297729492,1375200,47957807.51037598
2021-06-24 00:00:00,35.12333297729492,35.439998626708984,33.49366760253906,34.05666732788086,539100,18359949.35646057
2021-06-25 00:00:00,34.16666793823242,34.59333419799805,33.470001220703125,34.56666564941406,573600,19827439.416503906
2021-06-28 00:00:00,34.983333587646484,36.23966598510742,34.900001525878906,35.540000915527344,375600,13348824.34387207
2021-06-29 00:00:00,35.503334045410156,35.776668548583984,35.02333450317383,35.253334045410156,365700,12892144.260406494
2021-06-30 00:00:00,35.33333206176758,35.663333892822266,33.98833465576172,34.073333740234375,560100,19084474.227905273
2021-07-01 00:00:00,34.176666259765625,34.33333206176758,33.52000045776367,33.96333312988281,371700,12624170.924377441
2021-07-02 00:00:00,34.22999954223633,34.563331604003906,33.17333221435547,33.53666687011719,886500,29730255.180358887
2021-07-06 00:00:00,33.45333480834961,34.106666564941406,31.713666915893555,32.606666564941406,733800,23926771.925354004
2021-07-07 00:00:00,32.456668853759766,33.04666519165039,27.964000701904297,28.07666778564453,2213400,62144896.476745605
2021-07-08 00:00:00,26.666667938232422,28.74333381652832,25.290000915527344,26.433332443237305,2490000,65818997.78366089
2021-07-09 00:00:00,26.893333435058594,27.733333587646484,26.239999771118164,27.583332061767578,608100,16773424.226760864
2021-07-12 00:00:00,27.90999984741211,31.28333282470703,27.851667404174805,30.700000762939453,3017100,92624972.30186462
2021-07-13 00:00:00,30.26333236694336,30.280000686645508,26.629667282104492,27.05666732788086,2338500,63272016.54624939
2021-07-14 00:00:00,27.350000381469727,28.196666717529297,25.976667404174805,26.116666793823242,838800,21906660.106658936
2021-07-15 00:00:00,26.24333381652832,26.60066795349121,25.469999313354492,25.913333892822266,844500,21883810.472488403
2021-07-16 00:00:00,26.170000076293945,26.333332061767578,25.0,25.073333740234375,701700,17593958.28552246
2021-07-19 00:00:00,24.666667938232422,25.906667709350586,24.266666412353516,25.766666412353516,640800,16511279.837036133
2021-07-20 00:00:00,25.866666793823242,26.25666618347168,25.083332061767578,25.496667861938477,606900,15473927.725410461
2021-07-21 00:00:00,25.889999389648438,28.666667938232422,25.889999389648438,28.510000228881836,1428300,40720833.326911926
2021-07-22 00:00:00,29.273332595825195,31.67333221435547,28.719999313354492,29.566667556762695,1792500,52998251.59549713
2021-07-23 00:00:00,29.1299991607666,29.89666748046875,28.020000457763672,29.163333892822266,910800,26561964.50958252
2021-07-26 00:00:00,29.003332138061523,29.98666763305664,27.94333267211914,29.09000015258789,918300,26713347.14012146
2021-07-27 00:00:00,28.75,28.875,26.333332061767578,27.066667556762695,2094000,56677601.863861084
2021-07-28 00:00:00,28.200000762939453,29.60333251953125,28.084999084472656,28.75,906600,26064750.0
2021-07-29 00:00:00,28.876667022705078,30.040000915527344,28.428333282470703,29.53333282470703,567000,16745399.711608887
2021-07-30 00:00:00,28.983333587646484,30.96666717529297,28.983333587646484,30.953332901000977,735300,22759985.682106018
2021-08-02 00:00:00,31.100000381469727,32.12666702270508,30.516666412353516,30.969999313354492,1487100,46055485.978889465
2021-08-03 00:00:00,30.753332138061523,31.406667709350586,29.536666870117188,30.34000015258789,766800,23264712.117004395
2021-08-04 00:00:00,30.543333053588867,32.09000015258789,29.946666717529297,30.106666564941406,2733600,82299583.72192383
2021-08-05 00:00:00,30.136667251586914,30.948333740234375,29.920000076293945,30.703332901000977,2347500,72076073.98509979
2021-08-06 00:00:00,28.969999313354492,30.231666564941406,28.8700008392334,29.386667251586914,1045200,30714944.611358643
2021-08-09 00:00:00,29.413333892822266,31.844999313354492,29.366666793823242,30.559999465942383,1830900,55952303.02219391
2021-08-10 00:00:00,30.666667938232422,30.766666412353516,29.25666618347168,30.016666412353516,634800,19054579.83856201
2021-08-11 00:00:00,30.010000228881836,30.196666717529297,28.049999237060547,28.65999984741211,1206300,34572557.81593323
2021-08-12 00:00:00,28.303333282470703,28.906667709350586,27.893333435058594,28.24333381652832,978000,27621980.472564697
2021-08-13 00:00:00,28.03333282470703,28.483333587646484,27.3700008392334,27.793333053588867,747600,20778295.790863037
2021-08-16 00:00:00,27.413333892822266,27.940000534057617,26.733333587646484,27.786666870117188,1347300,37436976.27410889
2021-08-17 00:00:00,27.566667556762695,27.77666664123535,26.15333366394043,26.989999771118164,1967400,53100125.549697876
2021-08-18 00:00:00,27.333332061767578,28.969999313354492,27.333332061767578,27.72333335876465,1209000,33517510.03074646
2021-08-19 00:00:00,27.233333587646484,28.328332901000977,27.011667251586914,27.969999313354492,728700,20381738.49964142
2021-08-20 00:00:00,28.0,28.332666397094727,27.34000015258789,27.623332977294922,477900,13201190.829849243
2021-08-23 00:00:00,28.0,28.46666717529297,27.540000915527344,28.273332595825195,903000,25530819.33403015
2021-08-24 00:00:00,28.543333053588867,29.76333236694336,28.299999237060547,29.65333366394043,3117600,92447233.03070068
2021-08-25 00:00:00,29.713333129882812,31.39666748046875,29.713333129882812,30.03333282470703,2042400,61340078.96118164
2021-08-26 00:00:00,29.996667861938477,30.996667861938477,29.47333335876465,30.266666412353516,1354200,40987119.65560913
2021-08-27 00:00:00,30.219999313354492,30.498332977294922,29.200000762939453,29.246667861938477,633900,18539462.7576828
2021-08-30 00:00:00,29.456666946411133,29.700000762939453,28.416667938232422,29.393333435058594,474600,13950076.048278809
2021-08-31 00:00:00,29.266666412353516,30.24333381652832,29.176666259765625,29.71666717529297,1170600,34786330.59539795
2021-09-01 00:00:00,29.796667098999023,30.76333236694336,29.53333282470703,29.676666259765625,600300,17814902.755737305
2021-09-02 00:00:00,29.780000686645508,31.38833236694336,29.461666107177734,30.996667861938477,828000,25665240.98968506
2021-09-03 00:00:00,30.843332290649414,31.81333351135254,30.726667404174805,31.52666664123535,690900,21781773.982429504
2021-09-07 00:00:00,31.829999923706055,37.07666778564453,31.829999923706055,35.43333435058594,2791800,98922782.83996582
2021-09-08 00:00:00,35.33333206176758,36.0,34.20333480834961,35.24333190917969,2013600,70965973.13232422
2021-09-09 00:00:00,34.746665954589844,36.20000076293945,34.474998474121094,35.393333435058594,1193700,42249022.12142944
2021-09-10 00:00:00,36.086666107177734,36.663333892822266,35.189998626708984,35.709999084472656,1149300,41041501.947784424
2021-09-13 00:00:00,35.88999938964844,35.89666748046875,33.633331298828125,34.663333892822266,1479600,51287868.827819824
2021-09-14 00:00:00,34.793331146240234,35.1966667175293,33.959999084472656,34.33000183105469,578400,19856473.05908203
2021-09-15 00:00:00,34.2599983215332,34.46666717529297,31.996667861938477,33.62666702270508,1289700,43368312.45918274
2021-09-16 00:00:00,33.62333297729492,34.06666564941406,32.4900016784668,33.9033317565918,559800,18979085.117340088
2021-09-17 00:00:00,33.85333251953125,34.40666580200195,33.33333206176758,34.133331298828125,442500,15103999.099731445
2021-09-20 00:00:00,32.66999816894531,33.54999923706055,32.28333282470703,32.75666809082031,1089900,35701492.55218506
2021-09-21 00:00:00,32.813331604003906,33.45000076293945,32.143333435058594,33.29666519165039,661200,22015755.02471924
2021-09-22 00:00:00,33.55666732788086,34.40999984741211,33.01533126831055,34.086666107177734,426900,14551597.761154175
2021-09-23 00:00:00,34.32666778564453,35.01333236694336,34.08000183105469,35.0,609300,21325500.0
2021-09-24 00:00:00,34.66666793823242,34.85333251953125,32.915000915527344,33.099998474121094,934800,30941878.5736084
2021-09-27 00:00:00,32.90999984741211,36.71666717529297,32.563331604003906,36.223331451416016,1055400,38230104.01382446
2021-09-28 00:00:00,35.56999969482422,35.56999969482422,34.11000061035156,34.790000915527344,771000,26823090.705871582
2021-09-29 00:00:00,35.25,35.5099983215332,34.0,34.5966682434082,1708500,59108407.693862915
2021-09-30 00:00:00,34.81999969482422,37.65666580200195,34.81999969482422,36.66666793823242,2026500,74305002.576828
2021-10-01 00:00:00,36.77000045776367,36.8216667175293,34.46333312988281,35.83000183105469,639900,22927618.171691895
2021-10-04 00:00:00,35.39666748046875,35.543331146240234,34.66666793823242,34.83333206176758,810900,28246348.96888733
2021-10-05 00:00:00,35.06666564941406,39.689998626708984,35.06666564941406,39.233333587646484,1677300,65806070.42655945
2021-10-06 00:00:00,38.31999969482422,39.34000015258789,37.529998779296875,38.32666778564453,633300,24272278.70864868
2021-10-07 00:00:00,38.96666717529297,39.706668853759766,38.08000183105469,38.223331451416016,1039800,39744620.04318237
2021-10-08 00:00:00,38.336666107177734,38.79999923706055,37.08333206176758,37.72666549682617,582000,21956919.319152832
2021-10-11 00:00:00,37.616668701171875,37.70000076293945,33.956668853759766,34.709999084472656,1544700,53616535.58578491
2021-10-12 00:00:00,34.81666564941406,35.063331604003906,33.776668548583984,34.66666793823242,724800,25126400.92163086
2021-10-13 00:00:00,35.2400016784668,35.356666564941406,34.560001373291016,34.856666564941406,434400,15141735.955810547
2021-10-14 00:00:00,35.61000061035156,35.61000061035156,34.29999923706055,34.6966667175293,657000,22795710.033416748
2021-10-15 00:00:00,35.03333282470703,35.959999084472656,34.8033332824707,35.106666564941406,499200,17525247.94921875
2021-10-18 00:00:00,34.970001220703125,35.23233413696289,34.33333206176758,35.130001068115234,522300,18348399.557876587
2021-10-19 00:00:00,36.2599983215332,37.70000076293945,36.03333282470703,37.42333221435547,768300,28752346.140289307
2021-10-20 00:00:00,37.5,37.50666809082031,35.25,35.50666809082031,1215300,43151253.730773926
2021-10-21 00:00:00,35.336666107177734,36.436668395996094,35.016666412353516,35.2400016784668,866100,30521365.453720093
2021-10-22 00:00:00,35.0,36.89666748046875,35.0,35.42333221435547,759300,26896936.150360107
2021-10-25 00:00:00,35.279998779296875,36.23666763305664,35.23500061035156,35.663333892822266,762000,27175460.426330566
2021-10-26 00:00:00,35.94333267211914,36.40999984741211,34.72666549682617,35.4900016784668,1222500,43386527.05192566
2021-10-27 00:00:00,35.060001373291016,35.66666793823242,33.063331604003906,33.4466667175293,1195500,39985490.060806274
2021-10-28 00:00:00,33.956668853759766,35.75433349609375,33.720001220703125,35.28333282470703,668700,23593964.65988159
2021-10-29 00:00:00,35.07666778564453,35.7599983215332,34.77333450317383,35.38999938964844,292200,10340957.821655273
2021-11-01 00:00:00,35.38999938964844,37.11333465576172,34.93333435058594,37.0966682434082,707400,26242183.115386963
2021-11-02 00:00:00,37.290000915527344,37.290000915527344,35.880001068115234,36.290000915527344,355500,12901095.32546997
2021-11-03 00:00:00,36.0,36.233333587646484,35.40666580200195,35.939998626708984,486900,17499185.331344604
2021-11-04 00:00:00,36.369998931884766,36.95933151245117,35.6533317565918,36.21333312988281,438900,15894031.910705566
2021-11-05 00:00:00,36.41999816894531,36.560001373291016,33.0966682434082,34.22999954223633,2465100,84380371.87156677
2021-11-08 00:00:00,35.746665954589844,37.04499816894531,35.366668701171875,35.46666717529297,822000,29153600.41809082
2021-11-09 00:00:00,35.54666519165039,36.33333206176758,34.733333587646484,35.51333236694336,775800,27551243.25027466
2021-11-10 00:00:00,34.676666259765625,35.209999084472656,33.33333206176758,33.89666748046875,780300,26449569.635009766
2021-11-11 00:00:00,34.70000076293945,35.70000076293945,34.50666809082031,35.040000915527344,570600,19993824.522399902
2021-11-12 00:00:00,35.003334045410156,35.586666107177734,34.356666564941406,35.21333312988281,484500,17060859.901428223
2021-11-15 00:00:00,35.66666793823242,37.116668701171875,35.66666793823242,36.76333236694336,705900,25951236.317825317
2021-11-16 00:00:00,36.57033157348633,36.965999603271484,35.336666107177734,35.483333587646484,694200,24632530.17654419
2021-11-17 00:00:00,35.63666534423828,36.369998931884766,33.586666107177734,33.586666107177734,1109100,37250971.379470825
2021-11-18 00:00:00,33.53333282470703,33.53333282470703,30.3700008392334,31.926666259765625,1883700,60140261.23352051
2021-11-19 00:00:00,31.850000381469727,32.7599983215332,31.649999618530273,32.06666564941406,663000,21260199.325561523
2021-11-22 00:00:00,31.666667938232422,32.35333251953125,31.083332061767578,31.286666870117188,1614300,50506066.328430176
2021-11-23 00:00:00,31.0,31.600000381469727,28.296667098999023,29.649999618530273,1596900,47348084.39083099
2021-11-24 00:00:00,29.110000610351562,29.860000610351562,28.34000015258789,29.610000610351562,693900,20546379.42352295
2021-11-26 00:00:00,28.64666748046875,29.36166763305664,28.00666618347168,29.233333587646484,674100,19706190.171432495
2021-11-29 00:00:00,29.68000030517578,30.003332138061523,28.469999313354492,28.856666564941406,663600,19149283.932495117
2021-11-30 00:00:00,28.93000030517578,29.38833236694336,27.636667251586914,29.139999389648438,981300,28595081.40106201
2021-12-01 00:00:00,29.670000076293945,30.00666618347168,27.969999313354492,28.123332977294922,719700,20240362.743759155
2021-12-02 00:00:00,28.479999542236328,28.753332138061523,26.356666564941406,27.190000534057617,1854900,50434731.990623474
2021-12-03 00:00:00,27.333332061767578,27.676666259765625,25.383333206176758,26.229999542236328,3283500,86126203.49693298
2021-12-06 00:00:00,25.623332977294922,25.706666946411133,23.913333892822266,25.5,1289400,32879700.0
2021-12-07 00:00:00,26.356666564941406,27.14900016784668,25.906667709350586,26.040000915527344,807300,21022092.739105225
2021-12-08 00:00:00,26.0,26.996667861938477,25.00666618347168,26.586666107177734,655500,17427559.633255005
2021-12-09 00:00:00,26.65999984741211,27.183332443237305,25.39666748046875,25.739999771118164,566700,14586857.870292664
2021-12-10 00:00:00,26.066667556762695,26.32666778564453,25.209999084472656,25.64666748046875,494400,12679712.40234375
2021-12-13 00:00:00,25.703332901000977,25.913333892822266,24.209999084472656,24.703332901000977,456000,11264719.802856445
2021-12-14 00:00:00,24.25666618347168,24.5,23.44333267211914,24.260000228881836,622200,15094572.142410278
2021-12-15 00:00:00,24.633333206176758,24.93000030517578,22.99333381652832,24.413333892822266,801900,19577052.448654175
2021-12-16 00:00:00,24.883333206176758,25.036666870117188,23.366666793823242,23.67333221435547,562200,13309147.370910645
2021-12-17 00:00:00,24.106666564941406,24.939666748046875,23.53333282470703,24.80666732788086,1547700,38393279.023361206
2021-12-20 00:00:00,24.666667938232422,24.766666412353516,23.24333381652832,23.450000762939453,967200,22680840.73791504
2021-12-21 00:00:00,23.843332290649414,25.058332443237305,23.684999465942383,24.940000534057617,458400,11432496.244812012
2021-12-22 00:00:00,24.73666763305664,25.48933219909668,24.43666648864746,25.23666763305664,355200,8964064.343261719
2021-12-23 00:00:00,25.17333221435547,26.27666664123535,25.17099952697754,25.873332977294922,360000,9314399.871826172
2021-12-27 00:00:00,26.0,26.546667098999023,25.719999313354492,26.433332443237305,434100,11474709.613609314
2021-12-28 00:00:00,26.530000686645508,26.530000686645508,25.786666870117188,26.17333221435547,755100,19763483.155059814
2021-12-29 00:00:00,26.166667938232422,26.915000915527344,25.766666412353516,26.8700008392334,724200,19459254.607772827
2021-12-30 00:00:00,26.793333053588867,28.803333282470703,26.793333053588867,28.386667251586914,878400,24934848.513793945
2021-12-31 00:00:00,28.233333587646484,29.0,28.233333587646484,28.42333221435547,511800,14547061.427307129
2022-01-03 00:00:00,28.833332061767578,30.06999969482422,28.536666870117188,29.82666778564453,478200,14263112.535095215
2022-01-04 00:00:00,29.663333892822266,30.030000686645508,27.1299991607666,28.15999984741211,705900,19878143.892288208
2022-01-05 00:00:00,29.156667709350586,30.530000686645508,26.426666259765625,26.649999618530273,1324800,35305919.494628906
2022-01-06 00:00:00,27.170000076293945,28.666667938232422,26.639999389648438,27.899999618530273,803400,22414859.69352722
2022-01-07 00:00:00,27.860000610351562,28.84666633605957,26.586666107177734,27.333332061767578,726600,19860399.076080322
2022-01-10 00:00:00,26.760000228881836,27.666667938232422,25.706666946411133,27.57666778564453,520800,14361928.582763672
2022-01-11 00:00:00,27.636667251586914,28.26333236694336,26.8799991607666,27.866666793823242,429600,11971520.054626465
2022-01-12 00:00:00,28.333332061767578,28.600000381469727,27.420000076293945,28.253332138061523,387900,10959467.536354065
2022-01-13 00:00:00,28.816667556762695,29.156667709350586,27.656667709350586,27.856666564941406,486600,13555053.950500488
2022-01-14 00:00:00,27.336666107177734,29.860000610351562,27.010000228881836,29.55666732788086,581100,17175379.384231567
2022-01-18 00:00:00,28.696666717529297,28.700000762939453,27.010332107543945,27.163333892822266,779700,21179251.43623352
2022-01-19 00:00:00,27.266666412353516,27.96666717529297,26.73666763305664,27.24333381652832,488100,13297471.235847473
2022-01-20 00:00:00,27.666667938232422,28.083332061767578,26.136667251586914,26.31999969482422,1203900,31686647.632598877
2022-01-21 00:00:00,25.90999984741211,26.579999923706055,24.450000762939453,24.540000915527344,885600,21732624.810791016
2022-01-24 00:00:00,23.670000076293945,24.950000762939453,23.143333435058594,24.823333740234375,785400,19496246.319580078
2022-01-25 00:00:00,24.020000457763672,24.796667098999023,23.389999389648438,24.1299991607666,783600,18908267.34237671
2022-01-26 00:00:00,24.81999969482422,26.323333740234375,24.366666793823242,24.860000610351562,531600,13215576.32446289
2022-01-27 00:00:00,25.19333267211914,25.89666748046875,23.523332595825195,23.676666259765625,486900,11528168.801879883
2022-01-28 00:00:00,23.803333282470703,24.739999771118164,22.833332061767578,24.703332901000977,687900,16993422.70259857
2022-01-31 00:00:00,24.933332443237305,26.75,24.843332290649414,26.549999237060547,454200,12059009.6534729
2022-02-01 00:00:00,26.829999923706055,27.450000762939453,26.139999389648438,27.350000381469727,406200,11109570.154953003
2022-02-02 00:00:00,27.793333053588867,27.793333053588867,26.433332443237305,26.8799991607666,426000,11450879.642486572
2022-02-03 00:00:00,26.03333282470703,26.708332061767578,25.73666763305664,25.80666732788086,1591800,41079053.05252075
2022-02-04 00:00:00,25.80666732788086,26.959999084472656,25.43166732788086,26.649999618530273,374400,9977759.857177734
2022-02-07 00:00:00,26.963333129882812,27.64666748046875,26.549999237060547,26.73666763305664,1939500,51855766.874313354
2022-02-08 00:00:00,26.579999923706055,27.579999923706055,26.579999923706055,27.239999771118164,253500,6905339.941978455
2022-02-09 00:00:00,27.77666664123535,28.918333053588867,27.46666717529297,28.65999984741211,519300,14883137.920761108
2022-02-10 00:00:00,28.079999923706055,29.496667861938477,27.836666107177734,28.093332290649414,873300,24533907.089424133
2022-02-11 00:00:00,28.083332061767578,28.34666633605957,26.290000915527344,26.866666793823242,635400,17071080.080795288
2022-02-14 00:00:00,26.959999084472656,27.616666793823242,26.378332138061523,26.760000228881836,457800,12250728.104782104
2022-02-15 00:00:00,27.57666778564453,28.657333374023438,27.233333587646484,28.280000686645508,1081500,30584820.742607117
2022-02-16 00:00:00,28.093332290649414,28.90333366394043,27.666667938232422,28.623332977294922,420300,12030386.850357056
2022-02-17 00:00:00,28.05666732788086,28.416667938232422,27.196666717529297,27.503332138061523,239700,6592548.713493347
2022-02-18 00:00:00,27.333332061767578,27.459999084472656,26.093332290649414,26.293333053588867,486300,12786447.863960266
2022-02-22 00:00:00,25.453332901000977,26.73666763305664,25.03333282470703,25.889999389648438,1198500,31029164.268493652
2022-02-23 00:00:00,26.040000915527344,27.03333282470703,24.85333251953125,24.85333251953125,807900,20079007.342529297
2022-02-24 00:00:00,23.636667251586914,26.850000381469727,23.433332443237305,26.74333381652832,837000,22384170.404434204
2022-02-25 00:00:00,27.503332138061523,27.59666633605957,26.1299991607666,27.35333251953125,697200,19070743.432617188
2022-02-28 00:00:00,26.780000686645508,27.93000030517578,26.683332443237305,27.47333335876465,593100,16294434.015083313
2022-03-01 00:00:00,27.450000762939453,27.816667556762695,26.666667938232422,27.15333366394043,476100,12927702.157402039
2022-03-02 00:00:00,27.15333366394043,27.73666763305664,26.593332290649414,27.476667404174805,462000,12694220.34072876
2022-03-03 00:00:00,27.583332061767578,27.583332061767578,26.209999084472656,26.586666107177734,480300,12769575.731277466
2022-03-04 00:00:00,26.543333053588867,26.89666748046875,25.1299991607666,25.446666717529297,752400,19146072.038269043
2022-03-07 00:00:00,25.40999984741211,26.260000228881836,25.24333381652832,25.293333053588867,603000,15251879.831314087
2022-03-08 00:00:00,25.510000228881836,27.211666107177734,24.746667861938477,26.786666870117188,506400,13564768.103027344
2022-03-09 00:00:00,27.366666793823242,27.610000610351562,26.663333892822266,27.28333282470703,973200,26552139.505004883
2022-03-10 00:00:00,23.023332595825195,23.083332061767578,19.206666946411133,21.266666412353516,6601200,140385518.32122803
2022-03-11 00:00:00,21.74333381652832,21.904333114624023,18.360000610351562,18.78333282470703,3221400,60508628.36151123
2022-03-14 00:00:00,17.93666648864746,18.100000381469727,14.073332786560059,15.356666564941406,4830900,74186520.50857544
2022-03-15 00:00:00,14.686667442321777,16.229999542236328,14.324666976928711,15.766667366027832,3424800,53997682.39517212
2022-03-16 00:00:00,19.09666633605957,20.166332244873047,17.510000228881836,19.899999618530273,3386400,67389358.70819092
2022-03-17 00:00:00,19.333332061767578,20.266666412353516,19.003332138061523,19.790000915527344,818400,16196136.749267578
2022-03-18 00:00:00,19.683332443237305,21.170000076293945,19.336666107177734,20.600000381469727,743700,15320220.283699036
2022-03-21 00:00:00,20.333332061767578,20.956666946411133,19.546667098999023,19.883333206176758,1266000,25172299.839019775
2022-03-22 00:00:00,20.56333351135254,22.229999542236328,20.350000381469727,21.68000030517578,1747800,37892304.53338623
2022-03-23 00:00:00,21.296667098999023,22.733333587646484,21.136667251586914,22.086666107177734,1392300,30751265.22102356
2022-03-24 00:00:00,23.0,23.0,20.729999542236328,21.809999465942383,816700,17812226.563835144
2022-03-25 00:00:00,21.6299991607666,22.0,20.780000686645508,21.75,679000,14768250.0
2022-03-28 00:00:00,21.559999465942383,22.200000762939453,20.809999465942383,21.530000686645508,543300,11697249.373054504
2022-03-29 00:00:00,22.040000915527344,23.1200008392334,21.920000076293945,23.020000457763672,661100,15218522.302627563
2022-03-30 00:00:00,22.719999313354492,23.149999618530273,21.200000762939453,21.469999313354492,503100,10801556.654548645
2022-03-31 00:00:00,21.540000915527344,21.540000915527344,20.040000915527344,20.690000534057617,1389200,28742548.74191284
2022-04-01 00:00:00,21.34000015258789,22.299999237060547,20.549999237060547,20.780000686645508,735200,15277456.504821777
2022-04-04 00:00:00,21.31999969482422,22.860000610351562,20.90999984741211,22.06999969482422,708700,15641008.783721924
2022-04-05 00:00:00,21.899999618530273,22.0,20.31999969482422,20.549999237060547,2339400,48074668.21517944
2022-04-06 00:00:00,20.049999237060547,20.479999542236328,19.350000381469727,20.25,508200,10291050.0
2022-04-07 00:00:00,20.270000457763672,20.510000228881836,18.360000610351562,19.059999465942383,1002300,19103837.46471405
2022-04-08 00:00:00,18.530000686645508,18.674999237060547,17.549999237060547,17.899999618530273,1469100,26296889.439582825
2022-04-11 00:00:00,17.600000381469727,17.709999084472656,16.959999084472656,17.440000534057617,2585000,45082401.38053894
2022-04-12 00:00:00,17.81999969482422,18.200000762939453,17.0,17.149999618530273,517700,8878554.802513123
2022-04-13 00:00:00,17.309999465942383,17.790000915527344,16.729999542236328,17.139999389648438,470000,8055799.713134766
2022-04-14 00:00:00,17.43000030517578,17.719999313354492,16.31999969482422,16.639999389648438,1369700,22791807.164001465
2022-04-18 00:00:00,16.610000610351562,17.450000762939453,16.46500015258789,16.690000534057617,1062700,17736463.56754303
2022-04-19 00:00:00,16.579999923706055,17.360000610351562,16.579999923706055,17.040000915527344,449500,7659480.411529541
2022-04-20 00:00:00,17.299999237060547,17.389999389648438,16.559999465942383,16.780000686645508,337200,5658216.231536865
2022-04-21 00:00:00,16.969999313354492,17.719999313354492,16.06999969482422,16.309999465942383,406000,6621859.783172607
2022-04-22 00:00:00,16.299999237060547,16.6299991607666,15.569999694824219,15.760000228881836,557200,8781472.127532959
2022-04-25 00:00:00,15.449999809265137,16.079999923706055,15.239999771118164,16.040000915527344,981100,15736844.898223877
2022-04-26 00:00:00,15.819999694824219,16.010000228881836,14.850000381469727,15.050000190734863,1211100,18227055.230998993
2022-04-27 00:00:00,14.630000114440918,15.539999961853027,14.630000114440918,14.710000038146973,871800,12824178.03325653
2022-04-28 00:00:00,14.970000267028809,15.59000015258789,14.380000114440918,15.3100004196167,489500,7494245.205402374
2022-04-29 00:00:00,15.680000305175781,16.049999237060547,15.029999732971191,15.109999656677246,600200,9069021.793937683
2022-05-02 00:00:00,15.0,15.949999809265137,14.890000343322754,15.90999984741211,444800,7076767.932128906
2022-05-03 00:00:00,15.850000381469727,16.420000076293945,15.670000076293945,16.18000030517578,442700,7162886.135101318
2022-05-04 00:00:00,16.469999313354492,16.979999542236328,15.760000228881836,16.90999984741211,937100,15846360.857009888
2022-05-05 00:00:00,16.399999618530273,16.739999771118164,15.579999923706055,16.030000686645508,591600,9483348.406219482
2022-05-06 00:00:00,15.770000457763672,15.770000457763672,14.550000190734863,14.890000343322754,556800,8290752.191162109
2022-05-09 00:00:00,14.289999961853027,14.569999694824219,12.640000343322754,12.899999618530273,1041600,13436639.602661133
2022-05-10 00:00:00,13.25,13.760000228881836,12.119999885559082,12.390000343322754,890000,11027100.305557251
2022-05-11 00:00:00,12.390000343322754,12.920000076293945,11.569999694824219,11.630000114440918,891400,10366982.102012634
2022-05-12 00:00:00,11.399999618530273,12.699999809265137,11.229999542236328,12.4399995803833,894000,11121359.62486267
2022-05-13 00:00:00,12.960000038146973,13.949999809265137,12.789999961853027,13.649999618530273,524800,7163519.7998046875
2022-05-16 00:00:00,13.550000190734863,13.90999984741211,13.039999961853027,13.25,362100,4797825.0
2022-05-17 00:00:00,13.829999923706055,14.222999572753906,13.510000228881836,13.890000343322754,426500,5924085.146427155
2022-05-18 00:00:00,13.390000343322754,14.145000457763672,13.168999671936035,13.300000190734863,496200,6599460.094642639
2022-05-19 00:00:00,13.210000038146973,14.15999984741211,13.210000038146973,13.65999984741211,676800,9245087.896728516
2022-05-20 00:00:00,14.050000190734863,14.170000076293945,13.192000389099121,13.829999923706055,868200,12007205.933761597
2022-05-23 00:00:00,13.869999885559082,14.119999885559082,13.609999656677246,13.869999885559082,424400,5886427.951431274
2022-05-24 00:00:00,13.40999984741211,13.449999809265137,12.192999839782715,12.6899995803833,968700,12292802.593517303
2022-05-25 00:00:00,12.649999618530273,13.390000343322754,12.4399995803833,13.229999542236328,448900,5938946.794509888
2022-05-26 00:00:00,13.210000038146973,14.414999961853027,13.039999961853027,14.220000267028809,385100,5476122.102832794
2022-05-27 00:00:00,14.449999809265137,15.140000343322754,14.430000305175781,14.949999809265137,493900,7383804.905796051
2022-05-31 00:00:00,15.100000381469727,15.369999885559082,14.675000190734863,15.15999984741211,1072800,16263647.836303711
2022-06-01 00:00:00,15.050000190734863,15.48799991607666,14.310999870300293,14.59000015258789,339600,4954764.051818848
2022-06-02 00:00:00,14.5,15.28499984741211,14.4399995803833,15.010000228881836,556500,8353065.127372742
2022-06-03 00:00:00,14.640000343322754,14.90999984741211,14.420000076293945,14.520000457763672,348300,5057316.159439087
2022-06-06 00:00:00,15.520000457763672,16.8700008392334,15.130000114440918,15.25,1127600,17195900.0
2022-06-07 00:00:00,14.8100004196167,15.34000015258789,14.505000114440918,15.100000381469727,730300,11027530.278587341
2022-06-08 00:00:00,15.130000114440918,15.659000396728516,14.949999809265137,15.229999542236328,566200,8623225.740814209
2022-06-09 00:00:00,14.989999771118164,15.199999809265137,14.350000381469727,15.079999923706055,683500,10307179.947853088
2022-06-10 00:00:00,14.875,15.359999656677246,14.710000038146973,14.850000381469727,1370500,20351925.52280426
2022-06-13 00:00:00,14.069999694824219,14.829999923706055,13.350000381469727,13.40999984741211,577600,7745615.911865234
2022-06-14 00:00:00,13.59000015258789,13.899999618530273,13.300000190734863,13.6899995803833,523300,7163976.780414581
2022-06-15 00:00:00,13.970000267028809,14.710000038146973,13.800000190734863,14.449999809265137,532300,7691734.898471832
2022-06-16 00:00:00,13.970000267028809,14.449999809265137,13.399999618530273,13.670000076293945,565600,7731752.0431518555
2022-06-17 00:00:00,13.880000114440918,14.170000076293945,13.760000228881836,13.920000076293945,527900,7348368.040275574
2022-06-21 00:00:00,14.260000228881836,15.154999732971191,14.260000228881836,14.699999809265137,894600,13150619.829368591
2022-06-22 00:00:00,14.460000038146973,15.15999984741211,14.039999961853027,14.649999618530273,531600,7787939.797210693
2022-06-23 00:00:00,14.819999694824219,15.5,14.819999694824219,15.40999984741211,572700,8825306.912612915
2022-06-24 00:00:00,15.600000381469727,16.09000015258789,15.109999656677246,15.399999618530273,7617400,117307957.0941925
2022-06-27 00:00:00,15.600000381469727,16.100000381469727,15.050000190734863,16.06999969482422,760400,12219627.767944336
2022-06-28 00:00:00,16.219999313354492,16.3799991607666,15.449999809265137,15.510000228881836,681100,10563861.155891418
2022-06-29 00:00:00,15.359999656677246,15.904999732971191,14.765000343322754,15.0,2161200,32418000.0
2022-06-30 00:00:00,14.729999542236328,16.8700008392334,14.699999809265137,16.829999923706055,1640900,27616346.874809265
2022-07-01 00:00:00,16.739999771118164,16.899999618530273,15.5,15.539999961853027,745300,11581961.971569061
2022-07-05 00:00:00,15.119999885559082,15.760000228881836,14.9399995803833,15.699999809265137,977300,15343609.813594818
2022-07-06 00:00:00,15.859999656677246,16.610000610351562,15.673999786376953,16.260000228881836,1419000,23072940.324783325
2022-07-07 00:00:00,16.459999084472656,16.860000610351562,16.270000457763672,16.459999084472656,494700,8142761.547088623
2022-07-08 00:00:00,16.06999969482422,17.0,15.90999984741211,16.940000534057617,582900,9874326.311302185
2022-07-11 00:00:00,16.610000610351562,16.719999313354492,15.829999923706055,15.890000343322754,517400,8221486.177635193
2022-07-12 00:00:00,15.960000038146973,16.239999771118164,15.1899995803833,15.4399995803833,870500,13440519.634723663
2022-07-13 00:00:00,15.039999961853027,15.979999542236328,14.84000015258789,15.59000015258789,361300,5632667.055130005
2022-07-14 00:00:00,15.430000305175781,15.550000190734863,14.734999656677246,15.210000038146973,433100,6587451.016521454
2022-07-15 00:00:00,15.359999656677246,15.720000267028809,14.899999618530273,15.699999809265137,285300,4479209.9455833435
2022-07-18 00:00:00,16.100000381469727,16.799999237060547,16.040000915527344,16.18000030517578,649000,10500820.198059082
2022-07-19 00:00:00,16.540000915527344,16.790000915527344,16.329999923706055,16.56999969482422,572200,9481353.825378418
2022-07-20 00:00:00,16.649999618530273,17.07900047302246,16.264999389648438,16.459999084472656,777000,12789419.288635254
2022-07-21 00:00:00,16.68000030517578,17.06999969482422,16.350000381469727,16.93000030517578,666200,11278766.203308105
2022-07-22 00:00:00,16.75,16.959999084472656,15.829999923706055,15.890000343322754,306700,4873463.105297089
2022-07-25 00:00:00,15.779999732971191,15.779999732971191,15.260000228881836,15.40999984741211,295200,4549031.954956055
2022-07-26 00:00:00,15.380000114440918,15.40999984741211,14.930000305175781,15.369999885559082,364300,5599290.958309174
2022-07-27 00:00:00,15.75,16.100000381469727,15.40999984741211,15.869999885559082,554500,8799914.936542511
2022-07-28 00:00:00,15.989999771118164,16.81999969482422,15.375,16.690000534057617,565800,9443202.3021698
2022-07-29 00:00:00,16.40999984741211,16.920000076293945,15.989999771118164,16.8799991607666,431500,7283719.637870789
2022-08-01 00:00:00,16.8700008392334,17.100000381469727,16.469999313354492,16.770000457763672,5579500,93568217.5540924
2022-08-02 00:00:00,16.5,17.084999084472656,16.309999465942383,16.780000686645508,597700,10029406.41040802
2022-08-03 00:00:00,16.84000015258789,17.440000534057617,16.56999969482422,17.299999237060547,452000,7819599.655151367
2022-08-04 00:00:00,17.59000015258789,18.040000915527344,17.25,18.010000228881836,621200,11187812.142181396
2022-08-05 00:00:00,20.239999771118164,20.239999771118164,17.899999618530273,19.1299991607666,1312000,25098558.89892578
2022-08-08 00:00:00,19.100000381469727,19.81999969482422,18.559999465942383,18.8799991607666,846200,15976255.289840698
2022-08-09 00:00:00,18.559999465942383,18.729999542236328,17.729999542236328,18.459999084472656,614200,11338131.437683105
2022-08-10 00:00:00,19.100000381469727,19.68000030517578,18.405000686645508,19.6200008392334,633800,12435156.531906128
2022-08-11 00:00:00,19.790000915527344,19.88800048828125,19.110000610351562,19.15999984741211,846300,16215107.870864868
2022-08-12 00:00:00,19.219999313354492,19.489999771118164,18.81999969482422,19.489999771118164,512000,9978879.8828125
2022-08-15 00:00:00,19.399999618530273,19.700000762939453,19.020000457763672,19.610000610351562,701300,13752493.42803955
2022-08-16 00:00:00,19.5,19.549999237060547,18.645000457763672,18.809999465942383,596700,11223926.68132782
2022-08-17 00:00:00,18.5,18.520000457763672,17.1299991607666,17.6299991607666,616600,10870657.482528687
2022-08-18 00:00:00,17.510000228881836,17.829999923706055,17.25,17.6200008392334,353300,6225146.29650116
2022-08-19 00:00:00,17.290000915527344,17.540000915527344,16.15999984741211,16.56999969482422,737700,12223688.774871826
2022-08-22 00:00:00,16.200000762939453,16.360000610351562,15.84000015258789,16.049999237060547,684900,10992644.477462769
2022-08-23 00:00:00,16.020000457763672,16.440000534057617,15.90999984741211,16.350000381469727,303600,4963860.115814209
2022-08-24 00:00:00,16.479999542236328,16.959999084472656,16.329999923706055,16.770000457763672,2650000,44440501.21307373
2022-08-25 00:00:00,16.969999313354492,18.190000534057617,16.969999313354492,17.979999542236328,591000,10626179.72946167
2022-08-26 00:00:00,18.690000534057617,18.690000534057617,17.219999313354492,17.270000457763672,1408800,24329976.64489746
2022-08-29 00:00:00,16.959999084472656,17.8700008392334,16.959999084472656,17.149999618530273,383000,6568449.853897095
2022-08-30 00:00:00,17.40999984741211,17.440000534057617,16.549999237060547,16.799999237060547,293100,4924079.776382446
2022-08-31 00:00:00,16.90999984741211,16.989999771118164,16.56999969482422,16.889999389648438,2756500,46557283.31756592
2022-09-01 00:00:00,16.459999084472656,16.479999542236328,15.34000015258789,15.949999809265137,546500,8716674.895763397
2022-09-02 00:00:00,16.239999771118164,16.350000381469727,15.640000343322754,15.970000267028809,317500,5070475.084781647
2022-09-06 00:00:00,15.979999542236328,16.094999313354492,15.140000343322754,15.420000076293945,569600,8783232.043457031
2022-09-07 00:00:00,15.34000015258789,15.779999732971191,15.210000038146973,15.630000114440918,299400,4679622.034263611
2022-09-08 00:00:00,15.770000457763672,15.779999732971191,15.100000381469727,15.699999809265137,209100,3282869.96011734
2022-09-09 00:00:00,16.059999465942383,16.799999237060547,16.010000228881836,16.729999542236328,263800,4413373.879241943
2022-09-12 00:00:00,16.829999923706055,16.8700008392334,16.5,16.860000610351562,454200,7657812.27722168
2022-09-13 00:00:00,16.059999465942383,16.40999984741211,15.800000190734863,16.040000915527344,437100,7011084.400177002
2022-09-14 00:00:00,15.960000038146973,16.270000457763672,15.84000015258789,15.970000267028809,434100,6932577.115917206
2022-09-15 00:00:00,15.899999618530273,16.06999969482422,15.460000038146973,15.680000305175781,266800,4183424.0814208984
2022-09-16 00:00:00,15.34000015258789,15.359999656677246,14.930000305175781,15.210000038146973,480500,7308405.01832962
2022-09-19 00:00:00,14.9399995803833,15.34000015258789,14.920999526977539,15.09000015258789,190800,2879172.0291137695
2022-09-20 00:00:00,14.850000381469727,15.149999618530273,14.779000282287598,15.039999961853027,400000,6015999.984741211
2022-09-21 00:00:00,15.15999984741211,15.420000076293945,14.739999771118164,14.8100004196167,317600,4703656.133270264
2022-09-22 00:00:00,14.6899995803833,14.729999542236328,14.0,14.140000343322754,230900,3264926.079273224
2022-09-23 00:00:00,13.819999694824219,14.0,13.5,13.789999961853027,319100,4400388.987827301
2022-09-26 00:00:00,13.350000381469727,13.479999542236328,11.6899995803833,11.739999771118164,1199400,14080955.725479126
2022-09-27 00:00:00,12.039999961853027,12.640000343322754,12.010000228881836,12.539999961853027,559200,7012367.978668213
2022-09-28 00:00:00,12.300000190734863,13.239999771118164,12.190999984741211,13.029999732971191,374000,4873219.900131226
2022-09-29 00:00:00,12.6899995803833,12.880000114440918,12.220000267028809,12.859999656677246,340200,4374971.883201599
2022-09-30 00:00:00,12.789999961853027,13.079999923706055,12.449999809265137,12.460000038146973,277900,3462634.0106010437
2022-10-03 00:00:00,12.699999809265137,13.329999923706055,12.59000015258789,13.0600004196167,520500,6797730.218410492
2022-10-04 00:00:00,13.460000038146973,13.739999771118164,13.3100004196167,13.399999618530273,367300,4921819.859886169
2022-10-05 00:00:00,13.239999771118164,13.260000228881836,12.680000305175781,13.149999618530273,366000,4812899.86038208
2022-10-06 00:00:00,13.109999656677246,13.553000450134277,12.979999542236328,13.239999771118164,374600,4959703.914260864
2022-10-07 00:00:00,12.930000305175781,12.970000267028809,11.9399995803833,12.300000190734863,695000,8548500.13256073
2022-10-10 00:00:00,8.59000015258789,9.989999771118164,8.539999961853027,9.039999961853027,2167400,19593295.91732025
2022-10-11 00:00:00,8.520000457763672,8.869999885559082,7.559999942779541,7.96999979019165,1901900,15158142.6009655
2022-10-12 00:00:00,8.050000190734863,8.430000305175781,7.75,8.100000381469727,1294600,10486260.493850708
2022-10-13 00:00:00,7.699999809265137,9.529999732971191,7.670000076293945,9.479999542236328,1579400,14972711.277008057
2022-10-14 00:00:00,9.470000267028809,9.550000190734863,7.934999942779541,7.980000019073486,1212400,9674952.023124695
2022-10-17 00:00:00,8.289999961853027,8.489999771118164,8.0600004196167,8.130000114440918,826300,6717819.0945625305
2022-10-18 00:00:00,8.0600004196167,8.140000343322754,7.204999923706055,7.389999866485596,1239200,9157687.83454895
2022-10-19 00:00:00,7.230000019073486,7.230000019073486,6.070000171661377,6.230000019073486,2329000,14509670.04442215
2022-10-20 00:00:00,6.400000095367432,6.889999866485596,6.159999847412109,6.300000190734863,1943800,12245940.370750427
2022-10-21 00:00:00,6.380000114440918,6.644999980926514,6.110000133514404,6.289999961853027,2014000,12668059.923171997
2022-10-24 00:00:00,5.949999809265137,6.050000190734863,5.460000038146973,5.960000038146973,1336300,7964348.0509758
2022-10-25 00:00:00,6.050000190734863,6.510000228881836,6.039999961853027,6.489999771118164,1379400,8952305.684280396
2022-10-26 00:00:00,6.300000190734863,6.739999771118164,6.199999809265137,6.28000020980835,1505400,9453912.31584549
2022-10-27 00:00:00,6.480000019073486,6.670000076293945,6.239999771118164,6.400000095367432,2417900,15474560.230588913
2022-10-28 00:00:00,6.260000228881836,6.925000190734863,6.239999771118164,6.820000171661377,1587600,10827432.272529602
2022-10-31 00:00:00,6.699999809265137,6.849999904632568,6.269999980926514,6.400000095367432,1535600,9827840.146446228
2022-11-01 00:00:00,6.840000152587891,6.989999771118164,6.289999961853027,6.440000057220459,2186700,14082348.125123978
2022-11-02 00:00:00,6.429999828338623,6.449999809265137,6.03000020980835,6.050000190734863,1141500,6906075.217723846
2022-11-03 00:00:00,5.920000076293945,6.369999885559082,5.849999904632568,6.21999979019165,808800,5030735.830307007
2022-11-04 00:00:00,6.760000228881836,7.389999866485596,6.309999942779541,6.610000133514404,1585100,10477511.211633682
2022-11-07 00:00:00,6.980000019073486,8.600000381469727,6.949999809265137,8.4399995803833,2754100,23244602.84433365
2022-11-08 00:00:00,8.569999694824219,8.888999938964844,8.130000114440918,8.4399995803833,1582700,13357987.33587265
2022-11-09 00:00:00,8.210000038146973,8.989999771118164,8.204999923706055,8.5,1917900,16302150.0
2022-11-10 00:00:00,9.130000114440918,9.211999893188477,8.699999809265137,9.029999732971191,1030400,9304511.724853516
2022-11-11 00:00:00,9.15999984741211,9.8100004196167,9.15999984741211,9.520000457763672,793300,7552216.363143921
2022-11-14 00:00:00,9.430000305175781,9.569999694824219,8.949999809265137,9.0,865100,7785900.0
2022-11-15 00:00:00,9.5,10.1899995803833,9.5,9.699999809265137,922700,8950189.824008942
2022-11-16 00:00:00,9.329999923706055,9.399999618530273,8.59000015258789,8.6899995803833,816300,7093646.657466888
2022-11-17 00:00:00,8.460000038146973,9.069999694824219,8.25,8.9399995803833,731800,6542291.6929244995
2022-11-18 00:00:00,9.229999542236328,9.5600004196167,8.869999885559082,9.109999656677246,627500,5716524.784564972
2022-11-21 00:00:00,8.930000305175781,9.0,8.451000213623047,8.630000114440918,1043800,9007994.11945343
2022-11-22 00:00:00,8.699999809265137,8.75,8.420000076293945,8.739999771118164,353900,3093085.9189987183
2022-11-23 00:00:00,8.600000381469727,9.050000190734863,8.600000381469727,8.670000076293945,383000,3320610.029220581
2022-11-25 00:00:00,8.609999656677246,8.722999572753906,8.458999633789062,8.630000114440918,142500,1229775.0163078308
2022-11-28 00:00:00,8.430000305175781,8.510000228881836,8.170000076293945,8.25,343000,2829750.0
2022-11-29 00:00:00,8.300000190734863,8.960000038146973,8.260000228881836,8.470000267028809,469800,3979206.1254501343
2022-11-30 00:00:00,8.649999618530273,9.079999923706055,8.170000076293945,9.0600004196167,973800,8822628.408622742
2022-12-01 00:00:00,9.079999923706055,9.279999732971191,8.59000015258789,8.75,508000,4445000.0
2022-12-02 00:00:00,8.59000015258789,8.989999771118164,8.397000312805176,8.989999771118164,439900,3954700.8993148804
2022-12-05 00:00:00,9.029999732971191,9.430000305175781,9.0,9.15999984741211,846200,7751191.870880127
2022-12-06 00:00:00,9.15999984741211,9.15999984741211,8.5600004196167,8.65999984741211,710100,6149465.891647339
2022-12-07 00:00:00,8.529999732971191,8.644000053405762,8.414999961853027,8.579999923706055,221500,1900469.983100891
2022-12-08 00:00:00,8.65999984741211,9.300000190734863,8.65999984741211,9.0,391900,3527100.0
2022-12-09 00:00:00,8.84000015258789,8.949000358581543,8.571999549865723,8.75,491700,4302375.0
2022-12-12 00:00:00,8.699999809265137,8.75,8.279999732971191,8.720000267028809,583100,5084632.155704498
2022-12-13 00:00:00,11.079999923706055,11.15999984741211,9.920000076293945,10.010000228881836,2828900,28317289.647483826
2022-12-14 00:00:00,10.0,10.050000190734863,9.510000228881836,9.579999923706055,742500,7113149.943351746
2022-12-15 00:00:00,9.460000038146973,9.600000381469727,9.079999923706055,9.140000343322754,530400,4847856.182098389
2022-12-16 00:00:00,9.029999732971191,9.289999961853027,8.9399995803833,8.949999809265137,767800,6871809.853553772
2022-12-19 00:00:00,8.859999656677246,9.0,8.40999984741211,8.569999694824219,512000,4387839.84375
2022-12-20 00:00:00,8.430000305175781,8.579999923706055,8.260000228881836,8.319999694824219,379000,3153279.884338379
2022-12-21 00:00:00,8.420000076293945,8.699999809265137,8.210000038146973,8.510000228881836,464700,3954597.106361389
2022-12-22 00:00:00,8.25,8.25,7.28000020980835,7.579999923706055,1080600,8190947.917556763
2022-12-23 00:00:00,7.630000114440918,7.639999866485596,7.21999979019165,7.519999980926514,453000,3406559.9913597107
2022-12-27 00:00:00,7.429999828338623,7.440000057220459,7.159999847412109,7.199999809265137,513000,3693599.902153015
2022-12-28 00:00:00,7.130000114440918,7.260000228881836,6.909999847412109,7.079999923706055,638900,4523411.951255798
2022-12-29 00:00:00,7.199999809265137,7.704999923706055,7.144999980926514,7.579999923706055,474900,3599741.9637680054
2022-12-30 00:00:00,7.380000114440918,7.715000152587891,7.380000114440918,7.710000038146973,431900,3329949.0164756775
2023-01-03 00:00:00,9.789999961853027,10.5,9.350000381469727,9.600000381469727,3634700,34893121.386528015
2023-01-04 00:00:00,9.899999618530273,10.09000015258789,9.350000381469727,9.770000457763672,2231700,21803710.021591187
2023-01-05 00:00:00,9.649999618530273,9.850000381469727,9.479999542236328,9.479999542236328,1798100,17045987.17689514
2023-01-06 00:00:00,9.630000114440918,9.739999771118164,9.369999885559082,9.550000190734863,678100,6475855.129337311
2023-01-09 00:00:00,9.850000381469727,10.319999694824219,9.737000465393066,9.970000267028809,1596100,15913117.426204681
2023-01-10 00:00:00,9.90999984741211,9.970000267028809,9.734999656677246,9.84000015258789,837600,8241984.127807617
2023-01-11 00:00:00,9.84000015258789,10.335000038146973,9.600000381469727,10.319999694824219,608300,6277655.814361572
2023-01-12 00:00:00,10.289999961853027,10.699999809265137,10.121000289916992,10.680000305175781,822900,8788572.25112915
2023-01-13 00:00:00,10.5,11.039999961853027,10.489999771118164,10.819999694824219,730200,7900763.7771606445
2023-01-17 00:00:00,10.800000190734863,10.968999862670898,10.359999656677246,10.710000038146973,678900,7271019.02589798
2023-01-18 00:00:00,10.979999542236328,11.347999572753906,10.710000038146973,10.710000038146973,802100,8590491.030597687
2023-01-19 00:00:00,10.529999732971191,10.760000228881836,10.390000343322754,10.40999984741211,449300,4677212.931442261
2023-01-20 00:00:00,10.510000228881836,10.859999656677246,10.390000343322754,10.829999923706055,692200,7496525.947189331
2023-01-23 00:00:00,10.90999984741211,11.854999542236328,10.789999961853027,11.75,846400,9945200.0
2023-01-24 00:00:00,11.579999923706055,12.140000343322754,11.510000228881836,11.630000114440918,564000,6559320.064544678
2023-01-25 00:00:00,11.319999694824219,11.600000381469727,10.789999961853027,11.59000015258789,565400,6552986.086273193
2023-01-26 00:00:00,11.890000343322754,12.550000190734863,11.779999732971191,12.539999961853027,1006100,12616493.96162033
2023-01-27 00:00:00,12.390000343322754,12.789999961853027,11.920000076293945,12.489999771118164,808500,10098164.814949036
2023-01-30 00:00:00,12.239999771118164,12.399999618530273,11.819999694824219,11.9399995803833,1286700,15363197.460079193
2023-01-31 00:00:00,12.010000228881836,12.850000381469727,11.880000114440918,12.489999771118164,1335200,16676647.694396973
2023-02-01 00:00:00,12.5,12.779999732971191,12.029999732971191,12.460000038146973,737200,9185512.028121948
2023-02-02 00:00:00,12.779999732971191,12.88599967956543,12.12600040435791,12.34000015258789,770200,9504268.117523193
2023-02-03 00:00:00,12.010000228881836,12.329999923706055,11.84000015258789,12.050000190734863,532100,6411805.101490021
2023-02-06 00:00:00,11.859999656677246,12.210000038146973,11.649999618530273,12.079999923706055,626800,7571743.952178955
2023-02-07 00:00:00,12.199999809265137,12.420000076293945,11.699999809265137,12.359999656677246,633400,7828823.782539368
2023-02-08 00:00:00,12.260000228881836,12.319999694824219,11.720000267028809,11.789999961853027,447500,5276024.98292923
2023-02-09 00:00:00,12.149999618530273,12.779999732971191,12.09000015258789,12.59000015258789,919000,11570210.140228271
2023-02-10 00:00:00,12.395000457763672,12.470000267028809,12.010000228881836,12.449999809265137,577500,7189874.889850616
2023-02-13 00:00:00,12.550000190734863,13.399999618530273,12.399999618530273,13.15999984741211,873000,11488679.866790771
2023-02-14 00:00:00,13.050000190734863,13.970000267028809,12.869999885559082,13.890000343322754,946900,13152441.325092316
2023-02-15 00:00:00,13.600000381469727,14.399999618530273,13.428999900817871,14.180000305175781,742400,10527232.2265625
2023-02-16 00:00:00,13.760000228881836,13.845999717712402,12.979999542236328,13.050000190734863,725400,9466470.13835907
2023-02-17 00:00:00,12.989999771118164,13.09000015258789,12.180000305175781,12.579999923706055,864800,10879183.934020996
2023-02-21 00:00:00,12.180000305175781,12.520999908447266,11.930000305175781,12.109999656677246,1155800,13996737.603187561
2023-02-22 00:00:00,11.300000190734863,11.850000381469727,11.119999885559082,11.59000015258789,1114000,12911260.16998291
2023-02-23 00:00:00,12.09000015258789,12.4399995803833,11.430000305175781,11.600000381469727,663100,7691960.252952576
2023-02-24 00:00:00,12.149999618530273,12.5,11.300000190734863,11.529999732971191,971400,11200241.740608215
2023-02-27 00:00:00,11.140000343322754,11.300000190734863,10.289999961853027,10.489999771118164,1442500,15131824.669837952
2023-02-28 00:00:00,10.550000190734863,10.630000114440918,10.170000076293945,10.380000114440918,900900,9351342.103099823
2023-03-01 00:00:00,10.5600004196167,10.619999885559082,10.3100004196167,10.550000190734863,837300,8833515.159702301
2023-03-02 00:00:00,10.4399995803833,10.545999526977539,9.979999542236328,10.239999771118164,1296100,13272063.703346252
2023-03-03 00:00:00,10.279999732971191,10.699999809265137,10.130000114440918,10.6899995803833,991800,10602341.583824158
2023-03-06 00:00:00,10.779999732971191,11.920000076293945,10.579999923706055,11.850000381469727,2565400,30399990.978622437
2023-03-07 00:00:00,11.949999809265137,12.420000076293945,11.8100004196167,11.829999923706055,992700,11743640.924263
2023-03-08 00:00:00,11.8100004196167,12.630000114440918,11.8100004196167,12.470000267028809,795300,9917391.212368011
2023-03-09 00:00:00,12.4399995803833,12.720000267028809,12.111000061035156,12.130000114440918,714300,8664459.081745148
2023-03-10 00:00:00,12.15999984741211,12.260000228881836,11.539999961853027,11.739999771118164,689900,8099425.842094421
2023-03-13 00:00:00,11.5,12.017000198364258,11.399999618530273,11.8100004196167,741200,8753572.311019897
2023-03-14 00:00:00,12.149999618530273,12.65999984741211,11.989999771118164,12.640000343322754,918700,11612368.315410614
2023-03-15 00:00:00,12.390000343322754,12.515000343322754,11.729999542236328,12.25,688900,8439025.0
2023-03-16 00:00:00,12.15999984741211,12.420000076293945,11.770000457763672,12.279999732971191,470900,5782651.874256134
2023-03-17 00:00:00,12.3100004196167,12.319999694824219,11.850000381469727,11.899999618530273,590900,7031709.774589539
2023-03-20 00:00:00,11.880000114440918,12.0,11.75,11.859999656677246,349200,4141511.8801116943
2023-03-21 00:00:00,12.0,12.220000267028809,11.619999885559082,11.880000114440918,460800,5474304.052734375
2023-03-22 00:00:00,11.770000457763672,11.829999923706055,11.149999618530273,11.149999618530273,738600,8235389.71824646
2023-03-23 00:00:00,11.40999984741211,11.90999984741211,11.199999809265137,11.470000267028809,682000,7822540.182113647
2023-03-24 00:00:00,11.28499984741211,11.390000343322754,11.069999694824219,11.170000076293945,487600,5446492.037200928
2023-03-27 00:00:00,11.260000228881836,11.420000076293945,10.970000267028809,11.15999984741211,315100,3516515.9519195557
2023-03-28 00:00:00,11.170000076293945,11.170000076293945,10.859999656677246,11.010000228881836,421100,4636311.096382141
2023-03-29 00:00:00,11.260000228881836,11.725000381469727,11.180000305175781,11.710000038146973,331800,3885378.0126571655
2023-03-30 00:00:00,11.9350004196167,11.979999542236328,11.6899995803833,11.75,297300,3493275.0
2023-03-31 00:00:00,11.720000267028809,11.869999885559082,11.619999885559082,11.699999809265137,417900,4889429.920291901
2023-04-03 00:00:00,11.6899995803833,12.300000190734863,11.470000267028809,12.199999809265137,666500,8131299.872875214
2023-04-04 00:00:00,12.220000267028809,12.220000267028809,11.069999694824219,11.180000305175781,677800,7577804.2068481445
2023-04-05 00:00:00,11.020000457763672,11.020000457763672,10.625,10.680000305175781,577200,6164496.176147461
2023-04-06 00:00:00,10.630000114440918,11.279999732971191,10.420000076293945,11.109999656677246,554500,6160494.809627533
2023-04-10 00:00:00,11.0,11.029999732971191,10.670999526977539,11.0,458600,5044600.0
2023-04-11 00:00:00,11.130000114440918,11.244999885559082,10.699999809265137,10.75,403200,4334400.0
2023-04-12 00:00:00,10.84000015258789,10.949999809265137,10.479999542236328,10.5600004196167,379200,4004352.1591186523
2023-04-13 00:00:00,10.619999885559082,10.710000038146973,10.239999771118164,10.270000457763672,300300,3084081.1374664307
2023-04-14 00:00:00,10.869999885559082,11.170000076293945,10.449999809265137,10.550000190734863,576100,6077855.109882355
2023-04-17 00:00:00,10.390000343322754,10.630000114440918,10.300000190734863,10.630000114440918,276200,2936006.0316085815
2023-04-18 00:00:00,10.770000457763672,10.770000457763672,10.3100004196167,10.390000343322754,284200,2952838.0975723267
2023-04-19 00:00:00,10.149999618530273,10.529999732971191,10.149999618530273,10.489999771118164,332600,3488973.9238739014
2023-04-20 00:00:00,10.329999923706055,11.279999732971191,10.260000228881836,10.890000343322754,610400,6647256.209564209
2023-04-21 00:00:00,10.75,10.774999618530273,10.380000114440918,10.4399995803833,459300,4795091.80727005
2023-04-24 00:00:00,10.4399995803833,10.4399995803833,10.069999694824219,10.260000228881836,351000,3601260.0803375244
2023-04-25 00:00:00,10.130000114440918,10.130000114440918,9.579999923706055,9.609999656677246,612900,5889968.789577484
2023-04-26 00:00:00,9.6899995803833,9.920000076293945,9.520000457763672,9.5600004196167,454700,4346932.190799713
2023-04-27 00:00:00,9.5600004196167,9.600000381469727,9.170000076293945,9.34000015258789,562900,5257486.085891724
2023-04-28 00:00:00,9.380000114440918,9.449999809265137,9.020000457763672,9.350000381469727,493700,4616095.188331604
2023-05-01 00:00:00,9.420000076293945,9.710000038146973,9.289999961853027,9.34000015258789,339500,3170930.051803589
2023-05-02 00:00:00,9.350000381469727,9.600000381469727,9.100000381469727,9.1899995803833,455500,4186044.8088645935
2023-05-03 00:00:00,9.199999809265137,9.40999984741211,9.130000114440918,9.140000343322754,346400,3166096.118927002
2023-05-04 00:00:00,9.079999923706055,9.079999923706055,8.75,8.880000114440918,476300,4229544.054508209
2023-05-05 00:00:00,10.329999923706055,11.25,10.121000289916992,10.470000267028809,1187200,12429984.317016602
2023-05-08 00:00:00,9.609999656677246,10.260000228881836,9.454000473022461,10.069999694824219,922700,9291588.718414307
2023-05-09 00:00:00,9.920000076293945,10.180000305175781,9.789999961853027,9.9399995803833,521900,5187685.781002045
2023-05-10 00:00:00,10.180000305175781,10.199999809265137,9.399999618530273,9.449999809265137,823100,7778294.843006134
2023-05-11 00:00:00,9.420000076293945,9.869999885559082,9.399999618530273,9.729999542236328,490700,4774510.775375366
2023-05-12 00:00:00,9.739999771118164,9.84000015258789,9.100000381469727,9.149999618530273,664000,6075599.746704102
2023-05-15 00:00:00,9.260000228881836,9.84000015258789,9.149999618530273,9.6899995803833,902100,8741348.621463776
2023-05-16 00:00:00,9.609999656677246,9.920000076293945,9.600000381469727,9.699999809265137,577700,5603689.8898124695
2023-05-17 00:00:00,9.710000038146973,10.09000015258789,9.65999984741211,9.960000038146973,580000,5776800.022125244
2023-05-18 00:00:00,10.0,10.140000343322754,9.699999809265137,9.75,378500,3690375.0
2023-05-19 00:00:00,9.819999694824219,9.949999809265137,9.6899995803833,9.729999542236328,425600,4141087.8051757812
2023-05-22 00:00:00,9.6899995803833,9.960000038146973,9.6899995803833,9.84000015258789,439600,4325664.067077637
2023-05-23 00:00:00,9.739999771118164,9.960000038146973,9.630000114440918,9.640000343322754,389700,3756708.133792877
2023-05-24 00:00:00,9.460000038146973,9.600000381469727,9.175000190734863,9.229999542236328,520900,4807906.761550903
2023-05-25 00:00:00,9.569999694824219,9.9399995803833,9.515000343322754,9.880000114440918,621900,6144372.071170807
2023-05-26 00:00:00,9.90999984741211,10.739999771118164,9.880000114440918,10.710000038146973,501900,5375349.019145966
2023-05-30 00:00:00,11.109999656677246,11.1899995803833,10.175000190734863,10.210000038146973,474400,4843624.018096924
2023-05-31 00:00:00,9.949999809265137,10.1899995803833,9.649999618530273,10.109999656677246,1487800,15041657.489204407
2023-06-01 00:00:00,10.100000381469727,10.260000228881836,9.699999809265137,10.010000228881836,550900,5514509.126091003
2023-06-02 00:00:00,10.270000457763672,10.350000381469727,9.789999961853027,9.960000038146973,529000,5268840.020179749
2023-06-05 00:00:00,9.880000114440918,9.899999618530273,9.359999656677246,9.729999542236328,659800,6419853.697967529
2023-06-06 00:00:00,9.619999885559082,10.460000038146973,9.519000053405762,10.329999923706055,572400,5912891.956329346
2023-06-07 00:00:00,10.4399995803833,11.25,10.4399995803833,10.899999618530273,581100,6333989.778327942
2023-06-08 00:00:00,10.9399995803833,10.989999771118164,10.5,10.59000015258789,418500,4431915.063858032
2023-06-09 00:00:00,10.760000228881836,10.975000381469727,10.529999732971191,10.6899995803833,490800,5246651.794052124
2023-06-12 00:00:00,10.850000381469727,10.989999771118164,10.319999694824219,10.529999732971191,1056100,11120732.717990875
2023-06-13 00:00:00,10.789999961853027,11.100000381469727,10.619999885559082,10.970000267028809,451600,4954052.12059021
2023-06-14 00:00:00,11.3100004196167,11.539999961853027,11.086999893188477,11.40999984741211,625600,7138095.904541016
2023-06-15 00:00:00,11.229999542236328,11.449999809265137,11.140000343322754,11.420000076293945,399400,4561148.030471802
2023-06-16 00:00:00,12.0,12.109999656677246,11.520000457763672,11.640000343322754,1034500,12041580.355167389
2023-06-20 00:00:00,11.600000381469727,11.869999885559082,11.40999984741211,11.75,565100,6639925.0
2023-06-21 00:00:00,11.6899995803833,11.850000381469727,11.380000114440918,11.800000190734863,485100,5724180.092525482
2023-06-22 00:00:00,11.619999885559082,12.529999732971191,11.321000099182129,12.510000228881836,680900,8518059.155845642
2023-06-23 00:00:00,12.25,12.350000381469727,11.710000038146973,11.770000457763672,951900,11203863.43574524
2023-06-26 00:00:00,11.800000190734863,12.140000343322754,11.729999542236328,11.930000305175781,468600,5590398.143005371
2023-06-27 00:00:00,11.979999542236328,12.8100004196167,11.819999694824219,12.770000457763672,582200,7434694.26651001
2023-06-28 00:00:00,12.579999923706055,13.039999961853027,12.4399995803833,12.850000381469727,521700,6703845.199012756
2023-06-29 00:00:00,12.970000267028809,13.420000076293945,12.810999870300293,13.380000114440918,587200,7856736.067199707
2023-06-30 00:00:00,13.890000343322754,13.890000343322754,13.010000228881836,13.079999923706055,742700,9714515.943336487
2023-07-03 00:00:00,14.609999656677246,15.59000015258789,14.329999923706055,14.829999923706055,1979800,29360433.848953247
2023-07-05 00:00:00,14.829999923706055,15.0,13.829999923706055,13.869999885559082,1393100,19322296.840572357
2023-07-06 00:00:00,13.479999542236328,13.59000015258789,13.050000190734863,13.539999961853027,989600,13399183.962249756
2023-07-07 00:00:00,13.699999809265137,14.069999694824219,13.369999885559082,13.399999618530273,867200,11620479.669189453
2023-07-10 00:00:00,13.470000267028809,13.789999961853027,13.029999732971191,13.1899995803833,887700,11708762.627506256
2023-07-11 00:00:00,13.25,13.390000343322754,12.800000190734863,13.050000190734863,603200,7871760.1150512695
2023-07-12 00:00:00,13.380000114440918,13.390000343322754,13.020000457763672,13.170000076293945,436700,5751339.033317566
2023-07-13 00:00:00,13.369999885559082,14.314000129699707,13.369999885559082,13.899999618530273,655100,9105889.750099182
2023-07-14 00:00:00,13.970000267028809,13.970000267028809,13.270000457763672,13.329999923706055,447400,5963841.965866089
2023-07-17 00:00:00,13.350000381469727,13.729999542236328,13.319999694824219,13.520000457763672,399700,5403944.18296814
2023-07-18 00:00:00,13.470000267028809,13.553000450134277,13.170000076293945,13.5,474600,6407100.0
2023-07-19 00:00:00,13.539999961853027,13.720000267028809,13.100000381469727,13.210000038146973,447100,5906191.0170555115
2023-07-20 00:00:00,13.029999732971191,13.170000076293945,12.770000457763672,12.869999885559082,514800,6625475.941085815
2023-07-21 00:00:00,13.0,13.310999870300293,12.949999809265137,12.970000267028809,379100,4916927.101230621
2023-07-24 00:00:00,12.970000267028809,13.149999618530273,12.739999771118164,12.779999732971191,405700,5184845.891666412
2023-07-25 00:00:00,12.899999618530273,12.979999542236328,12.670000076293945,12.739999771118164,404000,5146959.907531738
2023-07-26 00:00:00,12.649999618530273,12.6850004196167,12.25,12.300000190734863,603800,7426740.11516571
2023-07-27 00:00:00,12.630000114440918,12.800000190734863,12.180000305175781,12.390000343322754,588500,7291515.202045441
2023-07-28 00:00:00,12.520000457763672,12.960000038146973,12.510000228881836,12.760000228881836,544400,6946544.1246032715
2023-07-31 00:00:00,12.619999885559082,13.25,12.619999885559082,13.100000381469727,673000,8816300.256729126
2023-08-01 00:00:00,13.0,13.170000076293945,12.729999542236328,12.739999771118164,586100,7466913.865852356
2023-08-02 00:00:00,12.479999542236328,12.5,11.899999618530273,11.989999771118164,774800,9289851.822662354
2023-08-03 00:00:00,11.930000305175781,12.029999732971191,11.817000389099121,11.970000267028809,632700,7573419.168949127
2023-08-04 00:00:00,13.869999885559082,14.199999809265137,11.850000381469727,12.539999961853027,1778900,22307405.93214035
2023-08-07 00:00:00,12.960000038146973,13.619999885559082,12.949999809265137,13.529999732971191,1404900,19008296.624851227
2023-08-08 00:00:00,13.3100004196167,13.869999885559082,12.979999542236328,13.600000381469727,928100,12622160.354042053
2023-08-09 00:00:00,13.579999923706055,13.600000381469727,12.979999542236328,13.239999771118164,652100,8633803.850746155
2023-08-10 00:00:00,13.420000076293945,13.960000038146973,13.180000305175781,13.890000343322754,914300,12699627.313899994
2023-08-11 00:00:00,13.600000381469727,13.920000076293945,13.454999923706055,13.510000228881836,491700,6642867.112541199
2023-08-14 00:00:00,13.380000114440918,13.800999641418457,13.25,13.789999961853027,460100,6344778.982448578
2023-08-15 00:00:00,13.75,13.75,13.359999656677246,13.449999809265137,398300,5357134.924030304
2023-08-16 00:00:00,13.399999618530273,13.435999870300293,12.949999809265137,12.979999542236328,458800,5955223.789978027
2023-08-17 00:00:00,13.0,13.380000114440918,12.920000076293945,13.09000015258789,431500,5648335.065841675
2023-08-18 00:00:00,12.850000381469727,13.300000190734863,12.699999809265137,13.010000228881836,487400,6341074.111557007
2023-08-21 00:00:00,13.010000228881836,13.819999694824219,13.010000228881836,13.729999542236328,708400,9726331.675720215
2023-08-22 00:00:00,13.979999542236328,14.90999984741211,13.569999694824219,14.630000114440918,1735100,25384513.198566437
2023-08-23 00:00:00,14.770000457763672,16.600000381469727,14.734999656677246,16.360000610351562,2724500,44572821.66290283
2023-08-24 00:00:00,16.75,16.799999237060547,15.319999694824219,15.359999656677246,1336300,20525567.541217804
2023-08-25 00:00:00,15.359999656677246,15.680000305175781,14.819999694824219,15.520000457763672,808800,12552576.370239258
2023-08-28 00:00:00,15.770000457763672,15.770000457763672,15.071000099182129,15.300000190734863,648400,9920520.123672485
2023-08-29 00:00:00,15.359999656677246,16.344999313354492,15.0600004196167,16.200000762939453,951400,15412680.725860596
2023-08-30 00:00:00,16.100000381469727,17.46500015258789,15.939000129699707,17.229999542236328,1123000,19349289.485931396
2023-08-31 00:00:00,17.299999237060547,17.969999313354492,17.270000457763672,17.559999465942383,1062500,18657499.43256378
2023-09-01 00:00:00,17.75,18.670000076293945,17.719999313354492,18.43000030517578,1112900,20510747.339630127
2023-09-05 00:00:00,18.719999313354492,19.735000610351562,18.440000534057617,19.6299991607666,1585800,31129252.669143677
2023-09-06 00:00:00,19.610000610351562,19.989999771118164,18.940000534057617,19.34000015258789,1496900,28950046.228408813
2023-09-07 00:00:00,18.75,18.8799991607666,18.100000381469727,18.719999313354492,1115600,20884031.23397827
2023-09-08 00:00:00,18.899999618530273,19.280000686645508,18.559999465942383,18.729999542236328,640800,12002183.706665039
2023-09-11 00:00:00,19.010000228881836,19.069000244140625,18.405000686645508,18.540000915527344,573700,10636398.525238037
2023-09-12 00:00:00,18.299999237060547,18.834999084472656,17.610000610351562,17.78499984741211,965500,17171417.35267639
2023-09-13 00:00:00,17.84000015258789,18.05500030517578,17.09000015258789,17.59000015258789,751300,13215367.114639282
2023-09-14 00:00:00,17.799999237060547,18.0,16.56999969482422,16.739999771118164,904500,15141329.79297638
2023-09-15 00:00:00,16.59000015258789,16.690000534057617,15.390000343322754,15.520000457763672,1747200,27116544.799804688
2023-09-18 00:00:00,15.380000114440918,15.9350004196167,15.163000106811523,15.720000267028809,725300,11401716.193675995
2023-09-19 00:00:00,15.710000038146973,16.010000228881836,15.449999809265137,15.960000038146973,659500,10525620.025157928
2023-09-20 00:00:00,16.09000015258789,16.360000610351562,15.75,15.770000457763672,582600,9187602.266693115
2023-09-21 00:00:00,15.359999656677246,15.779999732971191,15.270000457763672,15.520000457763672,510600,7924512.233734131
2023-09-22 00:00:00,15.789999961853027,15.979999542236328,15.425000190734863,15.65999984741211,886700,13885721.864700317
2023-09-25 00:00:00,15.489999771118164,16.670000076293945,15.395000457763672,16.6299991607666,913900,15198156.233024597
2023-09-26 00:00:00,16.5,17.128999710083008,16.350000381469727,16.739999771118164,960500,16078769.780158997
2023-09-27 00:00:00,16.989999771118164,17.739999771118164,16.989999771118164,17.6200008392334,948800,16717856.796264648
2023-09-28 00:00:00,17.829999923706055,18.479999542236328,17.704999923706055,18.270000457763672,952400,17400348.43597412
2023-09-29 00:00:00,18.549999237060547,18.690000534057617,18.030000686645508,18.104999542236328,821200,14867825.624084473
2023-10-02 00:00:00,18.219999313354492,18.739999771118164,18.187999725341797,18.6200008392334,780500,14532910.655021667
2023-10-03 00:00:00,18.34000015258789,18.4950008392334,17.030000686645508,17.149999618530273,1014300,17395244.613075256
2023-10-04 00:00:00,17.239999771118164,18.170000076293945,17.149999618530273,18.0,954800,17186400.0
2023-10-05 00:00:00,18.0,18.149999618530273,17.1299991607666,17.299999237060547,793800,13732739.394378662
2023-10-06 00:00:00,17.030000686645508,18.799999237060547,16.891000747680664,18.610000610351562,1295700,24112977.79083252
2023-10-09 00:00:00,18.40999984741211,18.600000381469727,17.81999969482422,18.219999313354492,1124700,20492033.227729797
2023-10-10 00:00:00,18.3700008392334,19.889999389648438,18.290000915527344,19.68000030517578,2094000,41209920.639038086
2023-10-11 00:00:00,20.139999389648438,20.864999771118164,19.722000122070312,20.06999969482422,1823000,36587609.44366455
2023-10-12 00:00:00,20.09000015258789,20.479999542236328,19.389999389648438,19.799999237060547,1254800,24845039.042663574
2023-10-13 00:00:00,19.850000381469727,20.197999954223633,18.61199951171875,19.0,1447300,27498700.0
2023-10-16 00:00:00,18.959999084472656,19.510000228881836,18.209999084472656,18.6299991607666,1139400,21227021.043777466
2023-10-17 00:00:00,18.309999465942383,21.06999969482422,18.1299991607666,19.75,2685100,53030725.0
2023-10-18 00:00:00,19.15999984741211,20.149999618530273,19.110000610351562,19.239999771118164,1303900,25087035.701560974
2023-10-19 00:00:00,19.329999923706055,19.649999618530273,17.290000915527344,17.479999542236328,1938300,33881483.112716675
2023-10-20 00:00:00,17.360000610351562,18.270000457763672,17.209999084472656,17.860000610351562,1492000,26647120.91064453
2023-10-23 00:00:00,17.75,18.40999984741211,17.049999237060547,18.09000015258789,1975700,35740413.301467896
2023-10-24 00:00:00,18.360000610351562,19.280000686645508,18.219999313354492,18.75,1677400,31451250.0
2023-10-25 00:00:00,18.56999969482422,18.68000030517578,17.700000762939453,18.209999084472656,1577600,28728094.555664062
2023-10-26 00:00:00,18.299999237060547,18.889999389648438,17.510000228881836,17.559999465942383,1274900,22387243.319129944
2023-10-27 00:00:00,17.290000915527344,17.510000228881836,13.5,13.710000038146973,6163000,84494730.23509979
2023-10-30 00:00:00,13.850000381469727,14.010000228881836,12.529999732971191,12.8100004196167,3517700,45061738.47608566
2023-10-31 00:00:00,13.180000305175781,13.699999809265137,12.880000114440918,13.600000381469727,1859300,25286480.709266663
2023-11-01 00:00:00,13.739999771118164,14.09000015258789,13.119999885559082,13.579999923706055,1344900,18263741.897392273
2023-11-02 00:00:00,14.229999542236328,14.619999885559082,13.890000343322754,14.539999961853027,1224000,17796959.953308105
2023-11-03 00:00:00,14.920000076293945,15.270000457763672,14.75,15.095000267028809,1054800,15922206.281661987
2023-11-06 00:00:00,15.449999809265137,15.449999809265137,14.600000381469727,15.0,1084300,16264500.0
2023-11-07 00:00:00,13.100000381469727,15.979999542236328,12.949999809265137,15.800000190734863,2107600,33300080.401992798
2023-11-08 00:00:00,15.59000015258789,17.729999542236328,15.510000228881836,17.684999465942383,1829100,32347632.523155212
2023-11-09 00:00:00,17.799999237060547,17.829999923706055,16.302000045776367,16.309999465942383,1721100,28071140.080833435
2023-11-10 00:00:00,16.559999465942383,17.110000610351562,16.0,17.030000686645508,936300,15945189.642906189
2023-11-13 00:00:00,16.790000915527344,17.415000915527344,16.510000228881836,17.229999542236328,926100,15956702.576065063
2023-11-14 00:00:00,18.110000610351562,18.25,17.170000076293945,17.84000015258789,918500,16386040.140151978
2023-11-15 00:00:00,17.969999313354492,18.75,17.899999618530273,18.239999771118164,698100,12733343.84021759
2023-11-16 00:00:00,17.969999313354492,18.299999237060547,17.46500015258789,17.93000030517578,721100,12929323.220062256
2023-11-17 00:00:00,18.100000381469727,18.18000030517578,17.459999084472656,17.68000030517578,913000,16141840.278625488
2023-11-20 00:00:00,17.68000030517578,18.722999572753906,17.68000030517578,18.65999984741211,861100,16068125.868606567
2023-11-21 00:00:00,18.31999969482422,18.31999969482422,17.440000534057617,17.5,671600,11753000.0
2023-11-22 00:00:00,17.670000076293945,18.170000076293945,17.485000610351562,17.6200008392334,581100,10238982.487678528
2023-11-24 00:00:00,17.510000228881836,17.540000915527344,16.770000457763672,17.299999237060547,451800,7816139.655303955
2023-11-27 00:00:00,17.139999389648438,17.719999313354492,16.90999984741211,17.670000076293945,693800,12259446.05293274
2023-11-28 00:00:00,17.56999969482422,17.638999938964844,16.930999755859375,17.200000762939453,522500,8987000.398635864
2023-11-29 00:00:00,17.59000015258789,17.729999542236328,16.545000076293945,16.700000762939453,966500,16140550.737380981
2023-11-30 00:00:00,16.799999237060547,16.940000534057617,16.309999465942383,16.639999389648438,720900,11995775.559997559
2023-12-01 00:00:00,16.549999237060547,17.059999465942383,16.110000610351562,16.860000610351562,559600,9434856.341552734
2023-12-04 00:00:00,16.639999389648438,16.719999313354492,16.190000534057617,16.6200008392334,649100,10788042.544746399
2023-12-05 00:00:00,16.450000762939453,16.450000762939453,16.020000457763672,16.030000686645508,558300,8949549.383354187
2023-12-06 00:00:00,16.31999969482422,16.389999389648438,15.850000381469727,15.859999656677246,577700,9162321.801662445
2023-12-07 00:00:00,15.989999771118164,16.2450008392334,15.670000076293945,16.1200008392334,556000,8962720.46661377
2023-12-08 00:00:00,16.229999542236328,16.27899932861328,15.869999885559082,16.0,456900,7310400.0
2023-12-11 00:00:00,16.079999923706055,17.530000686645508,16.079999923706055,17.25,1231100,21236475.0
2023-12-12 00:00:00,17.229999542236328,17.334999084472656,16.829999923706055,17.0,661500,11245500.0
2023-12-13 00:00:00,17.0,17.700000762939453,16.760000228881836,17.670000076293945,761300,13452171.05808258
2023-12-14 00:00:00,17.969999313354492,18.489999771118164,17.549999237060547,17.889999389648438,937100,16764718.42803955
2023-12-15 00:00:00,18.1299991607666,18.268999099731445,17.559999465942383,17.899999618530273,924100,16541389.647483826
2023-12-18 00:00:00,17.969999313354492,18.31999969482422,17.715999603271484,18.299999237060547,573600,10496879.56237793
2023-12-19 00:00:00,18.459999084472656,19.579999923706055,18.260000228881836,18.649999618530273,845300,15764844.67754364
2023-12-20 00:00:00,18.520000457763672,18.8700008392334,17.766000747680664,17.799999237060547,656200,11680359.49935913
2023-12-21 00:00:00,18.299999237060547,18.579999923706055,17.950000762939453,18.55500030517578,448500,8321917.636871338
2023-12-22 00:00:00,18.6299991607666,18.8700008392334,18.360000610351562,18.520000457763672,432300,8006196.197891235
2023-12-26 00:00:00,18.610000610351562,20.030000686645508,18.610000610351562,19.8799991607666,1044700,20768635.12325287
2023-12-27 00:00:00,19.969999313354492,20.239999771118164,19.65999984741211,19.790000915527344,692100,13696659.633636475
2023-12-28 00:00:00,19.84000015258789,20.43000030517578,19.770000457763672,19.959999084472656,667900,13331283.388519287
2023-12-29 00:00:00,19.950000762939453,20.288999557495117,19.260000228881836,19.540000915527344,551600,10778264.505004883
2024-01-02 00:00:00,19.059999465942383,19.1299991607666,18.43000030517578,18.670000076293945,599800,11198266.045761108
2024-01-03 00:00:00,18.149999618530273,18.18600082397461,17.329999923706055,17.65999984741211,1325000,23399499.797821045
2024-01-04 00:00:00,17.420000076293945,17.579999923706055,16.989999771118164,17.0,658500,11194500.0
2024-01-05 00:00:00,16.889999389648438,17.260000228881836,16.65999984741211,16.959999084472656,745100,12636895.317840576
2024-01-08 00:00:00,17.100000381469727,17.274999618530273,16.920000076293945,17.030000686645508,765700,13039871.525764465
2024-01-09 00:00:00,17.860000610351562,19.559999465942383,16.700000762939453,19.420000076293945,2571900,49946298.1962204
2024-01-10 00:00:00,19.709999084472656,21.229999542236328,19.649999618530273,21.149999618530273,2581100,54590264.01538849
2024-01-11 00:00:00,21.25,21.360000610351562,20.170000076293945,20.5,1453100,29788550.0
2024-01-12 00:00:00,20.5,22.239999771118164,20.489999771118164,21.809999465942383,1513300,33005072.191810608
2024-01-16 00:00:00,21.299999237060547,21.34000015258789,19.93000030517578,20.559999465942383,2101400,43204782.87773132
2024-01-17 00:00:00,20.030000686645508,20.075000762939453,19.1299991607666,19.889999389648438,1265700,25174772.227478027
2024-01-18 00:00:00,20.010000228881836,20.459999084472656,19.450000762939453,19.899999618530273,1423200,28321679.457092285
2024-01-19 00:00:00,20.270000457763672,20.540000915527344,19.725000381469727,20.459999084472656,1065100,21791945.024871826
2024-01-22 00:00:00,21.17300033569336,22.469999313354492,20.850000381469727,21.649999618530273,1792200,38801129.316329956
2024-01-23 00:00:00,21.5,22.309999465942383,20.875,21.0,1615400,33923400.0
2024-01-24 00:00:00,21.700000762939453,21.739999771118164,20.510000228881836,20.6200008392334,1559300,32152767.30861664
2024-01-25 00:00:00,20.389999389648438,21.184999465942383,20.1200008392334,20.25,1068800,21643200.0
2024-01-26 00:00:00,19.81999969482422,19.878000259399414,18.739999771118164,18.979999542236328,1421700,26983865.349197388
2024-01-29 00:00:00,19.010000228881836,19.010000228881836,18.520000457763672,18.790000915527344,1021100,19186469.93484497
2024-01-30 00:00:00,18.56999969482422,18.809999465942383,17.600000381469727,18.010000228881836,1222200,22011822.27973938
2024-01-31 00:00:00,17.760000228881836,18.0,17.170000076293945,17.219999313354492,1178300,20290325.1909256
2024-02-01 00:00:00,17.479999542236328,17.56999969482422,16.56999969482422,16.989999771118164,1144500,19445054.73804474
2024-02-02 00:00:00,16.799999237060547,16.8700008392334,16.170000076293945,16.239999771118164,1270600,20634543.70918274
2024-02-05 00:00:00,16.0,16.100000381469727,15.699999809265137,15.84000015258789,1032900,16361136.157608032
2024-02-06 00:00:00,16.329999923706055,16.799999237060547,16.25,16.479999542236328,1273500,20987279.417037964
2024-02-07 00:00:00,16.399999618530273,16.530000686645508,16.110000610351562,16.290000915527344,923200,15038928.845214844
2024-02-08 00:00:00,16.420000076293945,17.469999313354492,16.34000015258789,16.969999313354492,1079400,18317417.25883484
2024-02-09 00:00:00,17.200000762939453,18.350000381469727,17.200000762939453,18.329999923706055,1195500,21913514.90879059
2024-02-12 00:00:00,18.690000534057617,19.8700008392334,18.510000228881836,19.229999542236328,1743200,33521735.202026367
2024-02-13 00:00:00,18.020000457763672,18.709999084472656,17.549999237060547,18.3799991607666,1170300,21510113.017845154
2024-02-14 00:00:00,18.770000457763672,19.856000900268555,18.770000457763672,19.780000686645508,1115300,22060634.765815735
2024-02-15 00:00:00,20.030000686645508,20.170000076293945,19.600000381469727,19.969999313354492,1248900,24940532.142448425
2024-02-16 00:00:00,20.0,20.333999633789062,19.461000442504883,19.579999923706055,935300,18313173.928642273
2024-02-20 00:00:00,19.0,19.25,17.81800079345703,18.34000015258789,1270200,23295468.19381714
2024-02-21 00:00:00,17.969999313354492,19.15999984741211,17.950000762939453,19.1299991607666,1077500,20612574.095726013
2024-02-22 00:00:00,19.799999237060547,21.139999389648438,19.690000534057617,20.579999923706055,2801800,57661043.786239624
2024-02-23 00:00:00,20.549999237060547,21.25,19.93000030517578,20.489999771118164,1199800,24583901.725387573
2024-02-26 00:00:00,22.020000457763672,22.290000915527344,21.207000732421875,21.600000381469727,1844200,39834720.70350647
2024-02-27 00:00:00,21.940000534057617,22.7810001373291,21.489999771118164,21.790000915527344,3998400,87125139.66064453
2024-02-28 00:00:00,25.200000762939453,31.0049991607666,25.170000076293945,30.68000030517578,12244400,375658195.73669434
2024-02-29 00:00:00,31.709999084472656,32.97999954223633,30.0,30.920000076293945,3508000,108467360.26763916
2024-03-01 00:00:00,31.549999237060547,34.400001525878906,30.81599998474121,33.90999984741211,3746500,127043814.42832947
2024-03-04 00:00:00,33.560001373291016,33.720001220703125,30.030000686645508,31.920000076293945,4187600,133668192.31948853
2024-03-05 00:00:00,31.31999969482422,31.329999923706055,27.281999588012695,29.219999313354492,3264600,95391609.75837708
2024-03-06 00:00:00,31.190000534057617,31.200000762939453,29.350000381469727,30.459999084472656,1762700,53691840.38619995
2024-03-07 00:00:00,31.360000610351562,32.18000030517578,30.299999237060547,30.399999618530273,2514500,76440799.04079437
2024-03-08 00:00:00,30.5,30.75,30.01099967956543,30.15999984741211,1648300,49712727.74848938
2024-03-11 00:00:00,29.34000015258789,29.399999618530273,27.520000457763672,28.34000015258789,1571200,44527808.239746094
2024-03-12 00:00:00,28.760000228881836,29.709999084472656,28.020000457763672,29.350000381469727,1164000,34163400.44403076
2024-03-13 00:00:00,29.040000915527344,29.690000534057617,28.520000457763672,28.75,966900,27798375.0
2024-03-14 00:00:00,28.530000686645508,28.530000686645508,26.950000762939453,27.469999313354492,1163400,31958597.201156616
2024-03-15 00:00:00,27.100000381469727,27.6299991607666,26.78499984741211,27.110000610351562,1326100,35950571.80938721
2024-03-18 00:00:00,27.549999237060547,28.8799991607666,27.31999969482422,28.6299991607666,2149600,61543046.19598389
2024-03-19 00:00:00,27.75,27.850000381469727,24.06999969482422,27.549999237060547,3035900,83639042.68379211
2024-03-20 00:00:00,27.8799991607666,29.389999389648438,27.31999969482422,29.219999313354492,1424100,41612201.02214813
2024-03-21 00:00:00,30.030000686645508,31.05900001525879,30.030000686645508,30.190000534057617,1844400,55682436.98501587
2024-03-22 00:00:00,30.190000534057617,31.38599967956543,29.450000762939453,30.84000015258789,1253400,38654856.19125366
2024-03-25 00:00:00,30.729999542236328,32.13999938964844,29.975000381469727,30.15999984741211,1250000,37699999.80926514
2024-03-26 00:00:00,30.3799991607666,31.79400062561035,29.600000381469727,29.645000457763672,1056100,31308084.983444214
2024-03-27 00:00:00,29.860000610351562,29.93000030517578,28.149999618530273,28.700000762939453,1331700,38219791.01600647
2024-03-28 00:00:00,28.709999084472656,29.600000381469727,28.610000610351562,29.139999389648438,1343100,39137933.18023682
2024-04-01 00:00:00,29.510000228881836,31.18000030517578,29.360000610351562,30.31999969482422,1274800,38651935.610961914
2024-04-02 00:00:00,29.440000534057617,30.530000686645508,28.770000457763672,30.479999542236328,908200,27681935.584259033
2024-04-03 00:00:00,30.0,31.709999084472656,29.899999618530273,31.209999084472656,1306500,40775863.803863525
2024-04-04 00:00:00,32.25,33.400001525878906,30.399999618530273,30.610000610351562,1726600,52851227.05383301
2024-04-05 00:00:00,30.899999618530273,32.689998626708984,29.700000762939453,32.040000915527344,1734500,55573381.58798218
2024-04-08 00:00:00,32.83000183105469,32.95000076293945,31.0,31.190000534057617,993000,30971670.530319214
2024-04-09 00:00:00,31.360000610351562,31.700000762939453,29.149999618530273,29.760000228881836,1284800,38235648.29406738
2024-04-10 00:00:00,28.8799991607666,29.959999084472656,28.510000228881836,28.610000610351562,1327700,37985497.81036377
2024-04-11 00:00:00,28.84000015258789,30.10099983215332,28.299999237060547,30.049999237060547,940200,28253009.282684326
2024-04-12 00:00:00,29.540000915527344,29.780000686645508,28.469999313354492,28.610000610351562,893800,25571618.545532227
2024-04-15 00:00:00,29.030000686645508,29.68000030517578,28.010000228881836,28.209999084472656,1300900,36698387.80899048
2024-04-16 00:00:00,27.81999969482422,29.190000534057617,27.6200008392334,28.84000015258789,760600,21935704.11605835
2024-04-17 00:00:00,28.899999618530273,29.25,27.610000610351562,27.90999984741211,848300,23676052.870559692
2024-04-18 00:00:00,27.700000762939453,28.40999984741211,26.788999557495117,27.405000686645508,1255800,34415199.86228943
2024-04-19 00:00:00,27.0,27.211000442504883,24.5,25.0,1791200,44780000.0
2024-04-22 00:00:00,25.530000686645508,26.15999984741211,25.0,25.75,1007800,25950850.0
2024-04-23 00:00:00,26.139999389648438,28.25,25.899999618530273,27.389999389648438,1796600,49208872.90344238
2024-04-24 00:00:00,28.190000534057617,29.16900062561035,27.559999465942383,28.149999618530273,1215300,34210694.53639984
2024-04-25 00:00:00,27.280000686645508,28.579999923706055,26.670000076293945,28.290000915527344,1088900,30804981.996917725
2024-04-26 00:00:00,26.06999969482422,28.940000534057617,25.332000732421875,27.040000915527344,2549200,68930370.3338623
2024-04-29 00:00:00,27.110000610351562,27.15999984741211,25.1299991607666,26.729999542236328,1057500,28266974.515914917
2024-04-30 00:00:00,26.5,26.65999984741211,25.5,25.520000457763672,942100,24042392.431259155
2024-05-01 00:00:00,25.139999389648438,26.040000915527344,24.56999969482422,24.920000076293945,1023000,25493160.078048706
2024-05-02 00:00:00,25.75,26.565000534057617,25.030000686645508,26.510000228881836,1084000,28736840.24810791
2024-05-03 00:00:00,27.3700008392334,27.81100082397461,26.850000381469727,27.0,883900,23865300.0
2024-05-06 00:00:00,27.510000228881836,27.969999313354492,27.389999389648438,27.75,1031100,28613025.0
2024-05-07 00:00:00,27.700000762939453,27.969999313354492,27.020000457763672,27.329999923706055,1182400,32314991.90979004
2024-05-08 00:00:00,27.530000686645508,28.209999084472656,25.399999618530273,25.559999465942383,1760900,45008603.05957794
2024-05-09 00:00:00,26.0,26.30500030517578,25.100000381469727,25.290000915527344,1006900,25464501.921844482
2024-05-10 00:00:00,25.31999969482422,25.559999465942383,22.739999771118164,23.125,2257600,52207000.0
2024-05-13 00:00:00,23.399999618530273,23.975000381469727,22.520000457763672,23.020000457763672,1331300,30646526.609420776
2024-05-14 00:00:00,23.239999771118164,23.59000015258789,23.020000457763672,23.15999984741211,1343800,31122407.794952393
2024-05-15 00:00:00,23.420000076293945,23.920000076293945,22.450000762939453,23.8700008392334,1439100,34351318.20774078
2024-05-16 00:00:00,24.079999923706055,24.860000610351562,23.950000762939453,24.489999771118164,1227400,30059025.719070435
2024-05-17 00:00:00,24.459999084472656,24.969999313354492,23.739999771118164,23.799999237060547,1135700,27029659.133529663
2024-05-20 00:00:00,23.860000610351562,24.121000289916992,23.1299991607666,23.34000015258789,841800,19647612.128448486
2024-05-21 00:00:00,23.09000015258789,23.719999313354492,23.020000457763672,23.229999542236328,745200,17310995.65887451
2024-05-22 00:00:00,23.309999465942383,23.309999465942383,22.459999084472656,22.6299991607666,1133100,25642052.049064636
2024-05-23 00:00:00,23.25,23.510000228881836,22.170000076293945,22.280000686645508,810000,18046800.55618286
2024-05-24 00:00:00,22.549999237060547,22.809999465942383,22.10099983215332,22.559999465942383,970400,21892223.48175049
2024-05-28 00:00:00,22.860000610351562,23.6299991607666,22.579999923706055,23.56999969482422,1143300,26947580.65109253
2024-05-29 00:00:00,22.81999969482422,23.25,22.40999984741211,22.6200008392334,1118700,25304994.938850403
2024-05-30 00:00:00,22.760000228881836,22.760000228881836,22.149999618530273,22.350000381469727,677500,15142125.25844574
2024-05-31 00:00:00,22.40999984741211,22.44099998474121,21.1200008392334,21.600000381469727,1128200,24369120.430374146
2024-06-03 00:00:00,22.0,22.040000915527344,20.84000015258789,21.280000686645508,1456900,31002833.00037384
2024-06-04 00:00:00,21.25,21.48900032043457,20.299999237060547,20.600000381469727,1444500,29756700.55103302
2024-06-05 00:00:00,21.3799991607666,23.165000915527344,21.229999542236328,22.959999084472656,1835200,42136190.31982422
2024-06-06 00:00:00,23.030000686645508,23.299999237060547,22.422000885009766,22.75,1139300,25919075.0
2024-06-07 00:00:00,22.68000030517578,22.68000030517578,21.860000610351562,22.40999984741211,893000,20012129.863739014
2024-06-10 00:00:00,22.010000228881836,23.690000534057617,21.770000457763672,23.270000457763672,1420400,33052708.65020752
2024-06-11 00:00:00,23.350000381469727,23.961000442504883,22.40999984741211,22.8799991607666,1150200,26316575.034713745
2024-06-12 00:00:00,23.6299991607666,25.020000457763672,23.6299991607666,24.559999465942383,1237800,30400367.33894348
2024-06-13 00:00:00,24.809999465942383,26.850000381469727,24.739999771118164,25.450000762939453,1762900,44865806.34498596
2024-06-14 00:00:00,24.899999618530273,24.959999084472656,23.34000015258789,23.540000915527344,1221100,28744695.11795044
2024-06-17 00:00:00,23.729999542236328,24.0,23.010000228881836,23.690000534057617,1323500,31353715.706825256
2024-06-18 00:00:00,23.68000030517578,24.674999237060547,23.360000610351562,24.09000015258789,1226600,29548794.187164307
2024-06-20 00:00:00,24.1200008392334,24.149999618530273,22.820999145507812,23.020000457763672,1214600,27960092.555999756
2024-06-21 00:00:00,22.799999237060547,22.979999542236328,21.579999923706055,22.719999313354492,1240600,28186431.148147583
2024-06-24 00:00:00,22.549999237060547,22.950000762939453,21.8799991607666,22.6299991607666,695800,15745953.416061401
2024-06-25 00:00:00,22.709999084472656,22.860000610351562,21.549999237060547,21.850000381469727,1111900,24295015.42415619
2024-06-26 00:00:00,21.760000228881836,22.15999984741211,21.549999237060547,21.8799991607666,743200,16261215.376281738
2024-06-27 00:00:00,21.8799991607666,22.6200008392334,21.329999923706055,22.3700008392334,758100,16958697.63622284
2024-06-28 00:00:00,22.75,23.850000381469727,22.6299991607666,23.059999465942383,2548800,58775326.638793945
2024-07-01 00:00:00,22.969999313354492,23.31999969482422,22.149999618530273,23.190000534057617,780300,18095157.41672516
2024-07-02 00:00:00,23.170000076293945,23.489999771118164,22.450000762939453,22.790000915527344,589800,13441542.539978027
2024-07-03 00:00:00,22.739999771118164,24.100000381469727,22.55500030517578,23.8700008392334,790200,18862074.66316223
2024-07-05 00:00:00,23.959999084472656,24.809999465942383,23.59000015258789,23.940000534057617,1021400,24452316.54548645
2024-07-08 00:00:00,24.3700008392334,25.329999923706055,23.40999984741211,23.540000915527344,1428200,33619829.30755615
2024-07-09 00:00:00,23.639999389648438,23.709999084472656,22.43000030517578,22.540000915527344,1626400,36659057.48901367
2024-07-10 00:00:00,23.1200008392334,23.93000030517578,23.0,23.8799991607666,1044500,24942659.123420715
2024-07-11 00:00:00,24.5,25.030000686645508,23.3799991607666,23.8700008392334,1168900,27901643.98097992
2024-07-12 00:00:00,24.06999969482422,24.860000610351562,23.950000762939453,24.489999771118164,957100,23439378.780937195
2024-07-15 00:00:00,24.899999618530273,25.72800064086914,24.59000015258789,25.520000457763672,1518700,38757224.69520569
2024-07-16 00:00:00,25.8799991607666,25.8799991607666,23.530000686645508,23.90999984741211,1805800,43176677.72445679
2024-07-17 00:00:00,23.260000228881836,23.770000457763672,22.270000457763672,22.31999969482422,1848100,41249591.43600464
2024-07-18 00:00:00,22.959999084472656,23.229999542236328,20.860000610351562,21.1299991607666,1991700,42084619.32849884
2024-07-19 00:00:00,21.040000915527344,21.233999252319336,20.030000686645508,20.110000610351562,1305900,26261649.797058105
2024-07-22 00:00:00,20.6299991607666,21.625,20.56999969482422,21.479999542236328,1539700,33072755.295181274
2024-07-23 00:00:00,21.040000915527344,21.329999923706055,20.760000228881836,21.0049991607666,918500,19293091.729164124
2024-07-24 00:00:00,20.760000228881836,20.760000228881836,19.280000686645508,19.31999969482422,1431100,27648851.56326294
2024-07-25 00:00:00,19.0,19.309999465942383,18.1200008392334,18.700000762939453,1800300,33665611.3735199
2024-07-26 00:00:00,19.610000610351562,19.670000076293945,18.579999923706055,18.739999771118164,1248300,23393141.714286804
2024-07-29 00:00:00,18.989999771118164,19.6200008392334,18.360000610351562,18.360000610351562,806100,14799996.492004395
2024-07-30 00:00:00,18.450000762939453,18.59000015258789,17.190000534057617,17.360000610351562,1445100,25086936.882019043
2024-07-31 00:00:00,18.200000762939453,18.43600082397461,17.75,17.950000762939453,1806900,32433856.378555298
2024-08-01 00:00:00,17.950000762939453,17.950000762939453,15.869999885559082,16.270000457763672,2218500,36094996.015548706
2024-08-02 00:00:00,15.550000190734863,16.020000457763672,15.0,15.640000343322754,2476600,38734024.85027313
2024-08-05 00:00:00,14.029999732971191,15.5,13.9399995803833,15.010000228881836,1546800,23217468.354034424
2024-08-06 00:00:00,15.329999923706055,15.380000114440918,14.630000114440918,15.125,1997600,30213700.0
2024-08-07 00:00:00,18.15999984741211,18.530000686645508,16.5,17.59000015258789,4659800,81965882.71102905
2024-08-08 00:00:00,18.049999237060547,19.700000762939453,18.049999237060547,19.489999771118164,2557100,49837878.41472626
2024-08-09 00:00:00,19.209999084472656,19.634000778198242,18.59000015258789,19.100000381469727,1646900,31455790.628242493
2024-08-12 00:00:00,19.09000015258789,19.219999313354492,18.31999969482422,18.889999389648438,1158400,21882175.29296875
2024-08-13 00:00:00,19.1299991607666,19.43000030517578,18.860000610351562,19.3799991607666,797200,15449735.330963135
2024-08-14 00:00:00,19.479999542236328,20.209999084472656,19.110000610351562,19.68000030517578,1283400,25257312.391662598
2024-08-15 00:00:00,19.829999923706055,20.389999389648438,19.614999771118164,20.309999465942383,1226800,24916307.344818115
2024-08-16 00:00:00,20.040000915527344,20.489999771118164,19.860000610351562,20.020000457763672,986700,19753734.451675415
2024-08-19 00:00:00,19.959999084472656,20.34000015258789,19.579999923706055,20.290000915527344,636900,12922701.583099365
2024-08-20 00:00:00,20.31999969482422,20.344999313354492,19.610000610351562,19.889999389648438,661100,13149278.596496582
2024-08-21 00:00:00,20.100000381469727,20.200000762939453,19.631000518798828,19.940000534057617,725400,14464476.387405396
2024-08-22 00:00:00,19.940000534057617,19.989999771118164,19.110000610351562,19.219999313354492,862300,16573405.407905579
2024-08-23 00:00:00,19.280000686645508,19.84000015258789,19.280000686645508,19.489999771118164,799600,15584203.816986084
2024-08-26 00:00:00,19.489999771118164,19.489999771118164,18.5,18.600000381469727,820400,15259440.312957764
2024-08-27 00:00:00,18.5,18.600000381469727,18.100000381469727,18.420000076293945,755400,13914468.057632446
2024-08-28 00:00:00,18.219999313354492,18.520000457763672,17.43400001525879,17.860000610351562,1052600,18799436.642456055
2024-08-29 00:00:00,18.229999542236328,18.309999465942383,17.700000762939453,17.780000686645508,828900,14737842.569160461
2024-08-30 00:00:00,18.200000762939453,18.299999237060547,17.809999465942383,18.040000915527344,774000,13962960.708618164
2024-09-03 00:00:00,17.600000381469727,17.649999618530273,16.600000381469727,16.704999923706055,1092500,18250212.416648865
2024-09-04 00:00:00,16.530000686645508,16.850000381469727,16.290000915527344,16.469999313354492,1322500,21781574.091911316
2024-09-05 00:00:00,16.56999969482422,16.860000610351562,16.170000076293945,16.530000686645508,871300,14402589.598274231
2024-09-06 00:00:00,16.329999923706055,16.420000076293945,15.595000267028809,15.649999618530273,1059800,16585869.595718384
2024-09-09 00:00:00,15.770000457763672,15.869999885559082,15.430000305175781,15.600000381469727,1130100,17629560.431098938
2024-09-10 00:00:00,15.729999542236328,15.930000305175781,15.40999984741211,15.869999885559082,929600,14752751.893615723
2024-09-11 00:00:00,15.979999542236328,16.68000030517578,15.520000457763672,16.639999389648438,785500,13070719.520568848
2024-09-12 00:00:00,16.56999969482422,16.649999618530273,15.949999809265137,16.260000228881836,1167800,18988428.267288208
2024-09-13 00:00:00,16.520000457763672,17.18000030517578,16.5,16.799999237060547,1015800,17065439.225006104
2024-09-16 00:00:00,16.549999237060547,16.649999618530273,16.139999389648438,16.3700008392334,633500,10370395.531654358
2024-09-17 00:00:00,16.700000762939453,16.979999542236328,16.513999938964844,16.780000686645508,578200,9702196.397018433
2024-09-18 00:00:00,16.780000686645508,17.184999465942383,16.3799991607666,16.530000686645508,889200,14698476.610565186
2024-09-19 00:00:00,17.350000381469727,17.56999969482422,16.95199966430664,17.475000381469727,962000,16810950.366973877
2024-09-20 00:00:00,17.239999771118164,17.374000549316406,16.8799991607666,17.040000915527344,767600,13079904.702758789
2024-09-23 00:00:00,17.139999389648438,17.209999084472656,16.73200035095215,17.06999969482422,630200,10757513.807678223
2024-09-24 00:00:00,17.719999313354492,18.299999237060547,17.1200008392334,18.200000762939453,1461700,26602941.1151886
2024-09-25 00:00:00,18.0,18.5,17.665000915527344,17.739999771118164,986800,17505831.774139404
2024-09-26 00:00:00,19.09000015258789,19.920000076293945,18.43000030517578,19.30500030517578,1886000,36409230.57556152
2024-09-27 00:00:00,19.389999389648438,19.739999771118164,19.010000228881836,19.489999771118164,871600,16987483.80050659
2024-09-30 00:00:00,19.84000015258789,21.290000915527344,19.760000228881836,20.299999237060547,2257700,45831308.2775116
2024-10-01 00:00:00,20.280000686645508,20.290000915527344,18.40999984741211,19.030000686645508,1929300,36714580.32474518
2024-10-02 00:00:00,19.969999313354492,20.239999771118164,19.020000457763672,19.110000610351562,1379500,26362245.84197998
2024-10-03 00:00:00,18.600000381469727,19.56999969482422,18.579999923706055,18.899999618530273,765200,14462279.708099365
2024-10-04 00:00:00,21.700000762939453,22.225000381469727,20.709999084472656,22.040000915527344,6074500,133881985.56137085
2024-10-07 00:00:00,23.360000610351562,26.31999969482422,22.989999771118164,23.594999313354492,6371200,150328459.62524414
2024-10-08 00:00:00,21.90999984741211,22.524999618530273,20.530000686645508,21.80500030517578,2770800,60417294.845581055
2024-10-09 00:00:00,21.700000762939453,22.280000686645508,21.43000030517578,22.06999969482422,1305200,28805763.60168457
2024-10-10 00:00:00,21.5,21.790000915527344,20.649999618530273,20.770000457763672,1513800,31441626.692962646
2024-10-11 00:00:00,20.360000610351562,21.600000381469727,20.341999053955078,21.31999969482422,1012000,21575839.69116211
2024-10-14 00:00:00,21.3700008392334,21.65999984741211,20.75,21.329999923706055,801300,17091728.93886566
2024-10-15 00:00:00,20.959999084472656,21.309999465942383,19.549999237060547,19.56999969482422,1620400,31711227.505493164
2024-10-16 00:00:00,19.799999237060547,19.905000686645508,19.367000579833984,19.459999084472656,855000,16638299.217224121
2024-10-17 00:00:00,19.520000457763672,19.530000686645508,18.450000762939453,19.0049991607666,1871900,35575457.929039
2024-10-18 00:00:00,19.739999771118164,20.25,19.125,19.209999084472656,1533800,29464296.59576416
2024-10-21 00:00:00,19.149999618530273,19.43000030517578,18.989999771118164,19.149999618530273,738500,14142274.718284607
2024-10-22 00:00:00,19.049999237060547,20.049999237060547,18.9950008392334,19.43000030517578,840300,16327029.256439209
2024-10-23 00:00:00,19.239999771118164,19.690000534057617,18.860000610351562,19.079999923706055,1017200,19408175.9223938
2024-10-24 00:00:00,19.350000381469727,19.799999237060547,19.059999465942383,19.239999771118164,822100,15817203.811836243
2024-10-25 00:00:00,19.3700008392334,20.149999618530273,19.31999969482422,19.520000457763672,803900,15692128.367996216
2024-10-28 00:00:00,19.469999313354492,20.040000915527344,19.450000762939453,19.690000534057617,688800,13562472.367858887
2024-10-29 00:00:00,19.760000228881836,20.05500030517578,19.290000915527344,19.96500015258789,871100,17391511.63291931
2024-10-30 00:00:00,20.030000686645508,20.399999618530273,19.709999084472656,20.030000686645508,916500,18357495.629310608
2024-10-31 00:00:00,19.8799991607666,20.0,18.56999969482422,18.795000076293945,1397100,26258494.60659027
2024-11-01 00:00:00,18.90999984741211,19.260000228881836,18.510000228881836,18.549999237060547,1069400,19837369.18411255
2024-11-04 00:00:00,18.56999969482422,19.190000534057617,18.559999465942383,18.559999465942383,1224900,22734143.345832825
2024-11-05 00:00:00,18.6299991607666,19.09000015258789,18.110000610351562,18.18000030517578,1654500,30078810.50491333
2024-11-06 00:00:00,18.18000030517578,19.020000457763672,17.920000076293945,18.950000762939453,2053300,38910036.56654358
2024-11-07 00:00:00,21.290000915527344,22.1200008392334,19.700000762939453,20.600000381469727,2702200,55665321.030807495
2024-11-08 00:00:00,20.0,20.37299919128418,18.850000381469727,19.219999313354492,1786200,34330762.773513794
2024-11-11 00:00:00,19.299999237060547,19.68000030517578,18.690000534057617,19.09000015258789,1420800,27123072.216796875
2024-11-12 00:00:00,19.030000686645508,19.1200008392334,18.360000610351562,18.670000076293945,1240700,23163869.094657898
2024-11-13 00:00:00,18.610000610351562,18.920000076293945,18.479999542236328,18.59000015258789,985900,18327881.1504364
2024-11-14 00:00:00,18.889999389648438,18.989999771118164,18.479999542236328,18.729999542236328,850200,15924245.610809326
2024-11-15 00:00:00,18.389999389648438,18.6200008392334,18.114999771118164,18.329999923706055,967400,17732441.926193237
2024-11-18 00:00:00,18.350000381469727,18.924999237060547,18.34000015258789,18.450000762939453,715600,13202820.545959473
2024-11-19 00:00:00,18.420000076293945,18.600000381469727,18.209999084472656,18.399999618530273,498700,9176079.809761047
2024-11-20 00:00:00,18.239999771118164,18.797000885009766,18.209999084472656,18.68000030517578,586000,10946480.178833008
2024-11-21 00:00:00,18.739999771118164,19.610000610351562,18.59000015258789,19.18000030517578,916000,17568880.279541016
2024-11-22 00:00:00,19.040000915527344,19.30500030517578,18.780000686645508,18.790000915527344,998600,18763694.914245605
2024-11-25 00:00:00,19.079999923706055,19.149999618530273,18.399999618530273,18.440000534057617,981400,18097016.524124146
2024-11-26 00:00:00,18.3799991607666,18.440000534057617,17.1200008392334,17.3700008392334,1879500,32646916.577339172
2024-11-27 00:00:00,17.600000381469727,17.68899917602539,16.93000030517578,17.270000457763672,1266800,21877636.57989502
2024-11-29 00:00:00,17.34000015258789,17.670000076293945,17.1200008392334,17.190000534057617,985000,16932150.526046753
2024-12-02 00:00:00,16.75,17.239999771118164,15.449999809265137,15.65999984741211,4610700,72203561.29646301
2024-12-03 00:00:00,15.760000228881836,16.280000686645508,15.710000038146973,16.200000762939453,2377000,38507401.81350708
2024-12-04 00:00:00,16.350000381469727,16.84000015258789,16.079999923706055,16.56999969482422,2094500,34705864.360809326
2024-12-05 00:00:00,16.5,16.56999969482422,13.869999885559082,14.100000381469727,6070700,85596872.31578827
2024-12-06 00:00:00,14.359999656677246,15.09000015258789,14.220000267028809,14.890000343322754,2206400,32853296.757507324
2024-12-09 00:00:00,15.430000305175781,16.450000762939453,15.40999984741211,16.020000457763672,2236400,35827129.023742676
2024-12-10 00:00:00,15.779999732971191,16.020000457763672,15.329999923706055,15.779999732971191,1841500,29058869.50826645
2024-12-11 00:00:00,15.920000076293945,16.100000381469727,15.494999885559082,15.600000381469727,1228300,19161480.468559265
2024-12-12 00:00:00,15.350000381469727,15.600000381469727,15.199999809265137,15.260000228881836,860900,13137334.197044373
2024-12-13 00:00:00,15.399999618530273,15.619999885559082,15.180000305175781,15.59000015258789,1471600,22942244.22454834
2024-12-16 00:00:00,15.619999885559082,15.630000114440918,15.210000038146973,15.239999771118164,781000,11902439.821243286
2024-12-17 00:00:00,15.369999885559082,15.510000228881836,15.064000129699707,15.300000190734863,836800,12803040.159606934
2024-12-18 00:00:00,15.470000267028809,16.190000534057617,14.899999618530273,15.15999984741211,1445300,21910747.77946472
2024-12-19 00:00:00,15.699999809265137,15.890000343322754,15.130000114440918,15.210000038146973,1500800,22827168.057250977
2024-12-20 00:00:00,14.890000343322754,15.180000305175781,14.710000038146973,14.90999984741211,1199900,17890508.81690979
2024-12-23 00:00:00,15.0600004196167,15.300000190734863,14.970000267028809,15.289999961853027,606100,9267268.97687912
2024-12-24 00:00:00,15.3100004196167,15.489999771118164,15.199999809265137,15.380000114440918,363500,5590630.041599274
2024-12-26 00:00:00,15.300000190734863,15.6899995803833,15.100000381469727,15.65999984741211,747500,11705849.885940552
2024-12-27 00:00:00,15.5600004196167,15.600000381469727,15.0600004196167,15.199999809265137,903800,13737759.82761383
2024-12-30 00:00:00,15.029999732971191,15.140000343322754,14.647000312805176,15.069999694824219,1034100,15583886.684417725
2024-12-31 00:00:00,15.15999984741211,15.274999618530273,14.930000305175781,15.100000381469727,1117500,16874250.42629242
2025-01-02 00:00:00,15.210000038146973,15.770000457763672,15.180000305175781,15.569999694824219,986600,15361361.698913574
2025-01-03 00:00:00,15.800000190734863,16.125999450683594,15.380000114440918,15.5,1142900,17714950.0
2025-01-06 00:00:00,16.149999618530273,16.5,15.8149995803833,15.869999885559082,1202900,19090022.86233902
2025-01-07 00:00:00,15.989999771118164,16.329999923706055,15.789999961853027,16.149999618530273,899500,14526924.656867981
2025-01-08 00:00:00,15.859999656677246,16.0049991607666,15.319999694824219,15.40999984741211,790800,12186227.879333496
2025-01-10 00:00:00,15.460000038146973,15.760000228881836,15.239999771118164,15.619999885559082,1191700,18614353.863620758
2025-01-13 00:00:00,15.1899995803833,15.529999732971191,14.970000267028809,15.489999771118164,710500,11005644.837379456
2025-01-14 00:00:00,16.5,17.989999771118164,16.440000534057617,17.860000610351562,2961300,52888819.80743408
2025-01-15 00:00:00,18.389999389648438,18.489999771118164,17.790000915527344,17.889999389648438,1847500,33051773.87237549
2025-01-16 00:00:00,18.075000762939453,18.3700008392334,17.040000915527344,17.68000030517578,1220700,21581976.372528076
2025-01-17 00:00:00,18.0,18.100000381469727,17.579999923706055,17.639999389648438,675600,11917583.587646484
2025-01-21 00:00:00,17.709999084472656,18.81999969482422,17.290000915527344,18.59000015258789,1252900,23291411.19117737
2025-01-22 00:00:00,18.639999389648438,19.3799991607666,18.56999969482422,18.690000534057617,978800,18293772.522735596
2025-01-23 00:00:00,18.270000457763672,18.559999465942383,18.18000030517578,18.420000076293945,672000,12378240.051269531
2025-01-24 00:00:00,18.5,18.799999237060547,18.229999542236328,18.600000381469727,736400,13697040.280914307
2025-01-27 00:00:00,17.899999618530273,18.0,16.81999969482422,17.219999313354492,1370200,23594843.059158325
2025-01-28 00:00:00,17.260000228881836,17.3700008392334,16.80500030517578,16.899999618530273,1167500,19730749.554634094
2025-01-29 00:00:00,17.3700008392334,17.600000381469727,16.959999084472656,17.479999542236328,559700,9783555.743789673
2025-01-30 00:00:00,19.530000686645508,21.138999938964844,19.0,20.540000915527344,4648700,95484302.25601196
2025-01-31 00:00:00,20.649999618530273,21.729999542236328,20.510000228881836,20.549999237060547,2520200,51790108.07723999
2025-02-03 00:00:00,19.8700008392334,20.489999771118164,19.700000762939453,19.920000076293945,1371000,27310320.104599
2025-02-04 00:00:00,20.0,21.059999465942383,19.959999084472656,20.700000762939453,1201300,24866910.916519165
2025-02-05 00:00:00,20.510000228881836,21.139999389648438,20.450000762939453,20.850000381469727,1092000,22768200.41656494
2025-02-06 00:00:00,20.90999984741211,23.25,20.90999984741211,23.010000228881836,2898300,66689883.663368225
2025-02-07 00:00:00,22.799999237060547,22.84000015258789,22.030000686645508,22.760000228881836,1690000,38464400.3868103
2025-02-10 00:00:00,22.889999389648438,23.510000228881836,22.729999542236328,23.360000610351562,1544400,36077184.94262695
2025-02-11 00:00:00,22.950000762939453,23.270000457763672,22.739999771118164,23.049999237060547,987500,22761874.24659729
2025-02-12 00:00:00,22.579999923706055,23.030000686645508,22.350000381469727,22.90999984741211,1169500,26793244.821548462
2025-02-13 00:00:00,22.959999084472656,23.476999282836914,22.670000076293945,23.200000762939453,973800,22592160.74295044
2025-02-14 00:00:00,23.239999771118164,23.940000534057617,23.104999542236328,23.780000686645508,1059100,25185398.727226257
2025-02-18 00:00:00,24.0,24.440000534057617,23.190000534057617,24.079999923706055,1322200,31838575.899124146
2025-02-19 00:00:00,24.0,27.43000030517578,23.950000762939453,26.440000534057617,3367300,89031413.79833221
2025-02-20 00:00:00,26.989999771118164,27.989999771118164,26.399999618530273,26.799999237060547,1966400,52699518.49975586
2025-02-21 00:00:00,27.450000762939453,27.600000381469727,25.649999618530273,26.040000915527344,1690900,44031037.548065186
2025-02-24 00:00:00,26.0,26.040000915527344,23.450000762939453,23.489999771118164,2266100,53230688.48133087
2025-02-25 00:00:00,23.469999313354492,23.5,22.290000915527344,22.940000534057617,1699900,38995706.90784454
2025-02-26 00:00:00,27.670000076293945,28.639999389648438,26.549999237060547,27.690000534057617,5943700,164581056.17427826
2025-02-27 00:00:00,28.06999969482422,28.520000457763672,26.059999465942383,26.100000381469727,2739500,71500951.04503632
2025-02-28 00:00:00,25.65999984741211,26.950000762939453,25.200000762939453,25.940000534057617,1792500,46497450.95729828
2025-03-03 00:00:00,26.149999618530273,26.315000534057617,23.959999084472656,24.309999465942383,1853300,45053722.01023102
2025-03-04 00:00:00,24.0,26.209999084472656,23.899999618530273,25.540000915527344,3505900,89540689.20974731
2025-03-05 00:00:00,26.049999237060547,26.979999542236328,25.8799991607666,26.65999984741211,2031800,54167787.689971924
2025-03-06 00:00:00,26.43000030517578,27.239999771118164,25.52400016784668,26.459999084472656,1520700,40237720.60775757
2025-03-07 00:00:00,26.25,27.239999771118164,25.639999389648438,27.079999923706055,1576300,42686203.879737854
2025-03-10 00:00:00,26.389999389648438,26.979999542236328,25.459999084472656,26.059999465942383,1749800,45599787.06550598
2025-03-11 00:00:00,26.549999237060547,27.739999771118164,26.25,27.020000457763672,1946100,52583622.89085388
2025-03-12 00:00:00,27.65999984741211,28.06999969482422,27.020000457763672,27.5,1417400,38978500.0
2025-03-13 00:00:00,27.100000381469727,27.75,26.579999923706055,27.440000534057617,1130900,31031896.60396576
2025-03-14 00:00:00,28.06999969482422,29.989999771118164,28.0,29.18000030517578,2362300,68931914.72091675
2025-03-17 00:00:00,29.1200008392334,30.639999389648438,28.889999389648438,29.979999542236328,2212700,66336744.98710632
2025-03-18 00:00:00,29.93000030517578,30.059999465942383,29.209999084472656,29.799999237060547,1055200,31444959.19494629
2025-03-19 00:00:00,29.780000686645508,29.916000366210938,29.030000686645508,29.219999313354492,900100,26300921.38195038
2025-03-20 00:00:00,28.440000534057617,29.18000030517578,27.079999923706055,27.5,2317300,63725750.0
2025-03-21 00:00:00,26.979999542236328,27.239999771118164,26.6200008392334,26.8700008392334,1493400,40127659.25331116
2025-03-24 00:00:00,27.399999618530273,27.850000381469727,27.06999969482422,27.739999771118164,1105800,30674891.746902466
2025-03-25 00:00:00,27.850000381469727,29.040000915527344,27.809999465942383,28.55500030517578,1116700,31887368.840789795
2025-03-26 00:00:00,28.520000457763672,29.0,27.3799991607666,27.809999465942383,942600,26213705.49659729
2025-03-27 00:00:00,27.5,28.6299991607666,26.899999618530273,26.920000076293945,1410100,37959892.10758209
2025-03-28 00:00:00,26.549999237060547,26.579999923706055,24.26099967956543,24.610000610351562,1568400,38598324.95727539
2025-03-31 00:00:00,23.719999313354492,23.799999237060547,22.799999237060547,23.34000015258789,2405900,56153706.367111206
2025-04-01 00:00:00,23.229999542236328,24.030000686645508,22.850000381469727,23.950000762939453,1491100,35711846.13761902
2025-04-02 00:00:00,23.399999618530273,23.790000915527344,22.889999389648438,23.389999389648438,1471300,34413706.101989746
2025-04-03 00:00:00,21.78499984741211,22.469999313354492,20.969999313354492,22.350000381469727,3119100,69711886.18984222
2025-04-04 00:00:00,21.020000457763672,21.825000762939453,19.450000762939453,20.299999237060547,2158400,43815518.353271484
2025-04-07 00:00:00,19.15999984741211,21.985000610351562,18.649999618530273,19.149999618530273,3017000,57775548.849105835
2025-04-08 00:00:00,20.149999618530273,20.274999618530273,18.0,18.329999923706055,2395000,43900349.817276
2025-04-09 00:00:00,18.610000610351562,20.8799991607666,16.81999969482422,20.139999389648438,4482000,90267477.2644043
2025-04-10 00:00:00,19.200000762939453,19.3700008392334,18.079999923706055,18.420000076293945,1825100,33618342.13924408
2025-04-11 00:00:00,18.530000686645508,19.5,18.040000915527344,19.229999542236328,1813400,34871681.16989136
2025-04-14 00:00:00,20.045000076293945,20.5,19.621999740600586,20.15999984741211,1860000,37497599.71618652
2025-04-15 00:00:00,20.139999389648438,20.860000610351562,20.09000015258789,20.5,1125600,23074800.0
2025-04-16 00:00:00,19.649999618530273,20.100000381469727,19.229999542236328,19.729999542236328,1253300,24727608.42628479
2025-04-17 00:00:00,19.969999313354492,19.969999313354492,19.190000534057617,19.360000610351562,1252500,24248400.764465332
2025-04-21 00:00:00,18.860000610351562,19.075000762939453,18.049999237060547,18.399999618530273,1043200,19194879.60205078
2025-04-22 00:00:00,18.59000015258789,18.93000030517578,18.350000381469727,18.450000762939453,1000400,18457380.76324463
2025-04-23 00:00:00,19.920000076293945,22.190000534057617,19.700000762939453,19.729999542236328,2101000,41452729.038238525
2025-04-24 00:00:00,20.235000610351562,21.299999237060547,20.0,20.8799991607666,1525700,31856614.719581604
2025-04-25 00:00:00,20.59000015258789,21.549999237060547,20.520000457763672,21.229999542236328,1073300,22786158.50868225
2025-04-28 00:00:00,21.270000457763672,21.655000686645508,20.329999923706055,20.799999237060547,1643100,34176478.746414185
2025-04-29 00:00:00,19.440000534057617,19.75,17.315000534057617,18.520000457763672,4044100,74896733.85124207
2025-04-30 00:00:00,17.850000381469727,19.6200008392334,17.850000381469727,19.469999313354492,2412400,46969426.34353638
2025-05-01 00:00:00,19.780000686645508,19.799999237060547,18.479999542236328,18.59000015258789,1717700,31932043.26210022
2025-05-02 00:00:00,19.15999984741211,20.09000015258789,19.09000015258789,19.93000030517578,1334600,26598578.407287598
2025-05-05 00:00:00,19.68000030517578,20.229999542236328,19.530000686645508,19.709999084472656,1138600,22441804.957580566
2025-05-06 00:00:00,19.170000076293945,19.656999588012695,19.100000381469727,19.579999923706055,1031800,20202643.921279907
2025-05-07 00:00:00,19.549999237060547,20.1299991607666,19.256999969482422,20.030000686645508,1305500,26149165.89641571
2025-05-08 00:00:00,19.959999084472656,22.915000915527344,19.760000228881836,22.43000030517578,2426700,54430881.74057007
2025-05-09 00:00:00,22.43000030517578,23.479999542236328,21.933000564575195,22.190000534057617,1572100,34884899.83959198
2025-05-12 00:00:00,24.079999923706055,24.780000686645508,23.934999465942383,24.6200008392334,1724600,42459653.44734192
2025-05-13 00:00:00,24.610000610351562,25.200000762939453,24.56999969482422,25.139999389648438,1117600,28096463.317871094
2025-05-14 00:00:00,25.360000610351562,25.604999542236328,24.940000534057617,25.149999618530273,1455500,36605824.44477081
2025-05-15 00:00:00,24.489999771118164,24.850000381469727,23.649999618530273,24.329999923706055,1149300,27962468.91231537
2025-05-16 00:00:00,24.209999084472656,24.3700008392334,23.420000076293945,23.729999542236328,1087200,25799255.502319336
2025-05-19 00:00:00,22.860000610351562,23.375,22.530000686645508,23.350000381469727,1166200,27230770.444869995
2025-05-20 00:00:00,23.299999237060547,24.40999984741211,23.260000228881836,24.280000686645508,1039700,25243916.713905334
2025-05-21 00:00:00,23.989999771118164,24.100000381469727,22.910999298095703,23.030000686645508,1254700,28895741.86153412
2025-05-22 00:00:00,22.860000610351562,23.200000762939453,22.399999618530273,22.540000915527344,865500,19508370.792388916
2025-05-23 00:00:00,22.0,22.649999618530273,21.989999771118164,22.40999984741211,634100,14210180.903244019
2025-05-27 00:00:00,23.18000030517578,23.6299991607666,22.950000762939453,23.290000915527344,926100,21568869.847869873
2025-05-28 00:00:00,23.25,23.31999969482422,22.674999237060547,22.709999084472656,602500,13682774.448394775
2025-05-29 00:00:00,23.399999618530273,23.6299991607666,22.549999237060547,22.989999771118164,795400,18286245.817947388
2025-05-30 00:00:00,22.825000762939453,22.829999923706055,21.87299919128418,22.549999237060547,828100,18673654.36820984
2025-06-02 00:00:00,22.43000030517578,22.889999389648438,22.229999542236328,22.75,635300,14453075.0
2025-06-03 00:00:00,22.969999313354492,23.375,22.610000610351562,23.350000381469727,720500,16823675.274848938
2025-06-04 00:00:00,23.530000686645508,23.667999267578125,22.875,23.100000381469727,1054900,24368190.402412415
2025-06-05 00:00:00,23.149999618530273,23.8799991607666,23.049999237060547,23.610000610351562,1009600,23836656.616210938
2025-06-06 00:00:00,23.760000228881836,25.04199981689453,23.670000076293945,24.700000762939453,1559000,38507301.18942261
2025-06-09 00:00:00,25.149999618530273,25.599000930786133,24.868999481201172,25.020000457763672,1132500,28335150.51841736
2025-06-10 00:00:00,25.329999923706055,25.79800033569336,24.969999313354492,25.3799991607666,915300,23230313.23184967
2025-06-11 00:00:00,25.850000381469727,26.90999984741211,25.364999771118164,25.850000381469727,885500,22890175.337791443
2025-06-12 00:00:00,25.530000686645508,25.950000762939453,25.530000686645508,25.725000381469727,581700,14964232.72190094
2025-06-13 00:00:00,24.84000015258789,25.100000381469727,24.239999771118164,24.3700008392334,840300,20478111.705207825
2025-06-16 00:00:00,24.799999237060547,25.639999389648438,24.634000778198242,25.420000076293945,479100,12178722.03655243
2025-06-17 00:00:00,25.049999237060547,25.530000686645508,24.799999237060547,25.200000762939453,659600,16621920.503234863
2025-06-18 00:00:00,25.09000015258789,25.770000457763672,24.950000762939453,25.190000534057617,891100,22446809.475898743
2025-06-20 00:00:00,25.549999237060547,25.59000015258789,24.270000457763672,24.420000076293945,768300,18761886.05861664
2025-06-23 00:00:00,24.239999771118164,24.81999969482422,23.809999465942383,24.68000030517578,762800,18825904.232788086
2025-06-24 00:00:00,25.200000762939453,26.190000534057617,25.06999969482422,26.174999237060547,680200,17804234.481048584
2025-06-25 00:00:00,26.18000030517578,26.549999237060547,25.809999465942383,26.049999237060547,481000,12530049.633026123
2025-06-26 00:00:00,26.40999984741211,26.639999389648438,26.20800018310547,26.510000228881836,512600,13589026.11732483
2025-06-27 00:00:00,26.459999084472656,26.650999069213867,25.420000076293945,25.780000686645508,1506600,38840149.03450012
2025-06-30 00:00:00,26.020000457763672,26.3700008392334,25.829999923706055,25.899999618530273,1164800,30168319.555664062
2025-07-01 00:00:00,26.100000381469727,27.072999954223633,25.309999465942383,26.549999237060547,792900,21051494.395065308
2025-07-02 00:00:00,26.440000534057617,27.860000610351562,26.229999542236328,27.549999237060547,932300,25684864.288711548
2025-07-03 00:00:00,27.649999618530273,27.829999923706055,27.261999130249023,27.809999465942383,366800,10200707.804107666
2025-07-07 00:00:00,27.3799991607666,28.280000686645508,27.020000457763672,27.979999542236328,931600,26066167.573547363
2025-07-08 00:00:00,28.3799991607666,29.270000457763672,28.010000228881836,28.530000686645508,1062800,30321684.729766846
2025-07-09 00:00:00,28.729999542236328,29.309999465942383,28.610000610351562,29.110000610351562,795400,23154094.485473633
2025-07-10 00:00:00,29.350000381469727,29.510000228881836,28.579999923706055,29.190000534057617,705400,20590626.376724243
2025-07-11 00:00:00,28.81999969482422,29.149999618530273,28.520000457763672,28.559999465942383,718300,20514647.616386414
2025-07-14 00:00:00,28.610000610351562,29.059999465942383,27.829999923706055,28.93000030517578,631200,18260616.192626953
2025-07-15 00:00:00,29.5,30.368999481201172,29.260000228881836,29.459999084472656,855900,25214813.216400146
2025-07-16 00:00:00,29.1299991607666,29.84000015258789,28.549999237060547,29.65999984741211,713100,21150545.891189575
2025-07-17 00:00:00,29.760000228881836,30.482999801635742,29.25,30.200000762939453,682800,20620560.52093506
2025-07-18 00:00:00,30.149999618530273,30.579999923706055,30.049999237060547,30.079999923706055,933400,28076671.92878723
2025-07-21 00:00:00,30.100000381469727,30.729999542236328,29.829999923706055,30.399999618530273,839700,25526879.67967987
2025-07-22 00:00:00,30.100000381469727,30.100000381469727,29.0,29.600000381469727,1647200,48757120.62835693
2025-07-23 00:00:00,29.649999618530273,30.540000915527344,29.469999313354492,30.190000534057617,728200,21984358.388900757
2025-07-24 00:00:00,30.260000228881836,30.389999389648438,29.700000762939453,29.799999237060547,528200,15740359.59701538
2025-07-25 00:00:00,29.799999237060547,29.969999313354492,29.1200008392334,29.93000030517578,725700,21720201.221466064
2025-07-28 00:00:00,30.309999465942383,32.0,30.290000915527344,31.979999542236328,1681100,53761577.23045349
2025-07-29 00:00:00,32.0,32.5,31.06999969482422,31.68000030517578,1008100,31936608.307647705
2025-07-30 00:00:00,31.954999923706055,32.540000915527344,31.600000381469727,32.060001373291016,1010100,32383807.387161255
2025-07-31 00:00:00,31.950000762939453,31.989999771118164,30.118000030517578,30.360000610351562,1059300,32160348.64654541
2025-08-01 00:00:00,29.454999923706055,29.84000015258789,28.420000076293945,29.479999542236328,1090300,32142043.50090027
2025-08-04 00:00:00,29.950000762939453,30.75,29.729999542236328,30.739999771118164,849800,26122851.805496216
2025-08-05 00:00:00,31.0,31.235000610351562,29.344999313354492,29.649999618530273,1415500,41969574.4600296
2025-08-06 00:00:00,25.149999618530273,25.770000457763672,23.030000686645508,25.100000381469727,4676700,117385171.78401947
2025-08-07 00:00:00,25.850000381469727,25.885000228881836,24.06399917602539,24.270000457763672,1862600,45205302.852630615
2025-08-08 00:00:00,24.229999542236328,24.31999969482422,23.59000015258789,23.940000534057617,1511600,36187704.807281494
2025-08-11 00:00:00,24.459999084472656,25.187999725341797,23.8700008392334,23.920000076293945,1064700,25467624.081230164
2025-08-12 00:00:00,24.100000381469727,25.06999969482422,24.100000381469727,24.93000030517578,1122600,27986418.342590332
2025-08-13 00:00:00,25.700000762939453,25.920000076293945,25.075000762939453,25.459999084472656,1086300,27657197.005462646
2025-08-14 00:00:00,25.399999618530273,25.65999984741211,24.992000579833984,25.479999542236328,892300,22735803.591537476
2025-08-15 00:00:00,25.479999542236328,25.479999542236328,24.3799991607666,25.020000457763672,1361100,34054722.623062134
2025-08-18 00:00:00,24.920000076293945,25.2549991607666,24.684999465942383,25.15999984741211,821100,20658875.874710083
2025-08-19 00:00:00,25.15999984741211,25.593000411987305,24.594999313354492,25.06999969482422,778600,19519501.762390137
2025-08-20 00:00:00,25.0,25.209999084472656,24.139999389648438,25.15999984741211,816000,20530559.87548828
2025-08-21 00:00:00,24.93000030517578,25.799999237060547,24.93000030517578,25.610000610351562,1196600,30644926.73034668
2025-08-22 00:00:00,28.399999618530273,31.850000381469727,28.399999618530273,30.530000686645508,5775100,176313806.96544647
2025-08-25 00:00:00,31.739999771118164,32.290000915527344,28.68000030517578,28.799999237060547,2510000,72287998.08502197
2025-08-26 00:00:00,29.549999237060547,29.989999771118164,29.100000381469727,29.90999984741211,1261900,37743428.80744934
2025-08-27 00:00:00,29.190000534057617,29.34000015258789,27.475000381469727,28.579999923706055,1725900,49326221.86832428
2025-08-28 00:00:00,28.989999771118164,29.489999771118164,28.110000610351562,29.290000915527344,1432500,41957926.31149292
2025-08-29 00:00:00,29.34000015258789,29.469999313354492,28.049999237060547,28.219999313354492,1177500,33229049.191474915
2025-09-02 00:00:00,27.360000610351562,27.979999542236328,26.700000762939453,27.579999923706055,1199300,33076693.90850067
2025-09-03 00:00:00,27.290000915527344,27.5,26.229999542236328,26.829999923706055,2350200,63055865.82069397
2025-09-04 00:00:00,26.40999984741211,27.020000457763672,26.100000381469727,26.979999542236328,1101400,29715771.49581909
2025-09-05 00:00:00,27.389999389648438,27.56999969482422,26.534000396728516,27.40999984741211,1350600,37019945.793914795
2025-09-08 00:00:00,27.809999465942383,27.908000946044922,26.84000015258789,26.969999313354492,1200300,32372090.175819397
2025-09-09 00:00:00,26.889999389648438,27.975000381469727,26.440000534057617,27.90999984741211,1318600,36802125.79879761
2025-09-10 00:00:00,28.06999969482422,28.760000228881836,27.700000762939453,28.059999465942383,790800,22189847.577667236
2025-09-11 00:00:00,28.489999771118164,30.3700008392334,28.469999313354492,30.100000381469727,1282900,38615290.48938751
2025-09-12 00:00:00,30.040000915527344,30.579999923706055,29.625,29.860000610351562,1616100,48256746.98638916
2025-09-15 00:00:00,29.940000534057617,30.08799934387207,29.469999313354492,29.829999923706055,944800,28183383.92791748
2025-09-16 00:00:00,30.020000457763672,31.25,29.959999084472656,30.940000534057617,1499800,46403812.800979614
2025-09-17 00:00:00,31.5,33.880001068115234,31.42300033569336,33.7599983215332,3878400,130934777.49023438
2025-09-18 00:00:00,34.52000045776367,36.16999816894531,34.09000015258789,36.09000015258789,3399800,122698782.51876831
2025-09-19 00:00:00,35.75,36.29899978637695,34.92300033569336,35.88999938964844,1789400,64221564.907836914
2025-09-22 00:00:00,36.0,37.27000045776367,35.869998931884766,36.68000030517578,2322800,85200304.7088623
2025-09-23 00:00:00,38.79999923706055,39.849998474121094,38.52000045776367,38.9900016784668,4592900,179077178.70903015
2025-09-24 00:00:00,39.0,40.099998474121094,38.380001068115234,38.689998626708984,3447800,133395377.26516724
2025-09-25 00:00:00,37.5,38.220001220703125,36.810001373291016,37.959999084472656,10585600,401829366.30859375
2025-09-26 00:00:00,37.0,38.040000915527344,36.849998474121094,37.77000045776367,1654700,62498019.75746155
2025-09-29 00:00:00,39.5,39.83000183105469,38.25,38.63999938964844,1958800,75688030.80444336
2025-09-30 00:00:00,38.63999938964844,39.599998474121094,38.400001525878906,39.130001068115234,1577700,61735402.685165405
2025-10-01 00:00:00,38.63999938964844,44.290000915527344,38.5,43.779998779296875,2392200,104730513.07983398
2025-10-02 00:00:00,45.0,45.119998931884766,43.209999084472656,43.31999969482422,1909100,82702211.41738892
2025-10-03 00:00:00,43.31999969482422,43.42300033569336,41.17100143432617,41.560001373291016,1989800,82696090.73257446
2025-10-06 00:00:00,42.09000015258789,43.5,41.70000076293945,41.779998779296875,1199300,50106752.53601074
2025-10-07 00:00:00,41.79999923706055,42.18000030517578,39.939998626708984,40.459999084472656,1311000,53043058.79974365
2025-10-08 00:00:00,40.5,42.0,40.4900016784668,41.9900016784668,851800,35767083.42971802
2025-10-09 00:00:00,42.0,42.0,40.7599983215332,41.06999969482422,762100,31299446.767425537
2025-10-10 00:00:00,41.150001525878906,41.18000030517578,36.400001525878906,36.59000015258789,2379300,87058587.36305237
2025-10-13 00:00:00,39.060001373291016,39.529998779296875,38.138999938964844,38.625,969900,37462387.5
2025-10-14 00:00:00,36.79999923706055,39.060001373291016,36.7599983215332,38.11000061035156,970500,36985755.59234619
2025-10-15 00:00:00,38.56999969482422,39.36000061035156,37.435001373291016,39.31999969482422,1187500,46692499.63760376
2025-10-16 00:00:00,39.97999954223633,40.43000030517578,38.91999816894531,39.68000030517578,1377800,54671104.42047119
2025-10-17 00:00:00,38.560001373291016,39.439998626708984,37.2400016784668,38.06999969482422,1117600,42547031.65893555
2025-10-20 00:00:00,38.459999084472656,40.02000045776367,38.41999816894531,39.790000915527344,1033600,41126944.94628906
2025-10-21 00:00:00,39.36000061035156,39.63999938964844,38.38999938964844,38.93000030517578,697400,27149782.21282959
2025-10-22 00:00:00,38.2599983215332,38.83700180053711,36.81999969482422,37.630001068115234,751800,28290234.803009033
2025-10-23 00:00:00,37.38999938964844,40.619998931884766,37.11000061035156,40.25,869100,34981275.0
2025-10-24 00:00:00,41.13999938964844,42.16999816894531,40.62200164794922,41.720001220703125,988600,41244393.20678711
2025-10-27 00:00:00,43.0099983215332,43.17100143432617,41.959999084472656,42.43000030517578,950100,40312743.28994751
2025-10-28 00:00:00,41.9900016784668,41.9900016784668,40.38999938964844,40.470001220703125,670300,27127041.818237305
2025-10-29 00:00:00,41.5099983215332,42.91999816894531,41.06999969482422,42.18000030517578,1240600,52328508.378601074
2025-10-30 00:00:00,41.66999816894531,42.29999923706055,40.130001068115234,41.220001220703125,772700,31850694.943237305
2025-10-31 00:00:00,41.40999984741211,42.0,40.630001068115234,41.459999084472656,567200,23516111.48071289
2025-11-03 00:00:00,41.86000061035156,42.0,40.5629997253418,41.369998931884766,893900,36980642.04521179
2025-11-04 00:00:00,39.790000915527344,40.334999084472656,38.15999984741211,38.900001525878906,1464600,56972942.234802246
2025-11-05 00:00:00,30.799999237060547,33.34000015258789,30.5,31.139999389648438,4860700,151362195.03326416
2025-11-06 00:00:00,31.260000228881836,32.595001220703125,30.760000228881836,30.920000076293945,1978800,61184496.15097046
2025-11-07 00:00:00,30.170000076293945,31.200000762939453,29.579999923706055,31.100000381469727,1450300,45104330.553245544
2025-11-10 00:00:00,32.084999084472656,33.68000030517578,31.440000534057617,32.95000076293945,2316400,76325381.76727295
2025-11-11 00:00:00,32.040000915527344,32.720001220703125,30.959999084472656,32.63999938964844,1713800,55938430.95397949
2025-11-12 00:00:00,32.939998626708984,33.939998626708984,32.5,33.810001373291016,1918200,64854344.634246826
2025-11-13 00:00:00,33.810001373291016,34.35499954223633,32.27000045776367,32.63999938964844,2132000,69588478.69873047
2025-11-14 00:00:00,30.649999618530273,32.40999984741211,30.549999237060547,31.510000228881836,855100,26944201.195716858
2025-11-17 00:00:00,31.510000228881836,32.68899917602539,31.110000610351562,31.469999313354492,789900,24858152.457618713
2025-11-18 00:00:00,30.899999618530273,31.389999389648438,29.799999237060547,30.770000457763672,905700,27868389.414596558
2025-11-19 00:00:00,31.079999923706055,32.06999969482422,30.799999237060547,31.5,693000,21829500.0
2025-11-20 00:00:00,32.0099983215332,32.775001525878906,29.40999984741211,29.670000076293945,841300,24961371.064186096
2025-11-21 00:00:00,29.3700008392334,30.46500015258789,28.459999084472656,30.030000686645508,1498700,45005962.02907562
2025-11-24 00:00:00,30.329999923706055,32.40999984741211,30.020000457763672,32.0099983215332,909300,29106691.47377014
2025-11-25 00:00:00,32.63999938964844,33.349998474121094,31.239999771118164,33.099998474121094,1347100,44589007.944488525
2025-11-26 00:00:00,33.0,33.619998931884766,32.5,32.869998931884766,999800,32863424.93209839
2025-11-28 00:00:00,33.02000045776367,33.470001220703125,32.630001068115234,33.40999984741211,531100,17744050.91896057
2025-12-01 00:00:00,32.95000076293945,33.900001525878906,32.834999084472656,33.310001373291016,898700,29935698.234176636
2025-12-02 00:00:00,33.310001373291016,33.7400016784668,32.720001220703125,32.869998931884766,2104900,69188060.75172424
2025-12-03 00:00:00,32.959999084472656,33.97999954223633,32.20000076293945,33.939998626708984,986200,33471626.6456604
2025-12-04 00:00:00,33.849998474121094,34.95000076293945,32.90999984741211,34.619998931884766,850800,29454695.09124756
2025-12-05 00:00:00,34.68000030517578,35.310001373291016,34.68000030517578,35.099998474121094,601200,21102119.0826416
2025-12-08 00:00:00,35.45000076293945,37.849998474121094,35.45000076293945,36.540000915527344,1653100,60404275.51345825
2025-12-09 00:00:00,36.290000915527344,37.47999954223633,36.15299987792969,37.040000915527344,978900,36258456.89620972
2025-12-10 00:00:00,37.209999084472656,39.775001525878906,36.65999984741211,39.47999954223633,1299500,51304259.40513611
2025-12-11 00:00:00,38.75,40.0,37.459999084472656,39.9900016784668,1081700,43257184.815597534
2025-12-12 00:00:00,41.459999084472656,41.470001220703125,37.84700012207031,38.83000183105469,1632400,63386094.98901367
2025-12-15 00:00:00,39.150001525878906,39.5,37.33000183105469,37.72999954223633,1461900,55157486.33079529
2025-12-16 00:00:00,37.279998779296875,37.86000061035156,36.75,37.13999938964844,879800,32675771.463012695
2025-12-17 00:00:00,37.9900016784668,39.13999938964844,37.13999938964844,37.36000061035156,1751200,65424833.068847656
2025-12-18 00:00:00,38.5099983215332,39.45000076293945,37.56999969482422,37.810001373291016,1170600,44260387.60757446
2025-12-19 00:00:00,38.22999954223633,40.709999084472656,38.06999969482422,39.77000045776367,2058900,81882453.94248962
2025-12-22 00:00:00,40.54999923706055,41.91999816894531,40.0,40.810001373291016,1413200,57672693.94073486
2025-12-23 00:00:00,40.349998474121094,40.810001373291016,39.279998779296875,39.880001068115234,886900,35369572.9473114
2025-12-24 00:00:00,40.20000076293945,40.970001220703125,39.79499816894531,40.099998474121094,514500,20631449.214935303
2025-12-26 00:00:00,40.31999969482422,40.9900016784668,40.0,40.619998931884766,919600,37354151.01776123
2025-12-29 00:00:00,40.0,40.58000183105469,39.5099983215332,39.970001220703125,593400,23718198.724365234
2025-12-30 00:00:00,41.529998779296875,43.779998779296875,39.95199966430664,40.20000076293945,1518900,61059781.158828735
2025-12-31 00:00:00,40.65999984741211,40.69499969482422,39.28799819946289,39.45000076293945,1261300,49758285.96229553
2026-01-02 00:00:00,41.0,44.9900016784668,40.85499954223633,44.880001068115234,1664500,74702761.77787781
2026-01-05 00:00:00,45.9900016784668,46.130001068115234,44.11000061035156,45.0,1484700,66811500.0
2026-01-06 00:00:00,45.88999938964844,47.85499954223633,45.619998931884766,46.900001525878906,2658900,124702414.05715942
2026-01-07 00:00:00,46.09000015258789,47.63999938964844,45.79999923706055,47.599998474121094,1315100,62598757.99331665
2026-01-08 00:00:00,47.08000183105469,49.2400016784668,46.720001220703125,49.189998626708984,1493100,73445586.94953918
2026-01-09 00:00:00,49.47999954223633,53.540000915527344,49.25,53.220001220703125,2251700,119835476.74865723
2026-01-12 00:00:00,52.650001525878906,54.82500076293945,52.29999923706055,53.36000061035156,1421300,75840568.86749268
2026-01-13 00:00:00,53.279998779296875,53.29999923706055,49.5,51.310001373291016,2015500,103415307.76786804
2026-01-14 00:00:00,50.68000030517578,51.0099983215332,50.0,50.4900016784668,1269100,64076861.13014221
2026-01-15 00:00:00,52.724998474121094,54.36000061035156,52.119998931884766,52.19499969482422,1652300,86241797.99575806
2026-01-16 00:00:00,53.029998779296875,54.0,52.18000030517578,53.619998931884766,1175900,63051756.744003296
2026-01-20 00:00:00,51.81999969482422,54.41400146484375,51.040000915527344,51.15999984741211,1270200,64983431.80618286
2026-01-21 00:00:00,52.08000183105469,54.5099983215332,50.79999923706055,53.45000076293945,1689500,90303776.2889862
2026-01-22 00:00:00,55.0,56.29999923706055,51.06999969482422,51.66999816894531,1498900,77448160.25543213
2026-01-23 00:00:00,52.09000015258789,52.38999938964844,49.75,49.849998474121094,1110400,55353438.30566406
2026-01-26 00:00:00,49.52000045776367,51.18000030517578,48.43000030517578,51.130001068115234,1239000,63350071.323394775
2026-01-27 00:00:00,51.56999969482422,54.7400016784668,51.45000076293945,53.95000076293945,1029000,55514550.7850647
2026-01-28 00:00:00,54.61000061035156,56.45000076293945,54.33000183105469,55.790000915527344,923000,51494170.84503174
2026-01-29 00:00:00,56.150001525878906,57.04999923706055,52.29999923706055,54.68000030517578,1041000,56921880.31768799
2026-01-30 00:00:00,53.58000183105469,58.18000030517578,53.38999938964844,58.119998931884766,2545000,147915397.28164673
2026-02-02 00:00:00,56.70000076293945,61.58000183105469,55.7400016784668,61.119998931884766,2424700,148197661.410141
2026-02-03 00:00:00,62.5,64.78700256347656,59.358001708984375,61.2400016784668,2077200,127207731.48651123
2026-02-04 00:00:00,60.040000915527344,60.349998474121094,54.29999923706055,56.5099983215332,2146200,121281758.39767456
2026-02-05 00:00:00,53.52000045776367,55.11000061035156,50.310001373291016,54.38999938964844,1967400,107006884.79919434
2026-02-06 00:00:00,56.689998626708984,62.97100067138672,56.21500015258789,62.47999954223633,1713100,107034487.21580505
2026-02-09 00:00:00,61.310001373291016,63.11000061035156,60.150001525878906,62.63999938964844,1137000,71221679.30603027
2026-02-10 00:00:00,62.560001373291016,64.59600067138672,60.619998931884766,62.91999816894531,844900,53161106.452941895
2026-02-11 00:00:00,65.12000274658203,71.6500015258789,65.0,70.68000030517578,2801000,197974680.85479736
2026-02-12 00:00:00,70.06999969482422,70.0999984741211,63.400001525878906,64.0999984741211,2164400,138738036.6973877
2026-02-13 00:00:00,64.47000122070312,66.02999877929688,62.560001373291016,64.83999633789062,1382300,89628326.93786621
2026-02-17 00:00:00,64.30000305175781,65.35399627685547,62.90999984741211,65.18000030517578,925300,60311054.28237915
2026-02-18 00:00:00,64.29000091552734,66.48999786376953,63.61000061035156,64.61000061035156,1104200,71342362.6739502
2026-02-19 00:00:00,64.0,65.44999694824219,63.18000030517578,65.3499984741211,1005900,65735563.46511841
2026-02-20 00:00:00,64.5999984741211,67.98999786376953,64.5999984741211,66.58999633789062,933700,62175079.58068848
2026-02-23 00:00:00,66.44000244140625,67.30000305175781,62.869998931884766,65.12000274658203,1032800,67255938.83666992
2026-02-24 00:00:00,65.87000274658203,68.94000244140625,65.87000274658203,67.76000213623047,916000,62068161.95678711
2026-02-25 00:00:00,68.2699966430664,69.45999908447266,66.5,68.47000122070312,1354900,92770004.65393066
2026-02-26 00:00:00,62.5,65.66000366210938,54.5,57.040000915527344,4075800,232483635.73150635
2026-02-27 00:00:00,56.00199890136719,58.40999984741211,55.0,55.68000030517578,1978900,110185152.60391235
2026-03-02 00:00:00,54.40999984741211,57.82500076293945,53.86000061035156,57.11000061035156,1829600,104488457.11669922
2026-03-03 00:00:00,53.90999984741211,54.0,50.619998931884766,51.540000915527344,2884400,148661978.64074707
2026-03-04 00:00:00,52.349998474121094,53.369998931884766,51.220001220703125,51.81999969482422,1463400,75833387.55340576
2026-03-05 00:00:00,50.15999984741211,50.75,46.7599983215332,48.310001373291016,1496600,72300748.05526733
2026-03-06 00:00:00,45.88999938964844,47.630001068115234,44.880001068115234,44.91999816894531,1212100,54447529.78057861
2026-03-09 00:00:00,43.869998931884766,46.858001708984375,42.83000183105469,46.689998626708984,1174200,54823396.38748169
2026-03-10 00:00:00,47.18000030517578,50.26499938964844,46.47999954223633,48.060001373291016,1810800,87027050.48675537
2026-03-11 00:00:00,47.900001525878906,48.61000061035156,47.18000030517578,47.880001068115234,940500,45031141.00456238
2026-03-12 00:00:00,46.62699890136719,46.64099884033203,44.375,45.27000045776367,1179300,53386911.5398407
2026-03-13 00:00:00,45.599998474121094,47.198001861572266,45.345001220703125,46.380001068115234,923200,42818016.986083984
2026-03-16 00:00:00,48.35499954223633,48.849998474121094,46.915000915527344,46.91999816894531,876000,41101918.395996094
2026-03-17 00:00:00,47.630001068115234,48.654998779296875,47.18000030517578,47.34000015258789,982800,46525752.14996338
2026-03-18 00:00:00,47.95000076293945,48.540000915527344,46.540000915527344,46.599998474121094,800200,37289318.7789917
2026-03-19 00:00:00,45.0,47.34000015258789,44.040000915527344,46.599998474121094,755100,35187658.84780884
2026-03-20 00:00:00,46.08000183105469,46.529998779296875,42.68000030517578,43.54999923706055,2228500,97051173.29978943
2026-03-23 00:00:00,45.0099983215332,46.45000076293945,44.459999084472656,44.83000183105469,757400,33954243.38684082
2026-03-24 00:00:00,44.02000045776367,46.90999984741211,44.02000045776367,45.91999816894531,646000,29664318.817138672
2026-03-25 00:00:00,46.59000015258789,46.77000045776367,44.97999954223633,45.63999938964844,548900,25051795.664978027
2026-03-26 00:00:00,44.25,44.68000030517578,40.880001068115234,41.185001373291016,936300,38561516.78581238
2026-03-27 00:00:00,40.560001373291016,41.494998931884766,39.72999954223633,40.06999969482422,968500,38807794.704437256
2026-03-30 00:00:00,40.16999816894531,40.54999923706055,37.63999938964844,37.93000030517578,1276800,48429024.38964844
2026-03-31 00:00:00,38.189998626708984,39.38999938964844,37.15999984741211,39.349998474121094,1498100,58950232.71408081
2026-04-01 00:00:00,40.40999984741211,42.4900016784668,40.290000915527344,40.459999084472656,1051500,42543689.037323
2026-04-02 00:00:00,38.029998779296875,41.779998779296875,37.915000915527344,40.540000915527344,777400,31515796.711730957
2026-04-06 00:00:00,41.119998931884766,41.869998931884766,40.59000015258789,41.66999816894531,795900,33165151.542663574
2026-04-07 00:00:00,40.90999984741211,42.20000076293945,40.56999969482422,41.90999984741211,638400,26755343.90258789
2026-04-08 00:00:00,47.09000015258789,47.5,44.91999816894531,46.13999938964844,1362400,62861135.16845703
2026-04-09 00:00:00,46.13999938964844,47.209999084472656,46.0,46.970001220703125,858900,40342534.048461914
2026-04-10 00:00:00,47.7599983215332,48.900001525878906,47.130001068115234,48.06999969482422,859900,41335392.737579346
2026-04-13 00:00:00,47.540000915527344,50.31999969482422,47.315101623535156,49.619998931884766,842079,41783959.08056259
