timestamps,open,high,low,close,volume,amount
2015-01-02 00:00:00,31.538163779278854,31.538163779278854,30.511297448213885,30.75850486755371,82000,2522197.3991394043
2015-01-05 00:00:00,30.56834651714566,30.606375916207146,29.64606558311087,29.722129821777344,78400,2330214.9780273438
2015-01-06 00:00:00,29.72212687864639,29.769666343037567,28.600178109277152,28.847387313842773,166700,4808859.46521759
2015-01-07 00:00:00,29.123127680053436,29.208700190887804,28.52412191772768,28.809362411499023,149000,4292594.9993133545
2015-01-08 00:00:00,29.123128368512045,29.59853041171248,28.961491601283303,29.56049919128418,107800,3186621.8128204346
2015-01-09 00:00:00,29.474916688629133,30.102447027886548,29.15164326373722,29.18967628479004,116700,3406435.2224349976
2015-01-12 00:00:00,29.189677632433522,29.189677632433522,28.429033497887712,28.68575096130371,120700,3462370.141029358
2015-01-13 00:00:00,29.047060706410402,29.379842460312542,28.628708263204818,29.132633209228516,102600,2989008.1672668457
2015-01-14 00:00:00,28.79984748677477,29.284755820704138,28.75230620946796,29.009023666381836,59800,1734739.6152496338
2015-01-15 00:00:00,29.227712269173225,29.227712269173225,28.381497361103364,28.581165313720703,100500,2872407.1140289307
2015-01-16 00:00:00,28.410016606995725,29.44639288900414,28.229365191610274,29.389345169067383,89300,2624468.5235977173
2015-01-20 00:00:00,29.465418419941116,29.817216729855982,28.723790579683087,29.56049919128418,81000,2394400.4344940186
2015-01-21 00:00:00,29.39886352686408,29.950329845122564,29.360830491494212,29.750661849975586,85200,2534756.38961792
2015-01-22 00:00:00,29.959829168152567,30.634900836501444,29.351315291849446,30.378183364868164,92300,2803906.3245773315
2015-01-23 00:00:00,30.38769593646853,30.577857467925472,29.864754445234084,30.216552734375,60200,1819036.474609375
2015-01-26 00:00:00,30.26408469765218,30.60637283038357,29.96933602922633,30.4732608795166,59500,1813159.0223312378
2015-01-27 00:00:00,30.026383516671036,30.130972513550816,29.522456856767185,29.81720733642578,53700,1601184.0339660645
2015-01-28 00:00:00,30.045410388440043,30.045410388440043,29.075589756163176,29.104114532470703,88300,2569893.313217163
2015-01-29 00:00:00,29.094607116677658,29.99786996374109,28.971001562611992,29.96934700012207,50100,1501464.2847061157
2015-01-30 00:00:00,29.655569056559568,29.845728715798113,28.590668073469725,28.70476531982422,76800,2204525.9765625
2015-02-02 00:00:00,28.76181884569366,29.788687016239,28.55264263422659,29.636558532714844,61700,1828575.6614685059
2015-02-03 00:00:00,29.86474833223282,30.653917256784183,29.86474833223282,30.24506950378418,99600,3012408.9225769043
2015-02-04 00:00:00,30.035895915205298,30.35916939241189,30.035895915205298,30.197532653808594,98400,2971437.2131347656
2015-02-05 00:00:00,30.22605700219745,30.872603947583528,30.140484505689614,30.75850486755371,126300,3884799.1647720337
2015-02-06 00:00:00,30.69194338443337,31.110299348849153,30.587354393329424,31.02472686767578,105200,3263801.266479492
2015-02-09 00:00:00,30.596872111470017,30.90112909237102,30.378187633136758,30.60637855529785,192500,5891727.871894836
2015-02-10 00:00:00,30.7585034239042,30.901125453732984,30.37818405607559,30.72998046875,80400,2470690.4296875
2015-02-11 00:00:00,30.691946461205053,31.005713465971052,30.653917064559984,30.806045532226562,44800,1380110.83984375
2015-02-12 00:00:00,31.005712538020294,31.205380465789045,30.777518029835534,30.99620246887207,107600,3335191.3856506348
2015-02-13 00:00:00,31.07227084529711,31.319478256268976,30.996204794518732,31.24341583251953,85100,2658814.687347412
2015-02-17 00:00:00,31.243405609424485,31.509629445980355,31.034227665257593,31.43356704711914,69500,2184632.9097747803
2015-02-18 00:00:00,31.443068976705558,33.011896078872105,30.901111314581232,32.8787841796875,150800,4958120.654296875
2015-02-19 00:00:00,32.95486496852752,33.26863201496869,32.61257496405687,32.92634201049805,81700,2690082.1422576904
2015-02-20 00:00:00,32.93583962917692,32.97387264771163,32.19421390289147,32.73617172241211,168100,5502950.466537476
2015-02-23 00:00:00,32.73617742260007,33.164039888046425,32.213236021289596,33.13551330566406,76100,2521612.562561035
2015-02-24 00:00:00,33.059451280513144,33.648948669433594,33.059451280513144,33.648948669433594,95700,3220204.387664795
2015-02-25 00:00:00,33.677450788351244,33.96269467695164,33.458766466910525,33.49679946899414,55900,1872471.0903167725
2015-02-26 00:00:00,33.37320846124125,33.40173503865642,32.679122194610045,32.73617172241211,109700,3591158.0379486084
2015-02-27 00:00:00,32.755197968757386,33.30666239333039,32.66011539415559,32.85978698730469,105800,3476565.463256836
2015-03-02 00:00:00,32.88831206745983,33.943705137921604,32.660117500726365,33.772560119628906,203600,6876093.240356445
2015-03-03 00:00:00,33.75354014387295,33.75354014387295,33.145026197660194,33.21158218383789,50300,1670542.583847046
2015-03-04 00:00:00,32.95486961788694,33.126014644267855,32.20373351621847,32.60307312011719,114700,3739572.4868774414
2015-03-05 00:00:00,32.62213471869762,32.77466354368466,32.19314626199218,32.43147277832031,50000,1621573.6389160156
2015-03-06 00:00:00,32.10734109669817,32.64119367816953,31.821350070992274,31.973878860473633,78200,2500357.326889038
2015-03-09 00:00:00,32.06921847143209,32.555406646949855,32.040620450486706,32.40287780761719,56900,1843723.747253418
2015-03-10 00:00:00,31.869017159021926,32.05014397444232,31.706953261794435,31.907150268554688,60400,1927191.8762207031
2015-03-11 00:00:00,31.84041988416593,31.945280482954583,31.61162485823258,31.73555564880371,130700,4147837.123298645
2015-03-12 00:00:00,32.069210975694226,33.28944140514346,32.069210975694226,33.15597915649414,92100,3053665.6803131104
2015-03-13 00:00:00,33.165517864483114,33.31804668477678,32.3647406487979,33.01298904418945,67800,2238280.657196045
2015-03-16 00:00:00,33.26085881968903,33.26085881968903,32.67934134947529,32.75560760498047,40600,1329877.668762207
2015-03-17 00:00:00,32.679327378257206,32.774660156881566,32.45053598270606,32.62213134765625,79700,2599983.868408203
2015-03-18 00:00:00,32.49820150377384,33.47057405472641,32.38380580265406,33.40384292602539,78600,2625542.0539855957
2015-03-19 00:00:00,33.1845915564108,33.39431645654758,32.97486301969932,33.17505645751953,62900,2086711.0511779785
2015-03-20 00:00:00,33.36572692191855,33.937709357378324,33.260862626883274,33.65171813964844,122700,4129065.8157348633
2015-03-23 00:00:00,33.65171004744736,33.756574317266,33.20365858082419,33.41338348388672,70400,2352302.197265625
2015-03-24 00:00:00,33.451498467779146,33.59449578300523,33.18457402503478,33.44196701049805,83300,2785715.8519744873
2015-03-25 00:00:00,33.432435526873384,33.60403086904543,32.9271845952408,33.0892448425293,77800,2574343.2487487793
2015-03-26 00:00:00,33.03205997536843,33.422915356413476,32.469609194198796,32.593536376953125,98700,3216982.0404052734
2015-03-27 00:00:00,32.60306553144238,33.05111687313188,32.336137381813295,33.00345230102539,67800,2237634.0660095215
2015-03-30 00:00:00,33.05113061367536,33.84237665857277,33.05113061367536,33.79471206665039,71000,2399424.5567321777
2015-03-31 00:00:00,33.43243562387099,34.166481559387044,33.35617304744725,34.052085876464844,108100,3681030.4832458496
2015-04-01 00:00:00,33.84235778947285,33.98535512208583,33.394302874753855,33.937686920166016,85900,2915247.3064422607
2015-04-02 00:00:00,33.99489893859697,35.08166742449121,33.99489893859697,34.3666877746582,73500,2525951.551437378
2015-04-06 00:00:00,34.25227433746894,34.73845864786227,34.11881212036381,34.2808723449707,61400,2104845.561981201
2015-04-07 00:00:00,34.04255413645684,34.27134916142224,33.43243891864717,33.508705139160156,69100,2315451.525115967
2015-04-08 00:00:00,33.584977196694666,33.7279745822062,33.16552377527517,33.6612434387207,71700,2413511.1545562744
2015-04-09 00:00:00,33.64217249603859,33.985363267303136,33.15598435788911,33.775634765625,49400,1668516.357421875
2015-04-10 00:00:00,33.69936866400298,33.9090971664931,33.42291266303542,33.470577239990234,70700,2366369.8108673096
2015-04-13 00:00:00,33.28944708307355,33.71843555302535,33.27038416136382,33.30851364135742,57500,1915239.5343780518
2015-04-14 00:00:00,33.346642005468475,33.61356651025319,33.23224630864269,33.53730392456055,68500,2297305.3188323975
2015-04-15 00:00:00,33.58497428101509,33.93769652832751,33.56590772216385,33.7851676940918,76900,2598079.395675659
2015-04-16 00:00:00,33.81376430144114,33.861428873164655,33.556371250245725,33.56590270996094,45300,1520535.3927612305
2015-04-17 00:00:00,33.318036642823024,33.318036642823024,32.63165534008778,32.71745300292969,78500,2568320.0607299805
2015-04-20 00:00:00,32.70792639145339,33.565899510414596,32.69839129607335,33.146446228027344,44200,1465072.9232788086
2015-04-21 00:00:00,33.32757743860505,33.32757743860505,32.91765556089726,33.03205490112305,39500,1304766.1685943604
2015-04-22 00:00:00,32.98439448201589,33.318053848290944,32.62214072879114,33.17505645751953,28700,952124.1203308105
2015-04-23 00:00:00,33.08924656546725,33.356174687507654,33.041581998287185,33.146446228027344,39100,1296026.0475158691
2015-04-24 00:00:00,33.26083565296194,33.26083565296194,33.070173783573374,33.108306884765625,55400,1834200.2014160156
2015-04-27 00:00:00,33.10830533006178,33.89955077806847,33.10830533006178,33.35616683959961,71400,2381630.312347412
2015-04-28 00:00:00,33.2227194671729,33.77563880626227,33.18458998313965,33.518245697021484,82400,2761903.4454345703
2015-04-29 00:00:00,33.289436716728424,33.403836030807675,32.89858148505686,33.0797119140625,65900,2179953.0151367188
2015-04-30 00:00:00,33.899572866966146,37.16941372153812,33.651711195922125,36.788089752197266,317700,11687576.114273071
2015-05-01 00:00:00,37.00734976176705,37.41727175600726,36.37816775795706,36.788089752197266,340100,12511629.32472229
2015-05-04 00:00:00,36.79761347145352,36.95967739712062,36.006371310952666,36.034969329833984,171400,6176393.743133545
2015-05-05 00:00:00,35.806176115339774,36.034967528099095,33.032055688758966,33.46104049682617,419200,14026868.176269531
2015-05-06 00:00:00,33.68030047002168,35.52971267700195,33.346641210422206,35.52971267700195,198800,7063306.880187988
2015-05-07 00:00:00,35.55831013557168,36.2637581173942,35.0911922706369,35.996829986572266,145300,5230339.39704895
2015-05-08 00:00:00,36.463956894622115,37.035939077555206,36.17796580315557,36.31142807006836,201700,7324015.041732788
2015-05-11 00:00:00,36.378158434283,36.85481145550609,36.24469617019237,36.28282928466797,89600,3250941.50390625
2015-05-12 00:00:00,36.225625791998844,36.730876777499496,35.54877944603126,36.63554763793945,107700,3945648.480606079
2015-05-13 00:00:00,36.62601698942087,37.00734086711114,36.16843051813696,36.56882095336914,103400,3781216.086578369
2015-05-14 00:00:00,36.6832186986938,36.98827636315317,36.444892171049034,36.86434555053711,117900,4346306.340408325
2015-05-15 00:00:00,36.950140486940406,37.00734015847085,36.22562949709112,36.587886810302734,93200,3409991.050720215
2015-05-18 00:00:00,36.4544274070628,36.74994997505699,36.31143003530326,36.559288024902344,134900,4931847.954559326
2015-05-19 00:00:00,36.70227610925237,36.70227610925237,36.197025160283,36.45441818237305,84300,3073107.452774048
2015-05-20 00:00:00,36.44488893189108,36.60695284730416,36.1493627547107,36.34955978393555,105900,3849418.3811187744
2015-05-21 00:00:00,36.3972249915208,36.56882037008703,36.22562961295458,36.28282928466797,140500,5097737.51449585
2015-05-22 00:00:00,36.273287393221295,36.62600954461543,35.83476756861526,36.00636291503906,121900,4389175.639343262
2015-05-26 00:00:00,35.79614556862661,35.98726293645871,35.20368500908167,35.308799743652344,142000,5013849.563598633
2015-05-27 00:00:00,35.31834922481574,35.52857866570182,35.13678975467056,35.34701919555664,209300,7398131.117630005
2015-05-28 00:00:00,35.32789338235271,36.063692494553024,35.00299512041048,35.81523895263672,169400,6067101.47857666
2015-05-29 00:00:00,35.88214827462855,36.22615880837158,35.33746614462228,35.90126037597656,187700,6738666.572570801
2015-06-01 00:00:00,36.10193103191416,36.58928049044329,35.49991625880479,35.939483642578125,134500,4833860.549926758
2015-06-02 00:00:00,35.70057004996848,36.40769920255772,35.68145795864733,35.81523895263672,83300,2983409.4047546387
2015-06-03 00:00:00,35.95858470694546,36.43637614577449,35.777021627224414,36.0732536315918,102200,3686686.5211486816
2015-06-04 00:00:00,35.83435717476242,36.31214860375925,35.35656574576558,35.49990463256836,75400,2676692.8092956543
2015-06-05 00:00:00,35.56680095142833,35.786584607241025,35.12722999454303,35.643245697021484,150800,5375001.45111084
2015-06-08 00:00:00,35.347009131459245,35.51901068063134,34.10474858384326,35.2896728515625,140100,4944083.166503906
2015-06-09 00:00:00,35.18456623071575,35.719694030041055,34.88833418452962,35.27056884765625,87000,3068539.4897460938
2015-06-10 00:00:00,35.490369382685905,36.42684074295535,35.490369382685905,36.02549743652344,87200,3141423.3764648438
2015-06-11 00:00:00,36.168821562259645,36.168821562259645,35.471246284899216,35.939483642578125,45200,1624464.6606445312
2015-06-12 00:00:00,35.729235436571564,36.07324578090234,35.49033976914837,36.00635528564453,54500,1962346.363067627
2015-06-15 00:00:00,35.882148844220055,35.882148844220055,35.28013040061334,35.72925567626953,79200,2829757.049560547
2015-06-16 00:00:00,35.64324934038213,36.09237456940252,35.585916686641845,35.94903564453125,57400,2063474.6459960938
2015-06-17 00:00:00,36.12103240211476,36.12103240211476,35.624128863408316,35.68146514892578,57600,2055252.392578125
2015-06-18 00:00:00,35.85347097796105,36.340816654848325,35.73880205020984,35.882137298583984,71900,2579925.6717681885
2015-06-19 00:00:00,35.9872544955658,35.9872544955658,35.57635352694577,35.786582946777344,138400,4952863.079833984
2015-06-22 00:00:00,36.05414312713084,36.2165941190341,35.738802659127366,36.08280944824219,51700,1865481.248474121
2015-06-23 00:00:00,36.03503966133004,36.19749069213867,35.757919673354415,36.19749069213867,39500,1429800.8823394775
2015-06-24 00:00:00,36.10193019011582,36.31215964930566,35.968149132544255,36.19749069213867,66600,2410752.8800964355
2015-06-25 00:00:00,36.350377119540894,36.350377119540894,35.83436143994337,36.15925979614258,59100,2137012.2539520264
2015-06-26 00:00:00,36.31215598366477,36.856838031798944,36.10192654569718,36.789947509765625,230000,8461687.927246094
2015-06-29 00:00:00,36.46504598044865,36.72305381971656,35.64324404320859,35.786582946777344,112800,4036726.5563964844
2015-06-30 00:00:00,36.140151865986766,36.23570871607309,35.73880872131198,35.92036819458008,70600,2535977.9945373535
2015-07-01 00:00:00,36.2930405651835,36.45549156473237,35.94903011461859,36.245262145996094,77300,2801758.763885498
2015-07-02 00:00:00,36.4746125942848,36.64661787888241,35.91082195008939,36.05415725708008,61500,2217330.671310425
2015-07-06 00:00:00,35.80569173773264,36.15925638322927,35.499905507261055,35.61457443237305,67300,2396860.859298706
2015-07-07 00:00:00,35.423458303609245,35.64324193623213,34.73543743956575,35.49034881591797,75500,2679521.3356018066
2015-07-08 00:00:00,35.308784150439216,35.45211937906754,34.33408928567891,34.71632385253906,110800,3846568.682861328
2015-07-09 00:00:00,35.22279009906575,35.56680056363388,34.94567015313477,34.98389434814453,94300,3298981.2370300293
2015-07-10 00:00:00,34.964778232536176,35.68146540293913,34.869221401252894,34.91699981689453,85100,2971436.6844177246
2015-07-13 00:00:00,35.00301888993868,35.289693163910734,34.93612834752057,35.16546630859375,103700,3646658.856201172
2015-07-14 00:00:00,35.03167270110841,35.17501160948616,34.85966746915905,35.13678741455078,85300,2997167.9664611816
2015-07-15 00:00:00,35.136787482923715,35.21323222768337,34.81188911586047,34.98389434814453,49200,1721207.601928711
2015-07-16 00:00:00,35.213227363671784,35.566795650783824,35.06033425001176,35.32789993286133,65000,2296313.4956359863
2015-07-17 00:00:00,35.43300806198972,35.92035363227372,35.42345019369979,35.81523895263672,69100,2474833.0116271973
2015-07-20 00:00:00,35.882150292484354,35.882150292484354,35.06034811460823,35.29924392700195,92500,3265180.0632476807
2015-07-21 00:00:00,35.222787979439474,35.29923271959886,34.62076970267332,34.687660217285156,66600,2310198.1704711914
2015-07-22 00:00:00,34.67809523043214,34.86921248941259,34.36275120632563,34.73542785644531,87500,3039349.937438965
2015-07-23 00:00:00,34.75455648511601,34.87878330935646,34.018757057323015,34.08564758300781,67700,2307598.341369629
2015-07-24 00:00:00,33.951848159353595,34.200301673389404,33.60783784469372,33.76073455810547,89300,3014833.5960388184
2015-07-27 00:00:00,33.607845975068805,34.25764258323374,33.37850813998658,33.43584442138672,87300,2918949.2179870605
2015-07-28 00:00:00,32.39426248552821,34.27675836144274,32.11714256352865,34.047420501708984,209700,7139744.079208374
2015-07-29 00:00:00,34.10475655604857,34.553881740411285,33.96142129068978,34.439212799072266,171100,5892549.309921265
2015-07-30 00:00:00,34.17164876792392,34.91700603669055,33.90408667646211,34.66855239868164,173400,6011526.9859313965
2015-07-31 00:00:00,34.77365356385773,35.041215551021224,34.53475789095928,34.830989837646484,183600,6394969.7341918945
2015-08-03 00:00:00,34.69720864224104,34.81187754389287,34.34364042382168,34.6112060546875,124800,4319478.515625
2015-08-04 00:00:00,34.639883816170396,35.251456354097066,34.639883816170396,35.13678741455078,102000,3583952.3162841797
2015-08-05 00:00:00,35.35656625252903,35.83435768837402,35.26100942346378,35.32789993286133,68700,2427026.7253875732
2015-08-06 00:00:00,35.394803681779685,35.595475285034084,35.09857156845601,35.40435791015625,78500,2779242.0959472656
2015-08-07 00:00:00,35.16544950779155,35.49990570535197,34.86922114582765,35.00300216674805,52300,1830657.0133209229
2015-08-10 00:00:00,35.09857355197004,35.73881624720349,34.93612614356302,35.700592041015625,91900,3280884.408569336
2015-08-11 00:00:00,35.299223315182594,35.44256217702514,34.75454147259481,34.830989837646484,63600,2215250.9536743164
2015-08-12 00:00:00,34.54432910896685,34.783224874187205,34.00920128257963,34.448768615722656,120300,4144186.8644714355
2015-08-13 00:00:00,34.61123065600794,35.05079812916239,34.324552730222536,34.467891693115234,79400,2736750.6004333496
2015-08-14 00:00:00,34.362764850567444,35.050785797982485,34.362764850567444,34.94567108154297,80800,2823610.223388672
2015-08-17 00:00:00,34.72588874489873,35.404351846518225,34.420102455569946,35.34701919555664,62800,2219792.805480957
2015-08-18 00:00:00,35.146339389013924,35.251454095722146,34.544324761018935,34.62076950073242,65800,2278046.6331481934
2015-08-19 00:00:00,34.32454550576959,34.563441296801706,33.951868655001164,34.22898864746094,66500,2276227.7450561523
2015-08-20 00:00:00,33.93200464805841,34.2002443378393,33.26141455971093,33.280574798583984,72700,2419497.7878570557
2015-08-21 00:00:00,32.753674540611584,33.29972851084883,32.32258199369703,32.77283477783203,101500,3326442.729949951
2015-08-24 00:00:00,31.412494721611434,32.878218333591455,30.866440683640757,31.450815200805664,146100,4594964.1008377075
2015-08-25 00:00:00,32.27468413333571,32.303426320448,30.799382203339796,30.895179748535156,115700,3574572.2969055176
2015-08-26 00:00:00,31.42206235543896,31.42206235543896,30.895168735794197,31.278366088867188,114600,3584500.7537841797
2015-08-27 00:00:00,31.498718527048087,32.17889068610416,31.09636074621491,32.11183166503906,208400,6692105.718994141
2015-08-28 00:00:00,31.891497736016323,32.65788923964741,31.652000162728925,32.33217239379883,98200,3175019.329071045
2015-08-31 00:00:00,32.21720123749783,32.21720123749783,31.508287106244516,31.72862434387207,134600,4270672.836685181
2015-09-01 00:00:00,31.335856683143515,31.498716907673536,30.550305058673107,30.713165283203125,86800,2665902.7465820312
2015-09-02 00:00:00,31.546616217849767,32.75368220983809,31.546616217849767,32.696205139160156,252400,8252522.177124023
2015-09-03 00:00:00,32.75366901363652,33.52964204513701,32.475854756923376,33.4146842956543,139900,4674714.332962036
2015-09-04 00:00:00,32.93569689889679,33.769147167445354,32.93569689889679,33.491329193115234,114700,3841455.4584503174
2015-09-08 00:00:00,33.90325351947771,34.39183029309456,33.62543564071052,34.23855209350586,78500,2687726.33934021
2015-09-09 00:00:00,34.57386715223269,34.57386715223269,33.941593753827505,34.18109130859375,112900,3859045.2087402344
2015-09-10 00:00:00,34.02780326895897,35.05285221727244,33.970322556686966,35.04327392578125,158600,5557863.244628906
2015-09-11 00:00:00,34.9474671953003,35.80965947041142,34.75586850589327,35.76176071166992,130500,4666909.772872925
2015-09-14 00:00:00,35.77135565635262,35.80967614296379,34.99538224746877,35.7905158996582,133000,4760138.614654541
2015-09-15 00:00:00,35.98209944382015,36.269495662837826,35.79050074632796,36.020416259765625,62500,2251276.0162353516
2015-09-16 00:00:00,36.01084136761786,36.73891210146444,36.01084136761786,36.69101333618164,66500,2439952.386856079
2015-09-17 00:00:00,36.58564962762027,37.24666529850947,36.25035447169322,36.93052673339844,168400,6219100.701904297
2015-09-18 00:00:00,36.63354160631184,37.01673543873402,36.55690064716216,36.7963981628418,197200,7256249.717712402
2015-09-21 00:00:00,37.05505351712693,37.2849690707932,36.518577801169236,36.748497009277344,249900,9183449.402618408
2015-09-22 00:00:00,36.441936818201974,36.53773434680692,36.10663815920172,36.22159957885742,147900,5357174.577713013
2015-09-23 00:00:00,36.35570991523759,36.461089367149114,35.790495844981805,36.2982292175293,107500,3902059.6408843994
2015-09-24 00:00:00,35.90545261000474,36.279067998851595,35.50309870030522,36.202430725097656,108700,3935204.2198181152
2015-09-25 00:00:00,36.413194965071305,36.59521538728337,35.895883189712464,36.00126266479492,125700,4525358.716964722
2015-09-28 00:00:00,35.90547278330933,36.2120293594435,35.54143547873401,35.92463302612305,134000,4813900.825500488
2015-09-29 00:00:00,35.89588286538254,36.2407598154667,35.67554562603799,36.22159957885742,78900,2857884.2067718506
2015-09-30 00:00:00,36.403626086665135,36.662283868445584,35.79051296886367,36.643123626708984,182300,6680041.437149048
2015-10-01 00:00:00,36.748492031915355,36.80596908532608,35.493523985455205,35.97251892089844,111600,4014533.1115722656
2015-10-02 00:00:00,35.75217579333142,35.75217579333142,35.100742496199445,35.70427703857422,122700,4380914.792633057
2015-10-05 00:00:00,35.934193501733795,37.27538059810258,35.934193501733795,37.227481842041016,72000,2680378.692626953
2015-10-06 00:00:00,37.26581954956055,37.99389048008181,36.968841277477615,37.26581954956055,133700,4982440.073776245
2015-10-07 00:00:00,37.48613324875475,37.77352939156089,36.815539812580276,37.2562141418457,177700,6620429.253005981
2015-10-08 00:00:00,37.198754936210825,37.763965550465876,37.131692271452415,37.53404998779297,224600,8430147.6272583
2015-10-09 00:00:00,37.39035019992934,37.97472471073034,37.22749364679043,37.840606689453125,160400,6069633.312988281
2015-10-12 00:00:00,37.94598929290107,38.33876509649258,37.62985079871063,38.204647064208984,83700,3197728.959274292
2015-10-13 00:00:00,37.917250122300366,38.30044397175901,37.27539485143273,37.28497314453125,84100,3135666.241455078
2015-10-14 00:00:00,37.390356642559176,37.735233702092266,36.80598203106618,37.514896392822266,125800,4719373.966217041
2015-10-15 00:00:00,37.56279233522018,38.5686812465888,37.19875871493515,38.520782470703125,99500,3832817.855834961
2015-10-16 00:00:00,38.6165778583435,38.6165778583435,37.074213387901764,37.57236862182617,125900,4730361.209487915
2015-10-19 00:00:00,37.35201561792379,37.59151301475612,37.093357990812045,37.48613357543945,61800,2316643.054962158
2015-10-20 00:00:00,37.49572319362699,37.83102184317526,37.04546678210512,37.33286666870117,68800,2568501.2268066406
2015-10-21 00:00:00,37.26580513667349,38.041774545303326,37.18916419760623,37.20832443237305,71500,2660395.196914673
2015-10-22 00:00:00,37.48613250818124,38.80815546985973,37.48613250818124,38.664459228515625,235200,9093880.810546875
2015-10-23 00:00:00,39.085990362341505,39.25842885069639,38.6261556115424,38.99977111816406,545700,21282175.09918213
2015-10-26 00:00:00,39.02851029614427,40.13977843858469,39.02851029614427,39.99607849121094,117700,4707538.438415527
2015-10-27 00:00:00,39.75658134037913,39.976918581563915,39.31590685800956,39.77574157714844,339500,13503864.265441895
2015-10-28 00:00:00,39.660787555583354,44.16333764267942,39.37338763135012,43.93342208862305,727000,31939597.858428955
2015-10-29 00:00:00,44.2016581198361,44.26871712763936,43.71308482663492,43.93342208862305,265500,11664323.564529419
2015-10-30 00:00:00,43.914274834989925,44.11545191788546,42.81258454485032,42.97544479370117,280100,12037422.086715698
2015-11-02 00:00:00,42.95626811686524,43.473583550224056,42.82215011290737,43.25324630737305,228000,9861740.158081055
2015-11-03 00:00:00,43.41610857498654,43.904685544738506,43.05207133440849,43.444847106933594,157700,6851252.388763428
2015-11-04 00:00:00,43.55021906526014,43.9238345337283,43.18618554207861,43.59811782836914,91400,3984867.9695129395
2015-11-05 00:00:00,43.62686143653588,43.99089497162256,43.01374847803043,43.55022048950195,95500,4159046.0567474365
2015-11-06 00:00:00,43.492759620533555,45.006382343369424,43.13830059024352,44.63276672363281,314600,14041468.411254883
2015-11-09 00:00:00,44.54653715791979,45.34167065056967,44.22082039596377,45.03511047363281,230500,10380592.964172363
2015-11-10 00:00:00,45.02553814334195,45.62907297574128,43.90469139475711,45.3033561706543,277000,12549029.65927124
2015-11-11 00:00:00,45.37999076448277,45.92604483816083,45.063855926562866,45.70570755004883,216700,9904426.826095581
2015-11-12 00:00:00,45.34167697553532,45.34167697553532,44.7573023809987,44.92974090576172,151100,6788883.850860596
2015-11-13 00:00:00,44.62317347140048,45.97393915006928,44.62317347140048,45.77275848388672,211400,9676361.143493652
2015-11-16 00:00:00,45.724866038056724,46.70201635729629,45.43746974520795,46.654117584228516,187500,8747647.047042847
2015-11-17 00:00:00,46.64455517484147,47.86120352347659,46.45296000231737,47.12355041503906,259500,12228561.332702637
2015-11-18 00:00:00,47.12352493447229,47.19058393948441,46.050577199836724,46.76906967163086,128500,6009825.452804565
2015-11-19 00:00:00,46.5583069806892,46.5583069806892,45.83981456645362,46.318809509277344,122800,5687949.807739258
2015-11-20 00:00:00,46.52000942547407,47.29597921531674,46.146390145633895,46.395469665527344,156600,7265530.549621582
2015-11-23 00:00:00,46.443355873772354,46.951089416511046,46.19428007576146,46.82655334472656,128700,6026577.415466309
2015-11-24 00:00:00,46.59662989753331,46.94150685916847,46.29007341040019,46.89360809326172,111500,5228637.302398682
2015-11-25 00:00:00,47.06604995642419,47.53546301226238,46.67327420065592,46.960670471191406,80400,3775637.905883789
2015-11-27 00:00:00,46.816980089516434,47.48757396096015,46.80740179546325,47.22891616821289,57900,2734554.2461395264
2015-11-30 00:00:00,47.4779878513564,47.58336368636551,46.8457145690918,46.8457145690918,138200,6474077.753448486
2015-12-01 00:00:00,46.97983672342303,47.52589080367008,46.567900676297384,47.458831787109375,84400,4005525.4028320312
2015-12-02 00:00:00,47.54505017797352,48.225222278942,46.92235514475647,47.8228645324707,112200,5365725.400543213
2015-12-03 00:00:00,48.58925332401019,49.18320609287699,46.92234913819727,47.018150329589844,181900,8552601.544952393
2015-12-04 00:00:00,47.00857675338639,48.1198451903157,47.00857675338639,47.564212799072266,120100,5712461.957168579
2015-12-07 00:00:00,47.353449705829206,48.0336217821025,46.816973948159536,47.18101119995117,183300,8648279.35295105
2015-12-08 00:00:00,46.80740426636741,46.960682560407975,46.03143084716297,46.29008865356445,83000,3842077.3582458496
2015-12-09 00:00:00,46.050577050061534,46.23259382672505,44.46031386384037,45.102169036865234,139100,6273711.713027954
2015-12-10 00:00:00,45.111781495666,45.81260249300579,44.57416373259293,45.774200439453125,97900,4481294.223022461
2015-12-11 00:00:00,45.15017696185451,45.32298252942454,44.343752200601415,44.75656509399414,140300,6279346.082687378
2015-12-14 00:00:00,44.8909591616344,45.71658477463821,44.065337210850984,45.61098098754883,166000,7571422.8439331055
2015-12-15 00:00:00,45.802999518883,45.89900465144493,44.8525725109586,45.25578308105469,128000,5792740.234375
2015-12-16 00:00:00,45.49577405421091,45.52457375250952,44.506945348945315,45.09256362915039,129200,5825959.2208862305
2015-12-17 00:00:00,45.1597785310578,45.50538966026924,44.76616666994948,45.46698760986328,109800,4992275.239562988
2015-12-18 00:00:00,45.169368353447595,45.93739089982846,45.00616516456308,45.52457809448242,619000,28179713.84048462
2015-12-21 00:00:00,45.764587026924374,46.20620321153362,45.543780765730006,46.03339767456055,158800,7310103.550720215
2015-12-22 00:00:00,46.21580700293509,46.782224400721084,45.706992677917825,46.763023376464844,124200,5807967.503356934
2015-12-23 00:00:00,47.051022998829964,47.9534526663317,46.96462023624406,47.38703536987305,165800,7856770.464324951
2015-12-24 00:00:00,47.61744524793353,47.89585458546968,47.31023620728008,47.63664627075195,46900,2234158.7100982666
2015-12-28 00:00:00,47.52145054900377,47.68465377282106,47.14703970639124,47.559852600097656,78400,3728692.4438476562
2015-12-29 00:00:00,47.91506607324956,48.452683842922646,47.55985622908024,48.17427444458008,88600,4268240.715789795
2015-12-30 00:00:00,48.174272683826814,48.24147444480207,47.742258747399255,48.10707092285156,72500,3487762.6419067383
2015-12-31 00:00:00,48.01105489436961,48.19346277180583,47.051025770079534,47.838253021240234,198100,9476757.92350769
2016-01-04 00:00:00,47.2718390037466,47.62704877920165,45.73579009991962,45.95659637451172,452600,20799955.519104004
2016-01-05 00:00:00,46.0814081982033,46.263812453921524,45.36138619510637,46.052608489990234,165100,7603285.661697388
2016-01-06 00:00:00,45.48618282423253,46.78222073098621,45.428579755982355,46.542213439941406,207900,9676126.174163818
2016-01-07 00:00:00,45.87019070719772,46.26380250441829,45.48618125213062,45.63978576660156,214500,9789734.046936035
2016-01-08 00:00:00,45.46698498426577,45.71659097304822,43.249316141370954,43.3933219909668,312200,13547395.125579834
2016-01-11 00:00:00,43.55652877590597,44.046145774924334,42.58690078403574,42.826908111572266,137800,5901547.937774658
2016-01-12 00:00:00,43.18210728213032,43.38371250861176,42.394883734918764,43.210906982421875,171900,7427954.91027832
2016-01-13 00:00:00,43.210908810851485,43.470117111104464,41.242849859546,41.43485641479492,153700,6368537.4309539795
2016-01-14 00:00:00,41.73246232379838,42.039671314662606,40.86843474810523,41.83806610107422,135700,5677425.5699157715
2016-01-15 00:00:00,41.031643059197215,41.4924565620554,40.24441587181678,41.425254821777344,212700,8811151.700592041
2016-01-19 00:00:00,41.799672747722276,41.86687449954974,41.00284674430978,41.38685989379883,154700,6402547.225570679
2016-01-20 00:00:00,40.906857575059654,42.452505655792386,40.378842082580135,42.03009033203125,144400,6069145.0439453125
2016-01-21 00:00:00,42.23167412356966,42.2892735153874,41.02203562432099,41.17564010620117,148200,6102229.863739014
2016-01-22 00:00:00,41.87647617648136,42.80770575017675,40.897245871220676,41.79007339477539,174200,7279830.785369873
2016-01-25 00:00:00,41.550069719463096,41.86688116758244,40.37883638520164,40.5228385925293,85100,3448493.564224243
2016-01-26 00:00:00,40.79164589657744,42.12608601564509,40.724440477440794,41.56926727294922,125700,5225256.896209717
2016-01-27 00:00:00,41.444451412998916,42.11647246556351,40.36921992622763,41.52125549316406,184500,7660671.6384887695
2016-01-28 00:00:00,41.972473126094975,41.972473126094975,40.54202816586773,41.137245178222656,110700,4553893.041229248
2016-01-29 00:00:00,41.30046386896175,44.31495549985,41.30046386896175,43.978946685791016,217000,9543431.43081665
2016-02-01 00:00:00,43.61412199651377,43.61412199651377,40.8492371827103,41.137245178222656,163100,6709484.688568115
2016-02-02 00:00:00,40.62843222760951,40.762835718990765,39.697202805581526,40.46522903442383,142400,5762248.614501953
2016-02-03 00:00:00,40.858844246805816,40.9644443829963,40.08121927304898,40.82044219970703,79100,3228896.977996826
2016-02-04 00:00:00,40.724440477440794,41.828475619146836,40.724440477440794,41.56926727294922,95500,3969865.0245666504
2016-02-05 00:00:00,41.49245094772158,41.799659908058665,40.65722315347417,41.35804748535156,187000,7733954.879760742
2016-02-08 00:00:00,40.76284957318227,42.53890625323819,40.12923028259163,42.40449905395508,206500,8756529.054641724
2016-02-09 00:00:00,41.94367599487305,42.778904066841406,41.43486167179554,41.94367599487305,107200,4496362.066650391
2016-02-10 00:00:00,42.1356839363888,42.5484968141149,41.15645364472836,41.5788688659668,119400,4964516.942596436
2016-02-11 00:00:00,41.00285927951814,42.11649335882659,40.926058823473724,41.80928421020508,161300,6743837.543106079
2016-02-12 00:00:00,42.462109195423864,42.462109195423864,41.05086449732486,41.62688446044922,134900,5615466.7137146
2016-02-16 00:00:00,42.07807910710428,42.23168362353761,41.27165448027413,41.46365737915039,109900,4556855.945968628
2016-02-17 00:00:00,41.79967873994527,42.7789091155219,41.22365893313596,42.5004997253418,179600,7633089.750671387
2016-02-18 00:00:00,42.61570564258795,42.97091550485593,42.27969680831034,42.54850387573242,126300,5373876.039505005
2016-02-19 00:00:00,42.634905613897615,43.52773325110321,42.2412937054043,43.479732513427734,187700,8161145.792770386
2016-02-22 00:00:00,43.86372708490303,44.823756159170976,43.82532870521973,44.35334396362305,182500,8094485.273361206
2016-02-23 00:00:00,44.31495051599522,44.56455651233561,42.97090808647342,43.11491394042969,145100,6255974.012756348
2016-02-24 00:00:00,44.3533575833882,52.4944061936187,44.3533575833882,50.89115524291992,659600,33567805.99822998
2016-02-25 00:00:00,51.36154132822593,51.73595197812147,49.94069912907964,50.353511810302734,286000,14401104.377746582
2016-02-26 00:00:00,50.54553753577985,50.9487480314709,49.067091727138,49.43190383911133,213200,10538881.898498535
2016-02-29 00:00:00,49.43191381183846,51.543975493461886,49.43191381183846,50.49754333496094,338200,17078269.15588379
2016-03-01 00:00:00,51.26556850797754,51.3903696860771,49.98872772076096,50.86235427856445,179600,9134878.828430176
2016-03-02 00:00:00,50.75674730553377,52.1007897702962,50.487940277469725,52.08158874511719,167600,8728874.27368164
2016-03-03 00:00:00,52.11043434835905,52.66827761863095,51.071686393462734,51.36984634399414,150200,7715750.92086792
2016-03-04 00:00:00,51.40832738032926,54.18793510027923,51.32176503715852,53.25498580932617,237000,12621431.636810303
2016-03-07 00:00:00,53.12033571028482,53.649326192906756,52.91835812639024,53.283843994140625,131800,7022810.638427734
2016-03-08 00:00:00,53.139570442876916,53.139570442876916,52.06235302863551,52.16815185546875,142200,7418311.193847656
2016-03-09 00:00:00,52.27395417794629,52.50478834712804,51.80267309980281,52.0142707824707,119900,6236511.066818237
2016-03-10 00:00:00,52.12967528587521,52.37974222103411,51.17748957915038,51.66801071166992,129700,6701340.989303589
2016-03-11 00:00:00,52.52401158820193,54.66882976232778,52.15852577457551,54.50532150268555,189500,10328758.424758911
2016-03-14 00:00:00,54.284110280991044,54.447618549109144,53.57237876749038,53.62046813964844,101300,5431753.422546387
2016-03-15 00:00:00,53.24535901880484,53.24535901880484,51.90845483307925,52.0527229309082,200000,10410544.58618164
2016-03-16 00:00:00,52.04312121863035,52.77408932669467,51.67763533010595,52.620201110839844,183800,9671592.964172363
2016-03-17 00:00:00,52.44708413401525,54.4668713922005,51.80267828176989,54.3610725402832,182000,9893715.202331543
2016-03-18 00:00:00,54.707306679308,55.284386494963265,54.110986711615695,54.79386901855469,446000,24438065.58227539
2016-03-21 00:00:00,54.80348324697973,55.02469728981977,53.20689190688672,53.60123062133789,159600,8554756.407165527
2016-03-22 00:00:00,53.2838337649347,53.553137158427745,52.312411663005804,53.09147262573242,169800,9014932.051849365
2016-03-23 00:00:00,52.69713943062764,53.14918393550928,52.322037188051496,52.3316535949707,167700,8776018.307876587
2016-03-24 00:00:00,52.15852666311449,52.81255237485756,52.023874958164534,52.50477600097656,117400,6164060.702514648
2016-03-28 00:00:00,52.514397491169284,52.87988334640297,51.696867106840806,52.74523162841797,92300,4868384.8793029785
2016-03-29 00:00:00,52.51439772979458,54.49571154781972,52.32204022836144,54.120609283447266,215800,11679227.48336792
2016-03-30 00:00:00,54.39952120732298,54.77462339178017,53.66854964926705,53.97632598876953,168600,9100408.561706543
2016-03-31 00:00:00,54.110981064784646,54.7169173762781,53.841677668113604,54.255252838134766,218900,11876474.8462677
2016-04-01 00:00:00,53.85131556529169,54.82273433119284,53.389647205375006,54.524574279785156,136100,7420794.55947876
2016-04-04 00:00:00,54.216774144825266,54.216774144825266,52.62018307665195,52.63941955566406,148600,7822217.74597168
2016-04-05 00:00:00,52.350882870128224,52.98567203993259,51.96616060461745,52.0527229309082,137400,7152044.130706787
2016-04-06 00:00:00,52.01427162469659,52.01427162469659,51.013996323686726,51.23521041870117,194000,9939630.821228027
2016-04-07 00:00:00,51.02361485753689,52.273957201378636,50.91781601008373,51.63916778564453,245100,12656760.024261475
2016-04-08 00:00:00,52.735611966476455,53.42810699751782,52.19700145879191,53.33192825317383,231200,12330341.812133789
2016-04-11 00:00:00,53.476194039478855,53.71664455884519,52.043110998686416,52.49515914916992,306900,16110764.342880249
2016-04-12 00:00:00,52.456684903534665,53.62046450827019,52.11043557707168,53.40886688232422,154100,8230306.386566162
2016-04-13 00:00:00,53.79359734320006,54.79387251182472,53.32231265081475,54.71692657470703,163800,8962632.572937012
2016-04-14 00:00:00,54.55341765072953,55.30362213342107,53.9570976921442,54.56303405761719,187100,10208743.672180176
2016-04-15 00:00:00,54.57265148867191,56.092296863165956,54.46685267311538,55.73643112182617,183400,10222061.46774292
2016-04-18 00:00:00,55.52483349071312,56.207712085144095,55.45750763881056,55.73643112182617,158200,8817503.4034729
2016-04-19 00:00:00,57.06372240692419,58.592984278713416,56.688616492483696,57.60232925415039,439900,25339264.638900757
2016-04-20 00:00:00,57.525388792351194,57.938964016696744,55.44789626332931,55.54407501220703,216400,12019737.832641602
2016-04-21 00:00:00,55.49598261259283,55.97688366873491,55.245912008767974,55.34209442138672,227300,12579258.061981201
2016-04-22 00:00:00,55.28437493391712,55.49597253426737,54.37066235938482,55.22666549682617,301600,16656362.313842773
2016-04-25 00:00:00,55.09201515672265,55.44788452399111,54.668823614680406,55.03430938720703,178200,9807113.932800293
2016-04-26 00:00:00,55.2555256835377,55.2555256835377,53.00490885475235,53.63969802856445,676100,36265799.83711243
2016-04-27 00:00:00,52.447067639821256,53.4761955992068,50.03294596932399,50.4369010925293,988900,49877051.49040222
2016-04-28 00:00:00,50.39842764315931,51.56220721436728,49.53280435193975,51.14863204956055,383300,19605270.664596558
2016-04-29 00:00:00,50.744681344353715,51.754576567384895,50.14836502075195,50.14836502075195,361400,18123619.118499756
2016-05-02 00:00:00,50.04256134781131,50.427283649707235,49.301973301501114,50.41766357421875,240700,12135531.622314453
2016-05-03 00:00:00,50.14835920551064,50.523461424746614,49.244266583019204,49.96561813354492,188400,9413522.456359863
2016-05-04 00:00:00,50.10988978619272,52.466305751693476,49.782876913400976,52.341270446777344,420200,21993801.84173584
2016-05-05 00:00:00,52.75484622080102,54.024424759528074,52.341271004656775,53.649322509765625,413300,22173264.993286133
2016-05-06 00:00:00,53.26461417803092,54.245652997032984,53.23575761315884,54.20718002319336,298900,16202526.108932495
2016-05-09 00:00:00,53.76474346088015,53.76474346088015,52.543254249019334,53.25498580932617,231900,12349831.20918274
2016-05-10 00:00:00,53.63971045935705,54.15908454074352,53.25498810225944,53.947486877441406,121500,6554619.655609131
2016-05-11 00:00:00,54.01482039491691,54.9092968833032,53.99558390743728,54.74578857421875,211300,11567785.125732422
2016-05-12 00:00:00,54.72653267654746,55.77489695367164,54.38989979109538,55.60177230834961,259900,14450900.622940063
2016-05-13 00:00:00,55.44790056144011,56.04421692247114,54.74578169806764,55.697967529296875,231600,12899649.279785156
2016-05-16 00:00:00,55.909559871675185,58.65069452495591,55.55369043536687,58.41024398803711,327200,19111831.832885742
2016-05-17 00:00:00,58.42946919127511,58.42946919127511,55.91916548342744,56.54433822631836,214000,12100488.380432129
2016-05-18 00:00:00,56.16924892723018,57.631185015966715,55.91917830514176,57.43882751464844,180300,10356220.600891113
2016-05-19 00:00:00,56.957916720405,57.38110828779088,56.198092245090415,57.256072998046875,148200,8485350.018310547
2016-05-20 00:00:00,57.448441142270816,57.45806121826172,56.79441539628042,57.45806121826172,154900,8900253.68270874
2016-05-23 00:00:00,57.43882594260915,57.62156703145375,56.44816722680933,56.832889556884766,127500,7246193.418502808
2016-05-24 00:00:00,56.784711898588704,59.087318728545,56.17775205186705,58.875362396240234,200400,11798622.624206543
2016-05-25 00:00:00,58.87537589150866,59.08733227239754,58.33585222888437,58.70195770263672,153400,9004880.311584473
2016-05-26 00:00:00,58.605606635159106,59.14512653730779,58.03718125596411,58.04681396484375,152100,8828920.404052734
2016-05-27 00:00:00,57.89267499321523,58.5959804706086,57.497667706591436,58.480369567871094,155900,9117089.615631104
2016-05-31 00:00:00,58.47071898141353,59.12585339648848,57.911930024557506,58.46108627319336,180300,10540533.855056763
2016-06-01 00:00:00,58.19131860281094,58.220220398831785,56.3993337454593,57.22788619995117,295800,16928008.737945557
2016-06-02 00:00:00,57.22790451164449,57.84450085873978,56.3800826967864,57.78669357299805,250100,14452452.062606812
2016-06-03 00:00:00,57.805968577266995,57.85413948270715,57.035223064611,57.680721282958984,103900,5993026.9412994385
2016-06-06 00:00:00,57.91192461884946,58.16241543643008,57.497648375186714,57.940826416015625,150600,8725888.458251953
2016-06-07 00:00:00,58.00828053011103,58.08535690827593,57.516931482523795,57.82522964477539,275700,15942415.813064575
2016-06-08 00:00:00,57.95046427424741,59.549762020089084,57.671067977182716,59.42451477050781,228000,13548789.367675781
2016-06-09 00:00:00,59.472699383556055,61.29358657567013,59.12586302787641,61.023826599121094,293300,17898288.341522217
2016-06-10 00:00:00,60.57100206288775,60.75405659550895,59.5304968427815,60.175994873046875,351200,21133809.399414062
2016-06-13 00:00:00,59.99295299749017,60.53247661752235,59.01988393950393,59.12586212158203,111100,6568883.281707764
2016-06-14 00:00:00,59.135498662497945,60.11820043271939,58.7597605070141,59.94478225708008,191600,11485420.280456543
2016-06-15 00:00:00,60.127831646252204,60.67698796371095,59.713555312000324,60.24344253540039,148800,8964224.249267578
2016-06-16 00:00:00,59.73281292008002,60.18562735537791,58.86572223019113,59.4919548034668,193700,11523591.645431519
2016-06-17 00:00:00,59.64610391988447,63.26860838083603,59.64610391988447,61.890899658203125,817200,50577243.200683594
2016-06-20 00:00:00,62.353370869637295,63.24936365152481,61.78494170565699,61.80421447753906,278900,17237195.417785645
2016-06-21 00:00:00,61.60188493302275,61.87164858561329,60.36869226473705,60.542110443115234,252800,15305045.520019531
2016-06-22 00:00:00,60.49392937168153,60.93710745292672,60.03148219883393,60.175994873046875,181200,10903890.270996094
2016-06-23 00:00:00,60.60954008078568,61.466994441135526,60.561369189512746,61.20686721801758,231400,14163269.074249268
2016-06-24 00:00:00,59.154762268066406,60.37831841847092,58.8560968432443,59.154762268066406,334900,19810929.88357544
2016-06-27 00:00:00,58.60559821921457,58.60559821921457,55.975424373126046,56.20664978027344,215100,12090050.367736816
2016-06-28 00:00:00,56.736546104976895,56.83289157159178,55.36847355587936,55.42627716064453,310300,17198773.802947998
2016-06-29 00:00:00,55.927271250158626,57.15083130222885,55.705682155324475,56.842533111572266,213000,12107459.552764893
2016-06-30 00:00:00,56.47640815697325,58.9813346862793,56.47640815697325,58.9813346862793,296600,17493863.86795044
2016-07-01 00:00:00,58.98133930408418,59.944771811892394,58.96207021290361,59.2414665222168,193600,11469147.918701172
2016-07-05 00:00:00,58.971714442048416,59.0487908218289,57.8059617618991,58.075721740722656,95400,5540423.854064941
2016-07-06 00:00:00,57.80595581561203,58.28767211407547,57.70961402600082,58.04681396484375,127600,7406773.4619140625
2016-07-07 00:00:00,58.35511538777155,59.01988259401024,58.16242812249538,58.67304992675781,127600,7486681.170654297
2016-07-08 00:00:00,59.44379013330101,60.493931778592845,59.44379013330101,60.33978271484375,109400,6601172.229003906
2016-07-11 00:00:00,60.51319695542732,61.611509422973256,60.2530697380817,61.43809127807617,121400,7458584.281158447
2016-07-12 00:00:00,61.90055160601322,62.88324973585123,61.659693428557915,62.777278900146484,135800,8525154.474639893
2016-07-13 00:00:00,63.05666253758378,63.05666253758378,62.09322990996351,62.25701904296875,153800,9575129.528808594
2016-07-14 00:00:00,62.680929090905586,63.075940025982,62.054703716421585,62.10287094116211,174000,10805899.543762207
2016-07-15 00:00:00,62.60385017142916,63.35532638242244,62.03542114618616,62.690555572509766,172600,10820389.891815186
2016-07-18 00:00:00,62.700199966183796,63.05666535004151,61.987254497652465,62.54604721069336,101300,6335914.582443237
2016-07-19 00:00:00,62.1799520129096,62.729108399162705,62.1028756270193,62.363006591796875,55700,3473619.467163086
2016-07-20 00:00:00,62.49788349548913,64.19351979861429,61.99689436243205,63.7118034362793,104000,6626027.557373047
2016-07-21 00:00:00,64.06824409366841,64.06824409366841,63.03737188873385,63.25896453857422,97200,6148771.353149414
2016-07-22 00:00:00,63.239728531084694,65.32074691146401,63.16265214283162,64.91609954833984,188300,12223701.544952393
2016-07-25 00:00:00,64.70414079211965,64.96426437540981,63.59619176614896,64.95462799072266,101100,6566912.889862061
2016-07-26 00:00:00,65.00278458960634,65.6386461453846,63.77922133694514,64.3187484741211,272800,17546154.583740234
2016-07-27 00:00:00,66.57320625348571,67.87383908769935,63.20119139049749,64.6270751953125,656500,42427674.865722656
2016-07-28 00:00:00,64.62705607215509,64.86791420538428,63.75996532244861,64.55961608886719,358400,23138166.40625
2016-07-29 00:00:00,64.37656622981393,65.28219522864292,63.692529963824526,64.47290802001953,217000,13990621.040344238
2016-08-01 00:00:00,64.45365407557303,64.7426794976394,63.865959495173364,64.54035949707031,216400,13966533.795166016
2016-08-02 00:00:00,64.06824679626189,64.83899556254434,63.80812331412444,64.72338104248047,224700,14543343.720245361
2016-08-03 00:00:00,64.72345021204147,64.93540671680603,63.88526058422149,64.1742935180664,145000,9305272.560119629
2016-08-04 00:00:00,64.22242720622297,65.06060894960477,60.61918362176256,63.6058235168457,108300,6888510.68687439
2016-08-05 00:00:00,63.952672885866996,64.53073850285047,63.65401104072595,64.3958511352539,111900,7205895.742034912
2016-08-08 00:00:00,64.57885636003353,64.58849273972447,63.71176594794932,64.0489730834961,100900,6462541.384124756
2016-08-09 00:00:00,63.90446348962448,64.39580864931582,63.61543087182562,64.33800506591797,99200,6382330.1025390625
2016-08-10 00:00:00,64.52108658324543,64.52108658324543,63.67326113599024,63.99119567871094,136500,8734798.210144043
2016-08-11 00:00:00,64.23202977245914,65.50376011633486,64.0008080782286,65.2532730102539,180100,11752114.469146729
2016-08-12 00:00:00,65.20512099599364,65.25329556788098,64.0971719962538,64.43437194824219,66100,4259111.985778809
2016-08-15 00:00:00,65.24364239161072,65.63864584787541,64.69448622530709,65.56157684326172,91100,5972659.650421143
2016-08-16 00:00:00,65.60975803715182,65.60975803715182,64.6945000150259,64.7619400024414,72500,4695240.650177002
2016-08-17 00:00:00,64.44398936177649,65.34961812372566,64.27057124460336,65.05094909667969,137500,8944505.500793457
2016-08-18 00:00:00,64.89681307160193,65.79280558072685,64.63668218324592,65.70609283447266,125500,8246114.650726318
2016-08-19 00:00:00,65.5905207354549,66.20711727053704,65.16660786118199,66.03369903564453,106200,7012778.837585449
2016-08-22 00:00:00,66.01441851410438,67.01638960365815,65.12806201771785,66.98748779296875,120700,8085389.776611328
2016-08-23 00:00:00,66.98747785941556,67.69078700033918,66.98747785941556,67.5751724243164,92200,6230430.897521973
2016-08-24 00:00:00,67.66186204160377,67.66186204160377,66.56354232122845,66.75623321533203,113600,7583508.093261719
2016-08-25 00:00:00,66.39013318383567,67.03563115663093,65.10876627038392,66.72733306884766,89300,5958750.843048096
2016-08-26 00:00:00,66.71770937642906,67.17052388689025,65.95659671954435,66.4961166381836,94400,6277233.410644531
2016-08-29 00:00:00,66.39978532082058,67.09345809730881,66.13002531894378,66.44795989990234,136100,9043567.342376709
2016-08-30 00:00:00,66.2841428614998,66.85256437042159,65.93730665759995,66.66950988769531,98400,6560279.772949219
2016-08-31 00:00:00,66.67917325725531,66.74671083123764,65.43454594154406,66.26429748535156,153900,10198075.382995605
2016-09-01 00:00:00,66.45726655254573,66.65987929483786,65.64681558337719,66.63093566894531,76400,5090603.485107422
2016-09-02 00:00:00,67.06512357321779,68.44482641063671,66.85286046576172,68.37728881835938,144000,9846329.58984375
2016-09-06 00:00:00,68.50271822414301,68.50271822414301,67.26774081984131,67.4896469116211,67700,4569049.095916748
2016-09-07 00:00:00,67.81767221761271,67.81767221761271,66.90108240096403,67.62470245361328,174300,11786985.637664795
2016-09-08 00:00:00,67.72117328231295,67.72117328231295,66.51514017704903,66.74669647216797,96800,6461080.218505859
2016-09-09 00:00:00,66.35113812770611,66.7467206629021,64.21887170813615,64.40219116210938,148000,9531524.291992188
2016-09-12 00:00:00,64.05484954361741,64.85565754027218,64.04519921469367,64.64339447021484,157200,10161941.610717773
2016-09-13 00:00:00,64.28642124454488,64.28642124454488,62.58833100113374,63.176876068115234,203400,12850176.592254639
2016-09-14 00:00:00,62.93566131591797,63.30229288438853,62.067315642124534,62.93566131591797,273300,17200316.23764038
2016-09-15 00:00:00,62.91635045948518,63.9197711464682,62.019061302157155,63.7075080871582,241700,15398104.704666138
2016-09-16 00:00:00,63.70751868285949,63.76540594101033,62.55937232256745,62.655860900878906,243000,15225374.198913574
2016-09-19 00:00:00,63.10932603155268,64.03555889839278,62.800574381561496,64.0162582397461,115000,7361869.697570801
2016-09-20 00:00:00,64.07415024539758,64.63374418560745,63.60137982138422,63.842586517333984,94000,6001203.1326293945
2016-09-21 00:00:00,64.17064749354006,64.82673016497881,63.75577157835018,64.74954223632812,145100,9395158.578491211
2016-09-22 00:00:00,65.12581793209276,66.95899057572369,65.00039308086653,66.6598892211914,171600,11438836.990356445
2016-09-23 00:00:00,66.53448091058183,66.53448091058183,65.10654081793379,65.82051086425781,111500,7338986.961364746
2016-09-26 00:00:00,65.4634943124575,65.87837011445131,65.06791916788333,65.09686279296875,76000,4947361.572265625
2016-09-27 00:00:00,64.8556729847123,65.80119933516576,64.8556729847123,65.6854248046875,87200,5727769.04296875
2016-09-28 00:00:00,65.94590883626304,67.01686714924905,65.73364576723243,66.99757385253906,85500,5728292.56439209
2016-09-29 00:00:00,66.87215452370465,66.87215452370465,66.24502288589986,66.59235382080078,74300,4947811.888885498
2016-09-30 00:00:00,66.80462169135785,68.43518173235826,66.457283370659,68.06855010986328,182700,12436124.105072021
2016-10-03 00:00:00,68.0685398224649,71.60945273111435,68.0685398224649,70.58673858642578,259400,18310199.989318848
2016-10-04 00:00:00,70.90514564414963,70.90514564414963,68.62815296675895,69.40966796875,124900,8669267.529296875
2016-10-05 00:00:00,69.93067129551353,71.18494210617104,69.55438195516504,70.77971649169922,105700,7481416.033172607
2016-10-06 00:00:00,70.3648212572859,71.37789237681666,69.81487025666638,71.10773468017578,73700,5240640.045928955
2016-10-07 00:00:00,70.8279557842996,71.36825656540236,69.5254334053545,69.95960998535156,68500,4792233.283996582
2016-10-10 00:00:00,70.33588877312016,70.94372712450959,69.13950537120708,70.4902572631836,60500,4264660.564422607
2016-10-11 00:00:00,70.14293361658889,70.29730949995708,68.76323044343667,69.43861389160156,72100,5006524.061584473
2016-10-12 00:00:00,69.26492002587165,70.60602875037628,69.26492002587165,69.79557037353516,81000,5653441.200256348
2016-10-13 00:00:00,69.32280805649627,69.71839060033037,68.82110133077799,69.23597717285156,134900,9339933.320617676
2016-10-14 00:00:00,69.20705412382618,70.78937004757792,69.20705412382618,69.8727798461914,103900,7259781.826019287
2016-10-17 00:00:00,70.28762752022698,72.26552530931845,70.14290203499327,72.07255554199219,124000,8936996.887207031
2016-10-18 00:00:00,72.60322826953133,72.8444350079683,71.78312683105469,71.78312683105469,92700,6654295.8572387695
2016-10-19 00:00:00,71.87959265401261,72.45848723002408,71.25245379623192,71.68663024902344,108200,7756493.392944336
2016-10-20 00:00:00,71.59016418457031,71.78313401124923,70.2104612082625,71.59016418457031,122400,8762636.096191406
2016-10-21 00:00:00,70.67358680271661,72.79620353018836,70.57710556256731,72.69972229003906,76200,5539718.838500977
2016-10-24 00:00:00,73.18211269739666,74.05045830609394,72.21728587907621,72.60321807861328,223000,16190517.631530762
2016-10-25 00:00:00,72.36202876919353,72.36202876919353,71.4454460158689,71.59016418457031,149600,10709888.562011719
2016-10-26 00:00:00,71.05951059060722,71.25247304773237,69.32281903229725,69.46754455566406,360200,25022209.548950195
2016-10-27 00:00:00,72.36201404125921,76.07659595650158,72.19799524274976,74.24342346191406,418800,31093145.74584961
2016-10-28 00:00:00,74.0987123985321,77.33088119548032,74.00222381509404,76.22132873535156,491300,37447538.80767822
2016-10-31 00:00:00,76.55901415529459,77.18615312161675,75.54595031220047,77.04142761230469,312200,24052333.700561523
2016-11-01 00:00:00,76.46253458893962,77.15721115981773,75.6424331665039,75.6424331665039,225700,17072497.16567993
2016-11-02 00:00:00,75.69066495370805,76.26956696413572,74.23378168098768,74.82232666015625,264800,19812952.099609375
2016-11-03 00:00:00,75.06353370283466,75.54594713958541,74.38815047475669,75.11177062988281,116600,8758032.455444336
2016-11-04 00:00:00,75.1117878721295,76.31782174085683,73.51982169320009,73.80927276611328,314900,23242539.994049072
2016-11-07 00:00:00,75.25650310252472,77.0896758041543,75.0152963618115,76.99319458007812,170800,13150437.634277344
2016-11-08 00:00:00,76.94492920526451,79.35699595151105,76.36603465837405,77.95800018310547,153800,11989940.428161621
2016-11-09 00:00:00,77.18614366319444,80.94896963898402,77.18614366319444,80.32183074951172,286500,23012204.509735107
2016-11-10 00:00:00,81.81731716255614,82.39621178151332,80.37007693464095,81.47962188720703,267600,21803946.8170166
2016-11-11 00:00:00,81.57612638289886,82.5216527275341,81.33491963115883,81.86557006835938,257100,21047638.064575195
2016-11-14 00:00:00,82.78214300918525,83.6022443231658,79.7429370940391,80.90072631835938,292500,23663462.448120117
2016-11-15 00:00:00,80.61130196872789,81.28667795090449,80.12888844973142,81.04547119140625,166800,13518384.594726562
2016-11-16 00:00:00,81.0454456841647,82.05851669963428,80.37006991454753,81.6725845336914,138600,11319820.216369629
2016-11-17 00:00:00,81.67257620446814,83.4575040087472,81.67257620446814,83.26454162597656,139100,11582097.74017334
2016-11-18 00:00:00,83.45752364385864,83.69873035959233,83.0233544999559,83.60224914550781,140700,11762836.45477295
2016-11-21 00:00:00,84.27761840820312,84.71179487916491,83.79520501449727,84.27761840820312,169800,14310339.60571289
2016-11-22 00:00:00,84.80829041620677,87.36508330709157,84.42235816382022,86.06256103515625,232900,20043970.46508789
2016-11-23 00:00:00,85.86958981348464,87.55803680419922,85.19421396161668,87.55803680419922,136900,11986695.238494873
2016-11-25 00:00:00,88.13693668776067,88.61935014238557,87.41331650582332,88.47462463378906,46600,4122917.5079345703
2016-11-28 00:00:00,88.42637497717878,88.56145013614791,86.88265361678583,87.75099182128906,163400,14338512.063598633
2016-11-29 00:00:00,87.8957001817761,90.25952972521029,87.17208024499796,88.66756439208984,330500,29304630.031585693
2016-11-30 00:00:00,89.05353204700687,89.63242675531295,86.97915259461827,87.02738952636719,267300,23262421.22039795
2016-12-01 00:00:00,86.59322093941316,87.75101036410125,79.74295089440965,82.49270629882812,743900,61366324.21569824
2016-12-02 00:00:00,80.03239298282305,81.65330256186722,77.71681417937037,81.431396484375,441000,35911245.849609375
2016-12-05 00:00:00,82.05853720222746,83.50577766532814,81.86556739051997,82.58918762207031,249000,20564707.717895508
2016-12-06 00:00:00,82.73391464152196,83.74698592848954,82.20325685100643,83.55401611328125,128500,10736691.07055664
2016-12-07 00:00:00,83.89169877690668,85.38718346563824,83.21632286905422,85.00125122070312,133700,11364667.288208008
2016-12-08 00:00:00,85.00124680260551,86.59502165403629,84.51828517304524,86.4018325805664,123700,10687906.690216064
2016-12-09 00:00:00,86.98136484733044,87.17454649012737,85.77396115633145,86.01544189453125,158100,13599041.36352539
2016-12-12 00:00:00,85.96718065339466,86.20866149792667,83.987034780468,84.228515625,177000,14908447.265625
2016-12-13 00:00:00,84.5182966036882,84.9046674334729,82.77963155436237,83.50407409667969,216600,18086982.44934082
2016-12-14 00:00:00,83.5040703187115,84.46999366476673,82.10348441469552,82.53814697265625,164300,13561017.547607422
2016-12-15 00:00:00,82.48984476415409,85.53250439218534,82.00688315238433,82.77961730957031,195300,16166859.260559082
2016-12-16 00:00:00,82.73132326032999,82.92450495188086,80.31651526889834,80.50969696044922,391600,31527597.329711914
2016-12-19 00:00:00,80.5580051971712,82.29666272638757,80.5580051971712,81.42733764648438,170800,13907789.270019531
2016-12-20 00:00:00,81.57224142170175,83.11772500806782,81.04098788712383,82.44157409667969,182400,15037343.115234375
2016-12-21 00:00:00,82.68305025171016,83.16601200244376,82.20008850097656,82.20008850097656,164400,13513694.549560547
2016-12-22 00:00:00,82.24837696162797,82.90520515225485,81.4756353128632,82.5864486694336,183100,15121578.751373291
2016-12-23 00:00:00,82.39326520768886,82.73133690837858,80.79949019653978,81.9585952758789,95300,7810654.12979126
2016-12-27 00:00:00,82.00689312626766,83.16599818772455,82.00689312626766,82.97281646728516,90000,7467553.482055664
2016-12-28 00:00:00,83.11768542661962,83.50404876980926,81.08924102783203,81.08924102783203,103500,8392736.446380615
2016-12-29 00:00:00,81.47560593845107,82.1517564797002,79.83353973860348,81.86197662353516,126700,10371912.438201904
2016-12-30 00:00:00,81.91031961158794,83.26260667984802,81.5722404751111,83.02112579345703,285700,23719135.639190674
2017-01-03 00:00:00,84.1319041528795,85.00123645413306,82.10346702956035,82.3449478149414,179300,14764449.143218994
2017-01-04 00:00:00,82.44153515266228,83.50404908931603,81.23413127705385,83.16597747802734,163800,13622587.110900879
2017-01-05 00:00:00,82.63473888499911,83.31088222777952,81.33073657199303,81.66881561279297,92100,7521697.917938232
2017-01-06 00:00:00,81.81369155523261,82.2000623065784,80.70288577805098,80.79947662353516,105600,8532424.731445312
2017-01-09 00:00:00,80.99268267555152,81.37905354311029,79.68868744577564,79.7852783203125,182900,14592727.404785156
2017-01-10 00:00:00,79.73698930918154,80.75120458080518,78.48128578879616,79.68869018554688,402100,32042822.3236084
2017-01-11 00:00:00,79.54377495006857,82.73132449405615,79.54377495006857,81.57221221923828,171300,13973319.953155518
2017-01-12 00:00:00,81.57221971133978,81.76540879292442,80.31652384338439,81.71710968017578,114400,9348437.34741211
2017-01-13 00:00:00,82.15176613440005,83.06939017108459,82.15176613440005,82.3449478149414,49300,4059605.9272766113
2017-01-17 00:00:00,81.9585837424531,81.9585837424531,80.79947882622623,80.99266052246094,118300,9581431.739807129
2017-01-18 00:00:00,81.28243465754052,81.81368796912177,80.75117397655048,81.6205062866211,82400,6725529.718017578
2017-01-19 00:00:00,81.86199213029506,82.00688208582345,81.08925061374981,81.57221221923828,78600,6411575.880432129
2017-01-20 00:00:00,81.47562579103712,81.9585874227201,79.97844915446568,80.171630859375,144300,11568766.333007812
2017-01-23 00:00:00,80.12332620793832,81.04095766632784,79.49548202569342,80.50969696044922,79300,6384418.968963623
2017-01-24 00:00:00,80.70289808977608,83.45577813779391,80.4614172545217,82.97281646728516,102500,8504713.687896729
2017-01-25 00:00:00,83.79382817109838,84.27678971675313,83.35916572777245,83.89041900634766,129300,10847031.177520752
2017-01-26 00:00:00,83.55238177082116,83.55238177082116,81.86201566563113,82.92453002929688,66700,5531066.152954102
2017-01-27 00:00:00,82.82792498887837,84.13192000170172,82.20007335473079,83.98703002929688,73700,6189844.11315918
2017-01-30 00:00:00,83.40748076695078,84.22851415010065,83.02110994858309,83.60066986083984,161900,13534948.45046997
2017-01-31 00:00:00,83.60063683250674,84.13189004964455,82.48982393208041,83.4074478149414,181300,15121770.288848877
2017-02-01 00:00:00,83.5040469528366,83.79382682333187,81.23412919865103,82.8279037475586,156100,12929435.774993896
2017-02-02 00:00:00,82.73134794996551,83.55238143819265,82.29667796014313,83.21430969238281,110800,9220145.513916016
2017-02-03 00:00:00,83.89044091517404,84.66318253779417,83.31088838291409,84.61488342285156,98600,8343027.505493164
2017-02-06 00:00:00,84.22850282661409,84.42169189453125,83.72622598884831,84.42169189453125,143100,12080744.110107422
2017-02-07 00:00:00,84.46999818557211,84.95295988444767,84.03533560434838,84.85636901855469,77900,6610311.14654541
2017-02-08 00:00:00,84.37339742213251,85.1461389974501,83.89043577991148,84.80806732177734,125200,10617970.028686523
2017-02-09 00:00:00,84.80806763548216,86.6916150993475,84.75976852331748,86.45013427734375,123800,10702526.623535156
2017-02-10 00:00:00,86.981394711772,86.981394711772,84.56658650066683,84.80806732177734,106900,9065982.396697998
2017-02-13 00:00:00,85.24273811979864,85.67740069219204,83.2143004996119,84.228515625,147000,12381591.796875
2017-02-14 00:00:00,83.8904320667849,83.98702291707187,83.1176978950796,83.69725036621094,96200,8051675.485229492
2017-02-15 00:00:00,83.1659441007626,84.75971805081282,82.53809286354215,83.84209442138672,128800,10798861.76147461
2017-02-16 00:00:00,83.455792545956,84.03534517674088,82.68305079196848,83.55238342285156,143900,12023187.97454834
2017-02-17 00:00:00,83.64895322726122,83.64895322726122,81.8619966619155,82.10347747802734,163700,13440339.263153076
2017-02-21 00:00:00,82.00686499717297,83.50404124055898,81.47560439407643,83.45574951171875,199200,16624385.302734375
2017-02-22 00:00:00,82.97278957962399,83.06938040854305,81.71708669545264,81.86197662353516,108700,8898396.858978271
2017-02-23 00:00:00,82.05540590562289,82.05540590562289,78.38056592413923,79.15421295166016,237400,18791210.15472412
2017-02-24 00:00:00,78.04211203360191,82.63566898748087,78.04211203360191,82.20049285888672,212800,17492264.880371094
2017-02-27 00:00:00,82.20048805019955,83.21590879500768,81.58156731865918,83.02249145507812,246000,20423532.89794922
2017-02-28 00:00:00,85.05328845398563,88.96990118568812,83.16751632575193,86.45553588867188,780200,67452609.1003418
2017-03-01 00:00:00,88.00285123575726,88.72814946022778,86.16542759147558,86.50389862060547,271900,23520410.034942627
2017-03-02 00:00:00,86.16542107678137,86.89071924641439,85.53682785414317,85.82695007324219,203600,17474367.03491211
2017-03-03 00:00:00,85.77859897513295,86.45554840029352,84.90824702267857,85.2950668334961,166700,14218687.641143799
2017-03-06 00:00:00,84.52141097667523,85.29505789535412,84.30865567615143,84.7148208618164,126200,10691010.39276123
2017-03-07 00:00:00,83.89283139571633,84.32800739695516,82.8097166800766,82.87741088867188,203300,16848977.633666992
2017-03-08 00:00:00,83.50601283369211,89.01828456297171,83.50601283369211,86.93909454345703,1594500,138624386.24954224
2017-03-09 00:00:00,86.6489583057023,86.74566325840667,84.66648095186014,85.2950668334961,433100,36941293.44558716
2017-03-10 00:00:00,85.73026926692884,86.16544534000354,83.409312994925,85.15003204345703,282400,24046369.049072266
2017-03-13 00:00:00,85.15002271966635,87.08415150486613,85.15002271966635,86.79402923583984,244500,21221140.14816284
2017-03-14 00:00:00,86.55227261502363,86.69733376542072,85.15003204345703,85.15003204345703,356800,30381531.43310547
2017-03-15 00:00:00,85.58519874508998,87.18085646850295,84.73418473572377,86.79402923583984,253900,22037004.022979736
2017-03-16 00:00:00,87.22918893793336,87.9061383129442,85.05329446176205,85.24671173095703,148700,12676186.03439331
2017-03-17 00:00:00,85.24672887672335,86.31049824785241,84.85990163864481,86.1170883178711,314300,27066600.858306885
2017-03-20 00:00:00,86.16542759147558,87.03578693646323,84.61812618822813,86.50389862060547,206600,17871705.45501709
2017-03-21 00:00:00,86.84238335039264,87.08414944281787,83.85415061139653,84.03789520263672,262900,22093562.648773193
2017-03-22 00:00:00,83.89282874839714,84.71483193486215,83.26423547235383,84.56977081298828,210400,17793479.779052734
2017-03-23 00:00:00,84.47308246764275,85.87533041732594,84.47308246764275,85.15003204345703,154000,13113104.934692383
2017-03-24 00:00:00,85.48848122859702,85.73024729124683,84.42471202856078,85.10165405273438,522500,44465614.24255371
2017-03-27 00:00:00,84.32799970100909,85.58518617803401,83.21588171531171,85.10165405273438,200800,17088412.133789062
2017-03-28 00:00:00,85.00493756457269,86.04936858419444,84.52140550490857,85.58517456054688,245900,21045394.424438477
2017-03-29 00:00:00,85.19835717425856,85.44012323172134,84.18294415978364,84.8598861694336,148600,12610179.084777832
2017-03-30 00:00:00,84.90824415386041,85.73024729124683,84.76318304064758,85.10165405273438,262800,22364714.685058594
2017-03-31 00:00:00,85.24671622959733,85.48848229526372,84.7148279338853,85.05329895019531,390600,33221818.56994629
2017-04-03 00:00:00,85.00494794796883,85.3724297020807,82.87740219869778,82.9257583618164,321500,26660631.313323975
2017-04-04 00:00:00,82.44224024286473,83.69942691628965,81.33011470531434,82.34553527832031,331600,27305779.498291016
2017-04-05 00:00:00,82.63563592359506,83.6027001585259,81.52351795591626,82.29716491699219,415700,34210931.45599365
2017-04-06 00:00:00,82.2488303137759,83.02247740824706,81.76529811293798,82.34553527832031,248100,20429927.30255127
2017-04-07 00:00:00,81.9586939103893,82.7806970344576,81.37845684505372,82.29716491699219,371000,30532248.1842041
2017-04-10 00:00:00,82.82907112536243,85.19837606252064,82.73236615656099,83.4576644897461,311700,26013754.021453857
2017-04-11 00:00:00,83.26427135468407,84.37639726416202,83.07086136091327,84.32804107666016,172900,14580318.302154541
2017-04-12 00:00:00,86.64893969074434,86.64893969074434,83.07080556257498,83.5059814453125,206000,17202232.177734375
2017-04-13 00:00:00,83.55438058746553,84.0379128739924,82.61632677110468,82.68402099609375,179000,14800439.758300781
2017-04-17 00:00:00,82.97412998815443,84.27966547639866,82.68400771160417,84.1829605102539,153000,12879992.958068848
2017-04-18 00:00:00,84.0378934065942,84.27965949385245,82.8290629703029,83.79612731933594,133000,11144884.93347168
2017-04-19 00:00:00,84.0378859012653,85.68189219655093,84.0378859012653,85.05329895019531,175100,14892832.6461792
2017-04-20 00:00:00,85.53682287361535,87.18083638926011,85.47880138441975,86.98741912841797,212800,18510922.790527344
2017-04-21 00:00:00,86.84233569070992,86.84233569070992,85.00491292104547,85.3433837890625,240000,20482412.109375
2017-04-24 00:00:00,86.9390830624633,88.43802831812593,86.2427955778211,88.05120849609375,162700,14325931.622314453
2017-04-25 00:00:00,88.3413234441444,90.22710327980985,88.14791353294981,89.30838775634766,200800,17933124.26147461
2017-04-26 00:00:00,87.22919354119296,88.6797899351914,82.78069940855407,85.05329895019531,516500,43930028.90777588
2017-04-27 00:00:00,85.15000678541674,85.87530494414051,84.23129135749798,85.24671173095703,253700,21627090.7661438
2017-04-28 00:00:00,85.39179928247617,86.21380264129841,84.40538934939612,85.73027038574219,201300,17257503.428649902
2017-05-01 00:00:00,86.11709984763975,86.31050980351571,84.95661797803328,86.26215362548828,202700,17485338.539886475
2017-05-02 00:00:00,85.97200958272091,86.89071762924506,85.77859231421652,86.21377563476562,167800,14466671.551513672
2017-05-03 00:00:00,86.02036647095845,86.74566469542899,85.7302516080393,86.50389862060547,148700,12863129.724884033
2017-05-04 00:00:00,86.64898546322176,88.19628732579199,86.50392429964266,87.95452117919922,182300,16034109.210968018
2017-05-05 00:00:00,88.14792455554847,88.14792455554847,86.6489717329484,87.90615844726562,146700,12895833.444213867
2017-05-08 00:00:00,88.19626628759217,88.19626628759217,87.03579201201156,87.56768035888672,170800,14956559.805297852
2017-05-09 00:00:00,87.56765511431965,87.95447484258797,87.2291767849148,87.66436004638672,152600,13377581.343078613
2017-05-10 00:00:00,87.56767707793556,88.0028530704444,86.55225659126125,86.74566650390625,171700,14894230.938720703
2017-05-11 00:00:00,86.55227374456443,86.58128449939913,84.81155467331534,85.73027038574219,178600,15311426.290893555
2017-05-12 00:00:00,85.39178319614186,85.48848815341223,84.52142382447796,84.81153869628906,162400,13773393.884277344
2017-05-15 00:00:00,84.66649139139953,85.77860955179862,83.8928369181415,84.23130798339844,168800,14218244.787597656
2017-05-16 00:00:00,84.27965562770797,84.90824890136719,83.79612347537243,84.90824890136719,126000,10698439.361572266
2017-05-17 00:00:00,84.90824391753218,84.90824391753218,81.62022399902344,81.62022399902344,219500,17915639.167785645
2017-05-18 00:00:00,80.89493429046142,81.23340533707614,79.73445264449106,80.94328308105469,258600,20931933.004760742
2017-05-19 00:00:00,81.03999673828334,81.81364380341435,80.31469846453301,80.89493560791016,224700,18177092.031097412
2017-05-22 00:00:00,81.13669027892904,82.08440909149049,80.99162916897363,82.00704956054688,153800,12612684.22241211
2017-05-23 00:00:00,82.05546984564685,82.73321118462658,81.474547642689,82.39434051513672,144300,11889503.336334229
2017-05-24 00:00:00,82.4427719116211,82.83005592772663,81.91025546612245,82.4427719116211,114400,9431453.106689453
2017-05-25 00:00:00,82.68477800023621,83.50775146484375,82.34590744267123,83.50775146484375,172600,14413437.902832031
2017-05-26 00:00:00,83.50775750561131,83.60457661665868,82.68478398147167,83.21729278564453,128000,10651813.4765625
2017-05-30 00:00:00,82.684792657857,82.87843090027083,81.81340579334388,81.91022491455078,127400,10435362.65411377
2017-05-31 00:00:00,81.95864144368619,83.8756852353959,81.18407366942776,83.55618286132812,192200,16059498.345947266
2017-06-01 00:00:00,83.89501021075176,85.54095664836873,83.50772652342367,85.44413757324219,175500,14995446.144104004
2017-06-02 00:00:00,84.66961627628494,87.36123530525788,84.66961627628494,86.1219253540039,197300,16991855.87234497
2017-06-05 00:00:00,85.9282948044601,86.17034633912054,85.54101087163805,85.58942413330078,110200,9431954.539489746
2017-06-06 00:00:00,85.00850602261997,85.00850602261997,83.3141451983739,83.79824829101562,132200,11078128.424072266
2017-06-07 00:00:00,83.74981321887273,85.00848388671875,83.74981321887273,85.00848388671875,89900,7642262.701416016
2017-06-08 00:00:00,85.05689905284162,87.52582740713972,84.51470603476004,86.89649200439453,103300,8976407.624053955
2017-06-09 00:00:00,87.04173766590394,88.25199539933746,86.89650526052652,87.52584075927734,130700,11439627.387237549
2017-06-12 00:00:00,87.04171385377433,87.96150652482397,86.55761089283767,86.84806823730469,152400,13235645.599365234
2017-06-13 00:00:00,86.99331577998964,87.45805795377173,85.54100664380677,85.7830581665039,132900,11400568.43032837
2017-06-14 00:00:00,85.92829208153823,86.55762752907816,85.63782729441938,86.07352447509766,89000,7660543.678283691
2017-06-15 00:00:00,85.49258946624936,87.1385366482076,85.15371146982388,87.04171752929688,97500,8486567.459106445
2017-06-16 00:00:00,86.2187503377435,89.02654192868417,86.2187503377435,88.34880065917969,241900,21371574.879455566
2017-06-19 00:00:00,89.12335354067783,91.68909319398581,88.73606971421592,91.39863586425781,205900,18818979.124450684
2017-06-20 00:00:00,90.9629442521022,91.15658987037463,88.9781265258789,88.9781265258789,121400,10801944.5602417
2017-06-21 00:00:00,88.9297258345374,90.81773209851339,88.54244193011981,89.46224212646484,140800,12596283.69140625
2017-06-22 00:00:00,89.60745926608212,90.18838133044392,88.73607247612702,89.99473571777344,86700,7802543.586730957
2017-06-23 00:00:00,89.99476902487798,91.44707841669523,89.99476902487798,91.10820770263672,184200,16782131.858825684
2017-06-26 00:00:00,91.6890966080137,92.12479369906569,90.67248483587545,91.05976867675781,120200,10945384.194946289
2017-06-27 00:00:00,91.05976919464749,91.68909712948259,90.57566623749747,90.6724853515625,187900,17037359.997558594
2017-06-28 00:00:00,91.35024232689774,93.77075753103826,91.35024232689774,93.33506774902344,231400,21597734.677124023
2017-06-29 00:00:00,93.62550317300688,94.5937090274819,91.6406856034277,92.56047821044922,214900,19891246.767425537
2017-06-30 00:00:00,92.65730908812898,95.99762414245895,92.65730908812898,94.88418579101562,245800,23322532.86743164
2017-07-03 00:00:00,95.90079722283201,96.04602219818001,92.89935302734375,92.89935302734375,124900,11603129.193115234
2017-07-05 00:00:00,92.9477823654396,93.72235017321536,91.68911152451051,92.51209259033203,221100,20454423.671722412
2017-07-06 00:00:00,92.07639417273538,92.22162655806602,89.26859514137132,89.70429229736328,227400,20398756.06842041
2017-07-07 00:00:00,89.89791637233857,91.25340611022679,89.12335608413444,90.91453552246094,213100,19373887.519836426
2017-07-10 00:00:00,90.72090266061153,91.39865131822187,89.22018773620992,89.41382598876953,158900,14207856.949615479
2017-07-11 00:00:00,89.268571223814,90.23677701750753,88.88129481579578,89.02651977539062,150000,13353977.966308594
2017-07-12 00:00:00,89.36541118048629,91.01135832308871,89.22017881218018,89.65586853027344,102900,9225588.871765137
2017-07-13 00:00:00,89.26859687571262,89.26859687571262,87.23536560205906,88.54244232177734,135800,12024063.667297363
2017-07-14 00:00:00,88.63927664865167,90.38204329956008,88.63927664865167,90.1399917602539,115000,10366099.0524292
2017-07-17 00:00:00,89.84952482973038,90.81773088441788,89.51064680112898,90.76931762695312,87800,7969546.087646484
2017-07-18 00:00:00,90.62409134310072,90.91455613379433,90.18840154388676,90.4788589477539,87400,7907852.272033691
2017-07-19 00:00:00,90.52726630631331,91.59229149137532,90.3820339204353,91.30183410644531,67200,6135483.251953125
2017-07-20 00:00:00,91.3502445645096,91.54389021767987,90.43045171913647,90.72090911865234,78600,7130663.456726074
2017-07-21 00:00:00,91.5922912960723,91.5922912960723,90.18839547150581,90.76931762695312,126000,11436934.020996094
2017-07-24 00:00:00,90.62408793701144,90.62408793701144,89.31701120166932,90.28521728515625,98600,8902122.424316406
2017-07-25 00:00:00,90.96298362660056,91.97960324881879,90.38206129397366,91.25344848632812,142000,12957989.685058594
2017-07-26 00:00:00,91.3018246553722,91.3502305211035,89.89792158631067,89.94633483886719,102200,9192515.420532227
2017-07-27 00:00:00,90.0915796777544,90.47885620450198,88.97814119628943,89.36542510986328,159600,14262721.84753418
2017-07-28 00:00:00,88.8329150287444,89.80112118709583,86.70286443510194,89.60748291015625,173500,15546898.28491211
2017-07-31 00:00:00,89.84952603088244,90.4304481940958,87.71946824999871,89.46224212646484,176200,15763247.062683105
2017-08-01 00:00:00,89.84953133889199,93.2866586499402,85.037545716598,87.9615249633789,537500,47279319.66781616
2017-08-02 00:00:00,88.00994385265075,88.32945366711567,85.58942838578372,87.52584075927734,223800,19588283.16192627
2017-08-03 00:00:00,87.62264803488772,88.30038931910121,87.09013174955857,87.71946716308594,145600,12771954.418945312
2017-08-04 00:00:00,88.00995135740074,88.5908736416196,87.67108064050869,88.05835723876953,97300,8568078.159332275
2017-08-07 00:00:00,87.91309314972293,89.02652395528816,87.38057698345965,88.8328857421875,107700,9567301.794433594
2017-08-08 00:00:00,88.68767321872005,90.18839555968333,87.42900977849129,87.71946716308594,122400,10736862.780761719
2017-08-09 00:00:00,87.23534862745187,87.96150304008907,86.07350452196219,86.65442657470703,99900,8656777.214813232
2017-08-10 00:00:00,86.07353335343873,86.70286886589356,83.94347526411678,86.3639907836914,164900,14241422.080230713
2017-08-11 00:00:00,85.49261181299386,87.81630082153697,85.49261181299386,87.57424926757812,145700,12759568.118286133
2017-08-14 00:00:00,88.15515586383347,88.30038084878693,86.29619480135116,87.04171752929688,130300,11341535.794067383
2017-08-15 00:00:00,87.28378056195673,87.28378056195673,85.58941990307669,85.7830581665039,76300,6545247.338104248
2017-08-16 00:00:00,85.87986569425023,87.13853639693608,85.49258921972405,85.97669219970703,142200,12225885.63079834
2017-08-17 00:00:00,85.78284401391157,85.97670059034454,83.60192425084601,83.6988525390625,132800,11115207.6171875
2017-08-18 00:00:00,83.06879421524583,85.00738924846186,82.47752213850268,84.66813659667969,155300,13148961.613464355
2017-08-21 00:00:00,84.71659952489055,85.05585215702764,84.28041123058338,84.52273559570312,80400,6795627.941894531
2017-08-22 00:00:00,84.91046591261677,86.07362743726576,84.91046591261677,85.73436737060547,85000,7287421.226501465
2017-08-23 00:00:00,85.15279516622917,86.0251645107208,84.91047075915671,84.95893859863281,101300,8606340.480041504
2017-08-24 00:00:00,85.1043249162452,85.3951097341357,83.89270302048517,84.66813659667969,61400,5198623.587036133
2017-08-25 00:00:00,85.15278042404499,85.78282525238686,84.28041123058338,84.52273559570312,62400,5274218.701171875
2017-08-28 00:00:00,85.00738833975545,85.00738833975545,83.4565138087917,84.18348693847656,98000,8249981.719970703
2017-08-29 00:00:00,83.65037379739427,84.61967125787321,83.55343813522417,84.52273559570312,98900,8359298.550415039
2017-08-30 00:00:00,84.28043105525954,85.39512487604225,84.18350276544246,85.34666442871094,129900,11086531.70928955
2017-08-31 00:00:00,85.68591496702673,86.31595992758697,85.10433784772279,85.97669982910156,154400,13274802.453613281
2017-09-01 00:00:00,86.02513446647659,86.94596393369098,85.69557693762982,86.80057525634766,81800,7100287.055969238
2017-09-05 00:00:00,86.509812251439,87.67296643289258,84.67784034831496,86.99446105957031,140200,12196623.440551758
2017-09-06 00:00:00,86.9944369455754,87.81833821199058,86.44193775325915,87.18829345703125,178000,15519516.235351562
2017-09-07 00:00:00,87.33370742002998,88.20607669050521,86.70366253606713,87.72142791748047,151300,13272252.043914795
2017-09-08 00:00:00,87.76989298319445,89.8538767253164,87.47910077049443,89.4661636352539,111900,10011263.710784912
2017-09-11 00:00:00,90.14466539028294,90.5808462970135,89.27229618166899,90.04773712158203,85200,7672067.202758789
2017-09-12 00:00:00,90.29008953560042,91.4047834597743,90.04776509100415,91.35631561279297,74200,6778638.618469238
2017-09-13 00:00:00,91.3078142512701,92.71329995113791,91.21088598804016,92.18018341064453,100900,9300980.506134033
2017-09-14 00:00:00,91.98634167731777,92.354672094887,91.30782893528563,91.93787384033203,106000,9745414.627075195
2017-09-15 00:00:00,92.51945877463267,93.63415256369598,92.22867391345589,92.85871887207031,249400,23158964.486694336
2017-09-18 00:00:00,93.19794387137951,94.5549616722954,93.0525477864328,94.31263732910156,196200,18504139.443969727
2017-09-19 00:00:00,94.02186584472656,94.40958635816855,92.71331558261936,94.02186584472656,163300,15353770.692443848
2017-09-20 00:00:00,94.36111852080566,94.50651463774062,93.5372170517125,94.02186584472656,157200,14780237.310791016
2017-09-21 00:00:00,94.07034284878438,94.29327717400864,93.10104516830296,93.14950561523438,142500,13273804.550170898
2017-09-22 00:00:00,93.10104115887945,94.11879924246225,92.4709962146687,92.56792449951172,135900,12579980.939483643
2017-09-25 00:00:00,92.08326550309893,92.27712205135992,91.11396797148736,92.03479766845703,109800,10105420.783996582
2017-09-26 00:00:00,92.13172924288301,93.2464154385707,91.64708049861778,93.05255889892578,173600,16153924.224853516
2017-09-27 00:00:00,93.39182596078477,96.44511500012094,92.95564498165994,96.0089340209961,176900,16983980.42831421
2017-09-28 00:00:00,95.96044227342563,97.41438836847753,95.66965009635435,97.12359619140625,153300,14889047.296142578
2017-09-29 00:00:00,96.83282522514796,98.28677152764222,96.735896950679,97.99597930908203,189400,18560438.481140137
2017-10-02 00:00:00,97.89903675137973,99.0137302330249,97.46285588233052,98.4806137084961,212800,20956674.59716797
2017-10-03 00:00:00,98.62602722608172,98.96527989475743,97.5113335474442,98.77142333984375,193500,19112270.416259766
2017-10-04 00:00:00,98.91682045703763,99.30453357079803,97.4144062581784,97.65673065185547,132100,12900454.119110107
2017-10-05 00:00:00,97.65672889269683,97.85058544608496,96.04769139799212,96.68743133544922,106500,10297211.437225342
2017-10-06 00:00:00,96.44509437553141,97.60824833456223,96.44509437553141,97.22053527832031,103800,10091491.561889648
2017-10-09 00:00:00,97.60826537730104,98.28677813450011,97.02668829624027,98.18984985351562,74700,7334781.784057617
2017-10-10 00:00:00,98.62603421105466,98.62603421105466,97.15270506196616,97.60826873779297,74200,7242533.540344238
2017-10-11 00:00:00,97.89907193399767,98.81990183076044,96.63898191143872,96.78437805175781,114700,11101168.162536621
2017-10-12 00:00:00,96.68742734068647,97.24962167549916,96.68742734068647,97.02667999267578,117800,11429742.903137207
2017-10-13 00:00:00,97.70520356517757,100.66155688455048,96.83283422358323,100.56462860107422,192100,19318465.154266357
2017-10-16 00:00:00,100.7100022801169,101.67929968917451,100.25443131463544,100.80693054199219,156900,15816607.402038574
2017-10-17 00:00:00,100.46769775666975,101.53392363803844,99.75041960304411,100.03150939941406,120000,12003781.127929688
2017-10-18 00:00:00,100.32230334709112,100.3707711859967,99.4984018517738,100.0799789428711,130000,13010397.262573242
2017-10-19 00:00:00,99.74072178476082,100.17690273474193,98.91682032637783,99.25607299804688,122200,12129092.120361328
2017-10-20 00:00:00,99.98304266293658,100.80694409235304,99.88611438803231,100.75847625732422,136100,13713228.618621826
2017-10-23 00:00:00,100.90388341881594,102.26090160156421,99.64380091674224,100.85542297363281,180900,18244746.015930176
2017-10-24 00:00:00,102.2124161294889,111.66306654298926,102.2124161294889,109.48214721679688,511500,56000118.3013916
2017-10-25 00:00:00,109.57908272239685,110.72285404095322,104.73259533786188,106.96197509765625,369900,39565234.58862305
2017-10-26 00:00:00,107.01043842196545,108.46438457608141,106.67118579836891,107.73741149902344,176400,19004879.388427734
2017-10-27 00:00:00,107.979730722537,108.31898332999872,106.52578463757057,106.67118072509766,168200,17942092.597961426
2017-10-30 00:00:00,106.08962972406962,106.28349370009725,102.69708779270864,103.08480834960938,212700,21926138.735961914
2017-10-31 00:00:00,103.76331604792573,104.92647026602322,102.79401840112644,103.617919921875,299700,31054290.600585938
2017-11-01 00:00:00,104.82953766108182,104.82953766108182,100.95234723363656,102.1155014038086,245000,25018297.843933105
2017-11-02 00:00:00,101.97009142567613,103.08478500110687,101.58237835174617,102.84246063232422,129200,13287245.913696289
2017-11-03 00:00:00,102.7455241471754,105.79881242869267,102.28995318707204,104.87797546386719,148700,15595354.95147705
2017-11-06 00:00:00,104.82953325805295,105.75036298783314,104.29641663860954,104.73260498046875,89000,9321201.843261719
2017-11-07 00:00:00,104.87799644926395,104.9264642869037,103.86023841521302,104.58721160888672,99000,10354133.949279785
2017-11-08 00:00:00,104.19948496108125,104.8779902771851,102.64861038487722,104.63566589355469,224800,23522097.692871094
2017-11-09 00:00:00,104.63567394743042,105.12032275199499,101.48545671776067,103.95716857910156,190800,19835027.764892578
2017-11-10 00:00:00,103.5694571944521,105.99270143108015,103.49191160404291,105.84730529785156,171500,18152812.858581543
2017-11-13 00:00:00,105.21724139548927,107.34969283229086,104.10254784641688,107.10736846923828,182200,19514962.535095215
2017-11-14 00:00:00,106.52582979361205,107.68898419658264,106.52582979361205,107.3497314453125,137300,14739118.127441406
2017-11-15 00:00:00,106.47733581073844,107.10738070568493,106.04115486547353,106.33193969726562,159400,16949311.18774414
2017-11-16 00:00:00,106.86505875076882,108.90058220032415,106.86505875076882,108.46440124511719,167100,18124401.448059082
2017-11-17 00:00:00,107.68896693242327,109.04598511510878,107.15585766450856,108.90058898925781,111900,12185975.90789795
2017-11-20 00:00:00,109.33677042957484,111.12996948088364,109.33677042957484,110.98457336425781,106300,11797660.148620605
2017-11-21 00:00:00,111.08149965656023,113.31088701786649,110.18974767009914,113.21395874023438,202000,22869219.665527344
2017-11-22 00:00:00,113.35937364411075,113.35937364411075,111.46924591064453,111.46924591064453,107700,12005237.784576416
2017-11-24 00:00:00,111.66308104919608,111.66308104919608,110.1606741997324,110.59685516357422,78100,8637614.388275146
2017-11-27 00:00:00,111.13000040459964,111.8085059441204,111.03307209826178,111.2269287109375,136200,15149107.690429688
2017-11-28 00:00:00,111.66309566914747,113.94095125344789,110.88766192132918,113.7955551147461,135600,15430677.27355957
2017-11-29 00:00:00,114.08632071878492,115.2010144002657,112.77777048189598,115.05561828613281,134800,15509497.344970703
2017-11-30 00:00:00,115.97645886540597,116.55803594410047,114.91023298860712,116.0733871459961,227900,26453124.93057251
2017-12-01 00:00:00,116.21876295950695,116.55801557987733,111.17841190274508,114.32862854003906,152100,17389384.40093994
2017-12-04 00:00:00,116.02489280831296,116.84880149303461,113.35932502754832,113.45626068115234,167300,18981232.411956787
2017-12-05 00:00:00,113.6501512758039,113.74707956331957,110.98458269577439,111.03305053710938,121300,13468309.030151367
2017-12-06 00:00:00,110.54842317141673,111.76004548852934,110.07346189859646,111.2269287109375,195400,21733741.870117188
2017-12-07 00:00:00,111.32381655616877,113.26241155895848,110.54838299214471,111.61460876464844,144200,16094826.583862305
2017-12-08 00:00:00,107.05891144461462,108.65825388122263,106.08961389456776,107.20430755615234,298300,31979044.944000244
2017-12-11 00:00:00,107.20429673542877,107.68894546153392,106.38039538008056,107.10736846923828,161800,17329972.218322754
2017-12-12 00:00:00,107.25275768005378,107.76648411351756,106.13806420254907,106.67118072509766,149500,15947341.5184021
2017-12-13 00:00:00,106.81660079859543,108.65826785963763,106.81660079859543,107.1558609008789,168400,18045046.975708008
2017-12-14 00:00:00,107.20430346925595,107.73742005951935,106.08960985016628,106.62272644042969,226600,24160709.811401367
2017-12-15 00:00:00,107.20484123287486,110.40643673723413,107.20484123287486,108.99967193603516,439700,47927155.75027466
2017-12-18 00:00:00,110.16389053768188,111.13407008481468,107.9809865566331,108.41756439208984,154300,16728830.185699463
2017-12-19 00:00:00,108.70862168534248,109.53327282358177,106.91378359390791,106.96229553222656,134400,14375732.51953125
2017-12-20 00:00:00,107.54440407957229,108.17502228177082,106.76826486307486,107.10782623291016,101500,10871444.36264038
2017-12-21 00:00:00,107.35035948533401,108.1750105517648,106.67122941742248,107.83544921875,126600,13651967.87109375
2017-12-22 00:00:00,107.7869448049692,107.7869448049692,106.57422038681723,107.49589538574219,90100,9685380.174255371
2017-12-26 00:00:00,107.20485581578549,108.6116134064609,106.7197659704652,107.64143371582031,56400,6070976.861572266
2017-12-27 00:00:00,107.44737634460968,111.1340612928073,107.30184794367625,110.64897155761719,210700,23313738.30718994
2017-12-28 00:00:00,110.7459981023916,110.94003105337225,108.9511673992313,108.99967193603516,88700,9668270.900726318
2017-12-29 00:00:00,109.6787993384157,110.06686523071838,107.44738344826312,107.49589538574219,135500,14565693.824768066
2018-01-02 00:00:00,108.51458494251789,108.95117019625644,106.96229908917401,107.68993377685547,121000,13030481.986999512
2018-01-03 00:00:00,107.59292131904444,107.76755394668838,106.18615642916734,106.62274169921875,132800,14159500.09765625
2018-01-04 00:00:00,107.01079573033458,107.83544677810097,106.18613728068644,107.35035705566406,76400,8201567.279052734
2018-01-05 00:00:00,107.59290495418807,107.93246628910325,106.47719708071084,107.0593032836914,160000,17129488.525390625
2018-01-08 00:00:00,106.62272776890866,107.49589079304923,106.23465449130373,107.204833984375,155400,16659631.201171875
2018-01-09 00:00:00,107.25336427338034,108.41757690353745,106.81677898565887,106.9137954711914,117400,12551679.588317871
2018-01-10 00:00:00,106.71975573065112,106.71975573065112,105.3615028137026,105.79808807373047,111700,11817646.437835693
2018-01-11 00:00:00,106.08913199859462,108.66010927887304,105.74957063747465,108.41756439208984,133800,14506270.115661621
2018-01-12 00:00:00,108.61161489562939,110.16390834344466,108.17503698960867,108.5631103515625,74800,8120520.654296875
2018-01-16 00:00:00,109.53327003677673,110.79449898026485,108.12650528203544,108.27203369140625,111200,12039850.146484375
2018-01-17 00:00:00,108.61159872878893,109.38774533716712,107.73844304671675,109.3392333984375,134400,14695192.96875
2018-01-18 00:00:00,109.3877424983322,110.64897885374444,109.3877424983322,110.30941009521484,106300,11725890.293121338
2018-01-19 00:00:00,110.06687791997739,112.34680601045464,109.82433300838477,112.29829406738281,106300,11937308.659362793
2018-01-22 00:00:00,112.24977510441775,112.58934388091805,110.30941593302326,111.18257904052734,91300,10150969.466400146
2018-01-23 00:00:00,111.3281074587585,112.34679898449373,110.87212186917955,111.18257904052734,115800,12874942.652893066
2018-01-24 00:00:00,112.00721411139808,112.97739355767051,111.18256306244288,111.61914825439453,141600,15805271.392822266
2018-01-25 00:00:00,112.05572604446441,112.92888902648595,109.6787893618497,111.61914825439453,84600,9442979.942321777
2018-01-26 00:00:00,112.3467996477795,113.07443434134834,111.0952670866152,112.8803939819336,59500,6716383.441925049
2018-01-29 00:00:00,112.73486556284325,113.89908551368309,112.27888737245507,112.8803939819336,62700,7077600.702667236
2018-01-30 00:00:00,111.3281197376729,112.49233240816308,111.08557481449715,112.15277099609375,88700,9947950.787353516
2018-01-31 00:00:00,112.63783812325724,113.12292787176557,110.21238938071559,110.35791778564453,77600,8563774.420166016
2018-02-01 00:00:00,110.26090682886367,113.34607807969647,109.43625569554713,113.02591705322266,149300,16874769.416046143
2018-02-02 00:00:00,112.05573743205353,112.15275390616365,110.30941129054125,110.55195617675781,119900,13255179.545593262
2018-02-05 00:00:00,110.35792569501685,110.98854389365061,105.65255627762782,105.74957275390625,155200,16412333.69140625
2018-02-06 00:00:00,103.56667512240423,106.28318103718776,101.96587725840263,105.84659576416016,151000,15982835.960388184
2018-02-07 00:00:00,105.26449301148827,107.88397513028346,105.0704600404232,106.9137954711914,119800,12808272.69744873
2018-02-08 00:00:00,106.91378758032157,107.20484441732081,105.41001366084632,105.89510345458984,138500,14666471.828460693
2018-02-09 00:00:00,107.05931080946836,108.3690517087139,104.63386195831646,106.7197494506836,200900,21439997.664642334
2018-02-12 00:00:00,107.10780933260652,108.85412784559004,105.82717279566599,107.98097229003906,85800,9264767.422485352
2018-02-13 00:00:00,107.20486068617411,109.33925314179685,106.42871393764733,109.2907485961914,83800,9158564.73236084
2018-02-14 00:00:00,108.1750164899793,112.0072226335799,108.02948808158942,111.52213287353516,99900,11141061.074066162
2018-02-15 00:00:00,112.49231534243297,113.55951876401234,111.13406990020928,113.02591705322266,76200,8612574.879455566
2018-02-16 00:00:00,112.88039063199132,115.88794579577758,112.88039063199132,115.30583953857422,104900,12095582.567596436
2018-02-20 00:00:00,114.5296868302006,115.49986627848055,113.87966097442289,114.43266296386719,197800,22634780.73425293
2018-02-21 00:00:00,114.28715787723834,117.87681937481285,114.28715787723834,116.1304931640625,187600,21786080.517578125
2018-02-22 00:00:00,115.93645314597688,118.36190195656218,115.74242020188301,117.14917755126953,134200,15721419.627380371
2018-02-23 00:00:00,117.87680804525469,117.87680804525469,114.67521276722333,117.53724670410156,118700,13951671.183776855
2018-02-26 00:00:00,117.73128671884064,118.99252309252304,117.19769240834619,118.65296173095703,219200,26008729.21142578
2018-02-27 00:00:00,116.37303827923321,116.37303827923321,107.20484416022084,108.36905670166016,458100,49643864.87503052
2018-02-28 00:00:00,109.43628209229648,112.15278103386376,107.4474105834961,107.4474105834961,267600,28752927.072143555
2018-03-01 00:00:00,107.35036457176,108.56308896276072,105.21596520246936,107.01080322265625,182600,19540172.66845703
2018-03-02 00:00:00,106.42818027709195,108.93351699071928,105.89410169335297,108.22463989257812,207200,22424145.385742188
2018-03-05 00:00:00,108.22462214248237,109.14713348625666,107.05935323398744,108.27317810058594,191300,20712658.97064209
2018-03-06 00:00:00,109.00148415250399,110.5066301042413,108.17608464064152,110.2153091430664,177300,19541174.311065674
2018-03-07 00:00:00,109.19567324735493,110.34152412554624,109.19567324735493,110.02108001708984,301300,33149351.40914917
2018-03-08 00:00:00,110.65228496424231,111.28347545125403,109.72978091994821,111.04071044921875,95700,10626595.989990234
2018-03-09 00:00:00,112.10886764814627,114.24520397156915,111.52623316306709,113.90533447265625,90900,10353994.903564453
2018-03-12 00:00:00,114.24520238143181,115.94455726094304,114.14809787003675,115.79889678955078,97700,11313552.216339111
2018-03-13 00:00:00,116.5272012058128,117.69247025443096,115.99311523684618,116.62430572509766,88900,10367900.778961182
2018-03-14 00:00:00,117.25549135050018,117.69246537345971,115.31337141094738,116.43009185791016,114500,13331245.517730713
2018-03-15 00:00:00,117.0127182674079,117.35258775161002,115.39105000807275,116.86705780029297,98300,11488031.781768799
2018-03-16 00:00:00,116.76995487507651,118.51786568695807,115.89599946913572,118.27510070800781,333400,39432918.576049805
2018-03-19 00:00:00,117.78958029051545,118.12944980685383,115.1677138603341,115.94456481933594,159900,18539535.914611816
2018-03-20 00:00:00,115.94456179664199,117.3040472351533,115.94456179664199,116.57575225830078,126600,14758490.235900879
2018-03-21 00:00:00,116.67284173388256,116.91560669487333,115.79888639259607,115.99309539794922,67500,7829533.939361572
2018-03-22 00:00:00,115.02206428881432,115.55615029985891,112.303100491625,112.44876098632812,134400,15113113.4765625
2018-03-23 00:00:00,112.78860440160808,112.78860440160808,109.72976435598261,109.7783203125,156700,17202262.79296875
2018-03-26 00:00:00,111.67190271409096,112.01177224063123,109.24425265508897,111.8661117553711,127700,14285302.471160889
2018-03-27 00:00:00,112.20599000178954,112.35164308015179,109.82688847100458,110.4095230102539,140000,15457333.221435547
2018-03-28 00:00:00,110.50663275181849,110.70084179152151,106.96226221273837,107.1564712524414,237200,25417514.9810791
2018-03-29 00:00:00,107.8362501154532,110.99219611494928,107.78769413663545,110.11824035644531,171200,18852242.749023438
2018-04-02 00:00:00,109.68122781530236,109.68122781530236,104.38895359641265,104.97158813476562,240000,25193181.15234375
2018-04-03 00:00:00,105.55421373861522,107.30212461432455,104.7579448749253,106.5738296508789,240000,25577719.116210938
2018-04-04 00:00:00,104.9715792495786,106.76803867769128,104.534605234951,106.5738296508789,354300,37759107.8453064
2018-04-05 00:00:00,107.73913815781772,110.2153449054786,107.20505943383354,110.11824035644531,142900,15735896.546936035
2018-04-06 00:00:00,109.00148115364412,109.63267161309115,106.67093575416254,107.83621215820312,102100,11010077.261352539
2018-04-09 00:00:00,108.95291045477313,109.43844037196659,106.47671232224565,106.6709213256836,77800,8298997.679138184
2018-04-10 00:00:00,108.37028206396332,109.53555837520534,107.52546470255679,109.00147247314453,73900,8055208.815765381
2018-04-11 00:00:00,108.17606822492773,109.58410203687114,106.91368746286915,108.80725860595703,71900,7823241.893768311
2018-04-12 00:00:00,109.38992425979201,111.2834885348536,109.2928197292813,110.65229797363281,100500,11120555.946350098
2018-04-13 00:00:00,111.18638748814377,111.18638748814377,109.244267182674,109.87545776367188,62700,6889191.201782227
2018-04-16 00:00:00,110.79794721113024,112.15743272589135,109.82688718752945,111.8661117553711,73900,8266905.658721924
2018-04-17 00:00:00,112.83715880675192,115.65323403316673,112.6915057468367,115.41046905517578,220000,25390303.192138672
2018-04-18 00:00:00,116.18732981794903,116.72140836973797,115.11916530577136,115.94456481933594,116300,13484352.88848877
2018-04-19 00:00:00,115.36194610595703,116.72142435752353,114.58509504054689,115.36194610595703,141000,16266034.400939941
2018-04-20 00:00:00,114.92493909919389,116.38152896713956,114.77927863067949,115.41046905517578,128200,14795622.132873535
2018-04-23 00:00:00,112.44873585506018,114.14809062673838,110.99214605076457,111.9146499633789,172400,19294085.653686523
2018-04-24 00:00:00,112.40016625707676,112.98280062636577,107.98184142348899,109.29277801513672,239100,26131903.22341919
2018-04-25 00:00:00,109.2927950721488,109.2927950721488,106.6709288882642,106.81658935546875,251500,26864372.22290039
2018-04-26 00:00:00,107.39923438206978,107.44779034544813,105.84553986576023,106.47673034667969,119900,12766559.968566895
2018-04-27 00:00:00,106.96225038210935,106.96225038210935,105.55420906989978,106.08829498291016,152600,16189073.81439209
2018-04-30 00:00:00,106.62238203452709,107.69054646335549,104.58315027841927,104.63170623779297,236500,24745398.525238037
2018-05-01 00:00:00,103.95196901807113,105.60276794433594,102.73814409917071,105.60276794433594,182600,19283065.426635742
2018-05-02 00:00:00,92.97900652709882,93.99862261694595,83.65683085309941,87.7838363647461,2025300,177788603.78952026
2018-05-03 00:00:00,86.52145973717909,86.61856427253956,85.3076345236704,85.84172058105469,622900,53470807.749938965
2018-05-04 00:00:00,85.11340289448282,85.890246380073,84.28800344978112,85.55037689208984,782800,66968835.03112793
2018-05-07 00:00:00,86.23012906755248,86.32723358369753,83.94813219084541,84.87064361572266,444300,37708026.958465576
2018-05-08 00:00:00,83.99670190945477,86.52145678570665,83.99670190945477,86.18158721923828,333300,28724323.02017212
2018-05-09 00:00:00,86.18158543231934,86.32724593167158,84.8706557553507,85.50184631347656,288500,24667282.66143799
2018-05-10 00:00:00,85.98735829829606,88.02658263479415,84.72497744738813,85.55037689208984,313300,26802933.080291748
2018-05-11 00:00:00,85.35618350690198,85.8902621119561,83.8024888425437,85.25907897949219,177200,15107908.795166016
2018-05-14 00:00:00,85.40471516996601,86.18156605275442,83.7539163047895,83.85102081298828,178700,14984177.419281006
2018-05-15 00:00:00,83.21982336492799,83.63737938263947,82.35558072036677,82.97705841064453,190400,15798831.921386719
2018-05-16 00:00:00,83.85103777834058,85.06486289791297,83.02563817875148,84.67643737792969,368600,31211734.817504883
2018-05-17 00:00:00,84.38511594570258,86.03591499133938,84.38511594570258,85.11341094970703,366400,31185553.771972656
2018-05-18 00:00:00,85.30761711028224,85.69604258103804,85.21051259474321,85.45327758789062,198000,16919748.962402344
2018-05-21 00:00:00,85.98737815514232,86.66711728807906,85.59895261834953,86.18158721923828,140100,12074040.369415283
2018-05-22 00:00:00,86.27868782317664,86.57000881465817,84.2394631086077,84.96775817871094,222500,18905326.194763184
2018-05-23 00:00:00,84.67609858479891,85.93992394070739,84.43305581766856,85.64826965332031,149800,12830110.794067383
2018-05-24 00:00:00,85.35663255239695,86.13436504598249,85.01636670580844,85.93993377685547,131200,11275319.311523438
2018-05-25 00:00:00,85.89129751540148,86.23155584692229,85.50242767205967,86.03712463378906,93200,8018660.015869141
2018-05-29 00:00:00,85.3566352369593,85.93993647976332,84.67611093945652,85.59967803955078,158000,13524749.130249023
2018-05-30 00:00:00,86.08576804714671,87.20375906257925,85.59968241710541,86.9607162475586,134500,11696216.33529663
2018-05-31 00:00:00,86.66905636649558,86.98015082654369,85.11358406625503,85.84271240234375,148000,12704721.435546875
2018-06-01 00:00:00,86.76627889153818,87.15514885177852,85.98853897105751,86.08576202392578,229200,19730856.65588379
2018-06-04 00:00:00,86.96071219009302,88.80783898148124,86.96071219009302,88.1759262084961,233400,20580261.17706299
2018-06-05 00:00:00,88.41895217667822,89.43973472460478,88.37034807544325,88.66199493408203,237700,21074956.1958313
2018-06-06 00:00:00,88.66198291113544,90.21746228125124,88.27312048568182,90.1202392578125,159600,14383190.185546875
2018-06-07 00:00:00,90.12026038934509,91.9187829056273,90.12026038934509,91.62712860107422,232400,21294144.68688965
2018-06-08 00:00:00,91.72432596356747,92.25902294307222,90.60632790819655,91.57849884033203,187900,17207599.93209839
2018-06-11 00:00:00,91.72432783320271,92.45345604716627,91.141026745447,91.48128509521484,206100,18854292.85812378
2018-06-12 00:00:00,91.87015555129682,92.11319829085052,89.77998650771988,89.82859802246094,170400,15306793.103027344
2018-06-13 00:00:00,89.97443213869016,89.97443213869016,86.4746104835953,86.62043762207031,255900,22166169.987487793
2018-06-14 00:00:00,86.96072472347527,87.57319742395399,86.474639046056,86.71768188476562,199600,17308849.30419922
2018-06-15 00:00:00,86.2801742331057,87.30095672607422,84.23861666424457,87.30095672607422,425900,37181477.46963501
2018-06-18 00:00:00,86.62042349565863,88.03007571492344,86.37738077686213,86.76625061035156,108400,9405461.56616211
2018-06-19 00:00:00,85.794100347129,88.22452811900236,84.82192923837967,87.88426971435547,255600,22463219.338989258
2018-06-20 00:00:00,87.93286885483867,89.56611652200714,87.59261046940284,88.95365142822266,177300,15771482.398223877
2018-06-21 00:00:00,89.00224622858197,90.80076085695549,87.98146384695302,89.4397201538086,312800,27976744.464111328
2018-06-22 00:00:00,90.02304476018642,91.77295575335076,89.00226952840478,91.62712860107422,534400,48965537.52441406
2018-06-25 00:00:00,91.1410508244632,91.28687798919789,87.30097751655691,88.8078384399414,456200,40514135.89630127
2018-06-26 00:00:00,88.80781893602241,89.09947320143884,87.49538957580062,88.22451782226562,228200,20132834.967041016
2018-06-27 00:00:00,88.61338248465562,90.60632845736738,88.28284050884682,89.92581176757812,212700,19127220.162963867
2018-06-28 00:00:00,90.02303381533348,90.02303381533348,86.71765090626224,88.37034606933594,282100,24929274.626159668
2018-06-29 00:00:00,88.75920652671073,89.97442015704863,86.37738336100321,86.42599487304688,465200,40205372.814941406
2018-07-02 00:00:00,85.842680937568,87.88423804688871,84.96772577155218,87.73841094970703,329200,28883484.884643555
2018-07-03 00:00:00,88.3217364253812,89.24530335238381,88.12730518657872,88.27313232421875,101600,8968550.244140625
2018-07-05 00:00:00,88.6133968952288,89.14808654785156,87.54401017290643,89.14808654785156,170400,15190833.947753906
2018-07-06 00:00:00,89.09948229797642,90.60634304426681,88.07869968187903,90.16886901855469,164400,14823762.06665039
2018-07-09 00:00:00,90.70357735440174,91.87017984593169,90.16888021915517,91.38409423828125,404400,36955727.70996094
2018-07-10 00:00:00,91.87015478900751,92.16180904088228,89.53694302523662,90.07164001464844,207800,18716886.795043945
2018-07-11 00:00:00,89.43974610166397,90.31470162303049,88.75922926119961,89.8772201538086,305100,27421539.868927002
2018-07-12 00:00:00,89.92581438507204,90.31468425501727,89.03141887615116,89.58555603027344,174500,15632679.527282715
2018-07-13 00:00:00,89.39111701664528,90.0716411405007,88.32173044153056,89.19668579101562,202800,18089087.87841797
2018-07-16 00:00:00,89.34251940022077,89.34251940022077,87.39817733456668,87.64122009277344,191400,16774529.525756836
2018-07-17 00:00:00,87.68983175599354,89.53695836106489,87.37873729534509,89.05087280273438,161300,14363905.783081055
2018-07-18 00:00:00,89.00225361798412,91.57850070699483,89.00225361798412,91.48128509521484,177000,16192187.461853027
2018-07-19 00:00:00,91.14103687814199,92.16181945800781,89.68278028809172,92.16181945800781,211900,19529089.543151855
2018-07-20 00:00:00,92.30763951951046,94.39780878960964,91.8215539877235,93.96033477783203,182300,17128969.02999878
2018-07-23 00:00:00,93.52283196844633,93.96031329728663,90.9465851726002,91.43267059326172,251800,23022746.4553833
2018-07-24 00:00:00,92.30764542226198,92.93955813740894,91.1410430382038,91.62712860107422,206500,18921002.056121826
2018-07-25 00:00:00,91.6271217217717,91.87016448495942,88.9342111691654,89.97443389892578,307800,27694130.754089355
2018-07-26 00:00:00,100.2794467136547,114.57035838457995,100.13361957067045,112.13993072509766,921600,103348160.15625
2018-07-27 00:00:00,112.04271854242728,117.09800526254338,110.53585038044893,111.55663299560547,531700,59314661.76376343
2018-07-30 00:00:00,111.8482845482477,112.33437008315174,106.45273214398233,106.64716339111328,305300,32559378.983306885
2018-07-31 00:00:00,107.32767113862924,109.4178401017428,107.23045552996534,107.52210235595703,435800,46858132.206726074
2018-08-01 00:00:00,106.98742886850165,107.52211850499734,104.41117405805836,104.84864807128906,308100,32303868.47076416
2018-08-02 00:00:00,104.11951977118682,105.6749919946563,103.09874460128962,104.84864807128906,148000,15517599.914550781
2018-08-03 00:00:00,104.11949570750319,105.38332076908752,103.53619468564692,104.31393432617188,183200,19110312.768554688
2018-08-06 00:00:00,104.3625718039994,106.35552563472598,104.3625718039994,105.77222442626953,157400,16648548.124694824
2018-08-07 00:00:00,106.11248670758812,106.59857230183536,105.62640111334088,105.96665954589844,122700,13002109.126281738
2018-08-08 00:00:00,106.11246997566819,106.20968559577308,104.36255914547479,105.43194580078125,121300,12788895.025634766
2018-08-09 00:00:00,105.67499386473476,106.69577646977285,105.14030421877695,106.16107940673828,148100,15722455.86013794
2018-08-10 00:00:00,106.50133011462826,106.50133011462826,104.89724657010981,105.14028930664062,98500,10356318.496704102
2018-08-13 00:00:00,104.84865549843065,105.43195669641631,102.95292475070795,103.05014038085938,90500,9326037.704467773
2018-08-14 00:00:00,103.53620872143384,104.70281092329567,103.48759720590796,104.16812133789062,101800,10604314.752197266
2018-08-15 00:00:00,103.73064866414101,105.91803353920837,102.32100360037268,105.72360229492188,170500,18025874.19128418
2018-08-16 00:00:00,106.2582897838824,107.52210759221116,106.0152470418489,106.84159088134766,98200,10491844.22454834
2018-08-17 00:00:00,106.160453411353,108.20387039846437,106.160453411353,108.00926208496094,81200,8770352.081298828
2018-08-20 00:00:00,108.00924314612256,109.10879402989617,107.62001916353269,107.71732330322266,96400,10383949.966430664
2018-08-21 00:00:00,108.0579230265726,110.73382829588245,107.86330727996015,110.00403594970703,107900,11869435.478973389
2018-08-22 00:00:00,109.90671536313364,109.90671536313364,108.05791417663791,108.6417465209961,75300,8180723.513031006
2018-08-23 00:00:00,108.64175110574207,109.17692768405891,107.32812641954268,107.76599884033203,62800,6767704.727172852
2018-08-24 00:00:00,108.30120347996986,110.58788502484865,107.81467517578999,110.44192504882812,102700,11342385.702514648
2018-08-27 00:00:00,110.73380631246012,112.76749034995942,110.73380631246012,111.95012664794922,132200,14799806.742858887
2018-08-28 00:00:00,112.33935034412848,112.87453429523296,111.60955809653,112.53396606445312,91900,10341871.481323242
2018-08-29 00:00:00,112.77723780420791,115.50179125926589,111.65822146381305,113.79894256591797,165500,18833724.994659424
2018-08-30 00:00:00,113.70163671095241,114.72334888121658,112.33935629187722,114.28546905517578,104500,11942831.51626587
2018-08-31 00:00:00,113.9935629595624,115.59910756369202,113.26377063257907,115.11257934570312,117800,13560261.846923828
2018-09-04 00:00:00,114.77199861578963,115.98831910736786,113.50702975884694,115.64775085449219,175000,20238356.399536133
2018-09-05 00:00:00,115.69642662461762,118.90750882264373,114.91797840603603,117.30197143554688,199300,23378282.907104492
2018-09-06 00:00:00,117.35062520648442,117.83715350951614,115.45316779419382,117.44792938232422,94800,11134063.705444336
2018-09-07 00:00:00,117.01004115740457,118.2263617515564,115.20988816282625,116.76677703857422,117000,13661712.913513184
2018-09-10 00:00:00,117.20465779813368,117.78849766381305,115.98833711768883,116.18295288085938,113600,13198383.447265625
2018-09-11 00:00:00,115.79371114765799,115.79371114765799,113.40972594650337,113.79894256591797,165000,18776825.523376465
2018-09-12 00:00:00,113.65300774287023,115.06393676752685,112.29072709130006,113.99357604980469,135400,15434730.197143555
2018-09-13 00:00:00,113.84759576741646,114.04220407270017,111.36629904397884,113.26376342773438,189600,21474809.545898438
2018-09-14 00:00:00,113.75031216423595,116.18295353890382,113.16647971908213,115.59912109375,227900,26345039.697265625
2018-09-17 00:00:00,115.69641640048697,116.96138536410581,115.3363828320386,116.76677703857422,158800,18542564.193725586
2018-09-18 00:00:00,116.76675630145812,120.34760379165604,116.6207963713152,119.73458099365234,273200,32711487.52746582
2018-09-19 00:00:00,119.63729448239326,120.56170261769554,118.22636551776345,118.66423797607422,193200,22925930.77697754
2018-09-20 00:00:00,119.68593874525702,120.46438684483998,118.42096243939253,120.22112274169922,109400,13152190.827941895
2018-09-21 00:00:00,118.4696144658001,119.588630789463,114.09086074837833,114.28546905517578,510200,58308446.31195068
2018-09-24 00:00:00,113.94489382565447,116.47483877818208,113.11779743668995,115.89100646972656,196700,22795760.972595215
2018-09-25 00:00:00,115.98832828258698,118.12905697140499,114.96662344313832,117.3506088256836,118300,13882577.02407837
2018-09-26 00:00:00,117.35058926704248,118.08038149808607,115.31690514663966,116.37753295898438,87300,10159758.627319336
2018-09-27 00:00:00,116.71810002588944,118.85882833671063,116.15373301491722,116.28022766113281,100300,11662906.834411621
2018-09-28 00:00:00,116.08563995361328,116.96138483840099,115.50180013197918,116.08563995361328,199800,23193910.862731934
2018-10-01 00:00:00,116.76676154250455,116.94191198177154,112.6020815686348,112.75776672363281,161600,18221655.102539062
2018-10-02 00:00:00,112.77726388901718,113.08864171086766,111.68743780062405,112.48534393310547,139200,15657959.875488281
2018-10-03 00:00:00,113.22485909144874,113.89627047672874,112.03772893004499,112.29072570800781,138900,15597181.800842285
2018-10-04 00:00:00,111.66795686402449,112.35882603152653,108.36929619335848,108.69039916992188,209100,22727162.466430664
2018-10-05 00:00:00,108.93366914094372,110.40298649328182,105.79070089170763,106.64698791503906,243800,26000535.653686523
2018-10-08 00:00:00,106.22856503580202,107.52273182500802,104.83709409170162,106.5204849243164,208700,22230825.203704834
2018-10-09 00:00:00,105.91718684784806,108.6612055779777,105.91718684784806,106.54967498779297,155900,16611094.330596924
2018-10-10 00:00:00,106.12153396274468,108.14549315858319,104.03919375558654,105.7420425415039,236600,25018567.265319824
2018-10-11 00:00:00,105.4793216659929,106.86106005638901,103.64024555194261,103.67916870117188,168500,17469939.92614746
2018-10-12 00:00:00,105.27498882357632,105.7031286504707,100.2248230348355,101.30491638183594,195000,19754458.694458008
2018-10-15 00:00:00,100.91569144132613,103.14399177718363,100.13725067466554,102.25850677490234,148700,15205839.957427979
2018-10-16 00:00:00,102.98830544615478,105.09984387880819,102.01524886065219,104.87603759765625,151100,15846769.28100586
2018-10-17 00:00:00,105.00253924993254,105.57663906945122,103.63052590688069,105.0901107788086,129800,13640696.379089355
2018-10-18 00:00:00,104.43814673525354,104.70086870064566,101.02271664216818,101.840087890625,103900,10581185.131835938
2018-10-19 00:00:00,101.25625690760886,102.22931340658286,98.72631149504284,99.93289947509766,120200,12011934.516906738
2018-10-22 00:00:00,100.24428065858282,101.01299620971064,99.08634843372685,100.5945816040039,82000,8248755.69152832
2018-10-23 00:00:00,98.84307471708317,98.9890346674953,96.64396508934635,98.21058654785156,205800,20211738.71154785
2018-10-24 00:00:00,98.27867448023052,99.47553685177179,95.50546584352458,95.64169311523438,179600,17177248.083496094
2018-10-25 00:00:00,95.84604467932628,97.4223985435855,95.23302188847398,96.70233154296875,118700,11478566.75415039
2018-10-26 00:00:00,95.35954218084593,97.23754162483017,93.26746910741805,96.31314086914062,86200,8302192.742919922
2018-10-29 00:00:00,97.90892889971758,98.73602528111196,94.19185408051428,95.63197326660156,118700,11351515.226745605
2018-10-30 00:00:00,95.68063893932502,98.63873132778592,95.68063893932502,98.57061767578125,113600,11197622.16796875
2018-10-31 00:00:00,99.66042281532513,102.47255488188989,99.46581452807723,101.16866302490234,234800,23754402.07824707
2018-11-01 00:00:00,85.90142481938263,92.57659286242105,83.15740584424378,87.95457458496094,1661800,146162912.0452881
2018-11-02 00:00:00,87.8962014126507,89.61850826845766,86.50473022593508,87.58482360839844,390200,34175598.17199707
2018-11-05 00:00:00,87.03986846773844,89.6476592113309,85.49271277365538,87.42909240722656,487500,42621682.54852295
2018-11-06 00:00:00,87.03016851087565,89.18062230649736,86.5922886679268,87.62373352050781,347300,30431722.651672363
2018-11-07 00:00:00,87.75020271409144,89.09301751030482,86.20303959617921,87.42909240722656,279000,24392716.78161621
2018-11-08 00:00:00,87.06908293519486,88.80112200006752,86.40740433946289,86.60201263427734,315700,27340255.388641357
2018-11-09 00:00:00,86.20307030537336,87.53616036027896,85.47327794278605,87.0301742553711,145000,12619375.267028809
2018-11-12 00:00:00,87.04962412978266,87.4291155295946,84.34452854185915,85.05486297607422,154700,13157987.302398682
2018-11-13 00:00:00,85.18137315475435,86.62149272313998,83.46879151034612,84.1304702758789,356800,30017751.794433594
2018-11-14 00:00:00,84.35425704230236,85.21054395452748,81.69780995023109,82.4178695678711,184600,15214338.722229004
2018-11-15 00:00:00,81.63942544887624,83.2157719112345,80.38418192495696,82.68059539794922,267800,22141863.4475708
2018-11-16 00:00:00,82.38868079116666,83.49796445535739,81.41562442441473,82.11622619628906,260600,21399488.54675293
2018-11-19 00:00:00,81.77566637494226,81.77566637494226,79.1776073898544,79.34302520751953,252200,20010310.957336426
2018-11-20 00:00:00,78.28238577595324,78.38942257572678,75.16860821117186,77.63043975830078,403300,31308356.354522705
2018-11-21 00:00:00,78.04885419137845,78.39915509484244,76.48223276861765,76.92011260986328,327500,25191336.879730225
2018-11-23 00:00:00,76.36548277840616,77.95156231281462,75.86922184969384,76.78389739990234,75000,5758792.304992676
2018-11-26 00:00:00,77.51368397250488,78.05859323420074,76.18059390147674,77.19257354736328,405800,31324746.34552002
2018-11-27 00:00:00,76.88118818199364,77.11471963913658,74.04959049678952,74.6334228515625,319500,23845378.60107422
2018-11-28 00:00:00,74.75020511503726,80.17012989156467,74.61397778968222,80.024169921875,377300,30193119.311523438
2018-11-29 00:00:00,79.34301400244391,81.00693943511635,79.23597721228685,79.42086029052734,234700,18640075.910186768
2018-11-30 00:00:00,79.35272425270423,80.70527157521255,77.98071165175244,80.31604766845703,206500,16585263.843536377
2018-12-03 00:00:00,81.50318992803064,82.40813249695019,79.6641142918118,80.15064239501953,253900,20350248.10409546
2018-12-04 00:00:00,80.23823355417098,80.23823355417098,73.85498565136629,74.03013610839844,150700,11156341.511535645
2018-12-06 00:00:00,72.95979518370503,75.68434950998922,71.67536062695433,75.65515899658203,263600,19942699.911499023
2018-12-07 00:00:00,74.93507847843712,75.98597379089922,71.60721981350747,72.6094741821289,194200,14100759.886169434
2018-12-10 00:00:00,72.50244724382058,72.82355027040335,70.22549100540533,71.90888214111328,124900,8981419.379425049
2018-12-11 00:00:00,73.13492851961637,74.09825235508151,69.92383916962352,70.400634765625,170500,12003308.227539062
2018-12-12 00:00:00,71.52935136466577,73.25165728381873,71.15958531932394,71.4417724609375,138600,9901829.663085938
2018-12-13 00:00:00,71.76292080283369,72.1618775531093,69.60273406678607,70.02114868164062,186100,13030935.76965332
2018-12-14 00:00:00,69.5047040280261,70.99555093099046,68.42310775839267,68.92005920410156,163700,11282213.691711426
2018-12-17 00:00:00,68.49134443215223,69.84577501569007,66.80561027017781,67.4000015258789,270400,18224960.412597656
2018-12-18 00:00:00,67.96515001122829,70.1088506938308,67.96515001122829,68.72518920898438,217200,14927111.096191406
2018-12-19 00:00:00,68.80311576886095,70.15754556772724,64.58391714704759,67.25379943847656,411400,27668213.088989258
2018-12-20 00:00:00,66.82506219142509,67.07840352453765,64.93470377297744,66.24041748046875,222200,14718620.764160156
2018-12-21 00:00:00,66.49377198635588,67.93590283095887,65.93835828579279,67.4974136352539,841200,56778824.349975586
2018-12-24 00:00:00,66.67889566920793,67.31226383719883,65.28548867329214,65.42190551757812,231000,15112460.174560547
2018-12-26 00:00:00,65.71423703727062,68.02358483190255,64.58391745161836,67.97486877441406,244400,16613057.928466797
2018-12-27 00:00:00,66.81534694276407,68.07233774210847,65.05166580843083,68.06259155273438,174200,11856503.448486328
2018-12-28 00:00:00,68.42310809230061,69.03698404529277,66.64968123838315,67.4974136352539,182600,12325027.729797363
2018-12-31 00:00:00,68.00410626933001,70.079597853721,67.682549036292,69.972412109375,269600,18864562.3046875
2019-01-02 00:00:00,68.67644929067188,69.83599262879298,67.5266447041003,69.17339324951172,233600,16158904.663085938
2019-01-03 00:00:00,68.7544007061258,68.86158645306051,66.3183745197221,67.86769104003906,288900,19606975.941467285
2019-01-04 00:00:00,69.10519371850683,72.25254303400727,68.598503508695,71.2489013671875,223400,15917004.565429688
2019-01-07 00:00:00,71.48276340550595,71.96996871364917,69.95293903530278,71.42430114746094,137700,9835126.268005371
2019-01-08 00:00:00,71.99918793745064,73.63619779949526,71.48275158567878,73.45105743408203,202400,14866494.024658203
2019-01-09 00:00:00,73.0807950398842,74.93217666772718,73.0807950398842,74.39624786376953,132500,9857502.841949463
2019-01-10 00:00:00,73.94802209727207,75.95530561563241,73.22696031282004,75.78965759277344,108400,8215598.883056641
2019-01-11 00:00:00,75.31217839903022,76.5691686685903,74.5521394997988,76.2281265258789,123700,9429419.25125122
2019-01-14 00:00:00,75.90659274806085,76.77381765040727,75.22450081794969,75.52657318115234,130300,9841112.48550415
2019-01-15 00:00:00,75.31219288211149,75.53630314720795,73.35362557994921,73.81159973144531,205000,15131377.944946289
2019-01-16 00:00:00,73.98699558530753,75.67272915856668,73.98699558530753,75.54605102539062,124700,9420592.562866211
2019-01-17 00:00:00,75.30243436737702,77.09535336544671,75.27320324490307,76.17940521240234,134800,10268983.822631836
2019-01-18 00:00:00,76.60815837736834,77.59230765791925,75.86760429462235,76.97843170166016,142300,10954030.83114624
2019-01-22 00:00:00,76.18917736358692,76.75432993706653,74.65935281473392,75.42913818359375,132100,9964189.154052734
2019-01-23 00:00:00,75.789657267814,77.66052388472025,73.81160488736136,75.17578125,115800,8705355.46875
2019-01-24 00:00:00,75.0296253511128,76.63740452404083,75.0296253511128,76.13070678710938,92900,7072542.660522461
2019-01-25 00:00:00,76.15992132729637,77.73846143598135,76.15992132729637,76.45223999023438,70600,5397528.143310547
2019-01-28 00:00:00,75.44860356661232,76.3548056080108,74.55214771155372,76.01376342773438,122400,9304084.643554688
2019-01-29 00:00:00,76.54969064980938,78.26465530432023,76.50097458266642,77.75796508789062,137900,10722823.385620117
2019-01-30 00:00:00,78.44004026528512,79.30726496044167,76.42301095582997,76.99790954589844,121300,9339846.42791748
2019-01-31 00:00:00,76.56919461848469,78.03081066902462,76.56919461848469,77.40718841552734,121000,9366269.798278809
2019-02-01 00:00:00,77.38768934175242,78.3620999577931,76.09172143821918,77.3194808959961,141600,10948438.494873047
2019-02-04 00:00:00,77.23177846769386,78.9077657205479,76.33531515591838,78.8298110961914,85000,6700533.9431762695
2019-02-05 00:00:00,78.69338897704675,80.15500463260918,78.69338897704675,79.86267852783203,90700,7243544.942474365
2019-02-06 00:00:00,79.57037712740637,81.50945223641652,79.55088475130432,81.12943267822266,253700,20582537.070465088
2019-02-07 00:00:00,80.57399542461819,80.99299217874658,78.20617794136447,79.2000732421875,109700,8688248.034667969
2019-02-08 00:00:00,78.6349494662672,79.28781035953776,76.65689670959891,76.95896911621094,146100,11243705.387878418
2019-02-11 00:00:00,77.11485056432922,77.1343429385189,75.18552183265429,75.72144317626953,359000,27183998.10028076
2019-02-12 00:00:00,76.94921801934677,78.88829332782089,75.50708684014411,78.85906219482422,382700,30179363.10195923
2019-02-13 00:00:00,78.86879078143706,80.5837479639082,78.81032109432931,80.22322082519531,112500,9025112.342834473
2019-02-14 00:00:00,80.35964861986236,82.44488684531902,80.35964861986236,81.16841125488281,236800,19220679.78515625
2019-02-15 00:00:00,82.04536538808092,84.48139176461731,81.65560711516511,84.35472106933594,256600,21645421.4263916
2019-02-19 00:00:00,84.09163371973078,86.28405746455869,83.67263688446384,84.84192657470703,184100,15619398.682403564
2019-02-20 00:00:00,84.91987237598563,87.41436075409612,84.2280418471866,86.47892761230469,255500,22095366.004943848
2019-02-21 00:00:00,86.15737168272146,87.32666870327633,85.64093532482853,87.23896789550781,213900,18660415.23284912
2019-02-22 00:00:00,87.57027609160954,87.5800148442108,85.4070835481657,85.59221649169922,328100,28082806.230926514
2019-02-25 00:00:00,86.00148570882138,87.67747320962764,85.2706777242254,87.02461242675781,311300,27090761.848449707
2019-02-26 00:00:00,96.13534543136738,97.89902609289739,90.35709075281896,90.980712890625,1166300,106110805.44433594
2019-02-27 00:00:00,91.42896345774011,95.64816383563482,90.42532156371765,94.3521957397461,530200,50025534.18121338
2019-02-28 00:00:00,93.942943913534,94.61528227535611,91.03919660942948,91.30228424072266,253900,23181649.968719482
2019-03-01 00:00:00,91.82843148705457,92.2766593666187,90.89299842089972,91.50688171386719,237700,21751185.78338623
2019-03-04 00:00:00,91.46792251341226,93.1926259443269,91.32175944166903,92.91979217529297,332500,30895830.898284912
2019-03-05 00:00:00,94.03062446170047,94.49834482850025,92.16949661639188,92.22796630859375,211200,19478546.484375
2019-03-06 00:00:00,92.3547491011087,92.77418900573382,89.7698291047922,90.13074493408203,170300,15349265.86227417
2019-03-07 00:00:00,89.88690439732974,90.02346556439039,88.22864995983915,89.18458557128906,196000,17480178.771972656
2019-03-08 00:00:00,88.38473201513882,88.54079874485664,85.74128712794142,86.87279510498047,308100,26765508.171844482
2019-03-11 00:00:00,86.9313293640582,89.26263342283634,86.70697459565352,88.79441833496094,130600,11596551.034545898
2019-03-12 00:00:00,88.6871040912342,89.32114230225534,87.61412035675039,87.81896209716797,111500,9791814.273834229
2019-03-13 00:00:00,88.12134230742498,89.80885862565842,88.12134230742498,89.12605285644531,148700,13253044.059753418
2019-03-14 00:00:00,88.96998108943247,89.62352483484806,88.5212790802505,89.39917755126953,167500,14974362.239837646
2019-03-15 00:00:00,89.58451971837336,91.12571866037275,88.66761001530655,88.87245178222656,354100,31469735.176086426
2019-03-18 00:00:00,89.16509198544485,90.71604006601368,89.00901780670696,90.70628356933594,172700,15664975.172424316
2019-03-19 00:00:00,91.27203398717116,91.87681021825738,90.5989771688676,90.86235046386719,185300,16836793.54095459
2019-03-20 00:00:00,90.82334256162636,90.82334256162636,87.99456122463154,88.61884307861328,124200,11006460.31036377
2019-03-21 00:00:00,88.5603019659138,91.14522247450948,88.5603019659138,90.76480102539062,161800,14685744.805908203
2019-03-22 00:00:00,90.04296439504823,90.29658116153526,83.74161586358504,84.05375671386719,262900,22097732.640075684
2019-03-25 00:00:00,84.23908334471962,85.04870114148125,83.29290440657941,84.297607421875,144500,12181004.272460938
2019-03-26 00:00:00,85.22428707369416,87.67263874680143,85.22428707369416,87.5750961303711,171900,15054159.024810791
2019-03-27 00:00:00,87.27271125479562,88.27741433774996,85.41937178581917,88.03355407714844,160500,14129385.429382324
2019-03-28 00:00:00,88.27742768082442,90.02346830368711,87.73118299596035,89.61378479003906,144100,12913346.388244629
2019-03-29 00:00:00,90.42340585561885,90.72579772027515,89.2723848198335,89.63330078125,161200,14448888.0859375
2019-04-01 00:00:00,90.25758262767428,91.55492134749532,90.24782613087125,91.12572479248047,111900,10196968.604278564
2019-04-02 00:00:00,91.07694775067179,91.94508982547866,90.34536684884404,91.16473388671875,132400,12070210.766601562
2019-04-03 00:00:00,91.90608696706983,92.56938739559271,90.68678525596357,91.68173217773438,176800,16209330.249023438
2019-04-04 00:00:00,91.99386209404965,93.68137873448974,91.40859883125884,93.61309814453125,113300,10606364.01977539
2019-04-05 00:00:00,93.85695936498826,95.4664389347439,93.64236109675068,95.36888885498047,118400,11291676.440429688
2019-04-08 00:00:00,94.96896893189171,95.36889600922325,93.66187367367553,95.26160430908203,111300,10602616.55960083
2019-04-09 00:00:00,94.86163167596614,95.92485873131969,93.88619073328269,94.490966796875,178200,16838290.283203125
2019-04-10 00:00:00,94.91038356707232,96.3345261032361,94.37388820254877,96.12968444824219,163000,15669138.565063477
2019-04-11 00:00:00,96.55892157044157,97.42706363648215,95.08601072789338,97.17345428466797,112000,10883426.879882812
2019-04-12 00:00:00,97.58313116096068,99.57303195151022,97.58313116096068,99.13407897949219,99200,9834100.634765625
2019-04-15 00:00:00,99.31941709494927,99.70959504138864,98.05134062952769,99.66082000732422,88300,8800050.406646729
2019-04-16 00:00:00,100.47043302396395,100.47043302396395,97.95379320679226,99.31941223144531,161800,16069880.899047852
2019-04-17 00:00:00,100.46068555518937,100.97766819249368,99.54377590190508,100.30461883544922,162100,16259378.713226318
2019-04-18 00:00:00,100.67529810978053,102.36281487400083,100.26561453997907,101.17277526855469,123700,12515072.300720215
2019-04-22 00:00:00,100.5679828600263,100.81184315185082,99.46573702010866,100.34363555908203,121700,12211820.447540283
2019-04-23 00:00:00,100.47044621854208,101.28981327572473,99.46574294708081,100.53872680664062,262800,26421577.404785156
2019-04-24 00:00:00,101.01668864243445,101.01668864243445,99.29991748271277,99.49500274658203,195200,19421424.536132812
2019-04-25 00:00:00,98.56832660742123,99.46573063766537,96.32480908978582,96.54916381835938,166200,16046471.026611328
2019-04-26 00:00:00,96.71499860775685,98.14889839419908,96.03218528743746,98.11962890625,149700,14688508.447265625
2019-04-29 00:00:00,98.08060352235734,101.0556943496727,97.75870618003039,99.35842895507812,256900,25525180.39855957
2019-04-30 00:00:00,99.50475062124639,109.80540645522606,99.50475062124639,107.09368133544922,390400,41809373.193359375
2019-05-01 00:00:00,107.95205486407508,110.21507771113409,106.09871545540902,108.4007568359375,335200,36335933.69140625
2019-05-02 00:00:00,107.93256078847334,109.13234919155911,105.94266002220719,107.14244842529297,214500,22982055.18722534
2019-05-03 00:00:00,107.6594446753506,112.35131432436202,107.6594446753506,111.91236877441406,147000,16451118.209838867
2019-05-06 00:00:00,109.49326952654593,111.65875007895313,109.39572689955989,111.38562774658203,176600,19670701.860046387
2019-05-07 00:00:00,110.03949887714532,112.38055880913342,109.10307639275496,110.04925537109375,232900,25630471.575927734
2019-05-08 00:00:00,109.63957630574109,109.7663809640344,107.55213303892246,107.76673126220703,151800,16358989.805603027
2019-05-09 00:00:00,106.44989534138938,107.46435508114133,105.3476494659215,106.94737243652344,160700,17186442.750549316
2019-05-10 00:00:00,106.6157217450717,107.2692655360646,104.35269855197168,106.14750671386719,176000,18681961.181640625
2019-05-13 00:00:00,103.91373420613859,105.55247547318716,102.76271346568751,105.50370788574219,156300,16490229.542541504
2019-05-14 00:00:00,105.96217087705976,107.8155105755059,104.99648620927918,106.30358123779297,173400,18433040.9866333
2019-05-15 00:00:00,105.44518898519985,109.40548519584969,105.29887132129944,109.23965454101562,117500,12835659.408569336
2019-05-16 00:00:00,109.99075317333806,112.19524495468951,109.62008074979913,111.68801879882812,141700,15826192.263793945
2019-05-17 00:00:00,111.68800992910012,112.58541398698587,109.33719322217576,109.36646270751953,185400,20276542.18597412
2019-05-20 00:00:00,108.7714389159146,109.88344117221298,107.88378394461022,109.4932632446289,123300,13500519.358062744
2019-05-21 00:00:00,110.65403768794353,110.65403768794353,109.29817519201471,109.4737548828125,135900,14877483.288574219
2019-05-22 00:00:00,109.03440668307597,109.1027481513093,105.73447836905558,105.84187316894531,128400,13590096.514892578
2019-05-23 00:00:00,104.77771192377237,104.77771192377237,100.56981326675927,101.27275848388672,262300,26563844.550323486
2019-05-24 00:00:00,101.57540158427578,103.35228738068334,101.42895343841529,102.96176147460938,119700,12324522.848510742
2019-05-28 00:00:00,103.41083963303657,103.74278918310586,101.0091159243932,101.17508697509766,161000,16289189.002990723
2019-05-29 00:00:00,100.38430316163249,101.61445718617126,99.98401949925872,100.65766906738281,118000,11877604.949951172
2019-05-30 00:00:00,100.74553989198404,102.2783479464768,100.21833102978967,101.419189453125,86700,8793043.725585938
2019-05-31 00:00:00,99.89616504869728,100.60887552609996,99.3299027459569,100.12071990966797,138100,13826671.419525146
2019-06-03 00:00:00,100.2671352479027,102.49313055208522,99.6422968129727,100.45263671875,167300,16805726.123046875
2019-06-04 00:00:00,101.68280280421375,105.32443904489756,101.1165405771454,105.09989166259766,181400,19065120.347595215
2019-06-05 00:00:00,105.54898548682647,106.35932542508785,104.1138070885872,106.0664291381836,68200,7233730.467224121
2019-06-06 00:00:00,106.13477182624192,106.13477182624192,101.86828991754341,103.34252166748047,123200,12731798.669433594
2019-06-07 00:00:00,103.87950837508325,108.48769821817436,103.1375098117051,107.81404113769531,114000,12290800.689697266
2019-06-10 00:00:00,108.34123734425222,110.82106828069115,108.34123734425222,110.24504089355469,147200,16228070.01953125
2019-06-11 00:00:00,111.48495510073889,112.89083787094724,109.62019752161743,110.5086441040039,102500,11327136.0206604
2019-06-12 00:00:00,110.85036606544526,111.80714679703165,110.01073790175603,111.08467864990234,94700,10519719.068145752
2019-06-13 00:00:00,111.7192714379004,113.74023497163884,110.81130188224041,112.96894836425781,93400,10551299.77722168
2019-06-14 00:00:00,112.38316757539971,113.03729420294331,110.92846617045558,111.69975280761719,142800,15950724.700927734
2019-06-17 00:00:00,111.59238692444607,112.08054258474782,110.10838954587676,111.06517791748047,140400,15593550.979614258
2019-06-18 00:00:00,112.09027022404764,113.55473681155247,111.06514808199162,112.46127319335938,128500,14451273.60534668
2019-06-19 00:00:00,112.23673715248968,112.9299172260552,110.58676880424882,112.75418090820312,150200,16935677.97241211
2019-06-20 00:00:00,114.05268444946792,115.16567872270724,112.51987602413558,113.9452896118164,132700,15120539.931488037
2019-06-21 00:00:00,113.05681768472569,116.56177062743264,112.7736865986192,115.45854187011719,361800,41772900.4486084
2019-06-24 00:00:00,115.40972415791833,116.73750773385012,113.43757918556601,113.51567840576172,147200,16709507.861328125
2019-06-25 00:00:00,113.38877760921022,114.09172283670902,111.27018417814409,112.56867980957031,227200,25575604.052734375
2019-06-26 00:00:00,113.26187250332099,114.07220519632911,111.8950352357693,113.69144439697266,152600,17349314.414978027
2019-06-27 00:00:00,114.80441514444485,116.04433437457959,113.41805521274189,113.87692260742188,186600,21249433.758544922
2019-06-28 00:00:00,114.22838224268932,119.99838358774166,114.16004077348204,118.26054382324219,384500,45471179.10003662
2019-07-01 00:00:00,119.57858917787631,121.24808029815986,117.84074912852064,120.73063659667969,206700,24955022.58453369
2019-07-02 00:00:00,121.19926537272688,121.7948157691746,118.89517046649115,120.23271942138672,124900,15017066.655731201
2019-07-03 00:00:00,120.42796043619327,120.613461909882,118.55344510269029,119.95933532714844,81600,9788681.762695312
2019-07-05 00:00:00,119.21734470971997,119.96910095214844,117.59666476691507,119.96910095214844,72200,8661769.088745117
2019-07-08 00:00:00,119.45165369030703,120.04720401778826,118.25079528802735,118.494873046875,90400,10711936.5234375
2019-07-09 00:00:00,118.25080086674858,118.25080086674858,116.33723204094598,117.4599838256836,87200,10242510.58959961
2019-07-10 00:00:00,118.36797602091507,119.35405248700619,117.52834773472482,119.03186798095703,94800,11284221.084594727
2019-07-11 00:00:00,119.03186451272487,120.00817575206545,118.25081999045058,119.33452606201172,72800,8687553.497314453
2019-07-12 00:00:00,119.75432024606785,123.50335120532205,119.26616470770689,121.18949127197266,249500,30236778.072357178
2019-07-15 00:00:00,121.70696029301668,121.70696029301668,116.79610859822967,117.09877014160156,171100,20035599.571228027
2019-07-16 00:00:00,117.06946249495324,119.62739269878213,116.27864547318813,119.3540267944336,148600,17736008.381652832
2019-07-17 00:00:00,119.51026591003189,119.60789554711447,117.6064544679342,117.6455078125,184300,21682067.08984375
2019-07-18 00:00:00,117.68455005614965,118.38749529469918,116.61060925221592,117.75289154052734,113700,13388503.768157959
2019-07-19 00:00:00,117.80170276793106,120.43773980023416,117.51857165060534,118.94398498535156,186700,22206841.996765137
2019-07-22 00:00:00,119.1099416831105,119.89099346049726,118.05552401823692,118.3777084350586,78300,9268974.570465088
2019-07-23 00:00:00,120.6818114471084,120.81849440043612,118.45582340872876,119.77384185791016,135900,16277265.10848999
2019-07-24 00:00:00,119.09044104057652,123.64004726709416,118.4363068888455,123.29833984375,121100,14931428.955078125
2019-07-25 00:00:00,124.00128870451375,124.93854657104052,118.96351929218609,119.0416259765625,134300,15987290.368652344
2019-07-26 00:00:00,119.27593038888209,121.24808306628583,117.75288739146514,118.6315689086914,235300,27914008.164215088
2019-07-29 00:00:00,118.963508048707,120.4182095265798,118.38748806536441,118.55345916748047,150100,17794874.22103882
2019-07-30 00:00:00,117.547864885916,117.93839083875885,107.66759328770814,116.70823669433594,390700,45597908.07647705
2019-07-31 00:00:00,117.33306486862365,120.15460326931293,115.64404343754879,115.84907531738281,301200,34893741.4855957
2019-08-01 00:00:00,116.12244566799397,116.12244566799397,108.42910936325745,109.06371307373047,299200,32631862.951660156
2019-08-02 00:00:00,107.88235722211573,109.2687169480606,104.37740457641073,104.80697631835938,215600,22596384.09423828
2019-08-05 00:00:00,102.46382900102205,102.75672525913491,97.86540542008206,99.12484741210938,312900,31016164.755249023
2019-08-06 00:00:00,100.81391124332569,103.29374294542183,100.63817490384912,101.00917053222656,233300,23565439.485168457
2019-08-07 00:00:00,99.35919501067266,100.44290111997616,98.37312598763455,100.03285217285156,162500,16255338.478088379
2019-08-08 00:00:00,101.00914292267602,103.45968580647907,100.25738667235967,102.65911102294922,187200,19217785.583496094
2019-08-09 00:00:00,102.20023675908607,102.20023675908607,99.67158737150646,101.10676574707031,122500,12385578.804016113
2019-08-12 00:00:00,100.18904301376523,100.75529776393672,98.86125938481968,99.84732818603516,147000,14677557.243347168
2019-08-13 00:00:00,99.40799445969229,102.91295513107104,98.91007372030137,100.71625518798828,122300,12317598.009490967
2019-08-14 00:00:00,98.539073717029,98.66599147090626,97.44560266902522,98.23641967773438,204700,20108995.108032227
2019-08-15 00:00:00,98.60740920707319,99.33964244375937,96.68407538025828,97.49441528320312,158400,15443115.380859375
2019-08-16 00:00:00,97.86578025260158,100.82696655685245,97.84623774123695,100.48491668701172,105600,10611207.202148438
2019-08-19 00:00:00,102.13655707769273,102.91838442864417,96.78100579828688,100.719482421875,111400,11220150.341796875
2019-08-20 00:00:00,100.32856124631515,100.81720608202221,98.38374943178856,99.85945892333984,156200,15598047.483825684
2019-08-21 00:00:00,101.413353504486,103.44611796248525,100.70971115160536,103.0454330444336,167700,17280719.121551514
2019-08-22 00:00:00,103.6611253895253,104.12045277344829,100.86607605666254,102.06814575195312,166400,16984139.453125
2019-08-23 00:00:00,101.432900963557,103.006338009713,98.32511935479202,98.7844467163086,202800,20033485.794067383
2019-08-26 00:00:00,100.21129328750357,100.95403559580198,95.53984940892747,96.79077911376953,151000,14615407.6461792
2019-08-27 00:00:00,97.72897326131985,98.26648559670869,95.29552391482909,96.84941101074219,215200,20841993.24951172
2019-08-28 00:00:00,96.5269038588361,99.83014793552347,96.24349639703972,98.60853576660156,173900,17148024.36981201
2019-08-29 00:00:00,100.31881636243291,100.88564633140062,98.76492144145323,99.52720642089844,127400,12679766.098022461
2019-08-30 00:00:00,100.43605421624622,100.87583903315202,98.8235322559766,99.99627685546875,110700,11069587.84790039
2019-09-03 00:00:00,98.84308612678412,99.39036600862022,95.745079364616,96.79077911376953,172900,16735125.708770752
2019-09-04 00:00:00,98.21763185447129,98.96037424277871,97.42602944638192,98.61832427978516,162400,16015615.86303711
2019-09-05 00:00:00,100.18197621872532,104.32568274788046,99.66401383459709,103.82726287841797,171800,17837523.762512207
2019-09-06 00:00:00,103.29953918878894,105.0684389735265,102.92817171192607,103.12362670898438,188200,19407866.54663086
2019-09-09 00:00:00,103.73931248953004,106.98391428751067,102.4297402963962,105.15637969970703,142300,14963752.83126831
2019-09-10 00:00:00,104.9707032834752,108.54758015220149,104.35500592414087,108.36189270019531,192800,20892172.912597656
2019-09-11 00:00:00,109.00688745038713,111.88012138084893,108.0198228252747,111.02987670898438,297900,33075800.271606445
2019-09-12 00:00:00,110.77581542205236,112.00720285878289,108.81146051567066,110.58036041259766,259300,28673487.454986572
2019-09-13 00:00:00,111.45990338428827,111.45990338428827,109.4075888631037,109.68123626708984,247800,27179010.346984863
2019-09-16 00:00:00,109.0264540420203,109.38805397325424,106.40731692747005,107.33574676513672,254000,27263279.678344727
2019-09-17 00:00:00,106.71026959479201,108.82121156586093,104.70682263598631,107.27709197998047,202000,21669972.579956055
2019-09-18 00:00:00,107.09141423482194,107.40414666136698,104.14976995454775,105.54729461669922,176900,18671316.41769409
2019-09-19 00:00:00,105.44957260501998,107.16960476836441,103.768632929039,103.92499542236328,183800,19101414.15863037
2019-09-20 00:00:00,104.08134994536135,104.51135978649579,100.11355626767771,100.57288360595703,302300,30403182.71408081
2019-09-23 00:00:00,99.62490737206167,101.95085400968131,98.50102280516393,99.54672241210938,208900,20795310.31188965
2019-09-24 00:00:00,99.80082082421768,100.46537807835008,94.32799286965523,94.71891021728516,282900,26795979.70046997
2019-09-25 00:00:00,94.70914481600936,98.53034352098061,93.87844263759402,97.76805877685547,249100,24354023.441314697
2019-09-26 00:00:00,97.85604068806097,98.88219812513104,96.86898320012838,98.56946563720703,283700,27964157.401275635
2019-09-27 00:00:00,99.04831748725431,99.67378234854618,96.87873298759158,98.50103759765625,200200,19719907.72705078
2019-09-30 00:00:00,98.5694531653742,98.70627314552117,96.07736110845617,97.17192840576172,160000,15547508.544921875
2019-10-01 00:00:00,97.84624903556877,99.14603869099749,93.01843545328583,93.6732177734375,143700,13460841.394042969
2019-10-02 00:00:00,92.73503428635027,92.73503428635027,90.37976959922499,92.09002685546875,149300,13749041.009521484
2019-10-03 00:00:00,91.37661137831029,93.91756378637406,90.65341889469052,93.12596130371094,145700,13568452.561950684
2019-10-04 00:00:00,93.15524605269317,94.69936543799355,91.81635659235629,94.68959045410156,134200,12707343.03894043
2019-10-07 00:00:00,94.26935766639984,95.41278475435524,93.61457539785735,93.83934783935547,129500,12152195.545196533
2019-10-08 00:00:00,92.25615564420501,93.79050028261426,91.58182331793057,93.18457794189453,158200,14741800.230407715
2019-10-09 00:00:00,94.31823604334431,95.96008312477728,93.19435133743637,95.24665832519531,265600,25297512.451171875
2019-10-10 00:00:00,95.08052245039389,96.8494145450137,93.89800272551436,95.36393737792969,222900,21256621.641540527
2019-10-11 00:00:00,97.20124010087646,100.40674936904203,97.20124010087646,99.2144546508789,197800,19624619.129943848
2019-10-14 00:00:00,98.76488663653058,101.36448060533776,98.33488427378757,100.18196105957031,156400,15668458.709716797
2019-10-15 00:00:00,100.15266342675227,103.56340279014579,99.86924848593596,102.58611297607422,188700,19357999.518585205
2019-10-16 00:00:00,101.95086629654642,105.20524294952061,101.95086629654642,103.3777084350586,183900,19011160.581207275
2019-10-17 00:00:00,104.17909761720213,105.04888499638248,102.53725035364587,103.39727020263672,166900,17257004.39682007
2019-10-18 00:00:00,102.73269687753518,103.20179176234657,100.75856749024496,101.30585479736328,111900,11336125.151824951
2019-10-21 00:00:00,102.19518837446005,103.07475063651339,101.16903115937632,101.74563598632812,90100,9167281.802368164
2019-10-22 00:00:00,101.2667782128359,103.63181789006306,100.15266836633617,103.56340789794922,90500,9372488.414764404
2019-10-23 00:00:00,103.46566033949023,105.76228957925458,102.49813819504361,104.93159484863281,163900,17198288.395690918
2019-10-24 00:00:00,104.79477658246161,104.79477658246161,101.8335825630481,103.03565216064453,97500,10045976.085662842
2019-10-25 00:00:00,102.80111242638998,104.7068244793869,102.32223507471042,103.32884979248047,161700,16708275.011444092
2019-10-28 00:00:00,103.25066590275348,106.72981510510294,103.13338844590726,106.33889770507812,204100,21703769.021606445
2019-10-29 00:00:00,105.05865500156527,112.16354866841598,102.77180041582223,105.22479248046875,450200,47372201.57470703
2019-10-30 00:00:00,104.73614047415327,105.74274772132875,101.15926387466907,102.4981460571289,346500,35515607.608795166
2019-10-31 00:00:00,101.9801930356985,101.9801930356985,98.02217366813012,100.43607330322266,274200,27539571.299743652
2019-11-01 00:00:00,101.43290118121134,105.88933992933171,101.21789624930572,105.7818374633789,196300,20764974.69406128
2019-11-04 00:00:00,107.36505889892578,108.29348123403554,106.12389666738463,107.36505889892578,205400,22052783.097839355
2019-11-05 00:00:00,107.81460382128719,110.06237320579577,107.40414391994776,109.4173583984375,134600,14727576.440429688
2019-11-06 00:00:00,108.87006179527272,109.13392670382325,106.66138523460228,107.28684997558594,173100,18571353.730773926
2019-11-07 00:00:00,108.54756019794718,109.22189243663507,107.36504062630648,108.01004791259766,130400,14084510.247802734
2019-11-08 00:00:00,108.03937679560777,108.93848150915008,106.94480967295071,107.86346435546875,141700,15284252.899169922
2019-11-11 00:00:00,106.7786760279852,108.44984054088164,106.50503610158748,107.00344848632812,310100,33181769.37561035
2019-11-12 00:00:00,106.9545864196002,107.36504630131105,104.41362725214373,105.25409698486328,105000,11051680.183410645
2019-11-13 00:00:00,103.96406967995128,104.67749440101089,101.88244542172791,102.68382263183594,226700,23278422.590637207
2019-11-14 00:00:00,102.64473720382666,103.40702198580092,101.86290990831945,102.05836486816406,102900,10501805.744934082
2019-11-15 00:00:00,103.40702595188276,104.8241005615575,102.96724854730074,103.96408081054688,240200,24972172.21069336
2019-11-18 00:00:00,103.00633708128085,103.09428957637229,101.64790497881312,102.05836486816406,129800,13247175.759887695
2019-11-19 00:00:00,102.74249545449611,103.58296545457533,101.403612920703,102.81090545654297,147500,15164608.554840088
2019-11-20 00:00:00,102.019263249938,102.87927543482716,100.12331899347149,100.64128875732422,308800,31078029.96826172
2019-11-21 00:00:00,100.826999318616,104.39410902002449,100.78790682705645,103.1529541015625,132500,13667766.418457031
2019-11-22 00:00:00,103.7784217524132,104.08137924971348,102.50794184015226,103.8077392578125,95600,9924019.873046875
2019-11-25 00:00:00,104.25726084524773,107.3748172351921,103.98362093443036,106.53434753417969,148600,15831004.043579102
2019-11-26 00:00:00,106.2411755774717,108.57689765385939,106.2411755774717,108.36189270019531,197000,21347292.861938477
2019-11-27 00:00:00,108.47918278561195,109.19260771886339,107.52143536860913,108.00031280517578,94700,10227629.622650146
2019-11-29 00:00:00,107.2380386639552,107.9319136930517,106.26074863038865,107.06212615966797,65000,6959038.200378418
2019-12-02 00:00:00,107.41392440540582,107.80483435652985,104.76546251292548,105.32251739501953,212300,22359970.442962646
2019-12-03 00:00:00,103.96409087406361,104.66774075440999,102.54702358334865,103.99341583251953,137300,14278295.993804932
2019-12-04 00:00:00,104.90226076455048,106.71025246669385,104.40384844323658,105.40068054199219,188400,19857488.214111328
2019-12-05 00:00:00,105.48866076969665,107.27709539247917,105.48866076969665,107.09141540527344,131800,14114648.550415039
2019-12-06 00:00:00,109.06554796869064,110.18943281008603,108.1566680916128,108.33258056640625,182300,19749029.43725586
2019-12-09 00:00:00,107.67779254368914,107.83415503752435,105.02933802922925,105.26388549804688,178800,18821182.72705078
2019-12-10 00:00:00,105.37139184245443,106.92528658871738,104.79479440708576,106.29004669189453,82500,8768928.852081299
2019-12-11 00:00:00,106.57344689231984,109.51508357955771,105.88933961500284,108.80166625976562,131500,14307419.11315918
2019-12-12 00:00:00,108.72347392278128,112.2905826483274,107.94163921773915,111.8605728149414,181000,20246763.679504395
2019-12-13 00:00:00,112.04643924988314,112.7311373157652,111.08785449499905,111.9388427734375,162300,18167674.182128906
2019-12-16 00:00:00,112.8778635076104,113.68972513809615,110.38359234110821,110.76506805419922,197700,21898253.954315186
2019-12-17 00:00:00,111.06830574454413,111.7823470169302,109.64999180855476,111.40087127685547,142500,15874624.156951904
2019-12-18 00:00:00,111.70409618630295,111.70409618630295,109.6499942790093,110.92158508300781,122300,13565709.855651855
2019-12-19 00:00:00,110.6574471108993,110.6574471108993,108.53487605600114,110.0510025024414,173700,19115859.134674072
2019-12-20 00:00:00,110.50097516372723,111.74321528054666,109.8749633384978,110.75529479980469,612000,67782240.41748047
2019-12-23 00:00:00,111.0976527389856,111.14655548579587,109.63043600697358,110.99983978271484,96600,10722584.523010254
2019-12-24 00:00:00,111.16608478695481,111.16608478695481,110.26619395475338,110.63788604736328,33700,3728496.7597961426
2019-12-26 00:00:00,110.93135838579255,112.03665885529381,110.50097246795337,111.89971923828125,96800,10831892.822265625
2019-12-27 00:00:00,112.39857347026116,112.66266916737435,111.50845850886434,112.32032012939453,104800,11771169.549560547
2019-12-30 00:00:00,112.87784686534793,113.57232838070277,111.36172030725682,112.15402221679688,121800,13660359.90600586
2019-12-31 00:00:00,111.58672491675541,113.1419710696929,109.93365834495502,110.19776153564453,161100,17752859.383392334
2020-01-02 00:00:00,111.51823797223689,113.58212312071348,110.4520567641255,113.55277252197266,162800,18486391.36657715
2020-01-03 00:00:00,111.19544235063194,112.68221837670087,110.68681060721717,112.49637603759766,175700,19765613.26980591
2020-01-06 00:00:00,111.14655136560292,111.91928637800206,110.29557046867787,111.09764862060547,158800,17642306.60095215
2020-01-07 00:00:00,110.7846290355927,111.48889414804455,109.99232705275985,110.51074981689453,98200,10852155.632019043
2020-01-08 00:00:00,110.91178659284523,112.23227996499755,109.94342578162008,110.09014892578125,169300,18638262.213134766
2020-01-09 00:00:00,110.89223198586542,111.44977398867908,110.01190054388347,110.90200805664062,90100,9992270.92590332
2020-01-10 00:00:00,110.68683630119013,111.02918538705958,108.26103463353583,108.41753387451172,90200,9779261.555480957
2020-01-13 00:00:00,108.41753565583043,110.34448156564906,108.16322345223494,110.23688507080078,83900,9248874.657440186
2020-01-14 00:00:00,109.79670268329895,109.96298543084811,107.80128732476163,108.29035949707031,131300,14218524.201965332
2020-01-15 00:00:00,108.30012728916459,109.3173981552292,107.90886811565542,108.31968688964844,122800,13301657.550048828
2020-01-16 00:00:00,109.27830322780606,112.21273668735982,108.54469486291762,112.13448333740234,211600,23727656.674194336
2020-01-17 00:00:00,112.86808080647,114.63851976810848,112.39857567734961,113.30824279785156,105200,11920027.142333984
2020-01-21 00:00:00,112.46705086422159,112.84852659836682,109.69890031119871,111.18567657470703,154800,17211542.73376465
2020-01-22 00:00:00,111.80189797729987,112.3496564046123,110.20751797078158,111.1269760131836,78100,8679016.826629639
2020-01-23 00:00:00,110.26621758096576,112.36922199618662,109.15112613891544,112.21272277832031,128300,14396892.332458496
2020-01-24 00:00:00,112.3398749400497,112.3398749400497,109.22937566848668,110.51074981689453,95700,10575878.757476807
2020-01-27 00:00:00,107.47851171972054,110.38360199079803,106.72534376108753,109.34677124023438,98400,10759722.290039062
2020-01-28 00:00:00,110.53031560550615,112.02687532189307,109.82605045364186,111.89971923828125,68300,7642750.823974609
2020-01-29 00:00:00,112.57462380649623,115.08846181944102,111.81167244718714,113.679931640625,118600,13482439.892578125
2020-01-30 00:00:00,111.88013749407956,113.89511973927068,111.43019203111608,113.0050048828125,85800,9695829.418945312
2020-01-31 00:00:00,112.34967112181563,112.34967112181563,109.46414800511542,110.52053833007812,128500,14201889.175415039
2020-02-03 00:00:00,111.65516105914278,114.17877486666416,110.73570313020524,112.33985900878906,320200,35971222.85461426
2020-02-04 00:00:00,114.85369954173797,115.03954934294536,112.87785138013045,113.49407958984375,86700,9839936.700439453
2020-02-05 00:00:00,115.42102420060164,116.73173394419817,114.46243952960754,116.48719787597656,95300,11101229.957580566
2020-02-06 00:00:00,117.16214407492014,117.16214407492014,115.97859015514827,116.73175811767578,64200,7494178.871154785
2020-02-07 00:00:00,115.66556454577918,116.36982964232274,112.80938495437367,112.95610809326172,58200,6574045.491027832
2020-02-10 00:00:00,112.58442014855855,116.08617892895238,112.41813738982047,115.92967224121094,101300,11743675.798034668
2020-02-11 00:00:00,117.03496475325026,117.03496475325026,111.06828612968809,111.19544219970703,172100,19136735.60256958
2020-02-12 00:00:00,112.30075410165222,113.29846555030728,110.9509175411388,111.59648895263672,169900,18960243.47305298
2020-02-13 00:00:00,110.7455165663342,111.26393193428976,110.09016157147153,110.73573303222656,162400,17983483.044433594
2020-02-14 00:00:00,110.95091748867885,111.0193872968758,108.96528558831811,110.62812805175781,122600,13563008.499145508
2020-02-18 00:00:00,110.05103247498667,110.52053762471812,108.14364634908448,108.94572448730469,85700,9336648.588562012
2020-02-19 00:00:00,109.26849320780725,110.46183038613013,107.09701178005885,107.49805450439453,197100,21187866.542816162
2020-02-20 00:00:00,113.46475003600263,114.44289443286472,108.0458291818687,110.84332275390625,332900,36899742.14477539
2020-02-21 00:00:00,110.12926430316008,110.12926430316008,107.69368706030788,109.35653686523438,162300,17748565.93322754
2020-02-24 00:00:00,105.03314357911536,106.82314963226874,104.26040860322976,105.9134750366211,156300,16554276.148223877
2020-02-25 00:00:00,106.6862039148835,107.7034749340094,99.71203738862464,101.09121704101562,137200,13869714.978027344
2020-02-26 00:00:00,102.3823605358432,103.53657109082873,100.62170530015848,101.03252410888672,116500,11770289.058685303
2020-02-27 00:00:00,98.31329104561364,101.9226386349054,96.885201185228,97.32536315917969,138000,13430900.115966797
2020-02-28 00:00:00,93.08999849646457,95.7603359271867,91.45649917916664,94.7430648803711,202600,19194944.944763184
2020-03-02 00:00:00,95.65272382237501,98.33283688591247,92.89435743048583,97.87310791015625,169800,16618853.723144531
2020-03-03 00:00:00,97.82422696825809,98.38176899732802,93.80405274609339,94.22465515136719,219800,20710579.202270508
2020-03-04 00:00:00,96.14178230483765,97.12970991298106,94.73325244472403,96.787353515625,171100,16560316.186523438
2020-03-05 00:00:00,93.17804665385583,94.02902758814129,87.10377023733955,88.36557006835938,211300,18671644.955444336
2020-03-06 00:00:00,84.13019103804922,86.66358112388437,81.84132955789624,85.8908462524414,356900,30654443.027496338
2020-03-09 00:00:00,80.93167316505236,83.15206534060651,77.00931912589411,78.71128845214844,291500,22944340.58380127
2020-03-10 00:00:00,81.45005778719437,81.7141608793201,74.82802536223227,79.65027618408203,276800,22047196.447753906
2020-03-11 00:00:00,77.12356017909667,77.12356017909667,72.00157314880656,73.13761901855469,228900,16741200.993347168
2020-03-12 00:00:00,68.01564239307056,75.41951038372255,64.36268246967349,66.80125427246094,409700,27368473.875427246
2020-03-13 00:00:00,64.83275955579867,74.76333618164062,63.90238302160816,74.76333618164062,282300,21105689.80407715
2020-03-16 00:00:00,65.05802673161507,68.28007951689466,61.845769509232746,66.4095230102539,365600,24279321.612548828
2020-03-17 00:00:00,67.77081074352051,77.57407649834572,62.727179571831655,77.0648193359375,374200,28837655.395507812
2020-03-18 00:00:00,70.41505285642731,73.63710547740213,55.37228189816286,60.00459289550781,471600,28298166.009521484
2020-03-19 00:00:00,59.74995678571689,64.10805153406892,58.60412262808544,61.88493347167969,308200,19072936.49597168
2020-03-20 00:00:00,61.99267247019433,65.05803002763048,59.01545630373598,62.071022033691406,403300,25033243.186187744
2020-03-23 00:00:00,62.19833002253509,64.0884738796483,59.093801641276386,60.386539459228516,222300,13423927.721786499
2020-03-24 00:00:00,64.48998443839811,69.37692281408548,63.16786777013205,69.10270690917969,207700,14352632.225036621
2020-03-25 00:00:00,69.12232437751638,75.15509900051424,68.32904809671354,71.12019348144531,235600,16755917.584228516
2020-03-26 00:00:00,72.66755110746122,81.35436248779297,72.07994434767919,81.35436248779297,236500,19240306.728363037
2020-03-27 00:00:00,77.3292614058056,77.3292614058056,71.9134720677061,72.98095703125,328300,23959648.193359375
2020-03-30 00:00:00,73.0886699904132,76.65349276873825,72.07014812920242,75.89939880371094,248600,18868590.54260254
2020-03-31 00:00:00,74.77315066301142,76.26176246058293,71.13977376652156,72.7361068725586,377900,27486974.787139893
2020-04-01 00:00:00,69.42588602291171,70.66966049925003,63.67711828208575,64.40184020996094,300500,19352752.98309326
2020-04-02 00:00:00,62.92304755487114,65.61625192492399,61.48340620520543,64.83277130126953,207600,13459283.322143555
2020-04-03 00:00:00,63.69671959686875,66.3605442066391,61.62050159882458,63.618370056152344,207500,13200811.786651611
2020-04-06 00:00:00,67.24197365071062,73.75462571180506,67.19300330830718,73.09846496582031,309300,22609355.213928223
2020-04-07 00:00:00,76.06586930696625,77.85807586540764,72.07992786027681,74.76333618164062,226900,16963800.979614258
2020-04-08 00:00:00,76.40866131846491,79.65030546423961,73.97988457186128,78.6513671875,164500,12938149.90234375
2020-04-09 00:00:00,82.5589550511388,86.20211961314727,80.66881504312643,85.67327880859375,192800,16517808.154296875
2020-04-13 00:00:00,85.06605934004723,85.06605934004723,73.676259322409,75.85040283203125,275200,20874030.859375
2020-04-14 00:00:00,78.15189750041768,80.89406475457486,75.86022152036504,78.08334350585938,219200,17115868.896484375
2020-04-15 00:00:00,74.50872050593385,74.7535572524924,69.79805642130678,69.91558074951172,227900,15933760.85281372
2020-04-16 00:00:00,69.80785329310525,73.28453814820044,65.11678024440464,66.59559631347656,401900,26764770.15838623
2020-04-17 00:00:00,69.92537447101513,71.8938639536451,68.50531689525745,70.16041564941406,359100,25194605.25970459
2020-04-20 00:00:00,67.7904040476573,70.8557576266139,66.67394900756065,69.71971893310547,300400,20943803.567504883
2020-04-21 00:00:00,66.83064834345292,72.38355243894635,65.44977272830201,71.8253173828125,195000,14005936.889648438
2020-04-22 00:00:00,74.11697457923125,74.11697457923125,69.02437362692143,69.12230682373047,162100,11204725.936126709
2020-04-23 00:00:00,69.60219829979428,72.47168560998142,69.52384873832916,71.46295928955078,225200,16093458.432006836
2020-04-24 00:00:00,71.90365830786916,72.8144513593168,69.50426103444018,71.80572509765625,168900,12127986.96899414
2020-04-27 00:00:00,73.24536632442867,76.12464902504979,72.20726084867276,75.56642150878906,305900,23115768.339538574
2020-04-28 00:00:00,78.51425130532331,80.1399709968712,76.68287710145736,79.06269073486328,240400,19006670.852661133
2020-04-29 00:00:00,82.44144223812839,84.2924077281133,81.67755266725534,82.40226745605469,311400,25660066.08581543
2020-04-30 00:00:00,84.8702014904298,86.31963064220973,74.8123051705796,75.15507507324219,370000,27807377.77709961
2020-05-01 00:00:00,72.51083387758406,73.77419207492463,69.26919854345934,70.43461608886719,245800,17312828.634643555
2020-05-04 00:00:00,69.1517123729032,69.21047081900274,66.88942253614933,68.48575592041016,207000,14176551.475524902
2020-05-05 00:00:00,70.18002288926675,71.47276087506692,68.65223619926577,68.91666412353516,169700,11695157.901763916
2020-05-06 00:00:00,69.19086947394847,69.19086947394847,66.00799161218418,66.77188110351562,161300,10770304.42199707
2020-05-07 00:00:00,68.34862795188424,68.98520499555312,66.3017888387735,68.81871032714844,252900,17404251.84173584
2020-05-08 00:00:00,70.83617773097461,72.19746960597092,69.5336442911557,72.02118682861328,224000,16132745.849609375
2020-05-11 00:00:00,70.45423836873347,70.8557668263208,67.08528168579117,68.34864044189453,231700,15836379.990386963
2020-05-12 00:00:00,68.76978133453228,69.58264153727553,64.11788079821159,64.3823013305664,165400,10648832.640075684
2020-05-13 00:00:00,63.65755267681329,64.28433413619288,57.97734103129546,59.514915466308594,377900,22490686.554718018
2020-05-14 00:00:00,57.52684207779331,59.96541391623476,55.00991695339696,59.78913116455078,474000,28340048.17199707
2020-05-15 00:00:00,60.84682762122144,65.07760245018517,59.08400384184185,65.00904846191406,490000,31854433.74633789
2020-05-18 00:00:00,68.47594773472676,74.3520303601242,68.47594773472676,73.55876159667969,365700,26900439.11590576
2020-05-19 00:00:00,72.52064620941162,76.89832089454363,71.97220682467389,74.35202026367188,378600,28149674.871826172
2020-05-20 00:00:00,76.38905753162256,79.64048891230071,76.27153321479425,79.38585662841797,324600,25768649.061584473
2020-05-21 00:00:00,78.87660171329343,79.96367739058378,78.18126629777127,78.72969818115234,307900,24240874.069976807
2020-05-22 00:00:00,79.41524093418461,79.71884357084464,77.86787842504579,78.64156341552734,156700,12323132.987213135
2020-05-26 00:00:00,83.18574366045524,87.88660517798948,82.8919365466858,87.06395721435547,357300,31107951.91268921
2020-05-27 00:00:00,88.64246948219505,91.4465490117264,85.71091921182969,87.76006317138672,215900,18947397.638702393
2020-05-28 00:00:00,89.1229011874516,89.1229011874516,84.19123917804392,84.63243865966797,147500,12483284.702301025
2020-05-29 00:00:00,82.90685664084012,83.71082540984602,79.85765628370106,80.54397583007812,255100,20546768.23425293
2020-06-01 00:00:00,80.99496141669921,84.07357329823895,80.11255506970787,82.80879211425781,174300,14433572.465515137
2020-06-02 00:00:00,83.68140531456511,84.44615511142655,82.56369292219227,83.02450561523438,161000,13366945.404052734
2020-06-03 00:00:00,85.42660767205366,90.2308142729818,85.42660767205366,89.466064453125,162200,14511395.654296875
2020-06-04 00:00:00,88.2895279207015,92.27995923125786,87.89734641386568,90.61318969726562,173900,15757633.688354492
2020-06-05 00:00:00,95.99584507970225,99.91764434389131,93.19175800738799,94.02513885498047,272700,25640655.365753174
2020-06-08 00:00:00,95.47620619412933,96.35861257822717,93.11332588363065,93.69178771972656,134600,12610914.627075195
2020-06-09 00:00:00,90.9072971404353,92.09364037666953,89.62291043050787,90.0641098022461,193500,17427405.24673462
2020-06-10 00:00:00,89.01502802067257,89.01502802067257,85.20107933493426,85.54423522949219,236100,20196993.937683105
2020-06-11 00:00:00,80.50472244889511,80.9655349874664,72.40620613588119,73.21017456054688,647500,47403588.0279541
2020-06-12 00:00:00,77.75948501925963,77.83792281241193,73.0533296337167,75.45542907714844,403200,30423629.00390625
2020-06-15 00:00:00,72.02385396345382,80.32826641367318,72.02385396345382,79.1909408569336,231100,18301026.432037354
2020-06-16 00:00:00,83.37745701136623,83.43628160930346,77.77908920709648,81.33811950683594,215200,17503963.317871094
2020-06-17 00:00:00,81.65186531991489,81.65186531991489,79.61252776151096,80.18119049072266,215500,17279046.550750732
2020-06-18 00:00:00,79.15173006792834,80.37729254124407,76.66138622452202,77.38691711425781,229100,17729342.710876465
2020-06-19 00:00:00,78.7301248321405,79.72037378084498,75.49463738086513,76.01427459716797,376300,28604171.530914307
2020-06-22 00:00:00,75.33776363706052,76.79863931394499,74.49458363944613,76.58293914794922,177200,13570496.817016602
2020-06-23 00:00:00,78.37716384107885,79.01445026295254,77.61241415063942,78.0732192993164,202400,15802019.58618164
2020-06-24 00:00:00,76.60252468323658,77.0143192009053,74.96517564375486,75.5534439086914,304000,22968246.948242188
2020-06-25 00:00:00,74.72008903383941,77.87713903764961,73.8965146747095,77.78889465332031,259900,20217333.72039795
2020-06-26 00:00:00,77.04375772465632,77.21043241842912,74.28868831941689,75.62210083007812,400100,30256402.542114258
2020-06-29 00:00:00,77.65161780517512,82.50484859314733,77.31826847812533,81.21065521240234,257000,20871138.389587402
2020-06-30 00:00:00,80.78906391331346,84.6128195771686,80.78906391331346,84.33828735351562,493300,41604077.15148926
2020-07-01 00:00:00,84.44615114454272,85.43640768433433,79.52429570760133,79.79882049560547,302600,24147123.081970215
2020-07-02 00:00:00,82.03424178625804,83.98534248369768,81.39694785172587,81.69108581542969,199900,16330048.054504395
2020-07-06 00:00:00,84.08338486805019,84.8579411806874,81.67147903033589,82.58329772949219,131300,10843186.991882324
2020-07-07 00:00:00,81.3577243018987,82.46562983680248,79.59291174341315,79.95568084716797,148900,11905400.87814331
2020-07-08 00:00:00,79.51448042772685,81.59303677879281,79.15171877473684,81.00476837158203,125500,10166098.430633545
2020-07-09 00:00:00,80.47530741799255,81.08318140118296,77.44571417185783,79.49485778808594,150900,11995774.040222168
2020-07-10 00:00:00,80.07334357147377,83.55394379697093,79.5144874134893,82.88723754882812,114500,9490588.69934082
2020-07-13 00:00:00,84.0049615815291,85.4854432690905,82.01464915321456,82.37741088867188,153500,12644932.571411133
2020-07-14 00:00:00,81.9558052174237,84.57361218865024,81.76952481919744,84.4559555053711,130900,11055284.575653076
2020-07-15 00:00:00,87.16199571746706,88.4071637721822,85.70112749258735,87.5247573852539,182300,15955763.271331787
2020-07-16 00:00:00,86.66196311823887,87.65221957806185,82.2499387181375,83.5833511352539,266400,22266604.74243164
2020-07-17 00:00:00,83.81863696354037,86.25015534273632,83.44606879618425,85.2206802368164,137000,11675233.192443848
2020-07-20 00:00:00,84.3285063712013,85.50504337599038,83.28922428738976,84.72068786621094,108800,9217610.83984375
2020-07-21 00:00:00,86.26977156078024,88.63265905297813,85.36775958444026,86.62273406982422,194600,16856784.049987793
2020-07-22 00:00:00,85.60310346824545,86.84827939517899,84.95601023428671,85.9168472290039,143900,12363434.316253662
2020-07-23 00:00:00,85.46582634184381,90.69162673720179,85.46582634184381,90.0151138305664,182100,16391752.228546143
2020-07-24 00:00:00,89.64254421254714,90.76025661928166,87.61301300239866,88.19147491455078,165500,14595689.098358154
2020-07-27 00:00:00,87.7894885193171,89.41703152988302,86.26978812032368,88.91700744628906,128200,11399160.354614258
2020-07-28 00:00:00,91.13281600251568,93.46629157208687,89.22094167304607,92.42700958251953,351000,32441880.363464355
2020-07-29 00:00:00,93.51530919788546,95.77034697032055,93.28000331527352,94.07416534423828,262400,24685060.986328125
2020-07-30 00:00:00,91.99562152036017,93.33883317789005,91.27988975842358,92.59369659423828,179600,16629827.908325195
2020-07-31 00:00:00,91.49560152256868,92.07407096174562,88.2307009482012,91.927001953125,217400,19984930.224609375
2020-08-03 00:00:00,92.34857238518423,94.99578394853066,91.8583474675098,94.59380340576172,173400,16402565.510559082
2020-08-04 00:00:00,94.09376229609151,95.29971128160952,93.5839242447887,94.49574279785156,162600,15365007.778930664
2020-08-05 00:00:00,96.2409597227516,98.7901278064086,96.00564637577627,98.32931518554688,207500,20403332.901000977
2020-08-06 00:00:00,98.46659137834206,98.46659137834206,94.84872857361289,96.8194351196289,230900,22355607.569122314
2020-08-07 00:00:00,96.21155512597196,100.76084249534551,96.21155512597196,100.65299987792969,162800,16386308.380126953
2020-08-10 00:00:00,100.9863332495218,105.98662592408148,100.97652665668126,104.81008911132812,211100,22125409.811401367
2020-08-11 00:00:00,106.3886209489197,108.447564246848,103.45707035648626,103.97671508789062,160100,16646672.085571289
2020-08-12 00:00:00,106.0552456040718,106.0552456040718,101.72165958842906,103.12370300292969,142400,14684815.307617188
2020-08-13 00:00:00,101.76089884076505,102.72173558047804,100.52552983803758,100.78044891357422,75000,7558533.668518066
2020-08-14 00:00:00,99.44703668717538,101.8491360232914,98.78033043564582,99.91765594482422,100900,10081691.484832764
2020-08-17 00:00:00,99.94706560705747,100.55493976018212,98.6332588459781,98.75091552734375,90600,8946832.946777344
2020-08-18 00:00:00,98.6528830429502,99.0352579497638,96.87826343210143,97.17240142822266,136000,13215446.594238281
2020-08-19 00:00:00,96.92725469150616,98.81952284828857,96.92725469150616,97.83907318115234,120700,11809176.132965088
2020-08-20 00:00:00,96.15269287024641,98.11359208854876,96.0154305233842,97.85867309570312,119500,11694111.434936523
2020-08-21 00:00:00,96.84781811704427,98.6732842728188,96.52394339862678,97.6722183227539,135600,13244352.80456543
2020-08-24 00:00:00,98.86958522686395,101.28391016529784,97.77038475991351,101.24465942382812,130000,13161805.725097656
2020-08-25 00:00:00,102.1377366772325,102.1377366772325,99.66452869883537,100.04728698730469,147700,14776984.288024902
2020-08-26 00:00:00,99.49767671931622,100.67540083415263,99.2032513064119,99.97858428955078,106200,10617725.651550293
2020-08-27 00:00:00,101.15633684864396,102.73644516871242,100.79320380722557,101.34281158447266,105700,10711935.18447876
2020-08-28 00:00:00,101.74517732944437,103.2467689168167,101.09743531563755,102.55976867675781,88700,9097051.481628418
2020-08-31 00:00:00,102.33402150007021,102.38309614798806,100.60670471191406,100.60670471191406,128300,12907840.214538574
2020-09-01 00:00:00,99.83139279900776,103.9239677122923,99.54677625395614,103.75712585449219,165100,17130301.47857666
2020-09-02 00:00:00,103.88468828477481,105.3470214529753,103.00139702998456,104.61094665527344,93900,9822967.890930176
2020-09-03 00:00:00,103.45287730286029,104.36560299148239,98.87939499246765,99.14437866210938,159600,15823442.834472656
2020-09-04 00:00:00,101.16614455905396,101.53908651082394,98.04518642113581,99.4388198852539,98700,9814611.52267456
2020-09-08 00:00:00,98.48682452135446,98.90884111571343,97.03430751361297,97.4072494506836,128300,12497350.104522705
2020-09-09 00:00:00,98.30033928292099,99.5271306129031,97.25019871622585,98.59476470947266,119000,11732777.000427246
2020-09-10 00:00:00,99.53693387962575,99.64489210953069,96.80855131527817,97.14224243164062,114100,11083929.861450195
2020-09-11 00:00:00,97.40725567265272,98.03537238980967,95.70937275775722,96.64173889160156,151500,14641223.442077637
2020-09-14 00:00:00,97.70167024696921,98.2414539711861,96.81837894001193,97.71147918701172,94900,9272819.374847412
2020-09-15 00:00:00,98.202216612444,98.25129127404519,96.99505780957236,97.87834930419922,121700,11911795.110321045
2020-09-16 00:00:00,98.39849891677997,99.48789041416788,97.68204935567908,98.60459899902344,135900,13400365.003967285
2020-09-17 00:00:00,97.02448558295647,99.90008512384722,95.88601949054657,98.43775177001953,154200,15179101.322937012
2020-09-18 00:00:00,99.24254481601024,99.81177047846928,96.7104449308321,97.16190338134766,492700,47871669.79598999
2020-09-21 00:00:00,94.21759627217027,95.03218770366477,91.23403815835586,93.33430480957031,191100,17836185.649108887
2020-09-22 00:00:00,93.51094320459262,96.05285879010265,93.03985951660557,95.9743423461914,127400,12227131.214904785
2020-09-23 00:00:00,95.93510659774458,97.52503126456797,94.24704009691179,94.39425659179688,212600,20068218.951416016
2020-09-24 00:00:00,94.8947640924862,96.14118077258783,93.73667279285493,94.41385650634766,203000,19166012.870788574
2020-09-25 00:00:00,93.34411129135017,94.13906977910008,92.51970351820053,93.44225311279297,262900,24565968.34335327
2020-09-28 00:00:00,94.48257394088428,96.72024799933031,94.02130661159167,94.15870666503906,224400,21129213.775634766
2020-09-29 00:00:00,94.1292664315067,94.61016662657,92.14676707695422,92.38230895996094,201700,18633511.71722412
2020-09-30 00:00:00,92.254708031397,92.7454245634789,89.76186714989215,90.18388366699219,541200,48807517.84057617
2020-10-01 00:00:00,90.31148287117367,91.56772370002221,87.43588319690053,87.73031616210938,334800,29372109.85107422
2020-10-02 00:00:00,85.75761614077801,88.59395702078254,85.75761614077801,87.8676986694336,292400,25692515.090942383
2020-10-05 00:00:00,89.2711509459962,91.05735882983132,88.70191796963091,89.13375091552734,246200,21944729.475402832
2020-10-06 00:00:00,90.27222670064253,90.34092672335971,87.58309441087657,87.65179443359375,344400,30187278.002929688
2020-10-07 00:00:00,88.32899075165564,88.89822382244644,86.92554093242524,87.61254119873047,327600,28701868.4967041
2020-10-08 00:00:00,88.49583651052836,88.81971128797345,87.72050332561815,88.24066925048828,210100,18539364.609527588
2020-10-09 00:00:00,89.38894241385427,89.78151721231076,87.8579014486481,88.55472564697266,126300,11184461.849212646
2020-10-12 00:00:00,88.53509195701818,89.93854179408945,87.78920059573252,89.4576416015625,102200,9142570.971679688
2020-10-13 00:00:00,88.44676140610949,89.48707818705361,88.11307022928868,88.12288665771484,142700,12575135.926055908
2020-10-14 00:00:00,88.1424997510152,89.79130757315161,87.95603256333365,88.3093490600586,126400,11162301.721191406
2020-10-15 00:00:00,86.57221777215894,90.17407565678604,86.57221777215894,89.31041717529297,186200,16629599.67803955
2020-10-16 00:00:00,89.32023554134953,90.17407761324282,87.5045856613255,87.71068572998047,147500,12937326.14517212
2020-10-19 00:00:00,87.956054864258,88.94729710408541,85.01175497019403,85.35525512695312,205900,17574647.03063965
2020-10-20 00:00:00,86.5820541381836,88.40752082730353,86.37595402654004,86.5820541381836,116100,10052176.485443115
2020-10-21 00:00:00,86.4348290324725,87.19052936663446,86.02262885020235,86.08151245117188,104100,8961085.446166992
2020-10-22 00:00:00,86.71944033349511,88.05419011810616,86.04224901237502,87.2886734008789,165400,14437546.580505371
2020-10-23 00:00:00,88.08363599091275,88.36825253776892,86.3759441975173,88.06401062011719,103300,9097012.297058105
2020-10-26 00:00:00,86.59186764638059,86.85685135591069,83.85366770510588,85.02156829833984,151600,12889269.75402832
2020-10-27 00:00:00,84.76638791973144,85.2374716611523,82.22447204589844,82.22447204589844,220900,18163385.874938965
2020-10-28 00:00:00,79.9082812932375,86.03242923517745,79.24090648499046,83.24515533447266,288400,24007902.798461914
2020-10-29 00:00:00,82.22448182013038,85.17859819080518,82.22448182013038,84.74676513671875,193100,16364600.34790039
2020-10-30 00:00:00,84.40325797038665,85.09025823783976,81.50803293045247,82.41094970703125,179900,14825729.852294922
2020-11-02 00:00:00,84.01068716067331,85.90485368810783,83.98124536035046,85.7870864868164,182800,15681879.409790039
2020-11-03 00:00:00,87.72048785114013,88.12287901657075,85.4631962120158,85.66929626464844,203000,17390867.141723633
2020-11-04 00:00:00,83.61811137031223,83.66718602876885,79.761078330708,81.3117446899414,273800,22263155.696105957
2020-11-05 00:00:00,81.6552251858635,87.2984651142351,81.6552251858635,86.37592315673828,271700,23468338.32168579
2020-11-06 00:00:00,86.58203022008308,86.77831384711807,84.07937279281492,84.88414764404297,159800,13564486.793518066
2020-11-09 00:00:00,91.9112375348779,100.52822141326999,91.9112375348779,99.24254608154297,367700,36491484.19418335
2020-11-10 00:00:00,100.35154067003867,104.85631528301822,100.0571077267662,103.42342376708984,235200,24325189.27001953
2020-11-11 00:00:00,103.92396359941603,103.92396359941603,96.76931449041777,97.78018951416016,155300,15185263.431549072
2020-11-12 00:00:00,96.21971914457386,97.30911067844744,93.746503099337,94.99292755126953,143400,13621985.81085205
2020-11-13 00:00:00,96.08230642161546,97.4366814665315,95.53269876858839,96.3767318725586,122800,11835062.673950195
2020-11-16 00:00:00,98.14331640152285,101.05817409668661,97.39742510030385,101.02873229980469,153700,15528116.15447998
2020-11-17 00:00:00,99.69397744118139,104.42448474754573,96.79874526444415,103.46267700195312,269000,27831460.11352539
2020-11-18 00:00:00,103.67860801449444,104.47356655155751,102.58921650709762,103.05049133300781,162000,16694179.595947266
2020-11-19 00:00:00,102.38311142828844,103.20751921236005,101.13669455519607,103.060302734375,83300,8584923.217773438
2020-11-20 00:00:00,102.27515859841647,104.65022527830513,101.48020005799509,104.57171630859375,190900,19962740.643310547
2020-11-23 00:00:00,105.78869608000787,108.6741123719341,105.48445415373384,108.36005401611328,173500,18800469.371795654
2020-11-24 00:00:00,110.3327093279169,113.54199981689453,109.71440915916675,113.54199981689453,228900,25989763.75808716
2020-11-25 00:00:00,112.10913716136561,112.96297940119928,110.38181233341811,111.37306213378906,186400,20759938.78173828
2020-11-27 00:00:00,111.53006902038626,112.19744390051186,109.37091896054879,111.03935241699219,58400,6484698.181152344
2020-11-30 00:00:00,109.9892063614433,111.46135599998554,108.10485662116689,108.50724029541016,153200,16623309.213256836
2020-12-01 00:00:00,110.36215837837554,111.3632244176727,108.51706669083977,110.9117660522461,151100,16758767.850494385
2020-12-02 00:00:00,110.49955359768062,112.8648110583227,108.57594554251982,112.32501983642578,137900,15489620.235443115
2020-12-03 00:00:00,112.30537607662592,115.0435749863244,111.66744314278401,113.15922546386719,94500,10693546.80633545
2020-12-04 00:00:00,114.36641464929859,122.541755363445,113.16906489437547,122.39453887939453,229700,28114025.580596924
2020-12-07 00:00:00,121.5799364346113,123.17967726795219,120.57887791203284,123.16986083984375,177200,21825699.340820312
2020-12-08 00:00:00,122.71838829093335,127.32130415952598,122.71838829093335,126.03562927246094,222200,28005116.82434082
2020-12-09 00:00:00,126.9778397272843,126.9778397272843,123.67040695184431,124.65184020996094,265300,33070133.207702637
2020-12-10 00:00:00,122.93431798951339,124.5046095258844,119.47966912175646,120.1863021850586,188100,22607043.44100952
2020-12-11 00:00:00,118.40845899201962,122.06236772247333,117.77982904954199,118.63436889648438,220300,26135151.467895508
2020-12-14 00:00:00,121.48284663865995,121.75787128840449,116.29664611816406,116.29664611816406,193500,22503401.023864746
2020-12-15 00:00:00,118.39864927572816,120.74619114859154,117.08245001784145,120.3238296508789,125900,15148770.153045654
2020-12-16 00:00:00,120.53007586716858,120.75599325179691,117.84857807063761,119.42996978759766,107500,12838721.752166748
2020-12-17 00:00:00,119.33176261906452,120.5988470353693,117.93699031356083,119.98004150390625,116600,13989672.839355469
2020-12-18 00:00:00,120.16665960111015,121.2765902547411,117.77001063282277,117.9369888305664,585700,69075694.35806274
2020-12-21 00:00:00,114.94115701525372,117.42621830574409,114.7741788338353,116.02162170410156,137000,15894962.173461914
2020-12-22 00:00:00,116.257359755428,116.92527999626067,115.10814636121675,115.4519271850586,96100,11094930.20248413
2020-12-23 00:00:00,116.35560123989174,117.43605865005982,115.38319032012657,115.81537628173828,92600,10724503.843688965
2020-12-24 00:00:00,116.20826666346723,116.84672116612738,114.96083101470832,115.68768310546875,51400,5946346.911621094
2020-12-28 00:00:00,117.13155322593651,117.86822966131976,114.37147457940254,115.05903625488281,265800,30582691.83654785
2020-12-29 00:00:00,115.3144185665446,116.08056085400791,113.01598421029449,113.53656768798828,100600,11421778.709411621
2020-12-30 00:00:00,113.26155875879519,116.50293849571649,112.62311175976448,115.26531982421875,123900,14281373.126220703
2020-12-31 00:00:00,114.64650658599189,116.33595251826522,108.86114120941029,111.84713745117188,333500,37301020.33996582
2021-01-04 00:00:00,112.75080282175082,113.53658664791843,108.56647790623992,109.89249420166016,183800,20198240.434265137
2021-01-05 00:00:00,110.03981690088862,114.10627034881004,110.03981690088862,112.27931213378906,199200,22366038.97705078
2021-01-06 00:00:00,114.39111745586885,120.54973673131332,114.39111745586885,119.65589904785156,609700,72954201.6494751
2021-01-07 00:00:00,120.06843968408958,122.0230933056747,118.03521293468246,121.6400146484375,143900,17503998.107910156
2021-01-08 00:00:00,121.84629112118142,122.56331868866832,119.40051984549011,122.43563079833984,191300,23421936.171722412
2021-01-11 00:00:00,120.43185233381641,124.74386404255013,120.43185233381641,124.3902587890625,152800,19006831.54296875
2021-01-12 00:00:00,124.42953912731285,128.42723556759768,124.42953912731285,128.0343475341797,110500,14147795.402526855
2021-01-13 00:00:00,127.8084416658302,128.0343665569443,124.16435740314606,124.63582611083984,97300,12127065.880584717
2021-01-14 00:00:00,125.39212837824735,130.03809590513202,125.39212837824735,127.94593048095703,131600,16837684.451293945
2021-01-15 00:00:00,124.99925963682566,125.85380699954173,121.87575125147819,123.99737548828125,106900,13255319.439697266
2021-01-19 00:00:00,125.05819817362787,126.87533198098014,122.77941257597224,123.75182342529297,123800,15320475.74005127
2021-01-20 00:00:00,123.90898427479722,124.85192926110655,122.69101460421358,123.02497100830078,133700,16448438.623809814
2021-01-21 00:00:00,123.27052307481631,123.27052307481631,121.6891237330728,121.92485809326172,101900,12424143.03970337
2021-01-22 00:00:00,120.274712179735,123.66342853690581,119.99968748859644,123.28035736083984,178200,21968559.68170166
2021-01-25 00:00:00,121.90521719818679,123.55537271416696,118.91922114575314,121.37480926513672,122200,14832001.692199707
2021-01-26 00:00:00,122.79904168715986,123.89914781146192,121.3551622347045,122.8677978515625,112100,13773480.139160156
2021-01-27 00:00:00,119.26300447184553,122.43562768557716,117.78965156947724,120.90333557128906,126400,15282181.616210938
2021-01-28 00:00:00,122.55347308185924,123.18211045535269,118.19235422862963,118.54595947265625,128000,15173882.8125
2021-01-29 00:00:00,119.00761923146537,119.00761923146537,113.81159417649039,113.8214111328125,128600,14637433.471679688
2021-02-01 00:00:00,115.1179702728613,116.84670644073191,113.55621979568267,116.13949584960938,226100,26259140.01159668
2021-02-02 00:00:00,118.21198969228787,119.07636135373467,117.26904492023048,117.62265014648438,107300,12620910.360717773
2021-02-03 00:00:00,117.2985276659459,118.11378469354207,116.15913871248691,116.83687591552734,90100,10527002.519989014
2021-02-04 00:00:00,116.83689274475124,119.11567847376625,115.56981572852459,116.39488983154297,261700,30460542.668914795
2021-02-05 00:00:00,117.8584224395399,120.03898620605469,116.38506935339329,120.03898620605469,147700,17729758.262634277
2021-02-08 00:00:00,121.43374750292456,125.02873229980469,121.43374750292456,125.02873229980469,92400,11552654.864501953
2021-02-09 00:00:00,125.470737642426,128.8398050888113,124.00720911432802,128.11294555664062,148700,19050395.00427246
2021-02-10 00:00:00,128.71210760026983,130.97125179628932,128.02454588523466,129.38003540039062,183600,23754174.49951172
2021-02-11 00:00:00,129.82204040309557,130.89267330448962,125.63772333685412,128.3879852294922,155700,19990009.300231934
2021-02-12 00:00:00,127.45484710221331,129.74345714919744,126.69853671255186,127.65130615234375,113000,14424597.595214844
2021-02-16 00:00:00,128.34867733111733,132.2776183008776,128.31921147286178,129.99884033203125,181300,23568789.752197266
2021-02-17 00:00:00,127.47450563558435,128.92820979250652,121.5909178437494,122.10167694091797,166800,20366559.713745117
2021-02-18 00:00:00,120.78547225460042,124.86175012062198,119.91128346450635,123.38839721679688,136000,16780822.021484375
2021-02-19 00:00:00,124.01704403126692,127.97544401088834,124.01704403126692,127.22895050048828,142800,18168294.131469727
2021-02-22 00:00:00,126.62977968415385,134.63500678944487,126.62977968415385,132.96519470214844,197400,26247329.4342041
2021-02-23 00:00:00,133.97686165451782,142.3848067008039,129.0755180973061,139.53631591796875,281600,39293426.5625
2021-02-24 00:00:00,140.86236436060977,146.2941242314092,137.75849729508985,143.72067260742188,587200,84392778.95507812
2021-02-25 00:00:00,144.30020377856135,145.6851592662684,137.7879783902677,138.4755401611328,188000,26033401.55029297
2021-02-26 00:00:00,138.76038565386156,146.82452911013542,138.13175565853305,144.94847106933594,271500,39353509.89532471
2021-03-01 00:00:00,147.68889912197338,148.90687627977601,145.41993799522228,147.94427490234375,225200,33317050.708007812
2021-03-02 00:00:00,147.94426186897118,148.9461459752283,142.48303652396007,142.64019775390625,104000,14834580.56640625
2021-03-03 00:00:00,143.56351687895815,146.28429790355457,142.05086610451139,142.3651885986328,126900,18066142.433166504
2021-03-04 00:00:00,142.73844104717432,145.02703610789462,137.52275901240318,138.24961853027344,180700,24981706.06842041
2021-03-05 00:00:00,141.0116606858111,144.0685847780722,138.60346137000423,142.03390502929688,326800,46416680.16357422
2021-03-08 00:00:00,143.8228460917736,146.04427054403385,141.9257765166297,142.1223602294922,188900,26846913.847351074
2021-03-09 00:00:00,143.79338555699806,143.79338555699806,138.52485954891677,138.53469848632812,140200,19422564.727783203
2021-03-10 00:00:00,139.4389539666646,140.23512774221737,137.81711960893674,138.8688507080078,205800,28579209.475708008
2021-03-11 00:00:00,139.6846720794564,141.4932660136044,137.06024158842797,137.3256378173828,217500,29868326.22528076
2021-03-12 00:00:00,138.33809407221406,141.05098567959723,138.33809407221406,140.53985595703125,290100,40770612.213134766
2021-03-15 00:00:00,139.8616149312729,142.04372871669253,138.11199432831503,141.021484375,183800,25919748.828125
2021-03-16 00:00:00,140.2056592348442,141.98476679234545,136.8145410453022,136.96197509765625,105500,14449488.372802734
2021-03-17 00:00:00,136.9816634819603,138.12187036044037,134.59312640034466,138.06289672851562,143300,19784413.10119629
2021-03-18 00:00:00,137.48292285490268,141.32619697091152,136.26409474533867,137.20770263671875,129000,17699793.64013672
2021-03-19 00:00:00,136.66708968102927,138.21030272864007,133.69864082244908,134.13113403320312,499500,66998501.44958496
2021-03-22 00:00:00,134.96662189886263,134.96662189886263,130.68103043197019,131.69345092773438,186000,24494981.872558594
2021-03-23 00:00:00,129.3540588768706,131.40838636019376,127.58477551868839,128.96087646484375,143500,18505885.772705078
2021-03-24 00:00:00,130.3566595531267,136.11665150509225,128.41045507058706,128.54806518554688,191500,24616954.483032227
2021-03-25 00:00:00,126.99502510588603,132.4797966953897,125.56977430716316,131.3592529296875,130500,17142382.50732422
2021-03-26 00:00:00,132.82378894087904,135.14351225652254,130.64167569487654,133.18746948242188,145900,19432051.79748535
2021-03-29 00:00:00,132.7648313866243,135.36959909051444,128.1352081298828,128.1352081298828,171000,21911120.59020996
2021-03-30 00:00:00,128.58736196262277,132.7746530873794,127.92878334827998,131.31991577148438,216600,28443893.756103516
2021-03-31 00:00:00,131.62465624300663,134.49482086631167,130.38615017379837,131.0643768310547,257000,33683544.845581055
2021-04-01 00:00:00,131.81138964035551,134.68155368866186,130.98571409350362,133.58065795898438,150500,20103889.02282715
2021-04-05 00:00:00,135.33029767799053,138.29876149933438,135.33029767799053,137.64019775390625,240800,33143759.619140625
2021-04-06 00:00:00,137.36500277208145,141.02151782033928,137.36500277208145,139.75352478027344,133600,18671070.91064453
2021-04-07 00:00:00,139.67487976154624,139.67487976154624,131.03488444922687,131.68362426757812,106500,14024305.98449707
2021-04-08 00:00:00,131.93918049589624,132.25372646515788,130.5532554391719,131.73277282714844,230000,30298537.75024414
2021-04-09 00:00:00,131.46736730104635,134.74053794655234,130.58273307182907,134.6815643310547,75500,10168458.106994629
2021-04-12 00:00:00,135.3794726500755,135.85129168885555,132.11614012293717,134.79954528808594,100500,13547354.301452637
2021-04-13 00:00:00,134.33757956617552,134.33757956617552,130.69090305367348,131.8114471435547,106700,14064281.410217285
2021-04-14 00:00:00,132.21437780248033,135.02556817237607,131.55581416666513,132.8238067626953,128800,17107706.311035156
2021-04-15 00:00:00,132.84348724238126,133.63967616011496,131.4575620856857,133.36444091796875,64400,8588669.995117188
2021-04-16 00:00:00,134.92730355272246,135.68415164878397,131.89986617334569,133.15802001953125,78300,10426272.967529297
2021-04-19 00:00:00,132.45030339940823,132.81398403412277,130.06178193621292,132.13575744628906,78400,10359443.383789062
2021-04-20 00:00:00,131.71310352811545,134.44565775964952,128.5578800458055,130.59255981445312,103600,13529389.196777344
2021-04-21 00:00:00,131.6344854391737,136.51966735572353,131.6344854391737,135.556396484375,87400,11847629.052734375
2021-04-22 00:00:00,136.8735139809824,137.3453179445309,133.8952261513203,134.1901092529297,118100,15847851.902770996
2021-04-23 00:00:00,135.39907417743345,138.42651081184073,135.2418012357666,135.7037811279297,200000,27140756.225585938
2021-04-26 00:00:00,137.2470451534869,139.8714764822727,135.880767832545,136.2542724609375,117400,15996251.586914062
2021-04-27 00:00:00,131.81140936139022,140.6578122715942,130.67120272002003,140.41207885742188,340700,47838395.26672363
2021-04-28 00:00:00,140.06802288849582,144.4715607418664,140.06802288849582,143.5771026611328,140900,20230013.764953613
2021-04-29 00:00:00,144.7664894724986,144.7664894724986,141.19843496402268,143.842529296875,98700,14197257.641601562
2021-04-30 00:00:00,141.96511147989497,143.53781144785805,140.36293969826917,142.89891052246094,173000,24721511.520385742
2021-05-03 00:00:00,144.05873267975605,145.63143229351104,140.01887535781825,140.6577911376953,222400,31282292.749023438
2021-05-04 00:00:00,139.7731903923409,143.1053355420466,137.31585576871188,140.4022674560547,107000,15023042.617797852
2021-05-05 00:00:00,140.7069598099233,140.7069598099233,137.36499107122702,138.8590545654297,80600,11192039.797973633
2021-05-06 00:00:00,138.36758539086216,141.26723689508918,137.3748127244621,140.60867309570312,94800,13329702.209472656
2021-05-07 00:00:00,139.8026709312039,143.70491933819707,139.1932567713866,142.56471252441406,72800,10378711.071777344
2021-05-10 00:00:00,142.48604762881126,142.9971622531004,138.03334504813353,138.10215759277344,97400,13451150.149536133
2021-05-11 00:00:00,134.455498275444,137.97440282728928,133.9050577865973,136.0281982421875,92500,12582608.337402344
2021-05-12 00:00:00,134.5832906316721,135.66452378319016,129.6686217581884,130.56309509277344,106500,13904969.627380371
2021-05-13 00:00:00,130.64172560341544,137.07994453210264,130.64172560341544,136.0281982421875,116400,15833682.275390625
2021-05-14 00:00:00,137.04057374924042,140.9231577056605,135.7431094516744,140.50050354003906,101000,14190550.857543945
2021-05-17 00:00:00,139.32098565588058,139.3701203272314,135.90036662160298,138.21026611328125,66900,9246266.802978516
2021-05-18 00:00:00,137.59104611259406,138.37739602075433,133.46272784272392,133.63966369628906,71400,9541871.987915039
2021-05-19 00:00:00,132.14560268397247,132.70586706691992,130.10109888631536,131.62464904785156,72900,9595436.915588379
2021-05-20 00:00:00,131.73275690418015,133.61998749650238,129.96347353688572,130.34681701660156,79600,10375606.634521484
2021-05-21 00:00:00,132.63704350717347,132.90243974094835,130.4254432219228,131.42803955078125,72300,9502247.259521484
2021-05-24 00:00:00,132.02765675407605,133.63966736073687,130.7301771202777,132.58792114257812,76900,10196011.135864258
2021-05-25 00:00:00,125.10778768218066,127.58478455915197,121.01878779680152,125.82532501220703,1041700,131072241.06521606
2021-05-26 00:00:00,127.88125330482531,139.66599844501107,127.88125330482531,139.5774688720703,753100,105115791.80755615
2021-05-27 00:00:00,140.80708408508602,143.55160567871778,138.8200021187771,143.335205078125,345200,49479312.79296875
2021-05-28 00:00:00,143.73852008513185,143.73852008513185,139.96110830587426,141.68258666992188,251200,35590665.771484375
2021-06-01 00:00:00,143.66969831243,148.84396608464186,142.02691756541654,147.5749969482422,343000,50618223.95324707
2021-06-02 00:00:00,146.85686786685534,146.96507568938975,142.01705573278187,143.4434356689453,214000,30696895.233154297
2021-06-03 00:00:00,142.93192755393514,144.37797093706496,139.71521727206436,142.10562133789062,221800,31519026.81274414
2021-06-04 00:00:00,142.79425202813897,143.63039010916313,141.19081222260402,143.0991973876953,137000,19604590.042114258
2021-06-07 00:00:00,143.37457260581007,144.42714099548382,142.25315287845686,142.9122314453125,98400,14062563.57421875
2021-06-08 00:00:00,142.32198007578575,144.88944257004135,141.20056053864533,144.31890869140625,164900,23798188.04321289
2021-06-09 00:00:00,144.85010873364286,144.85010873364286,140.89562278474185,141.03334045410156,112700,15894457.469177246
2021-06-10 00:00:00,142.1646321096026,142.1646321096026,137.21661173297468,137.5904083251953,177700,24449815.559387207
2021-06-11 00:00:00,137.89532752109903,138.87902943810536,137.01000179983336,138.0133819580078,95900,13235483.32977295
2021-06-14 00:00:00,138.7413359324285,139.18401388025535,136.2820807116246,137.03953552246094,135600,18582561.016845703
2021-06-15 00:00:00,137.47236019700642,138.51508195860177,135.58365407994853,136.74441528320312,132300,18091286.141967773
2021-06-16 00:00:00,136.77392203186437,138.31834140557825,134.44255305152342,135.91810607910156,148200,20143063.32092285
2021-06-17 00:00:00,136.1148407174028,136.1148407174028,130.50774232845956,133.5178680419922,161600,21576487.475585938
2021-06-18 00:00:00,130.68482313309485,132.8883061150306,130.232313586389,131.5308074951172,319500,42024092.99468994
2021-06-21 00:00:00,132.64242000281385,136.22309592215944,132.64242000281385,135.859130859375,167800,22797162.158203125
2021-06-22 00:00:00,135.8590826215891,137.20674954646492,133.45884736115246,136.66571044921875,119900,16386218.682861328
2021-06-23 00:00:00,136.6362019183157,138.0527352012004,133.79330373617398,134.4425506591797,209900,28219491.383361816
2021-06-24 00:00:00,135.21966977912427,139.88240717868388,133.46866658782366,139.49876403808594,138900,19376378.324890137
2021-06-25 00:00:00,139.75456619098364,140.48249614705546,137.11823672680953,139.93162536621094,345100,48290403.913879395
2021-06-28 00:00:00,140.1775080001851,140.31522565325503,137.1378730080784,139.1544647216797,238800,33230086.17553711
2021-06-29 00:00:00,140.03001144855332,140.30544685838402,137.24613247552512,137.84619140625,225700,31111885.400390625
2021-06-30 00:00:00,137.5215311405889,140.60050793710943,135.6623351159436,140.29556274414062,559800,78537456.02416992
2021-07-01 00:00:00,141.75145804406355,142.54825422782164,139.3217130088429,140.31524658203125,197100,27656135.10131836
2021-07-02 00:00:00,140.3841235969158,140.84644974268107,137.26577494645846,137.8264923095703,150700,20770452.391052246
2021-07-06 00:00:00,137.5215214959936,137.5215214959936,131.43240464890067,131.7078399658203,288500,37997711.83013916
2021-07-07 00:00:00,131.25537696378066,133.6359494898282,129.92738800366138,131.0586395263672,257400,33734493.814086914
2021-07-08 00:00:00,128.74693074047082,133.1932532556018,127.0943034702531,130.47824096679688,173100,22585783.51135254
2021-07-09 00:00:00,133.2719359595667,135.3869041577524,132.36693196693906,132.7604217529297,274000,36376355.560302734
2021-07-12 00:00:00,131.68817408989904,134.4032010545843,131.42258537299756,133.62606811523438,286400,38270505.908203125
2021-07-13 00:00:00,132.83911686867907,133.70477946705643,131.20618289006072,131.7176971435547,237200,31243437.762451172
2021-07-14 00:00:00,132.5636854577064,134.43272839547274,130.59628131906967,131.43243408203125,204900,26930505.743408203
2021-07-15 00:00:00,130.3405137361021,134.0392278165996,130.3405137361021,131.63900756835938,164800,21694108.447265625
2021-07-16 00:00:00,132.7112241649758,135.01308296056817,132.09148717766266,132.3472442626953,294000,38910089.81323242
2021-07-19 00:00:00,129.08138024132262,130.96025470159933,126.52374898575523,127.71403503417969,205400,26232462.796020508
2021-07-20 00:00:00,128.71743338919265,135.49514065797987,128.71743338919265,134.49176025390625,246400,33138769.7265625
2021-07-21 00:00:00,135.75086696656834,137.71827083564904,134.48189807545543,135.8492431640625,112700,15310209.704589844
2021-07-22 00:00:00,135.52464605678585,136.587046153725,132.8883165547288,134.06875610351562,85400,11449471.771240234
2021-07-23 00:00:00,134.93442422217336,135.54431476146766,133.06539611201768,134.76719665527344,80100,10794852.452087402
2021-07-26 00:00:00,136.15421747654773,136.2329154493513,133.7047937321362,134.86557006835938,80700,10883651.504516602
2021-07-27 00:00:00,133.11456065029935,134.48190581762495,131.0487804647968,132.5636749267578,129400,17153739.53552246
2021-07-28 00:00:00,131.04879587426538,136.72476123357106,129.8191682407132,135.09181213378906,215500,29112285.514831543
2021-07-29 00:00:00,137.09856385755518,143.69921188923684,135.0721398299458,143.62051391601562,577600,82955208.83789062
2021-07-30 00:00:00,142.0367302712238,144.47630701279354,141.1022163792206,144.1910400390625,239300,34504915.881347656
2021-08-02 00:00:00,144.85994884425466,148.07665853662937,141.80063507183553,142.31216430664062,176800,25160790.649414062
2021-08-03 00:00:00,142.6958519095073,144.54521701954462,140.1677448272703,143.85662841796875,143900,20700968.829345703
2021-08-04 00:00:00,142.04658281024712,144.64355585575518,141.41701404194527,141.71212768554688,93100,13193399.087524414
2021-08-05 00:00:00,142.84342061592062,145.18462193268525,141.23998102969165,143.60086059570312,99400,14273925.54321289
2021-08-06 00:00:00,145.89286222934555,146.29618370985477,144.70259104358374,145.16493225097656,96300,13979382.975769043
2021-08-09 00:00:00,144.1615392767664,144.2500688593622,141.64326441558268,142.32200622558594,105700,15043436.058044434
2021-08-10 00:00:00,142.97126144134023,146.60112463841213,141.89902974104234,144.06317138671875,176900,25484775.018310547
2021-08-11 00:00:00,144.26975250614313,144.8304548936834,142.3121799381914,143.69920349121094,85600,12300651.818847656
2021-08-12 00:00:00,144.5058342995608,144.8206261803609,140.36445681224257,140.3939666748047,88600,12438905.447387695
2021-08-13 00:00:00,140.49236273129048,141.45638673470606,138.1019584554487,139.67588806152344,93700,13087630.711364746
2021-08-16 00:00:00,138.98723484725542,141.0333366004777,137.9740230910583,139.49876403808594,90400,12610688.269042969
2021-08-17 00:00:00,137.56089259175087,138.4757433136272,135.91811195128497,136.8624725341797,89200,12208132.550048828
2021-08-18 00:00:00,136.12475041041355,137.65932383729168,134.6000086044381,134.71804809570312,97400,13121537.884521484
2021-08-19 00:00:00,132.9079726944191,135.00326267684054,132.35710199728123,133.74412536621094,101400,13561654.312133789
2021-08-20 00:00:00,134.07880448780296,137.1206769117319,133.24205148604022,136.34298706054688,98700,13457052.822875977
2021-08-23 00:00:00,136.92382087205496,138.5678106352428,135.9492486592026,137.71136474609375,100900,13895076.70288086
2021-08-24 00:00:00,137.81967439559838,139.9755702770282,137.51450466282108,137.78030395507812,64600,8900607.635498047
2021-08-25 00:00:00,137.10103205011805,138.37093515517242,135.00419957545196,137.16009521484375,107700,14772142.254638672
2021-08-26 00:00:00,137.30776942198426,138.34141999080683,136.22490955748407,136.35287475585938,67700,9231089.62097168
2021-08-27 00:00:00,137.16010106451193,141.6293892994554,137.16010106451193,141.0879669189453,137600,19413704.248046875
2021-08-30 00:00:00,141.93455234103598,144.68110965805317,140.64495651295903,144.07077026367188,109000,15703713.958740234
2021-08-31 00:00:00,144.13969516997938,144.93707805923074,142.21022805890382,143.61795043945312,113200,16257551.989746094
2021-09-01 00:00:00,144.110171336162,145.75416152170197,141.80661730524878,145.6458740234375,105500,15365639.709472656
2021-09-02 00:00:00,145.8525678860618,149.4063465447801,145.8525678860618,148.99288940429688,174600,26014158.489990234
2021-09-03 00:00:00,148.21518302155087,148.63849403215482,145.01579837336385,146.74839782714844,89000,13060607.406616211
2021-09-07 00:00:00,146.01006624335423,148.94365141121204,145.02564027899876,147.6638946533203,115800,17099479.000854492
2021-09-08 00:00:00,146.35464324989343,147.81158983886965,145.01582299968092,147.11265563964844,109900,16167680.854797363
2021-09-09 00:00:00,147.27997030091703,149.504767590464,145.85255564546415,148.3825225830078,260500,38653647.132873535
2021-09-10 00:00:00,148.8157082558079,150.49908368300035,147.76238002286672,148.58929443359375,115900,17221499.224853516
2021-09-13 00:00:00,149.05196282580937,150.04622780200694,143.56870211285357,145.78366088867188,199400,29069261.981201172
2021-09-14 00:00:00,146.45309356805197,146.74842443951798,143.0961965387309,143.92311096191406,155500,22380043.754577637
2021-09-15 00:00:00,143.39151382997622,145.7541305356431,142.308639077541,144.07077026367188,120600,17374934.893798828
2021-09-16 00:00:00,144.75986028224122,144.75986028224122,141.0091992634612,143.86402893066406,108600,15623633.541870117
2021-09-17 00:00:00,144.23810843199206,150.51873638961655,142.19050045425467,150.37107849121094,572500,86087442.43621826
2021-09-20 00:00:00,147.49658151433798,150.6073719570924,145.25209094707262,150.49908447265625,192200,28925924.03564453
2021-09-21 00:00:00,151.4244056392056,153.45232067675195,148.31361605678117,152.98963928222656,194300,29725886.91253662
2021-09-22 00:00:00,153.0487069065142,157.60660395881666,152.9305805967667,156.72061157226562,228600,35826331.80541992
2021-09-23 00:00:00,157.33097811905574,158.54181795153931,154.7714643871374,154.89944458007812,220600,34170817.474365234
2021-09-24 00:00:00,153.9544117659089,153.9544117659089,149.76076159015898,149.86904907226562,166300,24923222.860717773
2021-09-27 00:00:00,150.361217905267,153.81654741887155,148.4218976737181,153.5901336669922,329000,50531153.97644043
2021-09-28 00:00:00,152.94048056294847,152.94048056294847,148.98308237242404,150.0462646484375,128300,19250935.75439453
2021-09-29 00:00:00,151.0798606683563,154.20048931156893,148.83537057152736,152.4974365234375,299900,45733981.213378906
2021-09-30 00:00:00,153.9150185395568,153.9445501192907,138.00669000641872,138.361083984375,364100,50377270.67871094
2021-10-01 00:00:00,138.8828690778228,142.74181850663615,138.85333748947923,140.92062377929688,263300,37104400.24108887
2021-10-04 00:00:00,142.62364397361262,144.5629643992049,142.20033298176395,143.7261962890625,209700,30139383.361816406
2021-10-05 00:00:00,143.57859782157138,146.6696961462868,143.37186166628615,144.1987762451172,135500,19538934.18121338
2021-10-06 00:00:00,143.0371263742878,144.00185982082692,139.97556036614043,142.6138153076172,100100,14275642.91229248
2021-10-07 00:00:00,144.35627937051638,145.7738557179733,142.12162734997926,142.69259643554688,281000,40096619.59838867
2021-10-08 00:00:00,142.89928289699452,144.52357980140124,141.88532531065476,144.11012268066406,59000,8502497.23815918
2021-10-11 00:00:00,143.90344531806184,146.06919543569774,143.8739137274718,144.1987762451172,58300,8406788.655090332
2021-10-12 00:00:00,144.25777677689877,145.80333277861777,143.08632247621398,145.24220275878906,108700,15787827.439880371
2021-10-13 00:00:00,145.89196247823094,146.4038683174253,143.45058966393418,144.44485473632812,65700,9490026.956176758
2021-10-14 00:00:00,146.28571531229846,146.85666919594973,144.24794620269228,146.3644561767578,103800,15192630.551147461
2021-10-15 00:00:00,147.5359895029138,150.71569780009884,147.14222492537576,147.23081970214844,211700,31168764.530944824
2021-10-18 00:00:00,145.90178949800247,148.23487439804404,145.90178949800247,147.84109497070312,117300,17341760.440063477
2021-10-19 00:00:00,148.343159257869,149.43587274018338,144.78938072720226,144.8779754638672,143000,20717550.491333008
2021-10-20 00:00:00,144.6220712243674,147.79192510956736,144.6220712243674,146.58106994628906,98500,14438235.389709473
2021-10-21 00:00:00,146.58102919308865,149.80010650249636,145.93131943231157,149.45556640625,95100,14213224.365234375
2021-10-22 00:00:00,149.14056362566205,150.92237257648546,147.27999877929688,147.27999877929688,97100,14300887.881469727
2021-10-25 00:00:00,148.23490593369883,149.09135196099905,146.9649876644408,147.3193817138672,104100,15335947.636413574
2021-10-26 00:00:00,147.76235410638418,148.9633550727628,146.30539275694667,147.84109497070312,91200,13483107.861328125
2021-10-27 00:00:00,146.54166146480148,148.50067469936187,144.1691910944285,144.31686401367188,105800,15268724.212646484
2021-10-28 00:00:00,142.92881999712688,148.6483329200027,132.523429482575,148.2742462158203,421700,62527249.629211426
2021-10-29 00:00:00,147.19138234876752,148.23487152397797,143.64744267715756,145.44894409179688,183300,26660791.452026367
2021-11-01 00:00:00,145.6261786256667,152.59591878903532,144.97646866912368,152.17262268066406,151300,23023717.811584473
2021-11-02 00:00:00,151.75914617356426,153.06843481844868,149.12087615392795,149.63278198242188,93300,13960738.558959961
2021-11-03 00:00:00,148.68770200780668,156.19887747631017,145.00595824324367,155.03726196289062,210600,32650847.369384766
2021-11-04 00:00:00,156.07094131855763,160.36304065136727,156.07094131855763,159.46722412109375,166900,26615079.705810547
2021-11-05 00:00:00,161.56402452012173,164.38933795268787,160.65835421090796,162.94223022460938,143500,23382210.037231445
2021-11-08 00:00:00,164.9307604591574,166.24004911976567,163.5624086293889,165.70846557617188,85100,14101790.420532227
2021-11-09 00:00:00,165.02919951269357,167.97263911464987,164.80278570366644,167.49026489257812,92900,15559845.608520508
2021-11-10 00:00:00,166.43694671325275,169.19332808728575,166.0234744859959,168.8094024658203,152000,25659029.174804688
2021-11-11 00:00:00,169.24256427534448,169.86275763858777,163.7789954164591,164.458251953125,86700,14258530.444335938
2021-11-12 00:00:00,164.59604481761556,165.99392811021517,162.1448333840443,162.4696807861328,106000,17221786.163330078
2021-11-15 00:00:00,163.58208335101912,165.30482902724663,162.03654218391597,164.5074462890625,102100,16796210.26611328
2021-11-16 00:00:00,165.00950509157678,166.28926208022318,163.0997159729869,165.19654846191406,67900,11216845.640563965
2021-11-17 00:00:00,165.12765620748735,166.6338270919035,162.65673683177258,166.4664764404297,106100,17662093.15032959
2021-11-18 00:00:00,166.58461697029708,167.60841369628906,163.86760583423325,167.60841369628906,307700,51573108.894348145
2021-11-19 00:00:00,166.21053235801946,170.92594273186023,166.21053235801946,170.90625,115400,19722581.25
2021-11-22 00:00:00,172.54037903856496,174.79470835877717,168.98659996367408,169.31146240234375,204700,34658056.353759766
2021-11-23 00:00:00,169.09485169975108,170.35491572942735,167.14567747975187,169.1046905517578,146300,24740016.227722168
2021-11-24 00:00:00,167.7461910931256,169.12439656087514,166.63379988306582,167.0964813232422,50500,8438372.30682373
2021-11-26 00:00:00,161.48525950739247,162.10545279046852,158.4926106119759,160.81585693359375,95200,15309669.580078125
2021-11-29 00:00:00,163.6018069564908,164.05463463643417,160.31382676466413,161.17027282714844,103900,16745591.346740723
2021-11-30 00:00:00,159.93971171218976,160.92413782476746,153.54094198043475,155.3129119873047,135800,21091493.447875977
2021-12-01 00:00:00,159.73295951990568,160.53035720849098,151.78864940310154,151.97569274902344,164900,25060791.734313965
2021-12-02 00:00:00,155.42119568236737,160.69772011836167,155.0077385276736,159.78219604492188,122900,19637231.8939209
2021-12-03 00:00:00,159.73297022287156,160.0381549252267,153.6098388078083,155.10617065429688,130300,20210334.036254883
2021-12-06 00:00:00,157.81334942711618,160.94383231029332,156.70094310098884,158.51229858398438,149900,23760993.557739258
2021-12-07 00:00:00,160.9733663251393,161.95779246334388,158.87653384399522,159.66407775878906,145200,23183224.090576172
2021-12-08 00:00:00,160.7272998260062,160.94387483204977,158.52217931954215,159.35894775390625,124000,19760509.521484375
2021-12-09 00:00:00,158.04957853576846,159.59511936123744,155.29318305886196,155.96258544921875,215500,33609937.16430664
2021-12-10 00:00:00,157.92291886171594,160.71059176225313,155.47014367772445,159.5679473876953,122700,19578987.144470215
2021-12-13 00:00:00,158.4745012988292,158.96702521879757,155.14503479003906,155.14503479003906,102000,15824793.548583984
2021-12-14 00:00:00,154.24866326332224,156.63247762815584,152.77109125804722,154.27821350097656,119700,18467102.156066895
2021-12-15 00:00:00,154.27818152079035,155.9626198711196,151.20483719669383,155.3617401123047,241300,37488787.88909912
2021-12-16 00:00:00,156.43542970789804,156.94765874298983,148.8111697943957,150.7320098876953,142300,21449165.007019043
2021-12-17 00:00:00,148.57472257888483,153.01728158273602,148.23981002192207,148.32846069335938,355300,52701102.084350586
2021-12-20 00:00:00,146.30915089528818,146.30915089528818,142.3197042347082,145.10739135742188,131000,19009068.267822266
2021-12-21 00:00:00,145.8658819297745,149.99323467049723,145.8658819297745,149.71742248535156,121900,18250553.800964355
2021-12-22 00:00:00,148.61417275956634,151.441270470452,148.49597182065762,150.40696716308594,132100,19868760.362243652
2021-12-23 00:00:00,151.30334547303886,152.25884302494913,149.98337002060518,150.71231079101562,86100,12976329.959106445
2021-12-27 00:00:00,149.9833778058293,152.36719176062388,148.24969902887975,151.56930541992188,64700,9806534.060668945
2021-12-28 00:00:00,151.8353099675916,152.37708941599854,150.11147583306825,151.15562438964844,83500,12621494.636535645
2021-12-29 00:00:00,151.32306538161575,152.39677909958098,149.57954128479298,151.30337524414062,58100,8790726.10168457
2021-12-30 00:00:00,151.02755947824085,153.76599158711653,150.9585989067741,151.55947875976562,81500,12352097.518920898
2021-12-31 00:00:00,150.81084814916974,153.52957509802138,148.6141803841618,151.2639617919922,111600,16881058.135986328
2022-01-03 00:00:00,151.36248335634062,155.2337148857016,151.36248335634062,153.9728546142578,106200,16351917.16003418
2022-01-04 00:00:00,154.0614869948301,160.83862142029128,154.0614869948301,159.86341857910156,196900,31477107.118225098
2022-01-05 00:00:00,159.01625825949083,160.24756800267824,155.78530269581793,155.95277404785156,133800,20866481.16760254
2022-01-06 00:00:00,156.66199617334433,156.94766845373138,152.25884631656336,152.6134490966797,78900,12041201.133728027
2022-01-07 00:00:00,152.09138217660063,152.6134563351606,147.72762741153565,147.8359832763672,85100,12580842.176818848
2022-01-10 00:00:00,146.998684631569,146.998684631569,142.33941256718688,144.9497833251953,184300,26714245.066833496
2022-01-11 00:00:00,145.34380537140058,150.60395699705734,142.68417932712978,149.333251953125,94300,14082125.659179688
2022-01-12 00:00:00,149.64850719545805,151.1753347733916,148.1413847883209,148.15122985839844,108100,16015147.947692871
2022-01-13 00:00:00,149.4317245203315,151.95344408291672,148.02311360476014,148.2792205810547,60300,8941237.001037598
2022-01-14 00:00:00,146.42737932539234,147.2646761384353,145.26502989900672,147.12677001953125,80200,11799566.955566406
2022-01-18 00:00:00,145.28469669291712,146.59481199177893,144.05338701699088,144.3094940185547,118400,17086244.091796875
2022-01-19 00:00:00,144.30955346306766,145.15669547028816,141.5711208182335,141.76812744140625,73200,10377426.928710938
2022-01-20 00:00:00,141.6006389816676,143.43282872032552,136.4980979534173,136.97091674804688,199200,27284606.616210938
2022-01-21 00:00:00,137.17777398445367,139.65025399242018,135.13873251596368,135.38499450683594,287300,38896108.921813965
2022-01-24 00:00:00,133.52324614979784,139.62069506933898,132.9026611616055,138.79324340820312,222400,30867617.333984375
2022-01-25 00:00:00,137.7392346861259,137.7392346861259,133.08980790114504,134.72499084472656,160600,21636833.529663086
2022-01-26 00:00:00,136.74438413552753,138.85238646335068,129.8194821806026,131.7994384765625,185000,24382896.118164062
2022-01-27 00:00:00,131.95700706034447,133.83843689455202,128.46992950626742,129.63229370117188,116600,15115125.44555664
2022-01-28 00:00:00,130.32183872499903,130.5681006972569,126.45059270517338,130.1248321533203,160200,20845998.110961914
2022-01-31 00:00:00,129.19888041128092,133.73009153088313,129.1299198466491,132.98146057128906,170500,22673339.027404785
2022-02-01 00:00:00,133.00119533705683,134.51816275955366,131.0507893258799,133.57252502441406,134100,17912075.605773926
2022-02-02 00:00:00,133.5922039603691,134.82351395124593,130.95228255463613,132.92237854003906,121700,16176653.468322754
2022-02-03 00:00:00,131.68117952543037,133.35577276970469,129.32691594122102,129.8292999267578,100800,13086793.432617188
2022-02-04 00:00:00,128.78516023440508,129.80960337628886,126.3225406301643,128.0857696533203,176300,22581521.18988037
2022-02-07 00:00:00,127.79026990558786,133.74981317526854,127.79026990558786,132.34120178222656,166300,22008341.856384277
2022-02-08 00:00:00,132.3904592413676,135.81843746731778,132.36090900068194,134.73487854003906,214900,28954525.398254395
2022-02-09 00:00:00,136.42913647183022,138.00521915090815,135.39483315310022,135.60169982910156,123700,16773930.268859863
2022-02-10 00:00:00,132.95192271014622,135.85781114987827,129.6323159360362,130.9325714111328,136200,17833016.22619629
2022-02-11 00:00:00,130.9522602741471,133.17846294785144,128.16457312542806,129.56333923339844,123100,15949247.059631348
2022-02-14 00:00:00,130.07556404237877,131.97669906773356,128.1251736212578,130.4104766845703,242200,31585417.45300293
2022-02-15 00:00:00,132.22300116804027,133.36566056200576,131.01139622357468,132.19345092773438,97800,12928519.500732422
2022-02-16 00:00:00,132.38058925463827,134.2521742887862,130.59765492586146,133.34593200683594,97200,12961224.591064453
2022-02-17 00:00:00,131.79939154828767,132.5874327519763,129.86869135078226,130.43017578125,140200,18286310.64453125
2022-02-18 00:00:00,129.24815931021638,131.86837566052418,128.82458083915355,129.5239715576172,136900,17731831.706237793
2022-02-22 00:00:00,128.4206873704459,131.67134838220994,126.32254560582338,126.79536437988281,226200,28681111.422729492
2022-02-23 00:00:00,118.20575338858131,118.20575338858131,101.80470360285177,102.21842193603516,931300,95196016.34902954
2022-02-24 00:00:00,101.6470972286044,103.57779024918547,97.0961731345295,102.98676300048828,769300,79227716.77627563
2022-02-25 00:00:00,104.50372071521255,109.83283308479638,102.8291424097332,109.29105377197266,348400,38077003.13415527
2022-02-28 00:00:00,107.42934152169376,113.09336799865991,107.42934152169376,111.6749038696289,353900,39521748.47946167
2022-03-01 00:00:00,109.91164605627941,111.2513117962712,104.97655399227024,106.57233428955078,352900,37609376.77078247
2022-03-02 00:00:00,108.23706060001005,111.42862120861805,106.29652254891843,111.20205688476562,205800,22885383.306884766
2022-03-03 00:00:00,111.72415210088748,111.72415210088748,109.20243140584572,110.57164764404297,175000,19350038.33770752
2022-03-04 00:00:00,108.23497597777241,108.98428198863633,107.30820295175704,107.72229766845703,302200,32553678.355407715
2022-03-07 00:00:00,107.25890712028554,108.70821976916152,104.91240558335562,105.59268951416016,276700,29217497.188568115
2022-03-08 00:00:00,106.5293291137663,109.44766976846473,104.83353484313965,106.57862091064453,284100,30278986.20071411
2022-03-09 00:00:00,109.0335738755407,109.77301851894953,106.58848113366663,107.34764099121094,232800,24990530.822753906
2022-03-10 00:00:00,105.13917114787337,106.78566612448924,103.85746405734623,106.5391845703125,167000,17792043.823242188
2022-03-11 00:00:00,107.18004707287358,108.1462581556839,105.68144240792573,106.78567504882812,177900,18997171.591186523
2022-03-14 00:00:00,107.3575015875273,108.99414266374306,103.8574606250783,105.0504379272461,251500,26420185.138702393
2022-03-15 00:00:00,106.31242747972743,108.53076150335255,105.4053771509078,108.44202423095703,156400,16960332.58972168
2022-03-16 00:00:00,110.25612244572123,113.0068572890487,109.8025973223008,112.67163848876953,176400,19875277.029418945
2022-03-17 00:00:00,111.13360595703125,112.29699921044168,110.0293658704318,111.13360595703125,155000,17225708.923339844
2022-03-18 00:00:00,111.33078460828004,115.90548157080237,109.57583717722879,115.66886138916016,355600,41131847.10998535
2022-03-21 00:00:00,114.47588927955438,115.09702006458228,110.98570970221226,112.57305145263672,189000,21276306.72454834
2022-03-22 00:00:00,112.87868211964921,115.90547508082845,112.19839819526699,115.36322021484375,260200,30017509.899902344
2022-03-23 00:00:00,114.33785045631726,114.85052871609898,111.96176495647295,113.73643493652344,257700,29309879.28314209
2022-03-24 00:00:00,114.53504880063258,117.69001726270359,113.36180169712443,116.03366088867188,329700,38256297.99499512
2022-03-25 00:00:00,115.16603934620143,115.54069612387819,112.18854547161831,113.75616455078125,320300,36436099.505615234
2022-03-28 00:00:00,113.47023578384187,113.71671731871548,111.17303359555473,113.33220672607422,217500,24649754.962921143
2022-03-29 00:00:00,115.98434330320148,117.85760435724342,114.3477099239149,116.66463470458984,213000,24849567.192077637
2022-03-30 00:00:00,116.85197848540794,117.66043772782766,113.54912697754766,116.2012710571289,414600,48177046.980285645
2022-03-31 00:00:00,115.21534667243353,118.43932232604325,114.15054447560036,116.80268859863281,334300,39047138.79852295
2022-04-01 00:00:00,118.18297657174608,120.39144915862258,117.10831309984219,119.55341339111328,434000,51886181.411743164
2022-04-04 00:00:00,119.63229300067877,119.67173095511332,115.48154420220573,118.7252426147461,430700,51134961.99417114
2022-04-05 00:00:00,118.14354431388588,118.59706948613251,113.58856233207275,113.76602935791016,303200,34493860.10131836
2022-04-06 00:00:00,112.3660188710579,113.10546357800403,109.0730211980071,110.6406478881836,228400,25270323.977661133
2022-04-07 00:00:00,110.52234144217239,110.96601280931864,109.03359055947367,109.53641510009766,220500,24152779.529571533
2022-04-08 00:00:00,109.42793625556509,109.7532936754039,106.71663946761339,106.83495330810547,300700,32125270.459747314
2022-04-11 00:00:00,106.72652571736265,109.40824655092042,106.11524868200077,107.06173706054688,254500,27247212.08190918
2022-04-12 00:00:00,107.94905904172487,110.23640755683735,106.5293304088406,106.82510375976562,230500,24623186.416625977
2022-04-13 00:00:00,107.40679507005359,108.71807110696119,106.35185441123711,107.88003540039062,178600,19267374.322509766
2022-04-14 00:00:00,107.98848966654143,108.79694880611945,106.52932318145892,107.46595001220703,450000,48359677.505493164
2022-04-18 00:00:00,106.65749896663473,108.2744173684952,106.1842510705199,106.80538940429688,353800,37787746.771240234
2022-04-19 00:00:00,107.1504559827593,111.14345996241377,107.00256555350919,110.38429260253906,214300,23655353.90472412
2022-04-20 00:00:00,111.68571742738084,112.67164361585986,109.90119343328016,109.95048522949219,190100,20901587.242126465
2022-04-21 00:00:00,111.46881615143502,111.64628317211529,108.0476509606667,109.122314453125,202800,22130005.37109375
2022-04-22 00:00:00,108.45188492091737,108.45188492091737,105.43495307470921,105.68143463134766,326100,34462715.83328247
2022-04-25 00:00:00,104.79411214447646,107.21949005126953,103.62085738652387,107.21949005126953,244900,26258053.11355591
2022-04-26 00:00:00,105.47439197681798,105.87861782189694,101.02786254882812,101.02786254882812,182100,18397173.7701416
2022-04-27 00:00:00,112.1984158398737,115.36323835715845,108.58006060565106,112.14911651611328,366500,41102651.20315552
2022-04-28 00:00:00,113.54913110835889,117.74917928739198,111.9617891504197,117.20691680908203,236400,27707715.133666992
2022-04-29 00:00:00,116.26041917369287,118.23227163263076,115.38294543122713,116.23084259033203,536700,62381093.2182312
2022-05-02 00:00:00,115.48152064988035,118.86324745223195,115.37306817780926,118.4787368774414,155000,18364204.216003418
2022-05-03 00:00:00,117.92663958813024,120.05623638072242,116.15196932595312,119.59285736083984,185100,22136637.897491455
2022-05-04 00:00:00,119.30693995416523,124.9661546337818,118.24213777803625,124.16755676269531,191000,23716003.341674805
2022-05-05 00:00:00,121.87033731545334,122.64921991054631,117.41394671087329,118.4688949584961,139000,16467176.399230957
2022-05-06 00:00:00,117.7688837296839,119.51397734785134,114.91955756146443,118.30128479003906,254600,30119507.107543945
2022-05-09 00:00:00,116.34916507669845,117.71960203555912,114.19984543613657,115.83647918701172,273500,31681277.057647705
2022-05-10 00:00:00,118.01536592426163,118.70551879380746,109.37865762371104,111.1533203125,208400,23164351.953125
2022-05-11 00:00:00,111.21249533900047,113.19420188753965,106.71666606599707,107.02230834960938,177300,18975055.270385742
2022-05-12 00:00:00,106.71664965644227,112.11952853578266,106.66735785971217,111.96177673339844,182900,20477808.964538574
2022-05-13 00:00:00,113.55896625507683,115.48151910328156,113.08571842673925,114.61390686035156,129800,14876885.110473633
2022-05-16 00:00:00,113.31249372276011,116.11252040296017,111.90261901490736,115.41251373291016,152900,17646573.349761963
2022-05-17 00:00:00,117.95618844868525,118.69563296379587,116.4181462643011,117.85759735107422,340500,40130511.89804077
2022-05-18 00:00:00,115.24491103001615,117.97593077164852,113.56883952625653,114.22940826416016,167000,19076311.180114746
2022-05-19 00:00:00,113.2434890093001,116.36887339809408,113.2434890093001,113.41109466552734,148500,16841547.55783081
2022-05-20 00:00:00,114.83082350272763,114.84068487070302,110.4533088521124,112.19840240478516,211500,23729962.10861206
2022-05-23 00:00:00,113.79561973720419,115.09704224377514,111.31108859630375,111.86320495605469,132700,14844247.297668457
2022-05-24 00:00:00,110.9364073135844,112.16881500358699,108.60962851511754,111.35050201416016,170700,19007530.69381714
2022-05-25 00:00:00,111.5972172272507,116.07729048561607,111.54788174055413,114.7549819946289,246000,28229725.57067871
2022-05-26 00:00:00,116.32397780472672,119.61002351316495,116.2154292056838,118.36665344238281,176400,20879877.667236328
2022-05-27 00:00:00,119.03769156261279,122.43228626474564,118.72191583650884,121.92901611328125,115800,14119380.065917969
2022-05-31 00:00:00,120.43894156749558,120.89286865861092,118.63309578226163,120.14289855957031,150800,18117549.102783203
2022-06-01 00:00:00,121.10010213302581,121.19878063130444,117.80418608397424,119.67910766601562,116100,13894744.400024414
2022-06-02 00:00:00,120.172511533508,124.06050622539524,119.90607882675695,123.85327911376953,143800,17810101.53656006
2022-06-03 00:00:00,122.28425042840641,123.98154758074234,121.3665261555125,122.71844482421875,141200,17327844.409179688
2022-06-06 00:00:00,124.14929349138086,124.5933579653148,122.28424227544141,123.4684066772461,137200,16939865.396118164
2022-06-07 00:00:00,122.03753191040853,123.74469891132075,119.54092957085041,123.06380462646484,148700,18299587.747955322
2022-06-08 00:00:00,122.41254731922973,124.08023425840958,120.45867993785014,121.1494369506836,100400,12163403.469848633
2022-06-09 00:00:00,119.95539821947406,121.41586544234936,119.02781139598177,120.28104400634766,79400,9550314.894104004
2022-06-10 00:00:00,118.44559280962854,119.08701426128958,114.77469591452065,115.00166320800781,117500,13512695.426940918
2022-06-13 00:00:00,112.31757393652984,114.57734680451517,110.87684686257799,112.61361694335938,145400,16374019.903564453
2022-06-14 00:00:00,113.06752584489249,113.85696118830631,109.87028898870811,110.54131317138672,129400,14304045.924377441
2022-06-15 00:00:00,112.25838320842283,114.05435911686315,110.91633444951276,112.31758880615234,207100,23260972.64175415
2022-06-16 00:00:00,109.88017267446921,109.88017267446921,103.89029729286987,104.80802154541016,139700,14641680.609893799
2022-06-17 00:00:00,104.53172942295791,108.63681370918046,104.06793219564308,105.50865936279297,399500,42150709.41543579
2022-06-21 00:00:00,107.22568451322522,108.28156014215709,105.98231448752964,106.73228454589844,113200,12082094.610595703
2022-06-22 00:00:00,105.42972054730102,107.49213670011287,105.21263084635692,106.35731506347656,113100,12029012.3336792
2022-06-23 00:00:00,105.9231013413618,108.14340119369126,104.31462015866786,105.4889144897461,131900,13913987.82119751
2022-06-24 00:00:00,106.69281352379363,114.59707571889865,106.63360040716526,114.00499725341797,446800,50937432.77282715
2022-06-27 00:00:00,114.13329149883727,114.15302418619532,111.60707838187432,112.13008117675781,166200,18636019.49157715
2022-06-28 00:00:00,113.34385747122232,113.66950330358821,110.94593298244213,111.15316009521484,163200,18140195.727539062
2022-06-29 00:00:00,111.66628292682046,111.66628292682046,107.16647015737134,108.23221588134766,158500,17154806.217193604
2022-06-30 00:00:00,106.59412674637775,109.6532125988295,104.52184836761303,108.96244812011719,499600,54437639.08081055
2022-07-01 00:00:00,110.02819050967712,111.38010910339648,107.71908232261544,109.92951202392578,195300,21469233.698272705
2022-07-05 00:00:00,106.97898223031817,109.14993902842234,104.93629918194904,108.58746337890625,234500,25463760.162353516
2022-07-06 00:00:00,107.56118286336132,109.70253671531624,106.22900458134116,107.34408569335938,86000,9231591.369628906
2022-07-07 00:00:00,107.462521428339,111.52813260705143,107.462521428339,110.16635131835938,231500,25503510.330200195
2022-07-08 00:00:00,109.95912027051976,110.80776884170687,108.6466745117436,109.39664459228516,136100,14888883.32901001
2022-07-11 00:00:00,108.59734143771688,109.69269002413836,107.98552273625602,109.50519561767578,142300,15582589.336395264
2022-07-12 00:00:00,109.50520016819725,110.60054880013627,107.12700849006524,107.4625244140625,109800,11799385.180664062
2022-07-13 00:00:00,105.36061922196876,105.41983233390798,102.40021960031687,103.4659652709961,196300,20310368.982696533
2022-07-14 00:00:00,101.10752844027013,103.36730137374475,100.92990413676206,102.8739013671875,88100,9063190.710449219
2022-07-15 00:00:00,105.12379604111786,106.82109313665494,103.79161763244875,105.06459045410156,234200,24606127.084350586
2022-07-18 00:00:00,106.28821534052601,107.76841517680818,104.3047454518759,104.84748840332031,93800,9834694.412231445
2022-07-19 00:00:00,106.59412185209837,109.7913589477539,106.54478637432523,109.7913589477539,426900,46869931.13479614
2022-07-20 00:00:00,110.45253235468742,112.5346811088002,110.42292955711879,112.0018081665039,251800,28202055.296325684
2022-07-21 00:00:00,112.2287726802524,112.95900260714531,110.87685390526626,112.93926239013672,149800,16918301.50604248
2022-07-22 00:00:00,113.92605942437089,113.92605942437089,110.17622386140782,111.61695098876953,102200,11407252.391052246
2022-07-25 00:00:00,111.20249771528896,112.34718183440403,110.03807337952254,111.06434631347656,95000,10551112.899780273
2022-07-26 00:00:00,110.13675425554297,112.11035435684659,110.07754866168368,111.89325714111328,95900,10730563.359832764
2022-07-27 00:00:00,113.25503150535052,116.21543147445321,111.33077453690834,115.79110717773438,159800,18503418.927001953
2022-07-28 00:00:00,110.41303904069137,110.69921191210635,105.3408882106424,107.1368637084961,302800,32441042.330932617
2022-07-29 00:00:00,107.1763499834655,111.3998528333035,107.12700697135502,110.82750701904297,180800,20037613.26904297
2022-08-01 00:00:00,109.14995027679431,112.54454473805141,109.09074468506572,110.40318298339844,186200,20557072.67150879
2022-08-02 00:00:00,109.22889134242767,112.24849684846838,108.54799695236503,109.56439971923828,93000,10189489.17388916
2022-08-03 00:00:00,110.79790105693193,113.23529822327771,109.45585247569447,112.61361694335938,176800,19910087.475585938
2022-08-04 00:00:00,112.62348050965599,114.22209920891129,111.12354783266642,114.12342071533203,203600,23235528.4576416
2022-08-05 00:00:00,112.80111730947038,113.86686322707305,110.82751710443758,111.65643310546875,91900,10261226.202392578
2022-08-08 00:00:00,111.31104991984313,115.11022864989667,111.31104991984313,112.25837707519531,103300,11596290.351867676
2022-08-09 00:00:00,111.38012305228786,112.47547169728304,109.24863135542583,109.98873138427734,107200,11790792.004394531
2022-08-10 00:00:00,112.07087492266295,114.98193189102672,112.0116693322527,114.12342071533203,175300,20005835.651397705
2022-08-11 00:00:00,116.11675288523529,117.50814448333288,115.53454450556251,115.69242858886719,79800,9232255.801391602
2022-08-12 00:00:00,116.28451058609947,119.47187795902012,115.40625917177965,119.37319946289062,100900,12044755.825805664
2022-08-15 00:00:00,118.24823804394084,120.54748369988117,117.53774088599482,119.88632202148438,90400,10837723.510742188
2022-08-16 00:00:00,119.49158192624682,120.24155186820715,118.10019814926913,119.61000061035156,201500,24101415.12298584
2022-08-17 00:00:00,118.39626447410784,119.51134573704695,117.27130557468678,117.61669158935547,76800,9032961.9140625
2022-08-18 00:00:00,117.38972414059857,120.59682405984145,116.84698867147695,120.10342407226562,90700,10893380.563354492
2022-08-19 00:00:00,119.2936037857783,119.2936037857783,116.05423900533661,116.68630981445312,114200,13325576.580810547
2022-08-22 00:00:00,114.82957530867085,115.14561065842986,110.42482932489605,111.05690002441406,207400,23033201.065063477
2022-08-23 00:00:00,110.25694659597845,112.65684282798094,110.16806517825282,111.06678771972656,67200,7463688.134765625
2022-08-24 00:00:00,110.96802084594492,112.02476477434848,110.02979300166338,110.81987762451172,52800,5851289.538574219
2022-08-25 00:00:00,110.90876434250178,113.2691550093041,110.90876434250178,111.6791000366211,115000,12843096.504211426
2022-08-26 00:00:00,112.41980682117673,112.41980682117673,106.23735738311314,106.31636810302734,75200,7994990.881347656
2022-08-29 00:00:00,104.84482208569727,106.87929900805273,104.35101642222253,105.862060546875,94800,10035723.33984375
2022-08-30 00:00:00,105.83243901887565,106.28673934915274,102.62270203626144,103.61031341552734,145200,15044217.50793457
2022-08-31 00:00:00,103.8769785809689,103.8769785809689,101.8721284278544,101.98076629638672,95800,9769757.411193848
2022-09-01 00:00:00,101.2499151863272,101.2499151863272,98.61299461467944,99.08705139160156,218100,21610885.9085083
2022-09-02 00:00:00,100.67711333940753,103.14614195742418,98.3364714969719,99.16606903076172,133200,13208920.394897461
2022-09-06 00:00:00,98.94879612165091,99.0080503990082,95.48227773357577,97.43775177001953,197700,19263443.52493286
2022-09-07 00:00:00,97.91180480289918,98.81053489653362,95.60079747905843,98.66239166259766,170800,16851536.49597168
2022-09-08 00:00:00,97.67476139453872,98.6919998520949,96.04520120389832,98.64261627197266,125600,12389512.603759766
2022-09-09 00:00:00,99.73888401495738,101.47708237761468,99.68950796051784,101.35856628417969,109400,11088627.151489258
2022-09-12 00:00:00,102.50418054225239,103.23501081452928,101.34867709793424,102.75108337402344,91900,9442824.562072754
2022-09-13 00:00:00,99.74876005921182,100.67711726696336,97.21059884226857,97.5266342163086,134900,13156342.95578003
2022-09-14 00:00:00,97.18097126072632,97.47725018417093,95.15636471023879,95.94645690917969,122000,11705467.742919922
2022-09-15 00:00:00,95.23537122404377,96.5291397960695,92.07501763784458,92.10464477539062,199600,18384087.09716797
2022-09-16 00:00:00,90.50470411910939,92.14414258786191,89.11217602439194,90.23805236816406,359100,32404484.605407715
2022-09-19 00:00:00,88.66774245599055,92.02562242642473,88.66774245599055,91.50218963623047,158300,14484796.619415283
2022-09-20 00:00:00,90.08990621085808,91.70958817996728,89.28006522630348,91.17627716064453,190500,17369080.799102783
2022-09-21 00:00:00,92.05526523146676,92.4799384696533,89.36896079781023,89.6356201171875,150300,13472233.703613281
2022-09-22 00:00:00,88.9739006041098,88.98377882711983,84.90494676964413,84.9543228149414,170700,14501702.904510498
2022-09-23 00:00:00,83.75932034715701,84.44077462370191,80.96438581418896,82.20877075195312,210300,17288504.489135742
2022-09-26 00:00:00,81.93223902643072,83.89758355916672,80.57920872582125,81.36930084228516,172100,14003656.674957275
2022-09-27 00:00:00,83.13712092801696,84.85556250903706,82.33715817277727,84.61853790283203,257900,21823120.92514038
2022-09-28 00:00:00,84.97408140908738,88.37146686228489,84.72717857173004,87.62088012695312,189800,16630443.048095703
2022-09-29 00:00:00,86.07033071696881,86.14934143339198,84.22349477867958,85.3395004272461,180700,15420847.72720337
2022-09-30 00:00:00,85.8431785952281,87.82827956154253,84.92469971841486,84.93457794189453,212400,18040104.3548584
2022-10-03 00:00:00,86.19872086617542,89.89238535297686,85.42838518797973,88.67762756347656,173500,15385568.382263184
2022-10-04 00:00:00,90.94912892645895,93.2897706240009,90.94912892645895,92.61819458007812,210400,19486868.139648438
2022-10-05 00:00:00,91.11703354358572,94.11937322469288,90.63309851298335,92.89472961425781,142900,13274656.861877441
2022-10-06 00:00:00,92.09477396600825,93.98111558033759,92.09477396600825,92.93424224853516,88100,8187506.742095947
2022-10-07 00:00:00,91.93674872755176,93.17126307313524,89.10230861241374,89.88252258300781,172000,15459793.884277344
2022-10-10 00:00:00,90.99851410442723,91.19603337115194,89.21093987547432,90.38619232177734,127000,11479046.424865723
2022-10-11 00:00:00,89.25045418268998,91.67997757436089,88.71714306721913,90.64298248291016,172900,15672171.671295166
2022-10-12 00:00:00,90.72198456619729,91.14665777314718,88.80601602299863,89.72449493408203,88200,7913700.453186035
2022-10-13 00:00:00,87.8776710869032,92.97374230589026,86.47525708622672,92.28241729736328,143400,13233298.640441895
2022-10-14 00:00:00,92.90462213192197,94.18852021511236,89.93190913107186,89.98129272460938,89700,8071321.957397461
2022-10-17 00:00:00,92.27253490230252,94.48478236447349,92.22315131754952,93.75395202636719,158700,14878752.186584473
2022-10-18 00:00:00,96.1439761914761,97.80316378134987,94.65268074504203,95.94645690917969,218100,20925922.25189209
2022-10-19 00:00:00,94.53416884769842,95.93657529310772,92.88485954070818,93.85271453857422,268800,25227609.66796875
2022-10-20 00:00:00,93.4379125448215,94.3267642869499,89.63561026808668,89.87263488769531,149700,13453933.442687988
2022-10-21 00:00:00,90.65285256215468,92.7367132477242,89.42821651900731,92.34166717529297,170900,15781190.920257568
2022-10-24 00:00:00,93.50706565851799,95.33414559335343,92.2923000872646,94.42554473876953,120300,11359393.032073975
2022-10-25 00:00:00,94.12924464050107,96.78592184516692,94.12924464050107,95.67979431152344,136300,13041155.964660645
2022-10-26 00:00:00,97.1612080617739,97.1612080617739,92.5391863492804,92.96385955810547,283200,26327365.02685547
2022-10-27 00:00:00,82.95934919665345,91.59106984853989,82.95934919665345,87.68013000488281,517800,45400771.31652832
2022-10-28 00:00:00,88.8159067906998,91.59109282872089,88.8159067906998,91.41332244873047,336200,30733159.007263184
2022-10-31 00:00:00,90.8602597708538,91.24542766057046,88.90478564739567,90.0701675415039,515800,46458192.417907715
2022-11-01 00:00:00,91.35407134877838,94.55393076517504,91.15655204629995,91.88738250732422,363500,33401063.541412354
2022-11-02 00:00:00,90.80098723804005,92.63794489736699,87.6801318478282,87.69001007080078,231400,20291468.3303833
2022-11-03 00:00:00,86.54438088617474,88.8158900313257,85.85305594715142,87.50236511230469,203400,17797981.063842773
2022-11-04 00:00:00,88.92453685979223,90.45533010353911,87.29497644203539,89.41834259033203,129400,11570733.531188965
2022-11-07 00:00:00,90.50470619938615,91.67996615195432,88.65787020747572,91.24541473388672,168800,15402226.007080078
2022-11-08 00:00:00,92.20340482584767,93.28977590504789,90.0010279948909,91.23554229736328,252500,23036974.43008423
2022-11-09 00:00:00,89.84300308921672,90.25779803572303,86.30735275118366,87.06781768798828,188100,16377456.507110596
2022-11-10 00:00:00,90.96889169493727,95.03785360084507,90.82074846975722,93.3589096069336,372100,34738850.26473999
2022-11-11 00:00:00,94.17862520433995,95.53165555641043,93.26014628633999,93.96134948730469,144500,13577415.000915527
2022-11-14 00:00:00,93.12187606498883,94.27737954814604,90.37631768899062,90.40594482421875,180900,16354435.418701172
2022-11-15 00:00:00,91.84786051993309,92.44042585502177,89.88251593685278,91.00839233398438,594100,54068085.88562012
2022-11-16 00:00:00,90.47509173480923,90.94914104375013,88.79615516875349,89.28008270263672,168600,15052621.94366455
2022-11-17 00:00:00,87.38387751951599,90.72200200870128,87.30486678329328,90.31707763671875,227900,20583261.993408203
2022-11-18 00:00:00,92.05525683780661,92.05525683780661,89.54672300083885,91.12689971923828,162400,14799008.514404297
2022-11-21 00:00:00,90.43558600541114,91.79848718172038,88.82578195068429,89.31958770751953,176100,15729179.39529419
2022-11-22 00:00:00,89.77387878153061,91.40343911692206,89.2010623546866,90.92938232421875,98500,8956544.158935547
2022-11-23 00:00:00,90.54419708251953,91.31453262965842,89.91212650359144,90.54419708251953,101700,9208344.843292236
2022-11-25 00:00:00,90.3466941125266,91.88736548409008,90.3466941125266,90.63309478759766,66200,5999910.874938965
2022-11-28 00:00:00,88.71713196344996,90.34669224539896,86.22834706941374,86.30735778808594,207900,17943299.684143066
2022-11-29 00:00:00,85.99131206273645,88.68749411650015,85.8629253115576,87.6603775024414,198000,17356754.7454834
2022-11-30 00:00:00,87.48262063913798,90.80099558457185,87.01844207015213,90.72198486328125,271100,24594730.096435547
2022-12-01 00:00:00,91.86762592252465,93.50706476324893,90.5047246536977,92.30217742919922,202600,18700421.14715576
2022-12-02 00:00:00,91.17629695149809,92.66759248470272,90.64298581641407,91.9071273803711,94400,8676032.824707031
2022-12-05 00:00:00,90.30718407813643,90.7516061708146,89.11217525116413,90.10965728759766,140700,12678428.78036499
2022-12-06 00:00:00,90.43556938928421,90.71209935672341,89.1911770009313,89.43807983398438,160800,14381643.237304688
2022-12-07 00:00:00,89.59610795484504,91.25529541826353,88.05543657269823,88.10481262207031,103600,9127658.587646484
2022-12-08 00:00:00,88.84553265927545,89.71462809629523,88.11470223417068,89.12206268310547,88000,7842741.516113281
2022-12-09 00:00:00,88.92454416934243,90.17880751266719,88.70726842446456,88.83565521240234,115700,10278285.308074951
2022-12-12 00:00:00,89.31957894236876,93.0428706681844,89.20106285980253,92.71695709228516,193100,17903644.414520264
2022-12-13 00:00:00,96.43037097368774,96.43037097368774,92.83546628624457,93.26013946533203,269900,25170911.641693115
2022-12-14 00:00:00,92.92434591262531,94.44526825665768,89.22080344546491,89.3096923828125,232000,20719848.6328125
2022-12-15 00:00:00,88.31220799277243,88.31220799277243,86.00120097503923,86.68264770507812,203600,17648587.072753906
2022-12-16 00:00:00,85.18966860105073,88.36351663485902,85.18966860105073,87.58241271972656,1293100,113252817.88787842
2022-12-19 00:00:00,87.25612281224836,87.59229008946875,85.35774778642646,86.19817352294922,188000,16205256.622314453
2022-12-20 00:00:00,86.24762159223191,88.18554722393237,86.19818167339093,87.3550033569336,234700,20502219.287872314
2022-12-21 00:00:00,88.31407491624411,90.35087271448089,88.16576271249039,90.20256805419922,141100,12727582.35244751
2022-12-22 00:00:00,89.60932181249629,89.60932181249629,86.18828925343638,87.45387268066406,125200,10949224.85961914
2022-12-23 00:00:00,87.08802260344176,88.43270654341454,86.69252599577852,88.19540405273438,68800,6067843.798828125
2022-12-27 00:00:00,88.13608666632636,90.25198494951441,87.78014045574606,89.33245849609375,123200,11005758.88671875
2022-12-28 00:00:00,89.01607357666025,90.29154639647047,87.03859774008097,87.32533264160156,82800,7230537.542724609
2022-12-29 00:00:00,88.53160029499794,91.24074026824007,87.99768087659743,90.85513305664062,150000,13628269.958496094
2022-12-30 00:00:00,89.87628735778435,90.98366911028081,89.54011250901047,90.30144500732422,113200,10222123.574829102
2023-01-03 00:00:00,91.6461181640625,92.50631530735555,89.26325620941837,91.6461181640625,183500,16817062.68310547
2023-01-04 00:00:00,93.03034238844434,93.94986890751403,91.99217215302454,93.27752685546875,106500,9934056.610107422
2023-01-05 00:00:00,92.89192504403624,93.89055246054083,90.86501682370181,92.58541870117188,141500,13100836.74621582
2023-01-06 00:00:00,94.1278638067489,96.14489042962578,93.25777699713406,95.76917266845703,121300,11616800.644683838
2023-01-09 00:00:00,96.54036504504079,98.16189454872789,95.95701332247577,96.30307006835938,109200,10516295.251464844
2023-01-10 00:00:00,95.75926372434233,96.64912933948716,95.23523384638803,96.37228393554688,177900,17144629.31213379
2023-01-11 00:00:00,97.27203928527366,99.61535100216562,97.19294598029585,98.7749252319336,196800,19438905.28564453
2023-01-12 00:00:00,100.11961124428896,101.42474509280086,98.55740340552515,101.37530517578125,138700,14060754.82788086
2023-01-13 00:00:00,100.75240767351522,101.47418221757411,99.71422971527181,100.60409545898438,191600,19275744.689941406
2023-01-17 00:00:00,101.11822653818204,101.50384127757337,100.10971715119393,100.40634155273438,185800,18655498.260498047
2023-01-18 00:00:00,100.42610701954206,101.84000250164354,97.45000386339,97.57854461669922,170100,16598110.439300537
2023-01-19 00:00:00,97.05451719947803,97.27203320390822,95.00782247702271,95.69994354248047,170400,16307270.379638672
2023-01-20 00:00:00,96.22397232907167,98.86390071720267,96.0262277660435,97.73674011230469,137500,13438801.765441895
2023-01-23 00:00:00,98.40908929568913,101.1775586388833,97.25226767712519,100.93037414550781,84100,8488244.465637207
2023-01-24 00:00:00,99.8823131523745,101.7213665041892,99.56591728235651,101.01936340332031,68800,6950132.2021484375
2023-01-25 00:00:00,100.23824894678458,103.42198629847313,98.81447145261383,103.0660400390625,229600,23663962.79296875
2023-01-26 00:00:00,104.01523232246758,106.3486545552425,103.0561628198239,105.77519226074219,191200,20224216.760253906
2023-01-27 00:00:00,105.6565329086909,108.50409535342871,105.35002657269898,108.09871673583984,100900,10907160.51864624
2023-01-30 00:00:00,106.52663105980055,108.30636249476468,105.49834262442931,105.50823211669922,140800,14855559.08203125
2023-01-31 00:00:00,105.69608881687978,110.55078824958953,105.41924339664828,110.47169494628906,192600,21276848.446655273
2023-02-01 00:00:00,110.25417594115653,111.86581615745204,108.14815918385948,110.77820587158203,122000,13514941.116333008
2023-02-02 00:00:00,111.58897091269961,114.71337905971251,111.58897091269961,113.63565826416016,147000,16704441.764831543
2023-02-03 00:00:00,112.46893454782092,114.39697040839499,111.73727062425324,112.62713623046875,165400,18628528.33251953
2023-02-06 00:00:00,111.9943558795673,112.39974210193031,108.7908467018679,109.54228973388672,145200,15905540.469360352
2023-02-07 00:00:00,108.8106121383395,110.50135309224896,107.53513930430846,110.1552963256836,129200,14232064.28527832
2023-02-08 00:00:00,109.02811816573943,110.73863794599683,106.26954623373207,107.10008239746094,134600,14415671.090698242
2023-02-09 00:00:00,107.88119510763195,109.13688894752077,104.61835695264169,104.64801788330078,126700,13258903.865814209
2023-02-10 00:00:00,104.39095965479314,107.3373946649267,104.23275795422292,106.67494201660156,85400,9110040.048217773
2023-02-13 00:00:00,106.97157710561227,108.95893524885942,106.97157710561227,108.56344604492188,101200,10986620.739746094
2023-02-14 00:00:00,107.48570160831478,108.93914760135152,106.75403763769772,108.02951049804688,73400,7929366.070556641
2023-02-15 00:00:00,107.21873325845532,111.1242446899414,107.21873325845532,111.1242446899414,183100,20346849.20272827
2023-02-16 00:00:00,108.81061820751451,111.15392240286904,107.59446716749757,109.33464813232422,106900,11687873.885345459
2023-02-17 00:00:00,109.34451356926841,111.45052998597663,108.5930782458474,111.1242446899414,130000,14446151.809692383
2023-02-21 00:00:00,108.41512412832337,108.41512412832337,102.50246751904159,105.05341339111328,380100,39930802.42996216
2023-02-22 00:00:00,104.9841910220075,109.89821961528556,104.9841910220075,108.55353546142578,402300,43671087.31613159
2023-02-23 00:00:00,109.25554000065198,110.05641530077297,106.23000438377562,108.29646301269531,151700,16428573.439025879
2023-02-24 00:00:00,106.6650577769658,107.61424539671118,105.75542058431056,107.06055450439453,154400,16530149.615478516
2023-02-27 00:00:00,108.19759794149763,109.83889907310027,107.44615496113373,109.33464813232422,154600,16903136.601257324
2023-02-28 00:00:00,109.14678244981297,111.20335921043053,109.14678244981297,109.64115142822266,142800,15656756.423950195
2023-03-01 00:00:00,109.23577631320273,111.16381237382296,108.41512197212964,108.95892333984375,100400,10939475.903320312
2023-03-02 00:00:00,107.83176611373135,111.02539323942703,107.78233373878435,110.88697052001953,84800,9403215.100097656
2023-03-03 00:00:00,111.50053464650773,113.53915791417529,110.14475945779725,112.92559051513672,133000,15019103.538513184
2023-03-06 00:00:00,112.98495861111985,112.98495861111985,106.7800420606227,108.59104919433594,211600,22977866.009521484
2023-03-07 00:00:00,108.58115648988891,109.52129289304581,107.49257550986387,107.62122344970703,137100,14754869.734954834
2023-03-08 00:00:00,108.15561121071048,108.83845168250127,106.94827315052557,107.89830780029297,91600,9883484.994506836
2023-03-09 00:00:00,108.23477236278913,108.85823041893339,106.07739985793303,106.40396881103516,104900,11161776.328277588
2023-03-10 00:00:00,105.72114194743838,105.72114194743838,102.99968603269232,103.92992401123047,269100,27967542.55142212
2023-03-13 00:00:00,101.60432256970401,105.09768130194198,101.16889473678371,103.61325073242188,293800,30441573.065185547
2023-03-14 00:00:00,107.04724708650645,108.5118887405729,103.27679541822805,105.70136260986328,158300,16732525.701141357
2023-03-15 00:00:00,102.37622101144818,102.83145301139864,100.04071640825921,101.62411499023438,177000,17987468.353271484
2023-03-16 00:00:00,100.07041642775853,105.14716630393617,100.07041642775853,104.28619384765625,178600,18625514.221191406
2023-03-17 00:00:00,103.60334717261192,103.60334717261192,99.0807828978943,99.44693756103516,573600,57042763.385009766
2023-03-20 00:00:00,101.10951682936093,103.72211414267178,100.32771578898466,102.34654235839844,218800,22393423.468017578
2023-03-21 00:00:00,104.286198673962,105.30551406371224,103.49450685645125,103.9200439453125,176600,18352279.760742188
2023-03-22 00:00:00,103.74191455465174,104.20703737852945,101.07983310321842,101.25796508789062,156800,15877248.92578125
2023-03-23 00:00:00,101.6835006346441,103.49450785945626,100.42668599268558,101.66371154785156,158000,16062866.424560547
2023-03-24 00:00:00,100.63450312398204,102.67311877712994,99.75374155246449,102.29706573486328,131900,13492982.970428467
2023-03-27 00:00:00,104.03879266493378,105.04820972754538,102.32675355610745,103.67263793945312,139400,14451965.728759766
2023-03-28 00:00:00,103.08874178198772,105.27580167410883,102.96999218163945,105.02839660644531,142600,14977049.356079102
2023-03-29 00:00:00,106.23574224532774,106.23574224532774,104.77110836670752,105.83000183105469,121600,12868928.22265625
2023-03-30 00:00:00,106.79982436674663,107.3342202517977,105.58259558707806,106.76023864746094,97100,10366419.172668457
2023-03-31 00:00:00,107.66079895506637,109.2936740452241,107.24516021944923,108.15560913085938,204000,22063744.262695312
2023-04-03 00:00:00,107.90821216084984,108.36343665080126,106.90869341649748,107.45298767089844,151000,16225401.138305664
2023-04-04 00:00:00,107.18577592813163,107.18577592813163,100.89179000171579,101.90120697021484,182300,18576590.030670166
2023-04-05 00:00:00,100.98086197410392,101.74286632569522,100.25843579255019,101.26785278320312,118000,11949606.628417969
2023-04-06 00:00:00,101.67359477317962,102.08924106703505,100.64438868161173,101.28764343261719,123300,12488766.4352417
2023-04-10 00:00:00,100.54543126418474,103.43512102399333,100.54543126418474,102.97989654541016,107900,11111530.837249756
2023-04-11 00:00:00,103.45491949807968,104.75131983077632,103.42523209354535,103.9002456665039,115800,12031648.448181152
2023-04-12 00:00:00,105.09766167355785,105.09766167355785,102.96998429478116,103.32624816894531,76500,7904457.984924316
2023-04-13 00:00:00,103.56377221976781,104.91954728130486,103.06896203959712,104.29608917236328,97800,10200157.521057129
2023-04-14 00:00:00,104.09815894239037,106.51282727459132,103.6627236061657,104.27629089355469,111700,11647661.692810059
2023-04-17 00:00:00,104.79090529137585,105.23623145868591,103.65284030244457,105.07789611816406,86300,9068222.434997559
2023-04-18 00:00:00,106.35448899209275,107.27483612241741,105.42424354525618,105.51331329345703,83800,8842015.6539917
2023-04-19 00:00:00,104.75132629419905,106.24565533300283,104.52371781192207,106.10710906982422,119500,12679799.533843994
2023-04-20 00:00:00,105.13726677259594,106.67118137752622,104.99872052378724,106.44356536865234,130300,13869596.5675354
2023-04-21 00:00:00,106.9680688447175,107.08682601460225,105.35499025902425,106.37429809570312,116300,12371330.868530273
2023-04-24 00:00:00,106.4336774606875,107.47277435467113,105.58260330930786,106.38419342041016,134300,14287397.176361084
2023-04-25 00:00:00,104.77109765939824,105.88936581393956,101.05012343823466,101.40638732910156,286100,29012367.414855957
2023-04-26 00:00:00,99.95166284374544,105.44405921811233,98.23961618779718,104.04869079589844,328800,34211209.533691406
2023-04-27 00:00:00,104.17735307092298,109.18483824067269,103.9497445701468,109.00670623779297,151600,16525416.665649414
2023-04-28 00:00:00,108.73949630770629,109.55098480439794,106.21596859797008,107.5816421508789,141800,15255076.856994629
2023-05-01 00:00:00,107.70039753776881,109.06607106798586,105.44406407471239,106.23575592041016,168800,17932595.599365234
2023-05-02 00:00:00,105.8992831169657,106.15657898967508,103.20751437012434,105.55291748046875,128300,13542439.31274414
2023-05-03 00:00:00,105.88938546420776,108.05665661080236,105.20654495496186,105.32530212402344,161800,17041633.883666992
2023-05-04 00:00:00,104.33566887715526,104.8799630640425,101.7329701975938,102.28715515136719,145700,14903238.5055542
2023-05-05 00:00:00,104.17732695963036,105.04819766663411,103.3757369226872,104.56328582763672,126800,13258624.642944336
2023-05-08 00:00:00,105.15707162721307,105.15707162721307,103.02938613963319,104.0882797241211,70700,7359041.376495361
2023-05-09 00:00:00,103.39553052965688,103.68251376765801,101.95067827174259,102.5444564819336,113100,11597778.02810669
2023-05-10 00:00:00,104.5039114580452,104.5039114580452,101.48557380490398,102.58405303955078,67700,6944940.390777588
2023-05-11 00:00:00,101.4558700314294,103.39553246738488,101.4261826304042,102.6632080078125,69700,7155625.598144531
2023-05-12 00:00:00,103.40543302497623,103.73200956758211,100.46625924193224,101.55484771728516,65700,6672153.495025635
2023-05-15 00:00:00,102.08924588018262,104.00910435574497,101.97048871202433,103.42523193359375,119300,12338630.169677734
2023-05-16 00:00:00,102.33663181538918,102.969988159854,101.04022417732884,101.15898132324219,76300,7718430.274963379
2023-05-17 00:00:00,102.08923524604457,103.7517901258527,101.4855662503126,103.00957489013672,148400,15286620.913696289
2023-05-18 00:00:00,102.55435397485714,104.11795593719879,102.42570604765335,103.94972229003906,204000,21205743.34716797
2023-05-19 00:00:00,105.61228799015241,105.88938048806982,103.13823704416947,103.56377410888672,91100,9434659.82131958
2023-05-22 00:00:00,103.79138755843942,104.90966347192492,102.40592500223475,103.67263793945312,100100,10377631.057739258
2023-05-23 00:00:00,103.12832990253135,104.49400318979156,101.61421206117241,102.84133911132812,90100,9266004.653930664
2023-05-24 00:00:00,101.860678318135,101.93992601465175,100.66208524885545,101.18708801269531,98600,9977046.878051758
2023-05-25 00:00:00,100.7115982292047,102.00925455404908,100.40452288608087,101.87056732177734,76700,7813472.513580322
2023-05-26 00:00:00,101.71210647008745,105.27817023132313,101.71210647008745,104.67391967773438,114300,11964229.019165039
2023-05-30 00:00:00,105.87249207740155,109.1116716276061,104.6838069102936,108.97299194335938,289100,31504091.970825195
2023-05-31 00:00:00,107.91309516638164,109.28999192656872,104.83241052978195,105.60505676269531,571000,60300487.41149902
2023-06-01 00:00:00,105.18901151452333,108.13101627410579,103.64371158129694,107.33855438232422,184100,19761027.86178589
2023-06-02 00:00:00,109.29988700218712,115.17398873129942,109.29988700218712,114.8966293334961,248500,28551812.38937378
2023-06-05 00:00:00,113.83670463933136,113.83670463933136,110.14186972193424,111.84565734863281,193700,21664503.828430176
2023-06-06 00:00:00,111.23150248451249,115.72870721332053,111.23150248451249,115.0353012084961,180300,20740864.807891846
2023-06-07 00:00:00,116.10512443018344,119.423544298086,116.10512443018344,118.13580322265625,260600,30786190.31982422
2023-06-08 00:00:00,117.40277998063125,119.05704363960969,116.19428653450387,117.630615234375,209000,24584798.583984375
2023-06-09 00:00:00,117.76930003980263,118.13581500911437,116.12495171912548,117.4820327758789,80800,9492548.248291016
2023-06-12 00:00:00,117.19474505527442,119.68108658611622,116.17445558829883,118.66079711914062,140500,16671841.995239258
2023-06-13 00:00:00,119.1362805503071,120.84006830865134,119.1362805503071,120.4339370727539,179200,21581761.5234375
2023-06-14 00:00:00,121.0381825384126,121.07780638666993,116.07540701695626,116.7093734741211,198900,23213494.384002686
2023-06-15 00:00:00,116.37257548081239,118.06645522071427,116.25370394280185,117.66031646728516,211100,24838092.806243896
2023-06-16 00:00:00,118.86882309400255,118.86882309400255,116.24380173918141,118.2942886352539,542700,64198310.442352295
2023-06-20 00:00:00,117.63060335028534,121.89007243143345,117.63060335028534,121.4046859741211,165500,20092475.52871704
2023-06-21 00:00:00,120.79054161358214,121.95941870979888,118.77967850781826,120.28534698486328,149300,17958602.304840088
2023-06-22 00:00:00,120.24573062275338,120.24573062275338,117.68014858530532,118.02684783935547,140800,16618180.17578125
2023-06-23 00:00:00,115.41173349244575,117.30372515889141,114.57964772961522,115.29286193847656,202300,23323745.97015381
2023-06-26 00:00:00,114.83718325558867,117.33342508722407,114.83718325558867,115.7088851928711,128500,14868591.747283936
2023-06-27 00:00:00,116.13483538722458,118.93816021478881,115.38200496625218,118.73014068603516,90000,10685712.661743164
2023-06-28 00:00:00,118.9183647376297,119.15610028760459,117.57118402531053,117.82872772216797,67000,7894524.757385254
2023-06-29 00:00:00,117.86834509430201,120.83016546264601,117.86834509430201,120.28534698486328,78000,9382257.064819336
2023-06-30 00:00:00,121.55329059747967,122.1278251231358,120.0674301357686,120.15658569335938,103700,12460237.936401367
2023-07-03 00:00:00,119.58203650638993,121.83063507080078,119.5027888110203,121.83063507080078,47800,5823504.356384277
2023-07-05 00:00:00,120.41411352334042,124.6933907865916,117.27399730871011,117.59098052978516,330400,38852059.967041016
2023-07-06 00:00:00,116.28345134546048,116.72920650781326,114.10419212899232,115.76835632324219,69900,8092208.106994629
2023-07-07 00:00:00,116.06550052183195,118.5617500888807,116.06550052183195,116.49144744873047,76100,8864999.150848389
2023-07-10 00:00:00,116.0754105570618,118.97779140251204,115.10464513884102,118.56175231933594,94500,11204085.594177246
2023-07-11 00:00:00,119.2254383368087,120.45374747684632,117.69995409568413,118.769775390625,88500,10511125.122070312
2023-07-12 00:00:00,121.60281169825447,122.08819062399276,119.26505750442614,119.83959197998047,184900,22158340.55709839
2023-07-13 00:00:00,120.34478405623254,121.16696195466794,118.76977566625618,120.58252716064453,85500,10309806.072235107
2023-07-14 00:00:00,119.32448359192325,119.32448359192325,115.40181341617611,115.47115325927734,162400,18752515.28930664
2023-07-17 00:00:00,115.15417696598962,117.61080273322041,114.94615742417405,115.58012390136719,137100,15846034.986877441
2023-07-18 00:00:00,115.88719141101554,117.62069503245702,115.1442612875406,116.16455078125,102100,11860400.634765625
2023-07-19 00:00:00,116.20417658868968,116.47163566983986,114.51029678548443,115.08483123779297,90600,10426685.710144043
2023-07-20 00:00:00,115.52068862493407,117.22446876057865,113.61878168989426,116.43201446533203,102400,11922638.28125
2023-07-21 00:00:00,117.18485448525612,117.1947547794151,114.78766074040172,114.90653228759766,89000,10226681.373596191
2023-07-24 00:00:00,115.08484747910472,116.1348531344546,113.46030729036532,115.14427947998047,116200,13379765.27557373
2023-07-25 00:00:00,113.79709201851202,115.62965921758821,113.64851202505332,115.34239196777344,120400,13887223.992919922
2023-07-26 00:00:00,114.81738907348416,118.84902330457129,114.81738907348416,118.18533325195312,148100,17503247.854614258
2023-07-27 00:00:00,118.25468245894209,118.33393016664158,116.95703336464159,117.38298034667969,227400,26692889.73083496
2023-07-28 00:00:00,118.36363697181407,120.53299556731366,118.36363697181407,119.69100952148438,88900,10640530.746459961
2023-07-31 00:00:00,119.69101543387771,122.65282851867832,119.69101543387771,122.44480895996094,116000,14203597.839355469
2023-08-01 00:00:00,121.80091839019853,122.06837747119955,117.95749587607594,119.40373229980469,207200,24740453.33251953
2023-08-02 00:00:00,115.54048684276711,119.06692591368062,113.43056811058723,113.4701919555664,136000,15431946.105957031
2023-08-03 00:00:00,111.84566544528018,113.22256210333896,110.31027338839156,110.67678833007812,212600,23529885.19897461
2023-08-04 00:00:00,110.68669394632356,111.61783556552763,109.35932892594722,109.94376373291016,110500,12148785.892486572
2023-08-07 00:00:00,109.86451050494564,111.65744612142858,109.86451050494564,111.26121520996094,125200,13929904.14428711
2023-08-08 00:00:00,109.34941620242189,110.63716487129646,107.5663807466689,109.95366668701172,122000,13414347.33581543
2023-08-09 00:00:00,110.00319194815424,110.6272505423917,108.5866715183182,110.32017517089844,81900,9035222.346496582
2023-08-10 00:00:00,110.51829130679604,112.11311533606606,110.17159207379746,111.03338623046875,143300,15911084.246826172
2023-08-11 00:00:00,110.34990008361586,111.03339072563367,109.25036278767972,110.54801177978516,142000,15697817.672729492
2023-08-14 00:00:00,109.85461556698924,110.62726177856196,108.5569589904595,108.88385009765625,142800,15548613.793945312
2023-08-15 00:00:00,108.50741864784352,109.30978073894704,108.16071944535904,108.82440185546875,163900,17836319.464111328
2023-08-16 00:00:00,108.9333720497541,109.85460573280899,108.01213836669922,108.01213836669922,116600,12594215.333557129
2023-08-17 00:00:00,108.28949686422617,108.80459176914697,107.71496240904344,107.81401824951172,162200,17487433.7600708
2023-08-18 00:00:00,106.99110255803326,107.99249651778416,106.3664624436643,106.42594909667969,171700,18273335.459899902
2023-08-21 00:00:00,106.23756506143637,106.91177482003783,105.86079611242515,105.9996109008789,169100,17924534.203338623
2023-08-22 00:00:00,106.64408928663478,107.20923524914816,105.22626589795345,106.52511596679688,179800,19153215.850830078
2023-08-23 00:00:00,106.88204147747068,108.63696586767108,106.22765801929037,108.23046112060547,130700,14145721.268463135
2023-08-24 00:00:00,107.44718885893026,109.57887469805783,107.44718885893026,108.79560852050781,137800,14992034.854125977
2023-08-25 00:00:00,109.93580023149971,109.93580023149971,106.77296977443068,107.98258209228516,107800,11640522.34954834
2023-08-28 00:00:00,108.55763721316116,110.82813765572153,108.55763721316116,109.57886505126953,75900,8317035.857391357
2023-08-29 00:00:00,109.2814242360177,110.28282571221322,108.9443155680871,109.57886505126953,98900,10837349.753570557
2023-08-30 00:00:00,109.00381318499257,111.12558950394035,108.71628175950923,109.05338287353516,147400,16074468.635559082
2023-08-31 00:00:00,109.06329002860173,110.75872753858795,108.78567559156437,108.97406005859375,102800,11202533.374023438
2023-09-01 00:00:00,109.97547544585926,110.71908893257032,109.47973312138521,109.94573211669922,84200,9257430.644226074
2023-09-05 00:00:00,108.59729054375626,108.59729054375626,105.39480000794012,105.59309387207031,174700,18447113.499450684
2023-09-06 00:00:00,105.82114975572243,106.51518591761366,104.83957460107032,106.29705810546875,92200,9800588.757324219
2023-09-07 00:00:00,106.08885539449136,106.08885539449136,104.09596917044301,105.56336975097656,100200,10577449.649047852
2023-09-08 00:00:00,105.02796371308085,106.40612669841663,104.51239505074192,104.85941314697266,128600,13484920.530700684
2023-09-11 00:00:00,106.11859207229509,107.36786474565632,105.30557502934536,107.16956329345703,154300,16536263.61618042
2023-09-12 00:00:00,106.77296549052042,108.15112830506328,106.62424130644484,107.14972686767578,107900,11561455.529022217
2023-09-13 00:00:00,106.88203951743502,109.44998091910202,106.13842609100878,108.70636749267578,199200,21654308.404541016
2023-09-14 00:00:00,109.70776014685588,110.48111683744688,108.31968035030538,109.0038070678711,96600,10529767.762756348
2023-09-15 00:00:00,108.68653988868854,108.68653988868854,106.50526932408745,108.08173370361328,592900,64081659.912872314
2023-09-18 00:00:00,107.58598668049211,109.08312284952574,106.97126355891389,107.06050109863281,85200,9121554.693603516
2023-09-19 00:00:00,106.82253108018561,107.70495162359678,105.90045025157971,106.25738525390625,94000,9988194.213867188
2023-09-20 00:00:00,107.21914149236957,107.97267188851269,104.40332892617074,104.47273254394531,85400,8921971.35925293
2023-09-21 00:00:00,103.47133195162802,104.7206046474422,103.11439689568111,103.62005615234375,108300,11222052.081298828
2023-09-22 00:00:00,103.79851369501124,104.15544871662138,102.84668949219298,102.9260025024414,62700,6453460.356903076
2023-09-25 00:00:00,102.17247785438244,104.39340095338424,102.17247785438244,103.09455871582031,83800,8639324.020385742
2023-09-26 00:00:00,102.20223064849561,103.19371521226195,102.15265339453653,102.31129455566406,103600,10599450.115966797
2023-09-27 00:00:00,103.39201408363867,104.33392900328131,102.25180526745403,103.27304077148438,70300,7260094.766235352
2023-09-28 00:00:00,103.49113958552906,105.19649397432924,103.30276269217953,104.51237487792969,141300,14767598.570251465
2023-09-29 00:00:00,105.13701989704322,105.33531377619394,103.6398761468474,104.24468231201172,129500,13499686.359405518
2023-10-02 00:00:00,103.76877316237231,104.12570062915876,102.80703197073878,103.19371032714844,127900,13198475.550842285
2023-10-03 00:00:00,102.44017720357954,103.56055195407902,102.44017720357954,102.61864471435547,153200,15721176.370239258
2023-10-04 00:00:00,102.34104770571464,102.97559728227968,100.37790475267259,102.69798278808594,141100,14490685.371398926
2023-10-05 00:00:00,102.69796870737643,103.03506981427027,101.98409864051114,102.40052032470703,143700,14714954.7706604
2023-10-06 00:00:00,101.81554005496542,104.35373781298318,101.81554005496542,102.51949310302734,118500,12148559.93270874
2023-10-09 00:00:00,101.2801511360093,103.09456972886107,101.07194028240077,102.26171875,90900,9295590.234375
2023-10-10 00:00:00,102.68805647449672,104.49255808689766,102.68805647449672,103.11439514160156,97400,10043342.086791992
2023-10-11 00:00:00,103.18379850814019,104.13562278401892,101.80563556619242,102.55916595458984,75900,7784240.695953369
2023-10-12 00:00:00,102.46001239392702,102.46001239392702,100.59602411531387,101.70648956298828,179800,18286826.823425293
2023-10-13 00:00:00,101.87504280546506,102.48976598159693,99.62437608837843,99.82266998291016,119200,11898862.26196289
2023-10-16 00:00:00,100.63567524494708,101.39911497018187,100.30848354937805,100.83396911621094,164600,16597271.31652832
2023-10-17 00:00:00,100.2985787513528,103.90758183776013,100.2985787513528,102.5294189453125,129300,13257053.869628906
2023-10-18 00:00:00,101.27022811581642,101.27022811581642,99.20793850184593,99.69377136230469,128800,12840557.751464844
2023-10-19 00:00:00,99.16828076642764,101.20082710747819,98.04790595485727,98.42466735839844,157700,15521570.042419434
2023-10-20 00:00:00,99.44589858341743,99.90198054663858,96.2235739516891,96.30288696289062,158000,15215856.140136719
2023-10-23 00:00:00,96.1938338909767,96.7887307107271,94.51823003766647,94.60746002197266,183000,17313165.184020996
2023-10-24 00:00:00,95.13293858260519,95.92612924033733,93.72503235133604,95.41056060791016,146100,13939482.904815674
2023-10-25 00:00:00,98.94024956518405,105.50388036846942,98.8510120173,104.9883041381836,383800,40294511.12823486
2023-10-26 00:00:00,104.4528955326296,105.27582952225224,102.29145891719801,102.72771453857422,279200,28681577.899169922
2023-10-27 00:00:00,103.1143957226001,103.1143957226001,98.79152237369077,99.24760437011719,196200,19472379.977416992
2023-10-30 00:00:00,100.88354197249478,101.22064305184695,99.29716837819578,100.9826889038086,138000,13935611.068725586
2023-10-31 00:00:00,101.1611717178236,103.3721856864708,100.49687885660427,103.13422393798828,162000,16707744.277954102
2023-11-01 00:00:00,102.45011162335186,102.94585395282002,101.42888363495587,102.69798278808594,163500,16791120.18585205
2023-11-02 00:00:00,104.84948561409621,105.7319062117463,103.53080941691522,105.26590728759766,167100,17589933.10775757
2023-11-03 00:00:00,107.83386623074173,107.83386623074173,106.14833788745514,106.88204193115234,115800,12376940.455627441
2023-11-06 00:00:00,106.20782508309543,106.26731173400239,104.78008494591563,105.16676330566406,188400,19813418.20678711
2023-11-07 00:00:00,104.31408722838218,104.68093923025997,101.97418311594521,102.04358673095703,109700,11194181.464385986
2023-11-08 00:00:00,102.71779174855405,103.629955664757,101.65690364582473,103.23336791992188,116000,11975070.678710938
2023-11-09 00:00:00,103.80842253331471,104.15544815453752,102.30136944475866,102.43025970458984,112700,11543890.268707275
2023-11-10 00:00:00,102.97557919700313,103.40191782804634,101.63707665540161,102.43025970458984,126100,12916455.74874878
2023-11-13 00:00:00,102.27163058805259,102.80703314096644,101.1809991200103,102.58890533447266,133700,13716136.643218994
2023-11-14 00:00:00,105.5237113534177,107.92310238530108,105.30558352062329,107.54634094238281,260100,27972803.27911377
2023-11-15 00:00:00,107.23897170844486,108.97406965718433,105.62284706352871,105.67242431640625,147100,15544413.61694336
2023-11-16 00:00:00,105.99960950765221,106.09875644287912,103.57046799024812,104.76025390625,100300,10507453.466796875
2023-11-17 00:00:00,105.92030405818073,106.27723912750584,105.00814002076208,106.0491943359375,131100,13903049.377441406
2023-11-20 00:00:00,106.08885288448458,106.08885288448458,104.74043321463041,105.54353332519531,99900,10543798.979187012
2023-11-21 00:00:00,104.97837050463292,105.72198383973748,104.82965388915282,105.34522247314453,81300,8564566.58706665
2023-11-22 00:00:00,106.08883538808966,106.92167868918384,105.56334984367177,105.77156066894531,99900,10566578.910827637
2023-11-24 00:00:00,105.48404184914797,106.99110261808293,105.38489490592441,106.73331451416016,211600,22584769.35119629
2023-11-27 00:00:00,106.25739387173842,106.66390615463435,105.12710212750923,106.32679748535156,172400,18330739.88647461
2023-11-28 00:00:00,105.79139400692281,106.4457774133075,103.91748889144161,104.04638671875,125400,13047416.89453125
2023-11-29 00:00:00,104.94863258036334,105.69224595372125,102.5690682727327,103.05490112304688,227700,23465600.985717773
2023-11-30 00:00:00,103.91748522944006,104.57186861276458,101.50817765666325,102.42034912109375,189100,19367688.018798828
2023-12-01 00:00:00,102.7574608983354,104.59170585188627,101.98410413901112,104.47273254394531,280900,29346390.57159424
2023-12-04 00:00:00,104.15545260263208,105.30557072062152,104.0860489883088,104.4925537109375,154300,16123201.037597656
2023-12-05 00:00:00,104.56195769875829,104.56195769875829,102.51950198615495,102.83677673339844,143400,14746793.783569336
2023-12-06 00:00:00,103.33253236465096,104.55205425906315,102.65832249399716,102.69798278808594,116200,11933505.599975586
2023-12-07 00:00:00,103.04498765803308,104.14553609311655,101.81554895705239,104.06621551513672,132200,13757553.691101074
2023-12-08 00:00:00,103.81834195349963,105.47411926685263,103.24327912323913,104.04638671875,131100,13640481.298828125
2023-12-11 00:00:00,104.04639138504304,105.037875937782,103.61013576122131,104.45289611816406,140300,14654741.325378418
2023-12-12 00:00:00,104.16536364007803,104.3636650872829,103.00532854052986,103.46141052246094,144400,14939827.67944336
2023-12-13 00:00:00,103.53082029700779,105.28575227814613,102.4005284561917,105.04779052734375,195500,20536843.048095703
2023-12-14 00:00:00,107.29845553435894,108.02223499497714,105.3650561894574,107.3083724975586,320200,34360140.87371826
2023-12-15 00:00:00,107.76487378925317,108.72750444262597,104.26169775318945,104.93653106689453,780400,81892468.84460449
2023-12-18 00:00:00,105.75029068097145,106.4747470338478,104.23191775155009,104.25177001953125,304800,31775939.501953125
2023-12-19 00:00:00,104.817432769697,105.28385504178667,103.11050124511246,103.69601440429688,444400,46082508.80126953
2023-12-20 00:00:00,103.49755352745122,104.24185465377359,100.31194561536216,100.71882629394531,279900,28191199.479675293
2023-12-21 00:00:00,101.40358650143472,102.39598801052239,100.16308461507514,101.18525695800781,198000,20034680.877685547
2023-12-22 00:00:00,101.18524181799428,102.2570371045812,99.93481398364285,100.68904113769531,158800,15989419.732666016
2023-12-26 00:00:00,100.92724041224972,100.96693738510403,99.54780278411168,100.1333236694336,229500,22980597.78213501
2023-12-27 00:00:00,100.03407270636833,100.62951208302313,99.05158978489435,99.54779052734375,168600,16783757.482910156
2023-12-28 00:00:00,98.99205023974598,100.46080780029297,97.92025479594865,100.46080780029297,267800,26903404.328918457
2023-12-29 00:00:00,100.43103097114398,100.68905748679379,98.61494194064785,98.69432830810547,135000,13323734.321594238
2024-01-02 00:00:00,97.99965300661685,98.86304508033679,95.57819080314232,95.91561126708984,197400,18933741.664123535
2024-01-03 00:00:00,95.53849063878177,95.53849063878177,91.58873684406957,91.60858154296875,232100,21262351.776123047
2024-01-04 00:00:00,91.30093118767329,92.59105606998095,90.55663011820855,90.89404296875,233800,21251027.24609375
2024-01-05 00:00:00,90.13983198210049,91.7475176006334,89.52454031328278,91.3505630493164,212000,19366319.366455078
2024-01-08 00:00:00,90.9138928598284,92.17423930640439,90.70548947439876,91.95591735839844,218300,20073976.75933838
2024-01-09 00:00:00,90.69556334040064,92.09485294868487,89.5939971806855,91.95591735839844,180000,16552065.124511719
2024-01-10 00:00:00,91.91621597194295,92.7101325108973,91.1024471659474,92.59104919433594,129000,11944245.346069336
2024-01-11 00:00:00,92.4620415182123,92.99793921116733,91.04290713818942,92.77960968017578,148800,13805605.920410156
2024-01-12 00:00:00,93.94073672756608,93.94073672756608,92.47197906508075,93.14681243896484,110600,10302037.455749512
2024-01-16 00:00:00,92.12461469795848,92.96815429052221,91.25129670633582,91.26122283935547,255100,23280737.94631958
2024-01-17 00:00:00,90.30853600107824,90.78489204987248,89.49476707843091,89.71309661865234,170400,15287111.66381836
2024-01-18 00:00:00,90.17953415330986,90.86428609382587,89.62378412084803,90.44747924804688,120200,10871787.005615234
2024-01-19 00:00:00,90.98337023079118,98.91265613134472,89.27643843171035,98.50577545166016,553400,54513096.13494873
2024-01-22 00:00:00,98.74394282475474,99.39893140641762,97.29503763760538,98.97219848632812,546000,54038820.373535156
2024-01-23 00:00:00,100.29209574331098,101.87994424123553,99.63711467362647,101.62191772460938,311600,31665389.56298828
2024-01-24 00:00:00,102.40590372084819,102.40590372084819,98.4263719545185,98.81340789794922,217000,21442509.51385498
2024-01-25 00:00:00,100.44095572666407,101.03639511724212,99.13098603882332,100.69898223876953,169600,17078547.387695312
2024-01-26 00:00:00,101.22494650838733,101.87000895630364,100.5004901284212,101.42342376708984,184500,18712621.685028076
2024-01-29 00:00:00,101.14555274557584,103.10058478989734,100.72874595874991,102.89218139648438,175800,18088445.489501953
2024-01-30 00:00:00,102.23719304171341,102.6242365691139,99.0912822933058,100.18292236328125,204700,20507444.207763672
2024-01-31 00:00:00,100.21270744572905,101.12571501445768,97.95002565118651,98.00957489013672,150200,14721038.148498535
2024-02-01 00:00:00,98.65462817898086,100.07375493213314,97.03700902879585,100.02413940429688,169200,16924084.38720703
2024-02-02 00:00:00,98.79356706876143,99.875281011614,98.15843074845087,99.18060302734375,98400,9759371.337890625
2024-02-05 00:00:00,97.88056174686989,98.65464131267083,97.007251112186,97.394287109375,139200,13557284.765625
2024-02-06 00:00:00,97.19580233391387,99.05158823594383,96.94770196656891,97.88055419921875,100400,9827207.641601562
2024-02-07 00:00:00,98.2675983089318,100.50050180005283,97.28512289283697,99.57756805419922,124700,12417322.736358643
2024-02-08 00:00:00,99.48824988170915,101.14555856135033,99.18060784108975,100.98677825927734,112500,11361012.554168701
2024-02-09 00:00:00,101.22494377679854,102.81278451783649,101.026466523452,102.4952163696289,132000,13529368.560791016
2024-02-12 00:00:00,102.10819365595607,103.45786035357263,102.10819365595607,102.80287170410156,132000,13569979.064941406
2024-02-13 00:00:00,99.69665422843056,100.80814663912619,97.99964856439256,98.50577545166016,266500,26251789.15786743
2024-02-14 00:00:00,100.1432328986228,102.86241072297395,98.45614590854548,102.39598083496094,233100,23868503.132629395
2024-02-15 00:00:00,103.18990082519316,104.35100864517165,100.8676776138144,104.25177001953125,203000,21163109.313964844
2024-02-16 00:00:00,103.3089889090219,104.00367446336716,101.55244168281794,102.62423706054688,221600,22741530.932617188
2024-02-20 00:00:00,100.91730974240464,102.5150767438749,100.46080596647349,101.98909759521484,181700,18531419.033050537
2024-02-21 00:00:00,103.20974158524605,104.08305205756331,95.33999848651418,96.50110626220703,394800,38098636.752319336
2024-02-22 00:00:00,97.24541087017522,99.10120421014999,95.89574436317935,99.09127807617188,341300,33819853.20739746
2024-02-23 00:00:00,99.25999677804995,99.68672973484682,97.63245888966718,98.20805358886719,140300,13778589.918518066
2024-02-26 00:00:00,97.79123436154164,102.74331520207049,97.4835923519791,102.54483795166016,228700,23452004.439544678
2024-02-27 00:00:00,102.89218475201669,104.03344795723996,100.63943674567639,101.066162109375,304000,30724113.28125
2024-02-28 00:00:00,100.18292047910516,101.14555106945734,100.18292047910516,100.49057006835938,126700,12732155.227661133
2024-02-29 00:00:00,102.20742890251115,102.26697814139168,100.14323952593674,100.70890808105469,163400,16455835.580444336
2024-03-01 00:00:00,100.71881765753419,101.69137437729349,100.18291998396339,100.99668884277344,127000,12826579.483032227
2024-03-04 00:00:00,100.7287547039893,101.66161455957118,99.48825279876775,99.66688537597656,118500,11810525.917053223
2024-03-05 00:00:00,99.24015257859594,100.19285713477973,97.60268854676455,97.7019271850586,107100,10463876.401519775
2024-03-06 00:00:00,98.70424543290225,99.62717906672204,98.11873222281054,99.23021697998047,104400,10359634.652709961
2024-03-07 00:00:00,99.71650901160046,103.2097590638748,99.40885938890025,100.6295166015625,215900,21725912.634277344
2024-03-08 00:00:00,101.83150534804035,104.9010495100741,101.83150534804035,103.42091369628906,343800,35556110.12878418
2024-03-11 00:00:00,103.21230671805472,103.42091585760033,100.50037274616764,101.85137176513672,210600,21449898.893737793
2024-03-12 00:00:00,101.75203701594404,104.04674517164533,101.04673727066134,103.6493911743164,151800,15733977.58026123
2024-03-13 00:00:00,103.29177390164693,104.63283692006034,101.3745480051637,104.1063461303711,182900,19041050.707244873
2024-03-14 00:00:00,103.98713777489453,103.98713777489453,100.14275004443186,100.73878479003906,188100,18948965.419006348
2024-03-15 00:00:00,99.84473179715329,101.80169368493208,99.84473179715329,101.35466766357422,359300,36416732.09152222
2024-03-18 00:00:00,101.38447780053521,102.10964937515591,98.60301512631543,98.68247985839844,166000,16381291.65649414
2024-03-19 00:00:00,98.22552635597013,100.08315185326231,98.22552635597013,99.56659698486328,139900,13929366.918182373
2024-03-20 00:00:00,99.01029760688667,100.03347898088501,98.662615719445,99.079833984375,163700,16219368.823242188
2024-03-21 00:00:00,100.28182644809672,101.88117074398,99.57652672427504,100.90766143798828,180200,18183560.59112549
2024-03-22 00:00:00,101.08646655420831,101.08646655420831,99.14936879104263,99.973876953125,104000,10397283.203125
2024-03-25 00:00:00,100.49043167269616,100.49043167269616,97.87783463426683,98.10631561279297,214500,21043804.69894409
2024-03-26 00:00:00,98.79175839047993,99.65600277234871,97.21228590305101,99.57653045654297,151000,15036056.098937988
2024-03-27 00:00:00,100.57983107924706,104.17587320031008,100.57983107924706,103.867919921875,169200,17574452.05078125
2024-03-28 00:00:00,104.22555522870063,105.14940006153915,103.6096637260731,104.19575500488281,138000,14379014.190673828
2024-04-01 00:00:00,104.23548046003462,104.23548046003462,100.2619560091863,100.74871063232422,162300,16351515.73562622
2024-04-02 00:00:00,99.88448434973661,100.50037585346685,97.54010407250588,98.1361312866211,194100,19048223.082733154
2024-04-03 00:00:00,97.31160480463848,99.37783916629847,97.31160480463848,98.79174041748047,146700,14492748.319244385
2024-04-04 00:00:00,100.42090341312566,100.91759402075745,99.26858514444643,100.40103912353516,184300,18503911.51046753
2024-04-05 00:00:00,96.35796866308534,98.56327596263714,94.27186982636486,98.23545837402344,712800,70022234.7290039
2024-04-08 00:00:00,99.38778163387947,99.54671866812947,94.08312264301438,94.1427230834961,394900,37176961.34567261
2024-04-09 00:00:00,94.37120686772838,96.62617868659015,94.05332521090872,96.42750549316406,280700,27067200.791931152
2024-04-10 00:00:00,94.37121697642954,95.55334306696038,92.81160874639602,93.02021789550781,272200,25320103.311157227
2024-04-11 00:00:00,93.27848530895498,95.26524747707374,92.69238652833393,95.09637451171875,233500,22205003.448486328
2024-04-12 00:00:00,95.10629951912266,95.185771821986,91.59966562840901,92.01688385009766,270200,24862962.016296387
2024-04-15 00:00:00,92.38444557764012,93.3579624248932,91.41092873038704,92.44404602050781,291200,26919706.201171875
2024-04-16 00:00:00,91.35132679808932,91.63940823208051,89.85131918623742,89.97052764892578,228100,20522277.35671997
2024-04-17 00:00:00,90.41754347231468,91.38112434218723,89.5831069946289,89.5831069946289,226000,20245782.180786133
2024-04-18 00:00:00,90.2486724272315,90.81489935739998,88.38111866677498,89.11621856689453,265700,23678179.273223877
2024-04-19 00:00:00,89.06656227843246,91.57981550882276,89.06656227843246,91.10298919677734,269800,24579586.485290527
2024-04-22 00:00:00,91.58973470673972,91.81821569524814,88.5003188686915,89.76191711425781,428200,38436052.908325195
2024-04-23 00:00:00,89.76192776234048,91.67915382259172,89.29503737570924,90.9738540649414,142200,12936482.048034668
2024-04-24 00:00:00,92.24537115358224,92.24537115358224,88.74866537670162,89.57317352294922,232300,20807848.209381104
2024-04-25 00:00:00,88.50032488242648,89.0963596481164,87.44734326646217,88.02350616455078,341000,30016015.602111816
2024-04-26 00:00:00,88.36125153914584,90.4175502462357,88.10297789321537,90.19901275634766,294500,26563609.256744385
2024-04-29 00:00:00,90.74535999387537,90.91423295826422,89.25528837631126,89.80165100097656,155100,13928236.070251465
2024-04-30 00:00:00,89.01687518776113,90.01025622315282,88.35131171298369,88.50031280517578,164100,14522901.331329346
2024-05-01 00:00:00,88.55992931734909,89.54337451464733,87.98376644261009,88.2519760131836,410000,36183310.16540527
2024-05-02 00:00:00,88.90760383401145,91.97714763577375,87.44733248020378,89.78177642822266,437000,39234636.2991333
2024-05-03 00:00:00,91.04338493714009,91.23212220411284,89.94073124192806,90.53675842285156,296100,26807934.169006348
2024-05-06 00:00:00,91.1427254829396,92.10630646361165,90.6758351043544,91.5003433227539,173500,15875309.566497803
2024-05-07 00:00:00,91.37119977144269,92.82153531335175,90.6957002991525,92.38444519042969,132400,12231700.54321289
2024-05-08 00:00:00,91.87782322695075,92.00696763086003,90.5168958606842,91.17252349853516,220000,20057955.169677734
2024-05-09 00:00:00,91.48046607209683,93.25861923241514,90.95397527748518,92.96060943603516,149100,13860426.866912842
2024-05-10 00:00:00,93.37781275324713,94.16258464223655,92.8811222598788,93.75529479980469,333300,31248639.756774902
2024-05-13 00:00:00,94.5202125487688,95.11623968900419,92.50365014187598,92.61292266845703,256500,23755214.66445923
2024-05-14 00:00:00,94.02352366202797,95.20564203034392,93.3380882702633,94.3513412475586,348600,32890877.558898926
2024-05-15 00:00:00,95.12618313367801,95.50366525055921,94.04339371538943,95.21558380126953,324100,30859370.709991455
2024-05-16 00:00:00,95.29505296589133,95.46392594058342,92.2255013054045,92.87120056152344,232400,21583267.010498047
2024-05-17 00:00:00,93.1493465063282,93.63610872352743,92.38444636042416,92.9308090209961,202500,18818488.82675171
2024-05-20 00:00:00,92.7917354809603,93.5268353989494,92.38444557764012,92.44404602050781,136400,12609367.877197266
2024-05-21 00:00:00,92.20564074171003,93.86458549188622,91.24205978535112,93.80498504638672,319600,29980073.220825195
2024-05-22 00:00:00,93.18843107909527,93.73537294210632,92.09455494000429,93.52654266357422,282300,26402542.993927002
2024-05-23 00:00:00,93.63592147566175,94.45135716011812,91.06033312954578,91.93543243408203,252500,23213696.689605713
2024-05-24 00:00:00,92.50226139487529,93.0392567468882,91.7365504367959,92.91992950439453,266500,24763161.212921143
2024-05-28 00:00:00,93.38731700240123,93.67569623661032,92.39288282754579,92.92987060546875,241600,22451856.73828125
2024-05-29 00:00:00,91.44817935864755,93.44699447060098,91.28907381230083,92.72105407714844,358700,33259042.097473145
2024-05-30 00:00:00,93.2083213681779,94.68007974282206,93.2083213681779,94.66019439697266,288500,27309466.08352661
2024-05-31 00:00:00,95.07784756671293,95.94300798920113,92.98953741570142,94.998291015625,271300,25773036.352539062
2024-06-03 00:00:00,95.87341407527845,95.97285598744669,92.66138796241627,94.19281768798828,254900,24009749.228668213
2024-06-04 00:00:00,93.44699394888902,94.92869895634679,92.5420550790163,93.86465454101562,558200,52395250.16479492
2024-06-05 00:00:00,94.20276376675606,94.51103596928567,92.61166283090016,93.68565368652344,269900,25285757.929992676
2024-06-06 00:00:00,93.41716747471385,94.19282507213724,92.78073008262635,93.8547134399414,158600,14885357.551574707
2024-06-07 00:00:00,93.15860245835783,93.38732567807243,91.75644649982483,91.85589599609375,157100,14430561.260986328
2024-06-10 00:00:00,90.46368279762326,94.00386621610656,90.46368279762326,93.89447784423828,498900,46843954.99649048
2024-06-11 00:00:00,93.12876860820985,95.41596282069497,92.58182673841385,94.44142150878906,403500,38107113.57879639
2024-06-12 00:00:00,96.60929129775374,97.70316748246117,95.30657723887423,96.34078979492188,348200,33545863.006591797
2024-06-13 00:00:00,96.21150738361175,97.84237883980067,94.95851818636828,97.68327331542969,347700,33964474.1317749
2024-06-14 00:00:00,96.2612364632681,97.54404994299561,95.1971921410378,96.48995208740234,597200,57623799.38659668
2024-06-17 00:00:00,95.8137410307111,99.63237259796728,95.39608045541273,99.5428695678711,290600,28927157.89642334
2024-06-18 00:00:00,99.75168988089027,100.73618517884694,98.70753854705383,99.97046661376953,343100,34299867.095184326
2024-06-20 00:00:00,99.07547797575727,100.4279091132908,97.4147746598067,98.97603607177734,368700,36492464.49966431
2024-06-21 00:00:00,99.10532651335657,99.62242901389098,97.71311696847394,98.5782699584961,636500,62745068.82858276
2024-06-24 00:00:00,99.06554277821539,99.06554277821539,97.26561162547712,97.375,214400,20877200.0
2024-06-25 00:00:00,97.16617131790818,97.72305207960882,95.15741743682273,95.93307495117188,160900,15435631.759643555
2024-06-26 00:00:00,95.39607772194175,96.30100894249173,93.60609304062244,94.77952575683594,333200,31580537.982177734
2024-06-27 00:00:00,94.96846756775699,96.5595607949615,94.24252725228787,96.4501724243164,148000,14274625.518798828
2024-06-28 00:00:00,97.21589396415833,97.21589396415833,94.0436462932039,94.44142150878906,1448800,136826731.4819336
2024-07-01 00:00:00,94.91874519318331,95.56512896670544,89.80735380546318,89.8570785522461,350600,31503891.74041748
2024-07-02 00:00:00,89.85708193278309,91.11007124692628,89.52891680030463,90.17530059814453,222900,20100074.503326416
2024-07-03 00:00:00,90.88135252648658,90.97085556111021,89.83719344849126,90.80179595947266,145100,13175340.593719482
2024-07-05 00:00:00,90.18524068988316,90.50345933274907,89.33996554411442,90.0460205078125,182800,16460412.548828125
2024-07-08 00:00:00,90.61285561455612,91.50784040974897,90.50346723524473,90.99073791503906,207500,18880578.117370605
2024-07-09 00:00:00,90.84156918745704,90.84156918745704,88.26598806590503,88.28587341308594,146400,12925051.867675781
2024-07-10 00:00:00,89.08142615351258,90.49352103450613,87.81849034753614,90.11563873291016,199800,18005104.61883545
2024-07-11 00:00:00,91.55755905102632,94.05359108717111,89.36980678461586,93.4569320678711,218700,20439031.04324341
2024-07-12 00:00:00,95.06790435282969,95.06790435282969,93.48675767725884,94.10330200195312,150500,14162546.951293945
2024-07-15 00:00:00,94.87898364302171,96.10213362766542,94.28231697185399,95.187255859375,220500,20988789.916992188
2024-07-16 00:00:00,96.29106347003464,98.29981717538035,96.06234027038568,98.22026062011719,300200,29485722.23815918
2024-07-17 00:00:00,97.42472570111302,99.81136944335678,97.42472570111302,99.16498565673828,226300,22441036.254119873
2024-07-18 00:00:00,98.45893882051827,103.21233339903152,98.45893882051827,101.66101837158203,1089800,110790177.8213501
2024-07-19 00:00:00,101.08424737182268,101.70079177766952,99.40365098931696,100.52735900878906,463300,46574325.42877197
2024-07-22 00:00:00,100.706362491797,104.55482612723274,99.59260088421972,103.8189468383789,293000,30418951.42364502
2024-07-23 00:00:00,103.2023829745595,103.9283232992958,101.51184782162335,101.8797836303711,277700,28292015.914154053
2024-07-24 00:00:00,101.5317370792029,102.22784561782217,98.7274327515109,98.79704284667969,271700,26843156.54144287
2024-07-25 00:00:00,99.41360302791527,100.4677010094483,97.33523129446144,98.26005554199219,336900,33103812.712097168
2024-07-26 00:00:00,100.1594277081469,101.44224891422573,99.5229903389665,99.9406509399414,222800,22266777.029418945
2024-07-29 00:00:00,100.25886046450302,100.40802711891759,96.51978557198527,96.86784362792969,421900,40868543.226623535
2024-07-30 00:00:00,97.43466750004362,97.43466750004362,95.53529451203153,96.11206817626953,372800,35830579.01611328
2024-07-31 00:00:00,94.61046348870909,100.49751177764534,92.78070831252501,97.83242797851562,470600,46039940.60668945
2024-08-01 00:00:00,97.96171760685544,99.00586899070983,94.34197763563154,94.76958465576172,455500,43167545.81069946
2024-08-02 00:00:00,91.57745003105777,93.6160433582531,90.49352029778939,93.34754943847656,243400,22720793.533325195
2024-08-05 00:00:00,89.33004145744898,91.657014246197,88.54443739313867,89.53887176513672,214800,19232949.655151367
2024-08-06 00:00:00,89.39964582264493,90.61285689253192,88.61404180875202,89.0416488647461,324900,28929631.716156006
2024-08-07 00:00:00,90.20512766284574,90.77195486776634,87.85826228427915,88.16654205322266,267400,23575733.34503174
2024-08-08 00:00:00,89.08142389931405,90.08579705136103,88.13670678883273,89.49908447265625,173000,15483341.613769531
2024-08-09 00:00:00,89.40958667840147,90.1752977093903,88.5145943398273,89.92668914794922,175700,15800119.283294678
2024-08-12 00:00:00,89.33003219178805,89.8371882063117,87.79860250732507,87.94776916503906,146300,12866758.628845215
2024-08-13 00:00:00,89.06152221166661,89.06152221166661,87.0826003293907,88.14664459228516,179400,15813508.039855957
2024-08-14 00:00:00,88.40520161499624,88.40520161499624,86.40638675504036,86.77433013916016,158500,13753731.327056885
2024-08-15 00:00:00,88.59413576587278,89.83717846718044,86.57543563285802,88.88252258300781,254100,22585048.988342285
2024-08-16 00:00:00,88.54442720883297,89.63830337482767,87.97759998546735,89.0217514038086,121200,10789436.270141602
2024-08-19 00:00:00,89.07152797437634,91.39115265799724,88.80272622206184,91.38119506835938,222400,20323177.783203125
2024-08-20 00:00:00,90.90332678976385,91.02279507560206,88.18548974682786,88.2153549194336,247200,21806835.736083984
2024-08-21 00:00:00,88.882369092346,89.02174496144963,87.76736213951696,88.2153549194336,209900,18516402.99758911
2024-08-22 00:00:00,88.22532208617201,88.32487520413667,86.36364763902706,86.42337799072266,180000,15556208.038330078
2024-08-23 00:00:00,86.97093061339721,90.19649869293848,86.65235608202791,89.7385482788086,217500,19518134.25064087
2024-08-26 00:00:00,90.50511095327187,91.31150096492425,89.68875575723918,89.8978271484375,198000,17799769.775390625
2024-08-27 00:00:00,89.79827257361406,90.94315232943269,88.95205974380563,89.0516128540039,173800,15477170.314025879
2024-08-28 00:00:00,89.21090329857506,89.5294778062873,87.9166900885729,88.07598114013672,129300,11388224.361419678
2024-08-29 00:00:00,88.91223673381039,90.01729372339885,88.15562702207168,89.36023712158203,170200,15209112.358093262
2024-08-30 00:00:00,89.47969550372228,91.46083803843997,88.95205719889329,89.43987274169922,357200,31947922.54333496
2024-09-03 00:00:00,88.62352785970435,89.33037241328574,86.00524383758977,87.1501235961914,221200,19277607.33947754
2024-09-04 00:00:00,86.36364518400367,88.91224138944813,85.73645372278077,88.83260345458984,209900,18645963.46511841
2024-09-05 00:00:00,89.25073090022852,89.25073090022852,87.37909891995935,87.97643280029297,182200,16029306.056213379
2024-09-06 00:00:00,88.29501077162833,89.11135849847689,86.53288942761307,87.45874786376953,291100,25459241.50314331
2024-09-09 00:00:00,87.07048628140153,87.95652196008928,85.84596847621114,86.53289031982422,197700,17107552.416229248
2024-09-10 00:00:00,86.7220414881802,87.41892088161053,84.32277118502651,84.55175018310547,307000,25957387.30621338
2024-09-11 00:00:00,84.43228008713162,85.21876258317003,82.27194641818684,85.17893981933594,544500,46379932.73162842
2024-09-12 00:00:00,85.71652724910354,86.9012296707413,84.72098103809093,86.84149932861328,206800,17958822.061157227
2024-09-13 00:00:00,88.08594115262933,89.33037404439366,87.36914659170658,89.22086334228516,233400,20824149.504089355
2024-09-16 00:00:00,89.97747594977534,89.97747594977534,88.71313543328476,89.32041931152344,345600,30869136.9140625
2024-09-17 00:00:00,90.53498206806928,91.56039353178525,90.06707409637394,90.15666961669922,210100,18941916.286468506
2024-09-18 00:00:00,90.06708188105185,93.22296207109041,89.50957834084508,91.01284790039062,202400,18421000.415039062
2024-09-19 00:00:00,93.25282731465083,94.35788440080105,91.68981980651108,92.23737335205078,173500,16003184.27658081
2024-09-20 00:00:00,91.64003600769216,91.96856050003207,90.61461698269157,90.79381561279297,530900,48202436.70883179
2024-09-23 00:00:00,91.34138295330179,91.9586244607421,90.6245883241237,91.54048919677734,243200,22262646.97265625
2024-09-24 00:00:00,91.91878995340615,93.6510383557387,91.44092439651337,93.412109375,298900,27920879.4921875
2024-09-25 00:00:00,93.58135310034868,93.89992761559708,91.91879258625286,93.45193481445312,293500,27428142.868041992
2024-09-26 00:00:00,94.57690648433469,97.08568003014658,93.58136010028906,96.8865737915039,296900,28765623.75869751
2024-09-27 00:00:00,97.77260848655715,98.98717627819649,96.55804069491782,97.38434600830078,285300,27783753.916168213
2024-09-30 00:00:00,97.28479126983868,98.16086933008599,96.62772702809124,98.07127380371094,293300,28764304.606628418
2024-10-01 00:00:00,98.03144100173247,98.98716449563462,96.38878816095077,98.88761138916016,252900,25008676.920318604
2024-10-02 00:00:00,98.85774993896484,99.57453688981863,97.25491979950597,98.85774993896484,309200,30566816.28112793
2024-10-03 00:00:00,97.9318840192249,98.22059333336466,96.47838745506303,97.32460021972656,253400,24662053.69567871
2024-10-04 00:00:00,98.86771331439775,99.83339456463149,97.39430885468528,99.48495483398438,283000,28154242.218017578
2024-10-07 00:00:00,98.68851322462828,100.25152078982804,98.33011590817593,99.43517303466797,170800,16983527.55432129
2024-10-08 00:00:00,99.08672332573538,99.12654608970851,97.73277973231129,98.29029083251953,164400,16158923.812866211
2024-10-09 00:00:00,98.0911824059964,98.4296721206714,95.58240890107412,95.98062896728516,272600,26164319.456481934
2024-10-10 00:00:00,94.89548575003529,95.93085495246311,94.00945003173568,94.33798217773438,222300,20971333.43811035
2024-10-11 00:00:00,93.82027831061674,96.23945604930941,93.82027831061674,95.81137084960938,134600,12896210.516357422
2024-10-14 00:00:00,95.42310870791742,98.7283220290736,94.99502350689048,98.62876892089844,223900,22082981.36138916
2024-10-15 00:00:00,98.46948713712422,99.47498342078826,97.0757208127853,97.57349395751953,253900,24773910.11581421
2024-10-16 00:00:00,98.06130572186737,98.41970297985462,97.1852277553514,97.97171020507812,216700,21230469.60144043
2024-10-17 00:00:00,98.02149039516202,99.54467505943153,97.58344758097158,99.50485229492188,230700,22955769.424438477
2024-10-18 00:00:00,99.89310796616995,101.04794527222322,97.71286682419345,98.21063995361328,175400,17226146.24786377
2024-10-21 00:00:00,98.4396210945663,98.4396210945663,96.4186632041219,97.27483367919922,272200,26478209.727478027
2024-10-22 00:00:00,97.1653215620613,97.91198131934468,94.66649811430312,94.83574676513672,311300,29522367.96798706
2024-10-23 00:00:00,99.55463112405164,112.38722246830865,99.1962338443718,111.65052032470703,1865200,208250550.50964355
2024-10-24 00:00:00,112.58631869502999,117.74324843315108,111.00340384651561,117.4943618774414,892700,104887216.84799194
2024-10-25 00:00:00,118.02202839461611,118.02202839461611,112.4867852627836,113.90046691894531,430300,49011370.91522217
2024-10-28 00:00:00,114.98559542570266,117.57401423654882,113.81085051061046,116.4590072631836,514100,59871575.634002686
2024-10-29 00:00:00,114.76658604871585,115.44355789433946,113.62170618687082,114.27877044677734,278800,31860921.200561523
2024-10-30 00:00:00,112.81531637144471,116.47892738268247,112.81531637144471,115.19467163085938,341300,39315941.427612305
2024-10-31 00:00:00,114.73671124747518,114.73671124747518,110.76448363122037,110.92376708984375,315900,35040818.02368164
2024-11-01 00:00:00,111.50118806354008,114.59733773258057,111.07310284126523,114.39823150634766,400200,45782172.24884033
2024-11-04 00:00:00,113.61174774526857,115.60284036726155,112.7057969564623,114.4081802368164,389000,44504782.11212158
2024-11-05 00:00:00,114.21903020600018,115.70239206453083,113.53210082927903,115.15483856201172,293300,33774914.15023804
2024-11-06 00:00:00,119.36601161552807,121.45665747928501,115.85173413487762,119.06734466552734,485400,57795289.10064697
2024-11-07 00:00:00,118.96779390657944,118.96779390657944,116.1703109741211,116.1703109741211,354100,41135907.11593628
2024-11-08 00:00:00,116.34950771610326,118.41028841093666,114.7865002093496,118.39037322998047,567700,67210214.88265991
2024-11-11 00:00:00,119.46555861004644,119.46555861004644,117.08620350869627,117.95233154296875,318600,37579612.829589844
2024-11-12 00:00:00,117.01651597671517,117.20567220903821,113.18366414373712,113.72126007080078,306000,34798705.58166504
2024-11-13 00:00:00,115.66257695036016,121.07835160465983,114.70685335173364,120.36155700683594,726900,87490815.78826904
2024-11-14 00:00:00,120.84936627831938,122.35264333705477,116.71784756196546,117.22557830810547,655000,76782753.79180908
2024-11-15 00:00:00,117.94236981332817,118.81844781136905,115.77207860427163,115.90149688720703,259000,30018487.69378662
2024-11-18 00:00:00,115.95127656075276,117.69348255246393,115.55305652927856,117.25543975830078,208600,24459484.733581543
2024-11-19 00:00:00,115.98115810597372,118.74877594250628,115.98115810597372,117.673583984375,337000,39655997.802734375
2024-11-20 00:00:00,116.82736707032514,118.10166523123617,115.58293408577669,118.01206970214844,191400,22587510.14099121
2024-11-21 00:00:00,117.53420103872247,118.95783263985435,117.1359885703517,118.64921569824219,332600,39462729.14123535
2024-11-22 00:00:00,118.45009787845385,120.72989213992902,117.96227474020647,120.15248107910156,386300,46414903.44085693
2024-11-25 00:00:00,121.4566513525389,125.03065900473621,121.24758753625079,123.52738952636719,531500,65654807.53326416
2024-11-26 00:00:00,123.64685185012594,125.03066064905248,122.67122069461733,123.63690185546875,592500,73254864.34936523
2024-11-27 00:00:00,124.09483413622407,126.66334513001989,123.72647931147493,124.70211791992188,737800,92005222.60131836
2024-11-29 00:00:00,125.40897510344814,126.74300356854924,125.23973404660683,125.45874786376953,264500,33183838.80996704
2024-12-02 00:00:00,125.63794508438819,125.99634237446297,124.13467557951343,124.61253356933594,257700,32112649.90081787
2024-12-03 00:00:00,124.56277024172326,124.56277024172326,123.09931579567149,123.55726623535156,217000,26811926.77307129
2024-12-04 00:00:00,123.53734303299548,125.79723750289114,122.76081809458758,123.43778991699219,351200,43351351.818847656
2024-12-05 00:00:00,124.05502286279228,124.05502286279228,121.4168236952366,121.6059799194336,214500,26084482.692718506
2024-12-06 00:00:00,122.4024132784265,122.4024132784265,120.43123587828569,122.27299499511719,324900,39726496.073913574
2024-12-09 00:00:00,122.45220049416069,123.94552001238216,121.30732067777438,122.83050537109375,544300,66856644.07348633
2024-12-10 00:00:00,122.61148811549356,126.39455956494147,120.55069994656209,125.30941772460938,635800,79671727.78930664
2024-12-11 00:00:00,125.4388357962812,126.83260215754521,123.75636009197268,124.4532470703125,383500,47727820.251464844
2024-12-12 00:00:00,124.21431587591043,127.65890536675202,124.21431587591043,126.5538558959961,465800,58948786.07635498
2024-12-13 00:00:00,126.21509790622044,126.51399997804361,122.27959703512288,122.41908264160156,387300,47412910.707092285
2024-12-16 00:00:00,122.00061643195333,123.41541093625729,120.83491205144674,121.80135345458984,326600,39780322.03826904
2024-12-17 00:00:00,121.82128227709201,122.70802309063708,120.22715558117152,120.55594635009766,656000,79084700.80566406
2024-12-18 00:00:00,121.15374706845039,125.7767184459613,120.2271597069314,122.46890258789062,698600,85556775.34790039
2024-12-19 00:00:00,123.10655396189645,123.77410095605201,120.67551350441161,123.14640808105469,612200,75390231.02722168
2024-12-20 00:00:00,122.55856634822976,125.91619388249826,121.66186774805593,124.32206726074219,1028300,127840381.76422119
2024-12-23 00:00:00,124.53129957237032,128.12805951513417,123.72427460760419,126.9723129272461,662600,84131854.54559326
2024-12-24 00:00:00,127.50036499506433,132.12333608292693,127.21142835189849,130.0808563232422,672800,87518400.13427734
2024-12-26 00:00:00,129.69231176312582,131.79456927889325,128.34727499601757,131.17684936523438,489700,64237303.13415527
2024-12-27 00:00:00,130.66869039486164,132.20304730776144,126.9822719564941,127.90886688232422,2802100,358413435.8909607
2024-12-30 00:00:00,128.446872443457,128.97492617108986,125.46784762443302,126.95237731933594,751600,95417406.79321289
2024-12-31 00:00:00,127.40073865074017,127.77934137014924,125.14903038982274,126.63356018066406,372300,47145674.45526123
2025-01-02 00:00:00,127.53024943529878,128.8354393994167,124.48148184218265,124.8600845336914,574200,71694660.5392456
2025-01-03 00:00:00,127.53025217473908,130.88787973038407,124.55122731873549,127.15164947509766,3537200,449760814.5233154
2025-01-06 00:00:00,126.135389288463,128.36716658670406,125.36821845517233,127.25128173828125,1563400,198944653.8696289
2025-01-07 00:00:00,126.33466189032937,126.53392487319351,122.60838177932659,123.40544891357422,2205300,272146036.4891052
2025-01-08 00:00:00,122.13015293242353,122.8973238116079,119.1511202786942,121.74158477783203,1006700,122557253.3958435
2025-01-10 00:00:00,119.74891100121931,122.2596593796549,119.58949454473705,121.36296081542969,852600,103474060.39123535
2025-01-13 00:00:00,120.55594090418865,123.34566819707513,118.69280089916705,122.58845520019531,546500,66994590.76690674
2025-01-14 00:00:00,123.3855078750746,125.36821011755771,120.6954198213649,121.53234100341797,390600,47470532.39593506
2025-01-15 00:00:00,124.0829502306165,125.53759124879221,122.97702322340837,125.10916900634766,681200,85224365.92712402
2025-01-16 00:00:00,125.79663760601045,126.55384299125862,123.06668772298941,123.54492950439453,717000,88581714.45465088
2025-01-17 00:00:00,123.33570754903853,126.57378046744738,120.77513942222951,123.3954849243164,410900,50703204.75540161
2025-01-21 00:00:00,124.14272827379645,128.1180832230812,122.80764959562786,126.36454772949219,387700,48991535.15472412
2025-01-22 00:00:00,126.76307892464204,127.09186207268903,125.15898689403696,126.06564331054688,296800,37416282.93457031
2025-01-23 00:00:00,126.03575520712846,129.81183952371103,125.04939055563726,128.4767608642578,529100,67977054.17327881
2025-01-24 00:00:00,127.91881789742013,131.21666801776834,127.48043023136952,130.73843383789062,408200,53367428.69262695
2025-01-27 00:00:00,129.70223553053003,132.95028114615698,129.53286125038838,130.67864990234375,436800,57080434.27734375
2025-01-28 00:00:00,130.90781133094504,131.98384966410237,127.19150431188598,127.82915496826172,351000,44868033.39385986
2025-01-29 00:00:00,127.4605150307159,128.99486435747772,125.328369140625,125.328369140625,486100,60922120.23925781
2025-01-30 00:00:00,126.71327428936715,129.74211898920055,126.5339345505153,128.3771514892578,334700,42967832.60345459
2025-01-31 00:00:00,127.91883426632108,133.4883164572652,127.18155204385074,132.5119171142578,447800,59338836.48376465
2025-02-03 00:00:00,130.39969581054453,130.66869400691934,127.62989919036117,128.56643676757812,354900,45628228.40881348
2025-02-04 00:00:00,127.3608828109016,130.26020714854053,127.03209204245675,127.59003448486328,234400,29907104.083251953
2025-02-05 00:00:00,128.52658446092124,128.77566698894628,124.67078419059122,126.45421600341797,420400,53161352.407836914
2025-02-06 00:00:00,126.71325307176538,129.96129108648032,126.24497674309667,129.5229034423828,408000,52845344.60449219
2025-02-07 00:00:00,129.32364710456244,130.31997718209715,127.02211945650852,127.06197357177734,298500,37927999.11117554
2025-02-10 00:00:00,127.22138721158395,129.23397818035406,127.16160223930889,127.8689956665039,398100,50904647.174835205
2025-02-11 00:00:00,124.2224350209988,128.47676112971618,123.62463849162944,126.95237731933594,237600,30163884.85107422
2025-02-12 00:00:00,124.95972058247052,126.85274931191029,122.80765149741353,125.2486572265625,385600,48295882.2265625
2025-02-13 00:00:00,125.33832067847148,126.7331766378411,123.54492358586072,123.95342254638672,375200,46507324.1394043
2025-02-14 00:00:00,123.95343429309708,124.65086233887514,122.93717331051123,123.50508117675781,427700,52823123.21929932
2025-02-18 00:00:00,123.04676736261045,123.71430670534396,121.69175781835995,123.52500915527344,428600,52942818.923950195
2025-02-19 00:00:00,122.77775457403622,123.44529387867743,121.08398893967804,122.05043029785156,419800,51236770.639038086
2025-02-20 00:00:00,122.3493390601422,122.57849072587302,120.56590727277072,120.95447540283203,289500,35016320.62911987
2025-02-21 00:00:00,121.78143956211791,122.07036862109432,117.76622260706445,118.48358154296875,367800,43578261.291503906
2025-02-24 00:00:00,116.78981490190222,118.87214115088702,116.21194162271583,116.80973815917969,588500,68742530.90667725
2025-02-25 00:00:00,119.06144732551907,135.9293086743806,116.84959328031962,134.70382690429688,1518100,204493879.6234131
2025-02-26 00:00:00,133.65769278744233,138.53971998184204,133.53813802606518,134.753662109375,944200,127234407.76367188
2025-02-27 00:00:00,132.51188884399605,135.50087881792078,130.7085339921744,130.86795043945312,521000,68182202.17895508
2025-02-28 00:00:00,130.51924907799923,134.00640458771676,129.20408598842297,131.5155792236328,511800,67309673.44665527
2025-03-03 00:00:00,131.67498951968045,133.20933118276298,128.66606836421218,128.77566528320312,419000,53957003.75366211
2025-03-04 00:00:00,127.32101751101723,134.504556231667,125.99589672528897,131.39601135253906,743000,97627236.43493652
2025-03-05 00:00:00,132.2129914536672,132.91041943154147,130.1207075200443,130.67864990234375,528500,69063666.47338867
2025-03-06 00:00:00,129.14432867752438,132.770970362997,128.0184857759324,130.58901977539062,509000,66469811.06567383
2025-03-07 00:00:00,131.47572771267923,133.66765090925043,130.75836881885,132.44215393066406,500500,66287298.04229736
2025-03-10 00:00:00,131.61457876862647,131.95358236555336,125.49250730417039,127.22742462158203,533000,67812217.32330322
2025-03-11 00:00:00,127.68608892221563,128.05500373038885,123.56815040431782,124.97402954101562,574100,71747590.35949707
2025-03-12 00:00:00,125.13355614810658,127.4866658603376,123.83734893798828,123.83734893798828,504300,62451175.06942749
2025-03-13 00:00:00,123.12942246063677,123.44848779623385,119.80915142702636,119.9188232421875,373500,44789680.48095703
2025-03-14 00:00:00,120.39743247189105,124.13648316977587,119.36046816549015,123.14937591552734,762700,93926029.0107727
2025-03-17 00:00:00,122.38161411915621,126.61920470950072,122.1822011342224,125.4426498413086,309200,38786867.33093262
2025-03-18 00:00:00,124.71478903125816,126.49956344185723,124.12650777741743,126.05087280273438,274200,34563149.322509766
2025-03-19 00:00:00,125.75175595952203,127.09781269093932,123.63794322390564,126.03093719482422,560600,70652943.39141846
2025-03-20 00:00:00,124.89425882926857,126.27022666586986,124.68487291546734,125.2232894897461,479300,60019522.6524353
2025-03-21 00:00:00,124.84441131121486,125.5423720176218,122.87019676915925,123.76756286621094,922600,114187953.50036621
2025-03-24 00:00:00,125.66200372013023,128.44386571764667,125.66200372013023,127.84561157226562,541600,69241183.22753906
2025-03-25 00:00:00,125.97109862579168,128.87260542448277,125.97109862579168,127.30718994140625,489400,62304138.75732422
2025-03-26 00:00:00,127.02802197665125,128.91249538310137,126.13064825420948,126.39985656738281,316500,40005554.60357666
2025-03-27 00:00:00,126.16055349481375,127.28725896263039,123.61800360942458,125.52242279052734,364300,45727818.62258911
2025-03-28 00:00:00,125.06376774917585,125.61216489307301,120.99567877386092,121.8830795288086,289400,35272963.21563721
2025-03-31 00:00:00,120.90594287244676,122.88015733809206,117.75516590133564,121.84319305419922,404800,49322124.548339844
2025-04-01 00:00:00,120.76634849105936,123.75758889113773,120.4572484768779,123.71770477294922,369600,45726063.68408203
2025-04-02 00:00:00,122.77047830231292,125.40276933629941,122.31182233805507,124.95408630371094,274900,34349878.32489014
2025-04-03 00:00:00,120.34757198094681,121.37457093326643,110.94510579037893,112.16154479980469,717500,80475908.39385986
2025-04-04 00:00:00,108.871175590763,109.5890744603669,100.03704553658082,103.34735107421875,925800,95678977.62451172
2025-04-07 00:00:00,99.58837162854782,106.44828854802198,95.74961422612915,100.56551361083984,620000,62350618.4387207
2025-04-08 00:00:00,105.16204751134393,105.16204751134393,93.93492258555351,95.25106811523438,638400,60808281.884765625
2025-04-09 00:00:00,94.4833218148651,104.67348266876417,89.81698617789569,102.210693359375,2018600,206322505.61523438
2025-04-10 00:00:00,99.31915146715086,101.43296406235605,93.68564726174998,95.5801010131836,818300,78213196.65908813
2025-04-11 00:00:00,95.17130181510137,96.24815025418413,91.07330159452385,95.63993072509766,986300,94329663.67416382
2025-04-14 00:00:00,96.84639529321028,98.42178380573218,93.66571468697762,96.22821044921875,647500,62307766.26586914
2025-04-15 00:00:00,95.71970616329409,98.42179278900782,95.49037435347893,95.9889144897461,398500,38251582.42416382
2025-04-16 00:00:00,95.08155586849345,97.45460369115838,94.20412814744225,95.04167175292969,502200,47729927.55432129
2025-04-17 00:00:00,94.78243758651514,95.8592859851506,93.70559679499759,93.99474334716797,387000,36375965.675354004
2025-04-21 00:00:00,92.52903814522573,92.67859407747729,89.94659667966292,91.3125991821289,376300,34360931.07223511
2025-04-22 00:00:00,92.70851828937182,94.72261690162173,91.51201751160683,94.44343566894531,556500,52557771.94976807
2025-04-23 00:00:00,97.31502690397458,101.23355243071644,96.63701205738175,98.57135009765625,626900,61794379.3762207
2025-04-24 00:00:00,98.65111270428044,103.0881163392331,98.01298201536855,102.42007446289062,524800,53750055.078125
2025-04-25 00:00:00,101.69220846186818,103.82595950215236,101.32329365281835,102.7790298461914,348700,35839047.70736694
2025-04-28 00:00:00,102.7291637375634,104.99253987415972,101.48281358524487,103.07814025878906,490000,50508288.72680664
2025-04-29 00:00:00,103.04823920166648,106.38845641679193,103.04823920166648,105.19196319580078,512100,53868804.35256958
2025-04-30 00:00:00,104.35441303329576,105.51102206137985,99.81769526956622,104.9526596069336,576400,60494712.99743652
2025-05-01 00:00:00,106.32862765317037,106.33860058476333,104.54385325392731,105.1819839477539,356600,37507895.47576904
2025-05-02 00:00:00,107.68465825354366,108.59200485876329,105.65061379590034,106.84711456298828,441500,47173001.079559326
2025-05-05 00:00:00,106.68757825354014,106.68757825354014,102.17080629788894,102.29045104980469,834800,85392068.53637695
2025-05-06 00:00:00,102.36025410432109,105.96967945824281,99.54848071657459,104.65353393554688,754400,78950626.00097656
2025-05-07 00:00:00,105.5608782117644,108.85123814226621,104.96262403611149,105.93976593017578,700100,74168430.12771606
2025-05-08 00:00:00,108.4723544796745,113.10877887163507,107.32571074295679,111.73280334472656,730400,81609639.56298828
2025-05-09 00:00:00,111.77269599826963,112.75980332897663,111.02488580076945,112.07182312011719,604900,67792245.80535889
2025-05-12 00:00:00,117.1469412895553,119.15107446281398,116.58857885605741,117.326416015625,590700,69304713.94042969
2025-05-13 00:00:00,118.10414347981116,120.03848145021351,117.85487343649612,118.43318176269531,456700,54088434.11102295
2025-05-14 00:00:00,118.15401027917991,119.88892779379238,116.44900395509408,116.68830108642578,546700,63793494.203948975
2025-05-15 00:00:00,115.9205442031687,118.53288941401894,115.0730275690599,118.19388580322266,508600,60113410.31951904
2025-05-16 00:00:00,118.18391804466867,119.62968893754532,116.35925940423732,118.96163940429688,418100,49737861.43493652
2025-05-19 00:00:00,116.02024856998923,118.5328872378348,116.02024856998923,118.38333129882812,283100,33514321.090698242
2025-05-20 00:00:00,117.99447514001527,118.89184890169834,116.85780424425627,117.19681549072266,273800,32088488.081359863
2025-05-21 00:00:00,116.20969427376562,116.87773614711111,113.58736861638725,113.72695922851562,534800,60821177.795410156
2025-05-22 00:00:00,113.10877738139841,115.48182545713551,112.64014848244405,114.16567993164062,304600,34774866.107177734
2025-05-23 00:00:00,111.82253855229776,114.3750612611234,110.74569018184279,112.98912048339844,365800,41331420.27282715
2025-05-27 00:00:00,115.54389891413858,119.01680580940362,114.6557144211744,118.10865783691406,471800,55723664.767456055
2025-05-28 00:00:00,118.14858310399909,119.32617719841205,116.13270555958212,116.65164184570312,317800,37071891.77856445
2025-05-29 00:00:00,116.83127704987363,117.4100961733897,115.83331619436474,116.52191162109375,304100,35434313.32397461
2025-05-30 00:00:00,115.08484411985484,115.91315344693515,113.64777806938652,114.57588195800781,403900,46277198.722839355
2025-06-02 00:00:00,113.45816896378588,113.45816896378588,111.74167512153242,112.56998443603516,332300,37407005.82809448
2025-06-03 00:00:00,113.76752832540008,116.86120520446383,112.63983539087505,116.68157196044922,509100,59402588.2850647
2025-06-04 00:00:00,116.48198764498699,119.41599488003293,116.48198764498699,118.24837493896484,494400,58461996.56982422
2025-06-05 00:00:00,118.52780450326226,120.9428754998912,118.378116469738,120.25428009033203,618800,74413348.51989746
2025-06-06 00:00:00,122.37993774398166,122.75916774432896,120.4239353684753,121.61151123046875,374700,45567833.25805664
2025-06-09 00:00:00,122.44979595092052,124.3359413899252,120.8331042111092,123.52759552001953,364500,45025808.56704712
2025-06-10 00:00:00,123.67728156215674,124.13634261394859,121.85101148097155,123.10844421386719,310200,38188239.3951416
2025-06-11 00:00:00,123.28807733021819,123.94672749466673,120.8730140375125,121.46180725097656,379000,46034024.94812012
2025-06-12 00:00:00,120.49378606091774,121.13248037017577,119.52576285705695,120.2642593383789,422800,50847728.8482666
2025-06-13 00:00:00,118.74736021706016,119.38605455629606,116.85123306639984,117.64960479736328,308400,36283138.119506836
2025-06-16 00:00:00,119.04674979315794,121.23228647425088,118.62760806670744,121.10254669189453,398800,48295695.62072754
2025-06-17 00:00:00,119.59562613798387,120.82312134926156,118.53779005989088,118.89705657958984,386500,45953712.368011475
2025-06-18 00:00:00,118.557741953049,121.04266212655959,118.557741953049,119.12657928466797,364100,43373987.51754761
2025-06-20 00:00:00,119.69542635365406,120.6734237193774,118.16854747687584,118.47791290283203,578100,68492081.4491272
2025-06-23 00:00:00,118.61762385278631,120.6634465823993,116.80133546220688,120.56364440917969,377200,45476606.67114258
2025-06-24 00:00:00,121.75122441426635,122.33004353798295,119.7054016142295,119.81517791748047,538800,64556417.86193848
2025-06-25 00:00:00,120.00478822593718,120.43391168173517,117.62964422282087,117.72943878173828,367700,43289114.640045166
2025-06-26 00:00:00,117.89909079251883,119.46588897705078,117.77933275300875,119.46588897705078,586900,70114530.2406311
2025-06-27 00:00:00,119.75529985126977,121.66140869521087,118.83717771306422,121.38197326660156,1724500,209323212.8982544
2025-06-30 00:00:00,121.46181065323994,121.57158695269574,119.6854416094451,120.0147705078125,346700,41609120.935058594
2025-07-01 00:00:00,118.71741865944445,124.22616666935599,118.47791019365951,122.78910064697266,360200,44228634.05303955
2025-07-02 00:00:00,122.64938795671947,126.34183999503841,122.08055058619277,125.77300262451172,525800,66131444.77996826
2025-07-03 00:00:00,126.83083562640601,127.59926971347986,125.21414398784997,126.21210479736328,149900,18919194.509124756
2025-07-07 00:00:00,125.08440938163588,125.9426563224103,123.27810267815897,123.50763702392578,356000,43968718.78051758
2025-07-08 00:00:00,124.50558853411434,126.63124224581654,124.15630378531397,125.31393432617188,460900,57757192.33093262
2025-07-09 00:00:00,125.99254842227845,130.25384521484375,124.00660860278369,130.25384521484375,583400,75990093.29833984
2025-07-10 00:00:00,130.2538518810888,134.8544519195241,129.53531886480192,133.8564910888672,671800,89924790.71350098
2025-07-11 00:00:00,132.798661094746,134.30557653572635,130.65303607448047,132.97828674316406,574300,76369430.07659912
2025-07-14 00:00:00,131.52125844989155,132.97828804345258,128.49743818389044,128.85670471191406,471300,60730164.9307251
2025-07-15 00:00:00,130.8226762276953,131.01229121410884,127.19009956338925,127.28990173339844,548100,69767595.14007568
2025-07-16 00:00:00,127.82880621372378,130.16403103196794,127.25996881334349,129.9544677734375,504700,65588019.885253906
2025-07-17 00:00:00,130.26383804398753,134.5450989305973,130.19398869777774,133.227783203125,616300,82108282.78808594
2025-07-18 00:00:00,134.06605030414778,134.06605030414778,131.19193355310506,131.92044067382812,454800,59997416.41845703
2025-07-21 00:00:00,132.62898435452635,133.06808954336992,128.14815010399408,128.68704223632812,382900,49274268.47229004
2025-07-22 00:00:00,127.86872910958274,131.84060904517975,126.50151999847485,131.25181579589844,469000,61557101.60827637
2025-07-23 00:00:00,132.3894832645485,136.03203409022996,132.15994131682845,135.12388610839844,523300,70710329.6005249
2025-07-24 00:00:00,134.59496341740228,135.73263807967444,133.54711679695455,135.20372009277344,321900,43522077.49786377
2025-07-25 00:00:00,135.70271687151728,138.7764382244789,133.85649837096776,138.7365264892578,447300,62056848.29864502
2025-07-28 00:00:00,138.80636028788416,139.96399843942214,137.03998068326837,138.6766357421875,540000,74885383.30078125
2025-07-29 00:00:00,139.89413551165381,140.09373985076323,135.29355091203965,136.8703155517578,562600,77003239.52941895
2025-07-30 00:00:00,136.6108569219525,138.91614399459584,134.7845867822506,137.00006103515625,506200,69349430.8959961
2025-07-31 00:00:00,135.62286259221585,137.74852390580259,135.3035230641109,137.5189971923828,628400,86416937.83569336
2025-08-01 00:00:00,134.31554883904923,134.80455514367273,131.09213951668747,132.58908081054688,686800,91062180.7006836
2025-08-04 00:00:00,132.51920961903178,134.8344860137926,131.85057770183968,133.34751892089844,699100,93223250.4776001
2025-08-05 00:00:00,136.5908848469064,144.36500772317893,136.5908848469064,139.47499084472656,1303000,181735913.0706787
2025-08-06 00:00:00,141.53082192637643,142.08967759307617,134.30557953969097,135.83245849609375,962000,130670825.07324219
2025-08-07 00:00:00,138.2175828889462,138.70658920567863,133.0082258391055,134.40536499023438,596700,80199681.28967285
2025-08-08 00:00:00,135.42328409813217,136.4312343008451,134.3554739086102,135.4632110595703,374800,50771611.50512695
2025-08-11 00:00:00,136.2615725709855,138.71656304886162,135.39335147367945,135.44325256347656,277100,37531325.285339355
2025-08-12 00:00:00,137.2894893307653,140.91207706955666,136.52105516837167,140.5228729248047,401400,56405881.1920166
2025-08-13 00:00:00,142.1994320630787,145.34300231933594,141.1415808819399,145.34300231933594,567600,82496688.11645508
2025-08-14 00:00:00,143.46683667726776,144.24524486976762,139.91409872633557,140.04383850097656,344700,48273111.13128662
2025-08-15 00:00:00,139.9640121585901,140.43305498617687,138.2275547610769,138.3173828125,289800,40084377.5390625
2025-08-18 00:00:00,138.72683601568895,140.4845097821676,138.71683944900687,139.0264434814453,245000,34061478.6529541
2025-08-19 00:00:00,139.57570876003084,140.8040978695551,138.57702734728073,140.7042236328125,268800,37821295.3125
2025-08-20 00:00:00,139.95520869486967,140.02512370638584,138.59700140162084,139.32603454589844,238800,33271057.049560547
2025-08-21 00:00:00,138.66691734661939,140.17492076231363,137.47848405219278,139.61566162109375,249500,34834107.57446289
2025-08-22 00:00:00,140.744156693354,148.56383356763368,138.53707942230025,147.50523376464844,738500,108932615.13519287
2025-08-25 00:00:00,146.07713241967983,146.96595825476314,144.44927686381482,146.00721740722656,362000,52854612.701416016
2025-08-26 00:00:00,146.27685394609333,148.00456836034587,144.66897641369232,145.32810974121094,332000,48248932.43408203
2025-08-27 00:00:00,144.0498063724499,146.2668802341397,143.75019891355456,144.40933227539062,307100,44348105.94177246
2025-08-28 00:00:00,144.95858459444727,144.95858459444727,142.17227047255867,143.87002563476562,315000,45319058.07495117
2025-08-29 00:00:00,144.50918805963667,144.50918805963667,142.06242180389373,143.10104370117188,273600,39152445.556640625
2025-09-02 00:00:00,140.59437319954003,142.22222883811327,139.95521768159765,142.0025177001953,300900,42728557.57598877
2025-09-03 00:00:00,141.66295727834708,142.72155708375445,140.18489789092143,141.2534942626953,391900,55357244.40155029
2025-09-04 00:00:00,137.29871429859898,142.83141777589955,136.89924783495846,141.5231475830078,901400,127568965.23132324
2025-09-05 00:00:00,141.5231474056244,143.66032498462684,138.56704376691596,141.30343627929688,1531300,216377951.9744873
2025-09-08 00:00:00,141.81275431540163,142.84139490577905,140.0351026987105,141.54310607910156,580700,82194081.70013428
2025-09-09 00:00:00,140.774141452922,140.774141452922,138.61698590109341,138.92657470703125,516000,71686112.54882812
2025-09-10 00:00:00,137.01909241190467,141.11369246790107,135.65090369659015,136.33999633789062,689200,93965525.47607422
2025-09-11 00:00:00,136.79936355285062,140.4146003095616,136.3499600045931,139.9552001953125,503000,70397465.69824219
2025-09-12 00:00:00,138.0577198780175,139.26611581784718,137.21881593487186,137.2687530517578,358500,49210847.969055176
2025-09-15 00:00:00,138.36731944356006,139.85534506742476,136.28007884773885,137.6582489013672,466100,64162509.812927246
2025-09-16 00:00:00,137.3386662215043,138.517102923134,135.5709959303914,135.88058471679688,395500,53740771.255493164
2025-09-17 00:00:00,135.85062950881553,139.1163219509002,134.61225908793477,134.83197021484375,551500,74359831.57348633
2025-09-18 00:00:00,135.71082015859585,137.41857212458268,134.08296453638255,135.54104614257812,511600,69342799.20654297
2025-09-19 00:00:00,135.95050851148318,136.6695603631873,134.48244558414302,134.66220092773438,2717600,365957997.24121094
2025-09-22 00:00:00,133.89321740696448,137.50843905803526,132.77468392015683,136.98912048339844,480100,65768476.74407959
2025-09-23 00:00:00,137.1289345052092,138.6269565386743,136.70949016447915,137.7281494140625,609400,83931534.25292969
2025-09-24 00:00:00,137.34865685484448,138.8267011152433,135.62094223511687,136.13026428222656,507800,69126948.20251465
2025-09-25 00:00:00,134.87191809960507,136.2600845535319,133.1242257535053,136.12026977539062,442500,60233219.37561035
2025-09-26 00:00:00,135.9804662046484,138.8766362357037,135.68085873003287,137.1688995361328,473800,64990624.60021973
2025-09-29 00:00:00,137.3486484682215,137.8180299341923,136.1901744143928,136.97914123535156,327000,44792179.18395996
2025-09-30 00:00:00,137.31869391281316,140.61434561445446,136.42986806721515,140.26480102539062,661800,92827245.31860352
2025-10-01 00:00:00,139.50580709821617,141.76282157458093,137.987807104542,140.9339141845703,344500,48551733.43658447
2025-10-02 00:00:00,141.72288687409315,143.31078670715658,140.68424964235155,143.11105346679688,450700,64500151.79748535
2025-10-03 00:00:00,143.8001493144664,147.03586750118913,142.3620455698475,144.6390380859375,510400,73823765.0390625
2025-10-06 00:00:00,145.20826287492102,146.75622202240774,142.41196727275312,146.62640380859375,700500,102711795.86791992
2025-10-07 00:00:00,146.80616961478984,147.41536589416668,142.32208452634913,143.12103271484375,699500,100113162.3840332
2025-10-08 00:00:00,144.54914045569745,147.2355804192673,142.05243714338266,144.8087921142578,621100,89940740.78216553
2025-10-09 00:00:00,145.77752643358372,145.77752643358372,139.86533432326542,140.85401916503906,602600,84878631.94885254
2025-10-10 00:00:00,141.2235375486239,142.0524449223445,134.73210858112702,134.99176025390625,858200,115849928.64990234
2025-10-13 00:00:00,136.9491916240373,139.85534305173255,136.62960624662134,138.69688415527344,435100,60347014.29595947
2025-10-14 00:00:00,136.82933415702223,140.91395269512645,136.82933415702223,140.6343231201172,613000,86208840.07263184
2025-10-15 00:00:00,140.99383835330386,141.8127644484832,136.48979054582585,136.56968688964844,686900,93809717.92449951
2025-10-16 00:00:00,137.26875126806104,137.90790673535759,134.01305548756122,134.26272583007812,804100,107960657.83996582
2025-10-17 00:00:00,133.85327366073636,135.82067733833372,129.9184663055416,131.19677734375,859800,112802989.16015625
2025-10-20 00:00:00,132.18547988775285,133.32397615322233,130.21807617411358,131.626220703125,605600,79712839.2578125
2025-10-21 00:00:00,131.5163586076319,135.55102483848626,130.3978402938642,133.0543212890625,642800,85527317.72460938
2025-10-22 00:00:00,132.94447263304016,133.21412089722006,128.84988774237343,129.1994171142578,504800,65219865.759277344
2025-10-23 00:00:00,128.9896801843365,130.99702410860039,128.6900727470233,129.74867248535156,274700,35641960.331726074
2025-10-24 00:00:00,131.2067632129982,131.4264743334013,129.3092594675778,129.99835205078125,333200,43315450.90332031
2025-10-27 00:00:00,129.9783736285774,130.29795898010858,127.94107034790532,128.53028869628906,416600,53545718.27087402
2025-10-28 00:00:00,128.0908683863143,128.93975365526836,126.57287604035109,127.49166870117188,452100,57638983.419799805
2025-10-29 00:00:00,127.62149760560264,128.84987908574325,124.47564965730865,125.23464965820312,533700,66837732.52258301
2025-10-30 00:00:00,125.0448987012251,126.19338384906673,123.16738038933985,123.79654693603516,463500,57379699.504852295
2025-10-31 00:00:00,123.32715690570386,126.24331221776964,122.18866078430399,125.9337158203125,593900,74792033.8256836
2025-11-03 00:00:00,126.49299185082035,127.05225100578332,123.6367623905431,124.45568084716797,646600,80473043.23577881
2025-11-04 00:00:00,132.69478991436097,142.52182626236925,131.31661997401977,138.2274932861328,1339400,185141904.5074463
2025-11-05 00:00:00,140.30476162496248,142.3620429624635,137.81803934221455,141.12367248535156,613900,86635822.53875732
2025-11-06 00:00:00,140.81407469300473,141.5630857286058,135.680853005232,140.28477478027344,614700,86233051.05743408
2025-11-07 00:00:00,139.3360263923947,141.81275187665284,138.93654470869623,141.11367797851562,599600,84611761.31591797
2025-11-10 00:00:00,142.11236290240188,142.8114368181135,139.31605200088694,142.0524444580078,512300,72773467.2958374
2025-11-11 00:00:00,142.06243124876346,143.02117211194172,140.85402003189668,141.95257568359375,395500,56142243.68286133
2025-11-12 00:00:00,141.69291176991078,144.6589965347739,140.504478550759,140.6143341064453,419300,58959590.29083252
2025-11-13 00:00:00,139.02644070279024,140.8140736562491,136.34996669784047,137.34864807128906,648600,89084333.13903809
2025-11-14 00:00:00,135.04170325039297,136.7594365172149,132.64487393042566,134.5223846435547,473700,63723253.605651855
2025-11-17 00:00:00,134.2527323917419,137.64825827228918,134.04301783279558,135.5709991455078,626600,84948788.0645752
2025-11-18 00:00:00,135.14157775881927,137.46849206926865,133.68349617316179,135.77073669433594,442500,60078550.98724365
2025-11-19 00:00:00,135.45115182717115,136.81934035434094,132.33525575753748,132.38519287109375,507100,67132531.30493164
2025-11-20 00:00:00,133.8732480303703,136.02040699803328,130.58757760941324,132.09559631347656,363500,48016749.25994873
2025-11-21 00:00:00,133.05432157512905,139.1562656725866,133.0043844562994,138.78675842285156,548400,76110658.3190918
2025-11-24 00:00:00,137.2687488844357,141.12365951550422,135.091630850054,138.90658569335938,406300,56437745.767211914
2025-11-25 00:00:00,140.11499846229063,143.10104598886957,137.6282763792051,142.50184631347656,541800,77207500.3326416
2025-11-26 00:00:00,141.6429763638881,142.56176136858664,140.81406902256194,140.97386169433594,572700,80735730.59234619
2025-11-28 00:00:00,141.83273681813637,142.0124921557316,139.8753145674203,140.34469604492188,210700,29570627.45666504
2025-12-01 00:00:00,139.64562872387486,141.54311737989775,138.6769065000729,139.9452362060547,454900,63661087.95013428
2025-12-02 00:00:00,139.69556019725167,140.75416005131606,138.53708610694125,139.82537841796875,353900,49484201.42211914
2025-12-03 00:00:00,140.20488444382428,143.19094738618494,138.14760314948094,142.68161010742188,373500,53291581.37512207
2025-12-04 00:00:00,142.68159481834257,143.52049870562732,140.85400618042598,141.06373596191406,303600,42826950.23803711
2025-12-05 00:00:00,141.54310478070414,142.11236047004152,139.4758422911491,140.81407165527344,241500,34006598.304748535
2025-12-08 00:00:00,140.5444198396271,142.38200507521682,138.89660173431508,139.06637573242188,320600,44584680.05981445
2025-12-09 00:00:00,139.36599175328442,140.67426194286,136.73945480743282,137.62828063964844,365500,50303136.573791504
2025-12-10 00:00:00,141.8127552163876,154.44606851167586,141.21354029606223,153.59719848632812,1533200,235495224.71923828
2025-12-11 00:00:00,153.5972019637761,156.25369813807006,152.2989130994568,155.3448944091797,649900,100958646.87652588
2025-12-12 00:00:00,155.17511894519407,155.3348963858873,152.93806715013346,154.39614868164062,438000,67625513.1225586
2025-12-15 00:00:00,155.39546416412296,155.79518916223876,153.97642059772127,155.03570556640625,369700,57316700.34790039
2025-12-16 00:00:00,155.29552938126665,155.73523603989594,152.22760105615507,152.6373291015625,470900,71876918.27392578
2025-12-17 00:00:00,151.61801658146769,155.8851506005556,151.40815103197423,151.8978271484375,429200,65194547.412109375
2025-12-18 00:00:00,152.7872226019932,154.7259209213524,151.09835622588062,151.70794677734375,363500,55145838.65356445
2025-12-19 00:00:00,151.2082778386627,154.4361021679724,151.2082778386627,154.2862091064453,1154700,178154285.6552124
2025-12-22 00:00:00,154.3861508615536,156.47474221664908,154.00640143388844,155.515380859375,377900,58769262.42675781
2025-12-23 00:00:00,155.2755557066345,157.11431516657672,154.75590099020496,154.8858184814453,347400,53807333.3404541
2025-12-24 00:00:00,155.14564258822352,156.00506511523966,154.5460398024793,155.0057373046875,150900,23390365.759277344
2025-12-26 00:00:00,154.2162652777547,155.25555942556008,150.60869150017453,154.94577026367188,179000,27735292.877197266
2025-12-29 00:00:00,154.8458328779912,155.9950689475157,153.05704290253976,155.2655487060547,373100,57929576.222229004
2025-12-30 00:00:00,155.21559775189488,155.9950721986195,152.9870858286776,153.296875,311200,47705987.5
2025-12-31 00:00:00,153.75656829077846,154.02639105298277,150.47877448925743,150.56871032714844,295800,44538224.51477051
2026-01-02 00:00:00,151.03840287018542,151.94779482655744,148.98977783335275,150.48876953125,499100,75108944.87304688
2026-01-05 00:00:00,149.79922255664817,155.28553735447016,149.79922255664817,152.76722717285156,387600,59212577.252197266
2026-01-06 00:00:00,149.89916550248745,154.39614046756208,148.94980717067804,154.0663604736328,572100,88141364.82696533
2026-01-07 00:00:00,154.04637542487376,158.7232374931547,153.10702009460203,158.20358276367188,836100,132274015.54870605
2026-01-08 00:00:00,158.06367847903178,160.36213550047984,158.06367847903178,159.45274353027344,616400,98286671.11206055
2026-01-09 00:00:00,159.37279446761997,160.73188089573662,154.96577042550942,155.9351043701172,478400,74599353.93066406
2026-01-12 00:00:00,154.50606850820645,155.81518545882184,153.18694852074154,154.9757537841797,530100,82152647.08099365
2026-01-13 00:00:00,155.0057370283834,158.03369906907642,154.88582257086122,156.1849365234375,530400,82840490.33203125
2026-01-14 00:00:00,156.51471741413212,156.90445465181264,154.47609538207996,155.75523376464844,477400,74357548.59924316
2026-01-15 00:00:00,156.61464740055226,160.29216622945052,156.3048582354423,158.96307373046875,543900,86460015.80200195
2026-01-16 00:00:00,158.39345916775832,159.97239895016932,157.94376469932288,158.77320861816406,433300,68796431.29425049
2026-01-20 00:00:00,155.34550367670724,157.2242448228548,152.07769749656583,153.2569122314453,475700,72904313.14849854
2026-01-21 00:00:00,153.13699975611186,158.40344635864335,153.13699975611186,158.02371215820312,561800,88777721.49047852
2026-01-22 00:00:00,158.32349404262578,158.933084602897,156.3748079068512,157.31417846679688,298200,46911088.01879883
2026-01-23 00:00:00,157.15427407217027,157.15427407217027,152.327519283662,154.12631225585938,386800,59616057.580566406
2026-01-26 00:00:00,154.22625349536642,155.76521152109288,152.6972832576692,155.4454345703125,374800,58260948.876953125
2026-01-27 00:00:00,156.18493862799298,156.2648866835958,153.9064724131763,154.98574829101562,310600,48138573.41918945
2026-01-28 00:00:00,154.42612658684547,158.403447035245,152.787229574299,157.3441619873047,484800,76280449.73144531
2026-01-29 00:00:00,159.27286428608016,159.27286428608016,155.36548905986456,158.44342041015625,352000,55772083.984375
2026-01-30 00:00:00,156.81451691740926,159.39278447733676,154.01639602107875,157.20425415039062,590300,92797671.22497559
2026-02-02 00:00:00,157.554026178948,163.76984637682148,157.35416366666115,163.24020385742188,717900,117190142.34924316
2026-02-03 00:00:00,164.15957372210784,165.4387120219138,159.4527333114004,161.75119018554688,435600,70458818.44482422
2026-02-04 00:00:00,162.8904274453449,166.88773854829813,161.8411302311133,165.31878662109375,500000,82659393.31054688
2026-02-05 00:00:00,165.7085456533508,167.03763822899944,162.05100218968278,162.81048583984375,351200,57179042.626953125
2026-02-06 00:00:00,163.71987802858484,169.60591825860388,163.71987802858484,168.43670654296875,567500,95587830.96313477
2026-02-09 00:00:00,167.68720650003937,170.07559931230486,166.1282575847239,166.2981414794922,628500,104518381.91986084
2026-02-10 00:00:00,166.95770052589856,167.53729722306906,164.83911525058218,165.88841247558594,505600,83873181.34765625
2026-02-11 00:00:00,167.2474958680991,169.64587641196786,163.43005647491432,165.24884033203125,432000,71387499.0234375
2026-02-12 00:00:00,166.88773553350325,169.2361618634771,162.2008859101925,163.25018310546875,452300,73838057.81860352
2026-02-13 00:00:00,163.5399775039597,166.00831822583015,162.75051530377067,163.6299285888672,395800,64764725.73547363
2026-02-17 00:00:00,164.0196788623969,164.439394714123,160.0323553982001,163.15025329589844,547500,89324763.6795044
2026-02-18 00:00:00,163.48002946703772,165.88841310000473,162.47071388885257,162.94039916992188,411600,67066268.298339844
2026-02-19 00:00:00,162.100971970879,163.71987815554732,161.44141195174285,162.47071838378906,265900,43200964.01824951
2026-02-20 00:00:00,162.20089022111932,165.80846413218677,162.00102771397658,164.7991485595703,432900,71341551.41143799
2026-02-23 00:00:00,163.43005114704596,166.04830018294066,161.35146287600583,163.29014587402344,561100,91622100.84991455
2026-02-24 00:00:00,162.24086798353315,168.87640370196,157.62396336196235,163.74984741210938,1139700,186625701.09558105
2026-02-25 00:00:00,163.67989550943284,165.52865805981807,154.8358535282252,156.68460083007812,1354600,212244960.28442383
2026-02-26 00:00:00,157.15427947912042,159.4627394345069,154.25623504814442,157.5140380859375,770700,121396069.15283203
2026-02-27 00:00:00,155.6253172350781,156.69460532243374,153.20694573900917,153.896484375,543100,83581180.6640625
2026-03-02 00:00:00,151.2882258876542,154.89579963754076,150.25891953575174,154.2862091064453,620100,95672878.26690674
2026-03-03 00:00:00,150.40882527185482,153.03706232799996,147.73063402334523,152.9671173095703,769900,117769383.61663818
2026-03-04 00:00:00,153.39681332419698,155.14563692887023,151.70794694620457,154.81585693359375,427200,66137334.08203125
2026-03-05 00:00:00,151.89782774780073,154.9557684192742,149.35954180926407,152.64732360839844,843200,128712223.26660156
2026-03-06 00:00:00,148.35019924516402,150.11901360610958,145.87187073138273,148.6599884033203,1120000,166499187.01171875
2026-03-09 00:00:00,148.22999572753906,150.88999938964844,144.9199981689453,149.8300018310547,765300,114664900.40130615
2026-03-10 00:00:00,149.74000549316406,149.74000549316406,140.2899932861328,141.00999450683594,824400,116248639.47143555
2026-03-11 00:00:00,141.16000366210938,142.13999938964844,138.14999389648438,142.02999877929688,730100,103696102.10876465
2026-03-12 00:00:00,139.8000030517578,141.94000244140625,135.11000061035156,135.27000427246094,639800,86545748.73352051
2026-03-13 00:00:00,136.4199981689453,136.4199981689453,128.66000366210938,129.63999938964844,1220800,158264511.2548828
2026-03-16 00:00:00,130.88999938964844,132.99000549316406,128.7899932861328,129.08999633789062,548700,70831680.99060059
2026-03-17 00:00:00,129.97000122070312,134.77000427246094,129.97000122070312,134.50999450683594,871300,117198558.21380615
2026-03-18 00:00:00,133.6999969482422,133.97999572753906,129.9499969482422,130.1300048828125,628500,81786708.06884766
2026-03-19 00:00:00,128.39999389648438,131.91000366210938,126.2699966430664,130.22000122070312,596600,77689252.72827148
2026-03-20 00:00:00,133.08999633789062,133.08999633789062,125.44999694824219,127.0,1339000,170053000.0
2026-03-23 00:00:00,130.39999389648438,132.66000366210938,127.91000366210938,127.91000366210938,624000,79815842.28515625
2026-03-24 00:00:00,126.41999816894531,128.6199951171875,124.16999816894531,126.66999816894531,564600,71517880.96618652
2026-03-25 00:00:00,128.58999633789062,132.9600067138672,128.13999938964844,131.52999877929688,519800,68369293.36547852
2026-03-26 00:00:00,131.6999969482422,136.3000030517578,130.02999877929688,130.99000549316406,589900,77271004.24041748
2026-03-27 00:00:00,129.27999877929688,130.60000610351562,123.41000366210938,123.5,548800,67776800.0
2026-03-30 00:00:00,124.58999633789062,127.26000213623047,121.91999816894531,122.79000091552734,523700,64305123.47946167
2026-03-31 00:00:00,125.77999877929688,129.27000427246094,122.66000366210938,127.87000274658203,591400,75622319.62432861
2026-04-01 00:00:00,129.39999389648438,130.77999877929688,127.91999816894531,128.77000427246094,409300,52705562.74871826
2026-04-02 00:00:00,126.13999938964844,129.2899932861328,123.87999725341797,125.1500015258789,521700,65290755.796051025
2026-04-06 00:00:00,124.1500015258789,125.30999755859375,123.48999786376953,125.06999969482422,364800,45625535.888671875
2026-04-07 00:00:00,124.79000091552734,125.77999877929688,123.1500015258789,125.38999938964844,252200,31623357.846069336
2026-04-08 00:00:00,129.7100067138672,132.14999389648438,127.01000213623047,130.27000427246094,560600,73029364.3951416
2026-04-09 00:00:00,129.92999267578125,132.38999938964844,128.97000122070312,129.25,425600,55008800.0
2026-04-10 00:00:00,130.35000610351562,130.77999877929688,128.35000610351562,128.5500030517578,431300,55443616.316223145
2026-04-13 00:00:00,127.47000122070312,131.26499938964844,126.5,130.72000122070312,288787,37750236.99252319
