timestamps,open,high,low,close,volume,amount
2015-01-02 00:00:00,40.164909653697734,40.822533557424634,39.98329309827583,40.70243453979492,3689000,150151281.01730347
2015-01-05 00:00:00,40.89284258533668,41.294155110461766,40.29966102084198,40.563297271728516,4224000,171339367.67578125
2015-01-06 00:00:00,41.01292596734742,41.96494316125053,40.95873322658992,41.40251922607422,5571500,230674135.8680725
2015-01-07 00:00:00,41.708642366926874,42.87303379505772,41.708642366926874,42.58303451538086,6901000,293865521.1906433
2015-01-08 00:00:00,43.08980496017979,43.22601738721436,42.521522658305656,43.17475509643555,3931000,169719962.28408813
2015-01-09 00:00:00,43.24651359111885,43.85141129403205,43.09711826501593,43.52626037597656,4201000,182853819.83947754
2015-01-12 00:00:00,43.31535337609112,44.05646353100036,42.62257782821659,43.59070587158203,5121000,223228004.76837158
2015-01-13 00:00:00,43.87630701186729,44.391860245639265,43.20842799373514,43.827972412109375,4941500,216575925.67443848
2015-01-14 00:00:00,43.363688382289574,43.706413769494766,41.888792838668365,42.37798309326172,5592000,236977681.45751953
2015-01-15 00:00:00,42.96970426889649,43.384199709326325,42.18172601532296,42.29011154174805,6182000,261437469.55108643
2015-01-16 00:00:00,42.474651098050394,43.65222543519143,42.249097037630285,43.5921745300293,4406000,192067120.97930908
2015-01-20 00:00:00,44.34060784005262,44.87666610370131,43.70348883948959,44.42409133911133,5395000,239667972.77450562
2015-01-21 00:00:00,44.422621006567695,44.53247034635152,43.907067733393234,44.27029800415039,1938000,85795837.53204346
2015-01-22 00:00:00,44.525145770150665,45.04509335451756,44.23221885203266,45.001155853271484,2890000,130053340.41595459
2015-01-23 00:00:00,44.98065673092639,45.1022223813799,44.15166872478779,44.19560623168945,2938000,129846691.10870361
2015-01-26 00:00:00,44.06964001192993,44.63499168617454,43.88362918435944,44.498779296875,1520500,67660393.92089844
2015-01-27 00:00:00,44.232228488388195,45.15788300324192,44.15753080897768,44.84884262084961,2736500,122728857.83195496
2015-01-28 00:00:00,45.15641484492107,45.15641484492107,44.0330331885923,44.107730865478516,1484000,65455872.60437012
2015-01-29 00:00:00,44.17363328208549,44.96600569267509,43.615603531327785,44.93378448486328,2644000,118804926.17797852
2015-01-30 00:00:00,44.49146931252723,45.49474915934241,44.39040857041938,44.72727584838867,2503000,111952371.44851685
2015-02-02 00:00:00,45.02752418007112,45.11100767707241,43.87631569796491,44.6379280090332,2370500,105814208.34541321
2015-02-03 00:00:00,44.67746655557416,44.95721332686626,43.65660971771381,44.091609954833984,3930000,173280027.12249756
2015-02-04 00:00:00,43.814802565666554,44.21025410560987,43.384196549585376,43.508689880371094,3811000,165811617.13409424
2015-02-05 00:00:00,43.88656391337649,44.20439005899985,43.397370893788356,43.88070297241211,3120000,136907793.27392578
2015-02-06 00:00:00,43.90853359489919,43.90853359489919,42.77050533315608,43.44717025756836,3735500,162296904.4971466
2015-02-09 00:00:00,43.195251997762504,43.73570450231138,43.060503434443014,43.50136184692383,2271000,98791592.75436401
2015-02-10 00:00:00,43.56581152658149,43.962729684323214,42.95651944260111,43.652225494384766,2367000,103324817.74520874
2015-02-11 00:00:00,43.73862948630537,44.05645559029326,43.48085148028021,43.762062072753906,3135500,137215945.62911987
2015-02-12 00:00:00,44.08739078790252,44.746861524185775,43.79592831259448,44.54372024536133,2420500,107818074.8538971
2015-02-13 00:00:00,44.52310987997721,44.82046004738567,44.162460564982936,44.36707305908203,2582000,114555782.6385498
2015-02-17 00:00:00,44.18896666106064,44.515758235967084,43.648732389783625,43.971107482910156,3932500,172916380.1765442
2015-02-18 00:00:00,42.92448306454575,44.14921562748854,42.8744333573716,43.601619720458984,6091500,265599266.5271759
2015-02-19 00:00:00,43.64430324706117,45.131056797581365,43.424970100157424,44.80573654174805,3864500,173151768.86558533
2015-02-20 00:00:00,44.63204375420401,45.43430191700169,44.30083574063059,45.39603042602539,3010500,136664749.59754944
2015-02-23 00:00:00,45.469630549415534,46.17620576688778,45.469630549415534,46.027530670166016,2911500,134009155.54618835
2015-02-24 00:00:00,45.80968576695832,46.285152540952495,45.385739943112014,45.90978240966797,2399000,110137568.00079346
2015-02-25 00:00:00,45.974529799138004,46.09376353728296,45.026539175483464,45.22673797607422,3061000,138439044.94476318
2015-02-26 00:00:00,45.18406002929472,45.47110606298852,44.400938949010786,45.134010314941406,2460000,111029665.37475586
2015-02-27 00:00:00,45.18846755947791,45.444600979041915,44.87934198679033,45.07806396484375,3321000,149704250.4272461
2015-03-02 00:00:00,45.07806522426164,46.089352296330745,44.648231859174714,45.83469009399414,4309000,197501679.61502075
2015-03-03 00:00:00,45.70663236636218,46.02900745355494,45.45638659565869,45.814090728759766,3154000,144497642.1585083
2015-03-04 00:00:00,45.709575138323515,46.165904645615946,44.77630494103876,44.888179779052734,3243500,145594811.11335754
2015-03-05 00:00:00,44.89554377382626,45.111931722405515,44.51723126613891,44.64529800415039,2231500,99625982.4962616
2015-03-06 00:00:00,44.362662999597454,44.45540349401067,43.71938689846533,43.87247848510742,3336000,146358588.22631836
2015-03-09 00:00:00,44.07119735488125,44.93528061925168,43.950492371343756,44.78955078125,2410500,107965212.15820312
2015-03-10 00:00:00,44.08002702669752,44.33174396934372,42.980418775230376,43.11878967285156,5369000,231504781.75354004
2015-03-11 00:00:00,43.401420142492405,43.56481589635881,42.75519886437366,42.802303314208984,5811500,248745585.7105255
2015-03-12 00:00:00,43.19976326399514,43.45442552983008,42.63155885782607,42.96865463256836,2365000,101620868.20602417
2015-03-13 00:00:00,42.78169672197455,43.183562805893224,42.5432263987208,43.07757568359375,2303500,99229195.5871582
2015-03-16 00:00:00,43.08935115267517,43.427920893170175,42.9347883539137,43.132041931152344,2199000,94847360.206604
2015-03-17 00:00:00,42.837628915014065,43.16294917223674,42.53144580414094,42.60504913330078,3147000,134078089.62249756
2015-03-18 00:00:00,42.36069283939379,43.60897615231874,41.93085948744662,43.395530700683594,4174500,181154642.91000366
2015-03-19 00:00:00,43.07463337770108,43.364624653670944,42.688961967127945,42.69337844848633,3447000,147164075.51193237
2015-03-20 00:00:00,43.02607356496194,43.143836149784775,42.43726064084778,42.722835540771484,5802000,247877891.80755615
2015-03-23 00:00:00,42.8361598235324,43.10554268707804,42.63890626077875,42.68748474121094,2793000,119226144.88220215
2015-03-24 00:00:00,42.476993312563486,43.525080842295694,42.394557001246454,43.42645263671875,3950000,171534487.91503906
2015-03-25 00:00:00,43.63253250138047,44.247841234827426,43.23213764963067,43.240970611572266,2591500,112058975.33988953
2015-03-26 00:00:00,43.185033438034985,43.88424969844109,43.07757509275086,43.314571380615234,3369500,145948448.26698303
2015-03-27 00:00:00,43.21006029019121,43.31457338375175,42.38866497909037,42.49170684814453,2519500,107057855.40390015
2015-03-30 00:00:00,42.64184696191394,43.15264252566175,42.64184696191394,42.83320999145508,2027500,86844333.25767517
2015-03-31 00:00:00,42.385723472963484,42.71692868581095,41.62026556056135,41.758636474609375,4118500,171982944.3206787
2015-04-01 00:00:00,41.907309619833406,42.08248079294638,41.28169668289835,41.82634735107422,3446000,144133592.97180176
2015-04-02 00:00:00,41.568734440997005,42.08541770336652,40.996113775360605,41.24930191040039,2750000,113435580.25360107
2015-04-06 00:00:00,41.137444014230056,41.74098028947242,40.92252727324828,41.4112434387207,2843000,117732165.09628296
2015-04-07 00:00:00,41.44067783595166,41.95294474283854,41.306723403401875,41.40093231201172,2309500,95615453.17459106
2015-04-08 00:00:00,41.43773014012257,42.220851122767804,41.43773014012257,41.94558334350586,3686000,154611420.2041626
2015-04-09 00:00:00,41.67619804020092,42.3430276758755,41.67619804020092,41.92497253417969,2999000,125732992.63000488
2015-04-10 00:00:00,41.92497303328885,42.16785701733966,41.45686537313549,41.88228225708008,2990000,125228023.94866943
2015-04-13 00:00:00,42.13547071704821,42.37835468658552,41.70416334598676,41.80720520019531,2145500,89697358.75701904
2015-04-14 00:00:00,41.76452546958501,41.801325737961704,41.06678317197089,41.57021713256836,2496000,103759261.96289062
2015-04-15 00:00:00,41.56138249949063,42.45637835500415,41.56138249949063,42.20024490356445,2995500,126410833.60862732
2015-04-16 00:00:00,41.94999669658982,43.54126631146859,41.80868334307179,43.12467956542969,3791000,163485660.23254395
2015-04-17 00:00:00,43.01721421865262,43.737038735117935,42.82732241274921,42.87001037597656,4181000,179239513.381958
2015-04-20 00:00:00,42.90241516969259,43.251286375287776,42.28857749636604,42.3901481628418,3357000,142303727.3826599
2015-04-21 00:00:00,42.27826670060635,42.534400164006954,42.04126757997069,42.07365417480469,3734500,157124061.5158081
2015-04-22 00:00:00,42.06775421391742,42.24439939435927,41.505437700390715,42.04714584350586,2095000,88088770.54214478
2015-04-23 00:00:00,42.092781416483,42.89651352279728,41.95882700132397,42.65509796142578,2699500,115147436.9468689
2015-04-24 00:00:00,42.66834559072105,43.391112596741145,42.59327103706865,43.34253692626953,2612000,113210706.45141602
2015-04-27 00:00:00,43.38671176343022,43.505945542309256,42.43724959119277,42.475521087646484,3453000,146667974.3156433
2015-04-28 00:00:00,42.25470707946522,42.513785763012436,41.69680700019944,42.37099838256836,2579500,109295990.32783508
2015-04-29 00:00:00,42.51379154592779,43.0864123699801,42.14283798965552,42.909767150878906,2321500,99615024.44076538
2015-04-30 00:00:00,42.98630316050405,43.00396908223351,42.21643172533839,42.3165283203125,3720000,157417485.3515625
2015-05-01 00:00:00,42.66098850952641,43.58100910889112,42.34597242307768,43.35137176513672,2690500,116636865.73410034
2015-05-04 00:00:00,43.25128586398361,43.762081639971925,43.18651547264048,43.24834060668945,2145000,92767690.60134888
2015-05-05 00:00:00,43.335188004400564,43.50300027577076,42.65658279532747,42.719879150390625,2902000,123973089.2944336
2015-05-06 00:00:00,42.72574781061385,43.48973425104093,42.67128444350176,43.36608123779297,3096500,134283070.55282593
2015-05-07 00:00:00,43.33665296322211,44.38915679879461,42.63596549167411,44.17424011230469,5851500,258485566.01715088
2015-05-08 00:00:00,45.70515828722734,46.12321629796582,44.94706209141897,45.75962448120117,5826000,266595572.22747803
2015-05-11 00:00:00,45.8847436923894,46.074635538123395,45.01624392687704,45.39603042602539,4730500,214745921.9303131
2015-05-12 00:00:00,45.12075406858693,45.259124962066515,44.618791422683344,44.64970397949219,3069000,137029941.51306152
2015-05-13 00:00:00,44.589042002947586,45.305045534871546,44.534305140557514,45.17042541503906,2431000,109809304.18395996
2015-05-14 00:00:00,45.21332960830221,45.39676964227258,44.7665662757067,45.015098571777344,3494000,157282754.40979004
2015-05-15 00:00:00,44.96775882413129,45.532869948935485,44.7665678868745,45.376060485839844,3747000,170024098.6404419
2015-05-18 00:00:00,45.3967741061003,45.82134815497864,45.273987892737,45.500328063964844,3205500,145851301.6090393
2015-05-19 00:00:00,45.60388238732822,45.92046405102315,45.34499749059201,45.896793365478516,3025500,138860748.32725525
2015-05-20 00:00:00,45.87462162047478,46.30363144544474,45.60833829798005,46.00184631347656,3211000,147711928.51257324
2015-05-21 00:00:00,46.065447682436485,47.42348895916417,45.809519812930496,46.90867614746094,5429500,254690657.14263916
2015-05-22 00:00:00,47.23117059629349,47.6927250201678,46.614282399402775,47.47526168823242,3883500,184370178.7662506
2015-05-26 00:00:00,47.19861947230439,47.41904266842262,46.89683164935701,47.20453643798828,3857500,182091499.3095398
2015-05-27 00:00:00,47.31845204354244,47.64982473872478,46.92938257663762,47.53591537475586,3289500,156369393.6252594
2015-05-28 00:00:00,47.56106262570483,47.8110706580976,47.08619013882382,47.583251953125,3170500,150862700.3173828
2015-05-29 00:00:00,47.64538660022903,47.734143914144056,46.72966766357422,46.72966766357422,4641000,216872387.62664795
2015-06-01 00:00:00,46.855415463893905,47.33768349309012,46.46190757344507,46.83766174316406,3301000,154611121.41418457
2015-06-02 00:00:00,46.8687251602347,47.53591175163959,46.775526596818125,47.23116683959961,2634500,124430509.03892517
2015-06-03 00:00:00,47.36431213918608,47.885044722977106,46.94565781431572,47.60840606689453,3247000,154584494.49920654
2015-06-04 00:00:00,47.32733358102051,47.620241790666846,47.0166688269527,47.11282730102539,4398000,207202214.46990967
2015-06-05 00:00:00,46.89832079469383,47.52112883617789,46.74742825990209,47.02406692504883,3168000,148972244.0185547
2015-06-08 00:00:00,46.99447174004975,47.336199809334495,46.61131926497548,46.64682388305664,1880500,87719352.31208801
2015-06-09 00:00:00,46.55362976770238,46.98412083414773,46.472265127725336,46.686771392822266,1668000,77873534.68322754
2015-06-10 00:00:00,46.93826648790829,47.61136737610616,46.87021713087342,47.401302337646484,1777000,84232114.2539978
2015-06-11 00:00:00,47.41904375143791,47.927936671478676,47.13352828300869,47.22968673706055,2527000,119349418.384552
2015-06-12 00:00:00,47.109862478712735,47.3214116638702,46.748902131653026,46.77109146118164,1686500,78879445.74928284
2015-06-15 00:00:00,46.47522961594653,47.043297972419886,46.15569081272597,46.98264694213867,2345000,110174307.07931519
2015-06-16 00:00:00,47.01371245383953,47.606930028633364,46.59949371613003,47.46047592163086,2503000,118793571.23184204
2015-06-17 00:00:00,47.11135632863607,47.11727329663705,46.06841523973447,46.84803009033203,4303500,201610497.4937439
2015-06-18 00:00:00,46.8731566072611,48.101015753975204,46.8731566072611,47.524070739746094,2587700,122978037.85324097
2015-06-19 00:00:00,47.427918419735946,47.56106002023065,46.56989351804408,46.77700424194336,3696500,172911196.18034363
2015-06-22 00:00:00,46.976724125961276,47.479705810546875,46.66606220441524,47.479705810546875,2793300,132625062.24060059
2015-06-23 00:00:00,47.561059910306525,47.76816781209359,47.06547666035864,47.072872161865234,1383700,65134733.210372925
2015-06-24 00:00:00,46.84358188252462,47.24300392070077,46.606883474699615,46.67345428466797,1244600,58089781.202697754
2015-06-25 00:00:00,46.732636532273524,47.42793238889747,46.67346121612069,47.3095817565918,1939800,91771126.69143677
2015-06-26 00:00:00,47.834741259968034,48.58921229504934,47.11725902318313,47.19862365722656,5489300,259087404.84161377
2015-06-29 00:00:00,46.910146354763924,47.45011111827589,46.22964730087918,46.27402877807617,1527300,70674324.15275574
2015-06-30 00:00:00,46.58470354166557,48.1084341540456,46.43676806504821,47.54627990722656,3076200,146261866.25061035
2015-07-01 00:00:00,47.57584885616953,48.63358328878947,47.38353196571131,48.152793884277344,2593200,124869825.10070801
2015-07-02 00:00:00,48.359902483963864,48.4856514006785,47.672005176565214,47.73857879638672,1819000,86836474.83062744
2015-07-06 00:00:00,47.316970397529744,47.56106429424975,46.76961012168214,47.00630569458008,2214200,104081362.06893921
2015-07-07 00:00:00,46.89536970173966,46.93974837088381,45.253291224175406,45.94118881225586,3043900,139840384.6256256
2015-07-08 00:00:00,45.571340893555345,45.571340893555345,44.491416931152344,44.491416931152344,2792800,124255629.20532227
2015-07-09 00:00:00,45.00178231937284,45.56393351830362,44.757688457951545,44.97219467163086,2407200,108257067.0135498
2015-07-10 00:00:00,45.519577559199334,45.74147938461241,45.25329424004972,45.645320892333984,1324300,60448098.457717896
2015-07-13 00:00:00,45.882011306934224,46.318419403095035,45.60833251424728,45.93378829956055,1463800,67237879.31289673
2015-07-14 00:00:00,45.83023402406423,46.73263786978153,45.645315388245734,46.36280059814453,1558300,72247152.17208862
2015-07-15 00:00:00,46.34058981652633,46.44414375319435,45.88198978037774,45.97075271606445,1120600,51514825.493621826
2015-07-16 00:00:00,46.17047475253304,46.46634564156416,45.911589840856244,46.40717315673828,1322700,61382767.934417725
2015-07-17 00:00:00,46.29622858102416,52.01391231430641,45.0905583165601,50.97836685180664,9629500,490896183.59947205
2015-07-20 00:00:00,49.90582718923867,50.009381142402816,47.7829598628392,48.07883071899414,5547800,266731737.0628357
2015-07-21 00:00:00,48.01965356764045,48.47085533614486,47.21341130005298,47.29477310180664,2083700,98548118.7122345
2015-07-22 00:00:00,46.769613970008656,46.769613970008656,45.65270681984657,46.24444580078125,2108900,97524911.74926758
2015-07-23 00:00:00,46.31840211396052,46.78439769529114,45.88939250352976,46.096500396728516,1355700,62493025.58784485
2015-07-24 00:00:00,45.7710600948411,45.7710600948411,44.65414998935056,45.009193420410156,1619200,72878885.98632812
2015-07-27 00:00:00,44.63195618619716,44.63195618619716,43.455873704147216,43.70736312866211,2620100,114517662.1334076
2015-07-28 00:00:00,43.958852418974345,43.96624792189305,43.0564486946522,43.56682586669922,2096300,91329137.06436157
2015-07-29 00:00:00,43.714754626705805,44.143767120482735,43.34491743757417,43.8109130859375,1472500,64511569.51904297
2015-07-30 00:00:00,43.914460344906736,44.40264524718501,43.60379850783574,43.72954177856445,1081600,47297872.38769531
2015-07-31 00:00:00,43.840503790993715,44.28430732020139,43.60380819919842,43.788726806640625,1251500,54801591.59851074
2015-08-03 00:00:00,43.640800041934526,44.07720815521925,43.04906094467589,43.65559387207031,1400100,61122196.980285645
2015-08-04 00:00:00,43.97364830043978,45.13493700567115,43.74434819637232,44.77249526977539,1855700,83084319.47212219
2015-08-05 00:00:00,45.23109030522062,45.88940006417857,44.55058839573973,45.5787353515625,2368600,107957792.55371094
2015-08-06 00:00:00,48.77413185141862,49.67653552436876,46.532916495672595,46.5994873046875,5808100,270654482.21435547
2015-08-07 00:00:00,46.35539000709321,47.05808120160032,42.738382898994615,43.596405029296875,4121900,179700021.8902588
2015-08-10 00:00:00,44.062405093265276,46.05952659701274,43.70736170929768,45.08315658569336,4793600,216110619.4091797
2015-08-11 00:00:00,43.81090588546187,44.15115536634966,41.969118566405456,42.36114501953125,4470500,189375498.80981445
2015-08-12 00:00:00,42.29424308666055,46.10875340303931,42.07117275579229,45.83363342285156,6556300,300499050.8102417
2015-08-13 00:00:00,46.07157312983092,47.514100012851756,45.13467665352789,47.00847244262695,2862000,134538248.13079834
2015-08-14 00:00:00,47.29846136188857,48.421253014326375,46.95642003639465,47.4620475769043,3147300,149377302.3387909
2015-08-17 00:00:00,47.46203667859547,47.62562285604827,46.681286530928695,47.610748291015625,1763700,83971076.76086426
2015-08-18 00:00:00,47.35795750462339,47.43975063294555,46.696180864916634,47.194374084472656,2097000,98966602.45513916
2015-08-19 00:00:00,47.06051415576199,47.25384097696584,46.01208127823172,46.049259185791016,1767800,81405880.38864136
2015-08-20 00:00:00,45.87825504377445,46.48054473775319,44.96366457368261,45.40980529785156,2102700,95483197.59979248
2015-08-21 00:00:00,45.20903136931848,45.22390310178204,44.03419286962614,44.25726318359375,2531400,112032836.02294922
2015-08-24 00:00:00,41.67705874817164,44.517493250692,41.19374040448142,41.56552505493164,3180600,132203308.98971558
2015-08-25 00:00:00,43.90775681672889,44.13826426951767,41.453979240635256,41.48372268676758,2338100,96993092.01393127
2015-08-26 00:00:00,42.36858814822305,42.3908943246918,40.621201024690585,41.721683502197266,3260000,136012688.2171631
2015-08-27 00:00:00,42.74781578641619,43.32036185865418,41.90758137890292,43.03780746459961,2321000,99890751.1253357
2015-08-28 00:00:00,42.70320102469362,42.90396515081886,42.13065211014965,42.73294448852539,2415100,103204334.23423767
2015-08-31 00:00:00,42.71806907867509,43.52855996110609,42.33141259163079,42.666019439697266,2285200,97500387.62359619
2015-09-01 00:00:00,41.56553995675856,42.43551498919424,40.375826946894044,40.7773551940918,3155400,128668866.57943726
2015-09-02 00:00:00,41.320161954370505,41.69938403430297,40.47992752213095,41.30529022216797,2107300,87042638.08517456
2015-09-03 00:00:00,41.33501856488948,42.554471794453285,41.25322548594452,42.36114501953125,2438700,103306124.35913086
2015-09-04 00:00:00,41.55809055419505,42.0637179395589,41.04502872338112,41.25322723388672,1546300,63789865.27175903
2015-09-08 00:00:00,42.27936185702536,42.71063068830757,41.88527093312208,42.3165397644043,1569300,66407345.85227966
2015-09-09 00:00:00,43.03036593173641,43.796244441296665,42.24218408147021,42.35371780395508,1631200,69087384.48181152
2015-09-10 00:00:00,42.271924713236345,42.44294819343071,41.63989177622987,41.937320709228516,872200,36577731.12258911
2015-09-11 00:00:00,41.5432295252247,41.944757758739335,40.8963248177796,41.55066680908203,1358100,56429960.59341431
2015-09-14 00:00:00,41.58041441712004,41.639901351996755,39.899948217757164,40.04122543334961,2836600,113580940.0642395
2015-09-15 00:00:00,40.07095455264861,40.89631704132129,39.64712022113974,40.732730865478516,2067400,84210847.79129028
2015-09-16 00:00:00,40.71785913708443,41.08220939150912,40.52453234094564,40.732730865478516,1620000,65987024.002075195
2015-09-17 00:00:00,40.67326135219547,41.44657448663377,39.944563418914704,40.04122543334961,2014800,80675061.0031128
2015-09-18 00:00:00,39.676876223303594,39.676876223303594,38.33101416126034,38.68792724609375,4422700,171105095.83129883
2015-09-21 00:00:00,39.052267710232414,39.40918070453592,38.24177689926434,38.45741271972656,1375200,52886633.97216797
2015-09-22 00:00:00,37.86999347692063,38.197163023817915,37.10411782760819,37.99639892578125,4703800,178727461.26708984
2015-09-23 00:00:00,38.15255568241524,38.36818870211962,35.215455311724604,35.49801254272461,3225600,114502389.2578125
2015-09-24 00:00:00,35.148530526452845,35.49057181492658,33.832412174029095,34.51649475097656,5144800,177580462.19482422
2015-09-25 00:00:00,34.999815925563844,35.07417174051535,34.293424337554505,34.47931671142578,3829500,132038543.34640503
2015-09-28 00:00:00,34.12241162089833,34.27856057046672,32.75424331790894,32.761680603027344,2524200,82697034.17816162
2015-09-29 00:00:00,32.90295259649333,33.57960077371857,32.62783265713609,32.85833740234375,2486600,81705541.78466797
2015-09-30 00:00:00,33.36396341610663,33.85471918361002,32.70218700016187,33.38627243041992,3822400,127615687.73803711
2015-10-01 00:00:00,33.438316995541896,33.78779268650254,32.73935994063626,33.31190872192383,2517400,83859399.01657104
2015-10-02 00:00:00,32.71705845790683,35.26006482198224,32.605521896748755,35.02956008911133,3561200,124747269.38934326
2015-10-05 00:00:00,35.4682696608926,37.05950811397809,35.43109174905742,36.46465301513672,3874300,141275005.1765442
2015-10-06 00:00:00,36.30106285955182,37.2900116586964,36.30106285955182,36.843868255615234,2780700,102451744.45838928
2015-10-07 00:00:00,36.77694369420715,38.87380928082197,36.717459614189266,38.82919692993164,4222700,163964049.87602234
2015-10-08 00:00:00,38.46484989919774,39.647125517798116,38.21947343914466,39.305084228515625,2981000,117168456.08520508
2015-10-09 00:00:00,39.661996068588394,39.90737252134371,37.67666408742196,37.75845718383789,2529400,95506241.60079956
2015-10-12 00:00:00,37.46104431152344,37.72129258603794,36.62824416009011,37.46104431152344,2107900,78964135.30426025
2015-10-13 00:00:00,37.12642695426476,38.368186711007176,36.61336499839694,37.98153305053711,3530900,134108995.04814148
2015-10-14 00:00:00,38.21946862521299,39.18610828627644,37.855118368004646,39.05970001220703,2660300,103910519.94247437
2015-10-15 00:00:00,39.2753365917088,39.8925005726772,38.56894507443502,39.71404266357422,2668800,105988837.06054688
2015-10-16 00:00:00,39.82558427099986,39.914811818641226,38.47228797972006,38.90355682373047,2153600,83782699.97558594
2015-10-19 00:00:00,38.66561384578027,38.82176275939925,38.01127189417223,38.27895736694336,2130100,81538007.08732605
2015-10-20 00:00:00,38.37562356366813,39.40175030036939,38.26408700054028,38.49459457397461,1593600,61344985.91308594
2015-10-21 00:00:00,39.07456814394181,39.409174913334546,38.01870104551576,38.821754455566406,2615900,101553827.48031616
2015-10-22 00:00:00,39.082007421161926,40.14531185569231,38.866371621377816,39.9296760559082,2228000,88963318.25256348
2015-10-23 00:00:00,40.308899055363746,40.35351424333676,39.728915794176224,40.24197769165039,2087900,84021225.22239685
2015-10-26 00:00:00,39.97429920325562,40.20480679321571,39.319960017904805,39.483543395996094,1701300,67173352.37960815
2015-10-27 00:00:00,39.11919544767186,39.31252228740056,38.05589073793204,38.345882415771484,1807700,69317851.64299011
2015-10-28 00:00:00,38.375621660081734,38.96304223529705,37.93691554949583,38.85894012451172,2016500,78359052.76107788
2015-10-29 00:00:00,38.82175526754854,38.82175526754854,37.944343203452355,38.14510726928711,1664500,63492531.04972839
2015-10-30 00:00:00,38.20459244842356,38.53919920965718,37.55025065273249,37.751014709472656,2875200,108541717.49267578
2015-11-02 00:00:00,37.92948557057873,39.156376594428025,37.646931153510806,38.92586898803711,2798200,108922366.60232544
2015-11-03 00:00:00,38.76229166312782,39.5058614093183,38.18230533228368,38.63588333129883,2132500,82391021.20399475
2015-11-04 00:00:00,38.82919619004066,39.34969251712519,38.145110845670324,38.487152099609375,2423000,93254369.53735352
2015-11-05 00:00:00,36.14490289930882,36.420022736747676,33.98111642325361,34.82878494262695,9152000,318753039.7949219
2015-11-06 00:00:00,34.79905704176366,35.237763223371815,34.211636371450666,34.590858459472656,3656800,126491851.21459961
2015-11-09 00:00:00,34.486757819929224,35.921847332308396,34.293428141224055,35.817745208740234,4186300,149943826.76734924
2015-11-10 00:00:00,35.69878628015509,35.936731235262144,35.051881322456154,35.20059585571289,2767400,97414128.97109985
2015-11-11 00:00:00,35.33441531597811,35.73594343964071,34.256239207547175,35.401336669921875,2469200,87412980.5053711
2015-11-12 00:00:00,35.11700224720853,35.797941230347774,34.92244662089465,35.25169372558594,2677600,94389935.1196289
2015-11-13 00:00:00,35.26665759296027,36.411532234255674,34.95986098985918,35.955078125,2304000,82840500.0
2015-11-16 00:00:00,35.738094929426566,36.119721926900674,35.124501379057534,35.89523696899414,2307400,82824669.78225708
2015-11-17 00:00:00,37.23463853726322,38.05775326788791,36.12717772839423,37.0326042175293,3720600,137783507.2517395
2015-11-18 00:00:00,36.935329168506236,37.69109537604644,36.703359909519,37.099952697753906,2529700,93851750.33950806
2015-11-19 00:00:00,36.62853247108693,36.66594613093692,34.75033648913666,34.84761428833008,4682900,163187892.95082092
2015-11-20 00:00:00,34.690472629326564,35.01971680783896,32.60275802359625,32.849693298339844,6019000,197722303.96270752
2015-11-23 00:00:00,32.76737842572297,34.0244965943482,32.662619054084,33.67280197143555,3765400,126791568.54324341
2015-11-24 00:00:00,33.60546567410761,34.421096109133664,32.92452671308437,34.27143859863281,2698300,92474622.77069092
2015-11-25 00:00:00,34.18912739265616,34.53334052886576,33.71022563468759,33.949676513671875,1358000,46103660.705566406
2015-11-27 00:00:00,33.829950466335994,33.9197466852014,33.373496344448704,33.755123138427734,1031100,34804907.46803284
2015-11-30 00:00:00,33.70273280866248,34.87753918407933,33.620421061235525,34.52584457397461,3049500,105286563.02833557
2015-12-01 00:00:00,34.75781505029978,34.98229982588026,33.52314450288897,33.67280197143555,2580600,86896032.76748657
2015-12-02 00:00:00,34.862587174736625,34.862587174736625,33.11160071752879,33.71771240234375,2812700,94837809.67407227
2015-12-03 00:00:00,33.93470323664232,34.92243861532992,33.8598759233547,34.31632995605469,3297600,113161529.66308594
2015-12-04 00:00:00,34.039466184575275,34.32381226460796,33.02179871746288,33.25376510620117,3110400,103432510.98632812
2015-12-07 00:00:00,33.00684092687093,33.01432251843329,31.704824200075326,32.36331558227539,2816800,91160987.33215332
2015-12-08 00:00:00,31.86197164941755,32.460598984191144,31.300757987852258,31.487829208374023,2465400,77630094.13032532
2015-12-09 00:00:00,31.93679650715298,32.75242707924892,31.65244747486337,32.26604080200195,2196300,70865905.41343689
2015-12-10 00:00:00,32.24358862883421,32.70752435497062,31.502785501674747,31.607547760009766,1298700,41048722.27592468
2015-12-11 00:00:00,31.60754048583063,31.68236779865517,30.17831711684141,30.761978149414062,2740700,84309353.51409912
2015-12-14 00:00:00,30.53749264089522,30.964014593854504,29.66199825807215,29.983760833740234,2195700,65835343.66264343
2015-12-15 00:00:00,30.19328535579745,31.038847833918517,30.07355992252646,30.537498474121094,2161800,66015964.20135498
2015-12-16 00:00:00,31.046330524191724,31.45788649939182,30.051110597118683,31.001432418823242,2483100,76979656.83918
2015-12-17 00:00:00,30.911638346209763,31.465367360525438,30.32797440786283,30.8592586517334,3183600,98243535.84365845
2015-12-18 00:00:00,30.761971923129796,32.17622897240987,30.73952430472168,31.1361141204834,4144300,129037397.74951935
2015-12-21 00:00:00,31.248374637579076,32.76739485122877,30.761991189088864,30.919130325317383,2648400,81886224.75357056
2015-12-22 00:00:00,30.93408050307476,32.198680246077636,30.65721604485684,31.981679916381836,2161000,69112410.29930115
2015-12-23 00:00:00,32.13882579177177,33.373493732505466,31.974202257882204,33.05173110961914,2343500,77456731.85539246
2015-12-24 00:00:00,32.991874889266406,33.19391211520778,32.32590191550398,32.36331558227539,1650100,53402707.04231262
2015-12-28 00:00:00,32.206174963811534,32.483039510354914,31.49530391046208,31.607547760009766,1373300,43406645.33882141
2015-12-29 00:00:00,31.712296203903595,32.16875018107408,31.465360962032868,31.906848907470703,1612000,51433840.43884277
2015-12-30 00:00:00,31.71979219789638,31.861968136685633,30.724574898771483,30.799402236938477,1568700,48315022.28908539
2015-12-31 00:00:00,30.492600366214663,30.89667477393406,30.283081571610307,30.537498474121094,2020100,61688800.66757202
2016-01-04 00:00:00,29.976290078809985,30.642263093275552,29.80418491755888,30.30553436279297,3262500,98871805.85861206
2016-01-05 00:00:00,30.215733997593478,30.42525277944328,29.295344250137006,29.355205535888672,2690000,78965502.89154053
2016-01-06 00:00:00,28.92120235685371,28.966097608199178,26.3919994849757,26.81852149963379,4711800,126363509.60197449
2016-01-07 00:00:00,26.42193276676598,27.432115931059062,25.209709544238894,25.546438217163086,5010600,128002983.33091736
2016-01-08 00:00:00,25.740992308883815,26.264789264165604,25.224674089421306,25.30698585510254,4130100,104520382.280159
2016-01-11 00:00:00,25.44915569242669,25.494053791985714,24.139657760650874,24.28183364868164,3657100,88801093.83659363
2016-01-12 00:00:00,24.79067210916781,24.977743278122787,23.70565875833304,24.349184036254883,4327700,105375963.75370026
2016-01-13 00:00:00,24.59611111923054,25.00018544093406,23.61585880777712,23.76551628112793,5147200,122325865.40222168
2016-01-14 00:00:00,23.922655794354917,24.80563319107344,23.324028744151896,24.409040451049805,3893000,95024394.47593689
2016-01-15 00:00:00,23.668241097432254,24.28931725381395,23.136959720381224,23.62334442138672,4766300,112595946.51565552
2016-01-19 00:00:00,23.97503876395058,24.049866080582373,22.3587427489435,22.635608673095703,3758300,85071408.07609558
2016-01-20 00:00:00,22.358747422807895,22.358747422807895,19.530232016562728,21.864879608154297,10964700,239741845.43952942
2016-01-21 00:00:00,21.834943454649512,23.279132868297143,21.790046781158775,22.65057373046875,5881700,133223879.51049805
2016-01-22 00:00:00,23.2791342313801,23.967554689346137,22.194120996605704,22.41860580444336,6338700,142104816.61262512
2016-01-25 00:00:00,22.066908848269396,22.111805516840825,21.131553260801688,21.400936126708984,4118900,88148315.81230164
2016-01-26 00:00:00,21.303664779685736,22.33629845934111,20.951971486398936,22.06691551208496,4090400,90262511.21063232
2016-01-27 00:00:00,22.336297717500557,23.174375749867703,21.6852894256663,22.493436813354492,4075500,91672001.73282623
2016-01-28 00:00:00,22.613160951462586,22.82268116117473,21.999567784668038,22.695472717285156,3438100,78029304.7492981
2016-01-29 00:00:00,22.732889207372136,23.084583939851655,22.239021405444145,22.44854164123535,4995800,112148424.33128357
2016-02-01 00:00:00,22.381192283371327,22.92743969911573,21.67780435938123,22.62812614440918,3907600,88421665.72189331
2016-02-02 00:00:00,22.523370175971987,22.523370175971987,21.50570250825482,22.036985397338867,3132800,69037467.8527832
2016-02-03 00:00:00,22.276435485636934,22.620645756753504,21.109110345722147,22.48595428466797,5209200,117133833.05969238
2016-02-04 00:00:00,22.598193671394178,23.06961230345231,22.14922266209532,22.890024185180664,5454100,124844480.90839386
2016-02-05 00:00:00,22.70295232462571,22.95736917418891,22.01453051296755,22.42608642578125,4216800,94566321.24023438
2016-02-08 00:00:00,21.849914719779587,21.992087791080856,20.009133539044523,20.959455490112305,5207100,109137980.68256378
2016-02-09 00:00:00,20.742447914922327,22.25398309966876,20.50299707916835,21.303661346435547,4988200,106266923.5282898
2016-02-10 00:00:00,21.462478242794084,21.961606985593374,20.993601781214483,21.046539306640625,2537700,53409802.798461914
2016-02-11 00:00:00,20.350789410660234,22.24898660011862,19.881912867770378,21.961610794067383,5154700,113205515.16017914
2016-02-12 00:00:00,22.54391823116748,23.17160862858873,21.916227833746234,22.687606811523438,6065900,137620754.15802002
2016-02-16 00:00:00,23.03548335768623,23.96567635747157,22.45316919725771,23.54973602294922,6133300,144437595.94955444
2016-02-17 00:00:00,23.663174152788503,24.41942769898274,23.307734062916147,23.973237991333008,5982800,143427088.25454712
2016-02-18 00:00:00,24.956370661170187,26.083189878551494,24.75218182775698,25.9924373626709,7372000,191616248.23760986
2016-02-19 00:00:00,25.85631016710536,25.85631016710536,24.812682251126027,24.956369400024414,5569800,139001986.28425598
2016-02-22 00:00:00,24.956364709615563,25.74286901707721,24.956364709615563,25.364742279052734,3942600,100003032.90939331
2016-02-23 00:00:00,24.99417946913075,25.296682045727866,24.27573801337138,24.29842758178711,3902300,94819753.95240784
2016-02-24 00:00:00,24.079116028365743,24.184991076452736,22.717860052472542,24.01105308532715,5881600,141223409.82666016
2016-02-25 00:00:00,24.298434936077374,25.447941036232166,23.87493177763743,25.077375411987305,4092700,102634174.34864044
2016-02-26 00:00:00,25.35717930507247,26.567186653809518,25.35717930507247,26.431060791015625,5623300,148629784.14611816
2016-02-29 00:00:00,26.529372275650072,28.087252528395222,26.41593310477653,27.572999954223633,6216700,171413068.81542206
2016-03-01 00:00:00,27.981388223582304,28.5258918364998,27.09657273747043,27.41419792175293,3386900,92849146.941185
2016-03-02 00:00:00,26.468868107781773,27.172183976864474,26.007553087751432,26.27224349975586,5036700,132325408.83522034
2016-03-03 00:00:00,26.665500306442876,27.520067670664954,26.35543645002651,27.368816375732422,3969700,108645990.366745
2016-03-04 00:00:00,27.550312251850798,27.928438960896372,26.09830418897931,26.15880584716797,6190100,161925624.07455444
2016-03-07 00:00:00,26.302494794872498,28.04188008585363,26.166368939319575,27.890628814697266,5204700,145162355.79185486
2016-03-08 00:00:00,27.70912546963143,27.996502583452394,26.64280823887456,26.665494918823242,3753100,100078268.97983551
2016-03-09 00:00:00,26.869685461212317,27.3688126470749,26.241996567343026,26.786497116088867,3198900,85687325.62465668
2016-03-10 00:00:00,26.756245064741176,26.78649300706397,24.873172902238732,25.44036293029785,4271400,108665966.22047424
2016-03-11 00:00:00,26.173936782893666,27.70913062229441,26.060497592299782,26.952877044677734,4947100,133338578.02772522
2016-03-14 00:00:00,26.831874421836158,27.39150329344684,26.612560209659122,26.87725067138672,3345200,89909778.94592285
2016-03-15 00:00:00,26.801623003813656,26.83187383618709,25.054679264981214,25.43280601501465,3642000,92626279.50668335
2016-03-16 00:00:00,25.273993589464713,25.841183781884066,24.827806740911516,25.826061248779297,3973000,102606941.34140015
2016-03-17 00:00:00,26.07562848735407,26.612567947877906,25.705065772015278,26.50669288635254,3742700,99206599.46575165
2016-03-18 00:00:00,26.65793790329465,27.172190553212303,26.120998569811864,26.461313247680664,3921100,103757455.37548065
2016-03-21 00:00:00,26.33275147366447,26.83187875990459,26.242001844769543,26.514253616333008,2339700,62035399.18613434
2016-03-22 00:00:00,26.18905545035235,26.249554220831214,25.652113356134734,25.659677505493164,3007200,77163782.19451904
2016-03-23 00:00:00,25.531117671452062,25.553807238863108,24.865616648211834,24.933679580688477,3035300,75681197.63126373
2016-03-24 00:00:00,24.532864721664016,24.532864721664016,23.784175304439515,24.154739379882812,4183300,101046521.24786377
2016-03-28 00:00:00,23.806862081603537,24.44967934822375,23.33042296629245,24.041301727294922,3901000,93785118.03817749
2016-03-29 00:00:00,23.799293847797255,24.404297429932342,23.269917336172796,24.13204574584961,2598300,62702294.46144104
2016-03-30 00:00:00,24.237925539207993,24.502616010873346,23.912737726521197,24.184988021850586,2715600,65676753.47213745
2016-03-31 00:00:00,24.132055047877902,24.336243889647314,23.29261299334106,23.700990676879883,4166300,98745437.45708466
2016-04-01 00:00:00,23.345547927360244,24.411863884352247,22.61198105428318,24.29842758178711,3874600,94146687.50839233
2016-04-04 00:00:00,24.116915476594418,24.4421046021295,23.504350753167046,23.602663040161133,2445500,57720312.46471405
2016-04-05 00:00:00,22.717850690520898,23.7009794410286,22.438036324179553,22.770788192749023,4790600,109085737.91618347
2016-04-06 00:00:00,22.407791384829096,22.793480856941237,21.704476815913093,22.17335319519043,4996900,110798028.58104706
2016-04-07 00:00:00,22.006974081622587,22.422912871871233,21.74228510490123,22.075037002563477,5144500,113565027.8596878
2016-04-08 00:00:00,22.354850280257487,23.118666393505155,22.33972630838917,22.51366424560547,3354500,75522086.71188354
2016-04-11 00:00:00,22.801042556762695,23.254794941673403,22.551478961427662,22.801042556762695,3028300,69048397.17464447
2016-04-12 00:00:00,22.831298252164,23.254799895152036,22.31704553588741,23.09598731994629,3270700,75540045.72734833
2016-04-13 00:00:00,23.330427863886673,23.791741658424662,23.103550879375323,23.610240936279297,4429600,104583923.25134277
2016-04-14 00:00:00,23.1337947845459,23.39848379922537,22.80104283916487,23.1337947845459,4094700,94725949.50428009
2016-04-15 00:00:00,23.020357324555626,23.72367332197616,22.76323101490857,23.4665470123291,3523800,82691418.36204529
2016-04-18 00:00:00,23.179167561531496,23.935420998726254,23.065729834440077,23.723670959472656,2509400,59532179.90570068
2016-04-19 00:00:00,23.685865589443726,25.6218760947881,23.65561619159368,25.485750198364258,4677200,119201950.8277893
2016-04-20 00:00:00,25.65211826438504,26.620124741163643,25.311806484961387,26.370559692382812,6447000,170010998.336792
2016-04-21 00:00:00,26.468866712991172,27.10411962949806,25.85630047336318,25.894115447998047,3663600,94865681.35528564
2016-04-22 00:00:00,26.083183824979937,26.491558512149084,24.994176966187325,25.137866973876953,3580000,89993563.76647949
2016-04-25 00:00:00,25.107616171394497,25.705057114355327,24.994176995179323,25.08492660522461,2275400,57078241.997528076
2016-04-26 00:00:00,25.115184230436647,25.788249549684053,25.009309175931957,25.478185653686523,2266500,57746307.784080505
2016-04-27 00:00:00,25.463057609510386,25.591622223072335,24.570681005706856,25.553810119628906,3059800,78189548.20404053
2016-04-28 00:00:00,25.047122930477162,26.597442512420393,24.721933593181866,25.954627990722656,3609600,93685825.1953125
2016-04-29 00:00:00,25.810931859794085,26.13612108420789,24.7370504272262,25.009302139282227,2902900,72599503.18012238
2016-05-02 00:00:00,25.07736368395181,25.319364551345867,24.358922346741622,25.213489532470703,2476200,62433642.780303955
2016-05-03 00:00:00,24.918555146388556,24.979053930487105,23.587548720119322,23.950550079345703,3431500,82186312.59727478
2016-05-04 00:00:00,23.557298138445564,24.351365243019195,23.292609103587687,24.283302307128906,5012600,121722481.14471436
2016-05-05 00:00:00,23.44386008449077,24.230364470018685,22.710294659189646,23.28504753112793,7510900,174891663.50154877
2016-05-06 00:00:00,23.058175260281484,24.018617810480904,23.027925862192088,23.443864822387695,2945400,69051559.44786072
2016-05-09 00:00:00,23.42873932098376,23.55730250790725,22.929611993501844,22.9976749420166,2339800,53809959.829330444
2016-05-10 00:00:00,22.98254270453319,23.30016922257191,21.840599781166347,23.065731048583984,5296000,122156111.63330078
2016-05-11 00:00:00,22.95116950061267,23.134474636811465,22.240868289106984,22.500547409057617,3785100,85166821.99802399
2016-05-12 00:00:00,23.134477171778414,23.233766129394905,21.06467016663409,21.27088737487793,5469800,116347499.7631073
2016-05-13 00:00:00,21.32434882700991,21.584029408500193,20.736248600883787,21.118131637573242,4671700,98657575.57125092
2016-05-16 00:00:00,21.225052703154088,21.996454894532267,21.217414870190147,21.858978271484375,3367900,73618852.92053223
2016-05-17 00:00:00,21.65275998960207,22.332511062464345,21.61457082683207,22.240859985351562,3500500,77854130.37872314
2016-05-18 00:00:00,22.20267724594145,22.71440052096299,21.660404088633268,21.828432083129883,3720900,81221412.93811798
2016-05-19 00:00:00,21.866617379007092,22.317239382792362,21.561111306127554,21.950632095336914,3459100,75929431.48097992
2016-05-20 00:00:00,21.99646694626676,22.17977212429781,21.629859503741628,21.836076736450195,4374900,95530652.11429596
2016-05-23 00:00:00,22.958800541395956,23.493437207419866,22.53109208263746,22.798410415649414,8479100,193310001.75533295
2016-05-24 00:00:00,22.538726681472415,22.60746571314765,20.911904874181882,21.08757209777832,12225600,257808221.43859863
2016-05-25 00:00:00,21.38544866176106,22.68385148464664,21.30907176804401,22.54637336730957,7885300,177784917.91324615
2016-05-26 00:00:00,22.882425880340424,23.027541810602646,22.042284547839227,22.11865997314453,6052400,133870977.62145996
2016-05-27 00:00:00,22.0728349953939,22.42416807927666,21.01883865728141,21.15631675720215,6984100,147757831.86397552
2016-05-31 00:00:00,21.156318092402195,21.18686797388601,20.62168132713953,21.12576675415039,6090900,128674932.72285461
2016-06-01 00:00:00,21.12576646786909,21.179229852317263,20.621681047689236,21.110490798950195,3921000,82774234.42268372
2016-06-02 00:00:00,21.110490057828887,21.59166341450592,21.0035632926864,21.37017059326172,6262400,133828556.32324219
2016-06-03 00:00:00,21.33198210293782,21.92008220336011,21.087577244779947,21.851343154907227,4223300,92284777.54611969
2016-06-06 00:00:00,22.492909902331167,23.798949099060653,22.301968397071203,23.791311264038086,7725100,183790258.64582062
2016-06-07 00:00:00,23.974611548316762,24.761289506552924,23.905872499589815,24.409957885742188,6240700,152335224.17755127
2016-06-08 00:00:00,24.417603509986257,24.501619710173713,23.355969018133738,23.737852096557617,3669000,87094179.3422699
2016-06-09 00:00:00,23.36360436444171,23.36360436444171,22.50818571896393,22.752592086791992,4885900,111166889.676857
2016-06-10 00:00:00,22.454720882722256,22.935894295099725,22.01937448079756,22.324880599975586,4878800,108918627.47116089
2016-06-13 00:00:00,22.47762817388678,22.966437829437552,21.82842693962861,21.858978271484375,3452300,75463750.68664551
2016-06-14 00:00:00,21.828435025774358,22.27905714020198,20.950104304299035,21.17923355102539,4068000,86157122.08557129
2016-06-15 00:00:00,21.247969481142825,21.637490308516274,20.812623102539558,21.141042709350586,4606300,97381985.0320816
2016-06-16 00:00:00,20.92718782603731,21.23269393055803,20.27798644345078,21.072303771972656,4312900,90882738.93814087
2016-06-17 00:00:00,21.118126658674907,21.942993765179267,21.10285099118442,21.65276336669922,6613200,143194054.69665527
2016-06-20 00:00:00,21.797882221514833,22.340155379337272,21.316708828323627,21.354896545410156,3462700,73945600.26779175
2016-06-21 00:00:00,21.286156069989868,21.423632706987423,20.73624369492833,20.85844612121582,4617900,96322218.34316254
2016-06-22 00:00:00,21.003564490053904,21.20978165467148,20.598767995445478,20.6369571685791,3785900,78129456.14452362
2016-06-23 00:00:00,20.76679698888282,21.12576646786909,20.49184077541455,21.110490798950195,4862500,102649761.50989532
2016-06-24 00:00:00,20.270355958115733,20.331457196782047,18.910851576829696,19.422574996948242,11112200,215827537.88108826
2016-06-27 00:00:00,19.048324767970644,19.0712368160241,17.681182905749427,17.933225631713867,7575800,135858530.74073792
2016-06-28 00:00:00,18.223455044036395,18.696989091543955,18.024875733002695,18.37620735168457,6589500,121090018.34392548
2016-06-29 00:00:00,18.68935394384501,18.811556390234706,18.299833099689824,18.590065002441406,5769300,107251662.0185852
2016-06-30 00:00:00,18.605338579319938,18.971945877245478,18.04778834152762,18.40675926208496,4517800,83158056.99424744
2016-07-01 00:00:00,18.269287622585676,18.65117072384644,18.147085146723708,18.498416900634766,4839400,89521238.74893188
2016-07-05 00:00:00,18.399120337839232,18.51368492955726,17.757556876096885,17.979049682617188,3709800,66698678.51257324
2016-07-06 00:00:00,17.811020958965862,18.16235403845525,17.37567461917275,18.139440536499023,4798300,87038477.52628326
2016-07-07 00:00:00,18.26164748123816,18.574791468213625,17.85685092054801,17.948503494262695,3029800,54380375.886917114
2016-07-08 00:00:00,18.444942511205987,19.07123019108793,18.21581336965761,18.98721694946289,3839000,72891925.86898804
2016-07-11 00:00:00,19.10942423678843,19.369104773858876,18.803918151049068,18.842105865478516,3699000,69696949.59640503
2016-07-12 00:00:00,19.09415304233823,20.232164388849398,19.002500466756967,19.88083267211914,4371900,86917012.35923767
2016-07-13 00:00:00,19.911383496623944,20.629324092701836,19.575325979366667,20.560585021972656,4906700,100884622.52731323
2016-07-14 00:00:00,20.973014108469446,21.629853348656987,20.873725167327827,21.28615951538086,7391400,157334519.44198608
2016-07-15 00:00:00,21.37780763660057,21.400721138326833,20.64459306257454,20.95773696899414,4032100,84503691.23268127
2016-07-18 00:00:00,20.881363240515316,21.247970582899296,20.171060604166303,21.148681640625,3904700,82579257.20214844
2016-07-19 00:00:00,20.77443363318774,20.83553484859491,20.125232309006645,20.277984619140625,5392000,109338893.06640625
2016-07-20 00:00:00,20.308538721964997,20.698059569540085,20.003032603308483,20.323814392089844,4148300,84309279.2427063
2016-07-21 00:00:00,20.42310634824735,20.675149115429488,20.01067339138945,20.07941246032715,3071900,61681947.13687897
2016-07-22 00:00:00,20.003034248864946,20.17106226375689,19.208716818245126,19.231630325317383,4531400,87146209.65614319
2016-07-25 00:00:00,19.21635303135563,19.41493237224305,18.742818912658628,19.346193313598633,5723900,110735675.90770721
2016-07-26 00:00:00,19.323280921998634,19.804454360238005,19.13997724063969,19.705163955688477,2880600,56762695.290756226
2016-07-27 00:00:00,19.75098859136289,20.10995807538901,19.239265329539112,19.40729331970215,3841800,74558939.47563171
2016-07-28 00:00:00,19.185803890772124,19.231629446053304,18.59770368038577,18.834470748901367,3735700,70359932.37667084
2016-07-29 00:00:00,18.750456299930825,18.90321009553127,18.13944403106536,18.849746704101562,4340600,81819210.54382324
2016-08-01 00:00:00,18.681714889764763,18.926121223363367,18.315107574518823,18.651165008544922,3612200,67371738.24386597
2016-08-02 00:00:00,18.59771260227294,19.185813094788948,18.368581802409757,18.704639434814453,3772600,70565122.731781
2016-08-03 00:00:00,18.70463127752176,19.208716777907227,18.551878934332095,18.7275447845459,3937200,73734089.32571411
2016-08-04 00:00:00,17.352769501121603,17.52843685412305,15.863426116827178,16.367511749267578,25849300,423088721.4603424
2016-08-05 00:00:00,16.25293965972454,16.92505304313827,16.077272387114935,16.87158966064453,8896600,150099784.57489014
2016-08-08 00:00:00,16.986161942908932,17.780479575720346,16.925060698597942,17.711740493774414,6405100,113445469.0366745
2016-08-09 00:00:00,17.681180597979598,17.849210031203185,16.80285008921511,16.894502639770508,7150500,120804141.12567902
2016-08-10 00:00:00,16.886862410731045,17.04725253049472,16.405689137904687,16.474428176879883,8197500,135049124.97997284
2016-08-11 00:00:00,16.551885612562543,17.248969849916154,16.443449236217084,17.24122428894043,6181100,106569731.45236969
2016-08-12 00:00:00,17.21024324438578,17.628494702333892,17.032099761473717,17.31093406677246,9086300,157292340.2109146
2016-08-15 00:00:00,17.48132980629343,17.98477942344599,17.458094601961765,17.969289779663086,4954400,89027049.2843628
2016-08-16 00:00:00,18.038998347287322,18.15517880088951,17.85310784874628,17.969289779663086,6010200,107999025.43373108
2016-08-17 00:00:00,18.193902435675405,18.565680423147086,17.76790700969507,18.054485321044922,5654300,102085476.3507843
2016-08-18 00:00:00,18.02350865483529,18.069980544496868,17.48907675312558,17.61300277709961,5635100,99251031.94923401
2016-08-19 00:00:00,17.458095967170696,17.946054501383696,17.29544213755654,17.82987403869629,5068300,90367150.5903244
2016-08-22 00:00:00,17.83761881542405,18.372049215746966,17.659473871335077,18.348814010620117,3705700,67995200.07915497
2016-08-23 00:00:00,18.89099506876452,19.789459683180635,18.867759857368544,19.231792449951172,7825300,150494545.4586029
2016-08-24 00:00:00,19.309244235283735,19.324735359192626,18.565686538120634,18.619905471801758,6321200,117700146.46835327
2016-08-25 00:00:00,18.542451565291604,19.04590128021159,18.542451565291604,18.767066955566406,4955300,92996446.88491821
2016-08-26 00:00:00,19.02266324092417,19.20855228502658,18.495976877309943,18.57343101501465,5168800,96002350.23040771
2016-08-29 00:00:00,18.937466511766875,19.448661792671864,18.860012367956895,19.347970962524414,4905700,94915341.15085602
2016-08-30 00:00:00,19.347965712859708,20.70340769116141,19.270511590065276,20.26966667175293,13912700,282005791.504097
2016-08-31 00:00:00,20.114759991742737,20.718900423783523,19.890144643202525,20.137996673583984,8891500,179056997.423172
2016-09-01 00:00:00,20.223198904870387,20.277416358666585,19.727493304487695,19.828184127807617,4141100,82110493.29166412
2016-09-02 00:00:00,20.00633203456218,20.261929714180614,19.727497665045657,20.09153175354004,3713600,74611912.31994629
2016-09-06 00:00:00,20.107019370548308,20.261927666248262,19.758477921195905,19.866912841796875,3120100,61986754.75769043
2016-09-07 00:00:00,19.92887455109492,20.238689644759816,19.580333124715,19.773967742919922,3876500,76653785.95542908
2016-09-08 00:00:00,19.673274531149065,20.502030360309217,19.665528970081297,20.10701560974121,5459500,109774251.72138214
2016-09-09 00:00:00,19.921125710232154,20.083779530956527,19.36345863342285,19.36345863342285,4990700,96637213.00182343
2016-09-12 00:00:00,19.30149658530308,19.874654812094164,19.131098672683482,19.758474349975586,4649100,91859123.1004715
2016-09-13 00:00:00,19.363465098737663,19.363465098737663,18.32558325126011,18.59667205810547,6289300,116960049.57504272
2016-09-14 00:00:00,18.64314432025278,18.705107350671177,18.085477046487213,18.612163543701172,6467400,120372306.50253296
2016-09-15 00:00:00,18.542451800802894,18.898738795872646,18.255871910464894,18.658632278442383,5359100,99993476.24340057
2016-09-16 00:00:00,18.387540802527685,18.74382922240406,18.372049680508123,18.604412078857422,3944100,73377661.68022156
2016-09-19 00:00:00,18.71284826532076,18.813539088058103,18.317833490543478,18.3410701751709,3471200,63665522.79205322
2016-09-20 00:00:00,18.472746239072638,18.472746239072638,17.922823054937396,18.046749114990234,5300100,95649574.98435974
2016-09-21 00:00:00,18.294601465482614,18.47274498000222,17.721441630159863,17.837623596191406,8173500,145795816.46347046
2016-09-22 00:00:00,17.94605892169535,18.36430898585255,17.915076669446247,17.992530822753906,4750500,85473517.67349243
2016-09-23 00:00:00,17.91507262276684,18.06223533307858,17.264461722962587,17.527803421020508,6960800,122007534.05303955
2016-09-26 00:00:00,17.458096504519304,17.74467488948128,17.24122521746352,17.53554916381836,4950600,86811489.69039917
2016-09-27 00:00:00,17.38064367928243,17.75242179030192,17.194754623772685,17.729185104370117,5472400,97021192.56515503
2016-09-28 00:00:00,17.853113607567863,18.61216253572968,17.837623958788512,18.550199508666992,5773800,107105141.92314148
2016-09-29 00:00:00,18.519212883784434,19.11560780176601,18.372050175264942,18.74382972717285,4468900,83764300.66776276
2016-09-30 00:00:00,18.82128424452469,19.154336023250785,18.55019696166847,18.86001205444336,4186300,78953668.46351624
2016-10-03 00:00:00,18.798045017240764,18.890988786546256,18.457247749386603,18.751571655273438,4257700,79838566.63665771
2016-10-04 00:00:00,18.80579317160934,19.138843447761456,18.705102350772254,18.89873695373535,3865700,73056847.44205475
2016-10-05 00:00:00,19.03040712449141,19.479639310791573,18.751572844265564,19.255023956298828,4704200,90579483.69522095
2016-10-06 00:00:00,19.185318341905198,19.448661541063295,18.596668924805623,19.10011863708496,4226500,80726651.41963959
2016-10-07 00:00:00,19.107866752231196,19.185320905388334,18.54245394561977,18.550199508666992,3901500,72373603.38306427
2016-10-10 00:00:00,18.71284876672735,18.860011485347915,18.434014452986247,18.480487823486328,3346600,61846800.550079346
2016-10-11 00:00:00,18.39528832429416,18.457251341662346,18.008019096414284,18.170671463012695,4050600,73602121.82807922
2016-10-12 00:00:00,18.186159567639315,18.255868135270717,17.4735842475408,17.752418518066406,4706800,83557083.48083496
2016-10-13 00:00:00,17.51231751794664,17.946058702941286,17.03984851811269,17.845369338989258,6075200,108414187.80822754
2016-10-14 00:00:00,18.00801548684858,18.248121946358484,17.210240505490432,17.2567138671875,4740900,81812354.77294922
2016-10-17 00:00:00,17.24896860808838,17.651728885941463,17.21798636641602,17.504566192626953,5070700,88760403.79295349
2016-10-18 00:00:00,17.705949571408734,18.302343059584448,17.605258744863644,18.170671463012695,5603400,101817540.47584534
2016-10-19 00:00:00,18.100965732111586,18.906485018908942,18.023511585206176,18.70510482788086,6426100,120200874.13444519
2016-10-20 00:00:00,18.434015315659458,19.64229641353936,18.2248910478819,19.347970962524414,8322600,161025423.1327057
2016-10-21 00:00:00,19.38669771337989,20.30065183297178,19.18531754140766,20.07603645324707,8578300,172218263.50688934
2016-10-24 00:00:00,20.076036776794695,20.091527900422562,19.363461340376254,19.634550094604492,4582100,89967471.98848724
2016-10-25 00:00:00,19.665535324173863,19.9830960439853,19.518374048281377,19.78171730041504,4860100,96141124.25174713
2016-10-26 00:00:00,19.712002756121258,20.137998282714317,19.549348924864898,19.78945541381836,4572000,90477390.15197754
2016-10-27 00:00:00,20.037311398157193,20.099274418301206,18.945210767482212,18.99942970275879,4568300,86795094.71111298
2016-10-28 00:00:00,19.06913427347826,19.309240741360327,18.658628428061174,18.991680145263672,4721800,89674915.309906
2016-10-31 00:00:00,18.945213543493658,19.208556787021703,18.542454592199427,18.59667205810547,3501100,65108808.54263306
2016-11-01 00:00:00,18.70510106912282,19.37120453041605,18.52695760115848,19.27825927734375,7449100,143605681.18286133
2016-11-02 00:00:00,19.200806363109976,19.448658398191007,19.022661420245157,19.1310977935791,5569300,106546822.94178009
2016-11-03 00:00:00,18.25586782540649,18.25586782540649,17.17926004164017,17.504566192626953,19321100,338207473.8643646
2016-11-04 00:00:00,17.543295366016416,18.139690319218296,17.48907791160076,17.89958381652832,7892000,141263515.4800415
2016-11-07 00:00:00,18.20940324515257,18.325583743402046,17.907333654240894,18.039005279541016,5833500,105230537.29820251
2016-11-08 00:00:00,17.969292936377034,18.96844678565743,17.845366900455666,18.852266311645508,8295300,156385204.73499298
2016-11-09 00:00:00,18.62765366337622,20.695671887083677,18.379801535448244,20.509782791137695,10914600,223856075.2521515
2016-11-10 00:00:00,20.783975361909267,22.115778355327926,20.783975361909267,21.2540225982666,9181500,195143808.4859848
2016-11-11 00:00:00,21.230519070886984,21.93559135118345,21.081669996901468,21.763240814208984,7297400,158815073.51760864
2016-11-14 00:00:00,21.802411779129372,22.170615824898483,21.481212155443973,22.092275619506836,5719800,126363398.0884552
2016-11-15 00:00:00,21.966930367493717,22.131446598422006,21.473378686221466,21.77890968322754,5607000,122114346.59385681
2016-11-16 00:00:00,21.70057316372719,21.818084990687222,21.496885299682617,21.496885299682617,3502500,75292840.76213837
2016-11-17 00:00:00,21.637892863332347,21.763238969460446,21.113005483579634,21.22268295288086,5538600,117543951.80282593
2016-11-18 00:00:00,21.12867244990511,22.742506167767633,21.12867244990511,22.687665939331055,7934300,180010747.8624344
2016-11-21 00:00:00,23.173381094566313,23.6904341042311,23.01669773044346,23.400571823120117,7051100,164999771.98200226
2016-11-22 00:00:00,23.314395049260128,23.314395049260128,21.87291352647101,22.241117477416992,9453200,210249731.7375183
2016-11-23 00:00:00,22.178449072457905,22.303795188119246,21.755406305661772,22.233287811279297,6702000,149007494.91119385
2016-11-25 00:00:00,22.311627787621703,22.66416464465223,22.06876989402481,22.366466522216797,1755200,39257622.03979492
2016-11-28 00:00:00,22.295964718818784,22.554492808032784,21.865087558616427,22.084444046020508,3159800,69782426.2966156
2016-11-29 00:00:00,21.857250136093516,22.037434996114357,21.418538717794714,21.489046096801758,3933600,84529311.7263794
2016-11-30 00:00:00,21.9199263791596,22.961867082836772,21.794580241442336,22.67200469970703,6436700,145932892.65060425
2016-12-01 00:00:00,22.78950708318846,23.463243415204595,22.374297239976134,22.499643325805664,5958900,134073124.61414337
2016-12-02 00:00:00,22.554488913685493,23.196888130010755,21.982595579956616,22.233287811279297,5097300,113329737.96043396
2016-12-05 00:00:00,22.55449040837795,22.946197419339065,22.170616222701632,22.389972686767578,7761800,173786490.0001526
2016-12-06 00:00:00,22.162776673267715,22.546649248234075,21.79457123836123,22.382131576538086,6881700,154027114.87026215
2016-12-07 00:00:00,22.374300088759945,23.58859250442642,22.327295674149887,23.28306007385254,6748400,157123402.60238647
2016-12-08 00:00:00,23.439745232472713,24.089978745341455,23.28306184618772,23.792282104492188,4430700,105416464.32037354
2016-12-09 00:00:00,23.839290281412893,24.246665954589844,23.533759273652056,24.246665954589844,4674500,113341040.00473022
2016-12-12 00:00:00,24.144822853677585,24.183994456084953,22.46048280050083,22.719009399414062,6049600,137440919.2626953
2016-12-13 00:00:00,22.773843247691314,22.95402809725853,21.97476066146689,22.256790161132812,6542500,145615049.62921143
2016-12-14 00:00:00,22.15494901305307,22.593660445657427,21.959095508145666,22.02176856994629,3011900,66327364.75582123
2016-12-15 00:00:00,21.912085382503925,22.78167525543045,21.739734869216132,22.444807052612305,4453900,99966926.13162994
2016-12-16 00:00:00,22.389969068097027,23.196885918190606,22.107939587628707,23.095041275024414,10461700,241613393.3069229
2016-12-19 00:00:00,22.844355940974612,23.11071686506058,22.0452731687167,22.16278648376465,5416900,120053598.10390472
2016-12-20 00:00:00,22.30379833080856,22.78951571811834,22.162785051502922,22.71117401123047,3921800,89068682.23724365
2016-12-21 00:00:00,22.805180855592535,22.805180855592535,22.36646796210189,22.640663146972656,3782400,85636044.28710938
2016-12-22 00:00:00,22.69549968530374,23.635596943956493,22.577987901533,23.588592529296875,4335200,102261266.33300781
2016-12-23 00:00:00,23.588598004231724,24.136986953857896,23.196890971251424,24.058645248413086,5475500,131733112.05768585
2016-12-27 00:00:00,24.21532573320652,25.155423096458627,24.066476660272162,25.03007698059082,6222900,155759666.04251862
2016-12-28 00:00:00,25.15542253920527,25.547129516175797,24.505189017203932,24.779382705688477,3653400,90528996.77696228
2016-12-29 00:00:00,24.69320910561177,25.100584735436975,24.630536046734324,24.99090576171875,4220100,105464121.4050293
2016-12-30 00:00:00,24.9203955745801,25.194590736601963,24.348503790008742,24.661869049072266,4181300,103118673.05488586
2017-01-03 00:00:00,25.084920955284087,25.531466773047647,24.802891388593892,24.967409133911133,6719700,167773499.15714264
2017-01-04 00:00:00,25.155419915887222,25.883995056152344,25.10058118390914,25.883995056152344,5479500,141831350.91018677
2017-01-05 00:00:00,25.883993806228656,26.166023264775045,25.319934889135876,25.891826629638672,5949600,154046011.71569824
2017-01-06 00:00:00,25.907498481567135,26.24436671126834,25.86832838268055,26.22086524963379,2840200,74472501.48200989
2017-01-09 00:00:00,26.22087083831572,26.596909247051844,25.90750400345847,26.455894470214844,4523200,119665301.86767578
2017-01-10 00:00:00,26.173857851808457,26.463720153296105,25.38261114067078,25.641136169433594,6816000,174769984.13085938
2017-01-11 00:00:00,25.750817313730177,26.824096644211725,25.742984488673535,26.784923553466797,6500000,174102003.09753418
2017-01-12 00:00:00,26.58123360283627,27.082618015713,26.173858020252222,27.035612106323242,5902000,159564182.65151978
2017-01-13 00:00:00,26.925928437186393,27.184456396547947,26.119013270366043,26.620397567749023,4144900,110338885.87856293
2017-01-17 00:00:00,26.81626403261425,26.839765499077565,25.742987562467352,25.766489028930664,4777800,123107131.28242493
2017-01-18 00:00:00,25.766482431714927,25.789983892160958,25.296435291873305,25.319936752319336,5392300,136532694.94953156
2017-01-19 00:00:00,25.52363045001944,25.633307935709727,25.061414560018598,25.26510238647461,5020000,126830813.98010254
2017-01-20 00:00:00,26.416714944932952,26.902430676156204,25.8839933086933,26.792753219604492,7960500,213283712.00466156
2017-01-23 00:00:00,26.636077447985926,27.64668228016119,26.573402890104944,27.615345001220703,7577100,209244230.6087494
2017-01-24 00:00:00,27.91304925310269,29.088170572903117,27.85821049725772,28.868812561035156,10489100,302807861.83395386
2017-01-25 00:00:00,29.072489813918263,29.119492734489228,28.21856855786629,28.625944137573242,4964000,142099186.69891357
2017-01-26 00:00:00,27.270642390639683,28.57894233495609,27.027782975008833,28.367420196533203,6072700,172266832.62748718
2017-01-27 00:00:00,28.571105595942853,28.829630626275105,28.03838391033398,28.602439880371094,4210200,120421992.38433838
2017-01-30 00:00:00,28.42225935371473,28.42225935371473,27.51349922078356,27.725021362304688,4156200,115230733.78601074
2017-01-31 00:00:00,27.999211935293165,28.28123840715044,27.544830473964286,27.64667510986328,4355300,120409564.10598755
2017-02-01 00:00:00,27.68584840748194,28.743456017653713,27.62317385860425,28.696453094482422,4594800,131854462.67852783
2017-02-02 00:00:00,28.524111837592827,28.524111837592827,27.670190212058404,27.913049697875977,3911000,109167937.36839294
2017-02-03 00:00:00,28.038391223452056,28.31258496175847,27.842537699379584,27.95221519470215,3189400,89150795.14198303
2017-02-06 00:00:00,27.96788961376699,28.007059728977,27.239314114605452,27.803373336791992,3882500,107946596.98009491
2017-02-07 00:00:00,27.458659104185454,27.858201903215004,26.91026872642189,27.33331298828125,4909000,134179233.45947266
2017-02-08 00:00:00,27.34114991826281,27.552669069344578,26.95727574160334,27.37248420715332,3068300,83986993.29280853
2017-02-09 00:00:00,27.341148565360847,27.427321591154776,26.988611683523462,27.019948959350586,3718800,100481786.19003296
2017-02-10 00:00:00,27.223633419834574,28.124560613295802,27.09045448937672,28.07755470275879,4172300,117147981.4863205
2017-02-13 00:00:00,28.265576129905863,29.064655711493543,28.218570218082533,28.759124755859375,6424300,184757245.16906738
2017-02-14 00:00:00,28.57893840351651,28.649445773291514,28.03054808176502,28.45359230041504,7961300,226527584.38129425
2017-02-15 00:00:00,28.595781961360125,28.64317635549277,27.110696339870707,27.24498748779297,9226000,251362254.56237793
2017-02-16 00:00:00,26.605140322510348,28.208715200430355,26.368159273629082,26.478750228881836,10609500,280926300.55332184
2017-02-17 00:00:00,26.470847689718546,26.976411049662985,26.312862341449353,26.944812774658203,6668800,179689567.43164062
2017-02-21 00:00:00,27.000100763345234,27.28447913278855,26.41554489133658,26.802616119384766,5137500,137698440.31333923
2017-02-22 00:00:00,26.66833060650503,26.842118094041826,26.218065764593483,26.24176597595215,3145900,82553971.58374786
2017-02-23 00:00:00,26.25756749625846,26.27336362076211,24.55129827231891,25.135852813720703,7986100,200737434.1556549
2017-02-24 00:00:00,24.819876006066025,24.890970615306458,24.156327324281072,24.606592178344727,5696400,140168991.6847229
2017-02-27 00:00:00,24.56709602352843,24.914669503850245,24.424906804001836,24.875171661376953,3897800,96958444.10171509
2017-02-28 00:00:00,24.60659567384096,25.38863497988989,24.50390428295505,24.81987953186035,5672500,140790766.64447784
2017-03-01 00:00:00,25.27014047235894,25.491323865122734,24.772479722001147,25.39653205871582,5653800,143586912.9535675
2017-03-02 00:00:00,25.396535058463055,25.515024077122895,24.906772311882996,24.930469512939453,4037600,100659263.70544434
2017-03-03 00:00:00,24.859371583088375,24.906768992261625,24.36171084027785,24.448604583740234,5302300,129633836.08436584
2017-03-06 00:00:00,24.32221830770299,24.55129979442626,24.029940265537366,24.35381507873535,3378200,82272058.09898376
2017-03-07 00:00:00,24.22742419926703,24.290619245980892,23.603371794614965,23.85615348815918,5349400,127616107.46955872
2017-03-08 00:00:00,23.79295869592963,24.053638454748587,23.334794225681506,23.39798927307129,4775900,111746456.96926117
2017-03-09 00:00:00,23.62706261264221,24.40120205306022,22.908218631298592,23.17679786682129,5520000,127935924.22485352
2017-03-10 00:00:00,23.216301064491145,23.390088566378548,22.90822541178341,23.239999771118164,3142400,73029375.28076172
2017-03-13 00:00:00,23.445384041819555,23.445384041819555,23.066213775919465,23.239999771118164,4511600,104849582.96737671
2017-03-14 00:00:00,23.050412559562808,23.050412559562808,22.505354409802415,22.65544319152832,4798400,108709878.61022949
2017-03-15 00:00:00,22.77394046774339,23.216305869515494,22.505361097138074,22.78973960876465,6407100,146016140.64731598
2017-03-16 00:00:00,22.9872152852458,23.03461118292749,22.39476129081518,22.67913818359375,4926600,111731042.17529297
2017-03-17 00:00:00,22.876630642638432,23.3663934411764,22.85293343906799,23.137311935424805,9977100,230843274.91092682
2017-03-20 00:00:00,23.682362277909245,24.014136597969852,23.421682562625094,24.006237030029297,6302000,151287305.76324463
2017-03-21 00:00:00,24.06153338036277,24.11683035797232,23.224198734941165,23.33479118347168,5078300,118501070.06702423
2017-03-22 00:00:00,23.137309830758074,23.366391315671457,22.687043416921593,23.08991241455078,4495800,103807628.2333374
2017-03-23 00:00:00,22.95561933340508,23.318991936822158,22.805532057811263,23.216299057006836,3676400,85352401.85317993
2017-03-24 00:00:00,23.295295651712536,23.461183587609398,22.892426672178697,23.0504150390625,6549100,150959473.13232422
2017-03-27 00:00:00,22.702837588692734,23.311090736745825,22.63174298662479,23.097806930541992,3387200,78236891.63513184
2017-03-28 00:00:00,23.11360353263986,24.029932184768203,23.01091067126834,23.88774299621582,3948200,94313586.8976593
2017-03-29 00:00:00,23.911446092284177,24.567095188160128,23.911446092284177,24.37751007080078,4344400,105905654.75158691
2017-03-30 00:00:00,24.187925250993928,24.377510370685492,23.287394049098257,23.437482833862305,6368400,149259265.6791687
2017-03-31 00:00:00,23.43748399906005,23.53227731696279,22.829230768129854,23.184703826904297,7377700,171049789.42375183
2017-04-03 00:00:00,23.24000063475398,23.437485343918546,22.228878381423435,22.450061798095703,5237500,117582198.66752625
2017-04-04 00:00:00,22.450062362640328,23.105711553286547,22.339471404867574,23.08991241455078,5140800,118700621.74072266
2017-04-05 00:00:00,23.216302463507965,23.318995358391295,22.718641647861087,22.7502384185791,3893000,88566678.16352844
2017-04-06 00:00:00,22.78973264681964,23.469078929623745,22.718638040631408,23.429582595825195,3638700,85253222.19142914
2017-04-07 00:00:00,23.334787262719626,23.57966780994804,23.066208014783303,23.31108856201172,2923000,68138311.86676025
2017-04-10 00:00:00,23.326890478301532,23.753456595107373,23.192600838314995,23.587570190429688,2306900,54414165.672302246
2017-04-11 00:00:00,23.555977753079592,23.706066565927948,23.318996685793877,23.421688079833984,4062100,95141239.14909363
2017-04-12 00:00:00,23.224194821887913,23.287389850391065,22.505350807656473,22.608043670654297,5074600,114726778.4111023
2017-04-13 00:00:00,22.513256844760814,22.789735738928965,22.33947084310395,22.450061798095703,2695900,60523121.601486206
2017-04-17 00:00:00,22.513255656890237,22.513255656890237,21.62852354357118,21.731216430664062,4606900,100113540.97442627
2017-04-18 00:00:00,21.541631227098534,21.541631227098534,21.12296312478187,21.391542434692383,4645600,99376549.53460693
2017-04-19 00:00:00,21.38364561563441,21.51793528785763,20.82278972420671,21.012374877929688,3468300,72877219.78912354
2017-04-20 00:00:00,21.091371557946573,21.28885630471877,20.957081869873914,20.996578216552734,3749900,78735068.6542511
2017-04-21 00:00:00,20.901779394998112,20.933377669407772,20.396219057952784,20.538408279418945,3916300,80434568.34468842
2017-04-24 00:00:00,20.78328762474942,20.90177813325562,20.459412865044477,20.862281799316406,3341800,69717573.31695557
2017-04-25 00:00:00,21.067666708051412,21.76281215122203,20.893880723930913,21.596925735473633,5093800,110010420.31135559
2017-04-26 00:00:00,21.470536418036875,21.683820251598775,21.312548058356505,21.53373146057129,3773900,81266149.15904999
2017-04-27 00:00:00,21.77861502592382,21.82601093760261,21.249355907662576,21.66802406311035,3005100,65114579.11205292
2017-04-28 00:00:00,21.77071448078994,21.77071448078994,21.099266150886745,21.12296485900879,3567800,75362514.02397156
2017-05-01 00:00:00,21.233551308347938,21.265149579134736,20.83068390263565,21.115060806274414,3794400,80118986.72332764
2017-05-02 00:00:00,21.028171266846318,21.036069328865583,20.491012648215865,20.830686569213867,7617700,158681921.07830048
2017-05-03 00:00:00,20.68059566581113,20.727991566531333,19.780066018684657,20.151336669921875,8303500,167326624.0386963
2017-05-04 00:00:00,20.696398158676303,21.69961933787227,20.585805696805803,21.383644104003906,13283800,284056051.5487671
2017-05-05 00:00:00,21.62062662228002,22.655446076429506,21.454738683103628,22.450061798095703,6661600,149553331.67419434
2017-05-08 00:00:00,22.718636253395918,23.168901052707483,21.84970341798825,21.92869758605957,6447400,141383084.81636047
2017-05-09 00:00:00,22.039294120182248,22.126187877819703,21.581129636919993,21.660123825073242,3804900,82414605.14202118
2017-05-10 00:00:00,21.699615594368783,22.05508861282684,21.660119261957224,21.81810760498047,3696000,80639725.70800781
2017-05-11 00:00:00,21.69831965176942,22.025750926018354,21.27505412794907,21.722278594970703,2958500,64265361.223220825
2017-05-12 00:00:00,21.706306772867897,22.00179280049663,21.275054918619976,21.38686180114746,2755900,58940052.43778229
2017-05-15 00:00:00,21.594494354494895,22.39310728435225,21.538590169888927,22.153522491455078,3953300,87579520.46546936
2017-05-16 00:00:00,22.201438810405204,22.528869989340656,22.105606111963905,22.417064666748047,5121400,114806754.98428345
2017-05-17 00:00:00,22.417070891081455,22.496932510779136,21.826097342492545,21.929916381835938,3669700,80476214.14642334
2017-05-18 00:00:00,21.562554772776394,21.96984765682799,21.386860430399377,21.889986038208008,2674200,58538200.663375854
2017-05-19 00:00:00,22.017757355374155,23.10387138414953,22.00178473183729,22.80838394165039,4975700,113487675.97846985
2017-05-22 00:00:00,22.91221075021665,23.039988727061125,22.185472935701092,22.59276580810547,2727200,61614990.911865234
2017-05-23 00:00:00,22.680613905080424,23.247630052405157,22.624711226449907,23.11985206604004,4142100,95764739.24274445
2017-05-24 00:00:00,23.12783643278409,23.391380238462048,22.60873818230105,22.71255874633789,3147800,71494592.42172241
2017-05-25 00:00:00,22.888255650264394,23.215686961293695,22.12158766050814,22.433046340942383,4854000,108890006.93893433
2017-05-26 00:00:00,22.353183347618764,22.512906597358207,22.06568210738129,22.464988708496094,2486500,55859194.42367554
2017-05-30 00:00:00,22.36116476881718,22.656652259199273,22.273316848362118,22.289289474487305,2743900,61159581.389045715
2017-05-31 00:00:00,22.297278470089953,22.457001704090867,21.338942112551766,21.48269271850586,4788400,102867725.81329346
2017-06-01 00:00:00,21.482691060878693,21.953872889267487,21.362899406238082,21.586511611938477,4141700,89404855.14316559
2017-06-02 00:00:00,21.50664901189162,21.554565366897226,20.596230650617876,21.083383560180664,6658200,140377384.4203949
2017-06-05 00:00:00,21.027488421131075,21.11533637279029,20.70005708542638,20.987558364868164,3496500,73382997.82276154
2017-06-06 00:00:00,20.915674882876292,21.091369194397775,20.484423132005265,20.843799591064453,3795500,79112641.34788513
2017-06-07 00:00:00,20.85977613410974,20.955608859034033,20.580261227152114,20.93963623046875,4920300,103029292.14477539
2017-06-08 00:00:00,20.93963569026179,21.76220776134844,20.76394135027741,21.378873825073242,3705300,79215141.18404388
2017-06-09 00:00:00,21.37887310783524,21.945887679148704,21.24310881955498,21.76220703125,5114900,111311512.74414062
2017-06-12 00:00:00,21.73026060976416,22.752485873908192,21.626441582290507,21.850053787231445,5512400,120446236.49673462
2017-06-13 00:00:00,21.913946105376247,22.760475650430674,21.626444872883372,22.744503021240234,3257100,74081120.79048157
2017-06-14 00:00:00,22.760479876915042,22.760479876915042,21.826102221038642,21.858047485351562,3376000,73792768.31054688
2017-06-15 00:00:00,21.690336829281215,21.786171094280917,21.26707123731963,21.362905502319336,3486600,74483906.3243866
2017-06-16 00:00:00,21.36289854544265,22.025747299194336,21.259079521799677,22.025747299194336,4027500,88708697.24750519
2017-06-19 00:00:00,22.169499638173804,22.5767924982762,22.169499638173804,22.552833557128906,3114900,70249821.24710083
2017-06-20 00:00:00,22.377137717412666,22.377137717412666,21.666371076933856,21.706302642822266,3732600,81020945.24459839
2017-06-21 00:00:00,21.80213605687558,21.969845592542935,21.259080452399264,21.322969436645508,2810000,59917544.11697388
2017-06-22 00:00:00,21.23511998692946,22.04970561998845,21.171231007271896,21.83407974243164,3179400,69419273.13308716
2017-06-23 00:00:00,21.802135232002975,21.945885821926684,21.386857611730967,21.92192840576172,4262400,93440027.63671875
2017-06-26 00:00:00,22.025750332891874,22.089639323141125,21.626443763025645,21.889986038208008,3752900,82150928.60279083
2017-06-27 00:00:00,21.953869875026598,22.209425776034646,21.434771760699835,21.458730697631836,3353900,71970436.88678741
2017-06-28 00:00:00,21.666373225566605,22.00179079612483,21.59449944630679,21.698318481445312,2460700,53393052.28729248
2017-06-29 00:00:00,21.882001138902538,22.393114617178572,21.850057403329288,21.905960083007812,4403900,96471657.6095581
2017-06-30 00:00:00,21.953870363218527,22.425052137392363,21.5306049407409,22.3292179107666,4521400,100959325.86174011
2017-07-03 00:00:00,22.520891658364633,23.455269113883105,22.50491902963317,23.33547592163086,4050700,94525012.31575012
2017-07-05 00:00:00,23.431305587136528,23.431305587136528,22.640678898396757,22.93616485595703,5108500,117169398.1666565
2017-07-06 00:00:00,22.848319268186646,23.04797252562069,21.985817257000917,22.025747299194336,3710200,81719927.62947083
2017-07-07 00:00:00,22.041722233589677,22.30526450007161,21.77817996710775,22.273319244384766,3339400,74379522.28469849
2017-07-10 00:00:00,22.24137737830282,23.9264501531112,22.145543126434053,23.734783172607422,7721300,183263381.3106537
2017-07-11 00:00:00,23.726795731752784,24.00631063626545,22.90422516987404,23.511171340942383,4628500,108821456.55155182
2017-07-12 00:00:00,23.694847890848713,24.301793956708472,22.840332220241365,23.095888137817383,6523100,150656787.91179657
2017-07-13 00:00:00,23.04796812701282,23.718803065823852,22.600743818983343,23.567066192626953,4243700,100011558.801651
2017-07-14 00:00:00,23.607000537776116,23.86255646146641,23.391376179183343,23.551097869873047,3695800,87040147.5074768
2017-07-17 00:00:00,23.527137821074593,23.84658423385311,23.103873913639816,23.375402450561523,3076300,71909750.55866241
2017-07-18 00:00:00,23.343454455213624,23.53512136640407,23.016023291525798,23.503177642822266,3003500,70591794.05021667
2017-07-19 00:00:00,23.64693369983519,24.629227419070098,23.638947386276346,24.605268478393555,5647400,138955793.20487976
2017-07-20 00:00:00,24.717079302284827,25.01256533510287,24.277841125625795,24.860828399658203,4044000,100537190.04821777
2017-07-21 00:00:00,24.709088952719007,25.00457493728737,24.66915738505196,24.868810653686523,2669300,66382316.27788544
2017-07-24 00:00:00,24.717069451768054,24.764985798463034,24.062205605181752,24.13408088684082,4873200,117610202.97775269
2017-07-25 00:00:00,24.405611009595432,24.741028505183216,23.87852659127653,24.094152450561523,6840900,164825687.49904633
2017-07-26 00:00:00,23.838597513088644,23.96637546671911,22.872275025120704,23.063941955566406,8457200,195056369.9066162
2017-07-27 00:00:00,23.103873702090034,23.319499571771146,22.712553525576187,23.008039474487305,4933600,113512463.55133057
2017-07-28 00:00:00,22.952143042186513,23.34346332495996,22.952143042186513,23.151796340942383,2708000,62695064.49127197
2017-07-31 00:00:00,23.19172518030043,23.614989148889894,23.143807297520272,23.439294815063477,6794500,159258288.6209488
2017-08-01 00:00:00,23.54311552543871,23.575060782901634,22.568808021325303,23.33547592163086,6144200,143377831.15768433
2017-08-02 00:00:00,23.311513941551727,23.38338923354929,22.752484231178112,22.93616485595703,5361500,122972247.87521362
2017-08-03 00:00:00,22.672623862880457,24.58131007646202,22.177484627930827,24.525405883789062,9932000,243586331.23779297
2017-08-04 00:00:00,24.64519567061237,25.85109986246125,24.63720935847143,25.72332191467285,8358500,215008386.22379303
2017-08-07 00:00:00,25.83513376769425,25.83513376769425,24.964646849593294,25.499717712402344,4184000,106690818.9086914
2017-08-08 00:00:00,25.443812467558807,25.73131365533392,24.98061695571753,25.148324966430664,5247800,131973379.75883484
2017-08-09 00:00:00,24.948675423807764,25.491732626951705,24.860827487053964,25.459787368774414,3585900,91296251.52568817
2017-08-10 00:00:00,25.23617323320627,26.02679998710413,24.485476523382967,24.565338134765625,6247600,153474406.53076172
2017-08-11 00:00:00,24.654053497977564,24.871803115139354,24.36372067509518,24.60566520690918,3853800,94825312.5743866
2017-08-14 00:00:00,24.83953982097097,24.83953982097097,24.355653900203812,24.371782302856445,2369400,57746500.98838806
2017-08-15 00:00:00,24.25081435984225,24.533082213618027,23.871769923091723,24.436304092407227,2819900,68907933.91017914
2017-08-16 00:00:00,24.43630314371674,24.79115419006522,24.226620042666624,24.363719940185547,2348500,57218196.27952576
2017-08-17 00:00:00,24.339528779098494,24.436305367121573,23.436271907545027,23.51692008972168,4758700,111909967.63095856
2017-08-18 00:00:00,23.452402179956653,23.6862817577196,23.02496788520169,23.412078857421875,3399500,79589362.07580566
2017-08-21 00:00:00,23.46046162102431,23.68627617339457,23.299165292440446,23.533044815063477,2154000,50690178.53164673
2017-08-22 00:00:00,23.54917590552738,23.887896981505374,23.492721111001163,23.58143424987793,2849100,67185864.32132721
2017-08-23 00:00:00,23.444335051131937,23.702407983380873,23.31529858500747,23.33142852783203,1873200,43704431.91833496
2017-08-24 00:00:00,23.33949564627035,23.524985391108178,23.105616068507402,23.412078857421875,3038000,71125895.56884766
2017-08-25 00:00:00,23.541113108019413,23.541113108019413,23.250780290883828,23.37175178527832,2082800,48678684.618377686
2017-08-28 00:00:00,23.468532124265025,23.75886343063497,23.21852414042986,23.412078857421875,4411800,103289409.50317383
2017-08-29 00:00:00,23.145934757317875,23.266906230900812,22.960443523705905,23.250776290893555,2052700,47726868.4923172
2017-08-30 00:00:00,23.226582841587163,23.50885065652282,23.033028164034786,23.33949089050293,2158500,50378291.087150574
2017-08-31 00:00:00,23.4765941708518,23.645953950276258,23.21852124702255,23.37981605529785,3119700,72938012.14771271
2017-09-01 00:00:00,23.37981658269873,24.25887846071942,23.29916840762384,24.17823028564453,3970000,95987574.23400879
2017-09-05 00:00:00,24.194358695014103,24.508884865813798,23.347556755982968,23.4523983001709,4924000,115479609.2300415
2017-09-06 00:00:00,23.59756517901971,25.283105658823686,23.557240324098604,25.162134170532227,5988900,150693505.33390045
2017-09-07 00:00:00,25.162130786539034,25.64601667462824,24.928251274158292,25.549240112304688,3975400,101568449.14245605
2017-09-08 00:00:00,25.52505088537432,26.02506836281978,25.37988447133415,25.83957862854004,3834900,99092200.0825882
2017-09-11 00:00:00,26.04925504060518,26.42023441376022,25.77505222643159,26.057321548461914,3500300,91208442.61608124
2017-09-12 00:00:00,26.21055598118841,27.06542445302782,25.74279842828433,25.960546493530273,5621500,145937212.11338043
2017-09-13 00:00:00,26.04926059902481,26.186363573602453,25.605697942867952,25.887964248657227,2184900,56562613.086891174
2017-09-14 00:00:00,25.86377097284067,26.162167222467318,25.726669535969073,26.0976505279541,3406300,88896426.99337006
2017-09-15 00:00:00,26.03312543429733,26.613790948554822,26.000868631871878,26.52507781982422,4864000,129017978.515625
2017-09-18 00:00:00,26.99283811080171,29.44453056993599,26.871865097453924,28.307395935058594,10287800,291220827.9006958
2017-09-19 00:00:00,28.42837665905516,29.138078838480716,28.388053335826154,28.662256240844727,5590000,160222012.38632202
2017-09-20 00:00:00,28.734834562177014,29.04129422773168,28.11384564543966,28.379981994628906,4621300,131152410.79177856
2017-09-21 00:00:00,28.339654881258028,29.113873527041303,28.242878319652974,29.000967025756836,3249500,94238642.35019684
2017-09-22 00:00:00,28.89612999259211,29.025166446774147,28.33159435186879,28.412240982055664,3144600,89345132.99217224
2017-09-25 00:00:00,28.5896737989924,29.04129995368532,28.41224748023593,28.96065330505371,3658600,105955446.1818695
2017-09-26 00:00:00,28.855803257695392,28.93645296339442,27.686411751540692,28.129974365234375,5100100,143465682.26013184
2017-09-27 00:00:00,28.129977600347193,28.509020493073816,27.734801688153667,28.29933738708496,3814900,107959142.19799042
2017-09-28 00:00:00,28.452562933332654,28.863868726397104,27.767057380187364,28.097713470458984,4499000,126411612.90359497
2017-09-29 00:00:00,28.000939686430208,28.38804906889357,27.508987218152217,28.355789184570312,4052800,114920342.40722656
2017-10-02 00:00:00,28.315461689653766,28.654181195656548,27.976739107179537,28.549341201782227,3315700,94661050.62274933
2017-10-03 00:00:00,28.654185357511274,28.807418269458537,28.250946033813243,28.541278839111328,3332800,95122374.11499023
2017-10-04 00:00:00,28.56546882549378,28.920321357195807,28.154166117760052,28.307395935058594,2334400,66080785.07080078
2017-10-05 00:00:00,28.36385447833768,28.428374251217264,28.08965467301575,28.250947952270508,2199000,62123834.54704285
2017-10-06 00:00:00,28.12190109640896,28.14609754053811,27.404135808820378,27.581562042236328,3331500,91887973.94371033
2017-10-09 00:00:00,27.710606903962088,27.968679825823163,27.363820838372785,27.775123596191406,2712400,75337245.24230957
2017-10-10 00:00:00,27.775124605443974,27.871904262012443,27.46059841277648,27.807384490966797,2979800,82860444.30618286
2017-10-11 00:00:00,27.823514849618864,28.194494309260488,27.37995218470196,28.154170989990234,5852100,164761024.05052185
2017-10-12 00:00:00,28.16222637247833,28.928381525479473,28.15416294151821,28.90418815612793,4026600,116385604.02946472
2017-10-13 00:00:00,29.089689960548615,29.839715487847442,28.976783421208573,29.67841911315918,6124100,181753606.49089813
2017-10-16 00:00:00,29.64615825643198,30.0735940968919,29.4122817510547,29.751001358032227,4278200,127280734.00993347
2017-10-17 00:00:00,29.75906360068286,30.154236418816474,29.412277532908185,29.839710235595703,4643600,138563678.4500122
2017-10-18 00:00:00,29.855843685491813,30.089723261277125,29.24291811284563,29.702613830566406,3160900,93886992.05703735
2017-10-19 00:00:00,29.468733421014633,29.65422315903589,29.04129760373137,29.299373626708984,3192800,93547040.11535645
2017-10-20 00:00:00,29.63808974015612,29.85583934007674,29.323563565761383,29.831645965576172,3194000,95282277.2140503
2017-10-23 00:00:00,29.759063804753957,29.99294027819376,29.259044820155342,29.283241271972656,2501000,73237386.42120361
2017-10-24 00:00:00,29.630018237308406,30.388106837744047,29.48485187689952,30.331653594970703,3257400,98802328.42025757
2017-10-25 00:00:00,30.218757052502237,30.6542532005521,29.97681098789764,30.38811683654785,3350300,101809307.83748627
2017-10-26 00:00:00,30.08972635969486,30.267149610911837,29.533253996113064,30.202632904052734,2317400,69991581.4918518
2017-10-27 00:00:00,29.960675174304846,30.267134765399422,29.57356281713185,29.928415298461914,2659100,79582649.12014008
2017-10-30 00:00:00,30.25101573684978,30.694581498474715,30.105852396148762,30.13810920715332,3952100,119108821.39759064
2017-10-31 00:00:00,30.339721708247648,30.726831036929568,30.178425385512313,30.630054473876953,4838600,148206581.57730103
2017-11-01 00:00:00,30.847799825270023,31.049419431971135,30.307460756017147,30.67844009399414,4439000,136181595.57724
2017-11-02 00:00:00,31.242983197172567,31.48492616868919,29.60582950108409,31.089750289916992,5965800,185475232.2795868
2017-11-03 00:00:00,31.251040826848513,31.331687443555115,30.49295216980428,31.130067825317383,3506300,109151356.81591034
2017-11-06 00:00:00,31.186532886799178,31.71074532339483,31.130079618423938,31.622032165527344,3938600,124546535.887146
2017-11-07 00:00:00,30.43651015899094,30.64619328571907,29.37195535134297,29.751001358032227,6080500,180900963.75751495
2017-11-08 00:00:00,29.815517593752325,30.533283122135156,29.452601574774494,30.46876335144043,3320500,101171528.70845795
2017-11-09 00:00:00,30.25908425841776,30.654257138624352,29.65422517214562,29.952621459960938,3156500,94545449.6383667
2017-11-10 00:00:00,30.04939892435022,30.58167481265683,29.839715788672315,30.065528869628906,3391300,101961228.05557251
2017-11-13 00:00:00,29.807453051697042,30.420378607866663,29.702613032105873,30.13810920715332,2634900,79410903.94992828
2017-11-14 00:00:00,29.008021821768722,29.772245488887116,28.463306799462153,28.877941131591797,3518800,101615699.25384521
2017-11-15 00:00:00,28.544613127316815,28.861684659754275,27.235674256387835,28.715343475341797,4213100,120980613.59596252
2017-11-16 00:00:00,28.739740300252464,29.94299104870475,28.699090649605864,29.406404495239258,3147300,92550776.86786652
2017-11-17 00:00:00,29.1787624543181,29.3007145012905,28.658439509792043,28.845430374145508,4330200,124906482.60612488
2017-11-20 00:00:00,28.731609432726696,29.154372590417594,28.47957665563136,29.089330673217773,2332800,67859590.59448242
2017-11-21 00:00:00,29.235676319419813,29.99177166400565,29.235676319419813,29.634050369262695,2559800,75857242.13523865
2017-11-22 00:00:00,29.829165326485317,29.918596411658548,29.40640217017413,29.520225524902344,2567900,75804987.12539673
2017-11-24 00:00:00,29.121848272103126,29.52835090359688,28.77225576090898,29.21940803527832,1893100,55315261.35158539
2017-11-27 00:00:00,29.308841356202475,29.60152376952367,29.138110982221512,29.203149795532227,3235600,94489711.47842407
2017-11-28 00:00:00,29.113727358229383,29.707220986524867,29.04055674096721,29.634050369262695,3180700,94257024.00951385
2017-11-29 00:00:00,29.731607070767886,30.105588808437673,29.495834761701055,29.959247589111328,2799900,83882897.32475281
2017-11-30 00:00:00,29.894209642560504,30.593394799441604,29.894209642560504,30.463314056396484,2683600,81751349.6017456
2017-12-01 00:00:00,30.56087303161621,30.77225307047111,29.886077062690816,30.56087303161621,2837100,86704252.87799835
2017-12-04 00:00:00,30.853555876626718,31.455178142223456,29.9511193768621,29.999900817871094,4266400,127991576.84936523
2017-12-05 00:00:00,29.934862392159154,30.86981996177579,29.845431290550795,30.373886108398438,3051800,92695025.62561035
2017-12-06 00:00:00,30.097456963674293,30.2763191244034,29.690954308467514,29.715343475341797,3585900,106556250.16822815
2017-12-07 00:00:00,30.22754593564538,31.13811126333602,29.682830616352867,31.07307243347168,2349700,73012398.2969284
2017-12-08 00:00:00,31.227537198231673,32.26005442536356,31.219408508858113,31.918590545654297,4567200,145778586.7401123
2017-12-11 00:00:00,31.91045763391572,32.227529200810736,31.788505599862685,32.03240966796875,3051100,97734085.13793945
2017-12-12 00:00:00,31.934858979039614,33.983633463427175,31.869820143745052,33.008026123046875,7533700,248672566.40319824
2017-12-13 00:00:00,33.14621922300094,33.666542005284214,33.008006739437214,33.54458999633789,3007900,100898772.24998474
2017-12-14 00:00:00,33.39012168363757,33.70719319991875,33.26816966905162,33.34947204589844,3845500,128245394.75250244
2017-12-15 00:00:00,33.28444289718484,33.471433783524276,32.47956921691377,33.406394958496094,5468800,182692892.74902344
2017-12-18 00:00:00,33.69906154116561,33.8535313914998,33.008005355067,33.27629852294922,4759000,158361904.67071533
2017-12-19 00:00:00,33.39011232341963,33.83726441593745,33.18686109033265,33.49580383300781,3126600,104727980.26428223
2017-12-20 00:00:00,33.568981073349754,33.6258911818165,33.211256847137896,33.23564910888672,2258100,75049419.2527771
2017-12-21 00:00:00,33.276303273788656,33.59337480737701,33.23565363383069,33.53646469116211,3096000,103828894.68383789
2017-12-22 00:00:00,33.625903152752024,34.20313623062207,33.41452001630676,33.91045379638672,5559700,188531949.97177124
2017-12-26 00:00:00,33.98362894189492,34.99175711647586,33.91045832356752,34.837284088134766,1853400,64567422.328948975
2017-12-27 00:00:00,34.58524060792403,35.04052151735028,34.31694741369619,35.01613235473633,3087400,108108807.03201294
2017-12-28 00:00:00,34.910448661465,35.300690857847954,34.52020646508204,34.64215850830078,1870800,64808550.1373291
2017-12-29 00:00:00,34.91044730681043,35.19500102948932,34.381995709896785,34.58524703979492,1426200,49325479.32815552
2018-01-02 00:00:00,34.8453995697975,35.219381176702086,34.56084591999485,35.07304000854492,2330600,81741227.0439148
2018-01-03 00:00:00,35.243782986744854,35.39825599822307,34.97549281641185,35.08118438720703,1757500,61655181.56051636
2018-01-04 00:00:00,35.2844343353925,35.52020353589798,34.83727890033008,35.4470329284668,1718700,60922815.494155884
2018-01-05 00:00:00,35.65028178694018,35.755973346169,35.24377912984225,35.50394058227539,2077100,73745234.98344421
2018-01-08 00:00:00,35.65841197667157,35.723450786176656,34.61776621363818,34.73158645629883,3349500,116333448.83537292
2018-01-09 00:00:00,34.72345510362822,35.016137503505995,34.381994371350174,34.52833557128906,3381100,116743755.40008545
2018-01-10 00:00:00,34.32507997160264,34.65841197406275,33.90231690239516,34.48767852783203,2251700,77655905.74111938
2018-01-11 00:00:00,34.528333448879636,35.54458999633789,34.447031064261665,35.54458999633789,2639900,93834163.1313324
2018-01-12 00:00:00,35.39011721321323,35.63402126705576,35.08117745405208,35.381988525390625,2260500,79980985.06164551
2018-01-16 00:00:00,34.91044394277604,34.93483620894437,32.95110143541864,33.097442626953125,6781100,224437068.19763184
2018-01-17 00:00:00,33.35761444192654,33.35761444192654,31.991764963260458,32.162498474121094,5651600,181769576.37634277
2018-01-18 00:00:00,32.79663084805152,33.3576033359107,32.447038353751665,32.58525085449219,6375600,207750525.3479004
2018-01-19 00:00:00,32.82103504813916,33.03241823990515,32.15437070740685,32.83729553222656,3539900,116240742.45452881
2018-01-22 00:00:00,32.73971991158719,33.21939310562603,32.73971991158719,33.20313262939453,2273200,75477361.09313965
2018-01-23 00:00:00,33.04865883192897,33.894181785960036,32.796626132328655,33.577110290527344,2560900,85987621.74301147
2018-01-24 00:00:00,33.70718592372598,34.20311946064704,33.35759353217074,33.8535270690918,2422200,82000013.26675415
2018-01-25 00:00:00,34.146236670389484,34.21940730159513,32.78038695546427,32.85355758666992,1814400,59609494.885253906
2018-01-26 00:00:00,33.008007377969946,34.333206621924134,32.739717295013804,34.25190734863281,2758300,94477036.03973389
2018-01-29 00:00:00,34.06492141913702,34.56898380876626,33.70719712212298,34.22751998901367,2208000,75574364.13574219
2018-01-30 00:00:00,33.99175507433219,34.43077560983476,33.73159360834203,34.14622497558594,2245800,76685592.0501709
2018-01-31 00:00:00,34.21124995983386,34.699051691784526,33.70718465526802,34.503929138183594,2730400,94209528.11889648
2018-02-01 00:00:00,34.29256460013497,34.93483954641,33.74784942374693,33.796630859375,1961700,66298850.75683594
2018-02-02 00:00:00,33.585245240391714,33.585245240391714,32.17874664537258,32.44703674316406,1911100,62009531.91986084
2018-02-05 00:00:00,32.16248056581003,32.91857550269261,30.975490847900605,31.056793212890625,3665800,113847992.55981445
2018-02-06 00:00:00,30.219403090757933,31.975497375350376,29.951112975968872,31.73972511291504,3752500,119103318.48621368
2018-02-07 00:00:00,31.47143203588336,32.82102060764756,31.430782394234875,32.09744644165039,3264400,104778904.16412354
2018-02-08 00:00:00,32.11370481452281,32.51207871986214,30.398263377578687,30.45517349243164,4103200,124963667.87414551
2018-02-09 00:00:00,30.731605435259013,31.04054837510026,29.186896938792124,30.585264205932617,4032900,123347312.01610565
2018-02-12 00:00:00,31.032403228508294,31.60963920748135,30.601511517249605,31.251914978027344,3115600,97368466.30554199
2018-02-13 00:00:00,31.186883829865387,31.91045805124136,30.81290213588643,31.70720672607422,2372700,75231689.3989563
2018-02-14 00:00:00,31.41453133817988,32.5852612175062,31.2844505850736,32.243797302246094,2757800,88921944.20013428
2018-02-15 00:00:00,33.50537089594645,33.67740260622923,32.022613803726884,33.49717712402344,3996000,133854719.78759766
2018-02-16 00:00:00,33.40705156985222,33.611852039260356,32.93191610582908,33.06298828125,2884800,95380108.59375
2018-02-20 00:00:00,33.22683618322027,34.36552652964216,33.01384190079143,34.259029388427734,3877400,132835960.5506897
2018-02-21 00:00:00,34.57852182216879,35.856478294544075,34.46383402176489,34.92258834838867,4653400,162508772.62039185
2018-02-22 00:00:00,35.151961404351454,35.7581723233242,35.07823309157109,35.201114654541016,2980100,104902841.78199768
2018-02-23 00:00:00,35.57793651169918,36.208722309714254,35.22567946702833,36.143184661865234,2733400,98793780.95474243
2018-02-26 00:00:00,36.339810324773794,36.438113714401126,34.717790333385054,34.95535659790039,3492000,122064105.23986816
2018-02-27 00:00:00,34.48840219829331,34.97992526258473,34.10337939169039,34.21806716918945,2721900,93138157.02781677
2018-02-28 00:00:00,34.20987975981146,34.930778513133596,33.76751298221228,33.783897399902344,2944400,99473307.50427246
2018-03-01 00:00:00,33.89856993952092,34.81607504209905,33.62823185683786,34.119754791259766,2841200,96941047.31292725
2018-03-02 00:00:00,33.98049950432635,34.45563817718468,33.20225695826982,34.29998779296875,2348500,80553521.33178711
2018-03-05 00:00:00,34.930769886477464,36.70024593490104,34.81608211597895,36.503639221191406,9383200,342520947.5402832
2018-03-06 00:00:00,36.81494003903258,36.86409328841999,35.27484239165539,35.389530181884766,5640100,199600489.17884827
2018-03-07 00:00:00,34.83247363775951,35.315803001354084,33.93134945351119,34.332759857177734,3685100,126519653.34968567
2018-03-08 00:00:00,33.80847483192208,33.80847483192208,32.44859931848071,33.49717712402344,7437300,249128555.4244995
2018-03-09 00:00:00,33.83303856912857,34.455633776458065,33.054796122470364,33.99687957763672,4000800,136014715.81420898
2018-03-12 00:00:00,33.86580815264246,34.422865719014524,33.595470013811585,34.30817794799805,3971400,136251497.90267944
2018-03-13 00:00:00,33.99688154647332,34.373713700360135,32.931919617006976,33.079376220703125,3633000,120177373.80981445
2018-03-14 00:00:00,33.09576199628689,33.349712615869834,32.60423892208008,33.02203369140625,3796300,125361546.50268555
2018-03-15 00:00:00,33.038410086936366,33.23501676889047,31.842373084186985,31.9406795501709,3669800,117215905.81321716
2018-03-16 00:00:00,31.94068808467041,32.04718209709771,31.195214372640784,31.400014877319336,4597400,144358428.39698792
2018-03-19 00:00:00,31.22799350608685,31.5638663531811,30.482519473511363,30.875736236572266,4161400,128486288.77487183
2018-03-20 00:00:00,31.014982493524688,31.367239538486032,30.60538156915169,31.08871078491211,3274600,101803092.3362732
2018-03-21 00:00:00,31.080517066988822,32.07994432408727,31.006788775481446,31.67034339904785,2502500,79255034.35611725
2018-03-22 00:00:00,31.203417191466468,31.74409060975484,30.515287102280457,30.53167152404785,2163100,66043058.67366791
2018-03-23 00:00:00,30.498887808074834,31.023176548932327,30.146630724372322,30.24493408203125,3327700,100646067.14477539
2018-03-26 00:00:00,30.621774766498135,30.810190870765346,30.007373203667157,30.597196578979492,2579000,78910169.97718811
2018-03-27 00:00:00,30.744652576657636,31.13786919384419,30.400589208497358,30.720077514648438,4438400,136347992.04101562
2018-03-28 00:00:00,30.212163605442722,30.613570742041787,29.794368932648055,29.892675399780273,2522600,75407262.96348572
2018-03-29 00:00:00,30.089287276531714,31.02317700040058,30.0565184484994,30.908489227294922,3083900,95318689.92805481
2018-04-02 00:00:00,30.810193247951172,30.916690402060976,29.810765628631913,29.999181747436523,3022800,90681526.58615112
2018-04-03 00:00:00,30.19578690377219,30.449737529517915,29.925448737646835,30.294090270996094,2036600,61696944.245910645
2018-04-04 00:00:00,29.66330402312904,30.449737202489413,29.24551237315874,30.40058708190918,3302000,100382738.54446411
2018-04-05 00:00:00,30.662729132814444,31.858763225690254,30.515272532322093,31.604812622070312,4174100,131921648.36578369
2018-04-06 00:00:00,31.105102991620324,31.490125832010317,29.925450033808364,30.171213150024414,3400200,102588158.95271301
2018-04-09 00:00:00,30.400589821969625,30.92487865546498,29.941835530157217,30.44154930114746,1960400,59677613.24996948
2018-04-10 00:00:00,30.83477551422237,30.982232185120008,30.310486517701392,30.53167152404785,2852400,87088539.85519409
2018-04-11 00:00:00,30.44154843815587,30.982221672996328,30.44154843815587,30.64634895324707,1913700,58647917.99182892
2018-04-12 00:00:00,30.84296133618744,31.539281894238815,30.31047870355419,31.293521881103516,2122700,66426758.89701843
2018-04-13 00:00:00,31.440968403520895,31.580231220345212,30.94944541030112,31.4819278717041,1955700,61569206.33869171
2018-04-16 00:00:00,31.703120139514137,31.809617281619346,31.40001625430006,31.498319625854492,1634700,51490303.09238434
2018-04-17 00:00:00,31.670360596192147,32.27657166942886,31.285334517581987,32.014427185058594,1805900,57814854.053497314
2018-04-18 00:00:00,32.1946355789916,33.05479698997467,31.948875622283207,32.784461975097656,2064700,67690078.63998413
2018-04-19 00:00:00,32.710732911508366,32.776267440096355,32.14548471178171,32.47316360473633,1192400,38721000.2822876
2018-04-20 00:00:00,32.41582387384069,32.481361535833464,31.56385301798099,31.71950340270996,2575400,81690409.06333923
2018-04-23 00:00:00,31.678537289012006,32.26836368151737,31.473736805504018,31.948875427246094,1899300,60680499.098968506
2018-04-24 00:00:00,32.13728468409125,32.62061384770646,31.473730133193733,31.899715423583984,1958800,62485162.57171631
2018-04-25 00:00:00,31.89153175606732,32.57146774087686,31.711306329367428,32.44858932495117,2016800,65442314.95056152
2018-04-26 00:00:00,32.645199603101936,32.85000011033597,32.4813616973209,32.62062454223633,1782100,58133214.99671936
2018-04-27 00:00:00,32.604241573252295,32.62881976021613,31.99803379494746,32.383056640625,2162900,70041313.20800781
2018-04-30 00:00:00,32.33389527556706,32.677958523365604,31.61299683374233,31.7850284576416,2701200,85857718.8697815
2018-05-01 00:00:00,31.555658953364656,31.727690609942748,31.236170698288948,31.678537368774414,2255200,71441437.47406006
2018-05-02 00:00:00,31.694935470177896,32.60425051193817,31.694935470177896,32.00623321533203,3195900,102288720.73287964
2018-05-03 00:00:00,30.654525837879497,31.98982547185374,30.597181969396534,31.350849151611328,2831400,88766794.28787231
2018-05-04 00:00:00,31.4327747022174,31.82599122263133,30.933061064293305,31.547462463378906,2611900,82398817.20809937
2018-05-07 00:00:00,31.514700045862966,31.54746574888784,30.449735009864845,30.908489227294922,3183900,98409538.8507843
2018-05-08 00:00:00,30.63815523738615,31.03956245673534,30.326857610640573,30.957643508911133,3292800,101937328.54614258
2018-05-09 00:00:00,31.41639563060824,32.13729426975478,31.227979544525958,31.744077682495117,3209200,101873094.09866333
2018-05-10 00:00:00,31.694929175221787,32.5878596188379,31.694929175221787,32.28475570678711,1378200,44494850.315093994
2018-05-11 00:00:00,32.08813660710319,32.70253802605468,31.989833255072973,32.35847473144531,1939700,62765733.43658447
2018-05-14 00:00:00,32.72993603739109,33.56366060711345,32.72993603739109,33.406822204589844,2573000,85955753.53240967
2018-05-15 00:00:00,33.42333436608684,34.702814252969766,33.40682456219455,34.45517349243164,3740100,128865794.37904358
2018-05-16 00:00:00,34.41390299039046,34.51296182981217,33.291264483923726,33.47286605834961,3478000,116418628.15093994
2018-05-17 00:00:00,33.48938096332801,34.06721168556216,33.40683506683346,33.9268798828125,2315900,78571261.12060547
2018-05-18 00:00:00,33.860843401089156,34.30659879438671,33.65447551333185,34.13324737548828,1973000,67344897.07183838
2018-05-21 00:00:00,34.397391209562905,35.14857319524004,34.27357239077786,34.72758102416992,1944400,67524308.543396
2018-05-22 00:00:00,34.79361717332686,35.07427754627494,34.51295680037877,34.554229736328125,1790600,61872803.76586914
2018-05-23 00:00:00,34.24881738147933,34.24881738147933,33.09315590512648,34.058956146240234,2050700,69844701.36909485
2018-05-24 00:00:00,33.86083644049523,34.47168349929075,33.827816829499945,34.182769775390625,2513000,85901300.44555664
2018-05-25 00:00:00,34.07546482447802,34.47169079349241,33.34079564345609,34.38914489746094,1920300,66037474.94659424
2018-05-29 00:00:00,34.05894219623854,34.58724643833643,33.778281846873966,33.984649658203125,3015600,102484109.50927734
2018-05-30 00:00:00,34.10847252295787,34.58724736961577,33.91861450929376,34.290077209472656,1700100,58296560.26382446
2018-05-31 00:00:00,34.26532735069757,34.397402690840224,33.704009516784645,33.959903717041016,1958000,66493491.47796631
2018-06-01 00:00:00,34.215783644682915,34.323095787947956,33.2664904558705,33.406822204589844,2212000,73895890.71655273
2018-06-04 00:00:00,33.59669206393233,33.80305994743446,33.23348257365721,33.4893798828125,1822500,61034394.83642578
2018-06-05 00:00:00,33.70399951813328,34.983479586617186,33.59668735206377,34.1249885559082,4019100,137151741.50505066
2018-06-06 00:00:00,34.19101732905165,35.16507364643701,33.902103653947044,35.132057189941406,2597500,91255518.5508728
2018-06-07 00:00:00,35.28064591194697,35.701634903315345,35.049511799050784,35.40446472167969,2031500,71924170.08209229
2018-06-08 00:00:00,35.31366244275677,35.84196358942611,34.53772052720159,35.64385223388672,3296300,117492830.11856079
2018-06-11 00:00:00,35.51177805692287,35.726399223617754,35.272390608319235,35.55305099487305,2822000,100330709.90753174
2018-06-12 00:00:00,35.54479678014488,36.24644615456426,35.43748462501281,35.949275970458984,2614000,93971407.38677979
2018-06-13 00:00:00,35.93277495804769,36.675700600092206,35.54480547735689,36.57664489746094,3118900,114078897.77069092
2018-06-14 00:00:00,36.816022898369276,37.212251938386295,36.16390289054727,37.08017349243164,3474300,128827646.76475525
2018-06-15 00:00:00,36.87380799240065,37.03064958249885,36.34550677062992,36.79951858520508,5347200,196774385.7788086
2018-06-18 00:00:00,36.52711025188873,38.00470484606837,36.43630789206757,37.93041229248047,3374500,127996176.28097534
2018-06-19 00:00:00,37.15447202379747,37.40211600089704,35.69339019288426,37.31131362915039,4574200,170669410.80245972
2018-06-20 00:00:00,37.4268754988269,37.50116805494614,36.535364825396044,36.79951858520508,1817400,66879445.07675171
2018-06-21 00:00:00,37.22050741359166,37.80659138116382,36.89031757750737,37.071922302246094,2833600,105046999.03564453
2018-06-22 00:00:00,37.50115674182975,38.136769941563465,37.245259537077935,37.39384460449219,4035600,150906599.28588867
2018-06-25 00:00:00,36.79951294581878,36.9398415586927,36.18040945600829,36.31248474121094,2567600,93235935.8215332
2018-06-26 00:00:00,36.46106872392946,36.7252224580531,36.19691813872918,36.40328598022461,1605900,58460036.9556427
2018-06-27 00:00:00,36.64267187966166,37.26177537791841,36.07309779487782,36.17215347290039,2074200,75028280.73348999
2018-06-28 00:00:00,37.62499391912504,37.95518064238706,36.32074738780665,36.56013488769531,3690200,134914209.76257324
2018-06-29 00:00:00,36.95636354872277,37.45990172362993,36.634430131696675,36.65093994140625,2382600,87324529.50439453
2018-07-02 00:00:00,36.428060003351526,36.50235256803382,35.58607865326025,35.82546615600586,3049100,109235428.85627747
2018-07-03 00:00:00,36.13915144863084,36.61792656506325,35.80896464491775,36.535377502441406,1363000,49797719.53582764
2018-07-05 00:00:00,36.60966097002663,36.85730494731415,35.29716111588347,35.53654861450195,3234600,114946520.14846802
2018-07-06 00:00:00,35.321913368217416,35.577807424649514,34.88441149138997,35.39620590209961,2979100,105448837.00294495
2018-07-09 00:00:00,35.5530484017517,36.130878937679014,35.5530484017517,35.99054718017578,2168800,78056298.72436523
2018-07-10 00:00:00,36.00705739575764,36.527105198932446,35.70163389500177,36.02356719970703,2721100,98023728.7071228
2018-07-11 00:00:00,35.68512141054819,35.96578175875961,34.96696231177182,35.132057189941406,3550300,124729342.64144897
2018-07-12 00:00:00,35.63559895965661,35.70163818338662,34.83489383993304,35.59432601928711,2833800,100867201.07345581
2018-07-13 00:00:00,35.42922838402154,35.652106023583535,34.76059861425883,34.92569351196289,2997700,104696751.44081116
2018-07-16 00:00:00,34.834888870628546,35.181585298983265,34.24880501378716,34.8679084777832,2755800,96088982.18307495
2018-07-17 00:00:00,35.305408066168674,35.619088043531235,34.97521828484774,35.27238845825195,2178700,76847952.73399353
2018-07-18 00:00:00,35.79243169983039,35.99879949962284,35.206347904161284,35.39620590209961,2011600,71203007.79266357
2018-07-19 00:00:00,35.33843760058615,35.52829567605336,34.90093554510394,35.33018112182617,2225500,78627318.08662415
2018-07-20 00:00:00,35.04951487166526,35.76767725655018,35.04951487166526,35.528289794921875,2204100,78307903.5369873
2018-07-23 00:00:00,35.60258178753003,35.89975199054858,35.528289236775386,35.71814727783203,1705100,60903012.9234314
2018-07-24 00:00:00,36.18040603766129,37.12969607632729,35.78417707056613,35.932762145996094,3060400,109968625.27160645
2018-07-25 00:00:00,36.08962178454693,36.65919609320436,35.5860835708859,36.56839370727539,2713700,99235650.00343323
2018-07-26 00:00:00,36.46932335002775,37.5506919181926,36.395030804903094,37.36908721923828,2165800,80933969.09942627
2018-07-27 00:00:00,37.41036486519132,37.57545978057668,36.667439320419,36.73347854614258,1881100,69099346.4931488
2018-07-30 00:00:00,36.824275660583986,37.28653757909481,36.20517217778714,36.27946472167969,1901100,68970890.38238525
2018-07-31 00:00:00,36.56838662400751,36.93159609736999,36.40329169510856,36.667442321777344,2248500,82446744.06051636
2018-08-01 00:00:00,36.4693315699899,36.85730418741232,36.07310562299258,36.42805862426758,2426600,88396327.0576477
2018-08-02 00:00:00,38.83843038368863,41.07545721660823,38.07899817503604,40.860836029052734,7277600,297368820.2850342
2018-08-03 00:00:00,41.16625876835054,41.23229799332901,40.14267597257266,40.505882263183594,2990500,121132840.90805054
2018-08-06 00:00:00,40.44810139170416,41.05069517742401,40.15093116336589,40.53064727783203,2722700,110352793.34335327
2018-08-07 00:00:00,40.62144540220581,41.191022663381105,40.07663442342295,40.208709716796875,2113500,84981107.9864502
2018-08-08 00:00:00,40.695744918517676,40.77003748056686,40.06013147630212,40.0931510925293,2239300,89780593.24150085
2018-08-09 00:00:00,40.093143261061165,41.10847264479134,39.88677542333739,41.06719970703125,2565700,105366114.28833008
2018-08-10 00:00:00,40.77002659004584,41.71931983499581,40.48936622493287,40.67097091674805,2631000,107005324.48196411
2018-08-13 00:00:00,40.37380497402419,40.90210615214263,39.853757124159856,40.002342224121094,2147800,85917030.62896729
2018-08-14 00:00:00,40.21830577871515,40.49240976572037,39.83622431368288,39.869449615478516,2196400,87569259.13543701
2018-08-15 00:00:00,39.5288931395107,39.5288931395107,38.70658445216933,39.11358642578125,3622000,141669410.0341797
2018-08-16 00:00:00,39.52059134939465,39.960815484875845,39.196649426932574,39.27971267700195,2506800,98466383.7387085
2018-08-17 00:00:00,39.41260621721392,40.03556626331781,39.2547876443362,39.47074890136719,4033000,159185530.31921387
2018-08-20 00:00:00,39.75316054003787,40.982468075587256,39.686709942610875,40.54224395751953,2487600,100852886.06872559
2018-08-21 00:00:00,40.32628203250449,40.95755002370027,40.0106480369066,40.052181243896484,2689000,107700315.36483765
2018-08-22 00:00:00,40.20169781208864,40.56716664000243,40.08540925141947,40.41765594482422,2029800,82039758.0368042
2018-08-23 00:00:00,40.392730586190694,41.17350604261856,40.317975253343654,41.08213806152344,2448500,100589615.04364014
2018-08-24 00:00:00,41.17350936646536,41.5638987104639,40.949243349819746,41.48914337158203,1367400,56732254.64630127
2018-08-27 00:00:00,41.73832490189567,42.40281501289471,41.58050949070177,42.053958892822266,1935100,81378615.85350037
2018-08-28 00:00:00,42.261605383042095,42.26991012184435,41.79646079665926,42.120399475097656,1927200,81174433.8684082
2018-08-29 00:00:00,42.15363399781755,43.02577751578875,42.095491307855404,42.892879486083984,2154800,92425576.71661377
2018-08-30 00:00:00,42.77658484277791,43.09221878317747,42.66860422685785,42.8015022277832,2294700,98216607.16209412
2018-08-31 00:00:00,42.52741143239232,43.225126892549795,42.52741143239232,43.15037155151367,2340300,100984814.54200745
2018-09-04 00:00:00,43.08391535176625,43.25003866231591,42.45265057392386,43.06730270385742,3020800,130097708.0078125
2018-09-05 00:00:00,42.87626928597946,42.892881936709074,41.58051421446161,42.560638427734375,2609300,111053473.8494873
2018-09-06 00:00:00,42.50248069471371,42.96762527960759,42.06225666322336,42.31974792480469,1620200,68566455.58776855
2018-09-07 00:00:00,41.945978516655764,42.56063385343314,41.70509985977417,42.30314254760742,1578100,66758589.25437927
2018-09-10 00:00:00,42.55232603289571,43.10883868379161,42.46095804778304,42.75167465209961,1788100,76444269.44541931
2018-09-11 00:00:00,42.826430680382266,43.78163424804608,42.48587929216493,43.46600341796875,2356500,102427637.05444336
2018-09-12 00:00:00,43.46599930579138,43.93944867465473,42.967629381145684,43.67365264892578,2149700,93885251.09939575
2018-09-13 00:00:00,43.88961530557836,44.16371609944109,42.54402238902747,42.610469818115234,2505100,106743487.94136047
2018-09-14 00:00:00,42.32806079981145,42.94271614912148,42.26991811159091,42.81812286376953,1859400,79616017.65289307
2018-09-17 00:00:00,42.975943478609054,43.781636411399475,42.94271817847322,43.15037155151367,1911600,82486250.25787354
2018-09-18 00:00:00,43.46600547946457,43.914534356252155,43.15037146587856,43.607208251953125,2207700,96271633.65783691
2018-09-19 00:00:00,43.83977655755796,44.87804336249095,43.73179909119289,44.1304931640625,2167800,95666083.08105469
2018-09-20 00:00:00,44.32153644959251,44.69531315478048,44.13049572661622,44.280006408691406,1907500,84464112.22457886
2018-09-21 00:00:00,44.64546810581613,44.82820405897226,43.789937358837,43.86469268798828,3890500,170655586.9026184
2018-09-24 00:00:00,43.881305335415064,44.45442741321587,43.75671206398343,43.86469268798828,1401000,61454434.45587158
2018-09-25 00:00:00,44.05573791837885,45.80002488685419,44.05573791837885,45.06908416748047,2711700,122213835.53695679
2018-09-26 00:00:00,45.03585976392534,46.03259331356492,44.728530523199076,45.58406448364258,2867200,130698629.6875
2018-09-27 00:00:00,45.65050757331984,46.07412214337496,44.4212002327661,44.662078857421875,2807000,125366455.3527832
2018-09-28 00:00:00,44.86974126599545,45.683742108800296,44.50427246979909,45.218597412109375,2762500,124916375.35095215
2018-10-01 00:00:00,45.467773871964965,46.173793916316846,44.886343922684304,45.517608642578125,2513200,114394854.04052734
2018-10-02 00:00:00,45.866459715238555,46.85488823509656,45.65049851922866,46.35652160644531,2918100,135272965.69976807
2018-10-03 00:00:00,46.32331589830568,46.36484594015648,45.47608973668521,45.94953918457031,2974200,136663119.44274902
2018-10-04 00:00:00,46.12396263947507,46.93796341862984,45.750189131733904,46.56418991088867,2466600,114855230.834198
2018-10-05 00:00:00,46.597416469595316,46.663867071045956,45.13553809161099,45.700355529785156,2227600,101802111.97814941
2018-10-08 00:00:00,45.72526606415862,46.256858121890616,45.268429337578844,45.95783996582031,2187100,100514391.7892456
2018-10-09 00:00:00,45.6920333532036,46.447891281726534,45.40131998397865,45.52591323852539,1828500,83244132.35664368
2018-10-10 00:00:00,46.090740229177,46.339923622330055,41.7881624452307,41.813079833984375,6335700,264915129.9041748
2018-10-11 00:00:00,42.03734562619432,43.623817129125285,41.73832428850451,42.46926498413086,4174600,177292193.6027527
2018-10-12 00:00:00,43.54906463623047,44.545801437386224,43.250043279029846,43.54906463623047,2872600,125099043.07403564
2018-10-15 00:00:00,43.17528802485336,43.52414733178821,42.01243106166143,42.186859130859375,3843000,162124099.63989258
2018-10-16 00:00:00,42.40280776031864,43.48260440207101,42.02903114664406,43.44107437133789,1821200,79114884.64508057
2018-10-17 00:00:00,43.54075898307384,43.79825031367985,42.23669601657916,42.77659606933594,2331800,99746466.71447754
2018-10-18 00:00:00,42.56893308876835,43.142055144801844,42.078871098175625,42.211769104003906,2700200,113980218.93463135
2018-10-19 00:00:00,42.37789747861401,43.0091622897642,42.02073345107549,42.06226348876953,2838100,119376910.0074768
2018-10-22 00:00:00,42.22839188354335,42.35298518013919,40.30967349349451,40.749900817871094,3619300,147486116.03012085
2018-10-23 00:00:00,39.778085436492255,39.977434097854264,38.507247621995326,39.1966552734375,4975300,195015118.9819336
2018-10-24 00:00:00,39.19664953969257,39.362772871770225,36.66327902326013,36.787872314453125,5598000,205938509.2163086
2018-10-25 00:00:00,37.18655942477557,37.70153880579168,36.895842856116374,37.27792739868164,2881000,107397708.8356018
2018-10-26 00:00:00,36.70480654160009,37.67662590791555,35.973869000354654,36.86262512207031,4528100,166917652.81524658
2018-10-29 00:00:00,37.40252075102918,38.19160412239433,36.829398640141406,37.23640060424805,5626700,209518055.2799225
2018-10-30 00:00:00,37.30285226138265,38.67336580758707,36.82109807769113,38.41587448120117,4730300,181718611.0584259
2018-10-31 00:00:00,39.695014151998755,40.766506171604725,39.537195582087726,39.89435958862305,6425600,256345196.97265625
2018-11-01 00:00:00,39.83621745398693,42.784894357002486,39.354463335063784,42.40281295776367,9045800,383567365.4533386
2018-11-02 00:00:00,43.02577300578219,43.33309907315916,41.13197548886442,41.26487350463867,4156900,171533952.6714325
2018-11-05 00:00:00,41.115364218788336,41.39777290784075,40.4342614690511,41.107059478759766,3091100,127066031.55479431
2018-11-06 00:00:00,41.538978630096175,42.9177968764852,41.538978630096175,42.892879486083984,2695400,115613467.36679077
2018-11-07 00:00:00,43.092228058507004,44.72022971239419,42.68522606076573,44.47935104370117,3584900,159454025.55656433
2018-11-08 00:00:00,44.37967980184342,44.91957984721964,44.03912839171754,44.57902526855469,2556400,113961820.1965332
2018-11-09 00:00:00,44.11388310531413,44.11388310531413,42.751677484219925,43.374637603759766,3510800,152279677.6992798
2018-11-12 00:00:00,43.48261699433685,43.54906759758408,42.120411313160346,42.58555603027344,2907600,123821762.71362305
2018-11-13 00:00:00,42.52741219764588,42.934411041747005,41.098755951487334,41.14859390258789,3540200,145674252.13394165
2018-11-14 00:00:00,39.87000832987446,40.55526079875946,37.27942003900126,37.630401611328125,7804200,293675180.25512695
2018-11-15 00:00:00,37.50505181033326,39.09283057373459,37.40476863027918,38.950767517089844,5113500,199174749.69863892
2018-11-16 00:00:00,38.80034958781192,39.64437904508123,38.591431058128606,39.35189437866211,3283900,129227685.9500885
2018-11-19 00:00:00,39.109548871897694,39.493958208831295,37.83932380443359,38.03152847290039,3185000,121130418.18618774
2018-11-20 00:00:00,37.36298551225393,37.92288877596732,36.11783297954801,36.40196228027344,4903200,178486101.45263672
2018-11-21 00:00:00,36.58582085165464,37.28778741069612,36.518968563474026,36.936805725097656,4925700,181939623.96011353
2018-11-23 00:00:00,36.56074611751739,36.694453861519115,35.88384887034634,36.11783981323242,2614000,94412033.27178955
2018-11-26 00:00:00,36.677742678403156,37.1206490150914,36.44375490624247,36.81980895996094,3101800,114207683.43200684
2018-11-27 00:00:00,36.59416834891638,36.79472834084477,35.674924957739854,36.0927619934082,3078800,111122395.62530518
2018-11-28 00:00:00,36.209771742370876,36.418690333486765,35.34902497923902,35.57465744018555,4287000,152508556.44607544
2018-11-29 00:00:00,35.51614410575779,36.75294121207593,35.20694562613907,36.3518180847168,4639300,168646989.64042664
2018-11-30 00:00:00,35.93398484880679,36.17633109310213,35.056527716811615,35.25708770751953,4877500,171966445.2934265
2018-12-03 00:00:00,36.343465680003455,37.354630511048775,36.31003795306555,36.65266418457031,6773700,248274151.38702393
2018-12-04 00:00:00,36.41867642713443,36.711161067874485,35.265445351935725,35.55792999267578,3853100,137008260.05477905
2018-12-06 00:00:00,34.91445982669596,35.22366151192212,33.41860574118069,34.730613708496094,4323500,150157808.36868286
2018-12-07 00:00:00,34.83089386299671,35.61642630442036,34.12892754952582,34.28770446777344,3549400,121700778.23791504
2018-12-10 00:00:00,34.120576928257734,34.77240174235079,33.66931212411152,34.538414001464844,2255200,77891031.25610352
2018-12-11 00:00:00,35.23202342600557,35.70835745526424,34.40470458222554,34.55512619018555,2476200,85565403.47213745
2018-12-12 00:00:00,35.22365396182515,35.716701659567704,35.03980469518946,35.0565185546875,3906500,136948289.73388672
2018-12-13 00:00:00,35.248734885846524,35.791924342824544,34.6386931564746,34.79747009277344,2988800,104002678.61328125
2018-12-14 00:00:00,34.32113774640313,35.507796719933744,34.279354675667285,35.14845657348633,4800600,168733680.62667847
2018-12-17 00:00:00,35.140093173372975,35.758493373172676,34.36291605165879,34.571834564208984,2980400,103037895.73516846
2018-12-18 00:00:00,34.91445708686669,35.574640281449085,34.50497863097657,34.897743225097656,3670300,128085186.95907593
2018-12-19 00:00:00,35.35737156348033,36.376891775972254,34.85596520148287,35.031455993652344,4043100,141635679.7279358
2018-12-20 00:00:00,34.78910192367596,34.989661854733406,33.543946532644,34.12056350708008,3375700,115180786.23085022
2018-12-21 00:00:00,33.936722904959716,34.78911079902033,33.81972905068847,34.28770446777344,5111600,175265030.1574707
2018-12-24 00:00:00,33.92001358689917,34.59691079025349,33.50217651546057,33.518890380859375,1218700,40849471.70715332
2018-12-26 00:00:00,33.72780433145046,35.61642623495281,33.58573808879573,35.59971237182617,2000000,71199424.74365234
2018-12-27 00:00:00,36.059341200204,36.134552001953125,34.73897450012919,36.134552001953125,2465400,89086124.50561523
2018-12-28 00:00:00,36.25989676951752,36.343466087799975,35.17352113459385,35.407508850097656,1756700,62200370.79696655
2018-12-31 00:00:00,35.53284938812023,36.602510802797596,35.52449086515668,36.360164642333984,1966300,71494991.73622131
2019-01-02 00:00:00,35.691633477412964,35.933979686895306,34.93952883853265,35.123374938964844,2806700,98580776.44119263
2019-01-03 00:00:00,34.60526767796432,34.97296316966456,33.71109656009009,33.90330123901367,3252100,110256925.95939636
2019-01-04 00:00:00,34.71390296096321,37.020362079752296,34.655406028852724,36.73623275756836,3218900,118250259.62333679
2019-01-07 00:00:00,36.76965905203174,37.93124549839323,36.435388149148565,36.8615837097168,2379600,87715824.59564209
2019-01-08 00:00:00,37.31285064896911,38.06495544256628,37.16242905268092,37.93124771118164,2890500,109640271.50917053
2019-01-09 00:00:00,38.31565408021313,38.867198828043584,37.1874953830556,37.630401611328125,3407800,128236882.61108398
2019-01-10 00:00:00,37.112282939624855,37.93124309312949,36.76965672042553,37.64711380004883,1723500,64884800.634384155
2019-01-11 00:00:00,37.46325999118853,37.89780758516715,36.61087228698234,37.103919982910156,1995400,74037161.93389893
2019-01-14 00:00:00,36.13454824724991,36.56074062098045,35.91727120350996,36.0927619934082,3398700,122668470.18699646
2019-01-15 00:00:00,35.842054751077875,36.49387940370494,35.59135320682463,36.1846809387207,1793700,64904462.199783325
2019-01-16 00:00:00,35.917274406340454,35.92563293299159,34.362919984993674,35.59136199951172,2967500,105617366.73355103
2019-01-17 00:00:00,35.54120735034125,36.80307663234438,35.50778281954379,36.59415817260742,1647800,60299853.83682251
2019-01-18 00:00:00,36.89502051354182,37.45492074758334,36.585818736567724,36.92008972167969,2425300,89542293.60198975
2019-01-22 00:00:00,36.56910234216738,36.76131021742701,34.7640461605219,34.9813232421875,2356800,82443982.6171875
2019-01-23 00:00:00,35.2153031881275,35.616426340828994,34.588547664310774,35.19858932495117,2690700,94708844.29664612
2019-01-24 00:00:00,35.1985998253544,35.30723837448772,34.24593165500912,34.47991943359375,2374100,81858776.72729492
2019-01-25 00:00:00,35.089954567491695,35.6749238489718,34.68047288261212,35.55792999267578,2064500,73409346.46987915
2019-01-28 00:00:00,35.09831531894313,36.0844110995981,34.86432757026025,35.90892028808594,2325400,83502603.23791504
2019-01-29 00:00:00,36.20140714259529,36.769665870161695,35.60807920840938,35.74178695678711,2110600,75436615.55099487
2019-01-30 00:00:00,36.09276237986732,36.16797317460668,35.19859136899031,35.984127044677734,1701000,61209000.102996826
2019-01-31 00:00:00,35.35736951872437,36.510597390154444,35.13173714705063,36.4771728515625,2306100,84120008.31298828
2019-02-01 00:00:00,36.63594736507659,36.75294121207593,35.900553370996555,36.3518180847168,2175600,79087015.42510986
2019-02-04 00:00:00,36.20139746579374,36.33510517843078,35.53285890260855,35.64985275268555,2356200,83998183.05587769
2019-02-05 00:00:00,35.716705891514856,36.251536707451365,35.53285660309551,35.89219665527344,1955800,70197958.21838379
2019-02-06 00:00:00,35.733420530222425,35.92562836463041,35.30722817268259,35.44929122924805,1802300,63890257.582473755
2019-02-07 00:00:00,35.18188977301178,35.3155975449684,34.04537530530294,34.52170944213867,3543900,122341486.09199524
2019-02-08 00:00:00,34.43813372586766,35.07324791613493,34.020296617265984,34.9813232421875,3097200,108344154.34570312
2019-02-11 00:00:00,35.08159423368079,35.38243738456087,34.580191107442865,35.06488037109375,3250600,113981900.13427734
2019-02-12 00:00:00,35.49108063011299,36.04262541765933,35.12338197985293,35.8587760925293,2719000,97500012.19558716
2019-02-13 00:00:00,36.07604678515959,36.2515407563621,35.507791370641314,35.633140563964844,3768900,134297743.4715271
2019-02-14 00:00:00,35.64996907604456,37.9980201838715,35.54897856260711,35.801456451416016,6675600,238996202.68707275
2019-02-15 00:00:00,35.95295090064564,35.95295090064564,34.68214024726358,35.15343475341797,3650500,128327613.5673523
2019-02-19 00:00:00,34.89253483008535,35.565810321150934,34.61481009458427,35.355411529541016,3184400,112585772.47467041
2019-02-20 00:00:00,35.54898152790328,37.68663082786452,35.38907639032251,37.518314361572266,3326900,124819680.04951477
2019-02-21 00:00:00,37.72030829917815,38.2336820439755,36.78613682394782,37.021785736083984,3336800,123534294.64416504
2019-02-22 00:00:00,37.19850815800066,37.560394347682255,36.51681489618466,37.0890998840332,2292100,85011925.8441925
2019-02-25 00:00:00,37.28267272068975,37.61931213906346,36.331669092650735,36.39899826049805,2859300,104075655.72624207
2019-02-26 00:00:00,36.491579825767616,36.75247236488156,35.54899380518785,36.348506927490234,2705000,98322711.23886108
2019-02-27 00:00:00,36.34008083978711,36.72721385965327,36.188593447590634,36.483150482177734,2107100,76873646.3809967
2019-02-28 00:00:00,36.26434686559015,36.50841030849526,35.22918488169082,35.51532745361328,3765600,133736517.05932617
2019-03-01 00:00:00,35.80146197463415,36.1465158916728,35.33858523866977,35.582645416259766,2572200,91525680.53970337
2019-03-04 00:00:00,36.0034436332646,36.23067473516811,34.9093704544349,35.414329528808594,2953100,104582056.53152466
2019-03-05 00:00:00,35.26284595612709,35.49007387227028,34.64847853403747,34.74105453491211,2815600,97816913.14849854
2019-03-06 00:00:00,34.682136661248194,35.10293425202412,34.53906702139118,34.71580123901367,3010300,104504976.46980286
2019-03-07 00:00:00,34.50540494379834,34.74105058436926,33.689056531204685,33.89104080200195,2771000,93912074.06234741
2019-03-08 00:00:00,33.512316706344684,34.1098484582888,32.73805075347578,33.907867431640625,2269900,76967468.28308105
2019-03-11 00:00:00,34.076189079131574,34.89253419256982,33.68063833079412,34.875701904296875,3031000,105708252.47192383
2019-03-12 00:00:00,34.968261825898104,35.969761650414,34.95142954535515,35.13658142089844,3832200,134650407.321167
2019-03-13 00:00:00,35.34700331577035,36.28958917193678,35.23759502563409,36.1885986328125,4060100,146929329.30908203
2019-03-14 00:00:00,36.205426156743215,36.34008126132083,35.8687867900837,35.94453048706055,3787400,136136314.76669312
2019-03-15 00:00:00,36.16334879331207,36.49998496587561,35.8940385710888,36.230674743652344,4732600,171465291.29180908
2019-03-18 00:00:00,36.35691789971512,36.40741156345245,35.64997771351064,35.7425537109375,1692200,60483549.38964844
2019-03-19 00:00:00,35.860370811198095,36.003440449505554,35.254421259705786,35.4227409362793,2643100,93625846.56867981
2019-03-20 00:00:00,35.22075116417285,35.49847906857136,34.95144100802113,35.00193786621094,2020700,70728415.84625244
2019-03-21 00:00:00,34.91777988641352,34.985105820699225,34.236086743100216,34.59797286987305,3431800,118733323.29483032
2019-03-22 00:00:00,34.320247347504306,34.505399297904006,32.79696226244312,32.830623626708984,4735100,155456285.9348297
2019-03-25 00:00:00,32.914783231539,33.411324444168514,32.77171040225742,33.318748474121094,2811500,93675661.33499146
2019-03-26 00:00:00,33.63855726570249,33.66380409143329,32.847455814878266,33.43657302856445,2962400,99052503.93981934
2019-03-27 00:00:00,33.33557781921913,34.093011378318195,33.29349871211864,33.83211898803711,1920400,64971201.304626465
2019-03-28 00:00:00,34.025693021348175,34.82520907590745,33.75638282345486,33.96678161621094,2360700,80185381.36138916
2019-03-29 00:00:00,34.05935742596512,34.480155009343264,33.84054088476724,34.40441131591797,2154300,74117423.29788208
2019-04-01 00:00:00,34.88412154044283,35.212343153441175,34.31183654993206,35.19551086425781,2043600,71925546.00219727
2019-04-02 00:00:00,35.29650731446506,35.49849160814342,34.90095968876007,35.077693939208984,2531700,88806197.74589539
2019-04-03 00:00:00,35.48165571853707,36.390580132283816,35.48165571853707,36.12968444824219,3200900,115647506.95037842
2019-04-04 00:00:00,35.969783312266536,36.35691636660749,35.70046987182155,36.340084075927734,1624100,59019930.54771423
2019-04-05 00:00:00,36.4074116339382,36.65147504391221,36.112854560129115,36.59256362915039,2300800,84192170.39794922
2019-04-08 00:00:00,36.72721516988562,36.79454432901085,36.171762448826556,36.659889221191406,1645000,60305517.76885986
2019-04-09 00:00:00,36.29799842021506,36.36532436038316,35.80145717105673,35.97819137573242,1773900,63821713.68141174
2019-04-10 00:00:00,35.98660971160572,36.15492939543277,35.490068410052956,35.80987548828125,1663000,59551822.93701172
2019-04-11 00:00:00,35.54898520974207,35.89403913806802,35.29650406329238,35.55739974975586,1292600,45961494.916534424
2019-04-12 00:00:00,36.02027372942052,36.31483397413764,35.490067857274425,35.83512496948242,1374300,49248212.24555969
2019-04-15 00:00:00,35.80145695269336,36.30641273738135,35.784624665146346,36.07918167114258,1383500,49915547.84202576
2019-04-16 00:00:00,36.079188050877306,37.09752075974026,35.767798702272366,36.91236877441406,2148200,79295150.60119629
2019-04-17 00:00:00,37.11434161027005,37.796034778371904,36.98810427498259,37.551971435546875,4331200,162645098.68164062
2019-04-18 00:00:00,36.55889988014545,38.132685454481425,36.045529427002215,37.9896125793457,4662100,177111372.8061676
2019-04-22 00:00:00,37.82129034880803,38.47773684372943,37.75396439650627,37.829708099365234,3036000,114850993.78967285
2019-04-23 00:00:00,37.61930359238689,37.87178149359136,36.449486855475975,37.50989532470703,3199900,120027914.04953003
2019-04-24 00:00:00,37.39208196585317,37.57723397171892,36.66830944521236,37.493072509765625,1552100,58192997.84240723
2019-04-25 00:00:00,37.21534044710572,37.65297033254465,37.080685344696114,37.0890998840332,1848500,68559201.13563538
2019-04-26 00:00:00,37.501487135771335,38.31783238087862,37.23217690082834,38.00644302368164,1758300,66826728.76853943
2019-04-29 00:00:00,37.61930983876804,38.15793030688599,37.00494566666905,37.80445861816406,2209000,83510049.08752441
2019-04-30 00:00:00,37.913861327544836,38.10742782915253,37.375240938648524,37.68663024902344,2535700,95561988.32244873
2019-05-01 00:00:00,37.375237103626525,37.6108826969817,36.34849008612681,36.43265151977539,2746400,100058634.13391113
2019-05-02 00:00:00,36.348498263789345,37.87178684601771,35.91086834165029,36.57572937011719,3895300,142473438.61541748
2019-05-03 00:00:00,36.912364884017876,37.307915643550544,36.40740585282986,37.21533966064453,1467400,54609789.418029785
2019-05-06 00:00:00,36.20542282422458,37.198505332988084,35.95294492768467,36.86186599731445,1731500,63826320.974349976
2019-05-07 00:00:00,36.42424135146754,36.432659101799445,34.69055719310418,34.94303512573242,3940400,137689535.60943604
2019-05-08 00:00:00,34.81678678774004,35.380657148245845,34.43806836806158,35.212337493896484,3473900,122324139.220047
2019-05-09 00:00:00,34.67372432229834,34.766300311812536,34.12668613540413,34.63164520263672,2153500,74579247.94387817
2019-05-10 00:00:00,34.488570750284346,35.212343132585815,34.067773152242175,35.027191162109375,2373000,83119524.62768555
2019-05-13 00:00:00,34.17719333007639,34.43808587705187,33.529164418140645,34.35392761230469,2481800,85259577.54821777
2019-05-14 00:00:00,34.659127307458625,35.20173542250151,34.26064805801174,34.92195129394531,2688800,93898142.63916016
2019-05-15 00:00:00,34.871094208598144,35.735877362787356,34.73544213936457,35.54087448120117,1670300,59363922.64595032
2019-05-16 00:00:00,35.820658566658956,36.541309575503284,35.67652965857026,36.244571685791016,2936200,106421311.38381958
2019-05-17 00:00:00,35.8800078395238,36.60913895634616,35.8800078395238,36.00718307495117,1699100,61179804.762649536
2019-05-20 00:00:00,35.557813972266395,35.83759804721573,34.98129215194553,35.00672912597656,1886100,66026191.804504395
2019-05-21 00:00:00,35.49849055758849,35.829142337002736,35.269577040870686,35.676536560058594,2445400,87243402.50396729
2019-05-22 00:00:00,35.15935036571219,35.60022033790106,34.82869869512054,34.87956619262695,2699400,94153900.9803772
2019-05-23 00:00:00,34.303042204975135,34.60826010932861,33.8876092395383,34.33695602416992,2493500,85619199.8462677
2019-05-24 00:00:00,34.79479981785912,34.97284260399842,34.396320333850944,34.5913200378418,1918800,66373824.88861084
2019-05-28 00:00:00,34.56587381730173,34.64217830302558,33.89609035752571,34.125003814697266,2161200,73750958.24432373
2019-05-29 00:00:00,33.768917083740234,34.14195942517218,33.66717561718599,33.768917083740234,1973900,66656465.43159485
2019-05-30 00:00:00,33.77739932911803,34.54892111922221,33.701094834087925,34.41326904296875,1855700,63860703.36303711
2019-05-31 00:00:00,33.77739578522052,34.24369954628004,33.20935055199509,34.11652755737305,2460900,83957362.66593933
2019-06-03 00:00:00,34.04021908700885,35.1763061863161,34.01478210484384,35.10847854614258,3181700,111704646.19026184
2019-06-04 00:00:00,35.744344562867646,36.88890838623047,35.43912668085101,36.88890838623047,3378700,124636554.76455688
2019-06-05 00:00:00,36.87196837765048,36.87196837765048,35.49848739953281,36.04957580566406,2509000,90448385.69641113
2019-06-06 00:00:00,35.871535443154684,36.9482753380924,35.608708100008926,36.77022933959961,2020200,74283217.31185913
2019-06-07 00:00:00,36.8804339243225,36.8804339243225,35.1678248804224,35.63412857055664,2804000,99918096.51184082
2019-06-10 00:00:00,35.79522819362501,36.125879940290396,35.3034873765939,35.55783462524414,2257100,80257588.53263855
2019-06-11 00:00:00,36.08349284504544,36.12588351831887,35.50697063276381,35.676536560058594,2748300,98049825.42800903
2019-06-12 00:00:00,35.71043630774652,36.821089721570715,35.68500255835057,36.54978561401367,2182600,79773562.08114624
2019-06-13 00:00:00,37.34674333913836,38.296307774408945,37.100872965746774,38.2708740234375,3260600,124786011.84082031
2019-06-14 00:00:00,38.16913082288659,39.56804192584494,37.82999909442404,39.0,2993900,116762100.0
2019-06-17 00:00:00,39.373043969304895,39.81391394116171,39.03391546078426,39.44934844970703,2971100,117207959.17892456
2019-06-18 00:00:00,39.68675032414175,40.56848721941185,39.47479374883824,40.034358978271484,2838400,113633524.52392578
2019-06-19 00:00:00,39.949576084157336,40.220880253195354,39.305229491242244,39.39849090576172,2791100,109965127.96707153
2019-06-20 00:00:00,40.07673834738586,40.14456275057645,39.12717406331941,39.729129791259766,2545000,101110635.3187561
2019-06-21 00:00:00,39.754566445879746,40.44978360898099,39.61043755718315,39.652828216552734,3086800,122400350.13885498
2019-06-24 00:00:00,39.72066615673559,40.246320861438456,39.40697128949111,39.89023208618164,2093100,83494244.77958679
2019-06-25 00:00:00,40.18695922282319,40.62782595738448,39.95804578322407,40.254783630371094,2824000,113679508.97216797
2019-06-26 00:00:00,40.263266752609006,40.34804807701602,39.652830867437864,39.67826461791992,1431300,56791500.147628784
2019-06-27 00:00:00,39.907163220870096,40.33955622332384,39.38151208996068,39.96651077270508,1661800,66416347.6020813
2019-06-28 00:00:00,39.983489350936416,40.50066392657194,39.2034906844834,39.601966857910156,4454200,176395080.77850342
2019-07-01 00:00:00,39.67826247526335,40.22935075675036,38.07587159741964,39.44087219238281,2787900,109957207.58514404
2019-07-02 00:00:00,39.339137713481755,39.63587559538202,38.70326805152375,39.24587631225586,2375800,93240352.94265747
2019-07-03 00:00:00,39.423922634274234,39.81392195294278,39.26283680287653,39.54261779785156,641200,25354726.531982422
2019-07-05 00:00:00,39.0763174378692,39.457839950381455,38.83044701489454,39.25436019897461,1191300,46763719.30503845
2019-07-08 00:00:00,39.20348785518756,39.20348785518756,38.364138431105204,38.59305191040039,1627600,62814051.289367676
2019-07-09 00:00:00,38.31326629022686,38.38957078053554,37.618049038170206,37.635005950927734,2618000,98528445.57952881
2019-07-10 00:00:00,37.855433061842874,38.40651803396155,37.389126163789136,37.490867614746094,1972000,73931990.9362793
2019-07-11 00:00:00,37.29586717303266,38.109779357042676,37.14325823425584,38.10129928588867,2426700,92460422.97706604
2019-07-12 00:00:00,38.23694955761662,39.339125894570024,38.04194997463854,39.14412307739258,2653700,103876759.41047668
2019-07-15 00:00:00,39.42390571451676,40.848253534551375,39.22042606842643,40.59390640258789,2268000,92066979.72106934
2019-07-16 00:00:00,40.59391544708071,41.238261873897876,40.30565443750988,40.44978332519531,1769900,71592071.50726318
2019-07-17 00:00:00,40.41586734587825,40.55999946006638,39.83934859172511,40.20391082763672,1469700,59087687.743377686
2019-07-18 00:00:00,39.88174995377063,40.23783544758254,39.47479371761386,39.83087921142578,1771700,70568368.69888306
2019-07-19 00:00:00,39.898704843464756,40.14457200015478,39.74609585837412,39.98348617553711,1344500,53757797.16300964
2019-07-22 00:00:00,40.000422065621166,40.17846470991888,39.771508708296054,40.13607406616211,1298500,52116692.1749115
2019-07-23 00:00:00,40.43283269489015,41.05174546923561,40.11066104854077,40.98392105102539,1758100,72053831.59980774
2019-07-24 00:00:00,41.102608471912845,41.53500158914168,40.76347997629401,41.475650787353516,2151100,89218272.40867615
2019-07-25 00:00:00,41.11109893539738,41.382403094148465,40.712619537268914,41.01783752441406,2012500,82548398.0178833
2019-07-26 00:00:00,41.06870883741951,41.1111027439398,40.50066671309857,40.82284164428711,1607600,65626800.22735596
2019-07-29 00:00:00,40.763480065001914,40.89913211038462,40.27173937911468,40.2886962890625,1760000,70908105.46875
2019-07-30 00:00:00,39.88174061248277,42.19630548273402,39.84782679219633,42.17087173461914,2611100,110112363.18626404
2019-07-31 00:00:00,42.15391299687516,42.90847767743455,41.78934753010156,42.01826095581055,2685500,112840039.79682922
2019-08-01 00:00:00,44.2904393503069,46.75761330915335,43.56978518470702,44.383697509765625,6314900,280278611.40441895
2019-08-02 00:00:00,44.638060353564626,44.934798293900556,43.54436354341051,44.66349411010742,2917800,130319143.11447144
2019-08-05 00:00:00,43.86653745325383,44.03610013852628,42.281099825508875,43.01871109008789,3704100,159345607.74879456
2019-08-06 00:00:00,44.08694814100901,44.45999038404428,42.6286865137088,43.18825149536133,3856400,166551173.06671143
2019-08-07 00:00:00,42.62869883231658,43.00174441735176,42.08609060048378,42.772830963134766,2174400,93005243.64624023
2019-08-08 00:00:00,43.17130894930247,44.25652869455633,42.798266582177895,44.21413803100586,2800900,123839379.21104431
2019-08-09 00:00:00,44.366744934058445,44.366744934058445,42.738917009340035,43.273048400878906,2993200,129524888.47351074
2019-08-12 00:00:00,43.18826108774049,43.18826108774049,40.94152382590595,41.450218200683594,3208900,133009605.18417358
2019-08-13 00:00:00,41.55196051555019,42.46761436124701,40.78891887833645,41.34848403930664,3072600,127047352.05917358
2019-08-14 00:00:00,41.186405210809475,41.263181988921346,40.137124746092915,40.26508712768555,3032900,122119982.7495575
2019-08-15 00:00:00,40.56366093933899,40.76840009530961,39.684995914697566,40.04328536987305,1967600,78789168.2937622
2019-08-16 00:00:00,40.32480005714379,41.25465065561451,39.88120127808985,41.101097106933594,1992400,81889825.87585449
2019-08-19 00:00:00,41.42526445765782,41.67265338381315,41.169339717012996,41.5617561340332,2342600,97362569.91958618
2019-08-20 00:00:00,41.35700632047057,41.52762168546825,40.84516347969495,40.98165512084961,1326500,54362165.51780701
2019-08-21 00:00:00,41.382606724839206,41.79208499393591,40.785457695360975,41.7067756652832,1894900,79030169.20814514
2019-08-22 00:00:00,42.01386926135234,42.77310414458834,41.339940425183514,41.40818786621094,2190300,90696353.88336182
2019-08-23 00:00:00,40.79398297426201,41.33142030195905,40.02621536326623,40.19683074951172,2445100,98285270.8656311
2019-08-26 00:00:00,40.69161122420847,40.70867308665309,40.06886788895868,40.299198150634766,1210300,48774119.52171326
2019-08-27 00:00:00,40.623368253400265,40.67455384637765,39.625273596975454,39.83000946044922,1352500,53870087.79525757
2019-08-28 00:00:00,39.548485369892575,40.606294617699994,39.30109329021198,40.35890579223633,1314000,53031602.210998535
2019-08-29 00:00:00,41.29729293889922,41.77501532749413,40.921941725571635,41.16933059692383,1451500,59757283.36143494
2019-08-30 00:00:00,41.5020355035086,41.73236253156448,40.904883281415806,41.109619140625,1574600,64731206.298828125
2019-09-03 00:00:00,40.68307902819259,41.015780467499376,40.06886824580383,40.3077278137207,1885700,76008282.33833313
2019-09-04 00:00:00,41.28023518545191,41.314358913937745,40.39303777012733,40.7427978515625,1610300,65608127.380371094
2019-09-05 00:00:00,41.28024857185938,41.502049624725366,40.93048837700356,41.09257125854492,3450500,141789917.12760925
2019-09-06 00:00:00,41.220516461745895,41.749421187313565,40.91340944231384,41.493499755859375,1328000,55103367.67578125
2019-09-09 00:00:00,41.57882162131191,42.00535855390789,41.31436755158373,41.67265701293945,1340800,55874698.52294922
2019-09-10 00:00:00,41.90297817664509,43.46410457032115,41.48497389654301,43.3190803527832,2122300,91936084.23271179
2019-09-11 00:00:00,43.31907937887275,43.97594648705457,42.80723648496841,42.97785186767578,2342800,100688511.35559082
2019-09-12 00:00:00,43.3531936342822,43.3531936342822,41.868847613734694,41.88590621948242,2014900,84395912.44163513
2019-09-13 00:00:00,42.22714424240961,42.90960248841311,41.88591349229905,42.576904296875,2246200,95636242.43164062
2019-09-16 00:00:00,42.87547392259213,44.61574469411508,42.79016787180301,43.79679489135742,2840900,124422314.6068573
2019-09-17 00:00:00,43.35320770989072,43.64325291502752,42.764587993974025,43.14847183227539,1369800,59104776.71585083
2019-09-18 00:00:00,42.93519997071216,43.506757775542766,42.69633712691948,43.20818328857422,1688800,72969979.93774414
2019-09-19 00:00:00,43.02050500178279,43.28495900831701,42.65368306706858,42.66221237182617,1986700,84757017.31910706
2019-09-20 00:00:00,42.83283429126255,43.12287951054846,42.01388423241467,42.04800796508789,2484900,104485094.9924469
2019-09-23 00:00:00,41.79207812752538,42.63661919001171,41.61293019389765,42.576904296875,2061500,87772288.20800781
2019-09-24 00:00:00,42.48306452077612,42.645150587061835,41.44231694429914,41.698238372802734,2581300,107635662.7117157
2019-09-25 00:00:00,41.800616104591214,42.22715300361765,41.467917844025514,41.519100189208984,1360200,56474280.07736206
2019-09-26 00:00:00,41.81766968803761,42.29539209184111,41.46790963028327,41.988285064697266,1688400,70893020.50323486
2019-09-27 00:00:00,42.107714727485195,42.44894222557707,41.246108542301634,41.50203323364258,1694300,70316894.90776062
2019-09-30 00:00:00,41.57881262644146,42.13330856632932,40.555123558825166,41.97122573852539,3328700,139709619.11582947
2019-10-01 00:00:00,42.16743575658778,42.721934996218835,41.62146907682569,41.91151428222656,2135300,89493656.44683838
2019-10-02 00:00:00,41.34848746930768,41.67265316511156,40.5977816260737,41.1864013671875,1919000,79036704.22363281
2019-10-03 00:00:00,41.06696997041889,41.79208461338245,40.60630936254342,41.59587478637695,1434800,59681761.14349365
2019-10-04 00:00:00,41.62999979334416,41.672652831480214,40.6063106069877,41.612937927246094,2138700,88997590.34500122
2019-10-07 00:00:00,41.6555907869048,42.39776400281052,41.54469029351541,41.72383499145508,1636300,68272711.19651794
2019-10-08 00:00:00,41.365546493220556,42.16743462584071,41.10109246608188,41.681182861328125,1919900,80023702.97546387
2019-10-09 00:00:00,42.14184216492097,42.244210097942144,41.50203688865731,41.664119720458984,1282500,53434233.54148865
2019-10-10 00:00:00,42.20155693174661,42.696337984983465,41.519095369158265,41.92857360839844,1633100,68473553.55987549
2019-10-11 00:00:00,42.653678157255506,43.55793730570758,42.53424837908997,43.18258285522461,2443400,105512322.94845581
2019-10-14 00:00:00,42.841354912196074,42.8754753811421,41.74088924680733,41.7750129699707,1565100,65382072.79930115
2019-10-15 00:00:00,41.8091443217689,42.329519845702556,41.36554882204723,41.442325592041016,2038100,84463603.7891388
2019-10-16 00:00:00,41.382604206049855,42.013880182784135,41.25464510218636,41.72383499145508,1863000,77731504.58908081
2019-10-17 00:00:00,41.800607281553475,41.97122265599517,41.11814903800428,41.33994674682617,2538000,104920784.84344482
2019-10-18 00:00:00,41.23758694168156,41.2887725403555,40.70014954536903,40.75133514404297,2432100,99111322.2038269
2019-10-21 00:00:00,41.22904261887434,41.22904261887434,39.463177531312056,39.633792877197266,2548100,100990867.63038635
2019-10-22 00:00:00,39.65939583119634,39.9238465827365,38.88309893182322,39.591148376464844,2133000,84447919.48699951
2019-10-23 00:00:00,39.539957527555664,39.57408125038378,38.86603189989564,39.08782958984375,1884100,73645379.73022461
2019-10-24 00:00:00,39.23285956371297,39.318165629131435,38.7210134085488,38.78926086425781,1506000,58416626.861572266
2019-10-25 00:00:00,38.772197319572705,39.787353772604135,38.56745821553883,39.360816955566406,1657700,65248426.26724243
2019-10-28 00:00:00,39.54849487478993,39.85560190899974,39.07930501884393,39.09636688232422,1548700,60548543.39065552
2019-10-29 00:00:00,38.81484873589622,40.33331870003882,38.81484873589622,39.983558654785156,2023200,80894735.87036133
2019-10-30 00:00:00,39.906781047479335,40.486871342455544,39.676450790278416,40.12858200073242,3807800,152801614.54238892
2019-10-31 00:00:00,39.24140044396853,39.66793740531602,36.95516207080851,38.6869010925293,4872100,188486450.812912
2019-11-01 00:00:00,38.806328935361385,39.52291106383622,38.37979203160776,39.47172546386719,2666100,105235567.25921631
2019-11-04 00:00:00,39.898263483982234,40.82811409035129,39.744709933997,40.623374938964844,2613500,106169190.40298462
2019-11-05 00:00:00,40.546593464958626,41.280237395594064,40.38451062729978,40.71720886230469,2548000,103747448.18115234
2019-11-06 00:00:00,40.66601844231733,41.00724919652666,39.5740852355957,39.5740852355957,1629800,64497844.11697388
2019-11-07 00:00:00,39.86413373581735,40.085934720876665,39.43759688447641,39.77882766723633,1177400,46835591.69540405
2019-11-08 00:00:00,39.59967971646751,40.00915795746658,39.04518376225506,39.77882766723633,1812100,72083213.61579895
2019-11-11 00:00:00,39.46319236896946,39.70205524470497,38.94282008698096,39.62527847290039,961800,38111592.835235596
2019-11-12 00:00:00,39.702055489551924,40.97313363099982,39.522910772309196,40.870765686035156,2890800,118149209.44519043
2019-11-13 00:00:00,40.46128710903835,40.46128710903835,39.437597986374364,39.95797348022461,1800300,71936339.65644836
2019-11-14 00:00:00,39.35697424998225,39.88070414165252,39.279702572929345,39.80343246459961,1739500,69238070.77217102
2019-11-15 00:00:00,40.060996017418745,40.26705487547006,39.38272290052645,39.43423843383789,1251500,49351949.39994812
2019-11-18 00:00:00,39.17667328308564,39.34838847840966,38.481228215861066,38.74738693237305,1421600,55083285.26306152
2019-11-19 00:00:00,39.022136445428806,39.5029351423206,38.83324937153819,39.288291931152344,1803900,70872149.81460571
2019-11-20 00:00:00,39.107980787261816,39.39989559862925,38.68728205261712,38.721622467041016,1691100,65482135.75401306
2019-11-21 00:00:00,38.73878831151813,39.22817434959761,38.43828926188827,38.979190826416016,1866100,72739068.00117493
2019-11-22 00:00:00,39.10798052742897,39.339795518021276,38.40395127090175,38.592838287353516,1581000,61015277.33230591
2019-11-25 00:00:00,39.08222677193874,39.7604999402206,39.02212694945247,39.74332809448242,1813700,72082474.16496277
2019-11-26 00:00:00,39.79483896574847,39.81201081088652,39.082225406089435,39.25394058227539,1677700,65856336.11488342
2019-11-27 00:00:00,39.245352286109004,39.4857548383387,38.90192521537224,39.19384002685547,1636700,64148557.971954346
2019-11-29 00:00:00,39.13373849121461,39.76049606113465,39.13373849121461,39.67463684082031,779000,30906542.098999023
2019-12-02 00:00:00,39.57161796929753,39.691817629630826,39.08223176640046,39.228187561035156,1686400,66154415.50292969
2019-12-03 00:00:00,38.66152239093948,38.893337381531786,38.06910848733325,38.592838287353516,1475200,56932155.041503906
2019-12-04 00:00:00,38.807487618223895,39.36555792138278,38.429713525112334,38.43830108642578,1408300,54132659.42001343
2019-12-05 00:00:00,38.61000945927645,38.713037250457404,38.00042044640259,38.163551330566406,1361800,51971124.20196533
2019-12-06 00:00:00,38.541326429429944,39.10798425763989,38.43829862662672,38.92768478393555,2255900,87816964.1040802
2019-12-09 00:00:00,39.10797472974566,39.31403356034471,38.713032185891,38.979190826416016,1646600,64183135.61477661
2019-12-10 00:00:00,38.07769217423392,38.2494073432945,37.493862564544585,37.79436492919922,2176400,82255655.83190918
2019-12-11 00:00:00,37.72568576732888,38.7216300345419,37.639829801698255,38.25800323486328,2835800,108492045.5734253
2019-12-12 00:00:00,38.15495877921384,39.305446001673,37.9489032238088,38.979190826416016,2968700,115717523.80638123
2019-12-13 00:00:00,38.97920456735971,39.408490946845184,38.4468870986572,38.75597381591797,2441700,94630461.2663269
2019-12-16 00:00:00,39.365557259478926,40.6190758993698,39.262529451814935,40.2498893737793,2631900,105933683.84284973
2019-12-17 00:00:00,40.249888859911515,40.55038799309293,39.97514585951853,40.28422927856445,2422600,97592573.85025024
2019-12-18 00:00:00,40.206957186986884,40.21554147206288,39.19384123789947,39.94938278198242,2936300,117303372.66273499
2019-12-19 00:00:00,39.74334216550171,40.13828493172407,39.53728321888369,39.820613861083984,2002700,79748743.3795929
2019-12-20 00:00:00,40.061005863471465,41.64936419955254,39.86353451670214,41.4518928527832,6009100,249088569.34165955
2019-12-23 00:00:00,41.3316842188415,41.48622754803025,40.730682747017994,40.99684143066406,1496900,61368171.937561035
2019-12-24 00:00:00,40.94533376910389,41.40037955930081,40.94533376910389,41.159976959228516,293900,12096917.22831726
2019-12-26 00:00:00,41.15997188031873,41.64935803139976,41.15138759485887,41.60643005371094,873300,36334895.36590576
2019-12-27 00:00:00,41.967029782881184,41.967029782881184,40.81654236299845,40.82512664794922,1306400,53333945.45288086
2019-12-30 00:00:00,41.03118522778476,41.091285047604764,40.59331136887384,40.6619987487793,975400,39661713.579559326
2019-12-31 00:00:00,40.52461704585103,41.039759164470304,40.490273364558085,40.98824691772461,1016400,41660454.16717529
2020-01-02 00:00:00,41.37461096570894,41.37461096570894,39.52009434567454,39.8377685546875,2653500,105709518.85986328
2020-01-03 00:00:00,39.812017667010586,40.53321891103575,39.46859053069083,39.56303405761719,2349600,92957304.82177734
2020-01-06 00:00:00,39.27969204861185,39.683222173457544,38.652934513864956,39.49433517456055,2283300,90177415.5040741
2020-01-07 00:00:00,39.26252721959221,39.85494117397289,39.11657143996594,39.13374328613281,1944500,76095563.81988525
2020-01-08 00:00:00,38.95343137402832,39.43423312799361,38.65293232479627,39.31403350830078,2121500,83404722.0878601
2020-01-09 00:00:00,39.442823528515895,39.45999537330571,38.455467017060464,39.125152587890625,1762600,68961993.95141602
2020-01-10 00:00:00,39.065058779312224,39.29687380685023,38.326685715716,38.43830108642578,2206800,84825642.83752441
2020-01-13 00:00:00,38.55849827576295,39.013540740405766,38.20648361392335,38.92768478393555,1500900,58426562.09220886
2020-01-14 00:00:00,38.82465269950201,39.49433825666144,38.82465269950201,38.99636459350586,1259800,49127620.11489868
2020-01-15 00:00:00,38.91050950018299,39.554438942408254,38.89333765536697,39.19384002685547,1268200,49705627.922058105
2020-01-16 00:00:00,39.047887652883965,39.44283032552487,38.71304480976689,39.39990234375,1273500,50175775.634765625
2020-01-17 00:00:00,39.459989167095664,39.77766333295211,39.04787478254043,39.614532470703125,2871600,113757091.4428711
2020-01-21 00:00:00,39.37414287491228,39.37414287491228,37.95749666995966,37.99184036254883,2183200,82943785.8795166
2020-01-22 00:00:00,37.785783453212886,38.05194217187027,35.99136636176237,36.669639587402344,5417700,198665106.39266968
2020-01-23 00:00:00,36.08580772430526,36.64388126141241,35.450465792257965,36.48933792114258,2973400,108497397.37472534
2020-01-24 00:00:00,36.4721673187007,36.48075487967229,35.124208463310296,35.141380310058594,2503800,87986988.0203247
2020-01-27 00:00:00,34.27421502143413,34.55754553831361,33.76766035524547,33.84492874145508,2633800,89140773.31924438
2020-01-28 00:00:00,34.11967309257625,34.480271975783126,33.69897112030734,34.29997253417969,2371600,81345814.86206055
2020-01-29 00:00:00,34.48027877100734,35.06410845666263,34.41159465956282,34.57472229003906,1912900,66137986.26861572
2020-01-30 00:00:00,34.377237699937645,34.99540756516368,34.257038094899066,34.92672348022461,1964800,68624026.29394531
2020-01-31 00:00:00,34.56612970002797,34.76360427028785,34.39441780880189,34.58330154418945,2050800,70923434.80682373
2020-02-03 00:00:00,34.574715855953855,35.06410193150649,33.836342962960266,34.128257751464844,2850500,97282598.72055054
2020-02-04 00:00:00,34.583315667296304,35.347445030967805,34.41160370594663,35.26158905029297,2297400,81009974.68414307
2020-02-05 00:00:00,35.79389503186623,36.71256756778064,35.48481160802551,36.669639587402344,2784800,102117612.32299805
2020-02-06 00:00:00,36.80701050374274,36.858526044493516,36.20600896242995,36.274696350097656,2801100,101609051.94625854
2020-02-07 00:00:00,35.957021530713284,36.24034878660226,35.80247820015764,36.20600509643555,1679900,60822467.961502075
2020-02-10 00:00:00,35.80248517928668,36.54944257245013,35.57925442488229,35.77672576904297,2085300,74605206.2461853
2020-02-11 00:00:00,35.982777660741036,36.61812282804698,35.84540617526875,36.20600509643555,1929600,69863107.43408203
2020-02-12 00:00:00,36.231774011602255,36.28328628517846,35.46764471839795,35.725215911865234,2376300,84893830.57136536
2020-02-13 00:00:00,35.716552207554244,35.811681568693764,33.883161071249454,34.02153015136719,4897000,166603433.15124512
2020-02-14 00:00:00,32.96646950814828,34.62690205334425,32.86269350500467,33.122135162353516,5653800,187265927.7809143
2020-02-18 00:00:00,32.8713418157231,33.260505971185296,32.499477510481256,33.00106430053711,5994100,197811679.5238495
2020-02-19 00:00:00,33.00105926892026,34.626898548862286,33.00105926892026,34.05612564086914,3313100,112831349.86076355
2020-02-20 00:00:00,34.22909904332607,35.11120021826808,34.064783427244784,34.142616271972656,2972200,101478684.08355713
2020-02-21 00:00:00,34.44529248642145,34.747973863691755,34.00423870927948,34.030181884765625,2065700,70296146.71936035
2020-02-24 00:00:00,33.21726910293615,33.98694755502791,32.61190295330866,33.58049011230469,3445100,115688146.48590088
2020-02-25 00:00:00,33.73614274785933,34.159899919935945,32.36974846653106,32.55135726928711,3288000,107028862.70141602
2020-02-26 00:00:00,32.80215203204486,33.511293989319874,31.96328761715501,32.04977035522461,3028600,97065934.49783325
2020-02-27 00:00:00,31.565482317405817,32.58595570829786,31.063892247755962,31.24550437927246,4420200,138111378.45726013
2020-02-28 00:00:00,30.4585297199251,31.98923981869095,30.423936618500175,31.876813888549805,4338500,138297557.05547333
2020-03-02 00:00:00,32.24003045200821,33.09619153855401,31.98058879816936,33.05295181274414,4818900,159278869.49043274
2020-03-03 00:00:00,32.70703023525686,33.73615031399159,32.196793509048234,32.983768463134766,4247000,140082064.66293335
2020-03-04 00:00:00,33.30374762012375,33.67561524578768,32.905936815593044,33.51130294799805,3329000,111559127.5138855
2020-03-05 00:00:00,32.52541424273209,33.061594029021514,32.36109868799722,32.854042053222656,3076700,101082031.18515015
2020-03-06 00:00:00,32.17084552100831,32.421640533455616,31.210908493280588,31.859514236450195,3800800,121091641.7098999
2020-03-09 00:00:00,29.758033398948218,30.103957805211472,26.921463494426384,26.956056594848633,4896900,132001113.53931427
2020-03-10 00:00:00,28.22732313737609,28.417581889322445,25.356161802994624,26.57554054260254,6353500,168847696.83742523
2020-03-11 00:00:00,25.97882354441854,26.151784091027373,24.128133984326766,24.508649826049805,5032900,123349583.70952606
2020-03-12 00:00:00,22.398521717044808,23.25468124213587,20.62566638470826,21.118606567382812,3919300,82770154.71954346
2020-03-13 00:00:00,22.139079449860567,23.955176113817984,20.08948428993221,23.93787956237793,4126900,98789235.16597748
2020-03-16 00:00:00,20.755386352539062,22.90010921309052,20.591072415390954,20.755386352539062,4077900,84638390.00701904
2020-03-17 00:00:00,21.516414343305676,21.99205955679352,19.795447258789803,20.88510513305664,4179700,87293473.92463684
2020-03-18 00:00:00,19.276558043613644,20.322974222462182,17.062649876853598,18.282028198242188,4980100,91046328.63006592
2020-03-19 00:00:00,18.19555914276355,20.66890863346211,17.65937751500949,19.8732852935791,3167000,62938694.524765015
2020-03-20 00:00:00,20.3489264565037,21.014827154199082,18.991176936447783,19.241971969604492,4254900,81872666.53347015
2020-03-23 00:00:00,19.18143440829599,19.812743612301034,18.532828654991967,19.060361862182617,2874000,54779479.99191284
2020-03-24 00:00:00,20.011649630189556,22.294743077563844,19.48411805536914,22.156373977661133,3700700,81994093.17913055
2020-03-25 00:00:00,22.485003030439504,24.984297070216943,21.84504544981964,23.367107391357422,4271400,99810262.51144409
2020-03-26 00:00:00,23.635197219360297,25.044833214225175,23.22008986928242,24.43082046508789,3507800,85698432.0274353
2020-03-27 00:00:00,23.470879023429475,23.470879023429475,21.974762189252083,22.095834732055664,2497800,55190975.99372864
2020-03-30 00:00:00,22.06124405646624,23.289271024802122,21.70667304056198,23.021181106567383,3062400,70500065.02075195
2020-03-31 00:00:00,22.969293744837987,24.214617386576222,22.969293744837987,23.52277183532715,3959000,93126653.69606018
2020-04-01 00:00:00,22.40717174745061,23.116313935910277,22.12178521674148,22.355283737182617,4352000,97290194.82421875
2020-04-02 00:00:00,22.48500089281725,24.387578551236185,21.845043373037388,22.22555923461914,3539600,78669589.46685791
2020-04-03 00:00:00,22.64931396290984,22.79633133683823,22.000708192547506,22.286094665527344,2670200,59508329.97589111
2020-04-06 00:00:00,23.55736299730713,24.188672261214048,23.34980933449485,23.78221321105957,4857700,115526857.11536407
2020-04-07 00:00:00,25.183202990356968,26.281507604739765,24.413522953337154,25.044832229614258,5101400,127763707.13615417
2020-04-08 00:00:00,25.09671665232998,25.9442276944719,25.09671665232998,25.805858612060547,2977500,76836944.01741028
2020-04-09 00:00:00,26.54094789007645,27.820861198041364,26.15178377825388,26.817686080932617,4559500,122275239.68601227
2020-04-13 00:00:00,26.393931076030032,26.86092637056542,25.37345773863264,25.866397857666016,3892400,100682367.0211792
2020-04-14 00:00:00,26.350689925435717,26.79174204870493,25.33886485428629,25.987470626831055,2393200,62193214.70413208
2020-04-15 00:00:00,24.794035346773246,24.975644161190733,23.86869142686009,24.318391799926758,2585200,62867906.481170654
2020-04-16 00:00:00,24.240555549369383,24.517293693791313,22.96928743038314,23.28061866760254,3233100,75268568.21422577
2020-04-17 00:00:00,24.24056192602888,24.967000570976246,23.972470334793385,24.465412139892578,5346800,130811665.62957764
2020-04-20 00:00:00,23.67843542138288,24.629724274358804,23.37575402908634,23.82545280456543,3636300,86636494.03324127
2020-04-21 00:00:00,23.003882884944034,23.61789549973348,22.779032707143926,23.22873306274414,2592100,60211198.97193909
2020-04-22 00:00:00,23.920576184860465,23.920576184860465,22.969287570490355,23.61789321899414,3398700,80270133.68339539
2020-04-23 00:00:00,24.07624590557258,24.863220761184817,23.773562888147165,24.08489418029785,2631000,63367356.58836365
2020-04-24 00:00:00,24.41351831425891,24.612423667702387,23.738969437452397,24.21461296081543,2659300,64393920.24669647
2020-04-27 00:00:00,24.136784961086406,24.78539079483002,24.03300895140179,24.534597396850586,1503700,36892674.105644226
2020-04-28 00:00:00,25.079419096722162,25.1918433531045,23.94652166145143,24.249204635620117,2879600,69828009.66873169
2020-04-29 00:00:00,25.20049609945676,25.667493053831578,24.871869895981362,25.088071823120117,3109200,78003832.91244507
2020-04-30 00:00:00,24.768093521790366,24.768093521790366,23.600604374657532,23.78221321105957,3258100,77484828.86295319
2020-05-01 00:00:00,23.33251497759572,23.401699538372156,22.476355419428575,23.012537002563477,2404500,55333645.22266388
2020-05-04 00:00:00,22.441755916925313,22.77038205040657,22.009352154745553,22.727142333984375,2530400,57508760.96191406
2020-05-05 00:00:00,23.306563629365158,24.318388507010642,23.150898009805935,23.61789321899414,2488600,58775489.06478882
2020-05-06 00:00:00,23.678435624469703,23.9724703933567,22.701203586338128,22.7185001373291,1400100,31808172.042274475
2020-05-07 00:00:00,24.387575883711936,24.941052240389652,23.70437706263443,23.816802978515625,3241800,77209311.89575195
2020-05-08 00:00:00,24.301098096723265,25.252386951301233,24.26650499497976,25.105369567871094,1875200,47077589.013671875
2020-05-11 00:00:00,23.06442422796171,23.877344026611674,22.787685994248523,23.747621536254883,2805900,66633451.268577576
2020-05-12 00:00:00,23.67843289724969,24.08489355127305,22.528238780664502,22.56283187866211,2324600,52449558.98513794
2020-05-13 00:00:00,22.502292406840343,22.770382280240728,21.101303477461602,21.26561737060547,2611600,55537286.32507324
2020-05-14 00:00:00,20.757837997376942,21.580797911204783,20.180015541034205,21.56328773498535,5888300,126971107.16991425
2020-05-15 00:00:00,21.37943624315831,21.738386512202784,21.12554369342023,21.729631423950195,3761800,81742527.49061584
2020-05-18 00:00:00,22.841502893065023,23.594423794348895,22.727688414104158,23.104148864746094,4787200,110604181.4453125
2020-05-19 00:00:00,23.2617312588111,24.373602154045635,22.60511482507035,23.804534912109375,3498300,83275404.48303223
2020-05-20 00:00:00,24.07594072811907,24.48741984123105,23.865823627602595,24.08469581604004,2607400,62798435.8707428
2020-05-21 00:00:00,24.075939190146677,24.391115655719037,23.909595869998803,24.25103759765625,2005800,48642731.213378906
2020-05-22 00:00:00,24.207266335901895,24.321080821371478,23.87458130808976,24.15473747253418,1487200,35922925.56915283
2020-05-26 00:00:00,24.732558339947353,25.809409151857743,24.732558339947353,25.529253005981445,2787200,71155133.97827148
2020-05-27 00:00:00,26.308434719998207,26.579837418813526,25.853181865907754,26.23839569091797,1832400,48079236.264038086
2020-05-28 00:00:00,26.6061045585976,26.641124912738267,25.467969766824243,25.599292755126953,1817400,46524154.653167725
2020-05-29 00:00:00,25.310378571542792,26.06329939944464,25.10901656822185,25.713104248046875,2673000,68731127.6550293
2020-06-01 00:00:00,25.60804770588955,26.229643959780617,25.32789155372105,25.90571403503418,1628100,42177093.02043915
2020-06-02 00:00:00,26.054542083130933,27.245207165891916,26.054542083130933,27.06135368347168,3898000,105485156.6581726
2020-06-03 00:00:00,27.499103283440146,28.295797963907077,27.490348194990112,27.936847686767578,2322300,64877741.38298035
2020-06-04 00:00:00,27.71797406632182,28.076924325087965,27.157661793099013,27.796768188476562,1781200,49511603.49731445
2020-06-05 00:00:00,29.031202251482796,29.355132102924504,28.49715366360181,28.64598846435547,2757800,78999906.98699951
2020-06-08 00:00:00,29.24132609768235,29.810391791307623,28.654746888259062,28.873619079589844,2610200,75365920.52154541
2020-06-09 00:00:00,28.155721087907402,28.36583987993484,27.58665367331109,27.95435905456543,2126200,59436558.22181702
2020-06-10 00:00:00,27.901828685711436,27.95435754595224,27.008829712305893,27.035093307495117,2391200,64646315.116882324
2020-06-11 00:00:00,25.60804245701213,26.01076642574247,24.242280660199523,24.636249542236328,2749600,67739831.74133301
2020-06-12 00:00:00,25.800654294796217,26.02828158282633,24.890146812538134,25.739370346069336,1649900,42467387.1339798
2020-06-15 00:00:00,24.811353489135627,26.01077224692371,24.55746092778838,25.765636444091797,1625700,41887195.167160034
2020-06-16 00:00:00,27.227700831077915,27.227700831077915,26.098319526609412,26.97380828857422,2284300,61616270.27359009
2020-06-17 00:00:00,27.20143507925473,27.20143507925473,26.290927651468202,26.46602439880371,1527300,40421559.06429291
2020-06-18 00:00:00,26.15084554581923,26.719912809007926,25.940726809696567,26.255903244018555,1827900,47993165.539741516
2020-06-19 00:00:00,26.903768522760952,26.903768522760952,25.940730576817117,26.168357849121094,2920900,76435156.4414978
2020-06-22 00:00:00,25.923223481019207,26.51855612252109,25.52049777123638,26.395986557006836,1782700,47056125.23517609
2020-06-23 00:00:00,26.746177958971487,26.789953393993358,25.835670618723903,26.089561462402344,2538400,66225742.81616211
2020-06-24 00:00:00,25.55551781600705,25.65182044577402,24.32983386468236,24.373607635498047,2011500,49027511.75880432
2020-06-25 00:00:00,24.145980597095782,24.43489182903529,23.611931904473952,24.1109619140625,3506700,84549910.14404297
2020-06-26 00:00:00,23.90084088621139,24.329831819482656,23.804538264539755,24.03216552734375,3512800,84420191.06445312
2020-06-29 00:00:00,24.277302981353433,24.469911577799397,23.92710781035481,24.119714736938477,2023500,48806242.77019501
2020-06-30 00:00:00,23.892085541768346,24.802592849689404,23.603172690467826,24.636249542236328,2901900,71491932.5466156
2020-07-01 00:00:00,24.715045588788772,25.573024113624562,24.662516734374506,24.986448287963867,2582000,64515009.479522705
2020-07-02 00:00:00,25.581780910564287,26.16835844528653,25.406684160861435,25.721858978271484,1956800,50332533.64868164
2020-07-06 00:00:00,26.325941629445712,26.571079035752476,25.64306159807867,26.054540634155273,2037000,53073099.27177429
2020-07-07 00:00:00,25.686842690180363,26.089566754905153,25.371666173534916,25.581783294677734,1758100,44975333.210372925
2020-07-08 00:00:00,25.546762729868984,25.6955958884612,24.20726430253907,24.28605842590332,2460100,59746132.33356476
2020-07-09 00:00:00,24.452403756222118,24.487422441762664,23.279248568020908,23.550649642944336,2232900,52586245.58773041
2020-07-10 00:00:00,23.358037844251065,24.65376066739976,23.358037844251065,24.618741989135742,1781800,43865674.476242065
2020-07-13 00:00:00,25.756876618318415,26.44851179607115,25.60804347831662,26.045787811279297,2843400,74058593.06259155
2020-07-14 00:00:00,25.896955018361812,26.325944270031314,25.45045559237221,25.94948387145996,2529900,65649599.246406555
2020-07-15 00:00:00,26.606098094743533,27.306489978637675,26.501040397569703,26.824970245361328,2135400,57282041.46194458
2020-07-16 00:00:00,26.676136523723994,26.816214563419578,26.10706927872795,26.229637145996094,2439100,63976707.96279907
2020-07-17 00:00:00,26.334696579337823,27.02633336326666,26.325941493101286,26.579833984375,1888500,50196016.47949219
2020-07-20 00:00:00,26.439762149941753,26.571085134588476,25.459213969512373,25.529253005981445,1619100,41334413.54198456
2020-07-21 00:00:00,25.686837479373747,26.369719236956012,25.686837479373747,26.089561462402344,2018400,52659170.85571289
2020-07-22 00:00:00,25.87944687201212,26.527308343864252,25.730613718352693,26.46602439880371,1583800,41916889.44282532
2020-07-23 00:00:00,26.40474601795204,27.11389158430126,25.975756642266088,26.597352981567383,1921700,51112133.22467804
2020-07-24 00:00:00,26.693651558297383,27.122640841736594,26.413495427876857,26.772445678710938,1553300,41585639.8727417
2020-07-27 00:00:00,26.737427473225193,27.796768068965246,26.711162209332443,27.4553279876709,2389600,65607251.75933838
2020-07-28 00:00:00,27.16641676493954,27.245210886757366,26.290928006841277,26.4572696685791,2715400,71842070.05805969
2020-07-29 00:00:00,26.68489694543969,27.560385703517333,26.57983922959325,27.4553279876709,2463700,67641691.56322479
2020-07-30 00:00:00,26.947544694427144,27.25396442522499,26.352212069113108,26.97380828857422,2369300,63909043.9781189
2020-07-31 00:00:00,26.91252153307197,27.647932149943394,26.75493330519065,27.429059982299805,8099900,222172642.9506302
2020-08-03 00:00:00,27.516610384749463,27.963109826620723,27.47283494739217,27.534120559692383,3977400,109514211.11412048
2020-08-04 00:00:00,27.963110224456358,28.751049739613702,27.805521987452444,28.348325729370117,3885800,110155924.1191864
2020-08-05 00:00:00,28.768559698088932,29.066225994662364,28.567197694484022,28.821086883544922,3937500,113483029.60395813
2020-08-06 00:00:00,29.60027961408448,30.18685554831005,29.188798780405374,29.232572555541992,3692200,107932504.38957214
2020-08-07 00:00:00,29.985492305492187,29.985492305492187,28.61097511516294,29.004945755004883,4069100,118024024.77169037
2020-08-10 00:00:00,29.41642415070538,30.764677787041652,29.285102826475185,30.537052154541016,4003100,122242873.47984314
2020-08-11 00:00:00,31.228675567684913,31.622646090601325,30.74715752399767,31.071090698242188,3023500,93943442.72613525
2020-08-12 00:00:00,31.43880460520979,31.61390304390832,30.283159585414396,30.537052154541016,2317600,70772672.07336426
2020-08-13 00:00:00,30.28315627626652,30.79093801930772,30.143078208559512,30.607086181640625,1818700,55665107.638549805
2020-08-14 00:00:00,30.589420516018702,31.01329199707165,30.448130022334386,30.995630264282227,2245100,69588289.50634003
2020-08-17 00:00:00,31.066287370832256,31.331206712182635,30.289187716723237,30.359834671020508,1969300,59787622.417640686
2020-08-18 00:00:00,30.315675888708164,30.80136181123793,29.97127710898521,30.456966400146484,2002200,60980938.12637329
2020-08-19 00:00:00,30.333337789907688,30.571766187362943,29.49442717533745,29.653379440307617,1955900,57999044.84729767
2020-08-20 00:00:00,29.255994102576864,29.450266442002896,28.95575135768424,29.22949981689453,1982700,57953329.28695679
2020-08-21 00:00:00,28.991076841314428,29.079382150043244,28.443573147574664,28.584863662719727,1895900,54194043.01815033
2020-08-24 00:00:00,28.867445073581948,29.803496854153114,28.805630682930534,29.64454460144043,1793700,53173419.6516037
2020-08-25 00:00:00,29.87413431306296,30.1655444381034,29.344292516014907,29.520906448364258,1632700,48198783.958244324
2020-08-26 00:00:00,29.5120805618151,29.63571270041294,28.893936711982565,29.573898315429688,2238600,66204128.7689209
2020-08-27 00:00:00,29.600385945707522,29.635709409956366,29.061714906121026,29.35312843322754,2331000,68422142.3778534
2020-08-28 00:00:00,29.512080422138492,29.556236441458687,28.840951373226098,29.326637268066406,1489000,43667362.89215088
2020-08-31 00:00:00,29.37962666328754,29.42377932027812,28.805632016514604,28.814464569091797,1591900,45869746.14753723
2020-09-01 00:00:00,28.59369090298138,29.50324821472168,28.372924303539094,29.50324821472168,1670600,49288126.46751404
2020-09-02 00:00:00,29.60039158980368,30.006601400227122,29.21184351487234,29.997772216796875,2100500,63010320.541381836
2020-09-03 00:00:00,30.050751518984246,30.174380288365633,28.885104023914977,29.326637268066406,2109500,61864541.316986084
2020-09-04 00:00:00,29.6180447908497,29.812317088019967,28.95574505958006,29.300140380859375,2047400,59989107.415771484
2020-09-08 00:00:00,28.761479034228337,28.911602108656556,27.843090641547334,28.275793075561523,2436100,68882659.51137543
2020-09-09 00:00:00,28.461230901034895,28.620183129413025,28.09917379609162,28.54953956604004,1368600,39072899.8500824
2020-09-10 00:00:00,28.71732547463914,28.911601199449017,28.364097496554212,28.478897094726562,1791700,51025639.92462158
2020-09-11 00:00:00,28.66433755873054,29.600389254162227,28.60252317370151,29.467927932739258,2115700,62345295.12729645
2020-09-14 00:00:00,29.5827316324697,29.847650943511724,29.203012718144468,29.750513076782227,1554000,46232297.32131958
2020-09-15 00:00:00,29.75050778440114,29.794663802246305,29.114702224731445,29.114702224731445,1647900,47978117.79613495
2020-09-16 00:00:00,29.21183900628524,29.74167751474591,28.832120173390365,29.45026397705078,1928600,56797779.10614014
2020-09-17 00:00:00,28.576037081667174,30.668904080544365,28.43474655365504,30.589427947998047,3444400,105362225.62408447
2020-09-18 00:00:00,30.8808389643124,31.46366276451112,29.741682282995747,30.033092498779297,6327200,190025382.85827637
2020-09-21 00:00:00,29.317810397933727,29.35313386872363,27.45453942166118,27.913734436035156,2825000,78856299.78179932
2020-09-22 00:00:00,27.790104960662894,28.010871608001764,27.498693053548227,27.5958309173584,2094400,57796708.27331543
2020-09-23 00:00:00,27.50752539337467,28.205148844764075,27.286758734223486,27.304420471191406,2006400,54783589.23339844
2020-09-24 00:00:00,27.154292336069478,27.454535052741992,26.59796123418542,27.101308822631836,1910100,51766209.98210907
2020-09-25 00:00:00,26.84522088015195,27.00417311737478,26.465502021078663,26.862882614135742,2000300,53733824.093055725
2020-09-28 00:00:00,27.507520104428934,27.816593704677363,27.27792262093912,27.330907821655273,1434200,39197987.99781799
2020-09-29 00:00:00,27.286754526045385,27.286754526045385,26.288890121672225,26.368366241455078,1600500,42202570.16944885
2020-09-30 00:00:00,26.527317944598945,27.445706210618074,26.48316360988151,27.11897087097168,2333800,63290254.218673706
2020-10-01 00:00:00,27.039495122622846,27.277921781243585,26.28888831207275,26.386024475097656,1981100,52273353.08761597
2020-10-02 00:00:00,26.041634195395762,27.242605327141128,25.873851067445244,26.995346069335938,1552800,41918373.376464844
2020-10-05 00:00:00,27.154297514076905,28.05502583585282,27.12780491014849,27.843090057373047,1586300,44167493.758010864
2020-10-06 00:00:00,28.187488182561133,28.80563384116426,27.59583344610402,27.63115692138672,1561100,43134999.06997681
2020-10-07 00:00:00,27.940222471050486,28.14332903849784,27.313246088083222,27.330907821655273,2115100,57807603.13358307
2020-10-08 00:00:00,27.675307374719658,28.134502410888672,27.47220246098501,28.134502410888672,1239200,34864275.38757324
2020-10-09 00:00:00,28.222804542795064,28.505385553417362,27.34856890956395,27.666473388671875,1865100,51600739.517211914
2020-10-12 00:00:00,27.481029567003052,27.525182217225872,25.953323278285175,26.06812286376953,3649500,95135614.3913269
2020-10-13 00:00:00,25.935662353367338,26.456670008810224,25.767879256415732,26.00630760192871,2173100,56514307.04975128
2020-10-14 00:00:00,25.87385076614274,26.92470049418273,25.66191498377025,26.324214935302734,2120000,55807335.6628418
2020-10-15 00:00:00,25.944494150409202,26.35953650131236,25.759050985864537,26.191753387451172,1166500,30552680.326461792
2020-10-16 00:00:00,26.297721072041142,26.386026374909907,25.741388231800077,25.85618782043457,1736500,44899270.15018463
2020-10-19 00:00:00,25.85619009219973,26.050464133622192,25.449978589187147,25.502962112426758,1515800,38657389.97001648
2020-10-20 00:00:00,25.750216311263298,25.82969242269375,24.761182877952905,24.77884292602539,2007300,49738571.40541077
2020-10-21 00:00:00,24.60223545321827,24.717033367498015,23.736828924898738,24.06356430053711,3455000,83139614.65835571
2020-10-22 00:00:00,24.16069945928642,24.734692335076744,24.116545124646766,24.655216217041016,2552000,62920111.78588867
2020-10-23 00:00:00,24.81416974496888,25.114412498886946,24.310822094081452,24.3549747467041,1629300,39681560.35480499
2020-10-26 00:00:00,24.063568453804237,24.063568453804237,23.3482848722905,23.69268035888672,1987900,47098679.28543091
2020-10-27 00:00:00,23.577873665013204,23.80746944789926,23.048033485649274,23.101016998291016,3015200,69654186.45324707
2020-10-28 00:00:00,22.50053508372648,23.154004122624762,22.341582836691483,22.70363998413086,2833900,64339845.35102844
2020-10-29 00:00:00,22.518199331886702,23.754492291676115,22.509368463364126,23.64852523803711,2491000,58908476.36795044
2020-10-30 00:00:00,23.560221193097718,24.399133596204678,23.330623635652273,24.381473541259766,3016800,73554029.37927246
2020-11-02 00:00:00,24.734694243552546,24.981953483665656,24.4167897468808,24.787677764892578,2695500,66815185.415267944
2020-11-03 00:00:00,24.69937057850794,24.75235578374627,23.56021561493592,23.860458374023438,3184400,75981243.64624023
2020-11-04 00:00:00,24.001747935993247,24.054731454818633,23.00388183960692,23.542552947998047,1953100,45980960.162734985
2020-11-05 00:00:00,22.92440329437915,24.74352131956214,22.92440329437915,24.143035888671875,3778300,91219632.49816895
2020-11-06 00:00:00,24.16070510086636,24.981957389456095,23.895784084115714,24.134212493896484,2970600,71693091.6343689
2020-11-09 00:00:00,25.714898688723252,26.942360654797074,25.05259877592386,25.573606491088867,3954300,101125712.14771271
2020-11-10 00:00:00,25.900341704663802,26.809900852619847,25.502961085577233,26.589134216308594,3732600,99246602.37579346
2020-11-11 00:00:00,26.845222469557875,27.81659600007442,26.809900683814675,26.97768211364746,3968700,107066327.00443268
2020-11-12 00:00:00,26.64212180292071,26.924702871029595,26.25357199211298,26.615629196166992,2638700,70230660.75992584
2020-11-13 00:00:00,26.945643432555826,27.605683881802573,26.945643432555826,27.552165985107422,2732000,75272517.47131348
2020-11-16 00:00:00,28.36383709785838,29.02387758728432,27.784073458361924,28.899005889892578,4326700,125037328.78379822
2020-11-17 00:00:00,28.640338471866013,29.06847142405155,28.29247895962228,28.738452911376953,3007900,86442392.51213074
2020-11-18 00:00:00,28.98819815570853,29.683913822646026,28.79196926400884,28.943601608276367,3256700,94260627.35767365
2020-11-19 00:00:00,28.988196983126343,29.166586568137554,28.44411027996639,28.67601776123047,2743900,78684125.13504028
2020-11-20 00:00:00,28.827645538055506,30.03176923410588,28.73845245038444,29.88014030456543,2933400,87650403.56941223
2020-11-23 00:00:00,30.352875424592607,32.190282632965236,30.352875424592607,31.9494571685791,4581300,146370048.12641144
2020-11-24 00:00:00,32.31515542972641,34.58069573924878,32.31515542972641,34.473663330078125,6318500,217821841.75109863
2020-11-25 00:00:00,34.1079638510226,34.52717550976971,33.28737302927533,34.04552459716797,3442500,117201718.42575073
2020-11-27 00:00:00,34.39337715519289,35.151528531246385,34.14363041046525,34.580684661865234,2427000,83927321.67434692
2020-11-30 00:00:00,34.24174702572503,34.28634356790076,33.07330196922993,33.269527435302734,3320300,110464811.94343567
2020-12-01 00:00:00,33.80469709057284,34.02768321016105,33.3498035012139,33.44791793823242,2424300,81087787.45765686
2020-12-02 00:00:00,33.29628936418486,34.11687665979652,33.2249321719587,33.76009750366211,2798800,94487760.89324951
2020-12-03 00:00:00,33.96525299753138,34.48257911140727,33.73334548932941,34.009849548339844,2267300,77110531.88095093
2020-12-04 00:00:00,34.24174809857258,35.58858617096526,34.072279871995896,35.29424285888672,2861600,100998005.36499023
2020-12-07 00:00:00,35.01773917346416,35.11585361174471,33.89389061338278,34.13471603393555,1981100,67624285.93482971
2020-12-08 00:00:00,33.84928477116209,34.52716090012136,33.804688239420884,34.35769271850586,1624500,55814071.82121277
2020-12-09 00:00:00,34.70557382492975,35.160464199331486,34.384473135940496,34.8393669128418,1778700,61968781.927871704
2020-12-10 00:00:00,34.4201377402555,35.08909610260628,34.384459144330556,34.883949279785156,1793700,62571339.823150635
2020-12-11 00:00:00,34.48257260742713,35.196127493270545,34.44689401251044,35.11585235595703,1696700,59581066.692352295
2020-12-14 00:00:00,35.37452353477481,35.731302744194615,34.589611315550464,34.62528991699219,2477900,85798005.88531494
2020-12-15 00:00:00,35.142618305099546,35.151536253925066,33.91173381476395,34.20607376098633,2553900,87358891.77818298
2020-12-16 00:00:00,34.38446781644076,34.38446781644076,33.064390056764715,33.697669982910156,2179400,73440701.9607544
2020-12-17 00:00:00,34.00093445494539,34.03661306315871,33.403333078619305,33.48360824584961,1855700,62135531.82182312
2020-12-18 00:00:00,33.43900621277074,33.64415307266519,32.9751945894229,33.57279586791992,4424600,148546192.5971985
2020-12-21 00:00:00,32.90384277113084,33.58172271718657,32.69869587765326,33.48360824584961,1692300,56664310.234451294
2020-12-22 00:00:00,33.54603878447423,33.54603878447423,32.297314915202854,32.306236267089844,1723700,55686259.45358276
2020-12-23 00:00:00,32.56489881294188,33.0822283612283,32.377591246492905,32.79680633544922,1263800,41448603.84674072
2020-12-24 00:00:00,32.74328488431752,32.903835181746636,32.45786288944321,32.832481384277344,255800,8398548.738098145
2020-12-28 00:00:00,33.010871956781614,34.40230691818638,33.010871956781614,33.18034362792969,1606300,53297585.96954346
2020-12-29 00:00:00,33.28737791997635,33.68875373944938,32.68085521555027,32.957359313964844,1073100,35366542.279815674
2020-12-30 00:00:00,32.86815379439761,34.12579541593973,32.86815379439761,33.86713409423828,1388200,47014355.54962158
2020-12-31 00:00:00,33.83145270318988,34.96422254432269,33.51927351183352,34.52716827392578,1556400,53738084.701538086
2021-01-04 00:00:00,34.78583795822901,35.32100333504852,33.947411293878844,34.36662292480469,2668100,91693586.62567139
2021-01-05 00:00:00,34.5182596762643,36.11484146450276,34.5182596762643,35.7402229309082,2632200,94075414.79873657
2021-01-06 00:00:00,36.46269041070782,38.62119436675483,35.981039586590555,38.086029052734375,4689000,178585390.22827148
2021-01-07 00:00:00,38.799583237415895,39.227716161391065,37.97899598375466,38.14846420288086,3248200,123913841.4237976
2021-01-08 00:00:00,38.39821580710624,38.585523363616815,37.58654632639501,38.49633026123047,3449300,132785391.97006226
2021-01-11 00:00:00,37.60438457651204,38.763911887625106,37.37248047528889,38.45173263549805,2159500,83036516.62635803
2021-01-12 00:00:00,38.817428340005904,40.9937718796598,38.30902020409291,40.79754638671875,3698600,150893805.06591797
2021-01-13 00:00:00,41.20782934205714,41.92138413621661,40.11073820806863,40.39616012573242,2976800,120251289.46228027
2021-01-14 00:00:00,40.46751854162494,40.98484795323943,40.39616475528042,40.40508270263672,2216200,89545744.2855835
2021-01-15 00:00:00,40.28913597061321,40.73510827085466,39.53990577260626,40.63699722290039,2531500,102872558.46977234
2021-01-19 00:00:00,41.01161679010821,41.19892436001705,39.691539045871245,40.12859344482422,2465300,98929021.41952515
2021-01-20 00:00:00,40.34266053617693,40.458614306094965,39.01366476730563,39.36152267456055,1766200,69520321.34780884
2021-01-21 00:00:00,39.53097733484209,39.74504549768333,38.54983981118999,38.7639045715332,1742600,67549980.10635376
2021-01-22 00:00:00,38.16630907928637,39.00473575265579,37.95224088475667,38.71039581298828,1457300,56412659.81826782
2021-01-25 00:00:00,38.38037318064254,38.94229920398465,37.595464420655034,38.772830963134766,2102600,81523754.38308716
2021-01-26 00:00:00,39.200960284054624,39.45962499792451,37.36355344406261,37.44382858276367,2150400,80519208.984375
2021-01-27 00:00:00,36.658921573066294,37.22976897320411,35.56183012713496,36.46269607543945,3581200,130580207.18536377
2021-01-28 00:00:00,37.01568730945158,37.81843851571575,36.73026541444596,37.64004898071289,3499000,131702531.3835144
2021-01-29 00:00:00,37.497347942702795,38.32685660755908,36.569724837541195,36.90866470336914,4684900,172913403.2688141
2021-02-01 00:00:00,37.363553051518316,38.639033907202595,37.354635103977735,38.32685470581055,2131800,81705188.86184692
2021-02-02 00:00:00,38.9333819561449,39.102850200044465,38.050355332145344,38.71039581298828,1786200,69144509.00115967
2021-02-03 00:00:00,38.86201421776758,39.44177939374203,38.068184307816246,38.17521667480469,1992700,76071754.2678833
2021-02-04 00:00:00,38.10387287679247,38.960138841945486,37.73817574151889,38.505245208740234,1774700,68335258.6719513
2021-02-05 00:00:00,38.96904231093103,39.869907891568396,38.1306159568948,38.47847366333008,1217100,46832150.29563904
2021-02-08 00:00:00,38.9601310875959,39.62016802842865,38.647951913215245,39.21879577636719,1443800,56624097.341918945
2021-02-09 00:00:00,39.28124129470723,39.45070954507657,38.710397290832965,39.23664474487305,1431900,56182951.610183716
2021-02-10 00:00:00,39.62017562141333,39.62017562141333,37.59546446955231,38.567684173583984,1939900,74817450.52833557
2021-02-11 00:00:00,38.78175227186527,38.79959157284229,37.845211086813656,38.49633026123047,1444400,55604099.42932129
2021-02-12 00:00:00,38.24482844568189,39.87952955198811,38.181952163457495,39.84360122680664,1494400,59542277.673339844
2021-02-16 00:00:00,40.059163586877524,40.92142624377064,39.4124708770997,40.63400650024414,2338600,95026687.60147095
2021-02-17 00:00:00,40.31963833643876,40.82262459498189,39.60108898588683,40.47233200073242,1804700,73040417.5617218
2021-02-18 00:00:00,40.7328093092705,41.98129304393254,38.48734014279883,39.40349197387695,3421500,134819047.78862
2021-02-19 00:00:00,39.96037496361999,41.18190743953291,39.58313432260772,41.101070404052734,2241400,92123939.2036438
2021-02-22 00:00:00,41.20885661771507,42.61901116888465,40.70587022363431,42.098060607910156,2543000,107055368.12591553
2021-02-23 00:00:00,42.089081358757205,42.21482710404829,40.157976195173845,41.99028015136719,1566900,65794569.969177246
2021-02-24 00:00:00,41.909440920735264,43.903418852738575,41.909440920735264,43.66090774536133,2143300,93578423.57063293
2021-02-25 00:00:00,43.633953356253166,43.651914092316446,41.55913885695382,41.90943145751953,1496700,62725846.06246948
2021-02-26 00:00:00,41.801655531545805,41.801655531545805,39.888514810023565,40.66993713378906,2101100,85451604.9118042
2021-03-01 00:00:00,41.397468689071644,42.1788909807399,41.00226735880224,41.22681427001953,1645700,67846968.24417114
2021-03-02 00:00:00,41.24477409120755,41.61303430668172,40.75077158277018,41.32561111450195,1868200,77204506.68411255
2021-03-03 00:00:00,41.469326417395514,42.942357192872805,41.469326417395514,42.142967224121094,2470600,104118414.82391357
2021-03-04 00:00:00,42.06213224150319,42.52020646752316,39.96037285617641,40.89448547363281,2910200,119011131.62536621
2021-03-05 00:00:00,41.4603457293804,42.40344216629593,39.46636786035408,42.32260513305664,2987800,126451479.61654663
2021-03-08 00:00:00,42.74475147773626,45.53811568784031,42.66391445014657,44.53214645385742,7132900,317643347.4407196
2021-03-09 00:00:00,44.43335003754295,44.73873401611527,43.211814123253674,43.22977828979492,2763200,119452523.37036133
2021-03-10 00:00:00,43.38246624603796,44.45131182704156,42.717809251126674,44.30760192871094,2093200,92744672.35717773
2021-03-11 00:00:00,45.286620378354364,45.83451540165427,44.68483628805055,45.394405364990234,2637400,119723204.70962524
2021-03-12 00:00:00,45.47523995991716,46.02313495391713,43.930356163892846,44.244720458984375,1698200,75136384.28344727
2021-03-15 00:00:00,44.51419090084715,45.7536876619267,44.15491439176296,45.699798583984375,1926900,88058941.89147949
2021-03-16 00:00:00,45.71775386101754,45.80757125766381,43.445336721675176,43.93035888671875,2225500,97767013.70239258
2021-03-17 00:00:00,43.5171887941632,44.99919624053568,43.47228010057258,44.98123550415039,1840100,82769971.45118713
2021-03-18 00:00:00,44.90938298788559,45.51116707529253,43.24773718785943,43.427371978759766,1915300,83176445.55091858
2021-03-19 00:00:00,43.23876057079714,43.858512351758854,41.76573311246048,43.26570510864258,4339600,187755853.88946533
2021-03-22 00:00:00,43.37348904684855,43.51719895568384,41.77471245645213,42.098060607910156,1747400,73562151.1062622
2021-03-23 00:00:00,41.31664201038544,41.675918528827765,39.870558991811585,40.229835510253906,2988900,120242955.3565979
2021-03-24 00:00:00,40.78670482889049,41.163945458530236,40.14899236061311,40.19390106201172,1634000,65676834.33532715
2021-03-25 00:00:00,39.76277634002054,40.85856660818764,38.95440590837027,40.589107513427734,1623600,65900474.95880127
2021-03-26 00:00:00,41.31663101466074,41.70285196998986,40.58011743154799,41.49626922607422,1446400,60020203.80859375
2021-03-29 00:00:00,41.31663646110287,42.627989752552864,41.244779796539625,41.28969192504883,1875000,77418172.35946655
2021-03-30 00:00:00,41.09208438147241,41.53219783105975,40.45437198169277,40.804664611816406,1579600,64455048.220825195
2021-03-31 00:00:00,40.68790514433918,41.343581802841705,39.44840506698327,40.759761810302734,3187500,129921740.77033997
2021-04-01 00:00:00,41.074127618923775,41.747768467875474,40.436415104231656,41.235801696777344,1854000,76451176.3458252
2021-04-05 00:00:00,41.945359587651154,42.0531411350989,40.4094596878447,40.795677185058594,1560800,63673892.95043945
2021-04-06 00:00:00,40.62503062915312,41.13699736130439,40.38251953082133,40.96634292602539,1650000,67594465.8279419
2021-04-07 00:00:00,41.20885814962512,41.52322251616531,40.64299886353815,41.38849639892578,1211200,50129746.838378906
2021-04-08 00:00:00,41.19986616564346,41.487285936883964,40.14000447432637,40.885501861572266,1925700,78733210.93482971
2021-04-09 00:00:00,40.88550109703213,41.514233119731465,40.86753693337628,41.32561111450195,1286400,53161266.13769531
2021-04-12 00:00:00,41.68489433166171,41.73878683141637,40.616052117219155,40.840599060058594,1541100,62939447.2114563
2021-04-13 00:00:00,40.74179721489075,40.95736035788317,39.807681125085274,40.598087310791016,1529600,62098834.35058594
2021-04-14 00:00:00,40.86753096512969,42.84354413661842,40.84956680409731,42.41241455078125,2449300,103880726.95922852
2021-04-15 00:00:00,42.76271237605099,43.014203808758815,41.945361793436774,42.54714584350586,1291700,54958148.28605652
2021-04-16 00:00:00,42.906428783022236,43.409415151271276,42.18787927574812,42.493263244628906,1304700,55440960.555267334
2021-04-19 00:00:00,42.66391447629232,42.906425559209985,41.73878226933217,42.13398361206055,1499000,63158841.43447876
2021-04-20 00:00:00,41.76572733355629,42.14296451645442,40.65197309708325,41.523216247558594,1992700,82743313.01651001
2021-04-21 00:00:00,41.496280687725616,42.92439955213569,40.867548487273815,42.852542877197266,1595400,68366946.90628052
2021-04-22 00:00:00,42.91540794833559,43.409413932890864,42.295659658140195,42.349552154541016,1972100,83517551.80397034
2021-04-23 00:00:00,42.43038980538973,42.969301072008115,42.008240476539626,42.50224304199219,1523800,64764917.947387695
2021-04-26 00:00:00,42.9333687461608,43.84054018635557,42.74475016302429,43.53515625,2089000,90944941.40625
2021-04-27 00:00:00,43.53516587864464,44.40640575710131,42.96930657777041,44.00222396850586,1466000,64507260.33782959
2021-04-28 00:00:00,44.199819085646894,45.08902648042057,43.92138307138654,44.51418685913086,1639300,72972106.51817322
2021-04-29 00:00:00,45.2147693348063,45.32255090034358,44.10999886568516,44.577056884765625,1496900,66727396.450805664
2021-04-30 00:00:00,44.10101321498435,44.675856201738384,43.58904651732286,43.67886734008789,1087700,47509504.0058136
2021-05-03 00:00:00,44.15491209492284,45.08004443216644,44.10101959346916,44.55909729003906,1966300,87616553.00140381
2021-05-04 00:00:00,44.11897941708161,44.88244102743003,43.4004299333469,44.56807327270508,2210000,98495441.93267822
2021-05-05 00:00:00,44.88243432246282,45.55607500526313,44.406392576723945,44.98123550415039,1953200,87857349.18670654
2021-05-06 00:00:00,43.696837632189634,46.930312326247375,43.328580772997974,46.858455657958984,3593900,168404603.7891388
2021-05-07 00:00:00,47.45125602166711,49.58894019900166,47.118924118425284,49.49013900756836,3743700,185276233.40263367
2021-05-10 00:00:00,50.01108875902467,50.27156400053232,48.978171588253794,49.08595657348633,2904900,142589795.25032043
2021-05-11 00:00:00,48.23268467109049,50.02007644195954,47.505151332803116,48.834468841552734,2922900,142738268.9769745
2021-05-12 00:00:00,48.69974147773189,49.22967239355565,48.223699634704666,48.439266204833984,2369000,114752621.63925171
2021-05-13 00:00:00,48.50213436478988,49.22966761373479,47.316526909977924,48.11591339111328,2043500,98324869.01473999
2021-05-14 00:00:00,48.55850924971046,49.3714321251496,48.215278209512114,49.082393646240234,1450600,71198920.22323608
2021-05-17 00:00:00,48.77530169009039,49.59725571037672,48.52239382095961,49.3262825012207,2005800,98938657.44094849
2021-05-18 00:00:00,49.71466115670907,51.656638008474374,49.26303815225992,49.29013442993164,3714300,183078346.3130951
2021-05-19 00:00:00,48.43204691238086,48.585600515718944,47.18556998123806,47.826873779296875,2580300,123407682.41271973
2021-05-20 00:00:00,47.781719097981096,48.06172317810462,46.43588092024131,47.04105758666992,2670800,125637256.60247803
2021-05-21 00:00:00,47.66429946925372,48.21528016881797,47.221707342282414,47.26687240600586,1226800,57986999.06768799
2021-05-24 00:00:00,47.67333167684069,48.14302009799315,47.35719689607014,47.89914321899414,1222500,58556702.58522034
2021-05-25 00:00:00,47.98947535488727,49.0101411605301,46.73396358918408,46.77912521362305,2090500,97791761.25907898
2021-05-26 00:00:00,46.742989604344956,47.15848201832589,46.11975098337354,46.95977020263672,2081100,97727977.76870728
2021-05-27 00:00:00,47.48364469742807,47.96236400258875,47.42041774941101,47.71849060058594,2080100,99259232.29827881
2021-05-28 00:00:00,47.87203882051881,48.16107726982408,47.29396192190828,48.02558898925781,1271600,61069338.958740234
2021-06-01 00:00:00,48.946904961224774,49.93144334890697,48.775289442495016,49.85015106201172,2434300,121350222.73025513
2021-06-02 00:00:00,50.048865699667516,50.0759619797671,49.17271588993689,49.23594284057617,1294300,63726080.81855774
2021-06-03 00:00:00,48.84754425741186,49.74175584816399,48.432048487904744,49.69659423828125,1318700,65534898.822021484
2021-06-04 00:00:00,49.99467349461524,50.518557920437146,49.44369623224446,50.00370788574219,1323700,66189908.12835693
2021-06-07 00:00:00,50.80758876175749,51.10566160305267,49.9133736834821,50.175315856933594,1095000,54941970.863342285
2021-06-08 00:00:00,49.64239939204852,50.54564539312193,49.13658383663783,50.184349060058594,1336500,67071382.51876831
2021-06-09 00:00:00,50.21144593489405,50.30176915783201,49.145615365297736,50.13015365600586,1259200,63123889.48364258
2021-06-10 00:00:00,50.40112012483535,50.69015853485802,48.51333607121938,48.540435791015625,2016200,97867226.6418457
2021-06-11 00:00:00,48.95593095163341,49.579169413817795,48.28752743567102,48.59463119506836,1274400,61928997.99499512
2021-06-14 00:00:00,48.58559443085209,48.92882536829708,47.3391142102088,47.59202194213867,2180200,103760126.23825073
2021-06-15 00:00:00,47.84494405935854,48.404955641938884,47.02299029703844,48.314632415771484,1850800,89420721.67510986
2021-06-16 00:00:00,48.29658084276649,48.29658084276649,46.98687301649729,47.312042236328125,1884500,89159543.59436035
2021-06-17 00:00:00,47.041061395104045,47.149449968907284,44.250030638993486,45.16230773925781,4118500,186000964.4241333
2021-06-18 00:00:00,44.5390608557746,45.29778762261742,43.96098052982912,44.07840347290039,4299200,189501872.21069336
2021-06-21 00:00:00,44.98165057186471,47.27589626232331,44.909392682841414,46.444908142089844,3540700,164447486.2586975
2021-06-22 00:00:00,46.697824669350176,47.0049284851877,45.767478831177705,46.363624572753906,1840600,85336887.38861084
2021-06-23 00:00:00,46.61652748411303,47.18557343953826,46.10167753012214,46.1468391418457,1653300,76294569.1532135
2021-06-24 00:00:00,46.309436239958885,46.58040942928305,45.83071682396582,45.893943786621094,1781200,81746292.67272949
2021-06-25 00:00:00,46.282332284867195,46.88750552588235,46.01135569483784,46.363624572753906,2099300,97331157.06558228
2021-06-28 00:00:00,46.408777511594295,46.408777511594295,44.114531989651205,44.24098587036133,2380100,105297970.470047
2021-06-29 00:00:00,44.73777548487216,45.45134068702756,44.06937534143334,44.43067169189453,1843600,81912386.33117676
2021-06-30 00:00:00,44.548100105235136,46.58040395472802,44.43971153136649,46.472015380859375,4119500,191441467.3614502
2021-07-01 00:00:00,48.63980593150767,49.26304800751989,47.01396347935677,47.34816360473633,2783700,131803083.02650452
2021-07-02 00:00:00,47.23073017206878,47.33008777496251,46.201030370460636,46.59845733642578,1512000,70456867.49267578
2021-07-06 00:00:00,46.661691685000044,46.661691685000044,44.45777252186397,45.017784118652344,2116900,95298147.20077515
2021-07-07 00:00:00,45.044876090255514,45.81263724117418,44.2319567750363,45.24359130859375,1559500,70557380.64575195
2021-07-08 00:00:00,44.33131476561771,45.595857082041746,43.662911218117436,44.84616470336914,1852200,83064066.26358032
2021-07-09 00:00:00,45.6952111716819,46.173930406069275,45.13519966677499,45.75843811035156,1269700,58099488.86871338
2021-07-12 00:00:00,45.06294644491464,46.020388531515664,44.710681024504076,45.70425033569336,1206400,55137607.60498047
2021-07-13 00:00:00,45.71328619670007,45.71328619670007,44.548097887387044,44.954559326171875,1162200,52246188.84887695
2021-07-14 00:00:00,45.03584613290663,45.668119022332014,44.520996188308395,44.791969299316406,946600,42400078.13873291
2021-07-15 00:00:00,44.31325805526281,45.090046862147666,43.97002354810209,44.29519271850586,918500,40685134.51194763
2021-07-16 00:00:00,44.39454124494474,44.82809890138032,42.2448148502096,42.59708023071289,2301300,98028660.73493958
2021-07-19 00:00:00,41.404797664287464,41.84738972983163,40.86285143092859,41.522220611572266,1732400,71933094.9874878
2021-07-20 00:00:00,41.71189842591471,42.94031347449167,41.32350239009671,42.40739822387695,1612800,68394651.85546875
2021-07-21 00:00:00,43.05773804487182,43.3016148946502,42.57901873546071,43.26548767089844,2347500,101565732.30743408
2021-07-22 00:00:00,42.88611423425305,42.99450277575294,42.05512967340455,42.65127182006836,1380100,58863020.23887634
2021-07-23 00:00:00,42.86805931125825,43.22935913145949,42.154494061446556,42.732574462890625,1808600,77286134.17358398
2021-07-26 00:00:00,42.822899404107886,43.193230184068575,42.15449574374414,43.066776275634766,1824300,78566719.9596405
2021-07-27 00:00:00,42.497723791966,43.26548496260356,41.59447778811716,42.78676223754883,2274600,97322769.38552856
2021-07-28 00:00:00,42.976443762905454,43.50935556323933,42.461590403744374,43.10289764404297,1442600,62180240.14129639
2021-07-29 00:00:00,43.690010406438574,43.70807574088398,42.78676435782974,43.021610260009766,1604800,69041080.14526367
2021-07-30 00:00:00,43.030640647239075,44.33131714558436,42.60611390729469,42.678375244140625,4314300,184127314.3157959
2021-08-02 00:00:00,42.86806041537988,43.13000261949191,41.468029605858796,41.51319122314453,2771900,115070414.75143433
2021-08-03 00:00:00,41.67576872201861,42.06416476679454,40.5918728632395,41.95577621459961,2851100,119620113.56544495
2021-08-04 00:00:00,41.693834364601464,42.07319946851577,40.573807831570164,40.69123077392578,2457600,100002768.75
2021-08-05 00:00:00,40.754449613710236,41.486079953610286,40.718322400300174,40.81767654418945,1755300,71647267.63801575
2021-08-06 00:00:00,41.34157033611637,41.86545123076864,41.09769349967803,41.72093200683594,2051500,85590492.01202393
2021-08-09 00:00:00,41.65771211650435,42.67838124653642,41.22415437128266,42.51579666137695,3726100,158418109.93995667
2021-08-10 00:00:00,41.8925527882552,44.0242140187987,41.820291450320056,43.1932258605957,3693800,159547137.6838684
2021-08-11 00:00:00,43.581618667363855,44.41260331759489,42.99450740033672,43.63581466674805,2404700,104931043.52912903
2021-08-12 00:00:00,43.50936349426008,44.65648646820986,42.497728815146196,44.286155700683594,2915500,129116286.94534302
2021-08-13 00:00:00,44.13164881639935,45.11315812102035,43.75903825690458,43.96806335449219,2316500,101852018.76068115
2021-08-16 00:00:00,43.20467898966783,43.31373484224126,41.932347997960015,42.159549713134766,1644200,69318731.63833618
2021-08-17 00:00:00,42.53215374754753,42.53215374754753,40.57822138217179,41.41432189941406,1720500,71253340.8279419
2021-08-18 00:00:00,41.72331698268339,42.723003002477824,41.43249910540419,41.59608459472656,1931800,80355316.22009277
2021-08-19 00:00:00,40.58731240711292,41.01445272152354,39.25136527349526,39.38768768310547,2490900,98110791.24984741
2021-08-20 00:00:00,39.560357929364514,40.84177534742568,39.560357929364514,40.41463851928711,2259500,91316875.73432922
2021-08-23 00:00:00,40.85086861789933,41.25983239393447,40.65093000143259,40.71454620361328,1393000,56715362.8616333
2021-08-24 00:00:00,40.896307548990656,41.81420092635479,40.896307548990656,40.99627685546875,1156400,47408094.55566406
2021-08-25 00:00:00,40.887217837038115,41.67787875099377,40.44190099728402,41.50520324707031,1359000,56405571.212768555
2021-08-26 00:00:00,41.305258112166456,41.62333901579153,40.296482293781445,40.46006774902344,1142400,46221581.396484375
2021-08-27 00:00:00,40.49642500855136,41.441581276614684,40.49642500855136,41.105323791503906,1729600,71095768.02978516
2021-08-30 00:00:00,41.4779367472151,41.4779367472151,40.351018393842374,40.723628997802734,984400,40088340.38543701
2021-08-31 00:00:00,40.65092448433052,41.62334740491392,40.60548484134319,41.27799987792969,1972500,81420854.75921631
2021-09-01 00:00:00,41.2507386883581,41.30526834255181,40.26922918063016,40.87812805175781,1785300,72979722.01080322
2021-09-02 00:00:00,40.887224155986296,41.88691036413682,40.887224155986296,41.76876449584961,2630900,109889442.51213074
2021-09-03 00:00:00,41.905075287658555,42.095923852583326,41.168940651320106,41.287086486816406,1268800,52385055.334472656
2021-09-07 00:00:00,41.15985872319801,42.06866547725323,40.96901013688385,41.9596061706543,1582900,66417860.60752869
2021-09-08 00:00:00,42.06866525169143,42.24133728597994,40.4691634317097,40.5236930847168,1778500,72071388.15116882
2021-09-09 00:00:00,40.096551695889026,41.60517071919607,40.02384896071,41.25982666015625,2064500,85180912.13989258
2021-09-10 00:00:00,41.796024048999755,42.02322573699496,40.741808355374914,41.47793960571289,1649700,68426156.96754456
2021-09-13 00:00:00,41.8051085051639,42.304951500448105,41.368881701998276,42.17771911621094,1487500,62739357.18536377
2021-09-14 00:00:00,42.47763203259221,43.24102989539948,41.623351408246656,41.91416931152344,2349400,98473149.38049316
2021-09-15 00:00:00,42.17771434099381,44.22252919941333,42.08683506734843,44.02259063720703,3018300,132873385.32028198
2021-09-16 00:00:00,43.74994713446344,45.47668098088049,43.71359404011696,44.54969787597656,4543800,202424917.2088623
2021-09-17 00:00:00,44.576973987455574,45.222225999931474,44.122570575826416,44.622413635253906,5514600,246074762.2329712
2021-09-20 00:00:00,43.004731512216246,43.90445164437349,42.55941818362649,43.686336517333984,2440700,106625241.53785706
2021-09-21 00:00:00,44.186188459876504,44.958676369176395,43.47732022010607,44.5224494934082,2291600,102027645.25909424
2021-09-22 00:00:00,45.32218615525348,46.185553156411494,45.17677723156114,45.82202911376953,2061500,94462113.01803589
2021-09-23 00:00:00,46.71266951171451,48.666601993269104,46.63996330581084,48.61207580566406,4816500,234140063.11798096
2021-09-24 00:00:00,48.29398668248889,50.29336208269938,47.912289538893035,49.838958740234375,5578200,278011679.6447754
2021-09-27 00:00:00,50.62053768630446,51.89286508179641,50.31154324641791,50.974971771240234,4255200,216908699.88098145
2021-09-28 00:00:00,50.89318335682048,51.811076745532446,50.62054199648782,51.47481918334961,3526700,181536244.81391907
2021-09-29 00:00:00,51.62021409730745,51.62021409730745,50.73867405427195,51.36574935913086,2142800,110066527.7267456
2021-09-30 00:00:00,51.53842880429251,51.70201429296858,50.62053553278571,50.729591369628906,3671400,186248621.75445557
2021-10-01 00:00:00,51.538431217559356,55.67350133755516,51.538431217559356,55.56444549560547,7615500,423151034.67178345
2021-10-04 00:00:00,55.78255583430156,56.400544663410834,54.355729602428745,55.20092010498047,4170100,230193356.92977905
2021-10-05 00:00:00,55.45538554767593,55.99158164222687,54.38299335857406,54.919189453125,4236500,232665146.11816406
2021-10-06 00:00:00,53.9195095400706,54.519321894203294,52.81985066847494,54.392086029052734,4244200,230850891.52450562
2021-10-07 00:00:00,54.51023448343038,56.03703026979714,54.473881377368556,55.12822341918945,4388700,241941234.11979675
2021-10-08 00:00:00,55.30997913778464,55.71894286700837,54.69199027291823,55.49174118041992,2126700,118014285.96839905
2021-10-11 00:00:00,56.645934498145955,57.61835758246312,56.17335450449655,56.47325897216797,2980900,168341137.6701355
2021-10-12 00:00:00,56.32784980356121,57.154863922710454,55.10096190670812,55.34634017944336,3146900,174169397.9106903
2021-10-13 00:00:00,55.21909960168775,55.56444715614228,54.46479176099446,54.84648895263672,2369500,129958755.5732727
2021-10-14 00:00:00,55.56444388513201,55.76438247859704,54.264849961254505,55.019161224365234,2267100,124733940.41175842
2021-10-15 00:00:00,55.62806443691548,55.62806443691548,53.59233910824228,53.61960220336914,3146600,168719440.29312134
2021-10-18 00:00:00,53.40148464608606,55.61897539886266,53.237902615840916,55.409950256347656,3569800,197802440.42510986
2021-10-19 00:00:00,55.473561237697915,55.53717742870724,54.373905973882586,55.03733444213867,3152900,173527211.76261902
2021-10-20 00:00:00,55.03733487939291,56.745888975534946,54.355729855887255,54.910099029541016,2567600,140987170.2682495
2021-10-21 00:00:00,54.55566344437327,55.01915678879921,53.837708807836115,54.51931381225586,2576000,140441752.3803711
2021-10-22 00:00:00,54.801045768844084,55.51900392600829,54.201233458676896,54.22849655151367,1451700,78723508.4438324
2021-10-25 00:00:00,54.919195342045036,55.664416642608415,53.57416169061789,53.73774719238281,1905600,102402651.04980469
2021-10-26 00:00:00,53.80136572157081,53.80136572157081,52.70171027516019,53.20155334472656,2178400,115894263.80615234
2021-10-27 00:00:00,52.89255765716684,53.028876600175685,51.23852952086799,51.56570053100586,3701800,190885910.2256775
2021-10-28 00:00:00,52.020106675077834,52.792591126525124,51.583876327420896,52.320011138916016,1523200,79693840.96679688
2021-10-29 00:00:00,52.00192080342297,52.22003247134475,51.1658168315296,51.62022018432617,3624700,187107812.10212708
2021-11-01 00:00:00,51.86559305843973,53.09248059764939,51.82923996193017,52.338172912597656,1699700,88959192.49954224
2021-11-02 00:00:00,51.8383382596953,52.22912544261427,50.57509742195276,51.26578903198242,3371400,172837481.14242554
2021-11-03 00:00:00,51.26579204153257,53.21972807083292,50.24792938448495,52.81076431274414,3941900,208174751.84440613
2021-11-04 00:00:00,53.41966024852899,55.28271688016542,52.69261553382395,53.16519546508789,2958600,157294547.30300903
2021-11-05 00:00:00,53.07431636666485,54.34664375526834,53.056139815379034,53.801361083984375,2415000,129930287.01782227
2021-11-08 00:00:00,54.62837598530898,57.57290800487977,54.437527393948834,56.83677673339844,3991100,226841259.6206665
2021-11-09 00:00:00,56.709540277814256,57.636520074268596,55.74620391398011,57.45476150512695,2239700,128681429.34303284
2021-11-10 00:00:00,57.09124335755597,58.77253456434113,56.573223754737924,57.22756576538086,3615600,206911986.78131104
2021-11-11 00:00:00,57.70922362120367,58.30903935234514,57.60016779136991,57.98186492919922,2068700,119947083.97903442
2021-11-12 00:00:00,57.95447252176375,59.835456760117275,57.89055578453043,58.95888137817383,2275900,134184518.12858582
2021-11-15 00:00:00,58.9680358488296,59.88113640901685,57.9544936697094,59.85374450683594,2744000,164238674.9267578
2021-11-16 00:00:00,59.69849457834936,60.1093938895584,58.538860272817814,59.78981018066406,3412900,204056643.16558838
2021-11-17 00:00:00,59.91764691710608,60.92205589947505,59.451963792348536,59.6071891784668,3280800,195559266.25671387
2021-11-18 00:00:00,60.182453304270155,62.17300557439966,59.72590308457362,61.69819641113281,5345600,329813878.73535156
2021-11-19 00:00:00,60.675522151223724,60.7211799603117,59.40631308229791,59.525020599365234,2867600,170693949.07073975
2021-11-22 00:00:00,59.99069125360387,60.337673851146846,59.26021514071912,59.36065673828125,2349300,139455990.87524414
2021-11-23 00:00:00,59.598055347365865,60.50202968795679,58.52059668159703,59.57066345214844,2368800,141110987.58544922
2021-11-24 00:00:00,59.01367174013587,60.027213662376525,58.87671226394333,59.47935485839844,1138800,67735089.31274414
2021-11-26 00:00:00,57.53445119469648,58.07318053747018,56.639613274753984,57.34270095825195,1396100,80056144.80781555
2021-11-29 00:00:00,58.71235820098971,59.187167341301134,56.80397475239233,57.488800048828125,2443900,140496878.43933105
2021-11-30 00:00:00,56.89528267113864,57.881429213758736,55.07821148646457,55.32474899291992,3416800,189033602.3590088
2021-12-01 00:00:00,56.76745507962436,57.16008856405776,52.275002397086745,52.311527252197266,3835100,200619938.16490173
2021-12-02 00:00:00,52.685891404983266,54.51209212277678,52.685891404983266,54.1468505859375,2226900,120579621.56982422
2021-12-03 00:00:00,54.57600800962485,55.406929183805126,53.42549962494361,54.06467056274414,3344300,180808477.76298523
2021-12-06 00:00:00,54.69471480021975,54.90472747211196,53.37984800826637,53.79987335205078,2034800,109471982.29675293
2021-12-07 00:00:00,54.67644965106193,55.82695455351452,54.61253290554798,54.804283142089844,2432700,133322379.59976196
2021-12-08 00:00:00,55.224309895523014,55.689993034275375,54.676451067439444,54.8773307800293,1855500,101824887.26234436
2021-12-09 00:00:00,54.24728620552254,54.71296580464062,53.379840263509365,53.434627532958984,1990000,106334908.79058838
2021-12-10 00:00:00,55.84522157210595,57.05051384837285,54.65819172223117,55.85435104370117,2990900,167054778.53660583
2021-12-13 00:00:00,55.653475420314734,56.192204847369936,54.92299572681666,55.9000129699707,2157200,120587507.9788208
2021-12-14 00:00:00,55.626071822396405,57.25139281900871,55.37040483822878,56.83136749267578,3464700,196903638.95187378
2021-12-15 00:00:00,56.67614191796246,58.32885490666419,55.5986831602986,58.03666305541992,3064300,177841746.60072327
2021-12-16 00:00:00,58.32884758780232,60.35592786605963,58.32884758780232,58.72147750854492,2919100,171413864.99519348
2021-12-17 00:00:00,59.004547590671194,60.26462357571288,58.43842286129734,59.17803192138672,6094500,360660515.54489136
2021-12-20 00:00:00,58.24668132670008,58.69409861800161,56.785718446918885,58.56626510620117,2464600,144342416.9807434
2021-12-21 00:00:00,59.36977204838438,62.949130133457416,59.29672932671481,62.629539489746094,3728600,233520500.9414673
2021-12-22 00:00:00,62.583896600553686,65.50581483013904,62.57476364678551,65.49668884277344,3451500,226061821.54083252
2021-12-23 00:00:00,65.37797652389709,66.61066046844056,64.29139196326499,66.01715087890625,2760000,182207336.42578125
2021-12-27 00:00:00,66.199779867282,67.46898888259763,64.89404599951948,67.44159698486328,2191600,147805003.95202637
2021-12-28 00:00:00,67.31376679058206,68.27251809038931,67.05809977730013,67.86162567138672,1470800,99810879.03747559
2021-12-29 00:00:00,67.45984834033251,68.1355475849958,66.9485143963949,67.35028076171875,1824000,122846912.109375
2021-12-30 00:00:00,67.0763363879532,67.27721953619111,65.49667702481199,65.63363647460938,1915500,125721230.66711426
2021-12-31 00:00:00,65.47842555125997,65.51495040138937,64.00833342396535,64.62924194335938,2251000,145480423.61450195
2022-01-03 00:00:00,65.32319128053747,66.02627539231698,63.99919176739153,64.45574188232422,2637600,170008464.78881836
2022-01-04 00:00:00,65.14971285568946,65.92584681085484,64.41923670758221,64.9488296508789,2867300,186227779.2579651
2022-01-05 00:00:00,65.9167361753312,65.99891188749159,62.93089323821584,62.9765510559082,3275000,206248204.70809937
2022-01-06 00:00:00,63.38743423326861,63.7161509664074,60.86728190107641,63.22307586669922,2915100,184301588.4590149
2022-01-07 00:00:00,63.23221270485101,64.08139648986835,62.97654566702287,63.131771087646484,1763600,111339191.49017334
2022-01-10 00:00:00,62.48346727301626,62.620433740813404,60.10027441911941,61.60689163208008,2573100,158520692.85850525
2022-01-11 00:00:00,61.66167753906747,63.50614450674956,60.88554348357534,63.1500358581543,2226200,140584609.8274231
2022-01-12 00:00:00,63.90789979685288,64.65664190186448,61.62514862713414,61.9995231628418,3185100,197474681.2259674
2022-01-13 00:00:00,61.1229396216806,62.06343186699348,59.80807288921835,59.88112258911133,2951700,176751109.5462799
2022-01-14 00:00:00,59.10498127022846,61.02249037023595,58.27405671259745,60.6663818359375,2966000,179936488.52539062
2022-01-18 00:00:00,60.702918573781155,62.529119401355274,60.52942726591256,62.3191032409668,3112400,193961976.92718506
2022-01-19 00:00:00,62.52909893180674,63.332624524991736,60.9494326678578,61.08639907836914,3702700,226184609.86747742
2022-01-20 00:00:00,61.30555827385983,61.59775011355306,58.666698762329546,58.71235656738281,2790100,163813346.0586548
2022-01-21 00:00:00,58.64844092934756,61.296426478846556,57.61663303341431,60.264625549316406,7154000,431133131.1798096
2022-01-24 00:00:00,59.35151542139905,63.39654975108279,59.23281489846096,62.419532775878906,7000200,436949213.3377075
2022-01-25 00:00:00,62.09995905046202,65.97150272703348,60.41072473377707,65.25015258789062,6337200,413503266.97998047
2022-01-26 00:00:00,65.17710895281758,66.17239208630559,61.004240089199925,61.9082145690918,4869300,301449669.2012787
2022-01-27 00:00:00,62.675213239239945,64.39183954744074,61.232512881426764,62.43780517578125,3826900,238943236.62719727
2022-01-28 00:00:00,62.66606618626379,64.95794971083801,62.41039923685827,64.92142486572266,3461200,224706035.74523926
2022-01-31 00:00:00,64.37357444597161,64.50140793720458,61.90820629630402,62.885223388671875,2978100,187278483.7738037
2022-02-01 00:00:00,63.75266364753529,68.2359895333392,63.369163187575595,67.98944854736328,5439600,369835404.3182373
2022-02-02 00:00:00,67.51463940527582,69.2221325329179,65.4692896873521,68.08075714111328,4016200,273425936.83013916
2022-02-03 00:00:00,67.45982949821507,68.09900371601269,66.32758738156863,67.20416259765625,3507900,235745481.97631836
2022-02-04 00:00:00,67.04894926294843,69.20386633398698,66.65631589068965,68.53730010986328,3544800,242951021.42944336
2022-02-07 00:00:00,68.44600477162614,69.37737107569006,65.52408629425594,66.16325378417969,3568800,236123420.10498047
2022-02-08 00:00:00,66.13585758220962,66.9393833695846,64.3918325974446,66.86634063720703,2121600,141863628.29589844
2022-02-09 00:00:00,67.56941594708476,68.03509900758284,66.35499098853181,66.69284057617188,1849800,123368416.49780273
2022-02-10 00:00:00,66.17238052680315,69.78825691551027,65.38711370352608,67.35028076171875,4033000,271623682.3120117
2022-02-11 00:00:00,67.2407098612258,70.5278697594544,65.99889281601008,70.07131958007812,4717700,330575464.3829346
2022-02-14 00:00:00,69.20046835773753,69.3288035492546,63.49869315786125,65.50623321533203,5943100,389310094.6220398
2022-02-15 00:00:00,64.5803769819666,66.7529203098962,61.37198338043184,66.20291137695312,4017500,265970196.45690918
2022-02-16 00:00:00,63.361198879012385,69.48464811265751,63.13202788522888,68.21961975097656,5741900,391710234.6481323
2022-02-17 00:00:00,67.6054442822902,70.83216885078747,67.37627328472311,69.84215545654297,4559500,318445307.80410767
2022-02-18 00:00:00,69.71382326878746,70.27300108650509,66.49626036571034,67.16543579101562,3062100,205667280.93566895
2022-02-22 00:00:00,69.52130152054558,70.39215539550527,66.67042111184134,67.67877197265625,4612600,312175103.6010742
2022-02-23 00:00:00,67.30293036488553,69.32880094780849,67.30293036488553,68.27462005615234,3430300,234202429.17861938
2022-02-24 00:00:00,70.65799829810159,73.16054148554302,69.3838082076108,72.01468658447266,6971200,502028783.1176758
2022-02-25 00:00:00,71.57469126674546,73.16055073379978,69.01714196500629,72.87638092041016,4681100,341141626.726532
2022-02-28 00:00:00,73.4905536716812,74.45307465700071,72.6838742796353,74.42557525634766,6488200,482888017.37823486
2022-03-01 00:00:00,75.13141593702532,77.64312800960916,74.23306957972048,75.48892211914062,4542900,342938624.29504395
2022-03-02 00:00:00,77.00144281945082,79.21981604122722,76.24976234786779,77.63395690917969,4422500,343336174.43084717
2022-03-03 00:00:00,78.03727930587286,80.65899519505093,77.18476320213675,79.84314727783203,5754200,459433438.0661011
2022-03-04 00:00:00,79.58651201256347,84.2341000456682,79.28400458589081,83.64742279052734,8087700,676515261.302948
2022-03-07 00:00:00,84.35326300834461,92.14507741529455,84.2982642034702,87.71749877929688,9925200,870613718.8842773
2022-03-08 00:00:00,85.17827111096462,91.925065554778,83.4640765973318,85.5082778930664,8582500,733874795.0172424
2022-03-09 00:00:00,82.04322695805436,84.77494865357018,77.64314048012453,84.6466064453125,7765300,657306293.0297852
2022-03-10 00:00:00,86.46163008381268,91.32005782752384,85.37994274056629,89.14751434326172,7326200,653112519.581604
2022-03-11 00:00:00,85.48079003112602,89.89920699480817,85.48079003112602,88.0475082397461,3663900,322597265.4396057
2022-03-14 00:00:00,88.04750159297267,88.3408401952068,83.87658656726674,87.02081298828125,3781100,329034395.98999023
2022-03-15 00:00:00,85.62745318886236,87.20414374609292,81.27320432148885,86.9566421508789,5288800,459896289.00756836
2022-03-16 00:00:00,87.08495567578122,88.4599812917146,79.04564231853713,80.8148422241211,7324300,591912148.9021301
2022-03-17 00:00:00,82.91405445101098,84.60075643311119,81.26402765723672,84.52742004394531,5448500,460547648.10943604
2022-03-18 00:00:00,85.51744821124522,87.57998713917952,84.96743922921146,87.31414794921875,9451700,825267132.1716309
2022-03-21 00:00:00,90.36668193313348,94.05174737509626,89.52333459728513,92.86922454833984,5205300,483412174.5414734
2022-03-22 00:00:00,93.30008456062758,94.57427459942527,90.29336254119873,91.66838836669922,3603100,330290370.12405396
2022-03-23 00:00:00,93.26342559689566,96.15098151499474,92.51174501763992,94.95928955078125,4220800,400804169.3359375
2022-03-24 00:00:00,95.6009603797244,98.8276844822884,94.94094688303697,97.53516387939453,4466100,435601795.4017639
2022-03-25 00:00:00,97.6268430070209,100.65190291177818,97.4710084102969,100.39522552490234,3602200,361643681.3858032
2022-03-28 00:00:00,97.59017723148216,98.25935962482596,94.4551196482683,96.36182403564453,3602200,347114562.54119873
2022-03-29 00:00:00,88.22165130052355,91.67755331329512,81.61236161612614,91.46671295166016,7748900,708766411.9911194
2022-03-30 00:00:00,93.62091972428998,96.4259770802567,92.14505815617721,92.59423828125,2952700,273403007.3730469
2022-03-31 00:00:00,92.58508292691593,97.62684486848066,92.31007493260579,94.47344970703125,4350000,410959506.22558594
2022-04-01 00:00:00,93.56592937523023,96.24264479864756,89.74335902804758,91.47589111328125,3943700,360753471.78344727
2022-04-04 00:00:00,93.91428789713761,94.29930055344528,91.50341111252474,93.26344299316406,3365300,313859464.704895
2022-04-05 00:00:00,94.25344808122952,96.2334888673232,93.46509928607118,94.20761108398438,3040900,286475924.5452881
2022-04-06 00:00:00,95.69263607104274,100.55106375734053,93.53843020777616,93.85926818847656,4766200,447352044.039917
2022-04-07 00:00:00,94.4184424534004,97.34266635573168,94.36344365695935,96.4443130493164,2840600,273959715.6478882
2022-04-08 00:00:00,98.36934195980226,101.20189870037107,96.56347365163496,99.1943588256836,3849400,381838764.8635864
2022-04-11 00:00:00,99.0018434555191,99.14851621022707,95.35343911018965,98.13099670410156,2656700,260704618.94378662
2022-04-12 00:00:00,99.41436003794496,101.6144026612676,98.3601792128307,100.67021942138672,3141900,316295762.40005493
2022-04-13 00:00:00,102.82443675475247,104.03445928619905,96.36181911847277,99.92771911621094,3211700,320937855.48553467
2022-04-14 00:00:00,98.47936266478807,101.20191527111432,97.77351906013574,99.37771606445312,3082800,306361623.0834961
2022-04-18 00:00:00,99.2677038499305,102.37526182036186,97.77351155830134,100.86273193359375,2700300,272359635.0402832
2022-04-19 00:00:00,100.69773003643881,101.38524299571411,96.76515507013494,98.0851821899414,3646700,357687233.8920593
2022-04-20 00:00:00,97.15933285759611,98.36935542865224,93.34593114634858,97.29683685302734,3175900,309005024.16152954
2022-04-21 00:00:00,97.38848523018973,97.38848523018973,90.5683624945756,91.08170318603516,3313600,301808331.6772461
2022-04-22 00:00:00,90.86170572848364,93.57508908519677,88.30415694777008,88.86333465576172,3684000,327372524.8718262
2022-04-25 00:00:00,86.83747266588985,87.81832420140294,82.74905614123468,86.58079528808594,5061500,438228695.350647
2022-04-26 00:00:00,88.38667348436888,90.65088418283574,85.0224447350753,87.0849838256836,4388100,382137617.5254822
2022-04-27 00:00:00,87.9191623386193,89.72502387283927,84.9949382556482,89.01918029785156,2378200,211705414.5843506
2022-04-28 00:00:00,89.09251048233507,90.95337768040588,87.03913351076311,90.33003234863281,1976600,178546341.94030762
2022-04-29 00:00:00,91.28340101926477,92.49342370727771,88.37751420699993,88.76251983642578,2980500,264556690.37246704
2022-05-02 00:00:00,88.24000301041485,90.55921239070922,86.93830642679143,88.4050064086914,2795400,247127354.91485596
2022-05-03 00:00:00,87.86414529526651,93.7859221048785,87.37830397558169,92.27339935302734,2763700,255015993.79196167
2022-05-04 00:00:00,93.46510638204784,93.77678260074117,90.16504514842451,93.5292739868164,2864900,267952017.04483032
2022-05-05 00:00:00,94.01510411822564,97.79184452781848,88.92751236793275,91.93423461914062,3735300,343401946.572876
2022-05-06 00:00:00,91.99839760092695,92.43840196043598,87.85498241871481,91.50338745117188,2944900,269468325.70495605
2022-05-09 00:00:00,88.927504134867,89.2025050994602,82.55654704585244,83.3082275390625,3551000,295827515.99121094
2022-05-10 00:00:00,85.44411353187408,87.55248949806148,82.7857285726033,85.57244873046875,2770400,237069911.96289062
2022-05-11 00:00:00,86.86498910025601,89.87171189246183,85.48079412191005,87.6258316040039,3358300,294273830.2757263
2022-05-12 00:00:00,87.84582572468295,90.87087860192536,85.51744762280919,90.41253662109375,2826600,255560076.0131836
2022-05-13 00:00:00,92.80561343847936,97.97835056929638,92.54789789744216,95.59447479248047,3517600,336263124.5300293
2022-05-16 00:00:00,97.66541326666935,101.57718410820915,96.97510076522114,98.49378967285156,3192200,314411875.39367676
2022-05-17 00:00:00,100.23340570158442,100.78565445855638,94.462387582334,99.8192138671875,3082200,307662780.9814453
2022-05-18 00:00:00,99.24855367716799,99.86523130032484,91.5078443596276,93.5235595703125,3940100,368492177.0629883
2022-05-19 00:00:00,92.21654466855989,94.2414584514188,89.79584443056712,92.36380767822266,3020700,279003353.8536072
2022-05-20 00:00:00,93.57876525829015,94.10340250231388,85.30422099825905,88.16671752929688,3684400,324841454.0649414
2022-05-23 00:00:00,88.88463414589295,93.57875757914756,88.58089497106158,93.04491424560547,2593400,241302680.60455322
2022-05-24 00:00:00,92.04167758584992,92.94368911596925,90.44935347383672,92.15213012695312,2294600,211452277.78930664
2022-05-25 00:00:00,91.06604538911111,94.09421766837765,90.69787724465434,92.56632232666016,2267000,209847852.71453857
2022-05-26 00:00:00,91.8023735563508,92.49268618560616,87.54084611974804,89.01351165771484,3553000,316265006.91986084
2022-05-27 00:00:00,88.31398684790932,88.31398684790932,84.79799504449421,88.102294921875,4033400,355351796.3378906
2022-05-31 00:00:00,89.92471549557932,93.61558870439039,89.1331565126977,90.90956115722656,6283200,571202954.6630859
2022-06-01 00:00:00,91.05683565827314,91.58147296118196,86.64803827807813,87.90901184082031,2877400,252949390.67077637
2022-06-02 00:00:00,87.96422903017859,90.97398873047275,87.33834535563554,89.74983978271484,2145500,192558281.2538147
2022-06-03 00:00:00,89.0227298044283,89.3356682012493,86.58362344749885,88.23117065429688,1980900,174777125.94909668
2022-06-06 00:00:00,89.05032358794311,89.34485667706085,85.99454015501321,86.80450439453125,2877100,249745239.59350586
2022-06-07 00:00:00,85.8748852654351,86.62962671674735,84.64152317345312,85.0465087890625,3898300,331536805.21240234
2022-06-08 00:00:00,82.83750900598089,86.03135631010045,81.43847861032451,82.69023895263672,4520400,373792956.161499
2022-06-09 00:00:00,81.9170957146131,84.36540778866068,80.4996529910418,81.81584930419922,4250100,347725541.1277771
2022-06-10 00:00:00,81.55811521682506,85.08331246844676,80.36157083191168,80.73894500732422,3466100,279849257.2898865
2022-06-13 00:00:00,79.2754983149511,81.86187435871126,77.86726170148467,79.51480865478516,4311100,342796291.5916443
2022-06-14 00:00:00,80.4075964638806,87.22787996473592,80.4075964638806,85.82884979248047,5720500,490983935.2378845
2022-06-15 00:00:00,85.10174461729649,86.758497824498,83.0216004843043,84.74278259277344,4799900,406756882.1670532
2022-06-16 00:00:00,82.20241932067584,87.85377771563539,81.92629850354996,83.39896392822266,5236200,436693654.9209595
2022-06-17 00:00:00,80.87702723528488,83.20568062987455,79.43197313139588,80.01183319091797,8468100,677548204.6440125
2022-06-21 00:00:00,81.85265423879376,84.23653002871394,81.7882253531803,83.50940704345703,4391700,366748262.91275024
2022-06-22 00:00:00,80.70213354499667,82.99396907680863,80.2787427213598,81.53050994873047,4334800,353418454.52575684
2022-06-23 00:00:00,81.62256207827586,81.94470655372625,73.95548845144222,74.18559265136719,4906800,364013866.0217285
2022-06-24 00:00:00,75.0139742818347,78.37349723387075,73.98310486799804,76.68913269042969,8492100,651251783.720398
2022-06-27 00:00:00,77.77521687577787,80.38919712555133,77.05729292048015,79.91058349609375,2772700,221568074.85961914
2022-06-28 00:00:00,81.59494119243203,83.51860870904004,79.95660060338048,80.83099365234375,2411500,194923941.19262695
2022-06-29 00:00:00,81.18074848637247,82.00912490403383,78.43791070838732,79.49639129638672,2325800,184892706.87713623
2022-06-30 00:00:00,78.04213181087887,79.9197826968897,76.93762757204907,78.9073257446289,2825200,222928976.6937256
2022-07-01 00:00:00,78.08815554761951,80.28795809263185,76.54186211235356,78.4931411743164,2304000,180848197.265625
2022-07-05 00:00:00,75.95279030951295,78.18020427493215,75.29009612035306,76.90082550048828,3560400,273797699.1119385
2022-07-06 00:00:00,76.47742134302337,77.79361752402752,73.36641537984185,76.93762969970703,3250300,250070377.81295776
2022-07-07 00:00:00,79.04538787966091,80.09466241179011,77.67396888981177,77.89486694335938,2752600,214413410.74829102
2022-07-08 00:00:00,78.93493235775549,79.32150565801516,76.1644763281179,79.15583038330078,2599800,205789327.83050537
2022-07-11 00:00:00,77.54509795033135,80.03021994222495,77.54509795033135,79.46876525878906,2307500,183374175.83465576
2022-07-12 00:00:00,78.52995181498369,80.65611212461742,77.78441654219722,78.61279296875,2248000,176721558.59375
2022-07-13 00:00:00,78.05133837657456,80.24192757795069,77.44385998851794,78.7324447631836,1800100,141726273.8182068
2022-07-14 00:00:00,75.78709713120894,76.47740955987553,72.87858441664875,74.23159790039062,3470900,257650453.15246582
2022-07-15 00:00:00,75.2440808127457,78.07896652136078,74.4341164769515,77.82125091552734,2430300,189128986.1000061
2022-07-18 00:00:00,78.3550820289205,79.97501761220137,74.00151436552103,76.97445678710938,4474300,344406812.0025635
2022-07-19 00:00:00,76.98364940151056,80.72053881928419,76.75354523495362,79.99341583251953,2563000,205023124.77874756
2022-07-20 00:00:00,78.78767903488871,79.6252617186375,77.5635229688973,78.77847290039062,1708800,134616654.4921875
2022-07-21 00:00:00,77.2137543301211,78.6588082294716,76.75354599246526,78.52074432373047,1748400,137285669.37561035
2022-07-22 00:00:00,78.73246192654646,80.3984142569638,77.79363276256561,78.06055450439453,1916400,149595246.65222168
2022-07-25 00:00:00,78.9993780271115,83.15045286510386,78.58518624120627,83.09523010253906,1979700,164503627.03399658
2022-07-26 00:00:00,84.28256682718829,84.97287943318433,82.40491569621229,83.20568084716797,1766900,147016117.48886108
2022-07-27 00:00:00,83.29771840543312,87.78015064210136,82.21162632655071,87.09903717041016,2853800,248563232.2769165
2022-07-28 00:00:00,87.79855454778907,89.54734780366641,86.21543659030479,86.47315216064453,2189900,189367555.91659546
2022-07-29 00:00:00,87.72491156965167,88.38761270315439,86.27065855137843,87.89058685302734,1856100,163133718.25790405
2022-08-01 00:00:00,87.47641248742973,87.69731055061331,84.94526631715303,86.92416381835938,2251200,195683677.58789062
2022-08-02 00:00:00,86.47313316142649,93.21978824391131,86.47313316142649,90.35729217529297,3898700,352275975.0038147
2022-08-03 00:00:00,92.04168017344514,94.07580046261153,88.7465863379023,89.20679473876953,2750100,245327606.2110901
2022-08-04 00:00:00,88.82023144370324,92.61235162505152,86.90576259357263,91.16729736328125,2349400,214188448.42529297
2022-08-05 00:00:00,90.62423358631526,92.8056238412775,90.4953758013527,92.08769989013672,1648700,151824990.8088684
2022-08-08 00:00:00,92.72278269519644,94.24147175788337,90.76229751892001,91.5262451171875,2122400,194255302.63671875
2022-08-09 00:00:00,92.2533777539564,94.69247662445585,92.05088493703431,94.43476104736328,2184600,206302178.98406982
2022-08-10 00:00:00,96.8554614000688,96.8554614000688,93.19219950505504,94.16783905029297,1802700,169756363.45596313
2022-08-11 00:00:00,95.14347731280328,96.17433952806141,93.9193214099621,94.22306060791016,1331600,125467427.50549316
2022-08-12 00:00:00,93.70559721788932,96.69020098211703,93.32674270026705,96.57931518554688,1172200,113210273.26049805
2022-08-15 00:00:00,93.74257133995755,95.18405879214843,92.22716705798365,94.83292388916016,2273000,215555236.00006104
2022-08-16 00:00:00,95.84010044681605,97.4848677028443,95.27644330180395,95.3873291015625,1465600,139799669.53125
2022-08-17 00:00:00,95.03620469608056,97.54956003511222,94.62039523842152,95.7292251586914,1841800,176314086.89727783
2022-08-18 00:00:00,96.46844848724432,96.98590150299732,94.06597899297432,94.5926742553711,1137100,107561329.89578247
2022-08-19 00:00:00,94.25078461135644,95.92327176863193,93.04954630130416,95.63682556152344,1478100,141360791.8624878
2022-08-22 00:00:00,95.29493207707398,98.88016248154855,95.29493207707398,97.61424255371094,1905600,186013700.61035156
2022-08-23 00:00:00,98.8709311471125,102.52083653310275,98.64916654651239,100.76519012451172,2090400,210639553.4362793
2022-08-24 00:00:00,100.88530123007018,104.29496423428724,100.81137735388087,103.95307159423828,3041300,316152476.6395569
2022-08-25 00:00:00,106.28162247250755,108.6378950299803,106.00441849794964,108.4808120727539,4175800,452994175.05340576
2022-08-26 00:00:00,109.03522678770382,110.51366913080359,107.75082934122003,109.35863494873047,2570800,281139178.7261963
2022-08-29 00:00:00,107.18717179264524,107.81551066790324,103.88839445998305,104.72925567626953,2995500,313716485.3782654
2022-08-30 00:00:00,102.93664853001576,103.12145118070063,97.19843951408875,97.9468994140625,3745600,366869906.4453125
2022-08-31 00:00:00,96.64400942915792,97.1984314346658,94.57419030450603,95.59986114501953,3539800,338404388.48114014
2022-09-01 00:00:00,94.49102954359681,95.17480774178708,92.6152553345129,94.63887023925781,2319500,219514859.5199585
2022-09-02 00:00:00,96.40375895525497,98.96331118374495,94.56493976120107,98.74154663085938,3288500,324711576.09558105
2022-09-06 00:00:00,98.90789418567093,100.07217068882933,94.99001996603091,95.10089874267578,3239300,308060341.29714966
2022-09-07 00:00:00,93.3637063115352,95.10087485710311,92.4489213851247,94.55570220947266,2411900,228058898.1590271
2022-09-08 00:00:00,94.84216749164051,95.58139219818595,93.24360410965718,94.67584228515625,1570500,148688410.3088379
2022-09-09 00:00:00,96.86577140461681,97.7251169678513,95.58137418265325,95.80313873291016,1524200,146023144.05670166
2022-09-12 00:00:00,95.87706906850644,95.87706906850644,89.68608228724189,91.92223358154297,4037700,371154402.53219604
2022-09-13 00:00:00,91.04441679266543,95.1193809299291,90.80416769948343,92.54134368896484,2894300,267842411.03897095
2022-09-14 00:00:00,92.74463919326278,95.87709173540473,92.13477768251722,95.25798797607422,2778600,264683845.39031982
2022-09-15 00:00:00,94.15836207402765,94.76821628879921,91.94069564352681,93.4376220703125,1992400,186165118.21289062
2022-09-16 00:00:00,91.88527471175998,92.31032641335094,88.06903754461244,91.09984588623047,7463000,679878149.848938
2022-09-19 00:00:00,89.00230411809126,95.76618328178782,88.53104824835002,95.60910034179688,2840200,271548966.7907715
2022-09-20 00:00:00,94.5834340271167,97.54956078388638,92.52285006723885,96.38528442382812,2851200,274813722.94921875
2022-09-21 00:00:00,97.90067183014233,98.45509374923932,93.94583683255335,93.97355651855469,1871200,175843318.95751953
2022-09-22 00:00:00,95.2856972388953,96.41300461746958,93.69636916285545,93.81649017333984,1466400,137572501.19018555
2022-09-23 00:00:00,91.01669596053702,91.70047424051833,85.31544877860844,86.6645278930664,3227200,279683764.4165039
2022-09-26 00:00:00,85.56492878986778,88.58650208712737,83.39346598848701,83.49510955810547,2755600,230079123.89831543
2022-09-27 00:00:00,84.80721935086889,89.76000594412186,84.80721935086889,88.58649444580078,3452400,305836013.4246826
2022-09-28 00:00:00,89.02076852264186,92.87396693475438,88.22611169267515,92.59675598144531,2876900,266391607.28302002
2022-09-29 00:00:00,91.08137177574802,91.74667256772213,88.66965992972635,89.68608856201172,2258800,202582936.84387207
2022-09-30 00:00:00,89.15014379031096,90.59162390870041,87.72714111328415,88.93761444091797,2670100,237472324.31869507
2022-10-03 00:00:00,93.36372517093066,93.66865589125253,91.13681585252884,92.67994689941406,3186200,295296846.8109131
2022-10-04 00:00:00,94.49102841001294,97.41095084953142,94.25077935145643,97.07830047607422,2923500,283808411.441803
2022-10-05 00:00:00,95.95097625117127,97.1060101932343,93.82571802763593,94.75898742675781,1767900,167524413.87176514
2022-10-06 00:00:00,94.2785053067993,99.55470040067308,94.2785053067993,97.6974105834961,2751300,268794885.7383728
2022-10-07 00:00:00,97.5680337942661,98.325742905884,95.35960923412796,96.83805847167969,1928700,186771563.3743286
2022-10-10 00:00:00,97.70665538581986,100.05368582980412,95.89556252623973,98.43663787841797,2184500,215034835.44540405
2022-10-11 00:00:00,97.36476876223264,98.64916627219812,94.71280761120197,95.01773834228516,2056900,195441985.99624634
2022-10-12 00:00:00,94.31545129110782,95.44276554652417,91.9037398560988,94.75898742675781,1740200,164899589.92004395
2022-10-13 00:00:00,94.41709052511911,99.240513174604,93.21585246038863,98.89862060546875,1939700,191833654.38842773
2022-10-14 00:00:00,100.08139385555747,100.08139385555747,89.83393455939522,90.59163665771484,3243500,293833973.4992981
2022-10-17 00:00:00,91.98690137140987,93.48382077370678,90.64705783567624,91.3677978515625,2324700,212402719.66552734
2022-10-18 00:00:00,93.50231894095694,96.00643192260044,92.116278076963,92.6244888305664,3414900,316303366.9075012
2022-10-19 00:00:00,92.13475836349338,95.49821706661102,92.13475836349338,93.01258850097656,2103100,195614774.8764038
2022-10-20 00:00:00,94.62964849648104,97.60501077370348,93.28980454966533,96.4869384765625,3011000,290522171.7529297
2022-10-21 00:00:00,96.84729218760549,99.57317675911726,94.43558054168894,99.21280670166016,2654100,263320710.26687622
2022-10-24 00:00:00,99.12040102449585,99.3698923324308,95.22101191121814,96.21895599365234,2181900,209940140.08255005
2022-10-25 00:00:00,96.09884011948043,99.70254803391472,95.68303065040948,99.51773834228516,1962300,195283657.94906616
2022-10-26 00:00:00,100.02595495274672,100.83909643661671,97.17071398740723,97.32779693603516,1833900,178489446.80099487
2022-10-27 00:00:00,98.307261640375,99.96127131561501,97.89145218476823,98.82471466064453,2161800,213639268.15338135
2022-10-28 00:00:00,98.86168049742253,102.18817742279809,96.02491692122963,97.65120697021484,2783500,271812134.601593
2022-10-31 00:00:00,98.03930128666299,101.55060806742974,96.75490382285662,98.18714904785156,3382300,332098394.22454834
2022-11-01 00:00:00,99.79493292148759,100.2569464998278,97.12449500266254,99.6101303100586,1829000,182186928.33709717
2022-11-02 00:00:00,97.94689284638316,99.28672959843091,94.11217817876441,95.33189392089844,3706200,353319065.2496338
2022-11-03 00:00:00,90.0926597379139,98.82471470798886,88.18916579835165,97.24462890625,5399800,525101547.16796875
2022-11-04 00:00:00,99.88733261469264,102.3729678819624,96.90272889466605,97.37397766113281,2441800,237767778.6529541
2022-11-07 00:00:00,97.33703140515615,97.66044659667199,94.96228155037221,96.38528442382812,2130700,205368125.5218506
2022-11-08 00:00:00,96.47769501914462,101.07010483747109,96.2004840056677,100.39556884765625,1908200,191574824.47509766
2022-11-09 00:00:00,98.7692712582293,101.09782385416743,96.2281963446632,96.70869445800781,1975200,191019013.29345703
2022-11-10 00:00:00,98.55675422659289,101.29187416155447,96.17276212423984,100.24771881103516,2379200,238509372.59521484
2022-11-11 00:00:00,101.06085722674041,103.89762044383252,94.30621361260644,95.00847625732422,5020900,477028058.44039917
2022-11-14 00:00:00,94.86933944048494,100.50936854425241,94.77657724730686,99.96206665039062,3169500,316829770.2484131
2022-11-15 00:00:00,101.11231680105229,101.34422578454094,95.40735439177134,99.1735610961914,3457400,342882670.13397217
2022-11-16 00:00:00,97.80068417550083,98.36654281978775,94.49830159098245,95.26823425292969,1988400,189431356.9885254
2022-11-17 00:00:00,93.82110316729018,95.65782553572497,93.02333565221558,94.76729583740234,1608900,152471102.27279663
2022-11-18 00:00:00,94.31275918022378,95.41664838747772,91.07531122120798,94.00663757324219,1705400,160318919.71740723
2022-11-21 00:00:00,92.99551306287944,96.41849231716225,91.68754284863105,95.3331527709961,2007400,191371770.87249756
2022-11-22 00:00:00,97.16058682703297,101.84515117679815,97.1327588810713,101.74311065673828,3093100,314701615.5723572
2022-11-23 00:00:00,100.18468862079834,101.04739038923614,97.74500847350913,98.61698150634766,1714400,169068953.09448242
2022-11-25 00:00:00,98.65408146945957,101.83587304822883,98.49638505714725,100.75981903076172,1044400,105233554.99572754
2022-11-28 00:00:00,99.55389499996178,101.12160210096684,96.79881495415093,96.84519958496094,2407000,233106395.40100098
2022-11-29 00:00:00,98.56131553920494,100.3052685039764,97.52236077110473,98.7004623413086,2055800,202908410.4812622
2022-11-30 00:00:00,99.67447572723081,101.11231421906425,95.92683287777787,100.36093139648438,8646900,867810937.6922607
2022-12-01 00:00:00,100.74125563256497,100.74125563256497,96.05669866262345,96.14018249511719,2446000,235158886.38305664
2022-12-02 00:00:00,96.09381060440953,98.36652306880069,95.48157451975428,96.83592224121094,1784400,172794019.6472168
2022-12-05 00:00:00,99.25705897762136,100.99174096739524,95.3053273581763,95.99178314208984,2578100,247476416.11862183
2022-12-06 00:00:00,96.05670877932249,97.05855026126213,93.33873506862236,94.1550521850586,1557900,146684155.79910278
2022-12-07 00:00:00,93.60776390560575,94.76730905113766,92.50387466232274,93.24597930908203,2893200,269779267.33703613
2022-12-08 00:00:00,95.01775810581186,95.55578869762957,92.7543239452692,92.89347076416016,1578700,146650922.29537964
2022-12-09 00:00:00,92.55024083260002,93.80255509750718,91.51129303952878,91.55767059326172,1387400,127027112.18109131
2022-12-12 00:00:00,91.50201370065243,92.06787222205519,90.14766600137237,91.56694793701172,2606900,238705876.57699585
2022-12-13 00:00:00,93.22742959677858,93.75618189945926,90.65788067115881,90.73208618164062,1971400,178869234.69848633
2022-12-14 00:00:00,90.97325548965243,91.16805818592829,86.2701416015625,86.2701416015625,3514500,303196412.6586914
2022-12-15 00:00:00,86.03824481003494,88.34805662436881,85.82488540161465,87.70799255371094,2696200,236478289.52331543
2022-12-16 00:00:00,86.58554001488886,88.39443444397125,85.95475433512998,88.19035339355469,4982500,439408435.78338623
2022-12-19 00:00:00,88.4315525803268,89.30352571624432,85.37035056856206,86.01042175292969,2250500,193566454.15496826
2022-12-20 00:00:00,86.73396510100568,87.58738851360773,85.79705076907247,86.78034973144531,1511100,131133786.47918701
2022-12-21 00:00:00,87.01225307897953,87.42040807568114,85.34250557378954,86.76178741455078,1671900,145057032.37838745
2022-12-22 00:00:00,86.58554879410565,86.58554879410565,81.92881876048739,83.39448547363281,2950100,246022071.59576416
2022-12-23 00:00:00,84.11801965052152,84.81374654206951,83.48722698575934,84.17367553710938,1500100,126268930.67321777
2022-12-27 00:00:00,84.18296477231526,84.55402057795644,80.90841091133603,81.26091003417969,2532200,205768876.3885498
2022-12-28 00:00:00,80.70432993341907,81.61341630415272,79.62826880386909,80.09208679199219,2085900,167064083.8394165
2022-12-29 00:00:00,80.03643544172235,80.9918994191283,78.98820927688595,79.32215881347656,2154200,170875794.5159912
2022-12-30 00:00:00,79.1737155746471,79.73029564945155,78.35739860342056,79.0345687866211,1673400,132256447.40753174
2023-01-03 00:00:00,78.56148762551479,78.8397741526407,75.40752411031865,76.01976013183594,6213200,472325973.65112305
2023-01-04 00:00:00,75.71364656905308,76.69693838251466,74.50771703845645,76.44647979736328,4831600,369358811.7889404
2023-01-05 00:00:00,76.1681957052999,78.2832047412082,75.73220563473434,77.71734619140625,3301900,256614905.3894043
2023-01-06 00:00:00,77.82866905623581,79.544794400435,76.67840229086524,78.30176544189453,2961600,231898508.53271484
2023-01-09 00:00:00,78.63569986815821,80.26834119448363,77.93997287468613,79.77669525146484,3717200,296545931.5887451
2023-01-10 00:00:00,80.41675291479712,80.69503941931144,76.44647266774113,76.9937744140625,3567500,274675290.22216797
2023-01-11 00:00:00,77.24424953213004,78.66353861082797,76.53925124108025,77.96781158447266,2817000,219635325.23345947
2023-01-12 00:00:00,78.05130136868199,80.2590727524552,77.28136170238604,80.06427001953125,2924300,234131944.81811523
2023-01-13 00:00:00,79.15517551372677,80.78780965297851,78.57076034903169,80.62084197998047,2072600,167094757.08770752
2023-01-17 00:00:00,81.03828076581162,81.70617981191297,79.75814564565134,79.77669525146484,2764200,220518741.01409912
2023-01-18 00:00:00,80.47241964321694,81.05682775101089,78.06056755928384,78.50582885742188,2650200,208056147.63793945
2023-01-19 00:00:00,79.22010902932605,79.60971441739952,77.2627966708088,79.21083068847656,2256300,178723397.28240967
2023-01-20 00:00:00,78.8026729929603,80.25906118595411,78.01418383219564,80.22196197509766,1700300,136401401.94625854
2023-01-23 00:00:00,80.50952248211642,80.8805782662035,78.6542506389815,79.3314208984375,2410400,191220456.93359375
2023-01-24 00:00:00,78.84904425084629,79.77668006556213,76.83607623146483,78.79338836669922,2632900,207455112.23068237
2023-01-25 00:00:00,78.02347800331614,78.79341771486142,76.69695801109198,77.69880676269531,2683300,208489208.18634033
2023-01-26 00:00:00,78.28321269099628,78.97893979068682,76.86393053999589,78.94183349609375,2834500,223760627.04467773
2023-01-27 00:00:00,78.58002937168446,79.48911558824076,77.00305131043535,77.06798553466797,2923900,225339082.90481567
2023-01-30 00:00:00,76.31662367591962,77.61531571379291,75.88991189211737,76.71550750732422,2546100,195325353.6643982
2023-01-31 00:00:00,76.69695601224514,78.70064638593016,76.52998122466289,78.5707778930664,2171900,170647872.50595093
2023-02-01 00:00:00,77.93070810233702,80.38894509951183,77.28135860795604,79.10880279541016,2421500,191561965.9690857
2023-02-02 00:00:00,79.01603126975769,80.69505009079117,78.28319801288045,78.87688446044922,3237400,255356025.7522583
2023-02-03 00:00:00,78.76558341087909,80.31473397499308,78.52439604702309,79.7117691040039,2393900,190822004.05807495
2023-02-06 00:00:00,79.89729402375261,80.3332841191842,79.02532091019116,79.76742553710938,2104200,167846616.81518555
2023-02-07 00:00:00,79.85091120569251,80.20341034946156,76.78043113210728,78.15333557128906,2990800,233740996.02661133
2023-02-08 00:00:00,78.4594494145725,78.94181698881198,77.34628204145743,78.0327377319336,1802100,140622796.66671753
2023-02-09 00:00:00,78.80267422068792,80.94551816202494,78.524387671124,80.51880645751953,3077600,247804678.7536621
2023-02-10 00:00:00,80.68579014269274,84.62824352130725,80.68579014269274,83.94178771972656,4156800,348929223.1933594
2023-02-13 00:00:00,82.83789015886018,83.12545502818521,80.39820316944972,80.56517791748047,3286100,264745231.15463257
2023-02-14 00:00:00,80.08058977622875,80.35084980495678,78.6547407809085,79.70781707763672,2117900,168813185.7887268
2023-02-15 00:00:00,78.68268559068737,79.26979770290471,77.78803551538375,79.22320556640625,2440900,193375922.46704102
2023-02-16 00:00:00,77.64824978231395,82.78317565535959,76.69768623925069,79.5027847290039,4259400,338634161.27471924
2023-02-17 00:00:00,78.3658542362907,80.21107556123096,76.42744860520159,76.74430084228516,3330400,255589219.52514648
2023-02-21 00:00:00,75.60731907701803,78.47765913719277,75.57936237351743,77.79735565185547,3523400,274111202.90374756
2023-02-22 00:00:00,78.9063516413964,80.73292989013596,78.32856076161947,79.58666229248047,3690400,293706618.5241699
2023-02-23 00:00:00,78.86907078726799,80.82612544172953,78.28195865695773,80.40675354003906,2489800,200196734.96398926
2023-02-24 00:00:00,79.98740080211564,80.12719145707825,78.00238914375234,79.76373291015625,2260300,180289965.49682617
2023-02-27 00:00:00,79.76374324243977,80.59316600664528,78.86909288885685,79.48416900634766,2810700,223406153.82614136
2023-02-28 00:00:00,79.69848088804673,81.52506605826788,79.53073356057934,80.04329681396484,3417600,273555971.19140625
2023-03-01 00:00:00,79.95011691945591,80.76089697036149,79.11138016163073,79.35368347167969,2164900,171792789.34783936
2023-03-02 00:00:00,78.69202693551297,81.03116181979938,77.57370872357717,80.96592712402344,2800200,226720789.13269043
2023-03-03 00:00:00,80.82612824357895,81.4784750776485,79.7916874709492,80.29492950439453,2219000,178174448.57025146
2023-03-06 00:00:00,79.73577179607386,80.42540375977701,78.72929477805286,80.15514373779297,1940900,155573118.48068237
2023-03-07 00:00:00,79.37232104567312,79.37232104567312,77.09842113100356,77.52710723876953,2227000,172652867.82073975
2023-03-08 00:00:00,77.61097768740399,78.92499983393569,77.1636561426618,78.53358459472656,2046100,160687567.43927002
2023-03-09 00:00:00,78.72930003706315,79.16730033293548,75.55142135839642,75.58869934082031,2288200,172962061.83166504
2023-03-10 00:00:00,75.25320559501887,76.20376927411368,72.90474955192991,73.12841033935547,2905500,212474596.2409973
2023-03-13 00:00:00,71.74913730313533,71.85164995561661,69.95051591420923,70.1182632446289,3494300,245014247.2557068
2023-03-14 00:00:00,70.93836413258298,72.38284831161673,68.98130958349434,69.5311508178711,3367600,234153103.4942627
2023-03-15 00:00:00,68.12394875998328,68.89745085833803,65.87800553602342,67.54615783691406,3833900,258965214.53094482
2023-03-16 00:00:00,66.79129033253544,68.55263400753809,65.94323939385342,68.086669921875,3746800,255107134.86328125
2023-03-17 00:00:00,67.84435416101654,68.30099684252971,65.9152636868169,66.10164642333984,7624500,503992003.15475464
2023-03-20 00:00:00,67.47159407520836,68.57126948848834,65.7941206956128,67.63002014160156,3539600,239383219.2932129
2023-03-21 00:00:00,69.4752359087858,70.4910340256831,69.07450658054961,69.60570526123047,2363000,164478281.5322876
2023-03-22 00:00:00,69.6895900987593,69.86665873309352,66.28805072525546,66.3439712524414,2481500,164632564.66293335
2023-03-23 00:00:00,66.80061747190193,67.40637225847458,64.25645021231612,65.23497772216797,4168700,271945051.6304016
2023-03-24 00:00:00,64.61057541813908,64.8435574378698,63.32451011879534,64.5826187133789,3389800,218922160.91461182
2023-03-27 00:00:00,65.93392301148123,66.20418305441605,63.40839833308115,65.10450744628906,2879600,187474939.64233398
2023-03-28 00:00:00,65.23496245397473,66.54898439622718,64.86218981794268,65.48657989501953,1744300,114228241.31088257
2023-03-29 00:00:00,66.72604879101216,68.52467026132369,66.28804145787224,67.37840270996094,2876100,193787024.03411865
2023-03-30 00:00:00,68.31964162055277,68.31964162055277,66.6421754321764,66.98698425292969,2188700,146614412.4343872
2023-03-31 00:00:00,67.11745835544971,67.95619506398349,66.76332823853417,67.55546569824219,2596800,175428033.3251953
2023-04-03 00:00:00,68.72969205704099,69.14905682557378,67.1733739568724,68.65513610839844,3085800,211856019.0032959
2023-04-04 00:00:00,68.01212723993501,68.04939811332625,66.40920950227516,67.90961456298828,2136400,145082100.55236816
2023-04-05 00:00:00,67.24794240436643,68.31033998481924,66.49307572664097,68.17987060546875,3212100,219000562.37182617
2023-04-06 00:00:00,67.8443684036973,67.85368256544683,66.43715498437979,66.5955810546875,2295800,152890134.98535156
2023-04-10 00:00:00,67.8630055004202,70.47240708376214,67.8630055004202,68.69242095947266,2204600,151439311.24725342
2023-04-11 00:00:00,68.92539504509958,72.91404580642056,68.92539504509958,72.28033447265625,4724000,341452300.0488281
2023-04-12 00:00:00,72.12192247133476,72.60652911455702,70.7333514510381,71.81438446044922,2345400,168433457.3135376
2023-04-13 00:00:00,71.59072051808681,72.5599266516178,71.03156504760096,71.79574584960938,2209200,158611161.73095703
2023-04-14 00:00:00,72.55991817965909,73.30546345995681,71.31113090166744,71.83301544189453,1419200,101945415.51513672
2023-04-17 00:00:00,71.78642950781403,72.99793903545066,71.74915152588157,72.69972229003906,1950800,141822618.2434082
2023-04-18 00:00:00,72.03805537035927,72.2244381732387,69.07452330026834,69.95053100585938,3019600,211222623.42529297
2023-04-19 00:00:00,69.26090850977741,70.01576813073099,67.6952687370248,69.33546447753906,2009700,139343482.96051025
2023-04-20 00:00:00,68.46876575664359,69.66163271094236,68.11462849142822,69.39137268066406,1735500,120428727.28729248
2023-04-21 00:00:00,69.02791809317317,69.46592546322928,68.26373729117556,69.37273406982422,2048500,142110045.7420349
2023-04-24 00:00:00,69.44727937221255,69.89460799178072,68.87880976845615,69.52183532714844,1432700,99603933.47320557
2023-04-25 00:00:00,68.40352727176455,68.92540475780088,67.28520923162561,67.40636444091797,1656900,111685605.24215698
2023-04-26 00:00:00,67.27590954115824,68.05872593860471,66.48376475939341,66.6515121459961,1652900,110168284.42611694
2023-04-27 00:00:00,66.9683527871827,67.12677885529303,64.8156011850744,65.33747863769531,2323600,151818165.36254883
2023-04-28 00:00:00,64.69445208203369,66.77265503684812,63.99550595208074,66.7074203491211,2584900,172432010.86044312
2023-05-01 00:00:00,66.91244729364765,67.2572561756176,65.73821577628088,67.05223083496094,2665700,178741131.73675537
2023-05-02 00:00:00,67.3504332366994,69.67093906921836,64.59192721788678,69.01858520507812,5104900,352332975.6134033
2023-05-03 00:00:00,70.1182707720824,70.98496422061896,68.8135699632035,68.82289123535156,2806200,193130797.38464355
2023-05-04 00:00:00,68.45946108883264,68.9347465752964,64.97405077821413,65.30022430419922,2973100,194144096.8788147
2023-05-05 00:00:00,66.45580119732037,66.45580119732037,64.11666641028582,64.89948272705078,3319400,215427342.96417236
2023-05-08 00:00:00,66.07369896653651,66.57694095759888,62.75603033398242,62.979698181152344,2918500,183806249.14169312
2023-05-09 00:00:00,62.50442558143981,63.44567507671876,61.74024472360242,63.1754150390625,3053000,192874542.1142578
2023-05-10 00:00:00,64.28441189874712,64.38691746194962,62.085060725449665,63.1754150390625,2303100,145499298.37646484
2023-05-11 00:00:00,59.96957886873643,62.76536349767564,59.466340337345606,62.606937408447266,4541000,284298102.77175903
2023-05-12 00:00:00,63.00068491975868,63.450692979638376,61.53817124226173,62.372554779052734,1975200,123198270.19958496
2023-05-15 00:00:00,62.813188908862806,63.46007329243933,62.30693249814672,63.08506774902344,3148100,198598101.78070068
2023-05-16 00:00:00,62.51318242277063,63.04756296776748,60.83503825274727,60.87253952026367,2673400,162736647.1534729
2023-05-17 00:00:00,60.366283797395,61.256915664576944,59.653777588385886,60.1131591796875,3773300,226824983.53271484
2023-05-18 00:00:00,60.610035579353756,61.697543686938445,59.485022629309235,61.60379409790039,2600800,160219147.68981934
2023-05-19 00:00:00,61.98818627906036,63.103818720287244,61.84755829748022,62.08193588256836,2543800,157924028.4980774
2023-05-22 00:00:00,62.3350554282569,63.43194787274647,61.144420540563786,62.85068893432617,2321200,145889019.1543579
2023-05-23 00:00:00,62.5038058255821,63.48819443613869,61.6600451811958,63.27256393432617,1894200,119850890.60440063
2023-05-24 00:00:00,63.50694303743062,63.61006973828656,61.50067165236422,61.65067672729492,1619400,99837105.8921814
2023-05-25 00:00:00,60.947542033762055,61.53817090350712,59.85065320535975,59.86940383911133,1984600,118816818.85910034
2023-05-26 00:00:00,60.291276028077164,60.619410305789515,58.641259722045895,58.92251205444336,2167700,127726329.38041687
2023-05-30 00:00:00,58.40688476734922,58.66001295060533,56.66311522246329,58.135005950927734,3242000,188473689.2929077
2023-05-31 00:00:00,57.694379874764344,58.66939136319281,56.8224950828855,57.66625213623047,5287600,304916074.7955322
2023-06-01 00:00:00,58.12563284616366,58.12563284616366,56.32561496497944,56.475616455078125,3296300,186160574.52087402
2023-06-02 00:00:00,57.356875154636,59.69127358378176,57.13187112979034,58.97876739501953,2780200,163972769.1116333
2023-06-05 00:00:00,59.82252904289123,61.12566411360778,59.59752501418999,59.86940383911133,2195100,131419328.36723328
2023-06-06 00:00:00,58.64126677010008,62.653813164224154,58.3693879330347,62.54130935668945,2933200,183446168.6050415
2023-06-07 00:00:00,63.216321733625314,65.30697291323324,62.90694160860346,64.14445495605469,3012100,193209512.77313232
2023-06-08 00:00:00,63.713181319527195,64.61319009762562,61.64128499401405,63.15067672729492,2484400,156891541.2612915
2023-06-09 00:00:00,63.36631006345599,64.61320032795997,62.34442739357797,63.72256851196289,2021500,128815172.24693298
2023-06-12 00:00:00,63.16006902326689,64.08820218133987,63.038188111332154,63.853824615478516,2020600,129023038.01803589
2023-06-13 00:00:00,65.02571204376677,65.49446717259863,64.3507035138272,65.1100845336914,2002100,130356900.24490356
2023-06-14 00:00:00,65.15696657087538,65.47571664313668,62.78506663005521,63.563201904296875,2064000,131194448.73046875
2023-06-15 00:00:00,63.93819784732103,66.2163481000152,63.93819784732103,65.70072174072266,3237400,212699516.56341553
2023-06-16 00:00:00,66.46947103717797,67.2194748652772,65.39133293461083,66.81634521484375,5874200,392492575.06103516
2023-06-20 00:00:00,66.37572558535724,67.35072990732742,65.89759337655447,67.266357421875,3625800,243894358.74023438
2023-06-21 00:00:00,67.15385510561498,68.91637891322569,67.15385510561498,68.35387420654297,2834700,193762727.21328735
2023-06-22 00:00:00,67.87575509160295,67.9601275952088,66.15073221841443,66.77886962890625,2339800,156249199.15771484
2023-06-23 00:00:00,66.02885255091984,66.92886160562666,64.83821758397617,66.15072631835938,5900100,390295900.35095215
2023-06-26 00:00:00,66.43197489115768,66.67572955157165,65.19446168444613,65.64446258544922,1718900,112836266.73812866
2023-06-27 00:00:00,65.32572436377568,65.81322662018026,63.366323926231104,65.69135284423828,1924600,126429577.684021
2023-06-28 00:00:00,65.75697861010578,65.85072821918824,63.77883110212797,63.985084533691406,1705000,109094569.12994385
2023-06-29 00:00:00,64.32257110857826,65.97259095337992,64.06943936596801,65.92571258544922,1838200,121184644.87457275
2023-06-30 00:00:00,66.31009038184744,66.90071915085296,64.72569607509664,65.08194732666016,2095300,136366204.23355103
2023-07-03 00:00:00,65.01632644863246,66.40384459595259,64.68819933182407,66.02883911132812,983700,64952569.03381348
2023-07-05 00:00:00,65.41947820055996,66.05698559406855,64.7819708070514,65.73823547363281,2108100,138582774.20196533
2023-07-06 00:00:00,65.1850814004252,65.25070682664742,63.722567814538635,64.88507843017578,1743000,113094691.70379639
2023-07-07 00:00:00,64.61320952798017,68.17575160449498,64.22883401620916,67.36011505126953,2821100,190029620.57113647
2023-07-10 00:00:00,65.80384680504453,67.48199101261284,65.39134000577049,65.71946716308594,2229900,146547839.82696533
2023-07-11 00:00:00,66.41321232092186,68.3069867361015,65.71007974306133,68.26948547363281,2500800,170728329.27246094
2023-07-12 00:00:00,68.99137760015753,69.34763608180829,67.62261345903373,67.70699310302734,2257100,152821454.13284302
2023-07-13 00:00:00,67.50073075055707,69.65700695503156,67.50073075055707,69.32887268066406,2754000,190931715.36254883
2023-07-14 00:00:00,69.58200417196902,69.84450586839512,68.53199023362987,69.13199615478516,2637500,182335639.85824585
2023-07-17 00:00:00,69.5820060663253,69.74138107883228,69.04762555472813,69.31012725830078,1840900,127593013.26980591
2023-07-18 00:00:00,69.31013759122737,73.05080173007505,69.03825874267048,71.57891082763672,3534900,253024291.88461304
2023-07-19 00:00:00,72.057042745181,74.78519401830758,72.00079441562251,73.3883056640625,3765100,276314309.6557617
2023-07-20 00:00:00,74.4851761463505,74.813310410341,72.97578428147868,74.08204650878906,1679100,124391164.29290771
2023-07-21 00:00:00,73.92269318490978,74.61644887418703,73.00393700366307,74.10082244873047,1692400,125408231.91223145
2023-07-24 00:00:00,74.91643545398844,76.43519723687771,74.85080288052096,75.51644134521484,2157400,162919170.5581665
2023-07-25 00:00:00,75.8352069373414,76.31333918893434,75.11332715975949,76.01333618164062,1934000,147009792.17529297
2023-07-26 00:00:00,75.70395356805705,77.17584439157204,75.47895310817789,76.54771423339844,2285500,174949800.88043213
2023-07-27 00:00:00,76.72584094488333,77.44772789477761,76.29458705718368,76.38834381103516,2125400,162355785.93597412
2023-07-28 00:00:00,76.92271930484549,76.97896763131747,75.21645092638418,76.15396118164062,2051600,156237466.7602539
2023-07-31 00:00:00,75.6383280172994,77.02584634842249,75.6383280172994,76.95084381103516,1949400,150007974.92523193
2023-08-01 00:00:00,76.96020953178741,77.44771884536192,75.82582303856614,76.2008285522461,2380100,181365592.03720093
2023-08-02 00:00:00,75.60082186988218,76.98834011146499,74.44768833066821,75.61019897460938,2128300,160921186.47766113
2023-08-03 00:00:00,78.97586190006488,79.03211737917249,74.23206229731068,76.15396118164062,2852000,217191097.29003906
2023-08-04 00:00:00,76.46333306954145,78.93835953688597,76.11645885759351,76.163330078125,1925600,146660108.3984375
2023-08-07 00:00:00,75.93832967535025,76.12582886287716,74.7758189768853,75.46019744873047,1891800,142755601.5335083
2023-08-08 00:00:00,74.39143272619243,74.9820687281856,73.51017800451092,74.30706024169922,2588300,192328964.0235901
2023-08-09 00:00:00,76.18208304818249,78.01022512976454,75.76019915445444,77.58834838867188,2381600,184784410.52246094
2023-08-10 00:00:00,77.62585066989799,77.82272696182154,74.86019117256681,74.96331787109375,2499000,187333331.35986328
2023-08-11 00:00:00,74.96332288375991,75.61958438669033,74.61644149709801,74.89769744873047,2459400,184203397.1054077
2023-08-14 00:00:00,73.49377685339756,73.98373220275703,72.39137192586742,73.55030822753906,2209400,162502050.9979248
2023-08-15 00:00:00,72.79653200009376,74.63387359105691,72.48559505742965,72.69288635253906,2026100,147283057.0388794
2023-08-16 00:00:00,72.55155324395919,73.55031258565765,72.25004058295802,72.30657196044922,1655100,119674607.2517395
2023-08-17 00:00:00,72.75883889691697,74.2569777931419,72.75883889691697,73.3524398803711,1733300,127141784.04464722
2023-08-18 00:00:00,72.42905168259935,74.99190519322953,72.2971403691341,74.48310852050781,2636900,196404508.85772705
2023-08-21 00:00:00,74.77521015783384,75.30285550573798,74.26640620579968,74.5584945678711,1395000,104009099.92218018
2023-08-22 00:00:00,74.61503273245033,75.0861467015884,72.27830428252882,72.31599426269531,1715700,124072551.35650635
2023-08-23 00:00:00,71.99564105512937,71.99564105512937,69.7813996234152,70.10176086425781,2258000,158289776.03149414
2023-08-24 00:00:00,69.64007301742957,69.75313577360093,68.21730676369884,69.31028747558594,2350400,162906899.6826172
2023-08-25 00:00:00,69.70601701494034,69.93214967804329,68.9333904930965,69.3291244506836,1629100,112944076.64260864
2023-08-28 00:00:00,69.45161560275828,72.04274225151467,69.3950842307828,70.97802734375,1236600,87771428.61328125
2023-08-29 00:00:00,71.04398818057992,72.06159608200839,70.85553827922537,72.0427474975586,1129700,81386691.84799194
2023-08-30 00:00:00,71.8543153518746,72.48560643983673,70.77075162277812,72.33484649658203,1154500,83510580.28030396
2023-08-31 00:00:00,72.38194334204901,73.37128546263266,71.51509544301322,72.61750030517578,1948700,141509722.84469604
2023-09-01 00:00:00,73.49377806061193,74.85058857132283,73.49377806061193,74.63387298583984,1387600,103561962.15515137
2023-09-05 00:00:00,77.37577638004872,79.5617453472255,77.20617502963715,77.79035186767578,3300200,256723719.2337036
2023-09-06 00:00:00,77.44171990090301,77.66785260306597,75.3876626189646,76.3487319946289,2153500,164416994.35043335
2023-09-07 00:00:00,76.0472192124204,77.33807412968908,75.42535248526727,76.17913055419922,2941300,224065676.69906616
2023-09-08 00:00:00,76.86695959477659,79.01523821834532,76.63140260204091,78.90216827392578,3123200,246427251.953125
2023-09-11 00:00:00,79.33557819824216,80.32492026760507,76.99885727063422,77.09307861328125,2765900,213231746.1364746
2023-09-12 00:00:00,76.99887162243436,78.19549799320856,76.38642199813289,76.961181640625,1755400,135097658.25195312
2023-09-13 00:00:00,77.50767916462475,77.50767916462475,75.7739758646687,76.19798278808594,1094400,83391072.36328125
2023-09-14 00:00:00,77.18729812783901,79.4015319764271,76.56543153019469,79.10944366455078,2269700,179554704.2854309
2023-09-15 00:00:00,79.13771309220547,79.33558007302834,77.04596616832401,77.35690307617188,4109500,317898193.1915283
2023-09-18 00:00:00,78.09184961891427,78.18607816446836,75.7362797526371,76.56544494628906,1345800,103041775.80871582
2023-09-19 00:00:00,76.84812076462295,78.31800147414401,76.8104307783655,78.11071014404297,2287700,178693871.5965271
2023-09-20 00:00:00,78.4687330370674,80.98447963408239,78.29913173903111,78.8173599243164,3978600,313582748.19488525
2023-09-21 00:00:00,78.65719284218761,79.5994207971372,78.20492026081514,78.70429992675781,2089100,164421152.97698975
2023-09-22 00:00:00,78.96811626066683,80.11763542354815,78.71371789626225,79.34500885009766,2609700,207066669.59609985
2023-09-25 00:00:00,79.2884783535257,81.2765797758214,79.11887704583982,80.97506713867188,1932900,156516707.27233887
2023-09-26 00:00:00,80.88083392773939,82.82182815663145,79.81611906180738,80.21185302734375,2807000,225154671.4477539
2023-09-27 00:00:00,80.7395095109391,80.7395095109391,78.24260418585166,78.62891387939453,1760900,138457654.45022583
2023-09-28 00:00:00,78.77966819724307,81.1635034193153,78.48757987491685,81.00332641601562,2150800,174221954.4555664
2023-09-29 00:00:00,81.24831028448547,82.32244945331844,80.50394942386825,80.78661346435547,2231500,180275327.94570923
2023-10-02 00:00:00,80.55105039613991,80.55105039613991,78.28028519861286,78.87388610839844,2132800,168222224.2919922
2023-10-03 00:00:00,77.97879038264846,78.31799303377963,76.81042250047265,77.53594207763672,2162200,167648213.9602661
2023-10-04 00:00:00,77.65842490040554,78.79851984239359,76.3204629541348,77.28153228759766,2428900,187709113.77334595
2023-10-05 00:00:00,76.78215200003828,78.31798812660367,76.3204623271714,76.3675765991211,1877900,143410672.0954895
2023-10-06 00:00:00,75.92471983089521,77.20615024743057,75.2463146470085,76.23565673828125,1614300,123067220.67260742
2023-10-09 00:00:00,77.42286017834085,81.15408157612052,77.42286017834085,81.05986022949219,1998800,162022448.62670898
2023-10-10 00:00:00,81.17293172448223,82.7464505282757,79.78785561758052,80.4756851196289,2905000,233781865.27252197
2023-10-11 00:00:00,80.26840169789337,80.45684441323309,78.45931856293949,79.14714813232422,1831800,144981745.9487915
2023-10-12 00:00:00,79.54288363563109,80.3060931808797,78.88332693097567,80.12706756591797,1940000,155446511.07788086
2023-10-13 00:00:00,80.76777971420857,81.47445066524709,79.04350086840374,79.66537475585938,1423800,113427560.57739258
2023-10-16 00:00:00,80.32492638656691,80.32492638656691,78.82678751505986,79.44865417480469,1874200,148902667.65441895
2023-10-17 00:00:00,79.75017629815736,81.90787925247216,79.58057497283828,81.54983520507812,1871800,152644981.53686523
2023-10-18 00:00:00,81.13523793758847,81.7476874566707,78.81735836924314,79.8443832397461,2507600,200217775.4119873
2023-10-19 00:00:00,79.58999237655496,81.77596083110984,79.09061273651439,80.73008728027344,2435800,196642346.59729004
2023-10-20 00:00:00,79.92918565867478,80.02340700054775,77.67726180136093,78.18606567382812,2227300,174143824.07531738
2023-10-23 00:00:00,77.03654635222199,77.82801424763356,75.62320466302056,75.63262176513672,1708800,129241024.07226562
2023-10-24 00:00:00,76.56544432686567,76.65966568302875,75.46303217500876,75.71743774414062,1531000,115923397.1862793
2023-10-25 00:00:00,75.61377370354764,76.66907132631906,75.47243810936702,76.2073745727539,1167800,88994972.02606201
2023-10-26 00:00:00,76.36756548196863,76.71618516458334,75.34995774047297,75.63262176513672,1132100,85623691.10031128
2023-10-27 00:00:00,75.4159118718768,75.53839889455566,74.06852586789974,75.26515197753906,1676100,126151921.22955322
2023-10-30 00:00:00,75.84934848655192,77.86571568489293,75.84934848655192,76.53717803955078,1798100,137621499.83291626
2023-10-31 00:00:00,75.99067740037006,76.72561397183699,75.12382950523616,75.17093658447266,1829300,137510194.29397583
2023-11-01 00:00:00,75.53840813799788,76.0189463742174,74.34178188193044,74.68098449707031,1978100,147726455.4336548
2023-11-02 00:00:00,73.93661336084018,75.97182158114605,72.4102018041403,75.67973327636719,2820100,213424415.8126831
2023-11-03 00:00:00,75.37822055395297,77.13076475692256,75.09554935142472,76.83867645263672,2069800,159040692.52166748
2023-11-06 00:00:00,76.3958385057531,76.3958385057531,74.5961797980492,74.61502838134766,2119600,158154014.1571045
2023-11-07 00:00:00,74.43600792142657,74.78463485023074,73.44666570018396,73.94605255126953,1894700,140105585.76889038
2023-11-08 00:00:00,74.90712045003214,76.54659503574514,74.68098775960277,75.3122787475586,1646500,124001666.95785522
2023-11-09 00:00:00,76.20738697689147,77.16846342285078,75.32169767387632,75.64205169677734,1579900,119506877.47573853
2023-11-10 00:00:00,75.81165892641607,75.8870388866251,73.94605163732874,74.93538665771484,2044400,153197904.48303223
2023-11-13 00:00:00,74.74693737913756,75.9812535674513,74.65271603146815,75.23689270019531,1851000,139263488.38806152
2023-11-14 00:00:00,75.35055740400027,76.5721520805047,75.14222242004753,75.80510711669922,1644600,124669079.16412354
2023-11-15 00:00:00,75.64409099718482,76.62894235667757,75.45469956162935,76.15545654296875,2081200,158494736.15722656
2023-11-16 00:00:00,76.77100769868123,78.5891919192859,75.4357811452072,75.8619155883789,1704700,129321807.50350952
2023-11-17 00:00:00,76.2690911636117,76.42060285800247,73.33348073969604,73.3524169921875,2624900,192542759.36279297
2023-11-20 00:00:00,73.53234982363851,73.87326019449371,72.75583336220618,72.89788055419922,2505300,182631060.1524353
2023-11-21 00:00:00,72.63273161222133,73.21985670848073,71.03235423945918,72.43386840820312,3367800,243942782.02514648
2023-11-22 00:00:00,71.27855417363429,72.43386076298032,70.15166280313848,72.35810852050781,2606300,188586938.2369995
2023-11-24 00:00:00,72.52855284346302,74.94333336224614,72.21605770000386,74.20469665527344,2034200,150947193.93615723
2023-11-27 00:00:00,73.49446550664473,73.87325558672612,71.67628179203783,71.8751449584961,1974400,141910286.2060547
2023-11-28 00:00:00,71.56264882959512,72.04560640435749,70.77666060935492,71.59105682373047,2004100,143475636.98043823
2023-11-29 00:00:00,71.58157012252181,71.7425607636736,70.62513413737811,70.78611755371094,2814300,199213370.6314087
2023-11-30 00:00:00,71.02288503594039,71.5058426771348,69.933866020425,71.16493225097656,5084600,361845214.5233154
2023-12-01 00:00:00,71.8751578120646,72.84106582542843,71.2122732471723,72.26341247558594,3364700,243144703.956604
2023-12-04 00:00:00,71.66680920850484,72.33915816093521,69.22362080683746,69.94332122802734,2547300,178166622.16415405
2023-12-05 00:00:00,69.962270241713,70.70091427506279,68.93954624326922,69.33727264404297,2849100,197548823.49014282
2023-12-06 00:00:00,69.59294106977887,70.76719105917113,69.48877361548085,70.35999298095703,2103600,148009281.2347412
2023-12-07 00:00:00,71.39219752412245,74.00584149907944,71.02287913062885,73.41871643066406,3275600,240490347.5402832
2023-12-08 00:00:00,73.44711657906086,74.11946556268343,71.70469226513534,72.5001449584961,1790000,129775259.47570801
2023-12-11 00:00:00,72.50962801052052,72.7274346961532,70.80507593763363,71.47743225097656,1655400,118323741.3482666
2023-12-12 00:00:00,71.0228578393908,71.0228578393908,69.12891496367371,70.23686981201172,1577300,110784614.75448608
2023-12-13 00:00:00,70.37893325521058,72.33916429609533,70.19900632844838,72.18765258789062,2091600,150987694.15283203
2023-12-14 00:00:00,73.09674300034452,74.46984898459938,72.62325718166073,72.80317687988281,2178200,158579879.87976074
2023-12-15 00:00:00,72.6421908467824,72.86946200870183,71.43006835011882,72.19711303710938,4097900,295856549.5147705
2023-12-18 00:00:00,74.22362789600933,74.67817742142822,72.90733801226037,73.106201171875,2134400,156037875.78125
2023-12-19 00:00:00,72.92628230281025,74.74446597512976,72.79370686158818,74.15734100341797,2036000,150984346.28295898
2023-12-20 00:00:00,73.61757284189763,74.99068604679269,73.53234886270769,73.64598083496094,1753300,129123498.19793701
2023-12-21 00:00:00,74.08159516105155,75.93765872312815,72.91681685573383,75.59674835205078,2762500,208836017.32254028
2023-12-22 00:00:00,75.94712548931521,76.60053825738842,75.05697702717461,76.18386840820312,1598900,121810387.19787598
2023-12-26 00:00:00,76.12704586066702,77.31076035312026,76.06075813808245,76.37326049804688,923400,70523068.74389648
2023-12-27 00:00:00,76.16492504834373,76.78992253899642,75.87136616825079,76.24068450927734,804600,61343254.75616455
2023-12-28 00:00:00,76.12704571441233,76.96984985343425,75.39788076738276,75.43576049804688,801900,60491936.34338379
2023-12-29 00:00:00,74.83916292341907,75.54939160948186,74.19522195906266,75.28424072265625,1162700,87532986.68823242
2024-01-02 00:00:00,75.520995886054,77.43387561233439,75.45470815357946,77.28236389160156,2091100,161605151.13372803
2024-01-03 00:00:00,76.92251005506292,78.84486134226006,76.57212794478166,78.3145523071289,2160400,169190758.8043213
2024-01-04 00:00:00,78.99636666857742,79.52667566087726,76.34485060635711,76.83727264404297,1795200,137938271.85058594
2024-01-05 00:00:00,76.98879156321999,77.2823504381008,75.96606053323428,76.83727264404297,2719300,208943595.50094604
2024-01-08 00:00:00,75.90924813186574,76.07969608675094,74.08159262578926,74.99068450927734,1529700,114713250.09384155
2024-01-09 00:00:00,74.95281270855178,75.74826548146423,74.07212872435822,74.22364044189453,2098400,155750887.10327148
2024-01-10 00:00:00,74.09107166773629,75.1516826855121,73.49448203419946,73.93955993652344,1646100,121711909.61151123
2024-01-11 00:00:00,73.95848361757606,74.7823515450723,73.70280445377117,74.60242462158203,1687100,125861750.57907104
2024-01-12 00:00:00,75.32212255616327,75.39788201874886,72.48120773258324,73.09674072265625,1621700,118540984.42993164
2024-01-16 00:00:00,72.51909070189419,72.58537842841137,71.0607534936958,72.13082885742188,2213000,159625524.2614746
2024-01-17 00:00:00,71.30696826736711,71.83727008040955,70.74825123592284,71.23120880126953,1826500,130103802.8755188
2024-01-18 00:00:00,71.21227191351197,71.21227191351197,69.79181430440079,71.04181671142578,2024800,143845470.47729492
2024-01-19 00:00:00,71.04181284085452,71.21226803365379,69.87704171074334,71.0134048461914,2126500,151010005.40542603
2024-01-22 00:00:00,70.80507001624936,71.30697108032993,69.74446634832513,70.99446868896484,1608900,114223000.67367554
2024-01-23 00:00:00,71.69523368023701,72.92629990276868,71.35432325629966,72.02667236328125,1813500,130620370.33081055
2024-01-24 00:00:00,72.2823501296722,72.73689249055826,71.78045629481774,72.69901275634766,1444400,105006454.02526855
2024-01-25 00:00:00,72.83159617918965,73.24825881010256,71.07022825699683,72.86946868896484,1672400,121866899.4354248
2024-01-26 00:00:00,73.33348461128388,73.8353784142312,72.67060014197112,73.38082885742188,1686300,123742091.70227051
2024-01-29 00:00:00,73.1630294305829,73.62704350172775,72.62325589583314,73.38082885742188,1627200,119405284.71679688
2024-01-30 00:00:00,72.81265094706032,73.70280662658698,72.54750003609163,73.29560852050781,1565300,114729616.01715088
2024-01-31 00:00:00,72.08347443103074,72.64218415780685,71.155439166016,71.50582122802734,2281500,163140531.13174438
2024-02-01 00:00:00,72.89788725501182,73.06834245610777,71.80886831605564,72.76530456542969,2716400,197659673.3215332
2024-02-02 00:00:00,72.49067259964481,72.79370319644053,71.22172700849943,72.4622573852539,1635600,118519268.17932129
2024-02-05 00:00:00,71.39219564002015,72.8789409149253,70.99446926134198,72.06454467773438,1544200,111282069.89135742
2024-02-06 00:00:00,71.90356143166652,73.2103797760345,71.57212278180732,72.10242462158203,1885500,135949121.62399292
2024-02-07 00:00:00,72.16869806748423,72.48120040042227,71.4584694334356,72.31074523925781,1279300,92507136.38458252
2024-02-08 00:00:00,71.99826256599437,72.53803618626786,71.5058404241815,72.45281219482422,1066700,77285414.768219
2024-02-09 00:00:00,72.75584518558584,74.34675809983884,72.60432622955152,73.93955993652344,1806400,133564421.06933594
2024-02-12 00:00:00,73.97743507266782,75.0664467959151,73.77857187386212,74.67819213867188,1789100,133606753.55529785
2024-02-13 00:00:00,74.29940212049122,74.67819226281698,72.46227462634492,72.93576049804688,2215600,161596470.95947266
2024-02-14 00:00:00,73.58391592497422,74.24159835559018,72.60216273100168,73.94612121582031,2217600,163982918.40820312
2024-02-15 00:00:00,74.2129832437652,76.5577542353464,73.10731497168733,73.20263671875,4278900,313226762.2558594
2024-02-16 00:00:00,73.94611136074003,74.55613282272465,72.97388465618181,74.06048583984375,2498800,185062342.01660156
2024-02-20 00:00:00,73.62203257572205,74.39409666150512,73.20264737014232,73.57437896728516,2815000,207111876.7929077
2024-02-21 00:00:00,73.39327534129941,74.94692257799639,72.5544976696151,74.12720489501953,2314600,171574828.4500122
2024-02-22 00:00:00,74.20347589835272,76.45293321168245,73.97471962283656,75.9668197631836,2169000,164772032.0663452
2024-02-23 00:00:00,75.58553959461253,77.5013846581019,75.37584337344762,76.64354705810547,2677200,205190104.18395996
2024-02-26 00:00:00,76.22417113114071,77.27264519210762,75.97634760952042,76.67215728759766,1784700,136836799.11117554
2024-02-27 00:00:00,76.6721567273303,77.0629483623852,75.97634705433758,76.0430679321289,1983000,150793403.70941162
2024-02-28 00:00:00,75.48069786045436,76.97715788005993,75.48069786045436,76.15744018554688,2758300,210065067.26379395
2024-02-29 00:00:00,75.75710277841222,77.4632514903247,75.3186431102024,76.93901824951172,3609100,277680610.76431274
2024-03-01 00:00:00,77.20590404163707,78.9597136799105,76.96761421434806,78.6356430053711,2834600,222900593.6630249
2024-03-04 00:00:00,78.56893565598105,79.32193251234933,76.07165521860888,76.11931610107422,4053700,308564871.67892456
2024-03-05 00:00:00,75.98586328082557,77.4346622690193,75.62365807975567,75.79522705078125,2841100,215341819.5739746
2024-03-06 00:00:00,78.07329528432732,79.39818635917973,77.1487294395678,77.75875091552734,3852000,299526708.5266113
2024-03-07 00:00:00,78.34017714005968,80.4466586416314,77.93984464627185,79.95101165771484,2535900,202747770.46279907
2024-03-08 00:00:00,80.08445459584065,81.6095155488232,79.36958500114117,80.38946533203125,3233100,259907180.36499023
2024-03-11 00:00:00,80.14164792774234,81.17106187423126,79.53162646434804,81.08527374267578,2033500,164886904.1557312
2024-03-12 00:00:00,81.36168665554976,81.69529098987198,80.46571449591657,81.40934753417969,2567600,209026640.72875977
2024-03-13 00:00:00,81.71437486076346,82.28626916042991,80.66589349400594,80.71355438232422,2443000,197183213.35601807
2024-03-14 00:00:00,80.41806225019316,80.95182919414141,79.37911470911766,79.94148254394531,2667400,213235910.53771973
2024-03-15 00:00:00,79.61739082365389,81.11385055216545,79.2837865412522,79.51254272460938,16560700,1316783366.2994385
2024-03-18 00:00:00,80.17978229898524,82.37204485524441,79.3886581436258,81.9526596069336,3171600,259921055.2093506
2024-03-19 00:00:00,81.9145112443514,82.38155725763053,81.04713280480479,82.24811553955078,2641600,217266622.00927734
2024-03-20 00:00:00,82.06703631933412,82.96300862904718,81.33310666088832,82.10516357421875,2396100,196732182.44018555
2024-03-21 00:00:00,82.34344324758969,82.78189571632251,81.19965483107188,81.63810729980469,2275600,185775676.97143555
2024-03-22 00:00:00,81.78107825395824,82.27671793514516,79.43629976425733,79.74131774902344,2298500,183285418.84613037
2024-03-25 00:00:00,80.15118723628756,80.61824067593321,78.87395686345407,79.12178039550781,2381900,188460168.72406006
2024-03-26 00:00:00,79.06457515236505,79.64600301100889,77.96844757914666,77.97797393798828,2441800,190406616.7617798
2024-03-27 00:00:00,78.3496949538683,79.01691085606208,77.99703065165045,78.74049377441406,2419900,190544120.8847046
2024-03-28 00:00:00,78.95019523263917,80.00820275356558,78.08281668383157,79.31239318847656,2325200,184417176.6418457
2024-04-01 00:00:00,79.5888160659499,79.83663956531757,78.79769195737249,79.4267807006836,1424800,113167277.14233398
2024-04-02 00:00:00,79.62693260511018,81.06620525315307,78.47361066956253,79.05503845214844,1746100,138038002.6412964
2024-04-03 00:00:00,79.1312905745433,79.53162305123942,78.58799000477264,79.31239318847656,1543200,122394885.16845703
2024-04-04 00:00:00,79.74132146360562,82.22906088748651,78.95972374927689,82.14328002929688,3585300,294508301.8890381
2024-04-05 00:00:00,81.32356807847938,82.15281945967014,80.38946857074623,81.12340545654297,2755300,223519319.05441284
2024-04-08 00:00:00,81.21871976807638,81.47607690429051,75.9477489195934,76.05259704589844,4609500,350564446.08306885
2024-04-09 00:00:00,76.25274851468052,77.60623305552919,75.77616883646377,77.3202896118164,2607500,201612655.16281128
2024-04-10 00:00:00,75.75712305560532,77.29170321697345,75.15662789434417,77.10107421875,3303900,254734239.11132812
2024-04-11 00:00:00,76.87231802427388,77.22498239845545,76.12885474980123,77.05341339111328,2348000,180921414.64233398
2024-04-12 00:00:00,76.05258353215272,77.04387010433105,74.28924023257808,74.44174194335938,3429800,255320286.51733398
2024-04-15 00:00:00,74.70863169112555,75.73804559581266,73.99376213598659,74.41315460205078,2419600,180050068.87512207
2024-04-16 00:00:00,74.4512769838831,75.11848561625054,74.03188454523576,74.10813903808594,2027600,150261662.71362305
2024-04-17 00:00:00,74.52753909572834,74.68957445557845,73.48859152251117,74.15580749511719,1839200,136387361.14501953
2024-04-18 00:00:00,76.82466222530307,77.38703017017127,75.49023733229158,75.86196899414062,4194400,318195442.74902344
2024-04-19 00:00:00,75.9096168406371,76.87230990639627,75.58554612323009,75.7475814819336,1503900,113916787.79067993
2024-04-22 00:00:00,75.34725286074062,75.72851079998989,74.64190967466557,75.10896301269531,1400000,105152548.21777344
2024-04-23 00:00:00,74.6037954956161,75.76665132131392,74.28925836783695,74.86115264892578,1606900,120294386.19155884
2024-04-24 00:00:00,74.77535709271307,75.69039657815985,74.40362548326327,75.53788757324219,1416200,106976756.38122559
2024-04-25 00:00:00,75.38537430516925,76.2527528595203,74.62285113979156,76.22415924072266,1507300,114892675.22354126
2024-04-26 00:00:00,75.92869109357125,76.3385427073168,75.28054232704308,76.25276184082031,1380400,105259312.44506836
2024-04-29 00:00:00,76.71027230975413,77.5967108495463,75.95727550524,77.04387664794922,1222100,94155321.65145874
2024-04-30 00:00:00,77.09153451037187,77.09153451037187,75.14708833923999,75.27100372314453,1869500,140719141.4604187
2024-05-01 00:00:00,75.20427140052145,75.41396761332541,73.86984690524677,74.31783294677734,1889300,140408681.78634644
2024-05-02 00:00:00,72.91668798566124,72.91668798566124,69.70453845908159,70.40988159179688,4327100,304670598.63586426
2024-05-03 00:00:00,70.63863512911229,71.64898164324786,69.97142653902809,70.61956787109375,2360700,166711613.87329102
2024-05-06 00:00:00,71.16289573651524,71.81103725157887,70.4575524312455,71.0199203491211,2433900,172855384.13772583
2024-05-07 00:00:00,70.96272522397825,71.71572213725189,70.7339689693224,71.47743225097656,2882800,206055141.69311523
2024-05-08 00:00:00,70.91506643080845,71.12476267894085,69.61876896238066,69.81893157958984,3092500,215915045.9098816
2024-05-09 00:00:00,70.15252888268117,71.16288277001564,69.8856454199234,70.81021118164062,1673300,118486726.37023926
2024-05-10 00:00:00,71.1438197280891,71.63946670719301,70.37176291190458,70.48613739013672,1283900,90497151.79519653
2024-05-13 00:00:00,70.84834471193794,71.95400590884007,70.4575458410822,70.78162384033203,1886100,133501220.72525024
2024-05-14 00:00:00,70.98313863642802,71.5109255861474,70.95435118915734,71.37657928466797,1263300,90170032.61032104
2024-05-15 00:00:00,71.70285988985113,72.29782003832298,71.0311210069209,71.79882049560547,1653000,118683450.27923584
2024-05-16 00:00:00,71.7892258480059,74.38979719772048,71.4533600503168,74.1978759765625,2681300,198946764.85595703
2024-05-17 00:00:00,74.1594915048898,74.27464863230034,72.68167464908561,73.14229583740234,1285500,94024421.29898071
2024-05-20 00:00:00,73.07511257898005,76.02114762587988,73.07511257898005,75.3877944946289,1966600,148257636.6531372
2024-05-21 00:00:00,75.19586473549445,76.19387095754205,74.45695283316253,75.406982421875,1587600,119716125.29296875
2024-05-22 00:00:00,74.58172212266956,77.65250544020269,73.94836894518308,76.46257781982422,2263400,173065398.63739014
2024-05-23 00:00:00,76.22266896061899,76.30903130537978,74.63929341474997,75.09991455078125,2838200,213148577.47802734
2024-05-24 00:00:00,75.33021797271117,75.43577682564,73.94836194987843,74.38019561767578,1867500,138905015.31600952
2024-05-28 00:00:00,74.43777135784424,76.0691234867618,74.43777135784424,75.53173828125,1879000,141924136.23046875
2024-05-29 00:00:00,74.9943600464088,75.33022583107214,73.76604670745427,73.98675537109375,1704300,126095627.17895508
2024-05-30 00:00:00,73.8236133313271,74.59131274277344,73.18066928400219,73.87159729003906,1655100,122264880.67474365
2024-05-31 00:00:00,73.86200398834544,76.54893746598604,73.3150205004312,76.51055908203125,5632500,430945724.029541
2024-06-03 00:00:00,76.15548922833776,77.65249497879162,75.95396978664772,77.287841796875,2480700,191727949.1455078
2024-06-04 00:00:00,77.97877153697998,78.82323502422439,76.15549094368097,77.2590560913086,3007500,232356611.1946106
2024-06-05 00:00:00,76.84642762986158,76.84642762986158,73.00794481903523,73.73725128173828,2907800,214413179.27703857
2024-06-06 00:00:00,73.80442894583946,74.54333363737216,73.35340606134919,74.17868041992188,1522600,112944458.80737305
2024-06-07 00:00:00,74.51454499502638,75.49335483740889,74.0635221177618,74.716064453125,1916600,143200809.13085938
2024-06-10 00:00:00,74.43778106907976,75.78125157945422,74.16908843126994,75.49336242675781,1923400,145203933.29162598
2024-06-11 00:00:00,74.96555042641964,74.96555042641964,73.219041541352,73.70844268798828,1617200,119201293.51501465
2024-06-12 00:00:00,73.89078824965725,74.65848767948212,71.789216734538,72.15387725830078,1828000,131897287.62817383
2024-06-13 00:00:00,72.12509401799768,72.39378663771201,69.53411378219913,70.00432586669922,3132400,219281550.34484863
2024-06-14 00:00:00,69.71644203314737,70.77202328912706,69.61088317541694,70.30181121826172,1764000,124012394.98901367
2024-06-17 00:00:00,70.23464069126301,71.40537910526409,70.18665672820073,71.03112030029297,1865700,132522761.14425659
2024-06-18 00:00:00,71.15587193302193,71.86598915677838,70.32099934039545,70.5801010131836,2017400,142388295.78399658
2024-06-20 00:00:00,70.74323991898092,72.00993896344195,70.64727931223727,71.13668060302734,2458600,174896642.93060303
2024-06-21 00:00:00,70.91596863584981,71.19425950736898,69.86997830349675,70.15786743164062,5844700,410051687.77770996
2024-06-24 00:00:00,70.87758712761524,72.97915885206372,70.57050878936332,72.54732513427734,2835500,205707940.4182434
2024-06-25 00:00:00,72.09629619183981,72.99834193806929,71.85639103135959,72.39378356933594,1222300,88486921.65679932
2024-06-26 00:00:00,72.3650053610261,73.23825644958175,72.09630539706819,73.14229583740234,1674900,122506031.29806519
2024-06-27 00:00:00,72.79681495843977,73.33420011955411,71.69324987001679,71.7412338256836,1471300,105552877.32772827
2024-06-28 00:00:00,72.12508914574559,72.51852979194221,70.86798115796783,71.12708282470703,2999600,213352797.6409912
2024-07-01 00:00:00,71.29021226415698,71.77962079961232,70.25382030248352,70.41695404052734,1320600,92992629.50592041
2024-07-02 00:00:00,70.61848028501517,70.7528339119491,67.59568108747989,67.96993255615234,2207100,150016438.14468384
2024-07-03 00:00:00,67.96992809027434,68.30579383223011,66.98152005480843,67.13505554199219,1879900,126207190.91339111
2024-07-05 00:00:00,66.99110849441924,67.6820364643243,66.53049472869839,67.30778503417969,3342600,224983002.25524902
2024-07-08 00:00:00,67.26940396967208,67.59567878742462,66.36736556574893,66.57847595214844,1830700,121885215.92559814
2024-07-09 00:00:00,66.39614852581704,67.27899767906722,66.338566314032,67.04869079589844,2123700,142391304.6432495
2024-07-10 00:00:00,67.19263469838157,67.35577577310464,66.5784780680257,66.93354034423828,2205200,147601843.16711426
2024-07-11 00:00:00,67.16385144938346,68.52651842192141,67.14466225656462,67.50931549072266,1758700,118728633.15353394
2024-07-12 00:00:00,67.9603296547025,68.16184909934309,67.18303932232824,67.78759765625,1411700,95695751.61132812
2024-07-15 00:00:00,67.45173335823398,67.99871681148167,66.9047499049863,67.89315795898438,1625500,110360328.2623291
2024-07-16 00:00:00,67.51890557576792,70.5417119109636,67.47092161754095,70.24422454833984,1716800,120595284.70458984
2024-07-17 00:00:00,70.22504661731617,70.74324269969058,69.68766134136874,69.92756652832031,1752800,122569038.61083984
2024-07-18 00:00:00,69.77401920315278,70.22504209700189,69.13107510062629,69.48613739013672,1243800,86426857.68585205
2024-07-19 00:00:00,69.9275614771447,69.9275614771447,68.24822528978957,68.84318542480469,1124900,77441699.2843628
2024-07-22 00:00:00,69.16946487387376,69.26542548385504,68.16186016575719,68.50732421875,992100,67966116.35742188
2024-07-23 00:00:00,67.95074574141549,68.48813836187671,67.5764942193281,67.67245483398438,1935300,130966501.84020996
2024-07-24 00:00:00,67.92194254590268,68.72802762909375,67.64365170297505,68.59368133544922,1216500,83444213.34457397
2024-07-25 00:00:00,68.5265155857726,70.95435471041147,68.39216195630127,70.54171752929688,1615500,113960144.6685791
2024-07-26 00:00:00,70.8583843146027,72.10589407110498,70.7240380111424,72.00993347167969,1668600,120155774.99084473
2024-07-29 00:00:00,71.98113845563729,72.18265788963932,71.02151791963321,71.6164779663086,1235500,88482158.52737427
2024-07-30 00:00:00,71.5589159318435,73.6892750758829,71.33819994753064,73.34381103515625,1678700,123122255.5847168
2024-07-31 00:00:00,73.4109711373381,74.40897737514963,73.16146774755428,73.30541229248047,1540900,112956309.80148315
2024-08-01 00:00:00,73.44937513738556,74.69687775447365,72.49935261829165,72.7392578125,1579700,114906205.56640625
2024-08-02 00:00:00,72.02911845960271,72.1826612667824,68.90076063721887,70.26342010498047,1751700,123080432.99789429
2024-08-05 00:00:00,69.30380449052313,70.04270916938563,68.58408900327122,69.91796112060547,1588200,111043705.8517456
2024-08-06 00:00:00,70.05231508982989,70.6184878208403,69.23663891263803,70.43616485595703,1823000,128405128.53240967
2024-08-07 00:00:00,71.47255508408978,72.19227063050532,70.2634309161406,70.34020233154297,2877000,202368762.10784912
2024-08-08 00:00:00,74.07312508196951,76.40500370434866,72.4801511862465,76.31863403320312,2982100,227589798.55041504
2024-08-09 00:00:00,76.45298861840885,76.63531891618918,74.57213269847374,76.56814575195312,1554100,118994555.31311035
2024-08-12 00:00:00,76.76965107008276,78.53534953045893,76.73126536598879,77.5853271484375,2215100,171859258.1665039
2024-08-13 00:00:00,77.53735369317094,78.36262806176791,76.79844167133832,77.66210174560547,1283500,99679307.59048462
2024-08-14 00:00:00,77.33581795509777,77.74845509162628,76.78883452493895,77.29743957519531,1291600,99837372.95532227
2024-08-15 00:00:00,78.06993518291368,78.16649516486004,76.71807333450151,77.03672790527344,1533200,118112711.22436523
2024-08-16 00:00:00,77.87680993292703,78.56239533538096,76.73738454237098,78.18580627441406,1777100,138943996.33026123
2024-08-19 00:00:00,78.43687710130263,78.96796071040488,78.11822251560844,78.34996795654297,863800,67678702.32086182
2024-08-20 00:00:00,78.16649474739715,78.50446573298599,77.23950566496498,77.30709838867188,1186700,91740333.65783691
2024-08-21 00:00:00,77.82852718832976,78.2051162537803,77.2298509135386,77.37468719482422,1252100,96880845.8366394
2024-08-22 00:00:00,77.33607164314262,77.42298079010732,75.84903160628372,76.16767883300781,1457100,110983924.82757568
2024-08-23 00:00:00,76.64083287653364,77.90578563554276,76.38977101965044,77.64507293701172,1249200,96994225.11291504
2024-08-26 00:00:00,77.76093103535275,79.15141821074457,77.33605831685999,78.832763671875,1180500,93062077.51464844
2024-08-27 00:00:00,78.68791908151823,79.05485728563158,78.37892275371696,78.8134536743164,1300000,102457489.77661133
2024-08-28 00:00:00,78.31134203362932,79.4314584979064,78.21478204772208,79.03555297851562,1308900,103449635.2935791
2024-08-29 00:00:00,79.5086985016893,80.5708804002109,79.07417490106091,80.07841491699219,1380300,110532236.10992432
2024-08-30 00:00:00,80.01082293327165,80.44534653791932,79.36386294695465,80.23291015625,1772200,142188763.37890625
2024-09-03 00:00:00,79.34454878428816,79.41214151064366,75.68486861834401,76.3897705078125,2946400,225074819.82421875
2024-09-04 00:00:00,77.07534905742864,78.08924722875182,77.07534905742864,77.37468719482422,1337700,103504119.06051636
2024-09-05 00:00:00,77.73197443851727,78.05062902107885,75.72349432468359,75.83937072753906,1363100,103376646.2387085
2024-09-06 00:00:00,75.69452801096023,76.94982993954538,75.32759711458452,75.85868072509766,1444200,109555106.70318604
2024-09-09 00:00:00,75.6655484843048,76.56357021265583,74.96064669809338,75.77176666259766,1484500,112483187.61062622
2024-09-10 00:00:00,75.63659046780495,75.72349224226573,73.84054679173737,74.13988494873047,1552800,115124413.34838867
2024-09-11 00:00:00,74.34266813084871,75.00894458148204,73.49292991053247,74.78684997558594,1462500,109375768.08929443
2024-09-12 00:00:00,74.82547346552343,75.97455719965764,74.82547346552343,75.02825164794922,1494000,112092207.96203613
2024-09-13 00:00:00,75.81041293674944,77.027082166939,75.63660199428584,76.42840576171875,1279900,97820716.53442383
2024-09-16 00:00:00,76.48632541958425,77.66437631539951,76.48632541958425,76.98844909667969,1304900,100462227.22625732
2024-09-17 00:00:00,77.20087903158787,78.90036267387528,77.14294451701642,78.66861724853516,1564200,123053451.10015869
2024-09-18 00:00:00,79.11280767413912,79.96254590438576,78.52378215493866,78.68793487548828,1368800,107708045.25756836
2024-09-19 00:00:00,80.14601815434358,81.15025830201091,79.6632108160644,80.27154541015625,2667100,214092238.76342773
2024-09-20 00:00:00,79.692166090954,80.04944611968124,78.71689335154755,78.80380249023438,5249600,413688441.5527344
2024-09-23 00:00:00,79.01623553615916,80.70606089475767,78.77483191350223,80.4067153930664,1581700,127179301.73721313
2024-09-24 00:00:00,81.45924899558574,82.41520539561455,81.33372174856937,81.97102355957031,1709800,140154056.08215332
2024-09-25 00:00:00,82.41519511363622,82.44416236956033,80.6481188317261,80.95711517333984,1492700,120844685.81924438
2024-09-26 00:00:00,80.96677481176431,82.2800111285924,80.9378075553283,82.0868911743164,1661100,136354534.92965698
2024-09-27 00:00:00,82.50212383872918,83.71879307876561,82.23175289649885,82.69524383544922,1000500,82736591.45736694
2024-09-30 00:00:00,82.7338550470212,83.0138841509344,82.0675786491913,82.8497314453125,1462800,121192587.15820312
2024-10-01 00:00:00,82.31863907207105,85.12858090385507,82.02895176487843,84.21124267578125,1804100,151925502.91137695
2024-10-02 00:00:00,84.84855609732404,86.55769066847479,84.76164695394776,85.11892700195312,1870800,159240488.6352539
2024-10-03 00:00:00,84.68439555245432,86.38387927268371,84.34643192353062,86.2197265625,1536700,132493853.80859375
2024-10-04 00:00:00,86.85702830390547,87.73574110566322,85.96866466065148,87.05015563964844,1289800,112277290.74401855
2024-10-07 00:00:00,87.33983709548116,87.72608440655844,84.27884060006848,85.13823699951172,1997500,170063628.40652466
2024-10-08 00:00:00,83.88293883099136,84.65542605278799,82.96560058584899,83.82499694824219,1286600,107849241.0736084
2024-10-09 00:00:00,83.79602558426353,84.73267283305557,83.41943651659204,84.44298553466797,1100600,92937949.87945557
2024-10-10 00:00:00,84.60715104157843,85.50517288387735,83.47737639884113,85.23479461669922,1510700,128764204.22744751
2024-10-11 00:00:00,85.27341854202747,85.96866219666637,84.49127311408591,84.79061126708984,886000,75124481.5826416
2024-10-14 00:00:00,84.21124680608848,84.30780679087059,83.27459948288742,84.00846862792969,909000,76363697.98278809
2024-10-15 00:00:00,82.8690397029143,83.63187607516988,81.6716797335639,82.14482879638672,1685400,138446894.45343018
2024-10-16 00:00:00,80.87987303598746,82.44416381983844,80.2522221340596,81.67167663574219,1925400,157250646.194458
2024-10-17 00:00:00,81.73927957240564,82.88835596786207,81.30474857042964,82.8304214477539,1422000,117784859.29870605
2024-10-18 00:00:00,83.05252025627944,83.29392392502,80.62882535934867,81.10197448730469,1269700,102975177.00653076
2024-10-21 00:00:00,81.41096578533411,81.73927858510964,80.81228943930117,81.28543853759766,976000,79334588.01269531
2024-10-22 00:00:00,81.28542305081343,81.33370671915783,80.54190318086268,81.0053939819336,1131600,91665703.82995605
2024-10-23 00:00:00,80.81229642407833,81.60410018166793,80.81229642407833,81.27578735351562,1224200,99497818.87817383
2024-10-24 00:00:00,81.7682328128077,82.04826189040936,80.03012383702276,80.35843658447266,1340900,107752627.61611938
2024-10-25 00:00:00,80.55157027048391,81.06334484313903,79.90461023965781,80.32948303222656,1050400,84378088.97705078
2024-10-28 00:00:00,80.21359963743475,80.42603601521323,78.91002148031284,79.09349060058594,1907900,150902470.7168579
2024-10-29 00:00:00,79.1707507125854,79.59562355694605,78.53344881310026,78.56241607666016,1203900,94581292.71469116
2024-10-30 00:00:00,78.61069906493984,79.41215369554217,78.1568589610357,78.96797180175781,1406000,111028968.35327148
2024-10-31 00:00:00,80.56122323656656,81.71030692329215,77.96371770622565,79.4024887084961,3179800,252484033.59527588
2024-11-01 00:00:00,80.02047937404474,81.53649390322393,79.87563572001018,81.1695556640625,1569300,127379383.70361328
2024-11-04 00:00:00,82.19310765047419,83.78636565776216,81.27576946909974,83.43875122070312,2170200,181078777.89916992
2024-11-05 00:00:00,83.01388621266966,84.75198802788061,82.62763890916015,83.5835952758789,1409000,117769285.74371338
2024-11-06 00:00:00,83.18769536039997,83.56428444736675,79.63423350443956,80.22325897216797,3272700,262546659.6382141
2024-11-07 00:00:00,80.33912695966592,81.99033430974214,79.87563610498658,81.7296142578125,2201400,179919572.82714844
2024-11-08 00:00:00,80.80262911556568,82.05793102829516,80.19429457653474,80.83159637451172,2141000,173060447.8378296
2024-11-11 00:00:00,80.70605829125198,82.16413082078489,80.5805236966055,82.15447998046875,1829400,150293405.67626953
2024-11-12 00:00:00,81.79720759916609,82.28967308215661,80.8509094662636,81.32405853271484,2343300,190566666.3597107
2024-11-13 00:00:00,81.24680677536074,82.86903949662644,80.87987590243974,82.28001403808594,1503700,123724457.10906982
2024-11-14 00:00:00,82.80145203202709,83.68016485508386,82.28967747224885,82.79179382324219,1303900,107952219.96612549
2024-11-15 00:00:00,83.44255730814716,86.88087741124446,83.2094450829821,84.5692367553711,2334200,197401512.4343872
2024-11-18 00:00:00,84.72464493260765,85.21028428645431,83.55910603721456,84.87033081054688,1900500,161296063.70544434
2024-11-19 00:00:00,84.19044127000653,85.51138094593937,83.6853795869822,85.02574157714844,2096200,178230959.49401855
2024-11-20 00:00:00,85.15200515782672,87.78416964782738,84.96746723664181,87.32767486572266,2193600,191561987.58544922
2024-11-21 00:00:00,87.30823839072502,88.44463264753433,86.93915516662327,88.03669738769531,1734600,152708455.2886963
2024-11-22 00:00:00,87.48307747217618,88.25038858054005,87.0557124471966,87.21112060546875,1542300,134505711.30981445
2024-11-25 00:00:00,87.77445674911273,88.1629622918793,84.6275084987723,84.88004302978516,3037600,257831618.7072754
2024-11-26 00:00:00,84.71493061071347,85.89989182729641,84.46239607022811,85.60850524902344,1748300,149669349.72686768
2024-11-27 00:00:00,85.75420298591303,86.84203786958312,85.72506580862819,86.11357879638672,980600,84442975.36773682
2024-11-29 00:00:00,86.13299771402333,87.44422251200768,86.13299771402333,87.08485412597656,914300,79621682.12738037
2024-12-02 00:00:00,87.1042757182271,88.92056958840813,86.68662557311674,88.3475112915039,1425500,125939377.34603882
2024-12-03 00:00:00,89.13423939280621,91.56243604349064,88.619462888504,91.43617248535156,2709500,247746309.34906006
2024-12-04 00:00:00,91.58186226638537,91.74697785385722,88.4349216022427,88.87199401855469,1896600,168554623.85559082
2024-12-05 00:00:00,88.0561195063065,88.72629668666139,86.15240697092321,86.80316925048828,1906600,165498922.49298096
2024-12-06 00:00:00,86.87117346088498,87.1042782851768,85.637645303042,85.89989471435547,1197800,102890893.88885498
2024-12-09 00:00:00,86.80318265239295,87.45393762216331,85.5016653025836,85.68621063232422,1260800,108033174.36523438
2024-12-10 00:00:00,85.68620309701068,87.4247927577385,84.88975490592058,86.28839111328125,1796900,155051609.99145508
2024-12-11 00:00:00,86.58950227739818,87.41508773506447,86.26897851057177,87.2402572631836,1341300,117015357.06710815
2024-12-12 00:00:00,87.97842353577477,88.37664393636001,87.0751340780227,87.54134368896484,1305900,114320240.72341919
2024-12-13 00:00:00,87.09455895935857,87.37623067064908,86.12328026260577,86.929443359375,1368400,118954250.29296875
2024-12-16 00:00:00,85.81247095403013,86.12327983905173,83.99618454260666,84.19043731689453,1816100,152898253.21121216
2024-12-17 00:00:00,83.66594593399527,84.32641574094971,83.04432816395206,84.19043731689453,1445900,121730953.3164978
2024-12-18 00:00:00,83.54938781476216,84.297276539355,81.93706907818107,82.00505828857422,1535600,125926967.50793457
2024-12-19 00:00:00,82.97634173684808,83.75336768061547,81.28631883096288,81.41258239746094,1766500,143815326.80511475
2024-12-20 00:00:00,81.37372206737355,83.22886779920377,81.28631054799784,82.53926086425781,6313700,521128131.31866455
2024-12-23 00:00:00,82.37414234839527,82.9277708987033,81.92735504553863,82.41299438476562,1452200,119680150.44555664
2024-12-24 00:00:00,82.40327588554314,83.2288686539991,82.0050554982953,82.94719696044922,538800,44691949.72229004
2024-12-26 00:00:00,82.75293651826678,83.2094386611481,82.37413844444355,82.6460952758789,707200,58447318.57910156
2024-12-27 00:00:00,82.16045642399386,83.21915399265657,82.10218207700491,82.31586456298828,852800,70198969.2993164
2024-12-30 00:00:00,82.08276365969732,82.29644615582019,81.25717826035115,81.61654663085938,1124500,91777806.68640137
2024-12-31 00:00:00,81.83994614565435,82.92777355783296,81.83994614565435,82.86949920654297,1186800,98349521.6583252
2025-01-02 00:00:00,83.52996086190912,84.42353540894435,82.98604720897772,83.3648452758789,1380700,115101841.872406
2025-01-03 00:00:00,83.83104777248003,86.08441367156854,83.83104777248003,85.96786499023438,1762300,151501168.47229004
2025-01-06 00:00:00,86.72548174294586,87.9687173754544,86.67691484062925,87.1819839477539,1800300,156953725.70114136
2025-01-07 00:00:00,86.16212910447518,87.60933223409369,85.3851106220489,86.20098114013672,1950100,168100533.32138062
2025-01-08 00:00:00,85.68620206555289,85.9775812088727,84.03502394566912,84.51095581054688,1767600,149381565.49072266
2025-01-10 00:00:00,84.88975382844045,86.59920629381479,83.5396771242198,86.210693359375,1811100,156136186.74316406
2025-01-13 00:00:00,88.06584020551045,92.97080073021206,87.7841684860659,92.75711822509766,3068000,284578838.7145996
2025-01-14 00:00:00,92.46572452425895,92.76682594476844,91.26134107302502,92.26175689697266,2792400,257631729.95910645
2025-01-15 00:00:00,92.36859902799242,94.00034747221467,91.95094890803469,93.60212707519531,1720400,161033099.42016602
2025-01-16 00:00:00,93.83523040509047,95.42812678869095,93.76724119641001,94.45684814453125,1760900,166329063.89770508
2025-01-17 00:00:00,94.68995687220396,95.14645903953863,93.59241462647148,94.22374725341797,1755900,165447477.8022766
2025-01-21 00:00:00,92.75712003482509,93.27189658340679,89.54218976406638,90.969970703125,2627300,239005404.0283203
2025-01-22 00:00:00,91.53329375903189,92.58227643202733,90.73684559848373,90.82426452636719,1941600,176344392.00439453
2025-01-23 00:00:00,91.14478602870722,92.85423854764366,90.85340687644853,92.50457763671875,1394000,128951381.22558594
2025-01-24 00:00:00,88.49319959367385,89.7364350968806,85.19085065686336,85.56964874267578,4285700,366725843.6164856
2025-01-27 00:00:00,87.15284734884605,87.54135292888155,85.63764742768562,86.22041320800781,1973100,170121497.3007202
2025-01-28 00:00:00,86.76431582023588,88.09496270911252,86.57005566145536,87.65789031982422,1827100,160159731.40335083
2025-01-29 00:00:00,88.3086569892663,89.95012035172533,87.29852625931214,89.86270141601562,2119500,190463995.65124512
2025-01-30 00:00:00,89.38677953744161,90.43576233493172,88.87200300078496,89.55189514160156,1464600,131157705.62438965
2025-01-31 00:00:00,89.39649176155224,90.03753184536754,88.83314834134572,89.56160736083984,1595500,142895544.54421997
2025-02-03 00:00:00,88.61946428829893,89.95011874158895,86.80317790746928,89.81414031982422,1613700,144933078.23410034
2025-02-04 00:00:00,90.1443682851325,91.92180997633514,89.93068579850468,91.38760375976562,1439200,131525039.33105469
2025-02-05 00:00:00,90.6105954434882,90.7174366987705,86.90031091626021,87.10427856445312,3068800,267305610.05859375
2025-02-06 00:00:00,87.51220651925094,87.51220651925094,80.51900307259913,81.70396423339844,5933300,484774130.98602295
2025-02-07 00:00:00,81.58741179902842,82.43242694607216,81.06292040537387,81.63597869873047,2577100,210384080.7044983
2025-02-10 00:00:00,82.6169680750704,84.88976420262219,82.36444093555149,84.50125122070312,2901300,245163480.16662598
2025-02-11 00:00:00,84.28756145421363,84.82176768464863,82.30615208623857,82.63639068603516,2339900,193360890.56625366
2025-02-12 00:00:00,82.03418889360081,82.19930447558038,76.59503026691807,78.84839630126953,5855100,461665245.18356323
2025-02-13 00:00:00,78.76099313927887,79.29519943527593,77.89655561322476,79.12036895751953,3250400,257172847.25952148
2025-02-14 00:00:00,79.93150367263566,81.78833185754611,79.62855012433046,80.60582733154297,2192100,176696034.09347534
2025-02-18 00:00:00,80.59605210766756,81.74923950520984,80.11718836598618,81.32901000976562,2370100,192757886.6241455
2025-02-19 00:00:00,79.9315047958108,82.39424011193731,79.9315047958108,81.90560150146484,2632800,215641067.63305664
2025-02-20 00:00:00,80.92832410176554,83.37151714873137,77.79126512418543,78.43627166748047,4674000,366611133.7738037
2025-02-21 00:00:00,77.85966769323902,79.1301309533915,76.08102360264526,76.12989044189453,4041500,307678952.22091675
2025-02-24 00:00:00,77.20489732110912,77.20489732110912,75.45557027189417,75.7487564086914,3209400,243108058.8180542
2025-02-25 00:00:00,76.12989010263541,77.40034590109349,75.86602110151782,76.62830352783203,3375700,258674164.2189026
2025-02-26 00:00:00,76.57944926727308,76.87263543755341,75.71944793370291,76.01262664794922,2383000,181138089.302063
2025-02-27 00:00:00,76.63806824413571,78.14307586994504,76.24715591368623,77.77171325683594,2273000,176775104.2327881
2025-02-28 00:00:00,77.65444322212461,79.77513289672854,76.43284675665694,79.17899322509766,4171700,330311006.0371399
2025-03-03 00:00:00,79.84354294327288,80.41036549939034,75.73898175325186,76.19830322265625,3395600,258738958.42285156
2025-03-04 00:00:00,75.73898409867134,75.98330340221544,73.34465790635252,73.56942749023438,4660700,342885030.70373535
2025-03-05 00:00:00,73.97987204188192,75.40670314130763,72.83645964667414,74.57601165771484,3355100,250209976.71279907
2025-03-06 00:00:00,74.68352422966517,76.37421712054064,74.6053402617098,74.86920928955078,3032800,227063337.9333496
2025-03-07 00:00:00,75.26988691165099,76.93126263075165,73.54010954259934,75.37738800048828,3520400,265358556.71691895
2025-03-10 00:00:00,75.47511139887442,76.63806604210511,74.85942207289644,75.34806060791016,2434900,183464992.77420044
2025-03-11 00:00:00,75.51421017873677,76.85308270164798,74.59557462955891,75.08421325683594,3502400,262974948.5107422
2025-03-12 00:00:00,75.35783387000927,77.27329599196435,74.86919534534628,75.94419860839844,2653300,201502742.16766357
2025-03-13 00:00:00,74.99624078805837,76.56965747823334,73.83328613673558,75.07442474365234,2715200,203842078.06396484
2025-03-14 00:00:00,75.40670365905251,76.03216039864172,74.25351639742883,74.88874053955078,2615300,195856523.13308716
2025-03-17 00:00:00,74.81057297658407,76.35466529289603,74.77148099368544,75.96376037597656,2008400,152565616.33911133
2025-03-18 00:00:00,76.1787537428629,76.68694205547234,73.88215384466096,74.66397857666016,2389600,178417043.2067871
2025-03-19 00:00:00,75.07444061763701,76.42308058464822,74.6248939619666,75.61194610595703,2331100,176259007.56759644
2025-03-20 00:00:00,75.26988351229986,76.05170822198342,74.14602074417512,75.17215728759766,2211100,166213156.97860718
2025-03-21 00:00:00,74.93761313041014,75.3773848711904,74.28283922088112,75.03533935546875,7513400,563770518.7133789
2025-03-24 00:00:00,75.1330726459434,75.51421017873677,73.87238409284463,75.08421325683594,1894400,142239533.59375
2025-03-25 00:00:00,74.93761255700988,75.3480671727352,72.02532335393583,73.32510375976562,2988800,219154070.1171875
2025-03-26 00:00:00,73.29579493334136,75.1330735088316,73.2371606833255,74.89852905273438,2480000,185748352.05078125
2025-03-27 00:00:00,74.71284363379165,76.30581034135524,74.27307184868009,76.20808410644531,1462600,111461943.81408691
2025-03-28 00:00:00,76.12011592652455,76.27648384800193,75.12329652322128,75.63147735595703,1256400,95023388.15002441
2025-03-31 00:00:00,74.93760801889555,76.89216221087922,74.46851173216514,76.37420654296875,1849600,141261732.421875
2025-04-01 00:00:00,76.66739113205355,77.83035335222527,75.47511924573132,77.78148651123047,1746100,135814253.59725952
2025-04-02 00:00:00,77.20488761002795,78.01602935791016,77.10716139539892,78.01602935791016,1885200,147075818.54553223
2025-04-03 00:00:00,75.21125141697489,79.39399658437952,75.08420806683655,78.04535675048828,3534400,275843508.8989258
2025-04-04 00:00:00,76.67716861973139,76.67716861973139,70.44214273517761,71.4096450805664,4001500,285745694.7898865
2025-04-07 00:00:00,70.6864645780934,73.89193273320983,68.90782029904545,70.4030532836914,3004600,211533013.8961792
2025-04-08 00:00:00,72.21100980632531,72.24032692858648,65.80984133279834,66.91416931152344,4909700,328528497.0687866
2025-04-09 00:00:00,66.31802962843909,71.51714389621617,65.95643438986365,68.89804077148438,5013400,345413437.60375977
2025-04-10 00:00:00,68.64394271810748,69.5430433337432,67.33439495816822,68.38008117675781,3846200,263003468.2220459
2025-04-11 00:00:00,67.45166353860017,71.54645705713969,67.45166353860017,70.36395263671875,3064900,215658478.4362793
2025-04-14 00:00:00,70.86237467016926,71.24351219680294,69.83623058705793,70.7646484375,2643600,187073424.609375
2025-04-15 00:00:00,70.45190957622685,72.07419330268151,70.45190957622685,71.45851135253906,2245000,160424357.9864502
2025-04-16 00:00:00,71.75168810294258,73.58897395622155,71.65396187705251,72.4162368774414,3258200,235946582.9940796
2025-04-17 00:00:00,72.65078638733998,73.67693047097144,72.65078638733998,73.19806671142578,2282800,167096546.68884277
2025-04-21 00:00:00,72.78760449961098,74.24374534715601,72.38691729424136,73.4228286743164,1426500,104737665.10391235
2025-04-22 00:00:00,73.12965096355131,73.94079278793849,71.88850480700071,73.82351684570312,1722000,127124096.00830078
2025-04-23 00:00:00,74.4001099290701,75.26011862973282,73.09056207092752,74.16556549072266,1407300,104373200.315094
2025-04-24 00:00:00,75.26988183428884,75.77807012106389,74.43919775878933,75.54352569580078,1620200,122395620.33233643
2025-04-25 00:00:00,75.4751214142483,76.80421154630308,75.05489192013172,76.68694305419922,1883700,144455194.63119507
2025-04-28 00:00:00,76.86285047805099,78.8467219289928,76.68694029020213,77.83035278320312,1749800,136187551.30004883
2025-04-29 00:00:00,77.52739737962158,78.66103498596615,77.20489413366596,77.97694396972656,1587200,123765005.46875
2025-04-30 00:00:00,75.74875913699364,76.87262942715142,74.19488448565428,76.58921813964844,2444800,187245320.5078125
2025-05-01 00:00:00,76.75535273082369,78.93467672700729,75.95398571934257,77.8108139038086,3026300,235478866.11709595
2025-05-02 00:00:00,78.57307936413504,78.91512485371867,77.27329904768483,78.7685317993164,2182300,171896566.9456482
2025-05-05 00:00:00,78.36786013826118,79.69695771121434,78.10399112196562,79.08126831054688,1761900,139333286.63635254
2025-05-06 00:00:00,79.35490502698951,80.62536835930705,78.8076321852691,80.1171875,2866100,229623871.09375
2025-05-07 00:00:00,79.65785800758472,80.55695114448098,78.23103434528436,78.85649108886719,3827500,301823219.64263916
2025-05-08 00:00:00,82.29651379669221,83.1174305385819,77.22444263925634,79.47218322753906,4827000,383612228.43933105
2025-05-09 00:00:00,80.04876838636372,80.73285935298298,77.05829548192095,80.53740692138672,2523300,203220038.8847351
2025-05-12 00:00:00,81.62217836638006,83.07832658259314,80.73286010152934,82.472412109375,3091200,254938720.3125
2025-05-13 00:00:00,83.35196788961487,86.41084264352499,82.40400787398524,85.73652648925781,3589800,307776982.7911377
2025-05-14 00:00:00,85.97107193591937,86.06879815955075,83.1271918552389,84.01651763916016,2215300,186121791.5260315
2025-05-15 00:00:00,83.89855586063034,84.9307027999,82.7484544137761,84.76359558105469,2306600,195515709.56726074
2025-05-16 00:00:00,85.02900756160098,86.43468972069789,84.31141841759288,86.28723907470703,1768100,152564467.4079895
2025-05-19 00:00:00,85.94318868497929,86.46417444424874,84.12465079897518,86.1004638671875,2242600,193088900.2685547
2025-05-20 00:00:00,86.38552979490828,86.78856102699896,85.67778025260031,86.42485046386719,2346500,202795911.61346436
2025-05-21 00:00:00,85.95301328007947,88.25321605558635,85.31406556477744,87.83052825927734,3379800,296849619.41070557
2025-05-22 00:00:00,87.55529305541314,88.25321803714738,86.7099174438138,87.39801788330078,2030900,177496634.51919556
2025-05-23 00:00:00,87.10312735314932,87.7715637911803,86.80822605709244,87.37836456298828,1254400,109607420.5078125
2025-05-27 00:00:00,87.3390347793657,90.11107817445692,87.3390347793657,89.98329162597656,2545400,229043470.50476074
2025-05-28 00:00:00,90.03244222254666,90.27819079177469,89.02979135994283,89.97346496582031,1653400,148762126.9744873
2025-05-29 00:00:00,89.76702825956974,89.76702825956974,87.59461202071243,88.57760620117188,1853600,164187450.8544922
2025-05-30 00:00:00,88.43999055697648,89.23621346973911,87.71257693914828,89.16740417480469,3356000,299245808.41064453
2025-06-02 00:00:00,89.77686707319742,91.67404628457548,88.59726946787812,91.38897705078125,2996800,273874486.42578125
2025-06-03 00:00:00,91.05475634075569,91.05475634075569,89.51145564005309,90.75003051757812,2579000,234044328.70483398
2025-06-04 00:00:00,91.08425248079773,91.89030748064323,89.80635693242385,90.07176208496094,2142700,192996764.6194458
2025-06-05 00:00:00,90.5239373098943,91.01543443721391,89.75720299121986,90.71070861816406,1470900,133426381.30645752
2025-06-06 00:00:00,90.39615033461439,91.16288464970901,89.84567595447486,90.57308959960938,1839900,166645427.5543213
2025-06-09 00:00:00,91.21204172399851,92.87330448591547,91.01543836479607,91.2710189819336,2330700,212725363.94119263
2025-06-10 00:00:00,91.4184706876964,92.047586445145,89.91449059568176,90.56326293945312,2215500,200642909.0423584
2025-06-11 00:00:00,90.98594410446871,93.92510227050975,89.20672693680204,93.62036895751953,3495900,327287447.8385925
2025-06-12 00:00:00,91.6543816055392,92.8929564582177,90.88764729185996,92.2343521118164,2558200,235953919.57244873
2025-06-13 00:00:00,94.62303403334273,98.77127120626761,94.62303403334273,98.23062133789062,6228800,611858894.1894531
2025-06-16 00:00:00,99.28241316981659,102.67374012476697,98.39771689906635,99.0268325805664,5174000,512364831.7718506
2025-06-17 00:00:00,100.26541075481049,101.13044297125224,99.11530931371561,100.73725128173828,3057300,307983998.34365845
2025-06-18 00:00:00,99.58715080073048,100.8060691406509,97.8865748501348,98.60415649414062,5226600,515364484.3322754
2025-06-20 00:00:00,98.52551087959947,98.69261809184097,96.66764496240397,98.6532974243164,9801200,966920698.71521
2025-06-23 00:00:00,98.88922172921718,99.42003953318863,94.48541161424465,94.88843536376953,5159600,489586371.1029053
2025-06-24 00:00:00,92.00825732768139,93.68917654092006,91.32999641685572,93.06989288330078,4188100,389786018.384552
2025-06-25 00:00:00,92.97160240095232,93.04041170174945,89.81619160785354,89.8456802368164,3489400,313507516.61834717
2025-06-26 00:00:00,89.8849888488589,90.66155513917877,88.94131535040255,89.14774322509766,2908600,259295125.94451904
2025-06-27 00:00:00,89.10843537695825,89.56061185795356,88.54812892228456,89.4426498413086,3340100,298747394.73495483
2025-06-30 00:00:00,89.16741462688799,90.75003609554298,88.54813089988664,90.43547821044922,3076100,278188574.52316284
2025-07-01 00:00:00,90.30768550364435,91.51676424548161,90.06193693826998,90.9171371459961,1873100,170296889.58816528
2025-07-02 00:00:00,91.68387457065728,92.73567816604422,91.33000352422967,92.25401306152344,2526700,233098214.80255127
2025-07-03 00:00:00,92.01809037533415,93.34513108453484,92.01809037533415,93.0404052734375,1516400,141086470.55664062
2025-07-07 00:00:00,92.67669963161892,93.67935799824788,92.28350041920856,93.57122802734375,2417800,226236515.12451172
2025-07-08 00:00:00,94.62302343903211,97.03135622019067,94.27897697024525,95.46839904785156,2838100,270948863.3377075
2025-07-09 00:00:00,95.11452232339903,97.4737099388355,94.46574254180246,97.0706787109375,2511700,243812423.71826172
2025-07-10 00:00:00,95.80261797410868,96.10734378939546,93.8857822010937,94.13153076171875,2184400,205620915.79589844
2025-07-11 00:00:00,93.87594910205893,96.65782457693665,93.84646047506,96.56935119628906,2912000,281209950.68359375
2025-07-14 00:00:00,96.76595422967405,97.69979574665949,95.61584528287678,95.75347137451172,1854300,177555661.96975708
2025-07-15 00:00:00,95.75347319303616,96.31377961379877,93.68917927476775,94.26914978027344,1713600,161539615.06347656
2025-07-16 00:00:00,94.1806792840525,94.76064980732926,90.93680266958576,91.0252685546875,3154700,287157414.70947266
2025-07-17 00:00:00,90.35682860435526,90.97611977439607,89.92431623917138,90.22904205322266,2226500,200894962.13150024
2025-07-18 00:00:00,90.44530451937504,92.32281966771639,90.29785387953697,91.05475616455078,2297500,209198302.28805542
2025-07-21 00:00:00,90.87782062872452,91.04493536055107,88.93149610181649,89.4426498413086,1816000,162427852.1118164
2025-07-22 00:00:00,89.5704375021572,90.70087487406323,89.36400961251391,90.16023254394531,1972200,177814010.62316895
2025-07-23 00:00:00,90.52394059282707,92.56857051654326,90.52394059282707,92.11639404296875,2142000,197313316.04003906
2025-07-24 00:00:00,91.97877481500157,92.4899285426189,91.61506423020093,91.90996551513672,2218300,203883876.50222778
2025-07-25 00:00:00,91.81166156944677,92.0574101242367,91.06458386298318,91.71336364746094,1550100,142164884.9899292
2025-07-28 00:00:00,92.19502619824901,92.19502619824901,90.24869439759655,90.95645141601562,1206600,109748054.27856445
2025-07-29 00:00:00,92.02791895322505,93.44342548991672,91.1628792645046,93.29598236083984,2088800,194876647.95532227
2025-07-30 00:00:00,92.16554675912026,92.76517387617984,90.43547470827696,91.06459045410156,2027500,184633457.14569092
2025-07-31 00:00:00,90.17006585709976,91.36931254245617,90.05210384721919,91.25135803222656,2024200,184710998.928833
2025-08-01 00:00:00,91.22187086500979,91.3201687916584,88.47931596350246,90.0029525756836,1655500,148999887.9890442
2025-08-04 00:00:00,90.37649195951211,92.51941968216488,89.79652146365086,92.05741119384766,2157400,198604658.90960693
2025-08-05 00:00:00,92.05741156161372,92.48009938243824,89.11826090033674,91.14322662353516,2374900,216456048.90823364
2025-08-06 00:00:00,90.17989892334445,91.70354315479474,88.3711929321289,88.3711929321289,3845400,339822585.3012085
2025-08-07 00:00:00,82.76811251850678,83.89855740140754,78.28566115635525,81.48039245605469,7534300,613897720.8816528
2025-08-08 00:00:00,81.85392468587672,82.28644453879384,78.95409476202036,79.53406524658203,5730800,455793821.1151123
2025-08-11 00:00:00,80.09437041324907,82.24712260335356,80.08453837138406,81.22480773925781,3050100,247743786.08551025
2025-08-12 00:00:00,81.47056266033746,82.84675614270371,80.53672110068777,81.49022674560547,3628700,295703585.79177856
2025-08-13 00:00:00,83.63315443495311,84.97002724441803,82.57151882161607,84.95036315917969,4131700,350989415.4647827
2025-08-14 00:00:00,83.15147938649183,83.90838915314194,82.14882855882847,83.81991577148438,2755600,230974159.89990234
2025-08-15 00:00:00,83.6716029852703,85.4217619500181,83.6716029852703,84.937255859375,2428900,206304100.75683594
2025-08-18 00:00:00,84.72960970483598,85.03613288607944,82.63336743417082,83.50350189208984,3058300,255378759.83657837
2025-08-19 00:00:00,83.54305405785756,83.8396947467464,82.75202479396414,83.05854797363281,1892800,157213219.6044922
2025-08-20 00:00:00,84.01767540892483,84.64061178630232,83.20686609733954,84.47251892089844,2126400,179622364.23339844
2025-08-21 00:00:00,84.59118573978553,85.66896574428662,84.59118573978553,85.39210510253906,1549100,132280910.01434326
2025-08-22 00:00:00,85.45142530599807,86.30178725318193,85.0756869629649,85.54042053222656,1634200,139790155.23376465
2025-08-25 00:00:00,85.7085097763888,87.84429704490644,84.8284853056908,85.2042236328125,2411700,205487026.1352539
2025-08-26 00:00:00,84.91747866272674,85.6689629111081,84.09678680008398,85.65907287597656,2623500,224726577.6901245
2025-08-27 00:00:00,85.41187233848363,86.17324660001059,85.13501171388701,85.38220977783203,2034000,173667414.68811035
2025-08-28 00:00:00,85.59974724226278,86.34134145108816,83.95835598288352,86.33145141601562,2466900,212971057.49816895
2025-08-29 00:00:00,86.33145193107852,86.50943484401394,85.28333452372911,85.65907287597656,1380900,118286613.73443604
2025-09-02 00:00:00,85.6195143753788,86.52920894759026,85.03613058891543,86.45010375976562,3436300,297068491.5496826
2025-09-03 00:00:00,85.7777277471559,86.62808968625819,83.78037072007672,83.81991577148438,2138300,179232125.89416504
2025-09-04 00:00:00,82.86079576946665,83.36507439876911,80.80410602428024,83.23653411865234,3726200,310155973.43292236
2025-09-05 00:00:00,83.05854900806587,83.7309280398866,82.34661738097495,83.53317260742188,2333000,194882891.69311523
2025-09-08 00:00:00,84.23520939635698,84.23520939635698,82.59381073373012,83.55294036865234,1839900,153729054.98428345
2025-09-09 00:00:00,84.01768194778501,84.43297289835759,83.42440808355468,83.7111587524414,2293900,192025027.06222534
2025-09-10 00:00:00,83.58260792382688,86.33144917964384,83.58260792382688,85.9260482788086,2313200,198764134.87854004
2025-09-11 00:00:00,86.25235034985607,86.41055318531672,84.9174747917478,85.1646728515625,1778200,151439821.26464844
2025-09-12 00:00:00,85.24378179107383,85.65907273929834,84.32420466635588,84.67028045654297,1403100,118800870.50857544
2025-09-15 00:00:00,84.87792345050299,85.13501154879542,84.08689417374461,84.39341735839844,2287200,193024624.1821289
2025-09-16 00:00:00,85.0064719079823,85.30310506003008,83.70126642486782,84.0077896118164,2600900,218495860.0013733
2025-09-17 00:00:00,83.85946817993816,84.44285952936491,83.13765406312064,83.24642181396484,2269700,188944403.591156
2025-09-18 00:00:00,83.57272351978446,83.84959170609258,82.20819283475606,83.15743255615234,2793900,232333550.81863403
2025-09-19 00:00:00,83.38485296605113,84.70983097131557,82.48504838979159,84.1363296508789,6496300,546574838.3110046
2025-09-22 00:00:00,84.07700427252985,85.3228846266648,83.4837304280467,84.68016815185547,2498900,211607272.19467163
2025-09-23 00:00:00,85.20423085570862,86.40066863590296,84.78893989938724,86.16336059570312,3112200,268157610.84594727
2025-09-24 00:00:00,86.67753143588939,91.83902059518502,86.25235047065718,90.62281036376953,4843200,438904395.1538086
2025-09-25 00:00:00,90.7117987539641,92.03678428961223,87.09282304771925,88.70455169677734,4369500,387594538.6390686
2025-09-26 00:00:00,88.8330922081243,91.25563774938828,87.94318521733976,91.09742736816406,2161100,196870650.28533936
2025-09-29 00:00:00,91.11720892453846,91.42373211330423,88.31892499803608,89.49559020996094,2229200,199503569.69604492
2025-09-30 00:00:00,89.3373804886408,89.35716055870637,88.3288156880021,88.69466400146484,2709900,240353669.97756958
2025-10-01 00:00:00,88.66499600075008,89.31760248292211,85.37231611826952,85.46131134033203,2308100,197253252.70462036
2025-10-02 00:00:00,85.77772731758154,88.99130211622293,85.74806475723125,88.83309173583984,2759800,245161566.5725708
2025-10-03 00:00:00,89.41648504178016,90.76124312894066,88.68478087620016,89.08029174804688,1535700,136800604.0374756
2025-10-06 00:00:00,89.66368289108881,91.33474423296629,89.50547250762492,91.02821350097656,3067700,279247250.5569458
2025-10-07 00:00:00,90.83045649238802,91.19631233989708,89.98998459048002,90.93922424316406,1841700,167482769.28863525
2025-10-08 00:00:00,91.46328022734232,91.47317026181713,88.97152715559373,89.67356872558594,1761900,157995860.73760986
2025-10-09 00:00:00,90.50415389845602,90.6030316151846,87.55755720295885,87.61688232421875,1538200,134772288.39111328
2025-10-10 00:00:00,86.25235429104022,87.78497780559087,85.54042263922135,86.36111450195312,1999100,172644504.0008545
2025-10-13 00:00:00,86.57864281270679,87.53777245588599,86.55887028797207,87.22135925292969,1163300,101464607.2189331
2025-10-14 00:00:00,87.0433828915894,87.42901127590602,84.46263444646341,85.7579574584961,1669100,143138606.79397583
2025-10-15 00:00:00,86.01503774290335,86.62809166815431,84.26487873845556,84.48241424560547,1578700,133372387.36953735
2025-10-16 00:00:00,85.02623729172598,86.49954306885195,81.42703436656359,82.08952331542969,2873900,235917081.05621338
2025-10-17 00:00:00,81.54569842412461,83.10799199654674,81.35782548175254,82.57404327392578,2160600,178409477.89764404
2025-10-20 00:00:00,82.84101375969948,83.5924979843618,82.50482801470274,82.98933410644531,1659900,137753995.68328857
2025-10-21 00:00:00,83.55295178972,84.05723798973324,82.3268514142065,82.35651397705078,2617600,215576410.98632812
2025-10-22 00:00:00,82.56415345905985,85.84694345052691,82.48504826796758,84.9669189453125,3078300,261553666.58935547
2025-10-23 00:00:00,85.88649620838112,86.68741552401683,84.8482613190201,85.9557113647461,1985800,170690851.6281128
2025-10-24 00:00:00,86.18313114868256,86.657747176668,85.33276925933242,85.50086212158203,1458700,124720107.57675171
2025-10-27 00:00:00,86.29189500988892,86.88517638586542,84.80870665771981,85.42176055908203,1617600,138178239.8803711
2025-10-28 00:00:00,84.82849418931674,86.16336231491948,84.64062123413801,85.13501739501953,1467600,124944151.52893066
2025-10-29 00:00:00,84.72961203384412,84.92736747029775,82.81135261592124,83.20687103271484,1648500,137166526.89743042
2025-10-30 00:00:00,83.08821717682522,83.50350813936413,81.67424386199227,81.88188934326172,2144700,175612088.0744934
2025-10-31 00:00:00,81.63469225766373,83.06844566086082,81.35783161260133,82.35651397705078,1861400,153298415.11688232
2025-11-03 00:00:00,82.28729353041051,83.91880227703433,81.73357227585164,83.46395874023438,2851700,238014171.13952637
2025-11-04 00:00:00,82.93989751283897,84.37365091055305,82.18842077736822,83.6023941040039,2694700,225283371.39205933
2025-11-05 00:00:00,84.09678649902344,85.92605070971372,83.8891334814368,84.09678649902344,3655800,307441032.0831299
2025-11-06 00:00:00,82.23784848734627,82.39605886622884,79.20225662348324,80.53712463378906,4175600,336290817.6208496
2025-11-07 00:00:00,80.92275328110468,81.1600688502457,79.19236686152016,81.11062622070312,2891800,234555708.9050293
2025-11-10 00:00:00,81.87200503609814,82.75202957505707,80.8832127411882,81.92144012451172,2580600,211406468.38531494
2025-11-11 00:00:00,82.22796545403462,83.30574536348804,81.95109729281693,82.74213409423828,1743600,144269185.00671387
2025-11-12 00:00:00,82.03020140737196,84.4329667961538,82.03020140737196,83.80014038085938,2618000,219388767.51708984
2025-11-13 00:00:00,84.13633390051847,84.35386941538788,83.2958619471575,83.38485717773438,1644200,137101382.17163086
2025-11-14 00:00:00,83.2356458966514,85.0459810971525,83.2356458966514,84.58842468261719,1978100,167324362.86468506
2025-11-17 00:00:00,84.09108249573413,84.15076145947451,79.97306704225578,80.26152801513672,2595400,208310769.81048584
2025-11-18 00:00:00,80.56988127841687,81.04733576584132,80.0725363322538,80.69918823242188,1989400,160542965.06958008
2025-11-19 00:00:00,79.97306595630828,79.97306595630828,76.37228594486466,78.30198669433594,2908100,227710007.50579834
2025-11-20 00:00:00,78.44124815384194,79.22705410587116,76.8596872256388,77.3769302368164,3949400,305592448.2772827
2025-11-21 00:00:00,77.88422423553585,78.759548638353,77.17798770991254,78.1229476928711,2270100,177346903.55758667
2025-11-24 00:00:00,77.38687560482526,77.8245339910501,76.07388526838773,77.24761962890625,3571300,275874423.9807129
2025-11-25 00:00:00,77.44655394073261,78.72970478461663,77.2575604368553,77.26750946044922,3314900,256134067.11044312
2025-11-26 00:00:00,77.54602208591038,78.64017943545365,77.21777260438294,77.99363708496094,1816900,141706639.21966553
2025-11-28 00:00:00,78.68991572015642,79.07784415986791,78.28208923339844,78.28208923339844,1505700,117869341.75872803
2025-12-01 00:00:00,78.58050387655449,80.51020475462346,78.29204288836713,79.37625885009766,3580500,284206694.81277466
2025-12-02 00:00:00,79.37625358188944,79.40609306336255,77.66538581453936,78.5506591796875,2716200,213359300.4638672
2025-12-03 00:00:00,78.86896514892578,79.87360409914557,78.69986968282517,78.86896514892578,2109800,166397742.6712036
2025-12-04 00:00:00,79.197208918777,80.0725332584246,78.80928048277214,79.80397033691406,1985100,158418861.5158081
2025-12-05 00:00:00,79.60503070472554,80.17200363862872,77.406766957877,77.46644592285156,2060300,159604118.53485107
2025-12-08 00:00:00,77.78474236279008,78.11299183094322,76.7204245387721,76.84973907470703,2106300,161868605.41305542
2025-12-09 00:00:00,77.26750875407987,77.26750875407987,75.71579499839707,76.29270935058594,1865900,142354566.3772583
2025-12-10 00:00:00,76.05398922977763,76.32255975391602,75.01951081785546,75.68595123291016,2427200,183704940.83251953
2025-12-11 00:00:00,75.80531481201612,79.25688990837476,75.46712389562254,78.2423095703125,2956500,231323388.2446289
2025-12-12 00:00:00,78.93858855931519,79.46577297531931,78.38156466148162,78.76949310302734,1688600,133010166.05377197
2025-12-15 00:00:00,78.67996518415517,78.86895868305693,76.94920697956834,78.33182525634766,2366300,185356598.10409546
2025-12-16 00:00:00,78.11299835566012,78.28209382105814,77.0486804427405,77.1382064819336,2309600,178158401.69067383
2025-12-17 00:00:00,77.52612864571954,79.06789334613445,76.89946918892684,78.59044647216797,2746100,215817225.05722046
2025-12-18 00:00:00,78.33183166275678,79.39614957988913,77.67533266901515,77.87427520751953,3602900,280573226.1451721
2025-12-19 00:00:00,77.62559786961032,78.92863916254471,77.47639287228712,78.28208923339844,5554600,434825692.85583496
2025-12-22 00:00:00,78.70980671936714,78.95847918698803,76.96909944602089,77.01883697509766,1871300,144125349.63150024
2025-12-23 00:00:00,77.08846621830223,78.40145656517483,77.08846621830223,77.72506713867188,1497300,116377743.0267334
2025-12-24 00:00:00,77.81459529927817,77.81459529927817,77.12825683028227,77.15809631347656,645500,49805551.17034912
2025-12-26 00:00:00,77.5360717378362,77.65543725332043,76.70053589609071,77.03872680664062,1054800,81260449.03564453
2025-12-29 00:00:00,77.38687589859757,77.52613187504522,76.62096043925392,77.2376708984375,1229100,94932821.30126953
2025-12-30 00:00:00,77.36697687613746,77.65543784910979,76.47175447534082,76.52149200439453,1214200,92912395.59173584
2025-12-31 00:00:00,76.22308473732815,77.09841671117718,76.04404025075738,76.92931365966797,1862500,143280846.6911316
2026-01-02 00:00:00,77.0685761490798,80.56988122880387,76.73037763967874,79.70449829101562,2854100,227484608.5723877
2026-01-05 00:00:00,80.32120479695554,80.56987725762724,78.58049757225372,79.83380889892578,2452700,195808383.08639526
2026-01-06 00:00:00,79.61497765565576,80.31125752516934,78.64017824945537,79.02810668945312,1942100,153480486.0015869
2026-01-07 00:00:00,78.928637821171,79.54534825814807,75.46712140428369,77.0785140991211,2423800,186822902.4734497
2026-01-08 00:00:00,77.46644757618957,81.15674623721577,77.0984171658162,80.89813232421875,2786700,225438825.3479004
2026-01-09 00:00:00,81.56457215767871,83.72304742881249,81.56457215767871,82.16138458251953,2848300,234020271.70639038
2026-01-12 00:00:00,81.2164340048126,82.47968687217775,80.05264861230674,80.36100006103516,2807600,225621543.7713623
2026-01-13 00:00:00,81.77345555386718,84.50885277169307,81.66403905804361,82.4299545288086,2499300,206017185.35385132
2026-01-14 00:00:00,84.3894894802967,87.69186731216062,83.55395358708911,84.59838104248047,4248800,359441601.373291
2026-01-15 00:00:00,85.01614748627948,86.89611080164688,82.22107127865652,86.14014434814453,2560100,220527383.5456848
2026-01-16 00:00:00,84.34970260890448,86.886157181897,84.26017657587485,86.28934478759766,2844600,245458670.1828003
2026-01-20 00:00:00,87.35366518830082,89.24357748305876,87.07515323538773,87.95047760009766,2479000,218029233.9706421
2026-01-21 00:00:00,89.46241247492448,91.40205475392195,88.20910106986673,91.3722152709961,2572700,235073298.22769165
2026-01-22 00:00:00,91.09369946971162,92.406689785242,88.30856481791683,88.75617980957031,2351000,208665778.7322998
2026-01-23 00:00:00,89.72102579138618,92.39674404626362,89.43257239909416,91.88945007324219,1965200,180581147.28393555
2026-01-26 00:00:00,92.50615991393809,92.71504388049732,90.44715214198958,91.163330078125,1755100,160000760.6201172
2026-01-27 00:00:00,91.44183926627693,92.67525256958305,90.53666784969809,91.25284576416016,2440600,222711695.37200928
2026-01-28 00:00:00,92.05855194957786,93.28201625911538,91.72035344224903,92.67525482177734,1753500,162506059.32998657
2026-01-29 00:00:00,93.5008459435118,94.70441975190616,92.5260465509504,93.53068542480469,3110300,290908490.87677
2026-01-30 00:00:00,92.86424652581832,93.91861535566493,91.33242322103504,92.73493957519531,1865900,173034123.75335693
2026-02-02 00:00:00,90.99423636243063,91.6507277572199,88.30856905043332,89.3629379272461,2402500,214694458.37020874
2026-02-03 00:00:00,89.482298798345,92.26743343889122,89.01479335042862,92.0088119506836,1846400,169885070.3857422
2026-02-04 00:00:00,89.91996637905585,94.31649381310986,89.47235138117412,94.19712829589844,2669600,251468653.69873047
2026-02-05 00:00:00,94.49554220959197,94.49554220959197,90.45710357097158,90.8350830078125,1741600,158198380.56640625
2026-02-06 00:00:00,91.75019381318525,92.81451169754995,90.84502995472411,92.1480712890625,2003700,184637090.44189453
2026-02-09 00:00:00,92.30722394308249,94.67458312660153,92.22764693131339,94.43585968017578,1727000,163090729.66766357
2026-02-10 00:00:00,94.81383553525515,96.35560782752351,94.38611859919163,95.79857635498047,1547100,148209977.47879028
2026-02-11 00:00:00,96.38545135019804,97.39009025868391,96.01741336084261,96.41529083251953,1589200,153223180.19104004
2026-02-12 00:00:00,96.34566332889854,96.46502884766667,93.32180515337383,93.66000366210938,2220600,207981404.13208008
2026-02-13 00:00:00,93.33999633789062,95.26000213623047,92.1500015258789,94.66000366210938,1232400,116658988.5131836
2026-02-17 00:00:00,93.91999816894531,94.16999816894531,92.86000061035156,93.79000091552734,1615300,151498988.47885132
2026-02-18 00:00:00,94.05000305175781,96.55000305175781,93.08000183105469,95.81999969482422,2764200,264865643.1564331
2026-02-19 00:00:00,97.0,105.2699966430664,97.0,99.45999908447266,6095700,606278316.41922
2026-02-20 00:00:00,99.4000015258789,100.73999786376953,95.33000183105469,97.18000030517578,3581300,348030735.092926
2026-02-23 00:00:00,97.58000183105469,98.13999938964844,95.31999969482422,95.44999694824219,2157400,205923823.4161377
2026-02-24 00:00:00,96.20999908447266,97.22000122070312,93.63999938964844,96.11000061035156,2297100,220774282.40203857
2026-02-25 00:00:00,95.70999908447266,96.43000030517578,94.2300033569336,96.13999938964844,2357900,226688504.56085205
2026-02-26 00:00:00,95.2699966430664,98.9000015258789,94.55999755859375,97.16000366210938,2651300,257600317.7093506
2026-02-27 00:00:00,97.4800033569336,100.01000213623047,96.94000244140625,99.54000091552734,2700800,268837634.47265625
2026-03-02 00:00:00,107.5999984741211,107.80000305175781,102.54000091552734,104.30000305175781,5259200,548534576.0498047
2026-03-03 00:00:00,106.3499984741211,109.58999633789062,104.08999633789062,106.30000305175781,5441100,578388946.6049194
2026-03-04 00:00:00,106.0,107.0,100.41000366210938,104.70999908447266,3627300,379814579.67910767
2026-03-05 00:00:00,106.0,113.7699966430664,106.0,110.77999877929688,8204100,908850187.9852295
2026-03-06 00:00:00,112.0,120.48999786376953,111.87999725341797,115.77999877929688,8230500,952927279.9530029
2026-03-09 00:00:00,116.69999694824219,121.80000305175781,109.70999908447266,111.04000091552734,10270400,1140425225.402832
2026-03-10 00:00:00,110.19999694824219,112.66999816894531,106.70999908447266,110.05000305175781,7349600,808823502.4291992
2026-03-11 00:00:00,113.31999969482422,120.5,112.5,120.12999725341797,6385200,767054058.4625244
2026-03-12 00:00:00,128.02000427246094,137.44000244140625,126.58999633789062,136.0,14110400,1919014400.0
2026-03-13 00:00:00,132.10000610351562,133.3800048828125,125.02999877929688,129.57000732421875,7694300,996950507.3547363
2026-03-16 00:00:00,123.93000030517578,126.98999786376953,121.0199966430664,122.33000183105469,7658800,936901018.0236816
2026-03-17 00:00:00,123.58000183105469,127.45999908447266,122.44999694824219,123.29000091552734,5329700,657098717.8794861
2026-03-18 00:00:00,127.0199966430664,127.98999786376953,120.11000061035156,126.7300033569336,7467000,946292935.0662231
2026-03-19 00:00:00,128.6699981689453,131.5,125.0,125.55999755859375,6487700,814595596.1608887
2026-03-20 00:00:00,125.55000305175781,130.10000610351562,123.70999908447266,124.9000015258789,16466700,2056690855.1261902
2026-03-23 00:00:00,115.22000122070312,121.54000091552734,115.22000122070312,120.18000030517578,8624300,1036468376.6319275
2026-03-24 00:00:00,122.66999816894531,128.1300048828125,122.2699966430664,126.91999816894531,5602700,711094673.7411499
2026-03-25 00:00:00,125.56999969482422,128.9600067138672,125.0,128.11000061035156,3715100,475941463.2675171
2026-03-26 00:00:00,130.1199951171875,132.80999755859375,129.52999877929688,132.55999755859375,3937800,521994758.38623047
2026-03-27 00:00:00,133.0800018310547,136.5800018310547,131.14999389648438,136.4499969482422,3834400,523203868.29833984
2026-03-30 00:00:00,137.99000549316406,141.9600067138672,135.67999267578125,137.60000610351562,6010800,827086116.6870117
2026-03-31 00:00:00,135.91000366210938,137.30999755859375,126.43000030517578,129.83999633789062,7054000,915891334.1674805
2026-04-01 00:00:00,127.44999694824219,129.64999389648438,124.5,127.9800033569336,5571800,713078982.7041626
2026-04-02 00:00:00,134.75,135.75,128.89999389648438,129.97000122070312,4833500,628210000.9002686
2026-04-06 00:00:00,130.1199951171875,134.3800048828125,130.1199951171875,130.97999572753906,2420300,317010883.6593628
2026-04-07 00:00:00,134.91000366210938,139.4499969482422,132.25,133.77999877929688,4480200,599361150.5310059
2026-04-08 00:00:00,114.12000274658203,126.18000030517578,110.47000122070312,126.16000366210938,7368900,929660450.9857178
2026-04-09 00:00:00,128.08999633789062,128.8800048828125,118.20999908447266,119.37999725341797,5843300,697573137.9508972
2026-04-10 00:00:00,118.80000305175781,121.70999908447266,117.80999755859375,121.31999969482422,3706900,449721106.8687439
2026-04-13 00:00:00,124.72000122070312,126.2499008178711,122.12999725341797,122.6500015258789,1919962,235483342.22962952
