timestamps,open,high,low,close,volume,amount
2015-01-02 00:00:00,27.16670640531463,27.19751709751682,26.50429121431427,26.835498809814453,9756700,261825911.23771667
2015-01-05 00:00:00,26.943333254833238,27.151301019489733,26.242406168740306,26.442672729492188,16223000,428979479.69055176
2015-01-06 00:00:00,26.504282459383308,27.128185548177076,26.265504081093958,26.843191146850586,17747600,476402219.19784546
2015-01-07 00:00:00,27.13590009690115,27.690480893055387,26.989553692702582,27.60575294494629,19319200,533321062.29400635
2015-01-08 00:00:00,27.77519928767297,28.075596136176127,27.574932763158333,27.883033752441406,15206600,424006141.0598755
2015-01-09 00:00:00,27.890739079192276,28.01397890547538,27.274539947776763,27.413185119628906,14690600,402716137.3184204
2015-01-12 00:00:00,27.582646391196466,27.682776749625575,27.320761341709165,27.60575294494629,10656700,294186227.4084091
2015-01-13 00:00:00,27.79061491325075,28.037094620565043,26.712263990048292,27.15130615234375,21893500,594437121.2463379
2015-01-14 00:00:00,26.465773599728504,26.62752529143625,25.872681125198067,26.419557571411133,27901300,737140001.6672134
2015-01-15 00:00:00,26.789284739154404,26.858607332566326,25.710936877298394,25.749448776245117,19437400,500502335.64338684
2015-01-16 00:00:00,25.657023077799806,26.026742646240464,25.6262123791956,25.942014694213867,17780000,461249021.26312256
2015-01-20 00:00:00,26.111462620332468,26.196187608202774,25.68782298963571,26.13456916809082,12052500,314986894.8984146
2015-01-21 00:00:00,26.049840622609413,26.28091490950622,25.81876633571261,26.103757858276367,14349900,374586314.89048004
2015-01-22 00:00:00,26.304028554389653,26.327135105252438,25.65701868580679,26.04984474182129,14261100,371499440.8475876
2015-01-23 00:00:00,26.111468358738865,26.327137353930933,25.96511902205594,25.995929718017578,13990200,363688255.9410095
2015-01-26 00:00:00,25.965115830984292,26.219299634024463,25.880387896637572,25.957414627075195,10824800,280983821.8551636
2015-01-27 00:00:00,25.72633496110823,25.949705087242034,25.533772582471997,25.741737365722656,14793300,380805243.372345
2015-01-28 00:00:00,25.811060122277368,25.857276151253963,25.225671779917526,25.294994354248047,16936200,428401083.3824158
2015-01-29 00:00:00,25.34891479895946,25.680122369605638,24.92527809691199,25.54147720336914,15819200,404045736.1755371
2015-01-30 00:00:00,25.325814000542064,25.53378179711294,25.125547409057617,25.125547409057617,19166500,481568804.4157028
2015-02-02 00:00:00,25.164057970674936,25.533780437065435,24.986900880425534,25.50296974182129,18397000,469178134.34028625
2015-02-03 00:00:00,25.803357236749118,26.34253245323042,25.757141210787218,26.173076629638672,26207000,685917819.2329407
2015-02-04 00:00:00,27.166704503297847,27.713581029386322,26.304025749920484,27.598045349121094,49298100,1360531199.4255066
2015-02-05 00:00:00,27.944659209689767,28.191138887747815,27.73669143040275,27.921552658081055,20854900,582301188.5290146
2015-02-06 00:00:00,27.929248430384177,28.14492031043968,27.66736345609954,27.728984832763672,16320400,452548124.06463623
2015-02-09 00:00:00,27.56723312642377,27.806008615324878,27.35156124636827,27.728984832763672,14797500,410319653.06282043
2015-02-10 00:00:00,28.71491519080873,28.922883015380357,28.037097397690278,28.899776458740234,32369400,935468424.1035461
2015-02-11 00:00:00,28.892059034166454,29.16164813688919,28.71490199205834,29.01529884338379,22634000,656732274.0211487
2015-02-12 00:00:00,29.15394526542038,29.40812903577469,29.061516139050156,29.284889221191406,15537400,455011037.78533936
2015-02-13 00:00:00,29.215567911108746,29.323402386270338,28.768821727417485,28.976789474487305,14696300,425851591.1539078
2015-02-17 00:00:00,28.653284694595197,28.861252431834625,28.537746083372532,28.68409538269043,13147100,377112670.40576935
2015-02-18 00:00:00,28.6917982338946,28.868955293216285,28.599369102567874,28.64558219909668,8513300,243868434.93556976
2015-02-19 00:00:00,28.522353075370912,28.96909943116481,28.483841167729764,28.892072677612305,11780800,340371729.80041504
2015-02-20 00:00:00,28.8766609900417,29.05381805890462,28.622477192367118,28.999900817871094,9345200,271009873.12316895
2015-02-23 00:00:00,28.976787264821752,29.09232587269523,28.761118330944704,29.030704498291016,10970200,318472634.4871521
2015-02-24 00:00:00,28.976790096304327,29.20016319294335,28.945982344360676,29.076923370361328,8562400,248968248.66638184
2015-02-25 00:00:00,29.107730564369184,29.238671574642172,28.969085413333794,29.16164779663086,11161500,325487731.88209534
2015-02-26 00:00:00,29.123134886309746,29.369614493224727,28.892057683841852,28.930572509765625,10708200,309794356.54907227
2015-02-27 00:00:00,28.791929548304836,28.8458467827669,28.583961813264487,28.738012313842773,10490200,301467496.77467346
2015-03-02 00:00:00,28.73800574241947,29.046103734855397,28.73800574241947,28.969079971313477,11234200,325444438.21372986
2015-03-03 00:00:00,28.791929334883417,29.12313688027752,28.730307959801312,29.115432739257812,10036000,292202482.9711914
2015-03-04 00:00:00,28.98449805434385,29.115439097585337,28.73031423402397,28.938282012939453,12736400,368569535.02960205
2015-03-05 00:00:00,28.992186512722405,29.130831637712454,28.930568089542515,28.969079971313477,6620700,191795587.76607513
2015-03-06 00:00:00,28.85355538789845,28.92287798402981,28.291273414063934,28.376001358032227,13764200,390572957.8922272
2015-03-09 00:00:00,29.160336398952914,29.362247182201184,28.98172483678284,29.245759963989258,22979300,672047091.9404984
2015-03-10 00:00:00,29.067141842620355,29.33894134059075,28.84970224424404,29.160329818725586,20314000,592362939.9375916
2015-03-11 00:00:00,29.19916382241373,29.610749811678875,29.13703947986366,29.338947296142578,13191600,387027657.15179443
2015-03-12 00:00:00,29.401074708805034,29.87478504235583,29.385542882512375,29.843721389770508,13986000,417394287.3573303
2015-03-13 00:00:00,29.81265917360724,29.81265917360724,29.300120730826343,29.54862403869629,11404200,336978418.2621002
2015-03-16 00:00:00,29.719468134546368,29.97573584853351,29.672872658188343,29.960206985473633,11219000,336123562.1700287
2015-03-17 00:00:00,29.626280792197758,29.87478408009013,29.556389057328474,29.735000610351562,9702700,288509790.4220581
2015-03-18 00:00:00,29.641812030635712,29.97573890594551,29.338948809399643,29.898082733154297,19015600,568529982.0205688
2015-03-19 00:00:00,29.859251131816514,30.115518841774925,29.73499949254125,30.01456642150879,11255700,337834955.2705765
2015-03-20 00:00:00,30.099991697210314,30.23201075081559,29.93691195075075,30.185415267944336,19769700,596756604.2226791
2015-03-23 00:00:00,30.138817003315513,30.278600462894754,29.96796989440918,29.96796989440918,11656900,349333628.26213837
2015-03-24 00:00:00,29.91360282874132,29.91360282874132,29.31564105309837,29.39329719543457,15855900,466057181.001091
2015-03-25 00:00:00,29.41660708996161,29.43990334864354,29.02055291801068,29.0283203125,10209800,296373344.7265625
2015-03-26 00:00:00,29.276811103026834,29.43989076890202,28.849696422804875,29.005008697509766,13814500,400689692.65174866
2015-03-27 00:00:00,28.997253317764912,29.105973128942708,28.795345520205103,28.973957061767578,9237600,267649825.75378418
2015-03-30 00:00:00,29.183635334121103,29.408839411455226,29.14480428683554,29.26129150390625,9980300,292036467.59643555
2015-03-31 00:00:00,29.26128728533125,29.54085419608164,29.09820757485771,29.121503829956055,12633400,367903606.4853668
2015-04-01 00:00:00,28.942901772147774,29.020557956164495,28.39153516340585,28.53131866455078,16631200,474510066.97387695
2015-04-02 00:00:00,28.430352288357312,28.523540265708668,28.21291268707336,28.344928741455078,16517700,468193029.47273254
2015-04-06 00:00:00,28.158561831399673,28.70993142495193,28.119733737812695,28.469192504882812,13179000,375195488.0218506
2015-04-07 00:00:00,27.948891507859365,28.02654770051895,27.677088908763082,27.746980667114258,56224000,1560046241.027832
2015-04-08 00:00:00,27.871213787132316,28.1041851723172,27.762494004872163,28.04206085205078,27460300,770043403.6155701
2015-04-09 00:00:00,28.034301483354724,28.259508503852818,27.979941576667976,28.181852340698242,15475300,436122619.5280075
2015-04-10 00:00:00,28.5313091083213,28.562369794088454,28.24397480643293,28.399290084838867,16768900,476224855.5036545
2015-04-13 00:00:00,28.445888314559664,28.62449986520331,28.25950936992687,28.267276763916016,13530700,382476041.70951843
2015-04-14 00:00:00,28.313867284395013,28.593434200460468,28.298335459903306,28.32939910888672,12989700,367990395.6047058
2015-04-15 00:00:00,28.593432732506827,28.79534347814051,28.461416674693808,28.686620712280273,13734900,394007866.8210983
2015-04-16 00:00:00,28.834163837298647,28.87299190494397,28.531300762316775,28.79533576965332,12225800,352046016.05262756
2015-04-17 00:00:00,28.60120995221179,28.616738818848976,28.344939216795996,28.453659057617188,14375200,409027039.6850586
2015-04-20 00:00:00,28.694388127988788,28.865232263976317,28.539072853315382,28.818639755249023,13879800,399996956.0749054
2015-04-21 00:00:00,28.989488586919034,29.082676572337828,28.601201858215973,28.85746955871582,17130500,494342882.27558136
2015-04-22 00:00:00,28.834173302959282,28.90406503262154,28.476947261134054,28.85746955871582,16025100,462443835.4253769
2015-04-23 00:00:00,28.15078471841968,28.189612794518347,27.630481981434443,27.894514083862305,41820400,1166559736.7927551
2015-04-24 00:00:00,27.739205733111618,27.80909746500775,27.521763143661012,27.63825035095215,21252500,587381915.5836105
2015-04-27 00:00:00,27.684850404724802,27.917821895441953,27.614958661270332,27.785802841186523,15497400,430607700.951004
2015-04-28 00:00:00,27.762500662125483,27.925580374621084,27.312086642022273,27.73920440673828,14857500,412135229.473114
2015-04-29 00:00:00,27.568355945970307,27.723671219834543,27.366448163621513,27.576120376586914,11907300,328357138.16013336
2015-04-30 00:00:00,27.381973976309148,27.513992981232903,27.125706320998052,27.226661682128906,15784500,429759241.3215637
2015-05-01 00:00:00,27.31208604361484,27.545060441952778,27.032522097915873,27.506229400634766,15307400,421048855.9272766
2015-05-04 00:00:00,27.568361661949304,27.739208794862375,27.490705490112305,27.490705490112305,12020100,330441029.0616989
2015-05-05 00:00:00,27.490705690168312,27.58389368952947,27.17231064349069,27.18783950805664,11068100,300917726.4591217
2015-05-06 00:00:00,27.288788540128085,27.358680263953033,26.8306101200295,27.00145721435547,13076200,353076454.826355
2015-05-07 00:00:00,26.900502713881302,27.203365872787273,26.830610987795886,27.086881637573242,14033700,380129170.8372116
2015-05-08 00:00:00,27.218907888375323,27.537302990340354,27.20337605871927,27.4285831451416,12787000,350729292.67692566
2015-05-11 00:00:00,27.413038328263376,27.638245307991475,27.31208296452454,27.350914001464844,8833100,241593358.4663391
2015-05-12 00:00:00,27.149008828293994,27.149008828293994,26.79955016108229,26.978164672851562,14049300,379024328.93829346
2015-05-13 00:00:00,27.00922746591705,27.15677833823266,26.954867553714365,27.02475929260254,9196900,248544008.7381363
2015-05-14 00:00:00,27.18007324438612,27.211136896211137,26.81508274142435,26.908273696899414,12645300,340263193.37940216
2015-05-15 00:00:00,26.947096390552797,27.164535985050108,26.947096390552797,27.11017608642578,9778800,265104989.91394043
2015-05-18 00:00:00,27.156780146753142,27.343156154604724,27.063589180434118,27.218904495239258,10285700,279965485.96668243
2015-05-19 00:00:00,27.3120881985662,27.366451068222194,27.149008476776515,27.27326011657715,9856700,268824342.991066
2015-05-20 00:00:00,27.366447603637518,27.413040111168677,26.916033614887034,27.195600509643555,12925600,351519453.94744873
2015-05-21 00:00:00,27.18007149930246,27.692609871936458,27.18007149930246,27.63048553466797,16016000,442529856.3232422
2015-05-22 00:00:00,27.58389510147377,27.754742244375333,27.506235962703403,27.723678588867188,9648200,267483595.7611084
2015-05-26 00:00:00,27.529525296455464,27.64600951917803,27.513993474280685,27.583885192871094,12566300,346627376.499176
2015-05-27 00:00:00,27.58389216253826,27.809099197387695,27.514000426288188,27.809099197387695,10058300,279712262.45708466
2015-05-28 00:00:00,28.042076079732574,28.329407512077058,27.933356238434314,28.2595157623291,18063900,510477066.77913666
2015-05-29 00:00:00,28.33716818293088,28.40705991609234,27.840158656897863,27.933349609375,15806300,441522903.93066406
2015-06-01 00:00:00,28.003245635157224,28.220685299482977,27.684850571368838,28.096433639526367,12012500,337508409.0948105
2015-06-02 00:00:00,28.02653942146145,28.344934457141843,27.933351425318964,28.12749481201172,16948300,476713220.3224182
2015-06-03 00:00:00,28.243974337316974,28.282802415675413,27.85568762894762,27.91004753112793,12817100,357725870.2112198
2015-06-04 00:00:00,27.692610443857628,27.855690165247196,27.545062547704127,27.599422454833984,10538500,290856513.54026794
2015-06-05 00:00:00,27.568358872000935,27.607186953989988,27.149008476776515,27.27326011657715,24629200,671718578.0632019
2015-06-08 00:00:00,27.351722956898918,27.555721864969023,27.304644904387295,27.453723907470703,15636100,429269172.38960266
2015-06-09 00:00:00,27.547878656756,27.712647360729676,27.461570385224938,27.665569305419922,12901000,356913509.6092224
2015-06-10 00:00:00,27.814646088477435,27.948029411556128,27.689107610784912,27.92449188232422,11402200,318400641.3406372
2015-06-11 00:00:00,28.02649277646486,28.254029209103592,27.89310646057129,27.89310646057129,16819000,469134157.5603485
2015-06-12 00:00:00,27.759722538208443,28.167723329374894,27.759722538208443,28.018644332885742,11170200,312973860.9272003
2015-06-15 00:00:00,27.736186231137335,28.034341276348755,27.46941655764791,27.822494506835938,14016000,389960083.0078125
2015-06-16 00:00:00,27.74403716340258,28.073574623997775,27.594958127641224,27.9401912689209,6638600,185483753.75785828
2015-06-17 00:00:00,27.99510789092296,28.097108840942383,27.681260195358636,28.097108840942383,10286600,289023719.8032379
2015-06-18 00:00:00,28.14418190996094,28.622798264968996,28.128489226985057,28.403106689453125,15490900,439989685.4156494
2015-06-19 00:00:00,28.340330042288535,28.505101682607144,28.206946754443475,28.33248519897461,14831300,420207587.7315521
2015-06-22 00:00:00,28.473725187455415,28.669879255167718,28.348186703842483,28.395261764526367,13783000,391371892.9004669
2015-06-23 00:00:00,28.53649601029522,28.62280428828847,28.45803557197801,28.4815731048584,7279900,207343004.04605865
2015-06-24 00:00:00,28.175568881001052,28.22264693261061,27.547876491573984,27.587106704711914,16930000,467049716.5107727
2015-06-25 00:00:00,27.626333950213095,27.7126422056893,27.1241800926131,27.226181030273438,14593100,397314382.3928833
2015-06-26 00:00:00,27.226182225466474,27.320335329631394,26.896641871279414,26.97510528564453,11632800,313796004.7668457
2015-06-29 00:00:00,26.77110184594589,26.810332054312532,26.049256434165912,26.07279396057129,18717700,488022735.5157852
2015-06-30 00:00:00,26.284639864213723,26.33956275284236,25.939409850966133,26.151256561279297,12911800,337659794.467926
2015-07-01 00:00:00,26.370956211778964,26.370956211778964,25.64126276103924,25.923725128173828,16169500,419173673.4600067
2015-07-02 00:00:00,26.041408596648758,26.245410469072173,25.939410653510095,26.07279396057129,8646400,225435805.7006836
2015-07-06 00:00:00,25.774640492888324,25.98648722211287,25.586334284515313,25.617719650268555,10433100,267272230.88321686
2015-07-07 00:00:00,25.59417867118789,25.853103444406603,25.115562327776214,25.782487869262695,18589300,479278401.748085
2015-07-08 00:00:00,25.41371992471764,25.429412608927276,24.276027257180168,24.47218132019043,29971400,733465535.2199554
2015-07-09 00:00:00,24.809572003248118,24.911571479965367,24.260339907437203,24.330955505371094,16934200,412025266.7190552
2015-07-10 00:00:00,24.558493320010516,24.65264794878187,24.315262649112015,24.63695526123047,12237800,301502131.09588623
2015-07-13 00:00:00,25.00572118711037,25.029258717430352,24.6840271395485,24.856643676757812,16327100,405836906.9747925
2015-07-14 00:00:00,24.78602637953659,25.09987256658334,24.660487904717893,24.927257537841797,10832900,270034488.1816864
2015-07-15 00:00:00,24.99002893502453,25.02925915059461,24.55848908106966,24.660490036010742,18022000,444431351.4289856
2015-07-16 00:00:00,24.43295077822604,24.480028833106566,23.781719317746866,24.017105102539062,35920700,862711227.2567749
2015-07-17 00:00:00,24.040646088033032,24.166184592680438,23.8758773618847,24.048492431640625,16230200,390311841.8640137
2015-07-20 00:00:00,24.20540779840178,24.20540779840178,23.868022624608756,23.9307918548584,15643900,374370914.6982193
2015-07-21 00:00:00,23.93864084061785,23.977871052657125,23.789563341102617,23.844486236572266,23472100,559680165.3934479
2015-07-22 00:00:00,23.79741140233469,23.946488912621735,23.45217982460455,23.77387237548828,20867800,496108413.95721436
2015-07-23 00:00:00,25.625566879924413,25.656952248598422,24.6369502147443,24.715412139892578,38967600,963100294.102478
2015-07-24 00:00:00,25.02925593603715,25.060641301691767,24.181870518338364,24.37017822265625,22967600,559724505.3466797
2015-07-27 00:00:00,24.28387477331017,24.574181962539942,24.00925877251191,24.362335205078125,23336100,568521890.5792236
2015-07-28 00:00:00,24.707565424805175,24.825257562482857,24.495718679063316,24.574180603027344,23184400,569737632.7728271
2015-07-29 00:00:00,24.699722248469776,25.15480116648036,24.660492029728065,25.068492889404297,20632700,517230693.23921204
2015-07-30 00:00:00,25.02140906311151,25.146947529990044,24.911563278726938,25.03710174560547,10123300,253458092.10128784
2015-07-31 00:00:00,25.170493447269646,25.20972366537963,24.66049163261849,24.7232608795166,12399300,306551128.6233902
2015-08-03 00:00:00,24.942951945362466,25.02141237514477,24.56633499833828,24.856643676757812,14800600,367893240.4022217
2015-08-04 00:00:00,24.84094777444198,24.92725603186679,24.629101049782847,24.731101989746094,15105900,373585553.5469055
2015-08-05 00:00:00,24.927253815196906,24.927253815196906,24.480022878377834,24.793869018554688,14403600,357120971.7956543
2015-08-06 00:00:00,24.786024676027903,25.052794290817108,24.43294680453144,24.99787139892578,19567900,489155847.7470398
2015-08-07 00:00:00,25.1783349280365,25.217565140902522,24.793873155110038,24.903718948364258,12960000,322752197.5708008
2015-08-10 00:00:00,25.06849240003146,25.303876700960522,24.997876810445362,25.060646057128906,11676400,292618127.62145996
2015-08-11 00:00:00,24.550644425302846,24.56633561373031,24.001412423847736,24.189720153808594,24340300,588785045.4597473
2015-08-12 00:00:00,23.875873988292877,24.323105034973928,23.373720040656163,24.221105575561523,23093600,559352523.7197876
2015-08-13 00:00:00,24.221102225406632,24.51925571644247,24.17402417692471,24.37017822265625,20432400,497941229.51660156
2015-08-14 00:00:00,24.43295120946307,24.75464377414043,24.370181965051316,24.70756721496582,12222400,301985769.52819824
2015-08-17 00:00:00,24.691874273890928,24.85664447410009,24.456489983919916,24.801721572875977,12057900,299056678.55358124
2015-08-18 00:00:00,24.64479230588326,24.92725458907988,24.58986941671425,24.880176544189453,9279800,230883062.2947693
2015-08-19 00:00:00,24.801722141180843,25.146952241510665,24.6134144055818,24.817413330078125,13919100,345436057.8826904
2015-08-20 00:00:00,24.68402631183522,24.68402631183522,24.189718736712873,24.19756507873535,13352500,323097987.7138138
2015-08-21 00:00:00,23.899402920767745,23.954327298499624,23.201095151504276,23.224634170532227,27542200,639657519.2516327
2015-08-24 00:00:00,21.420020264212297,22.11048331323568,19.317250242461373,21.812328338623047,35740400,779581339.7537231
2015-08-25 00:00:00,22.910796464282853,22.910796464282853,21.404333114624023,21.404333114624023,19966200,427363195.8332062
2015-08-26 00:00:00,21.671100713300532,22.126178062265936,21.106176075594046,22.04771614074707,27717300,611103162.5879288
2015-08-27 00:00:00,22.377258917227977,22.61264322630667,21.98495073773886,22.424335479736328,28498900,639068894.4034576
2015-08-28 00:00:00,22.44002758886237,22.863719633612824,22.385104684592584,22.753873825073242,15167300,345114830.4670334
2015-08-31 00:00:00,22.8244898122984,23.29525992307176,22.769566907073276,23.099105834960938,16283900,376143529.5059204
2015-09-01 00:00:00,22.895108165811624,23.044185709790934,22.283106798320595,22.47141456604004,16687400,374989483.42933655
2015-09-02 00:00:00,22.761719677611516,22.926488386870705,22.45571979096624,22.918642044067383,10776300,246978162.25948334
2015-09-03 00:00:00,23.052024692814076,23.310947994624687,22.769563861362233,22.840179443359375,11504200,262757992.35229492
2015-09-04 00:00:00,22.58126093035289,22.78526137754734,22.416490705237855,22.65972137451172,13435300,304440154.5829773
2015-09-08 00:00:00,23.146174849871297,23.491406351408056,23.146174849871297,23.44432830810547,19298900,452449747.58529663
2015-09-09 00:00:00,23.695408969221866,23.852331305542346,23.161869733351743,23.240331649780273,16053600,373090988.1729126
2015-09-10 00:00:00,23.184734499732073,24.201398813367632,23.184734499732073,23.828092575073242,18672000,444918144.5617676
2015-09-11 00:00:00,23.836037815838953,23.986949507951117,23.49450154603486,23.947235107421875,15344700,367463138.55285645
2015-09-14 00:00:00,23.91546365603534,24.439681591731652,23.875749257907206,24.399967193603516,20148900,491632498.9871979
2015-09-15 00:00:00,24.439686814919305,25.05921640862866,24.439686814919305,24.614425659179688,22400700,551380364.8635864
2015-09-16 00:00:00,24.685910235575346,25.075102333225555,24.55882716348343,24.78122329711914,17076600,423179037.7555847
2015-09-17 00:00:00,24.82093172916234,25.26572240156308,24.7256186847446,24.868587493896484,16644600,413927691.4009094
2015-09-18 00:00:00,24.606479655481852,24.717678464946093,24.201401849100254,24.233173370361328,31085700,753305157.4390411
2015-09-21 00:00:00,24.360252354477407,24.590589785328667,24.12991340867688,24.320539474487305,14325600,348406320.29571533
2015-09-22 00:00:00,23.36741791900818,23.87575011367312,23.35947503909786,23.8519229888916,17190200,410019326.5636444
2015-09-23 00:00:00,23.83603659829136,23.93929100449419,23.502443225633108,23.605697631835938,11277100,266203812.76397705
2015-09-24 00:00:00,23.359472144471805,23.438899418783205,22.851140012797647,23.38330078125,19687600,460361072.4609375
2015-09-25 00:00:00,23.661291751871182,23.701004625288515,23.21649969186219,23.359468460083008,13369400,312302077.63023376
2015-09-28 00:00:00,23.2641594431613,23.287986563777498,22.589029918300938,22.684341430664062,15648900,354984990.61431885
2015-09-29 00:00:00,22.763766004488215,23.264156687443776,22.541369977069188,23.152957916259766,17043700,394612068.83735657
2015-09-30 00:00:00,23.5262675126528,23.907516578035846,23.33564146501216,23.843975067138672,18931900,451411751.5735626
2015-10-01 00:00:00,24.058432436974133,24.423795809716133,23.81220771365734,24.360254287719727,18261900,444864527.7769089
2015-10-02 00:00:00,23.986947199856573,25.226007593102807,23.955175682490328,25.202178955078125,16596600,418270483.2458496
2015-10-05 00:00:00,25.33720665760745,25.543716990177412,25.03538479612793,25.226009368896484,15407500,388669739.3512726
2015-10-06 00:00:00,25.265717671828103,25.718452654373703,25.265717671828103,25.59136962890625,14214900,363778760.13793945
2015-10-07 00:00:00,25.774055409387802,26.361813359933283,25.742283890466748,26.2506160736084,15238600,400022638.09928894
2015-10-08 00:00:00,26.171191488727885,26.615980654124847,26.099707082874954,26.552440643310547,12909800,342786698.2170105
2015-10-09 00:00:00,26.480953066124798,26.711292016276744,26.044105318183973,26.171188354492188,14169100,370822184.91363525
2015-10-12 00:00:00,26.242673325761974,26.337984847603135,25.909078454469935,26.226787567138672,10766400,282368085.6628418
2015-10-13 00:00:00,26.09175611469452,26.504776685583977,25.98055885135855,26.31415367126465,11789300,310225451.8766403
2015-10-14 00:00:00,26.369751305855775,26.60803157969432,26.14735375769481,26.473007202148438,11974000,316987788.2385254
2015-10-15 00:00:00,26.647750502881316,26.735120663431875,26.337985773582975,26.465068817138672,10844300,286995145.7736969
2015-10-16 00:00:00,26.504784919850703,26.576269329903127,26.115594377264607,26.330047607421875,9445800,248708363.69018555
2015-10-19 00:00:00,26.210897547496366,26.44123646524083,26.052043016986453,26.40152359008789,10084600,266248804.79660034
2015-10-20 00:00:00,26.35387131587712,26.917802127645803,26.274445550520504,26.592151641845703,11848300,315071790.29808044
2015-10-21 00:00:00,27.76766850344447,28.49045382274808,27.57704546862731,28.133031845092773,36877400,1037473068.5642242
2015-10-22 00:00:00,28.307772151923924,28.42691382110853,27.77561289733598,28.133031845092773,22708100,638847700.4415512
2015-10-23 00:00:00,28.22834657579297,28.64136719377812,28.12509066382205,28.553997039794922,18277800,521904247.0939636
2015-10-26 00:00:00,28.514290654776442,28.5460591480896,28.005955373076066,28.331605911254883,14010800,396948464.1014099
2015-10-27 00:00:00,28.109203691071503,28.188632477577524,27.59293021332515,27.775611877441406,15536000,431521906.1279297
2015-10-28 00:00:00,27.791506130987585,28.03772786968362,27.521454234105335,27.97418785095215,9668600,270471232.65571594
2015-10-29 00:00:00,27.831209056410625,27.83915041969639,27.092538045006535,27.60087013244629,12087600,333628277.81295776
2015-10-30 00:00:00,27.680299496223636,27.958295725866233,27.370534779395037,27.727956771850586,10723900,297351835.6256485
2015-11-02 00:00:00,27.7041256075265,28.39513933887017,27.68823985130159,28.25217056274414,11858400,335025539.4012451
2015-11-03 00:00:00,28.220400780544892,28.585767136322872,28.085376389201798,28.418968200683594,15144900,430402431.50253296
2015-11-04 00:00:00,28.458685336877558,28.53016670251011,28.101263359222255,28.133031845092773,12716600,357756512.76130676
2015-11-05 00:00:00,28.22039872439569,28.244228873406957,27.9503469314872,28.148914337158203,7679700,216175217.43507385
2015-11-06 00:00:00,28.053601621442567,28.43485066030782,28.00594435537265,28.395137786865234,9376900,266258367.51365662
2015-11-09 00:00:00,28.577830671301978,28.68902797264608,28.148924197632542,28.331605911254883,9997600,283248063.2583618
2015-11-10 00:00:00,28.228351085818364,28.29983549323486,27.9265276956266,28.29189109802246,9687200,274069207.4447632
2015-11-11 00:00:00,28.387197422226592,28.60164755233619,28.21245713705774,28.236284255981445,6751800,190645744.03953552
2015-11-12 00:00:00,28.06949334263439,28.18069062386649,27.815327262704265,27.870925903320312,10650900,296850444.7036743
2015-11-13 00:00:00,27.775612148308902,27.93446366307327,27.156079727113852,27.251394271850586,12090600,329485707.5832367
2015-11-16 00:00:00,27.251401556553795,27.974187049577264,27.235515794851175,27.934471130371094,14599100,407818137.47940063
2015-11-17 00:00:00,27.251395184428862,28.268059456478696,27.251395184428862,27.966236114501953,11748200,328552935.12039185
2015-11-18 00:00:00,28.11715373812418,28.974963595578327,28.03772493564759,28.959077835083008,14866300,430514338.8196945
2015-11-19 00:00:00,28.935243481067783,28.967014994121676,28.64930592337922,28.704904556274414,9760800,280182832.3928833
2015-11-20 00:00:00,28.839940497016666,28.927307638893613,28.60165710857309,28.863767623901367,10793200,311532416.71829224
2015-11-23 00:00:00,28.903467247192868,29.28471625187523,28.64135988205401,28.657245635986328,9849300,282253809.44252014
2015-11-24 00:00:00,28.40308906442389,28.8558256753824,28.34749041621653,28.768455505371094,10346900,297664332.26852417
2015-11-25 00:00:00,28.712857437133028,28.927307638893613,28.681085914687333,28.863767623901367,7292800,210497684.5275879
2015-11-27 00:00:00,28.879650950681405,28.98290687497627,28.768453661394116,28.887592315673828,2899300,83753796.40083313
2015-11-30 00:00:00,29.070271464070647,29.292669053070796,28.744620989715436,28.752565383911133,13959400,401368561.22016907
2015-12-01 00:00:00,28.553996909215957,28.863761613813615,28.434855239802157,28.80021858215332,12656400,364507086.4631653
2015-12-02 00:00:00,28.83993897835231,28.879651864368643,28.291890849670384,28.379261016845703,9715100,275707358.7047577
2015-12-03 00:00:00,28.45868422932131,28.593708621237035,27.982120601028324,28.172746658325195,10795800,304147338.37394714
2015-12-04 00:00:00,28.276005489279612,28.863766512292408,28.093323787101063,28.792282104492188,11562600,332913641.06140137
2015-12-07 00:00:00,28.95907360641639,29.006730880943326,28.585768893933693,28.69696617126465,11303500,324376157.11688995
2015-12-08 00:00:00,28.458690852084185,28.49045934411134,27.982127112887692,28.180694580078125,11905400,335502441.2536621
2015-12-09 00:00:00,28.03771868933977,28.35542776866816,27.688241125997205,28.1568603515625,11692000,329210011.23046875
2015-12-10 00:00:00,27.998008043946854,28.506340187478713,27.942409405116717,28.29983139038086,8827000,249802611.68289185
2015-12-11 00:00:00,27.910637769840378,28.125090960085817,27.219623954537443,27.442018508911133,16271200,446514571.5621948
2015-12-14 00:00:00,27.62470232484893,27.67235960300942,27.044885741774216,27.314937591552734,13793100,376757665.694046
2015-12-15 00:00:00,27.600870300959066,27.76766620006266,27.243448352952605,27.43407440185547,13874300,380628578.47366333
2015-12-16 00:00:00,27.57052059037258,28.228681273764835,27.490258287250835,28.20460319519043,14771600,416627116.55807495
2015-12-17 00:00:00,28.21263694787074,28.308952343387997,27.345789202781784,27.37789535522461,14448400,395566783.25042725
2015-12-18 00:00:00,27.257497591774143,27.33776296928072,26.92039219167975,27.02473258972168,19469500,526158031.15558624
2015-12-21 00:00:00,27.12105013059474,27.33776204985743,26.960522442791525,27.153156280517578,12820000,348103463.51623535
2015-12-22 00:00:00,27.458151372571507,27.68289132627976,27.345782926622636,27.522363662719727,9202900,253285560.55164337
2015-12-23 00:00:00,27.698950804893297,28.04408432788513,27.59461039045321,27.91566276550293,8816700,246124023.90460968
2015-12-24 00:00:00,27.86750337829816,27.891581461650933,27.690922602214595,27.77118492126465,3134800,87057110.49118042
2015-12-28 00:00:00,27.715004799746673,27.82737328782187,27.53039898907861,27.698951721191406,5348600,148150613.17596436
2015-12-29 00:00:00,27.819341411022595,27.84341949200493,27.42604873804932,27.690919876098633,7056400,195398207.0137024
2015-12-30 00:00:00,27.54644580859378,27.739079645675492,27.514339658778333,27.554473876953125,4694500,129354477.61535645
2015-12-31 00:00:00,27.4581541753069,27.530391478191866,27.28960148917892,27.297626495361328,6586000,179782168.0984497
2016-01-04 00:00:00,26.848152989413204,26.920390293169184,26.358544937490546,26.73578453063965,14875500,397708162.7855301
2016-01-05 00:00:00,26.751839723801332,26.816048964552763,25.828807776237053,26.02946662902832,19777200,514789967.4156189
2016-01-06 00:00:00,25.64420002794617,25.668278108650807,24.889722370790334,25.098407745361328,27515200,690587708.795166
2016-01-07 00:00:00,24.287751158895542,24.737226624032562,23.942617638361384,24.0710391998291,21046300,506606312.3113632
2016-01-08 00:00:00,24.44827580035321,24.64090966128773,23.61353570356154,23.701826095581055,16448000,389847635.6201172
2016-01-11 00:00:00,24.37603722583846,24.46432607684598,23.82221838358447,24.279720306396484,16877400,409778551.499176
2016-01-12 00:00:00,24.584724386810308,24.681041319215513,23.918536991300233,24.319854736328125,13398900,325859301.6265869
2016-01-13 00:00:00,25.547884532097218,25.60406876473742,24.151299130119416,24.472352981567383,31586200,772988635.7463837
2016-01-14 00:00:00,24.729199019965264,24.7934097979335,23.63761579450527,24.319854736328125,27106700,659231006.3812256
2016-01-15 00:00:00,23.645640196235234,23.822220979301875,23.11590090884665,23.733930587768555,26698100,633650852.2253036
2016-01-19 00:00:00,24.022874209356708,24.079058434091404,23.204185855180327,23.597476959228516,17826600,420662782.76138306
2016-01-20 00:00:00,23.164053892280013,23.99879375935848,22.73063012081033,23.613529205322266,21481000,507242220.8595276
2016-01-21 00:00:00,23.6456372213396,24.19142951686827,23.332609917512176,23.71787452697754,15844000,375786004.0054321
2016-01-22 00:00:00,24.207483878240726,24.311827338999187,23.30050653722359,23.50116539001465,18302800,430137129.9003601
2016-01-25 00:00:00,23.54129288755092,23.749978245711812,23.29247637743441,23.461029052734375,33627700,788940446.6766357
2016-01-26 00:00:00,23.605507257680284,23.878403419229638,23.30853301363899,23.798139572143555,11656700,277407773.5506058
2016-01-27 00:00:00,23.854319060179826,23.99879365001144,23.276422231758602,23.444974899291992,12932300,303197448.89011383
2016-01-28 00:00:00,23.653659681733654,23.661686217743892,22.794840230405676,23.2924747467041,16421200,382490386.3105774
2016-01-29 00:00:00,23.412873474288663,23.790111541748047,23.292478476665917,23.790111541748047,13445800,319877081.7680359
2016-02-01 00:00:00,23.645634703005523,24.271690774888913,23.356687042133068,24.167348861694336,13831700,334275519.25029755
2016-02-02 00:00:00,24.07103573369291,24.231563427865076,23.172084932864312,23.798139572143555,23777400,565857883.8626862
2016-02-03 00:00:00,24.159325423977357,24.27972042569225,22.618265421672405,23.212215423583984,29069800,674774459.9205017
2016-02-04 00:00:00,23.228265949436935,23.444976316377748,22.554052176741354,22.98747444152832,21002800,482801328.200531
2016-02-05 00:00:00,23.011557047117563,23.436954361498426,22.810898196525645,22.907215118408203,14125200,323568994.99053955
2016-02-08 00:00:00,22.698523263072303,23.14799853168514,22.513916009635782,23.019577026367188,19174000,441377369.90356445
2016-02-09 00:00:00,22.578133475489693,23.172085027817236,22.289185768063533,22.369449615478516,21654100,484390298.9185333
2016-02-10 00:00:00,22.570109778624495,22.987479053778223,22.224976286341,22.24102783203125,15163800,337258497.83935547
2016-02-11 00:00:00,22.056415435157845,22.54602340829244,21.42233440866543,21.59088706970215,25164400,543321718.5768127
2016-02-12 00:00:00,21.855763179163667,22.26510744692509,21.71128855161191,22.24102783203125,11041000,245563188.29345703
2016-02-16 00:00:00,22.47379114105297,22.947346148283312,22.281158829266893,22.939319610595703,14627500,335544897.60398865
2016-02-17 00:00:00,23.164056984421514,23.55734812719659,23.035635449266607,23.49313735961914,13256100,311427378.1528473
2016-02-18 00:00:00,23.637607721680347,23.717870018549814,23.21221050610835,23.300500869750977,12158600,283301469.8749542
2016-02-19 00:00:00,23.180108196374448,23.26037203742386,22.77879052203281,23.09984588623047,12362300,285567224.7993469
2016-02-22 00:00:00,23.0998447240212,23.79011004814419,23.0998447240212,23.78208351135254,12215500,290510041.13292694
2016-02-23 00:00:00,23.605502414242906,23.93458274195931,23.501160506074022,23.581422805786133,9949600,234625724.3484497
2016-02-24 00:00:00,23.05168381362848,23.196158403477767,22.32128585908396,23.148000717163086,20989100,485855701.8526077
2016-02-25 00:00:00,23.13997814132498,23.685770449320213,22.91523968188415,23.677743911743164,11904300,281866966.84856415
2016-02-26 00:00:00,23.862347348363684,24.04695310185557,23.709847742038402,23.78208351135254,15778300,375240848.26717377
2016-02-29 00:00:00,23.57340293905434,23.918534883401662,23.50919216674489,23.629587173461914,10329400,244079457.7495575
2016-03-01 00:00:00,24.095112260647966,24.263664940123135,23.212213117606343,24.087085723876953,21007300,506004635.9272003
2016-03-02 00:00:00,24.07906406179987,24.335907166847495,23.950642509276054,24.199459075927734,12094700,292685197.68562317
2016-03-03 00:00:00,24.28774537101434,25.058274556200015,24.239587679666585,24.93787956237793,18341300,457393130.4174423
2016-03-04 00:00:00,25.05827625762508,25.475647026725635,24.929854718041142,25.178672790527344,13963200,351574843.9086914
2016-03-07 00:00:00,25.13051474928896,25.507754379136657,25.034199355514865,25.355253219604492,11373800,288385579.0691376
2016-03-08 00:00:00,25.20274809116118,25.20274809116118,24.448270481185972,24.62485122680664,16794400,413559601.44348145
2016-03-09 00:00:00,24.763015823800572,24.893047948597346,24.543587582021765,24.81990623474121,12158900,301782757.9175949
2016-03-10 00:00:00,24.966184390666857,25.096216479932977,24.60046972089518,25.047454833984375,15092700,378033721.572876
2016-03-11 00:00:00,25.234372675906002,25.461929579285535,25.177483837587264,25.405040740966797,13363000,339487559.4215393
2016-03-14 00:00:00,25.34003257751465,25.510699145497398,25.112475603432586,25.34003257751465,9353100,237007858.70075226
2016-03-15 00:00:00,25.079959076160083,25.258752778901073,24.73862451630583,25.234371185302734,8983200,226685403.23181152
2016-03-16 00:00:00,25.055583384737837,25.811395913178554,25.055583384737837,25.754507064819336,9991900,257336459.14096832
2016-03-17 00:00:00,25.787013236752568,26.087711865550098,25.713869991887265,25.973934173583984,11295900,293398963.0313873
2016-03-18 00:00:00,26.071460566877445,26.315270349691918,25.93329972648317,25.973934173583984,15431600,400819362.5930786
2016-03-21 00:00:00,26.095844590506818,26.160859095730437,25.803271566475377,26.07146453857422,7397300,192858444.63119507
2016-03-22 00:00:00,26.071464683416867,26.17711364251845,25.811398910552413,25.9251766204834,8195600,212472377.51083374
2016-03-23 00:00:00,25.94142702806429,25.949554227537412,25.331901018523407,25.4456787109375,9107100,231736340.5883789
2016-03-24 00:00:00,25.096219756205368,25.169363009729395,24.697996237077316,25.161235809326172,12041000,302966440.38009644
2016-03-28 00:00:00,25.299389446619443,25.396914279498755,25.144977323875427,25.209993362426758,6109400,154017933.44841003
2016-03-29 00:00:00,25.226252978947418,25.421301134957226,24.852409517349912,25.34815788269043,13667800,346453552.30903625
2016-03-30 00:00:00,25.551335650092515,25.738256623477422,25.161237751156715,25.185619354248047,13377600,336923141.4733887
2016-03-31 00:00:00,25.201866847355074,25.67323352716252,25.193739648552658,25.543201446533203,10209000,260770543.56765747
2016-04-01 00:00:00,25.34002880003115,25.356283199350738,24.641105130337166,24.763010025024414,17421700,431413731.75296783
2016-04-04 00:00:00,24.706121035245438,24.77113708204458,24.17786546123933,24.29977035522461,12167300,295662595.8431244
2016-04-05 00:00:00,24.11285045853617,24.161612108220716,23.85278626007873,24.05596160888672,9101900,218954956.96792603
2016-04-06 00:00:00,24.104722265989867,24.34040640495251,23.812149279720337,24.332279205322266,9620300,234083825.6389618
2016-04-07 00:00:00,24.259141323702273,24.340411787872995,23.714631228895172,23.909679412841797,12865600,307612371.4538574
2016-04-08 00:00:00,24.11285510305766,24.18599836672549,23.75526598624885,23.86904525756836,8843500,211085901.7353058
2016-04-11 00:00:00,23.966564228339998,24.41355093079677,23.958437028283885,23.999073028564453,8882900,213181365.80543518
2016-04-12 00:00:00,24.02345603104163,24.194124152984813,23.787773400869266,24.145360946655273,11214500,270778150.33626556
2016-04-13 00:00:00,24.38916376594102,25.08808731024967,24.332274928633023,25.014944076538086,11076800,277085532.5469971
2016-04-14 00:00:00,25.063711373770673,25.23437792422259,24.901170473250353,24.9661865234375,8218800,205192093.79882812
2016-04-15 00:00:00,24.93367596042178,25.071835242475146,24.714246238906775,24.836151123046875,8261200,205176411.65771484
2016-04-18 00:00:00,24.998693590649438,25.494441907776228,24.876788698762223,25.4456787109375,15745300,400649845.0073242
2016-04-19 00:00:00,25.72199909253799,26.136476994042052,25.689491842475565,25.98206329345703,14408300,374357362.55111694
2016-04-20 00:00:00,26.006445997263704,26.339653462595248,26.006445997263704,26.160858154296875,12911500,337775920.0592041
2016-04-21 00:00:00,26.965432706325213,27.152353656343767,26.38841545624058,26.542827606201172,22792300,604972089.648819
2016-04-22 00:00:00,26.542833043800087,26.64848511552757,26.103973453741727,26.15273666381836,13824500,361548508.0089569
2016-04-25 00:00:00,26.07958656188237,26.095840960980055,25.68136308461797,25.965808868408203,10604800,275362209.8876953
2016-04-26 00:00:00,26.006445997263704,26.25025580844606,25.949557144661487,26.160858154296875,8701200,227630858.97216797
2016-04-27 00:00:00,26.152730916510453,26.242128565233084,25.998317218745417,26.136476516723633,6711400,175412348.494339
2016-04-28 00:00:00,25.982065518659947,26.5997188237933,25.787017351266,26.36403465270996,13443200,354416990.64331055
2016-04-29 00:00:00,26.290887715155705,26.290887715155705,25.61634719951051,25.843902587890625,12533000,323901631.1340332
2016-05-02 00:00:00,26.047078222962185,26.10396707070236,25.787014033232897,25.803268432617188,9794000,252717211.02905273
2016-05-03 00:00:00,25.656985382476353,25.681366984825697,24.92555436315166,25.396921157836914,15046300,382129694.81716156
2016-05-04 00:00:00,25.193740167864135,25.266883408488894,24.722373478340543,24.860532760620117,13712700,340905027.5865555
2016-05-05 00:00:00,25.02308162349932,25.03933447652002,24.62485649744085,24.81990623474121,10383800,257724942.3603058
2016-05-06 00:00:00,24.97431485036698,25.283142265269536,24.836155543722146,25.161235809326172,11427900,287540086.70539856
2016-05-09 00:00:00,25.193737786663867,25.25062662397186,24.81989597000872,25.014944076538086,8127200,203301453.49884033
2016-05-10 00:00:00,25.112469454548968,25.494440051449235,25.063707811365525,25.478185653686523,9185400,234027326.5033722
2016-05-11 00:00:00,25.453806687920306,25.567584383809844,25.19374249725573,25.258758544921875,8538100,215661806.33239746
2016-05-12 00:00:00,25.356286979257312,25.494446293859802,24.990570690572756,25.34003257751465,9411500,238487716.6032791
2016-05-13 00:00:00,25.088097663723364,25.429432378539506,24.6817468865663,24.803651809692383,10563400,262010895.52650452
2016-05-16 00:00:00,24.787394962895632,25.177491298483204,24.787394962895632,24.925554275512695,17749500,442416125.6132126
2016-05-17 00:00:00,24.706118779650044,25.014946136329556,24.608595493407336,24.89303970336914,9542900,237551788.58528137
2016-05-18 00:00:00,24.836156355858805,25.226254237444724,24.738633048041095,24.990570068359375,8454200,211275277.47192383
2016-05-19 00:00:00,24.795517429148948,24.933676715385623,24.519198856675594,24.641103744506836,10142200,249915002.39753723
2016-05-20 00:00:00,24.795518595514658,25.0230755335806,24.706120950184317,24.844280242919922,7736100,192197836.3872528
2016-05-23 00:00:00,24.78738951999536,24.89304000639517,24.66548463565567,24.860532760620117,6698900,166538222.9101181
2016-05-24 00:00:00,24.90929102118071,25.258752778901073,24.884910977686868,25.234371185302734,8743100,220626630.71022034
2016-05-25 00:00:00,25.34816008543961,25.81952689095121,25.29127122875624,25.722002029418945,10151600,261119475.80184937
2016-05-26 00:00:00,25.722005344728004,25.80327581479566,25.340036150546883,25.429433822631836,6747700,171590190.60497284
2016-05-27 00:00:00,25.445678458748375,25.71386983828416,25.405044011890293,25.51069450378418,6089800,155355027.3891449
2016-05-31 00:00:00,25.632601519343613,25.69761756583731,25.29939253719549,25.42129898071289,11803400,300057760.38894653
2016-06-01 00:00:00,25.315644042159956,25.315644042159956,24.275387417187073,24.559831619262695,26002300,638612109.7135544
2016-06-02 00:00:00,24.48668843683264,24.75487979232696,24.42167239762507,24.59234046936035,12649300,311075892.2990799
2016-06-03 00:00:00,24.454185106537786,24.502946756222332,23.98281835930745,24.05596160888672,18549600,446228465.4602051
2016-06-06 00:00:00,24.259137565793388,24.413551268787483,24.153485513706134,24.372915267944336,10985800,267755972.5505829
2016-06-07 00:00:00,24.511071894271883,24.689865628144698,24.340405359680297,24.567960739135742,14425700,354410031.2345505
2016-06-08 00:00:00,24.69142169137254,24.716113678205705,24.296359321071773,24.33751106262207,12990900,316166172.46341705
2016-06-09 00:00:00,24.26343383296508,24.27989515559443,24.000058950247986,24.164669036865234,11907500,287740796.5564728
2016-06-10 00:00:00,24.049446410729274,24.14821279745767,23.85191520711095,23.91775894165039,10740400,256886298.13690186
2016-06-13 00:00:00,23.744913150168138,24.197588503512314,23.703759846330833,23.934213638305664,13871300,331998657.64102936
2016-06-14 00:00:00,23.92598960818816,24.123520811835302,23.580309609346042,23.728458404541016,10751700,255121266.22810364
2016-06-15 00:00:00,23.85191192855841,24.049443105025187,23.69553406167111,23.75314712524414,8479900,201424312.3073578
2016-06-16 00:00:00,23.596767405304835,23.925986028798107,23.456849294090414,23.88483428955078,9654400,230593744.16503906
2016-06-17 00:00:00,23.983601920056287,24.222286431385772,23.91775818759271,24.057676315307617,12707400,305710516.00914
2016-06-20 00:00:00,24.378666133347334,24.71611546189509,24.353974144732224,24.403356552124023,12329100,300871423.2667923
2016-06-21 00:00:00,24.39512528150833,24.5021223263365,24.22228607502368,24.288129806518555,10318000,250604923.34365845
2016-06-22 00:00:00,24.14820761467574,24.353969437179906,24.090594555548673,24.131746292114258,8717200,210361258.7776184
2016-06-23 00:00:00,24.353975287711716,24.56796782290384,24.321052634679774,24.543275833129883,9598100,235568815.77396393
2016-06-24 00:00:00,23.522693613992622,23.90129621796848,23.251088046508357,23.333393096923828,30181100,704227470.3975677
2016-06-27 00:00:00,23.11940196761021,23.127632630124676,22.50211640757043,22.64203453063965,18634200,421916199.85084534
2016-06-28 00:00:00,22.987712595494692,23.028864334806663,22.55149693753195,22.83133316040039,14061400,321040508.10165405
2016-06-29 00:00:00,23.045323600280668,23.20993368250362,22.716105005672848,23.18524169921875,10644100,246786031.1706543
2016-06-30 00:00:00,23.193475336684678,24.411585077970177,22.798412972457754,23.292240142822266,15360600,357782783.9378357
2016-07-01 00:00:00,23.613231117168585,23.851914054652138,23.341625529086816,23.77783966064453,15157900,360422115.79208374
2016-07-05 00:00:00,23.57207335165318,23.604995996033004,23.07824624466049,23.18524169921875,12178200,282354510.4614258
2016-07-06 00:00:00,23.04532552162124,23.382774805457924,22.65026317515462,23.374544143676758,14631400,342002305.1837921
2016-07-07 00:00:00,23.448624631826537,23.917761486567347,23.391011554204137,23.654386520385742,10842300,256467954.96997833
2016-07-08 00:00:00,24.090596882364714,24.584425618039308,24.090596882364714,24.411584854125977,16659400,406682356.7188263
2016-07-11 00:00:00,24.51858148099515,24.913643834988818,24.477428171305238,24.798416137695312,13870300,343961471.3546753
2016-07-12 00:00:00,25.061798233564687,25.391016935762867,25.012414250856008,25.18525505065918,16786300,422767246.8568802
2016-07-13 00:00:00,25.209941864013672,25.25932583965429,24.87249254632799,25.209941864013672,13303600,335382982.5820923
2016-07-14 00:00:00,25.415701295102608,25.555619406393266,25.18524904345086,25.316936492919922,11306400,286243410.7635498
2016-07-15 00:00:00,25.366320351252966,25.4980078082872,25.16055850340719,25.32516860961914,8429500,213478508.79478455
2016-07-18 00:00:00,25.308706236869217,25.596773125890664,25.19348010919594,25.407472610473633,8732300,221865673.0764389
2016-07-19 00:00:00,25.267556554449023,25.736693335135232,25.267556554449023,25.720232009887695,17164100,441464634.2409134
2016-07-20 00:00:00,25.860147785704527,25.991835236045723,25.572080899393825,25.917760848999023,20923000,542277310.2436066
2016-07-21 00:00:00,25.917762629741105,27.053567359431668,25.917762629741105,26.362207412719727,36218500,954799609.1775894
2016-07-22 00:00:00,26.419816167688204,26.535045423062865,26.10705889514742,26.469200134277344,13305400,352183295.46661377
2016-07-25 00:00:00,26.493893846202983,26.633813532454017,26.304593326891105,26.386899948120117,11324900,298829003.2224655
2016-07-26 00:00:00,26.32105974832283,26.518592537848964,26.24698534471018,26.460979461669922,9462000,250373787.6663208
2016-07-27 00:00:00,26.485660823419177,26.576196523497213,26.31282008416456,26.353973388671875,9159500,241389219.25354004
2016-07-28 00:00:00,25.555621342209946,25.67907970904751,25.226402693599255,25.50623893737793,20363900,519406499.0968704
2016-07-29 00:00:00,25.34162829938519,25.967142895025827,25.33339763762173,25.958913803100586,16150500,419249437.376976
2016-08-01 00:00:00,25.958913892619737,26.024757617116247,25.67907767105002,25.761381149291992,11190600,288285311.88926697
2016-08-02 00:00:00,25.53916451555208,25.580316262657615,24.54327622324519,24.633811950683594,24346900,599756956.1820984
2016-08-03 00:00:00,24.691422967240342,24.897184825300677,24.61734857275155,24.888954162597656,14504200,360994368.9651489
2016-08-04 00:00:00,24.888955010804043,25.127639527810743,24.880724347820525,24.97126007080078,8660900,216273586.3471985
2016-08-05 00:00:00,25.111174419109087,25.423931716176956,25.10294375736543,25.349857330322266,13135900,332993190.90538025
2016-08-08 00:00:00,25.448621649446974,25.56384776489088,25.349855286324996,25.415699005126953,10470900,266125242.7127838
2016-08-09 00:00:00,25.440395060846903,25.720231303010728,25.37455133150473,25.57208251953125,13691100,350109938.9831543
2016-08-10 00:00:00,25.539162141679903,25.736693335135232,25.481547503313514,25.720232009887695,10833700,278645277.5255203
2016-08-11 00:00:00,25.86837901504881,26.164676569735423,25.81076595049047,26.13175392150879,13210800,345221374.7062683
2016-08-12 00:00:00,26.008300234967088,26.131757040877556,25.96714691977129,25.98360824584961,9843700,255774844.4896698
2016-08-15 00:00:00,26.000061196063385,26.246974728341655,25.967138554512708,26.2222843170166,9345300,245055113.62781525
2016-08-16 00:00:00,26.181138140545354,26.214060791056273,26.01652959750591,26.098833084106445,9888500,258078310.95218658
2016-08-17 00:00:00,26.09883402595242,26.238752155996377,25.96714655883322,26.214061737060547,8392400,219998891.72210693
2016-08-18 00:00:00,26.17290393341504,26.222287902493523,25.909529044349146,25.96714210510254,14089900,365874435.54668427
2016-08-19 00:00:00,25.90953249899621,26.246981816835458,25.843688767950464,26.197599411010742,8809700,230792991.53118134
2016-08-22 00:00:00,26.16467652191842,26.29636397490775,26.09060213338214,26.230520248413086,8306000,217870701.1833191
2016-08-23 00:00:00,26.31282394138258,26.378667668408312,26.230520459979118,26.255210876464844,10961100,287785991.9380188
2016-08-24 00:00:00,26.205828860447788,26.411590706669998,26.13998513245021,26.15644645690918,8179500,213946653.79428864
2016-08-25 00:00:00,26.098830343564725,26.131752990618555,25.810765031034776,25.958913803100586,15930800,413546264.0144348
2016-08-26 00:00:00,26.065913552406048,26.18937035948167,25.86015168400052,25.950687408447266,10436200,270826563.93203735
2016-08-29 00:00:00,26.156446667911613,26.30459387972252,25.98360589937474,26.181137084960938,7708300,201812058.9920044
2016-08-30 00:00:00,26.181136469110744,26.33751590937739,25.70376905604681,26.06591033935547,10748700,280174650.4646301
2016-08-31 00:00:00,26.065909459072873,26.288132618814643,26.049448135424246,26.271671295166016,9625600,252880599.21875
2016-09-01 00:00:00,26.222288939292785,26.79019047760599,25.794303942719583,26.17290496826172,14898800,389944876.5411377
2016-09-02 00:00:00,26.238746333042286,26.502122778670106,26.214055919585803,26.469200134277344,10828400,286619086.7340088
2016-09-06 00:00:00,26.54328207383197,26.61735647497393,26.214063385333542,26.4362850189209,16774800,443463393.9353943
2016-09-07 00:00:00,26.64450678455429,26.64450678455429,26.336334258095505,26.561216354370117,12554700,333468102.9642105
2016-09-08 00:00:00,26.527900263663955,26.652835110517955,26.38630701359402,26.411293029785156,11808200,311869830.3543091
2016-09-09 00:00:00,26.18641145667691,26.286358700675596,25.295207519296774,25.386825561523438,22476300,570601907.3684692
2016-09-12 00:00:00,25.286877622014277,26.11144951117134,25.095309163792386,25.96985626220703,17250300,447987811.47994995
2016-09-13 00:00:00,25.836594339982543,25.944870791681442,25.670013472687284,25.769962310791016,16162900,416517323.8330841
2016-09-14 00:00:00,25.645025641923027,25.711657666404683,25.39515435864223,25.578392028808594,12903200,330043108.02612305
2016-09-15 00:00:00,25.611711497223894,26.011503685664753,25.603382294718926,25.919885635375977,13467400,349073467.8058624
2016-09-16 00:00:00,25.92821263755052,25.92821263755052,25.49510523794058,25.79494857788086,12780800,329680078.7841797
2016-09-19 00:00:00,26.56954487402001,26.719468915408154,26.369648799890452,26.41962242126465,32234800,851631244.8249817
2016-09-20 00:00:00,26.577876903459785,26.602864511121847,26.09479427575724,26.3613224029541,12876200,339433659.5249176
2016-09-21 00:00:00,26.419619053717344,26.786095937225355,26.419619053717344,26.74445152282715,14468700,386957445.74832916
2016-09-22 00:00:00,26.877723410337122,27.04430429387875,26.877723410337122,26.977670669555664,12034000,324649288.83743286
2016-09-23 00:00:00,26.7361263243082,26.961010021801528,26.694481901201836,26.752784729003906,9812100,262500999.03945923
2016-09-26 00:00:00,26.669492992934828,26.752781830122526,26.444609319809473,26.48625373840332,12700900,336399260.10608673
2016-09-27 00:00:00,26.461268698080783,26.61951876547681,26.269701823675412,26.31967544555664,14465300,380722001.2226105
2016-09-28 00:00:00,26.4446089956183,26.602860643873807,26.2697005333091,26.569543838500977,10713600,284655464.86816406
2016-09-29 00:00:00,26.461272496791818,26.61952258690581,26.19474435698612,26.219730377197266,8821200,231289485.60333252
2016-09-30 00:00:00,26.34466024081956,26.611189918639422,26.30301582262134,26.461267471313477,9330000,246883625.50735474
2016-10-03 00:00:00,26.35299545048726,26.852738114600122,26.328009429324776,26.6861572265625,11375900,303579055.99365234
2016-10-04 00:00:00,26.719471722066892,27.04430267806912,26.68615491189592,26.794429779052734,8506200,227918778.58657837
2016-10-05 00:00:00,26.91103713702484,27.302498514608832,26.844403520341608,27.219209671020508,11093500,301956302.485466
2016-10-06 00:00:00,27.102597680249325,27.185886504357796,26.827738841614416,27.094266891479492,8611200,233314151.0559082
2016-10-07 00:00:00,27.0692896878023,27.15257853901221,26.69448350282568,26.936025619506836,8909400,239983826.6544342
2016-10-10 00:00:00,26.911035041818995,27.15257394032599,26.752781803150256,26.77777099609375,6094800,163205158.6669922
2016-10-11 00:00:00,26.844402863816622,26.8860472845923,26.394637082634585,26.561216354370117,7977500,211892103.4669876
2016-10-12 00:00:00,26.569546351024048,26.644507581568835,26.361321063651395,26.386308670043945,5597600,147700001.411438
2016-10-13 00:00:00,26.21972713118778,26.344661982675603,25.719986136603662,26.244714736938477,12102600,317629284.5752716
2016-10-14 00:00:00,26.45294554919866,26.644512467437703,26.386313508566246,26.544565200805664,11105600,294793323.2940674
2016-10-17 00:00:00,26.519572680343337,26.702811949634818,26.261373769271458,26.286359786987305,7476100,196519454.4034958
2016-10-18 00:00:00,26.51124492002142,26.552889344234536,25.97818866465532,26.15309715270996,7973300,208526489.52770233
2016-10-19 00:00:00,26.269703685062986,26.636179056336335,26.219728471007876,26.527902603149414,9158600,242958448.78120422
2016-10-20 00:00:00,26.469598201244672,26.53623022738932,26.144765683735802,26.444610595703125,8077600,213608986.54785156
2016-10-21 00:00:00,26.30302181952921,26.794432103110708,26.2197313755104,26.6861572265625,11975700,319585413.09814453
2016-10-24 00:00:00,26.802757815361275,27.552370080831267,26.77777179893413,27.469078063964844,20232300,555762628.1135559
2016-10-25 00:00:00,27.360800246474085,27.360800246474085,26.144765386023145,26.31967544555664,34069800,896706078.4950256
2016-10-26 00:00:00,26.003171758370335,26.436280711446962,25.9198829193141,26.303016662597656,14955800,393382656.602478
2016-10-27 00:00:00,26.444613803907636,26.46960141248063,25.9781895643095,26.09479522705078,20653600,538951462.701416
2016-10-28 00:00:00,26.09479503836873,26.45294281549361,26.0031753962299,26.08646583557129,10571600,275775682.22732544
2016-10-31 00:00:00,26.16975299128016,26.36131986568553,26.11145016764659,26.31967544555664,7954100,209349330.46150208
2016-11-01 00:00:00,26.40296966478845,26.719473022282482,25.978189846235736,26.219730377197266,14668300,384598871.09184265
2016-11-02 00:00:00,26.094795264305766,26.419626233053382,26.078136858566655,26.194744110107422,11763100,308131394.4416046
2016-11-03 00:00:00,26.194740076402894,26.352990140656633,25.77828952885202,25.878236770629883,13720100,355051996.31671906
2016-11-04 00:00:00,25.819931536222423,26.269698848106728,25.76995792000171,25.953195571899414,12770800,331443070.00961304
2016-11-07 00:00:00,26.303017685995393,26.777772665704674,26.269702466803224,26.66949462890625,13560200,361643681.06689453
2016-11-08 00:00:00,26.569539312145682,26.62784212298302,26.16141804765188,26.427946090698242,10364600,273915090.051651
2016-11-09 00:00:00,25.744972859529106,25.944868932781517,25.161941454401656,25.786617279052734,38594400,995219021.9146729
2016-11-10 00:00:00,25.761633261068347,27.34414674384293,25.74497485651363,27.260854721069336,27811100,758154356.7331314
2016-11-11 00:00:00,27.06095528422789,28.551845681336243,26.969335664523953,28.33529281616211,33042700,936274579.9365997
2016-11-14 00:00:00,28.235349348289592,28.668455136373687,27.527381487187558,27.718948364257812,20214700,560330225.4989624
2016-11-15 00:00:00,27.735607383695427,27.985477090757136,27.56902651989905,27.84388542175293,10906600,303682120.7408905
2016-11-16 00:00:00,27.785581347400743,27.785581347400743,27.54403926461357,27.677303314208984,8821300,244149795.7256317
2016-11-17 00:00:00,27.46074739447443,27.852208709746712,27.27750815502876,27.83555030822754,11728600,326472035.3450775
2016-11-18 00:00:00,27.818898564459452,27.83555379079718,27.452420039717143,27.485736846923828,8617200,236850091.557312
2016-11-21 00:00:00,27.677303592565845,27.718948012745948,27.46907831439975,27.494064331054688,11667100,320775997.95684814
2016-11-22 00:00:00,27.335822818338873,28.16872419166368,27.294178385125953,28.160396575927734,12283800,345916679.4593811
2016-11-23 00:00:00,28.102081044502896,28.310306293810147,28.060433452829322,28.202028274536133,8708800,245605823.83728027
2016-11-25 00:00:00,28.318639713482266,28.58516783307495,28.26033688590048,28.526865005493164,5317700,151697310.039711
2016-11-28 00:00:00,28.610158374457697,28.635147573990373,28.28532737592971,28.360288619995117,11516600,326614099.92103577
2016-11-29 00:00:00,28.343619170185413,28.801717248371276,28.20202752948438,28.793386459350586,12610000,363084603.2524109
2016-11-30 00:00:00,28.90166562437462,29.13487688998111,28.693440372293054,28.76007080078125,15681700,451006802.2766113
2016-12-01 00:00:00,28.993287660981288,30.534153383949178,28.976629258154034,30.342586517333984,37092300,1125476321.8769073
2016-12-02 00:00:00,30.19265790083489,30.23430231076239,29.40140140315315,29.49302101135254,22753400,671066504.2797089
2016-12-05 00:00:00,29.762449182378223,29.855062696294375,29.39199833844596,29.417255401611328,12440400,365962424.09820557
2016-12-06 00:00:00,29.54354199061153,29.60247726887817,29.391993214573937,29.526702880859375,11867800,350417004.4494629
2016-12-07 00:00:00,29.619318640931883,30.764352497680836,29.543544247125496,30.562286376953125,26622400,813641412.8417969
2016-12-08 00:00:00,30.46966608840881,30.69698921921725,30.343377601336112,30.663311004638672,14516000,445108622.54333496
2016-12-09 00:00:00,30.65490078411043,31.72416027852615,30.65490078411043,31.707321166992188,26434200,838157669.1925049
2016-12-12 00:00:00,31.58103557531597,31.7746837897333,31.16006734033225,31.235841751098633,15575200,486504482.4417114
2016-12-13 00:00:00,31.27792898311097,31.522088023555497,31.109541112240212,31.454734802246094,9228800,290289456.54296875
2016-12-14 00:00:00,30.5622908213162,30.96641990980797,30.250775251136968,30.267614364624023,19799000,599268496.805191
2016-12-15 00:00:00,30.200259083795043,30.638066416267403,30.12448467602612,30.511777877807617,18215600,555790341.1109924
2016-12-16 00:00:00,30.646487541451233,30.654905492645135,30.39390404137757,30.621227264404297,23751600,727303141.4932251
2016-12-19 00:00:00,30.722249214523362,30.92431207674657,30.43599081659774,30.646474838256836,10960800,335909881.4071655
2016-12-20 00:00:00,30.64648401091872,30.9243213325667,30.50335316325041,30.82328987121582,8795900,271118575.37822723
2016-12-21 00:00:00,30.73066743379583,30.89063413544711,30.604375734991812,30.663311004638672,6669700,204515085.40763855
2016-12-22 00:00:00,30.553867833474083,30.646481336518804,29.998190026937724,30.048704147338867,9911700,297833740.89717865
2016-12-23 00:00:00,30.16657792231613,30.200252932006237,29.92241563460404,30.048704147338867,9351200,280991442.2225952
2016-12-27 00:00:00,30.14131486788605,30.25076747153768,29.888734654001386,29.922412872314453,6008700,179794802.22587585
2016-12-28 00:00:00,30.090805360304667,30.141319483778414,29.577223693440477,29.59406280517578,8451900,250126059.4230652
2016-12-29 00:00:00,29.678247717043686,29.871892635888976,29.56879512405066,29.585634231567383,4416700,130670870.71056366
2016-12-30 00:00:00,29.64457868180584,29.728774245461615,29.18993227326171,29.33306312561035,7646100,224283533.9647293
2017-01-03 00:00:00,29.450931961291783,29.94767451642067,29.33306139087682,29.59406280517578,10904900,322720295.4841614
2017-01-04 00:00:00,29.97293417369448,31.353712549969824,29.863484755535364,31.227420806884766,23388500,730362531.5418243
2017-01-05 00:00:00,31.160057251830256,31.193735470541025,30.36863838251753,30.638057708740234,15636700,479078116.9742584
2017-01-06 00:00:00,30.654898376633717,30.77276893638239,30.250769366753175,30.301286697387695,13240100,401192066.0020828
2017-01-09 00:00:00,30.41073636488525,30.755930097941715,30.191834353665108,30.31812286376953,15204500,460971899.08218384
2017-01-10 00:00:00,30.469673598691067,32.12828914059792,30.351803030344165,31.446319580078125,34804500,1094473429.824829
2017-01-11 00:00:00,31.60629657017587,32.08620011200217,31.336877150614892,31.95149040222168,19553900,624776248.1760025
2017-01-12 00:00:00,31.993580101171347,32.119871833632,31.202161118050164,31.581029891967773,16830200,531515049.287796
2017-01-13 00:00:00,31.6146987173179,31.79992568006859,31.277926217089902,31.43789291381836,8748800,275043837.52441406
2017-01-17 00:00:00,31.43790049299728,31.73257690320499,31.294769656802114,31.412643432617188,8225700,258390981.0836792
2017-01-18 00:00:00,31.530518445997195,31.63997107597586,31.25267789568192,31.5473575592041,11220100,353964506.55002594
2017-01-19 00:00:00,31.68206492565613,31.858870783741224,31.286353823695222,31.404224395751953,8262700,259483684.91477966
2017-01-20 00:00:00,31.50526042068125,31.50526042068125,30.949582492092127,31.160066604614258,14001500,436287672.56450653
2017-01-23 00:00:00,31.160054604077892,31.261089251625005,30.629637157247007,30.85696029663086,11624500,358696734.9681854
2017-01-24 00:00:00,30.89905404068476,31.35370028384637,30.882214934079013,31.151634216308594,11600300,361368302.3994446
2017-01-25 00:00:00,31.749409576421595,32.31350843381038,31.656796091497217,32.229312896728516,20745200,668603541.9052124
2017-01-26 00:00:00,32.07777803791957,32.20406979238673,31.46316480376038,31.58945655822754,10813400,341589429.5467377
2017-01-27 00:00:00,31.589455992729707,31.648391287297294,31.050617178550276,31.160066604614258,10228600,318723857.2719574
2017-01-30 00:00:00,31.016935335949753,31.067452673293054,30.41916129684935,30.587549209594727,11787700,360556853.81793976
2017-01-31 00:00:00,30.520192275430933,30.856968095576864,30.410739652123667,30.82328987121582,10679000,329161912.53471375
2017-02-01 00:00:00,30.882218546712814,31.24425135175938,30.191831153770888,30.42757225036621,13744100,418199595.76625824
2017-02-02 00:00:00,30.377063746394096,30.42757786971827,29.86348208105062,30.08238410949707,11893700,357790851.8831253
2017-02-03 00:00:00,30.24235222201394,30.587549209594727,30.04028929610533,30.587549209594727,13962200,427069479.5742035
2017-02-06 00:00:00,30.65490515714928,31.008520126342773,30.52861340849462,31.008520126342773,13941200,432295980.7853699
2017-02-07 00:00:00,30.099229531648618,30.276035423815852,29.299389223426076,29.551969528198242,39477700,1166643787.4433517
2017-02-08 00:00:00,29.636151554117557,29.745604147110583,29.232022608910256,29.585634231567383,16867300,499029768.2741165
2017-02-09 00:00:00,29.585641763449154,29.804547005163876,29.484610304359688,29.535127639770508,14834000,438124083.4083557
2017-02-10 00:00:00,29.64458101436714,29.73719453580954,29.535131590601218,29.610902786254883,10321800,305637816.37916565
2017-02-13 00:00:00,29.787709941631753,29.92241963359139,29.619322023749117,29.905580520629883,10141600,303290435.40802
2017-02-14 00:00:00,30.915902899895777,31.488419858170307,30.873803514235316,31.353710174560547,31403300,984609966.7247772
2017-02-15 00:00:00,31.109549143935926,31.244258833064855,30.814869490900413,31.21900177001953,15674400,489339121.34399414
2017-02-16 00:00:00,31.244259222265764,31.286355398443124,31.000096904011766,31.176902770996094,9369400,292108872.8225708
2017-02-17 00:00:00,30.974841097248106,31.90939102026746,30.654904364202626,31.33687400817871,15777400,494414395.9766388
2017-02-21 00:00:00,31.65680337930661,32.07777152643426,31.505254589402085,31.8336124420166,14549200,463153594.14138794
2017-02-22 00:00:00,31.900969544781837,32.077775417204855,31.825195140638765,31.85887336730957,9102700,290001766.6006088
2017-02-23 00:00:00,31.943068025282496,32.05252066398768,31.31161568247465,31.362133026123047,13179200,413327823.57788086
2017-02-24 00:00:00,31.04218739189,31.311606724134425,30.789607169377327,31.067447662353516,13060100,405743973.21510315
2017-02-27 00:00:00,31.08428764373775,31.454741683037327,31.0337735196385,31.37896728515625,10091800,316670262.04833984
2017-02-28 00:00:00,31.277940620755583,31.336875915728793,30.77277682018602,31.016939163208008,10497800,325609623.947525
2017-03-01 00:00:00,31.32003641468768,31.783100817362325,31.303197300369902,31.513681411743164,10702600,337278326.6773224
2017-03-02 00:00:00,31.463156910484706,32.077769990453696,31.362125459296742,31.79151153564453,14935100,474809403.93600464
2017-03-03 00:00:00,31.79151424101651,32.30509591350195,31.63996865720441,32.187225341796875,19455500,626218562.6373291
2017-03-06 00:00:00,31.97673809067948,32.45664149175487,31.320028849572488,31.917802810668945,20199100,644710890.7529831
2017-03-07 00:00:00,31.791519511295714,31.85887597014026,31.404229508137767,31.58945655822754,17247500,544839151.9880295
2017-03-08 00:00:00,31.563935674604565,32.05725337276157,31.563935674604565,31.700023651123047,11375600,360606789.04571533
2017-03-09 00:00:00,31.751054244969,31.768062401078723,31.283248837128564,31.32577896118164,12703600,397950165.6112671
2017-03-10 00:00:00,31.55542475918504,31.631974440050485,31.274744759073705,31.32577896118164,18653600,584338550.4302979
2017-03-13 00:00:00,31.470372827435693,31.580945316126268,31.325780779957572,31.359800338745117,10120700,317383131.2883377
2017-03-14 00:00:00,31.257738811820854,31.444861007603713,31.198200521270582,31.43635368347168,5924300,186238390.12699127
2017-03-15 00:00:00,31.5299112819333,31.606460967658084,31.29175814616425,31.54692268371582,28089800,886146748.8010406
2017-03-16 00:00:00,31.546919986681136,31.572435464876964,31.274744070616126,31.538415908813477,12599000,397352502.035141
2017-03-17 00:00:00,31.580942952285824,31.60645843061492,30.87498443564737,30.900503158569336,19603600,605761103.7193298
2017-03-20 00:00:00,30.926012738557947,31.002562403538228,30.27959262437062,30.373153686523438,38504800,1169512208.0688477
2017-03-21 00:00:00,30.577302357803813,30.60281784390837,29.318487544675246,29.38652992248535,30898000,907985001.5449524
2017-03-22 00:00:00,29.182396319893922,29.437560886526143,28.884701621661748,29.250438690185547,18940400,554015008.9675903
2017-03-23 00:00:00,28.918720332682593,29.309972829069498,28.740105485800708,29.139862060546875,14536600,423594518.8293457
2017-03-24 00:00:00,29.258946801202505,29.8288142405201,28.986770823529387,29.395034790039062,16257000,477875080.58166504
2017-03-27 00:00:00,29.156882122088543,29.556642060165174,28.893213434926512,29.522619247436523,12941300,382061072.4668503
2017-03-28 00:00:00,29.48008754924876,30.832463311163536,29.48008754924876,30.24558448791504,29829300,902204613.3653641
2017-03-29 00:00:00,30.296607568127524,30.670851860548613,30.21155381690053,30.228565216064453,13884400,419705490.8859253
2017-03-30 00:00:00,30.194538249800512,30.44119863674044,30.04143892305105,30.11798858642578,8760600,263851650.8102417
2017-03-31 00:00:00,30.066960740855272,30.20304869950694,29.998918383825874,30.075468063354492,11772800,354072470.41625977
2017-04-03 00:00:00,30.075463902727904,30.109486698832338,28.7486040559867,29.06330680847168,31894300,926953826.3414383
2017-04-04 00:00:00,28.83366602858491,29.284456798789975,28.83366602858491,29.14836883544922,9500000,276909503.9367676
2017-04-05 00:00:00,29.446056821796127,29.47157554261674,28.91021235345226,28.918716430664062,10664200,308394975.7598877
2017-04-06 00:00:00,28.935733000512588,29.318481435293148,28.825160509444164,29.0548095703125,12171900,353652236.6088867
2017-04-07 00:00:00,28.944235945871903,29.088831235390707,28.66355593441889,28.672060012817383,14549000,417149801.1264801
2017-04-10 00:00:00,28.782635053498776,29.020788204905035,28.748612247699782,28.893207550048828,13814900,399156772.98316956
2017-04-11 00:00:00,28.99526895911694,28.99526895911694,28.569993675612494,28.85067367553711,10424300,300748077.5959015
2017-04-12 00:00:00,28.944238824261642,29.16538381973109,28.680570187977874,28.86768913269043,14715000,424788045.5875397
2017-04-13 00:00:00,28.731597476431748,28.842169960018758,28.38287186935852,28.399883270263672,9527100,270568527.904129
2017-04-17 00:00:00,28.46792884023228,28.901708206725534,28.38287183580706,28.83366584777832,10736500,309572653.37467194
2017-04-18 00:00:00,28.680567094528236,28.77412817908982,28.48494084707811,28.655048370361328,7020400,201169901.57928467
2017-04-19 00:00:00,28.825158434859137,29.003773276703857,28.672059071965677,28.74010467529297,12368700,355477732.69729614
2017-04-20 00:00:00,28.876205391337304,29.36101917310049,28.83367849277103,29.003786087036133,11656200,338073931.3877106
2017-04-21 00:00:00,29.012283966400556,29.054810851119043,28.58700863002903,28.706085205078125,9713200,278827946.81396484
2017-04-24 00:00:00,28.96975843473699,29.04630812864291,28.604021368807977,28.842174530029297,13984600,403346273.9326477
2017-04-25 00:00:00,29.00377130177403,29.054805500794473,28.680564441756097,28.910213470458984,11538000,333566043.02215576
2017-04-26 00:00:00,28.92722206869447,29.718234320369305,28.876191113484982,29.241928100585938,14694300,429689664.08843994
2017-04-27 00:00:00,29.36100793105386,29.420546215168887,28.87619433492112,29.378019332885742,13869800,407467252.54325867
2017-04-28 00:00:00,29.82880690417868,30.01592905952919,29.27594776042098,29.463069915771484,16650700,490580738.24653625
2017-05-01 00:00:00,29.45456603133429,29.471577431440757,29.029290762451122,29.088829040527344,12790500,372060667.842865
2017-05-02 00:00:00,28.995274700081662,29.207912383935415,27.915074876753362,28.238285064697266,24706100,697657894.6369171
2017-05-03 00:00:00,28.093691920297786,28.629539833443385,28.0766805149256,28.4764404296875,12611700,359136323.76708984
2017-05-04 00:00:00,28.62103226086484,28.638040419567968,28.04265752715595,28.195756912231445,12464400,351443192.4568176
2017-05-05 00:00:00,28.323340751345096,28.723100662231445,28.23828696990254,28.723100662231445,10145900,291421707.008934
2017-05-08 00:00:00,28.791139132651853,29.131360701455087,28.748612247699782,28.893207550048828,11736500,339105130.4111481
2017-05-09 00:00:00,28.833666570717803,29.318480152021802,28.833666570717803,29.139862060546875,8434500,245780166.54968262
2017-05-10 00:00:00,29.13135504278356,29.309969871642902,28.986763013114395,29.114343643188477,7665300,223170178.32813263
2017-05-11 00:00:00,28.978262425447014,29.114350409241272,28.83367036217526,29.012285232543945,9045400,262427724.842453
2017-05-12 00:00:00,28.867682566301653,29.04630063573403,28.29781529335792,28.59550666809082,12503600,357546777.1751404
2017-05-15 00:00:00,28.893205073817978,29.046304442199045,28.621029139938987,28.765621185302734,13634400,392201985.4888916
2017-05-16 00:00:00,28.833664992875025,28.910214672291584,28.36585959388891,28.425397872924805,13551400,385203936.7351532
2017-05-17 00:00:00,28.425404651397614,28.50195434906862,27.294173835363463,27.574853897094727,18631900,513771920.32527924
2017-05-18 00:00:00,27.413240882546692,27.787481916157525,27.39622948402904,27.617374420166016,14031300,387507665.7016754
2017-05-19 00:00:00,27.6854236959141,28.042656664971435,27.651400890367057,27.830018997192383,14019200,390154602.32543945
2017-05-22 00:00:00,28.042654103006065,28.28080723089117,27.847027855872867,28.000123977661133,18258800,511248663.6833191
2017-05-23 00:00:00,28.110699496136277,28.408394182703773,28.07667669002684,28.255294799804688,17574200,496564201.87072754
2017-05-24 00:00:00,28.238285064697266,28.416899940431964,28.06817426869555,28.238285064697266,10709100,302406618.5863495
2017-05-25 00:00:00,28.238277580506974,28.46792660755475,27.149572343696153,27.72794532775879,32345900,896885346.777153
2017-05-26 00:00:00,27.523820146588843,28.127710342407227,27.421754974874275,28.127710342407227,16813700,472930883.3841324
2017-05-30 00:00:00,28.144719851917205,28.697579046985833,28.102192970279564,28.51896095275879,13923600,397086604.7218323
2017-05-31 00:00:00,28.672063975923596,28.893208979968126,28.4764376997879,28.85918617248535,16515800,476632546.98753357
2017-06-01 00:00:00,28.969751565200696,29.6586954023927,28.11069373234156,29.284454345703125,22657800,663521309.6740723
2017-06-02 00:00:00,29.21641089143248,29.369510254175133,28.884696687021062,29.301467895507812,11654500,341493957.5881958
2017-06-05 00:00:00,29.31847817809242,29.54812721344739,29.139860098643336,29.30997085571289,11884900,348346072.62306213
2017-06-06 00:00:00,29.19940059246227,29.326981222323557,29.003771119741415,29.284454345703125,11523000,337444767.4255371
2017-06-07 00:00:00,29.404864860162668,29.63707683125414,29.31886188455985,29.533872604370117,13022900,384616669.5394516
2017-06-08 00:00:00,29.533870935009286,29.533870935009286,29.103849519695117,29.336061477661133,10756800,315562146.1029053
2017-06-09 00:00:00,29.284459381997436,29.619875579972934,29.284459381997436,29.533872604370117,14868200,439115524.6562958
2017-06-12 00:00:00,29.430659863908275,29.946684129858287,29.430659863908275,29.826278686523438,14344200,427834106.7352295
2017-06-13 00:00:00,29.826283669392517,29.843484918571512,29.41346353150507,29.68007469177246,12112000,359485064.66674805
2017-06-14 00:00:00,29.705881931744617,29.791884907623533,29.370465732692324,29.766084671020508,10591300,315261532.5761795
2017-06-15 00:00:00,29.594067974016507,29.817677623383084,29.568267743921012,29.757474899291992,10177000,302841822.0500946
2017-06-16 00:00:00,29.748881715756536,29.75748070053061,29.172651311802227,29.490869522094727,16193200,477551548.3451843
2017-06-19 00:00:00,29.55966836598676,29.731677571955924,29.48226438734077,29.54246711730957,11221300,331504886.2634659
2017-06-20 00:00:00,29.533872168548736,29.688680146991935,29.370465204993437,29.58547592163086,8296600,245458859.5314026
2017-06-21 00:00:00,29.654271764211817,29.67147301182802,29.198450185191266,29.35325813293457,9127700,267927734.25998688
2017-06-22 00:00:00,29.28445598599303,29.533869179442235,29.121049038976057,29.404861450195312,8937500,262805949.2111206
2017-06-23 00:00:00,29.361859844885245,29.473666324379273,29.20705188275592,29.413463592529297,10238800,301158571.03118896
2017-06-26 00:00:00,29.473664247926255,29.80048139837495,29.39626027231479,29.688674926757812,11836600,351412969.6380615
2017-06-27 00:00:00,29.525273241229545,29.671478954043657,29.258658770988127,29.42206573486328,11679700,343640901.16348267
2017-06-28 00:00:00,29.73168551372397,29.886493512367426,29.637080261130347,29.74028778076172,11025300,327895594.8692322
2017-06-29 00:00:00,29.80907375527248,30.04128563048504,29.697267308510458,29.981082916259766,10209700,306097862.2501373
2017-06-30 00:00:00,30.075690867356247,30.144492569557595,29.903681690649634,30.041288375854492,7679700,230708082.34004974
2017-07-03 00:00:00,29.688676343043326,30.961539228751214,29.628473612562754,30.591720581054688,10915700,333930044.34661865
2017-07-05 00:00:00,30.59172498648534,30.60032725253721,29.99829658023193,30.11009979248047,10819300,325770202.68478394
2017-07-06 00:00:00,29.989696502685547,30.239109743539235,29.869291015598513,29.989696502685547,8567200,256927727.87780762
2017-07-07 00:00:00,30.101498082115565,30.144499566072287,29.903688631272303,30.049894332885742,8623500,259135263.7796402
2017-07-10 00:00:00,30.10149517926964,30.402508818741293,29.98968870712191,30.264902114868164,10546400,319185763.6642456
2017-07-11 00:00:00,30.26490700001372,30.497118965432115,30.221905513262865,30.445518493652344,10124200,308236518.33343506
2017-07-12 00:00:00,30.531530380249023,30.87554893629178,30.50573013682725,30.531530380249023,7529400,229884104.845047
2017-07-13 00:00:00,30.53151909518701,31.06474470723871,30.488517611776903,30.841135025024414,13828400,426483551.5800476
2017-07-14 00:00:00,30.987340737797393,31.33995815119304,30.94433925436922,31.262554168701172,10241300,320169196.0079193
2017-07-17 00:00:00,31.288360595703125,31.42596732396337,31.133552616309952,31.288360595703125,10631800,332651592.1813965
2017-07-18 00:00:00,31.228149941401256,31.38295788155358,31.150745971325094,31.33135414123535,7769000,243413290.32325745
2017-07-19 00:00:00,31.28835682285967,31.425963534526886,31.219551826624663,31.365760803222656,7816800,245179879.04663086
2017-07-20 00:00:00,31.391567203577537,31.503373704023463,31.210958974182656,31.314163208007812,10159200,318126846.86279297
2017-07-21 00:00:00,31.00454061829312,31.05614436461005,30.712125950769355,31.02174186706543,8831800,273977819.82154846
2017-07-24 00:00:00,30.952939240238532,31.038942200761834,30.72072730986244,30.806730270385742,11699800,360432582.8174591
2017-07-25 00:00:00,30.90993548228097,31.107744922546107,30.53151785057411,30.591720581054688,14540100,444806676.42059326
2017-07-26 00:00:00,30.574517122503302,30.884133017342226,30.445512686855427,30.634719848632812,10814200,331289987.38708496
2017-07-27 00:00:00,30.548716735280482,30.9529378493418,30.42831128363732,30.90993309020996,10006500,309300245.467186
2017-07-28 00:00:00,30.80672866613271,30.84973014415507,30.514314022457203,30.76372718811035,7531900,231709316.80812836
2017-07-31 00:00:00,30.80673683226523,31.21955703615314,30.78093659477328,30.94434356689453,13855500,428749352.2911072
2017-08-01 00:00:00,30.798133853215475,30.944339554449662,29.748880587217958,29.89508628845215,21582800,645219668.346405
2017-08-02 00:00:00,29.79188923141501,30.092906252285232,29.774687977582108,29.946697235107422,9325600,279270919.7357178
2017-08-03 00:00:00,30.032696712945263,30.26490869134061,29.886490993661152,29.9036922454834,10367600,310029519.7242737
2017-08-04 00:00:00,30.075701317188706,30.488521516238066,29.89508981445192,30.33371353149414,9160800,277881082.9193115
2017-08-07 00:00:00,30.239110653090165,30.445522409164703,30.204708146943815,30.359516143798828,8255000,250617805.76705933
2017-08-08 00:00:00,30.359512362531493,30.81533731018888,30.299309624675395,30.43691635131836,9024200,274668820.53756714
2017-08-09 00:00:00,30.230508646531174,30.479918589163983,30.161703641112993,30.34231185913086,8260500,250642667.11235046
2017-08-10 00:00:00,30.27350057408102,30.3595035228906,29.98968493756546,29.998287200927734,9628300,288832508.6566925
2017-08-11 00:00:00,30.075690867356247,30.282099254762453,29.981085656127505,30.041288375854492,6821400,204923644.52705383
2017-08-14 00:00:00,30.239111352995852,30.58312986081478,30.144506099305463,30.505725860595703,7366800,224729581.26983643
2017-08-15 00:00:00,30.583124941500376,30.841137140461335,30.46271618656903,30.5659236907959,6017100,183918219.439888
2017-08-16 00:00:00,30.660533269987784,30.76373750802253,30.548726764981392,30.746536254882812,6927300,212990480.5984497
2017-08-17 00:00:00,30.62613203934161,30.66913353358021,30.075705039158596,30.101505279541016,7274700,218979420.45707703
2017-08-18 00:00:00,30.015496391657724,30.15310311465752,29.76608318096964,29.955293655395508,7193500,215483404.9100876
2017-08-21 00:00:00,30.015490829989613,30.15309752749181,29.91228334626112,30.024089813232422,6010400,180456789.41345215
2017-08-22 00:00:00,30.101503909308327,30.462720381434316,30.075703670100346,30.359516143798828,7815100,237262654.61540222
2017-08-23 00:00:00,30.333712036992427,30.669128227144316,30.204704295794095,30.52292251586914,6430500,196277653.2382965
2017-08-24 00:00:00,30.65192553309423,30.72932951800822,30.48851857863268,30.548721313476562,4955500,151384188.4689331
2017-08-25 00:00:00,30.56592081954757,30.858335492449143,30.56592081954757,30.617521286010742,6685100,204681191.5491104
2017-08-28 00:00:00,30.686326240446405,30.772329204969406,30.359509069813964,30.540117263793945,8008800,244589691.14227295
2017-08-29 00:00:00,30.402512328282132,30.574521548180233,30.28210685859436,30.548721313476562,5520400,168641161.13891602
2017-08-30 00:00:00,30.56591935627838,30.82393151865093,30.454112882955968,30.806730270385742,7263800,223773927.33802795
2017-08-31 00:00:00,30.875537494421057,31.597973569746873,30.875537494421057,31.42596435546875,13597800,427323978.11279297
2017-09-01 00:00:00,31.589367261020513,32.46661118882547,31.520565552597898,32.131195068359375,17975000,577558231.3537598
2017-09-05 00:00:00,32.070993850545385,32.19139930654594,31.70977420174111,32.01939010620117,12714800,407120141.32232666
2017-09-06 00:00:00,32.2602013693381,32.45801408440938,32.10539669622571,32.39780807495117,12359100,400407749.779129
2017-09-07 00:00:00,32.49337037724384,32.51943351646281,31.885205053004317,32.06765365600586,14327500,459449307.75642395
2017-09-08 00:00:00,31.972092908996274,32.180608020989204,31.815707403560392,32.14585494995117,8180900,262982024.76005554
2017-09-11 00:00:00,32.24143548667384,32.562893220338594,32.18061924825717,32.449947357177734,13499800,438067799.332428
2017-09-12 00:00:00,32.50206715651678,33.01466337838213,32.44993754753143,32.91909408569336,10805300,355700687.32414246
2017-09-13 00:00:00,32.91041224640576,33.2579330806564,32.85828262986201,33.19711685180664,10644000,353350111.7706299
2017-09-14 00:00:00,33.179736932191986,34.03985728922661,33.110234098118035,33.70102310180664,17528600,590731753.5423279
2017-09-15 00:00:00,33.65758051683198,33.90953199716094,33.570697838929505,33.779212951660156,25353900,856434787.2550964
2017-09-18 00:00:00,33.79657963419231,33.86608244201618,33.49249532153927,33.52724838256836,12361100,414433669.98176575
2017-09-19 00:00:00,33.48382045861325,33.77052502708561,33.48382045861325,33.62282943725586,11546000,388209188.68255615
2017-09-20 00:00:00,33.76183641607966,33.88346885090784,33.6141375207631,33.779212951660156,17188300,580607245.9770203
2017-09-21 00:00:00,33.761828976212726,34.09197645101918,33.761828976212726,33.970340728759766,14046500,477164391.04652405
2017-09-22 00:00:00,34.144115209894075,34.35263035287684,34.03985929552057,34.24837112426758,12670600,433947411.1671448
2017-09-25 00:00:00,34.91734727796261,35.30831103640531,34.75227516405801,35.012916564941406,21544400,754332279.6417236
2017-09-26 00:00:00,35.03898420553421,35.290935690143655,34.90866184358406,34.97816467285156,14256600,498669702.4749756
2017-09-27 00:00:00,35.0216091659733,35.35175341901134,34.89128679845506,35.256187438964844,9750700,343772506.8611145
2017-09-28 00:00:00,35.169304755874194,35.256187438964844,35.073735461592214,35.256187438964844,9646200,340088235.2737427
2017-09-29 00:00:00,35.23881350539533,35.33437949250117,34.986858677174055,35.082427978515625,8919400,312914208.11157227
2017-10-02 00:00:00,35.629777317358645,36.906924800741905,35.447328623799905,36.62022018432617,33817400,1238400634.061432
2017-10-03 00:00:00,37.46295640965212,37.96686605372805,37.35870049903614,37.749664306640625,31058300,1172440398.9349365
2017-10-04 00:00:00,37.66277827210536,38.17537448224575,37.532459223975984,38.0363655090332,13458700,511920032.4764252
2017-10-05 00:00:00,38.14063768333626,38.29702324561357,37.94949903738922,38.09719467163086,16661400,634752599.3019104
2017-10-06 00:00:00,38.26225437896492,39.24400373089479,38.22750130963065,39.035491943359375,21024600,820705603.9123535
2017-10-09 00:00:00,39.122377560882235,39.46990168134831,39.03549818788353,39.38302230834961,10932400,430550953.08380127
2017-10-10 00:00:00,39.34827278814668,39.44384209562028,38.97468548487855,39.27876663208008,14029200,551049672.8347778
2017-10-11 00:00:00,39.356955022570155,39.60890983893086,39.16581974312028,39.50465393066406,13353900,527541198.1246948
2017-10-12 00:00:00,39.07024619203613,39.469896558738455,38.35782482035452,39.00074005126953,15665100,610950492.9771423
2017-10-13 00:00:00,39.33958411690147,40.0606955950424,39.09631919137732,39.860870361328125,13932100,555345631.9610596
2017-10-16 00:00:00,39.765289350616285,39.843482098561736,39.40038875545916,39.75659942626953,8861500,352303105.81588745
2017-10-17 00:00:00,39.791361666195805,40.0172533519834,39.061563621914665,39.11369323730469,14700500,574990847.4349976
2017-10-18 00:00:00,39.33957430579983,39.60890563062879,39.12237258668347,39.200565338134766,10883700,426647192.97065735
2017-10-19 00:00:00,38.87911535190688,39.44384125813172,38.7140432061075,39.40039825439453,13051600,514238237.85705566
2017-10-20 00:00:00,39.53071625812076,39.73054145907993,39.21794522558103,39.626285552978516,12203200,483567487.8601074
2017-10-23 00:00:00,39.565476853566345,39.80005517256806,39.22664260864258,39.22664260864258,10780800,422894588.6352539
2017-10-24 00:00:00,39.88694032425695,40.625425153829184,39.721868141498945,40.38216018676758,27909100,1127029746.868515
2017-10-25 00:00:00,39.704474917317626,39.93905317167152,38.89648425706595,39.200565338134766,18062600,708064131.476593
2017-10-26 00:00:00,39.26138509905354,39.65234889160811,39.18319234054263,39.313514709472656,9650200,379383279.649353
2017-10-27 00:00:00,39.217946118309044,39.2440092668688,38.31438607356751,38.78354263305664,11875000,460554568.7675476
2017-10-30 00:00:00,37.393452136035926,38.06243388904802,36.71578045750255,37.68015670776367,23791100,896452376.2500763
2017-10-31 00:00:00,37.5585294358784,37.94080335556349,37.32395112803665,37.34132766723633,13239000,494361836.98654175
2017-11-01 00:00:00,37.11543463188937,37.68015717100177,36.4030131852189,37.47164535522461,14701300,550881899.8607635
2017-11-02 00:00:00,37.61934262893584,37.61934262893584,36.88954461264591,37.01117706298828,12006300,444367295.1713562
2017-11-03 00:00:00,37.01117813382777,37.124123975657405,36.65496738427504,36.7852897644043,9848700,362287283.3026886
2017-11-06 00:00:00,36.75052781847619,36.80265742079416,35.92516067673423,36.61151885986328,14173700,518920684.8640442
2017-11-07 00:00:00,36.62021566685168,36.84610402421554,36.133682563144454,36.229251861572266,8881300,321762854.55818176
2017-11-08 00:00:00,36.36826651259991,36.59415490515788,36.081558572646486,36.58546829223633,14221600,520303895.86486816
2017-11-09 00:00:00,36.52465205907702,36.62890798531638,36.15975134588504,36.58546829223633,8897200,325508228.48968506
2017-11-10 00:00:00,36.61152111455259,37.35869555594921,36.54201828808336,37.06330108642578,14102100,522670378.250885
2017-11-13 00:00:00,37.01117241910237,37.90604577506266,36.967732737178544,37.85391616821289,11731100,444068075.96092224
2017-11-14 00:00:00,37.489018342082744,37.74965974423956,37.13280765248021,37.35869598388672,9433400,352419522.694397
2017-11-15 00:00:00,37.12411853629127,37.3934498691197,36.57676925987524,37.237064361572266,13620000,507168816.60461426
2017-11-16 00:00:00,37.39345221988228,37.90604845701571,37.184937091965494,37.879981994628906,11247400,426051309.48638916
2017-11-17 00:00:00,37.81916463961416,38.349137397714095,37.784414881198835,38.12324905395508,10594200,403885325.1274109
2017-11-20 00:00:00,38.644537466773556,39.17451030139783,38.45339885383079,38.992061614990234,15132200,590035674.7703552
2017-11-21 00:00:00,39.15712319193199,39.25269247260404,38.80091252757663,39.07024383544922,12011200,469280512.75634766
2017-11-22 00:00:00,39.0007483949492,39.05287801167657,38.409959328982644,38.47946548461914,9836900,378518654.02565
2017-11-24 00:00:00,38.61847632059936,38.69666909229586,38.43602762471956,38.62716293334961,3805900,147011119.40803528
2017-11-27 00:00:00,38.63585076130426,38.65322730009678,38.123254466750524,38.375205993652344,8652600,332045307.38067627
2017-11-28 00:00:00,38.531597489405385,39.16582965362278,38.34914877521286,39.026817321777344,15933300,621825988.433075
2017-11-29 00:00:00,39.18319756735556,39.4003993350554,38.04506242571945,38.06243896484375,19442900,740044194.5495605
2017-11-30 00:00:00,38.22749990372515,38.687966455646645,37.09805170578027,37.436885833740234,32515100,1217264086.572647
2017-12-01 00:00:00,37.52377125176358,37.57590086226955,36.37694633451639,37.17625045776367,19324700,718419887.2211456
2017-12-04 00:00:00,37.53246394981899,37.72359924065566,37.28919573038978,37.40214157104492,14024600,524550074.6772766
2017-12-05 00:00:00,37.3673928530063,37.41083586048831,36.941679219266334,37.18494415283203,11303900,420334890.209198
2017-12-06 00:00:00,36.98511757144365,37.089373494300645,36.611530257450404,36.62022018432617,12868500,471247303.44200134
2017-12-07 00:00:00,37.04980236569936,37.16377572282902,36.41857277138248,36.839393615722656,16450000,606008024.9786377
2017-12-08 00:00:00,36.813093358072265,37.08487160549107,36.68158538104674,36.839393615722656,13658700,503178225.57907104
2017-12-11 00:00:00,36.71665885501524,36.76049373761654,36.436111593102325,36.53254699707031,14112500,515565569.4961548
2017-12-12 00:00:00,36.51501684730589,36.62022123767568,36.17309672592635,36.40980911254883,8853100,322339681.05430603
2017-12-13 00:00:00,36.41856875429491,36.74295082562087,36.28706079177515,36.29582977294922,9969200,361840386.17248535
2017-12-14 00:00:00,36.27830475064886,36.33090527406055,35.68214095980957,35.77857971191406,9276400,331896416.8395996
2017-12-15 00:00:00,35.875006367365046,36.23446102638259,35.875006367365046,35.901309967041016,24491700,879284113.3197784
2017-12-18 00:00:00,36.181858806828245,37.10240457182,36.164324187713866,36.953365325927734,22135100,817966436.825943
2017-12-19 00:00:00,37.44432755343886,37.52323168047233,37.207615172338464,37.2514533996582,13259200,493924470.91674805
2017-12-20 00:00:00,37.470629411783094,37.505695309862006,37.16377855678661,37.27775192260742,8636700,321956760.0299835
2017-12-21 00:00:00,37.33035567092164,37.4793949343607,36.93583505536675,36.962135314941406,10144700,374969774.1294861
2017-12-22 00:00:00,37.08487160549107,37.09364058763238,36.65528512339635,36.839393615722656,4907100,180774588.41171265
2017-12-26 00:00:00,36.69911875047329,36.900761855824754,36.497475645121824,36.646514892578125,3368900,123458444.02160645
2017-12-27 00:00:00,36.611436070907715,36.690340164903915,36.20814996576526,36.2169189453125,4933600,178679791.30859375
2017-12-28 00:00:00,36.24322818619925,36.33089793710552,36.12048919717582,36.278297424316406,5005300,181583762.0979309
2017-12-29 00:00:00,36.40104187785155,36.46241138157603,35.93638610839844,35.93638610839844,6581400,236511731.53381348
2018-01-02 00:00:00,36.15555892976992,36.70788438792915,36.076654815120506,36.646514892578125,6934600,254128922.17407227
2018-01-03 00:00:00,37.00597338301786,37.65474104496278,36.997207743867,37.540767669677734,14591600,547779865.5288696
2018-01-04 00:00:00,37.77747137921969,38.79445585079849,37.707332904579374,38.69801712036133,17298700,669425388.7599945
2018-01-05 00:00:00,39.013635224609054,39.13637421605652,38.5402105338374,38.58404541015625,9643300,372077525.10375977
2018-01-08 00:00:00,38.610353524976766,39.09254390962519,38.154463400316786,38.76816177368164,13099600,507847411.97052
2018-01-09 00:00:00,38.84706446291897,39.09254246544146,38.34733947527707,38.619117736816406,7768100,299997168.4913635
2018-01-10 00:00:00,38.435007571548,38.69802018349481,37.3566535214953,37.698570251464844,18281500,689186412.0521545
2018-01-11 00:00:00,37.9440413194665,38.81198645933685,37.838836962762464,38.74184799194336,11245800,435683074.14779663
2018-01-12 00:00:00,38.70679620779645,39.18898664149026,38.277206299429736,38.63665771484375,14914600,576250295.1538086
2018-01-16 00:00:00,39.53965466442022,39.907874929463645,38.35609645443776,38.74184799194336,20169300,781395954.7039032
2018-01-17 00:00:00,38.58405457930903,38.81200134135526,38.049263610112085,38.60158920288086,15855700,612055217.924118
2018-01-18 00:00:00,38.73310010476973,38.741865745017584,38.25967526608005,38.452552795410156,11868100,456358741.8312073
2018-01-19 00:00:00,38.61911985292009,38.65418909645546,37.733643192168586,37.830081939697266,14470800,547431549.7329712
2018-01-22 00:00:00,37.83884265505456,38.0667860196017,37.54076081256264,37.952816009521484,19562100,742436782.0598602
2018-01-23 00:00:00,37.99664996963708,38.08431972056693,37.61966402074281,38.03171920776367,14127600,537296916.279602
2018-01-24 00:00:00,38.13692422236886,38.925965371620826,38.09308934616302,38.715553283691406,11321700,438325879.611969
2018-01-25 00:00:00,38.97856786035144,38.996102480599596,37.6810360614699,37.838844299316406,11386000,430833081.1920166
2018-01-26 00:00:00,37.97911217724717,38.19828988064512,37.68979934784276,38.12815475463867,9131200,348155806.69555664
2018-01-29 00:00:00,38.11062702105169,38.382405281949836,37.68103717326389,37.71610641479492,8177500,308423460.2069855
2018-01-30 00:00:00,37.54952785296836,37.89144455430333,37.27774628156508,37.43555450439453,8459700,316693560.4408264
2018-01-31 00:00:00,37.505698535472746,37.65474115657765,36.944603985309804,37.18131637573242,19781200,735491055.4916382
2018-02-01 00:00:00,36.92706331824927,37.34788416199041,36.77802406592683,37.19884490966797,9629800,358217436.7111206
2018-02-02 00:00:00,37.01474081108733,37.05857569377418,35.81364429026711,35.945152282714844,13982100,502588713.7321472
2018-02-05 00:00:00,35.92760822347821,36.532537472186185,34.63884227581089,34.66514587402344,19660600,681537566.9708252
2018-02-06 00:00:00,35.121040584121005,37.02350167114955,35.06843672505419,36.699119567871094,26988300,990446848.6335754
2018-02-07 00:00:00,36.64652056834076,38.189533861712036,36.51501591981559,37.163780212402344,19402900,721085111.0832214
2018-02-08 00:00:00,37.22514216939239,37.44431988354715,35.717201770190435,35.72596740722656,18035400,644332112.576294
2018-02-09 00:00:00,36.085418050351315,36.795555034921854,35.270076701380624,36.34843063354492,19598000,712356543.5562134
2018-02-12 00:00:00,36.77803400715181,37.36542888186107,36.47995207754762,36.821868896484375,19392000,714049681.640625
2018-02-13 00:00:00,36.55884235360233,36.883224424928294,36.26952617381342,36.29582977294922,8937200,324383089.84680176
2018-02-14 00:00:00,35.97145183124236,36.742958459926975,35.88378206760446,36.65528869628906,10271600,376508463.37280273
2018-02-15 00:00:00,36.874461408344885,37.00596603582262,36.29583235203758,36.69034957885742,9715800,356476098.43826294
2018-02-16 00:00:00,36.690358261286825,37.06734430249584,35.945155162741074,36.0240592956543,14871800,535742605.0331116
2018-02-20 00:00:00,35.85748075013237,36.23446674255674,35.58569913984896,35.743507385253906,7814600,279321212.8128052
2018-02-21 00:00:00,35.72597636637119,36.20816678955517,35.51556423648667,35.55940246582031,9098500,323537223.3352661
2018-02-22 00:00:00,35.64706752959236,36.12049225104057,35.5067939096507,35.86624526977539,8805900,315834569.2211151
2018-02-23 00:00:00,35.98898426917599,36.06788838941735,35.576932391814985,35.86624526977539,6424200,230411932.86209106
2018-02-26 00:00:00,36.015289034565356,36.48871042690621,35.725972802880435,36.418575286865234,9397100,342228993.8282013
2018-02-27 00:00:00,36.37472949699231,36.418564364419595,35.173633394291464,35.21746826171875,12738800,448628284.6923828
2018-02-28 00:00:00,34.73529333427407,35.19995249799497,34.47228066945114,34.49858093261719,23145200,798476555.4016113
2018-03-01 00:00:00,34.70898407570727,34.70898407570727,32.79775407859304,33.13090515136719,26183100,867469802.6687622
2018-03-02 00:00:00,32.85035396282032,32.97309293679155,32.07884754079029,32.815284729003906,24060500,789552158.2221985
2018-03-05 00:00:00,32.7276191339095,33.22734407373344,32.53474166787687,33.08707046508789,12011100,397412112.06321716
2018-03-06 00:00:00,33.33255861795104,33.38516249139397,32.91173766357056,33.25365447998047,12168500,404647094.53964233
2018-03-07 00:00:00,32.780219646909934,33.17474021634637,32.6574806573934,33.08707046508789,15052000,498026584.6405029
2018-03-08 00:00:00,33.33504258095853,33.59187555185065,32.96308038455194,33.512168884277344,13096700,438898822.2267151
2018-03-09 00:00:00,33.52102367916183,33.72472112394057,33.352755549130734,33.512168884277344,12272200,411268038.9816284
2018-03-12 00:00:00,33.53873753079809,33.64501534263085,33.281907931543905,33.50331497192383,11347200,380168815.64941406
2018-03-13 00:00:00,33.627304794533,34.13211261266375,33.538739944964014,33.66272735595703,12406400,417633260.6689453
2018-03-14 00:00:00,34.07897296023058,34.194105572959366,33.34390330604717,33.37932586669922,13364000,446081310.88256836
2018-03-15 00:00:00,33.62730442965774,33.64501739937934,33.29076476175437,33.521026611328125,8140100,272864508.7188721
2018-03-16 00:00:00,33.58302555290696,33.7867230472671,33.37933143695088,33.600738525390625,10305000,346255610.5041504
2018-03-19 00:00:00,33.59188325481491,33.63616399619784,32.36086040098797,32.777103424072266,12103100,396704560.45188904
2018-03-20 00:00:00,32.88337054803718,32.99849976245675,32.53797614797262,32.67081832885742,8494800,277532067.539978
2018-03-21 00:00:00,32.90992924728903,33.671569703573,32.85679036252434,33.28189468383789,11568400,385018270.46051025
2018-03-22 00:00:00,32.971938784221805,33.060503634765524,32.12173648942371,32.19258499145508,15155000,487878625.5455017
2018-03-23 00:00:00,32.25458613180953,32.37857695114868,31.11212801290751,31.147550582885742,13234000,412206684.4139099
2018-03-26 00:00:00,31.8294799203148,31.92689957396513,31.24496537681666,31.873764038085938,9320200,297069855.58776855
2018-03-27 00:00:00,31.900330783144447,31.909185579372433,30.55417540343953,30.88185691833496,17673300,545784321.8748093
2018-03-28 00:00:00,31.005843153266802,31.696635476831368,30.9084268848598,31.41323471069336,17905700,562475956.7592621
2018-03-29 00:00:00,31.73205839218059,32.3519953975066,31.60806761271209,32.1837272644043,13049800,419991204.0550232
2018-04-02 00:00:00,31.971170966181692,32.11287131777153,31.200675515562136,31.67005729675293,13909100,440501993.9462662
2018-04-03 00:00:00,32.59111574704605,33.07821056137896,32.22800833508115,32.71510314941406,15833300,517988042.6956177
2018-04-04 00:00:00,31.8914804818096,33.769015315616414,31.838344934516208,33.680450439453125,17014100,573042551.8218994
2018-04-05 00:00:00,33.8752881853204,34.07898232324844,33.556461403031506,33.65388107299805,11885400,399989838.105011
2018-04-06 00:00:00,33.61845446357895,33.79558082563704,32.94537834184344,33.370479583740234,14731500,491597219.98786926
2018-04-09 00:00:00,33.90184494188503,34.09668421850843,33.48560200328503,33.50331497192383,13430900,449979673.05641174
2018-04-10 00:00:00,34.18524372756207,34.84946481070177,33.999262635099704,34.60149002075195,15180100,525254078.6640167
2018-04-11 00:00:00,34.29153393991351,34.7963418754658,34.087839806129644,34.53950881958008,8388900,289748485.5365753
2018-04-12 00:00:00,34.7786178886475,34.97345716291996,34.335803813230655,34.38894271850586,7896400,271548847.28240967
2018-04-13 00:00:00,34.64579058600952,34.87605591856846,34.158695521849545,34.30039596557617,6118600,209870402.75497437
2018-04-16 00:00:00,34.512925314984294,34.91145522466268,34.24723420399495,34.69004821777344,5064900,175701625.21820068
2018-04-17 00:00:00,35.10630676258703,35.11516493786944,34.610357055700156,34.734344482421875,5460700,189673834.91516113
2018-04-18 00:00:00,34.752054522645835,35.13287156756089,34.4509407781241,34.477508544921875,6095400,210154205.5847168
2018-04-19 00:00:00,34.282673318193304,34.4597996674934,33.14021191253201,33.4501838684082,10230000,342195380.9738159
2018-04-20 00:00:00,33.4324628957051,33.66272472981383,33.078210281872735,33.308475494384766,8698500,289733774.0879059
2018-04-23 00:00:00,33.202202928228466,33.618445887718934,33.149064019645145,33.37932586669922,7308600,243956141.0293579
2018-04-24 00:00:00,33.59187698364258,33.80442585396207,33.24648253557087,33.59187698364258,9285800,311927451.29470825
2018-04-25 00:00:00,33.41475727773802,33.831003683796276,33.21106316241701,33.75129699707031,7982700,269426478.5385132
2018-04-26 00:00:00,33.29075650134226,33.901838602294255,32.61768071094887,33.87527084350586,16562400,561055785.8184814
2018-04-27 00:00:00,33.79557534307894,33.83985608180883,33.20220601160993,33.34390640258789,8660400,288771567.00897217
2018-04-30 00:00:00,33.547594658077834,33.71586278729364,32.53797912597656,32.53797912597656,11967300,389391757.5942993
2018-05-01 00:00:00,32.555691361855985,32.73281767871379,31.785195768688517,32.25457763671875,11381200,367095798.99902344
2018-05-02 00:00:00,32.30772063653497,32.50255994759208,32.01546504835322,32.05974578857422,9440700,302666442.0661926
2018-05-03 00:00:00,31.873756792514158,32.03316674231838,31.244958274183936,32.01545715332031,15742600,504006535.78186035
2018-05-04 00:00:00,32.01546765265149,32.573411105949084,31.767489406115022,32.511417388916016,6639000,215843300.04501343
2018-05-07 00:00:00,32.440560239984094,32.564547641049295,32.1305883589178,32.1837272644043,9197400,296006613.1416321
2018-05-08 00:00:00,32.219157905249936,32.42285200508168,31.98003786325517,32.17487716674805,8364400,269123542.57354736
2018-05-09 00:00:00,32.22800522788352,32.53797708232158,31.856043056641457,32.12173080444336,7609500,244430310.55641174
2018-05-10 00:00:00,32.28999100441991,32.96307007075134,32.281136212305995,32.90993118286133,6814700,224271308.0318451
2018-05-11 00:00:00,32.86565758157195,32.9896449684256,32.57339870250016,32.67081832885742,4856700,158672363.37776184
2018-05-14 00:00:00,32.82138747279741,32.830242269693215,32.37857330311889,32.44056701660156,6393300,207402277.10723877
2018-05-15 00:00:00,32.23686650862363,32.732816118095684,32.23686650862363,32.71510314941406,6506900,212873904.68292236
2018-05-16 00:00:00,32.7416864009543,33.689308616271745,32.7416864009543,33.680450439453125,8193900,275974242.85583496
2018-05-17 00:00:00,33.6273152742038,34.078984323352024,33.43247592283554,33.91957092285156,9572700,324701876.57318115
2018-05-18 00:00:00,33.892992839003526,34.008125455099396,33.40589798715675,33.467891693115234,5576300,186627004.44831848
2018-05-21 00:00:00,33.79556760929018,33.95498093496066,33.636154283619696,33.73357391357422,6227700,210082578.26156616
2018-05-22 00:00:00,34.16753901324172,34.335807162086546,33.88413486920281,33.90184783935547,6990400,236987477.13623047
2018-05-23 00:00:00,33.81328554412926,33.8221403397883,33.17563214776572,33.521026611328125,8794300,294793964.3280029
2018-05-24 00:00:00,33.65387310522126,34.17639390172794,33.5653116326216,33.999267578125,8466100,287841199.24316406
2018-05-25 00:00:00,33.875290173469125,34.00813580002105,33.75130272383647,33.91957092285156,5247300,177986164.503479
2018-05-29 00:00:00,33.66273705887368,33.69816300891242,33.007373875179724,33.104793548583984,12342600,408599224.8527527
2018-05-30 00:00:00,33.21105605698873,33.53873753079809,33.193343088349934,33.50331497192383,11821600,396062788.2720947
2018-05-31 00:00:00,36.88641345354623,37.87831602630754,36.54987381374385,37.816322326660156,59937500,2266615819.454193
2018-06-01 00:00:00,38.0643007239627,38.36541445574813,37.48864440446945,38.25914001464844,24461800,935887431.2103271
2018-06-04 00:00:00,38.294560030687535,38.834790326778,38.223708161978784,38.772796630859375,12939000,501681215.60668945
2018-06-05 00:00:00,38.622244256553536,38.76394462576415,38.39197904508424,38.44511795043945,12018500,462052650.08735657
2018-06-06 00:00:00,38.66652725730772,38.96764098184906,38.40083947174854,38.90564727783203,18026100,701317088.394928
2018-06-07 00:00:00,38.869911431645335,39.63819800588275,38.869911431645335,39.31658935546875,15330900,602758699.7497559
2018-06-08 00:00:00,39.289795521560904,39.60247215873425,39.23619293601852,39.531002044677734,8549300,337962395.78056335
2018-06-11 00:00:00,39.575652626816826,40.10273257017388,39.566720570232995,40.06699752807617,14061400,563398079.0412903
2018-06-12 00:00:00,40.07594230835581,40.15634446782487,39.45059255780558,39.46846008300781,9933200,392048107.6965332
2018-06-13 00:00:00,39.41485814701261,39.71859926461563,39.15578754708107,39.70966720581055,11233100,446062662.68959045
2018-06-14 00:00:00,39.656066866927695,39.66500233411899,38.789510575012656,38.92351531982422,10109200,393485601.071167
2018-06-15 00:00:00,38.66444537309856,40.2010187352806,38.19989985876718,39.22726058959961,23838500,935119051.5651703
2018-06-18 00:00:00,38.950316246192386,39.43272925465861,38.74484479618989,39.26299285888672,10806700,424303384.9281311
2018-06-19 00:00:00,38.476843012901654,38.58404477971292,37.41375058963998,37.75322341918945,18272900,689860876.216507
2018-06-20 00:00:00,38.030159909187255,38.26243434866246,37.33334340652616,37.476280212402344,9536100,357377555.73349
2018-06-21 00:00:00,36.75265451100803,37.37800420909843,36.45784888960703,36.73478698730469,13913300,511102111.7904663
2018-06-22 00:00:00,36.99386606167536,37.29760719068123,36.57398771655139,36.850929260253906,9336700,344066071.22421265
2018-06-25 00:00:00,36.6275945295307,36.80626640393419,35.921842499972314,36.2791862487793,10614800,385096306.1935425
2018-06-26 00:00:00,36.22557752972026,36.91346191456495,36.17197836199339,36.63652038574219,12818900,469639891.1727905
2018-06-27 00:00:00,36.62759255554769,36.91346617603357,36.04690984700191,36.06477737426758,9542900,344162564.0048981
2018-06-28 00:00:00,36.13624923000042,36.33278522365769,35.430497204364364,36.19878387451172,10173900,368282807.2608948
2018-06-29 00:00:00,36.33278602287725,36.44892325433115,35.171423931986126,35.19822692871094,14054900,494707559.66033936
2018-07-02 00:00:00,34.91235542568066,35.34116591282353,34.617546298835855,35.28756332397461,8608100,303758873.84910583
2018-07-03 00:00:00,35.475145170382426,35.573414818103934,34.769393525728624,34.814064025878906,4975800,173227819.77996826
2018-07-05 00:00:00,35.38582289519185,35.73423110318683,35.02847922100725,35.2607536315918,8351400,294476657.87887573
2018-07-06 00:00:00,35.180357449162685,35.24289209158153,34.57287514462326,34.98381805419922,7897100,276270709.55581665
2018-07-09 00:00:00,35.18036540510585,35.73424525230935,34.885556245990365,35.51090621948242,8149000,289378374.78256226
2018-07-10 00:00:00,35.591297267546864,36.01117560836229,35.376890363673716,35.81463623046875,10140100,363163992.8405762
2018-07-11 00:00:00,35.287562417135895,35.45729883230459,35.00168876638718,35.108890533447266,8840000,310362592.3156738
2018-07-12 00:00:00,35.376886467555174,35.41262151557883,34.84980643679249,35.08208084106445,8250300,289437691.56303406
2018-07-13 00:00:00,34.939140485140776,35.20714650215728,34.77833619335459,35.162479400634766,5144500,180893375.27656555
2018-07-16 00:00:00,35.11782085067722,35.37689146574685,34.992748164923675,35.34115982055664,7466400,263871235.6842041
2018-07-17 00:00:00,35.28755084992563,36.180906567645266,35.27861879221634,35.76102828979492,8806100,314915191.22276306
2018-07-18 00:00:00,35.78783901675871,35.993310467315624,35.34116106131786,35.618099212646484,9180900,327006207.0613861
2018-07-19 00:00:00,35.35903107629829,35.56450254131191,35.00168732365041,35.11782455444336,6778700,238053197.3072052
2018-07-20 00:00:00,34.90341781991627,35.216091049350666,34.71581388225563,35.19822692871094,10949600,385406505.5786133
2018-07-23 00:00:00,35.019546210963945,35.18035051918861,34.79620727263877,35.08208084106445,7687700,269700512.8818512
2018-07-24 00:00:00,35.618092027590706,35.71636170322543,35.073144486621175,35.269683837890625,10760100,379505325.0640869
2018-07-25 00:00:00,33.45617390003175,33.85818467368567,32.39307836438228,33.63484573364258,42672300,1435276227.5997162
2018-07-26 00:00:00,33.116699390388945,33.545509767476275,32.696821071875924,32.83082580566406,16719400,548911708.9752197
2018-07-27 00:00:00,32.90229497737282,33.62591097734086,32.84869240379369,33.52764129638672,12629300,423430640.2244568
2018-07-30 00:00:00,33.64378171645906,34.03685706995129,33.456177802829735,33.652713775634766,9460600,318374863.94577026
2018-07-31 00:00:00,33.75991328915432,34.11725353044031,33.67951113848569,33.86711502075195,16479300,558106348.5614777
2018-08-01 00:00:00,33.849258178111384,33.849258178111384,32.94697012068859,33.17924118041992,11179700,370933962.6247406
2018-08-02 00:00:00,33.054163494262795,33.0988306011922,32.473480880535185,32.71468734741211,13066100,427453376.35002136
2018-08-03 00:00:00,32.74149529588343,33.74205295571889,32.74149529588343,33.70631790161133,9374800,315989989.0640259
2018-08-06 00:00:00,33.563376046052525,33.67057778437268,33.36683668589738,33.59017562866211,5266800,176912737.0010376
2018-08-07 00:00:00,33.67950931245531,33.8313781399945,33.50083749755871,33.57230758666992,7652100,256898654.8839569
2018-08-08 00:00:00,33.5991164552331,33.88499007495005,33.30430736796617,33.64378356933594,6759900,227428612.550354
2018-08-09 00:00:00,33.65272153342328,34.23340434228883,33.34004827196212,33.50978469848633,12413800,415983765.2900696
2018-08-10 00:00:00,33.34004231978304,33.37577737410825,32.58069115872505,32.68789291381836,9325800,304840751.73568726
2018-08-13 00:00:00,32.687892392638055,32.75935909226666,32.044675056569055,32.303749084472656,15573600,503085666.74194336
2018-08-14 00:00:00,32.38414464320094,32.64321861823813,32.31267455027415,32.3394775390625,7326100,236922246.39892578
2018-08-15 00:00:00,32.00001030535337,32.11614753468996,31.455062622946148,32.10721206665039,10720400,344202156.23931885
2018-08-16 00:00:00,32.32161404195291,32.768291954740675,32.22334435587848,32.419883728027344,9413800,305194301.4389038
2018-08-17 00:00:00,32.2322913841576,32.6700339872924,32.08041906723504,32.50029754638672,7796700,253395069.87991333
2018-08-20 00:00:00,32.72362457835606,33.00949816757993,32.482418098470546,32.84869384765625,7072800,232332241.84570312
2018-08-21 00:00:00,32.830829518377676,33.11670313543092,32.82189745879328,32.9737663269043,10048500,331336890.9358978
2018-08-22 00:00:00,32.69682580762668,32.804030973337376,32.25014784081275,32.27695083618164,8871200,286335286.2579346
2018-08-23 00:00:00,32.116143081334464,32.31267904847943,31.830269485594446,31.86600112915039,8742400,278585328.2714844
2018-08-24 00:00:00,32.11614227294922,32.25014360064578,31.94640248683212,32.11614227294922,7278000,233741283.4625244
2018-08-27 00:00:00,32.41988930605812,33.75098780677496,32.36628672046342,33.67058563232422,17968000,604993082.6416016
2018-08-28 00:00:00,33.813523522431545,33.82245899092132,32.98270216278392,33.34004592895508,9638800,321358034.7000122
2018-08-29 00:00:00,33.402575820366074,33.42937540625373,32.94696582086475,33.16136932373047,7223400,239537835.17303467
2018-08-30 00:00:00,33.05416523807865,33.10776781395089,32.330545799272386,32.482418060302734,9765400,317203805.3260803
2018-08-31 00:00:00,32.339475751709045,32.42880995504856,31.964264600343977,32.20547103881836,13713300,441643285.9966278
2018-09-04 00:00:00,32.16080857012496,32.16080857012496,31.553326357836493,31.803464889526367,12821600,407771305.42755127
2018-09-05 00:00:00,31.80346360119409,31.80346360119409,31.312118616186435,31.526525497436523,12763700,402395113.49163055
2018-09-06 00:00:00,31.60780414026679,31.85163618560326,31.047895431518555,31.047895431518555,12913600,400940102.444458
2018-09-07 00:00:00,31.02079757553799,31.02983030500265,30.352520284183246,30.623443603515625,13209300,404514253.59191895
2018-09-10 00:00:00,30.632471731097414,30.930489782591533,30.55119783884642,30.587318420410156,10682100,326736794.09866333
2018-09-11 00:00:00,30.632478777307757,30.668602812157676,30.199000694041427,30.497018814086914,8521300,259874246.42047882
2018-09-12 00:00:00,30.43380361497796,31.14723780413241,30.43380361497796,30.758913040161133,9342300,287358993.29509735
2018-09-13 00:00:00,30.939536949277628,31.138215765106768,30.614430857437366,30.93050765991211,14848700,459277829.08973694
2018-09-14 00:00:00,31.129175594990183,31.382036948585966,31.002744918192292,31.27366828918457,13652800,426973138.4185791
2018-09-17 00:00:00,31.156258227551373,31.806476892953654,31.074980894376086,31.6258602142334,10905300,344889493.3942795
2018-09-18 00:00:00,31.761327823892916,31.81551387411178,31.237543118353706,31.69811248779297,8868100,281102031.3529968
2018-09-19 00:00:00,31.93290924775596,32.45669385467132,31.878723207739835,32.26704788208008,10938200,352943423.1437683
2018-09-20 00:00:00,32.429608279528765,32.91727239079444,32.276086306525166,32.583133697509766,11394200,371258741.9761658
2018-09-21 00:00:00,32.790840385034315,32.95339508217124,31.752296869434794,31.89678955078125,27172000,866699565.6738281
2018-09-24 00:00:00,31.643926441185794,31.950973802412193,31.111109062733433,31.38203239440918,9971000,312910245.00465393
2018-09-25 00:00:00,31.138210581094782,31.318827343144324,30.25319223652806,30.2983455657959,14805300,448576095.605278
2018-09-26 00:00:00,30.24415821378455,30.704727612177038,30.11772408865906,30.460895538330078,18074500,550565456.407547
2018-09-27 00:00:00,30.262215073827324,30.478955831082885,30.05450704748687,30.406707763671875,11659300,354520927.8289795
2018-09-28 00:00:00,30.31640112438558,30.424769780524628,30.063539778401978,30.406707763671875,8836700,268694954.49523926
2018-10-01 00:00:00,30.975657845413274,31.19239866290227,30.69570511883892,30.885351181030273,13737600,424290600.3845215
2018-10-02 00:00:00,30.65957238038991,31.011773094573307,29.98226225465955,30.072568893432617,22731200,683585578.0303955
2018-10-03 00:00:00,31.62587136600354,31.65296267162258,30.49702103217265,30.704729080200195,28301800,868999101.4820099
2018-10-04 00:00:00,30.80407693892221,31.300770533516285,30.659584194222504,30.93050765991211,18912600,584976319.1688538
2018-10-05 00:00:00,31.07499109801191,31.165297744536392,30.677637030335347,30.81309700012207,10748600,331197654.4155121
2018-10-08 00:00:00,30.542182762598124,30.94856968362192,30.478967402103173,30.93050765991211,8405600,259989475.18615723
2018-10-09 00:00:00,30.704725854719975,30.704725854719975,29.431382949720394,29.48556900024414,19919900,587349585.9279633
2018-10-10 00:00:00,29.440414428710938,29.765523866116354,29.006936327162958,29.440414428710938,17224300,507090530.2444458
2018-10-11 00:00:00,29.449439702172942,30.253180360555586,29.07014430626458,29.178516387939453,18015300,525659726.28364563
2018-10-12 00:00:00,29.566842449758305,29.566842449758305,28.437990661067584,28.70891571044922,14950700,429218386.11221313
2018-10-15 00:00:00,28.61861207971327,29.304953239836866,28.60055006227846,29.006935119628906,13621000,395103463.26446533
2018-10-16 00:00:00,29.313980836000585,29.386228901574434,28.772134124106227,29.205612182617188,11876700,346866294.20928955
2018-10-17 00:00:00,28.95275333815597,29.160461377114597,28.519273519799864,28.835351943969727,9099000,262372867.33818054
2018-10-18 00:00:00,28.636669665411258,28.726978021552647,27.968390585946782,28.067729949951172,14349100,402746663.82484436
2018-10-19 00:00:00,27.742621898623895,28.41993201870983,27.60716021910445,28.176101684570312,12754600,359374906.5460205
2018-10-22 00:00:00,28.40187156429322,28.528302234799273,28.02257783028636,28.302532196044922,11052900,312825058.1096649
2018-10-23 00:00:00,27.941301928307073,29.259799918738636,27.896146884720054,29.006935119628906,16580800,480958189.83154297
2018-10-24 00:00:00,28.70891719685786,28.952749237179223,27.598127365112305,27.598127365112305,18781400,518331469.29512024
2018-10-25 00:00:00,28.16707269976132,29.079183933700733,28.058702314867332,28.89856719970703,16763600,484444021.1090088
2018-10-26 00:00:00,28.609580130819634,29.693277026452304,28.56442508871651,29.48556900024414,18038600,531878384.96780396
2018-10-29 00:00:00,30.804066501357106,30.97565050099309,29.557814847486863,29.919048309326172,19548100,584860548.255539
2018-10-30 00:00:00,29.964208582630214,30.632486163605165,29.81971585336711,30.289318084716797,16287500,493337268.3048248
2018-10-31 00:00:00,32.48379247150204,33.45911719328148,31.96903708737288,33.043701171875,37775200,1248232420.5078125
2018-11-01 00:00:00,32.727625236658355,33.13400853681314,32.23996114249987,32.935333251953125,15233200,501710518.49365234
2018-11-02 00:00:00,33.233351306674585,33.66682939756861,32.11353376644274,32.53797912597656,13268200,431720414.6392822
2018-11-05 00:00:00,32.51088235789332,32.86308303224084,32.375418970077945,32.73665237426758,11477100,375721832.9647064
2018-11-06 00:00:00,32.67343871992149,33.0166101269928,32.592161372061895,32.926300048828125,11187700,368369567.0562744
2018-11-07 00:00:00,33.17013580273548,33.41396787358872,32.84502637493117,33.305599212646484,9457800,314997696.2333679
2018-11-08 00:00:00,32.881145903876146,33.31462393321451,32.77277725778584,33.025638580322266,10807900,356937799.212265
2018-11-09 00:00:00,32.619259417980764,32.908244837909216,31.923887174722328,32.239967346191406,9037500,291368704.89120483
2018-11-12 00:00:00,32.18578462714886,32.54701816202397,32.01420059282125,32.23093795776367,10062100,324310920.82481384
2018-11-13 00:00:00,32.43863343861037,33.09788490051597,32.24898745668096,32.44766616821289,8594000,278855243.0496216
2018-11-14 00:00:00,32.691504427951116,32.799873089011385,31.58974546474265,31.815515518188477,10883400,346260981.59065247
2018-11-15 00:00:00,31.52653279698866,32.14062766999897,30.569266449066017,32.1045036315918,17675600,567466364.390564
2018-11-16 00:00:00,31.896800867594468,32.32124977681942,31.62587742456984,32.285125732421875,11681500,377138696.24328613
2018-11-19 00:00:00,32.28512009881434,32.48379886335381,31.978072664970558,32.22190475463867,11595800,373638763.1538391
2018-11-20 00:00:00,31.698114293109203,32.16771642015245,31.472344238471738,31.689085006713867,10332900,327440146.4658737
2018-11-21 00:00:00,31.878733559013828,32.38445976178053,31.58071885459942,32.1045036315918,6555600,210464284.00726318
2018-11-23 00:00:00,31.905819521278296,32.61022085128866,31.788418151284247,32.44766616821289,4231400,137299054.62417603
2018-11-26 00:00:00,32.63731231941949,34.99435179126626,32.55603497746005,34.0009651184082,30361800,1032330502.7320862
2018-11-27 00:00:00,33.65780234399397,33.91066371921219,32.700536009988355,33.13401412963867,25559100,846875580.5408478
2018-11-28 00:00:00,33.19723271621813,33.413973519703916,32.45670709219052,33.36882019042969,12439900,415104786.28692627
2018-11-29 00:00:00,33.22432222729916,33.37784421160295,32.781811402287815,33.197227478027344,8251200,273916963.3666992
2018-11-30 00:00:00,33.179166387605676,34.3170458663308,33.106918321666356,34.27189254760742,18108900,620626274.955368
2018-12-03 00:00:00,35.220120131709734,35.770999484966104,34.65117876498861,34.723426818847656,17168900,596163042.7101135
2018-12-04 00:00:00,34.5157247829405,34.58796940427971,32.96242580690717,32.98048782348633,14234700,469467350.02098083
2018-12-06 00:00:00,32.61546429029296,32.62458851759051,31.858024620166923,32.57896041870117,14533700,473492837.0372772
2018-12-07 00:00:00,32.34167926998314,32.78884286312118,31.529487511352603,31.65724754333496,9236700,292408498.38352203
2018-12-10 00:00:00,31.529488242356475,31.73938022565091,30.53478063731774,31.410852432250977,12320000,386981701.96533203
2018-12-11 00:00:00,32.4420631468835,32.624578970229635,31.62074716362556,31.65724754333496,12531800,396722294.76356506
2018-12-12 00:00:00,32.1500472574182,32.88923496017872,32.1500472574182,32.560707092285156,10324900,336186044.657135
2018-12-13 00:00:00,32.81622296413724,33.01699074207897,32.004031107846004,32.04053497314453,9001000,288396855.2932739
2018-12-14 00:00:00,31.940150223002213,32.57895392370228,31.803262472423587,32.03140640258789,8415300,269553894.2996979
2018-12-17 00:00:00,31.885391432212607,32.50594314248026,31.447355545176578,31.629871368408203,10674200,337623572.96066284
2018-12-18 00:00:00,31.95839840345273,32.42381043462353,31.65724678001303,31.84889030456543,8492400,270473516.02249146
2018-12-19 00:00:00,31.949280276982027,33.035247810645025,31.657256271593845,31.87627601623535,11882000,378753911.62490845
2018-12-20 00:00:00,31.876271416977765,32.259551563298025,30.881563704270118,31.273971557617188,14957400,467777302.1759033
2018-12-21 00:00:00,31.237468059820447,31.803264060138122,30.078496418982432,30.09674835205078,21381100,643501586.190033
2018-12-24 00:00:00,29.795598872847087,30.06024318791007,29.430567189642783,29.540075302124023,9110200,269115994.0174103
2018-12-26 00:00:00,29.73172606547579,30.59867043136751,28.70963849695341,30.58954620361328,12490400,382075667.9016113
2018-12-27 00:00:00,30.178874266711453,31.02756983783043,29.55832259145888,30.991065979003906,13653000,423121023.81134033
2018-12-28 00:00:00,30.98194659456304,31.693754546873315,30.735550730794074,30.954566955566406,8678000,268623732.0404053
2018-12-31 00:00:00,31.027575527867988,31.228343307032382,30.041992046006662,30.525659561157227,8455500,258109714.41936493
2019-01-02 00:00:00,29.97810956180217,30.854184856406384,29.576577517625193,30.699045181274414,7662300,235225293.89247894
2019-01-03 00:00:00,30.425278399235076,30.73555432157835,29.384942507025446,29.430570602416992,11618300,341933198.43006134
2019-01-04 00:00:00,29.93248166092919,30.635165353521366,29.594829633465405,30.416149139404297,10784000,328007752.31933594
2019-01-07 00:00:00,30.762924513796634,31.912771789287497,30.55303253075938,31.35610008239746,10722300,336209511.9134903
2019-01-08 00:00:00,31.940146076270054,32.56069776424784,31.474734050886536,31.76675796508789,10532900,334596084.97047424
2019-01-09 00:00:00,31.90364431916341,32.478567961159975,31.675500403583808,32.10441207885742,9917600,318398717.23327637
2019-01-10 00:00:00,31.940148135032597,31.985776221842666,31.18270866542588,31.69375228881836,9143700,289798162.80326843
2019-01-11 00:00:00,33.4002698429586,34.65050108145958,33.080869734553296,33.9295654296875,32257100,1094469385.0219727
2019-01-14 00:00:00,33.99344360300285,34.67787535339888,33.78355161729206,34.36759948730469,14361100,493556532.99713135
2019-01-15 00:00:00,34.53186735283358,34.53186735283358,33.58278771443512,34.26721954345703,11999100,411175794.02389526
2019-01-16 00:00:00,34.20333611695122,34.6596239575955,34.01169605936861,34.37672424316406,17427400,599096924.0753174
2019-01-17 00:00:00,34.22157863466336,34.95163828262971,34.13032248411719,34.91513442993164,13060500,456009113.2221222
2019-01-18 00:00:00,35.08853849444543,35.38056245770301,34.5318667266106,35.23455047607422,10494100,369754896.15097046
2019-01-22 00:00:00,34.9334020978008,35.389690018539895,34.5774980766164,34.81476974487305,12134400,422456341.9921875
2019-01-23 00:00:00,34.86039172146297,35.00640369122114,34.20333611695122,34.37672424316406,7752800,266515867.71240234
2019-01-24 00:00:00,34.45886276611402,34.942530336663495,34.367606573059724,34.82389450073242,7809100,271943274.54566956
2019-01-25 00:00:00,35.27104863450504,35.4353125224076,35.00640087275095,35.26192092895508,8842600,311807062.0063782
2019-01-28 00:00:00,34.88777945021536,35.22543158955556,34.7326432039135,35.09767150878906,11384400,399565931.5246582
2019-01-29 00:00:00,34.96078425874164,35.17067629965761,34.76001644516949,35.10679626464844,5745200,201695565.8996582
2019-01-30 00:00:00,35.13417599855727,35.718224081541095,34.787396143835174,35.6725959777832,11033000,393575751.4228821
2019-01-31 00:00:00,35.417067349264926,35.636083587451786,35.12504337754888,35.608707427978516,11219300,399504771.24671936
2019-02-01 00:00:00,35.508318579603895,35.72733826842575,35.152414631318244,35.38968276977539,8040300,284543666.3738251
2019-02-04 00:00:00,35.27105309265131,35.5356974066559,34.997277590742925,35.526573181152344,9960000,353844668.88427734
2019-02-05 00:00:00,35.663455404763695,35.918975453662654,35.34405186244042,35.864219665527344,12158000,436037182.69348145
2019-02-06 00:00:00,36.65816660334028,37.17833798917522,36.07411867401013,36.4208984375,16883000,614894028.3203125
2019-02-07 00:00:00,35.80034929868527,35.96461322614785,34.988157369120586,35.27105712890625,15800700,557307392.376709
2019-02-08 00:00:00,35.13417265871482,35.32581276500142,34.68700892951189,35.316688537597656,8111500,286471319.0727234
2019-02-11 00:00:00,34.960768478396524,35.30754466014927,34.87863654457104,35.25279235839844,9364900,330138875.1571655
2019-02-12 00:00:00,35.40794016862014,35.88248000001695,35.40794016862014,35.61783218383789,9725800,346411912.25357056
2019-02-13 00:00:00,35.84598188068216,35.94636579127445,35.426197782933464,35.59046173095703,6735900,239733791.17355347
2019-02-14 00:00:00,35.417073706978286,35.67259385779812,35.3258140236848,35.49007797241211,7050500,250222794.74449158
2019-02-15 00:00:00,35.645219811768705,35.76385218529899,35.353195770276784,35.6725959777832,8582300,306152920.4601288
2019-02-19 00:00:00,35.57219606049809,36.2109996693796,35.5083160477299,36.07411193847656,9122200,329075263.9251709
2019-02-20 00:00:00,36.174493974622955,36.594277888997425,36.06498588417732,36.457393646240234,9794800,357092879.28619385
2019-02-21 00:00:00,36.50304516256994,36.685561084623124,36.083260978688784,36.15626525878906,7436000,268857988.46435547
2019-02-22 00:00:00,36.35702396579464,36.51216019769258,35.99199221361004,36.49391174316406,6742300,246052901.14593506
2019-02-25 00:00:00,36.73117077660547,36.92281083212586,36.58515880841851,36.63078689575195,9252300,338919029.5955658
2019-02-26 00:00:00,36.42089299254709,36.83155271933847,36.34788875289514,36.60340881347656,7611600,278610506.5246582
2019-02-27 00:00:00,36.585160823833576,36.64904084585942,36.30226109686191,36.503028869628906,8671900,316550616.0545349
2019-02-28 00:00:00,36.33876018836964,36.420892131786836,35.77296428993988,36.02848434448242,9053400,326180280.16433716
2019-03-01 00:00:00,36.36613584861676,36.47564742581903,35.63607607326628,36.07411193847656,7706200,277994321.4202881
2019-03-04 00:00:00,36.229255643586484,37.87189119181056,35.617828120145305,35.81859588623047,7524500,269517024.74594116
2019-03-05 00:00:00,35.845970153808594,35.973730186874946,35.608702018285335,35.845970153808594,4866200,174433659.96246338
2019-03-06 00:00:00,35.809474209734496,35.85510230131046,35.125042392494315,35.289302825927734,9413300,332188794.29130554
2019-03-07 00:00:00,35.11419462220363,35.335387955139396,34.69024454280455,35.05889892578125,8999800,315523078.5522461
2019-03-08 00:00:00,34.6810367042936,35.0589059403618,34.56122347849165,35.01282501220703,6911000,241973633.6593628
2019-03-11 00:00:00,35.09576596494345,35.750124171503614,35.022033680162615,35.59344482421875,12218800,434909183.61816406
2019-03-12 00:00:00,35.66717710899959,35.97131399434844,35.48284991279633,35.59344482421875,6633600,236112675.5859375
2019-03-13 00:00:00,35.704035064354386,35.97130574602691,35.5750035955752,35.75933074951172,7334100,262262507.6499939
2019-03-14 00:00:00,35.7224622520642,35.7777614493108,34.96672413509971,35.0496711730957,8692900,304683286.54060364
2019-03-15 00:00:00,35.0589000025022,35.289308120001685,34.91143894793248,35.0865478515625,16854700,591373238.0737305
2019-03-18 00:00:00,35.18792060330146,35.24321980556907,34.67180526271481,35.00359344482422,7583800,265460251.9668579
2019-03-19 00:00:00,35.307736346261,35.713253311744296,35.0588951916184,35.270870208740234,9003300,317554225.75035095
2019-03-20 00:00:00,34.78240854461006,34.96673221318594,33.89763876300217,34.100399017333984,11680000,398292660.52246094
2019-03-21 00:00:00,34.10039231635168,34.450613546172285,33.89763210186377,34.4229621887207,8168100,281170197.4536896
2019-03-22 00:00:00,34.183352126968245,34.37689412269047,33.43682848036204,33.58428955078125,10049500,337505317.8405762
2019-03-25 00:00:00,33.621146341503064,34.12804341027957,33.41838610769316,33.86998748779297,6922200,234454827.3880005
2019-03-26 00:00:00,34.03587475485071,34.08195565808299,33.69487185203477,33.98057556152344,6867200,233351408.49609375
2019-03-27 00:00:00,34.02667062526189,34.32159626332908,33.61193880782943,33.740966796875,7006500,236406083.8623047
2019-03-28 00:00:00,33.82391620874081,34.31238034849569,33.78705006195762,34.155704498291016,5591300,190974790.56129456
2019-03-29 00:00:00,34.38610758755886,34.46905464775381,34.02666798288159,34.192562103271484,9432600,322524761.2953186
2019-04-01 00:00:00,34.469046197373245,34.8561300395536,34.404532223676526,34.80083084106445,7145600,248672816.85791016
2019-04-02 00:00:00,34.865353082102914,35.031243668682826,34.662592842424274,34.846920013427734,5667100,197480980.4080963
2019-04-03 00:00:00,35.25243794335051,35.61187400299825,35.23400487417005,35.381465911865234,8815300,311898236.4528656
2019-04-04 00:00:00,35.39068976884748,35.888368651976556,35.38147147493362,35.750125885009766,7116100,254401470.810318
2019-04-05 00:00:00,35.805419637252385,35.95288069010939,35.556581967102105,35.88836669921875,4497800,161418695.7397461
2019-04-08 00:00:00,35.73168437921323,36.02660643136434,35.72246608747515,35.998958587646484,5992400,215720159.4406128
2019-04-09 00:00:00,35.80540649634787,36.01738497804634,35.66716378763945,35.81462478637695,6528900,233830103.7677765
2019-04-10 00:00:00,35.84228025420842,36.330744257296146,35.74090013679437,36.174068450927734,5471100,197911945.90187073
2019-04-11 00:00:00,36.29387983009551,36.48742176329906,36.0634717622585,36.247798919677734,4581500,166069290.75050354
2019-04-12 00:00:00,36.49664233247667,36.91137762356704,36.43212834450135,36.5980224609375,4949700,181149231.77490234
2019-04-15 00:00:00,36.77313452313562,36.87451113489053,36.26623388561792,36.468994140625,5179400,188887508.25195312
2019-04-16 00:00:00,36.4597790840801,36.78234901843899,36.36761373444284,36.55194091796875,5985300,218774331.97631836
2019-04-17 00:00:00,36.957463356878634,37.10492442228629,36.75470658928631,36.85608673095703,8643500,318565585.6590271
2019-04-18 00:00:00,36.86530322631577,37.28003859076168,36.8468701528127,37.14179229736328,10678000,396600058.1512451
2019-04-22 00:00:00,36.86529618275316,36.9574580169106,36.39526520335245,36.40447998046875,7203800,262250592.88330078
2019-04-23 00:00:00,36.312312199047476,36.717829124972326,36.10955197821104,36.708614349365234,9507500,349007150.92658997
2019-04-24 00:00:00,36.41369709487698,36.76391841550246,36.28466911247518,36.607242584228516,5564700,203708322.80845642
2019-04-25 00:00:00,36.42290923628853,36.60723640104951,35.8975791019561,36.045040130615234,8154600,293932884.249115
2019-04-26 00:00:00,36.911372684953314,36.9574535965204,36.349176422889464,36.570369720458984,11830500,432645758.97789
2019-04-29 00:00:00,36.634877465835764,37.12334137367434,36.57957827191631,36.8745002746582,9601100,354035764.5870209
2019-04-30 00:00:00,35.86992402133565,36.37682455078627,35.53813937807872,35.89757537841797,16035500,575635569.9806213
2019-05-01 00:00:00,35.943668783864666,36.12799599359841,35.630313582042035,35.713260650634766,8843300,315823077.9117584
2019-05-02 00:00:00,35.44597570675279,35.796196948291794,35.20635286722488,35.25243377685547,11291900,398066956.96487427
2019-05-03 00:00:00,35.519707910417864,35.851496084354,35.17870144512349,35.75933074951172,7201000,257502940.7272339
2019-05-06 00:00:00,34.56121717785513,35.178709237206704,34.33080906333609,35.10498046875,7506200,263505004.39453125
2019-05-07 00:00:00,35.81463460304565,35.842282449216,35.27087136195482,35.510494232177734,11257000,399741633.57162476
2019-05-08 00:00:00,35.40911047732208,35.740898660335205,35.15105456419993,35.21556854248047,7082900,249428350.4295349
2019-05-09 00:00:00,34.64415969221321,34.71788845099205,34.3031567118958,34.634944915771484,8898600,308202520.82748413
2019-05-10 00:00:00,34.56121819021657,35.00360136116148,34.137268090862996,34.920654296875,6440600,224909966.06445312
2019-05-13 00:00:00,33.96214831534575,34.21098945432764,33.59349751058412,33.69487762451172,19454800,655527105.2093506
2019-05-14 00:00:00,33.92528922587139,34.459834178907826,33.805476031876736,34.137264251708984,6534600,223073366.97921753
2019-05-15 00:00:00,33.75939641561283,34.61651484459369,33.62115014677772,34.441402435302734,8190400,282088862.5061035
2019-05-16 00:00:00,34.37689027376478,34.67181238158296,34.2202144421265,34.45062255859375,5734600,197560540.12451172
2019-05-17 00:00:00,34.109613794463336,34.432187245968365,33.96215275015346,34.100399017333984,7970000,271780180.16815186
2019-05-20 00:00:00,33.78704278910699,34.100397937814144,33.76860971968321,34.072750091552734,17521900,597019319.8291779
2019-05-21 00:00:00,34.100397836030076,34.32159115270664,33.85155667317463,34.220211029052734,8387600,287025442.0272827
2019-05-22 00:00:00,34.10039811276031,34.1464790286819,32.6350024856631,32.76403045654297,13264100,434585376.3786316
2019-05-23 00:00:00,32.395378564526986,32.42302641003506,31.65806987065992,32.37694549560547,13746200,445059968.1716919
2019-05-24 00:00:00,32.625784806869554,32.64421435900015,32.137317297451666,32.36772537231445,5262500,170335154.7718048
2019-05-28 00:00:00,32.441462315690764,32.57049029367539,31.98986087699584,32.11888885498047,7895400,253591475.0656128
2019-05-29 00:00:00,31.952988786114695,32.11888287427564,31.63041890121733,32.0635871887207,12911200,413979386.91101074
2019-05-30 00:00:00,32.035936911332726,32.34007725514118,31.777880994706056,32.09123611450195,8550000,274380068.7789917
2019-05-31 00:00:00,30.690358210203907,31.05901257642351,30.552115459683005,30.727224349975586,15779900,484872527.52017975
2019-06-03 00:00:00,30.73644557172999,31.1788323102507,30.487607865467425,31.059019088745117,11019400,342251754.94651794
2019-06-04 00:00:00,31.68571438245267,32.96678251170967,31.611982122705214,32.92991638183594,12875700,423995724.357605
2019-06-05 00:00:00,33.215622906055415,33.30778471302574,32.561264935622404,33.03129577636719,9605600,317285414.70947266
2019-06-06 00:00:00,32.68664332873941,33.012669981331356,32.09979180064989,32.77979278564453,9749200,319576755.82580566
2019-06-07 00:00:00,32.89157800457161,33.11513813343293,32.74253673418934,33.05924987792969,6561000,216901738.44909668
2019-06-10 00:00:00,33.65541995647349,34.00939080529736,33.43185624099419,33.543636322021484,8498000,285053821.4645386
2019-06-11 00:00:00,33.86966046721811,34.07459353989432,33.627466189796394,33.720619201660156,4652000,156868320.52612305
2019-06-12 00:00:00,33.77650760224784,33.77650760224784,33.12445428348605,33.2269172668457,5509500,183063700.6816864
2019-06-13 00:00:00,33.18965635475121,33.580888307572955,32.984723301316734,33.55294418334961,3917300,131436948.24943542
2019-06-14 00:00:00,33.42254251402357,33.52500906827657,33.10582932516189,33.21760940551758,4953400,164540106.42929077
2019-06-17 00:00:00,33.124456773938,33.70199127973051,32.938154288817216,33.664730072021484,5454900,183637736.06987
2019-06-18 00:00:00,33.88829212391684,34.260893522692,33.6647284419124,34.18637466430664,8226900,281247885.7257843
2019-06-19 00:00:00,34.46582018690565,34.90363039124025,34.232943023480615,34.260887145996094,10884800,372922904.4067383
2019-06-20 00:00:00,34.60555876764508,34.754600056878324,33.99076300537987,34.42856979370117,8639700,297452514.44664
2019-06-21 00:00:00,34.42856904066002,34.55897972170861,34.139803547888,34.39130783081055,13004600,447245201.81655884
2019-06-24 00:00:00,34.307476189178594,34.57761108293442,34.074598952662605,34.42856979370117,7449000,256458416.39328003
2019-06-25 00:00:00,34.52172010203016,35.28555709338205,34.22363754703548,35.0992546081543,12930500,453850911.71073914
2019-06-26 00:00:00,35.22966738487204,35.863093740405105,35.127200834208665,35.518436431884766,11911400,423074303.7147522
2019-06-27 00:00:00,35.95623681324586,36.31952821551834,35.546374236954364,35.69541549682617,8106600,289368455.26657104
2019-06-28 00:00:00,35.70473425407131,36.25432103854657,35.70473425407131,35.89103317260742,11480900,412061362.75138855
2019-07-01 00:00:00,36.26364587379484,36.31953769336612,35.797891370975414,36.09597396850586,10218000,368828662.0101929
2019-07-02 00:00:00,36.077330477482384,36.09596107735249,35.537057294943565,35.71404266357422,6679300,238544805.16281128
2019-07-03 00:00:00,35.86309225399526,36.04007766380816,35.388024283747775,35.54637908935547,4409400,156738203.956604
2019-07-05 00:00:00,35.39733232770647,35.881717301759636,35.15514161739183,35.86308670043945,4851900,174004110.36186218
2019-07-08 00:00:00,35.77925559076038,35.99350220466621,35.50911716536524,35.6115837097168,5787300,206094918.40324402
2019-07-09 00:00:00,35.36938863178132,35.555687540396875,35.00610078518753,35.47185516357422,6204700,220092219.73342896
2019-07-10 00:00:00,35.723363360022084,35.83514698168881,35.2762395336281,35.49048614501953,5153100,182886024.15390015
2019-07-11 00:00:00,35.65815814393454,35.93761364561624,35.49048626429525,35.79788589477539,4598400,164612998.49853516
2019-07-12 00:00:00,35.956242647656275,36.71076614699042,35.88172378234059,36.52446365356445,7164700,261686824.73869324
2019-07-15 00:00:00,36.52446443827942,36.66419219970703,36.22638186376348,36.66419219970703,5448800,199775850.45776367
2019-07-16 00:00:00,36.31952663224938,36.98089697201058,36.00281352465019,36.72938919067383,8584800,315314460.3240967
2019-07-17 00:00:00,36.71075957197116,36.757334298629836,36.161169269181485,36.477882385253906,5727300,208919775.7850647
2019-07-18 00:00:00,36.30090384544322,36.589669337214765,36.20775082114229,36.44062805175781,5713800,208214460.5621338
2019-07-19 00:00:00,36.70144398181594,37.09267592783217,36.55240273284448,36.775962829589844,8194500,301360627.407074
2019-07-22 00:00:00,37.22309331258634,37.60501180427863,37.04610790784944,37.12994384765625,6812800,252958881.4453125
2019-07-23 00:00:00,37.5863748944481,38.11733457299988,37.40007599584473,37.92171859741211,12584300,477218283.3454132
2019-07-24 00:00:00,37.8099435263575,38.10802606748269,37.56775279422735,38.080081939697266,7318200,278677655.6510925
2019-07-25 00:00:00,37.5770696776557,38.024193529307446,37.37213657978112,37.958988189697266,8304800,315241805.11779785
2019-07-26 00:00:00,37.93104062571485,38.191861960544784,37.69816341863836,37.97761535644531,5705900,216696475.4623413
2019-07-29 00:00:00,37.92171624761836,38.080074565727124,37.781992082323754,37.89377212524414,5711200,216418911.36169434
2019-07-30 00:00:00,37.50253797753354,37.78199342490016,37.18582488348518,37.66089630126953,5436900,204758527.1003723
2019-07-31 00:00:00,37.8192552346577,37.93103884727874,37.36281792010586,37.577064514160156,10155700,381621394.0864563
2019-08-01 00:00:00,38.4340534699838,39.03022211703744,36.952954260875195,37.400081634521484,18102900,677049937.821579
2019-08-02 00:00:00,37.176520891249005,37.47460346166518,36.87843832083283,37.055423736572266,9144900,338868144.5285797
2019-08-05 00:00:00,36.51514660452633,36.58966546265157,36.03076158972774,36.338157653808594,9478000,344413058.24279785
2019-08-06 00:00:00,36.47788876857373,36.6176165264248,36.00282078804418,36.40336990356445,7104500,258627741.47987366
2019-08-07 00:00:00,36.04008541288687,36.79460905502035,35.77926400478278,36.692142486572266,7924700,290774221.56333923
2019-08-08 00:00:00,36.7946002815456,37.44665719975153,36.67350313376144,37.3535041809082,6204200,231748610.63919067
2019-08-09 00:00:00,37.036792226347245,37.12994524821543,36.60829898602694,36.89706802368164,6125000,225994541.64505005
2019-08-12 00:00:00,36.543082485041495,36.61760487977256,36.02143638219417,36.19842529296875,4130100,149503116.30249023
2019-08-13 00:00:00,36.170489334670776,36.915695683043936,35.84445911427841,36.338157653808594,6318700,229609916.76712036
2019-08-14 00:00:00,35.6302114238853,35.65815555065147,34.512400158725654,34.6428108215332,9878100,342205149.57618713
2019-08-15 00:00:00,34.624179303879956,34.689388186983905,33.674043484707575,33.97212600708008,7904300,268525875.59776306
2019-08-16 00:00:00,34.07459592495454,34.558977406854254,33.878976363060225,34.46582794189453,7171900,247185471.4164734
2019-08-19 00:00:00,34.94089837114506,35.02473431691091,34.64281579807196,34.80117416381836,3899900,135721099.12147522
2019-08-20 00:00:00,34.652133504263354,34.73596945154609,34.391308583036704,34.42856979370117,4110400,141515193.2800293
2019-08-21 00:00:00,34.80116988017071,34.80116988017071,34.52171794649026,34.577606201171875,3791800,131111367.19360352
2019-08-22 00:00:00,34.69870954498522,34.94090031655742,34.512407038085584,34.70802307128906,4044300,140369657.70721436
2019-08-23 00:00:00,34.102550729540766,34.63351066356135,33.44118008238186,33.5902214050293,7834100,263149153.50914
2019-08-26 00:00:00,33.99075650840653,34.102536565609725,33.543629172745824,33.76719284057617,4838500,163382562.5591278
2019-08-27 00:00:00,33.97212336939396,34.074589894770725,33.39458541789285,33.431846618652344,6221600,207999576.92260742
2019-08-28 00:00:00,33.25487248440517,34.06528433099064,33.143092397771795,33.94418716430664,7284600,247269825.81710815
2019-08-29 00:00:00,34.27952959889877,34.484462710671544,34.214324254866476,34.381996154785156,5123700,176163033.6982727
2019-08-30 00:00:00,34.69870481823312,34.78254075724636,34.38199166567469,34.54966354370117,4599000,158893902.6374817
2019-09-03 00:00:00,34.36336554885811,34.47514563099565,34.03733882869664,34.381996154785156,6093900,209520446.36764526
2019-09-04 00:00:00,34.754599426730536,35.695421881689896,34.68939408596229,35.62090301513672,8105700,288732353.5697937
2019-09-05 00:00:00,36.33595049708325,37.20154209364998,36.33595049708325,36.43944549560547,10747000,391614720.741272
2019-09-06 00:00:00,36.6182041182292,36.627614711326245,36.2418629434097,36.48648452758789,5012700,182895800.99143982
2019-09-09 00:00:00,36.74992713389824,37.42734268118504,36.64643214483077,37.239173889160156,7543800,280924879.9850464
2019-09-10 00:00:00,36.88164672395152,37.3332582851726,36.54293715576329,37.239173889160156,7233600,269373288.2446289
2019-09-11 00:00:00,37.06982108919645,37.20154068629991,36.561756709720406,37.12627029418945,6991800,259579456.64291382
2019-09-12 00:00:00,37.07923038698102,37.154500783746876,36.59939416941389,36.75933837890625,6982100,256657376.49536133
2019-09-13 00:00:00,37.13567255386807,37.23916752524898,36.48647812942018,36.56174850463867,10133600,370502134.64660645
2019-09-16 00:00:00,35.72439662815912,35.90315844225294,34.7835381746524,35.009342193603516,15650300,547906708.1325531
2019-09-17 00:00:00,34.99993117854849,36.1477759197441,34.67062860409314,36.02546691894531,11349200,408860229.15649414
2019-09-18 00:00:00,35.893741955093944,36.08191072481579,35.677341409553215,35.921966552734375,5949800,213728516.59545898
2019-09-19 00:00:00,35.987836032633936,36.081920442834814,35.50799979806517,35.545631408691406,4924600,175048016.4352417
2019-09-20 00:00:00,35.80906849189146,35.81847549577133,35.084607164094535,35.159873962402344,18762200,659676587.2573853
2019-09-23 00:00:00,34.61418015603751,35.21632893618868,34.407190166951864,35.037567138671875,7044100,246808126.68151855
2019-09-24 00:00:00,35.13164486733519,35.27277503110598,34.38836603777544,34.59535598754883,6965500,240973952.13127136
2019-09-25 00:00:00,34.58594634273132,35.04696844646122,34.284872001593556,34.91524887084961,8414900,293808327.7233124
2019-09-26 00:00:00,35.15047794592916,35.64913185649367,34.97171251452623,35.38569259643555,8301200,293743711.38153076
2019-09-27 00:00:00,35.60207917202478,35.72439175925583,34.78353343397937,35.20691680908203,6879500,242205984.18807983
2019-09-30 00:00:00,35.31041271358019,35.35745850233415,34.82116594107524,35.263370513916016,7477000,263664221.33255005
2019-10-01 00:00:00,35.25395972983423,35.263366733122574,33.89912155459154,33.97439193725586,9991600,339458534.48028564
2019-10-02 00:00:00,33.654503011991224,33.654503011991224,32.37493510448083,32.62896728515625,12940100,422222099.5666504
2019-10-03 00:00:00,32.46901603264096,32.92063114275453,32.13971708681786,32.91122055053711,12044600,396402487.04299927
2019-10-04 00:00:00,32.93004100881532,33.108802796505195,32.534882239472566,32.84536361694336,7037700,231155815.52696228
2019-10-07 00:00:00,32.55369404547935,33.033533763328045,32.27143728802744,32.69482421875,6640500,217109980.22460938
2019-10-08 00:00:00,32.28085497693142,32.43139218660528,31.716337748836814,31.876285552978516,10686900,340658676.0761261
2019-10-09 00:00:00,31.970365824948036,32.309075400145005,31.791604033189515,32.12090301513672,6329300,203302831.45370483
2019-10-10 00:00:00,32.41256620519716,33.21229425183351,32.18675865453283,32.610145568847656,10914900,355936477.8694153
2019-10-11 00:00:00,33.137040046839005,33.870908584323686,33.12762945123039,33.466339111328125,12177900,407549731.0638428
2019-10-14 00:00:00,33.29697574303046,33.45692352554638,33.18407374831256,33.40047073364258,5630700,188068030.55992126
2019-10-15 00:00:00,33.37224887744351,34.39778468564029,33.08998848379541,34.11552429199219,10249400,349663654.6783447
2019-10-16 00:00:00,34.331922829279385,35.01874899526053,34.294287633833626,34.482460021972656,13294400,458423616.5161133
2019-10-17 00:00:00,34.63298668438441,34.64239368584073,33.74857780576554,34.049652099609375,8122200,276558084.28344727
2019-10-18 00:00:00,33.955571226026414,34.21901036300114,33.88030085026846,34.03083801269531,6858800,233410711.7614746
2019-10-21 00:00:00,34.28487459808573,34.548317358349486,33.52278168459183,33.80503845214844,7039300,237963807.1762085
2019-10-22 00:00:00,33.65450278081104,34.41659931760229,33.45692339356172,34.162567138671875,6730400,229927741.8701172
2019-10-23 00:00:00,34.10612219826589,34.47305645593758,33.71096333280116,34.44483184814453,6413900,220925706.9908142
2019-10-24 00:00:00,34.45423167540261,34.59536186314262,33.626278913869854,33.70154571533203,6718800,226433945.35217285
2019-10-25 00:00:00,33.66390817882029,34.6424016534053,33.64509058249102,34.567134857177734,8735600,301964663.2583618
2019-10-28 00:00:00,35.009345881070814,35.09402329436893,34.331930163776384,34.47305679321289,10645500,366982926.0921478
2019-10-29 00:00:00,35.37627116677045,36.4112174655074,35.37627116677045,35.9501953125,18562500,667325500.4882812
2019-10-30 00:00:00,35.99724105376062,35.99724105376062,35.20691984873108,35.66794204711914,7393200,263700229.14276123
2019-10-31 00:00:00,35.395089504291306,35.6679392824107,34.68003874997085,34.96229553222656,7652700,267555959.0194702
2019-11-01 00:00:00,35.009341334935534,35.818480159360135,35.009341334935534,35.724395751953125,7925300,283126553.6529541
2019-11-04 00:00:00,36.081917415745664,36.213640603702245,35.95960841056366,36.11955261230469,7782300,281093194.29473877
2019-11-05 00:00:00,36.326544233979014,36.58998344353088,35.95019942968488,35.969017028808594,7317800,263214072.81341553
2019-11-06 00:00:00,36.100735355773885,36.204230352745995,35.526811164630296,36.14777755737305,7280900,263188353.61747742
2019-11-07 00:00:00,36.31712970599921,36.59939007319038,36.18541011549115,36.21363830566406,8070100,292247682.49053955
2019-11-08 00:00:00,36.14777719603697,36.382991790771484,35.58326360431009,36.382991790771484,5913000,215132630.4588318
2019-11-11 00:00:00,36.31713285983122,36.505305257936605,36.11014645209627,36.43003845214844,3907400,142346732.2479248
2019-11-12 00:00:00,36.448858017185835,36.65584443608715,36.09133080040696,36.3077278137207,12687200,460643404.3182373
2019-11-13 00:00:00,36.1289617998118,36.1289617998118,34.89643607864911,34.99052047729492,12447200,435534006.48498535
2019-11-14 00:00:00,34.90584151970142,35.2351440783942,34.520089759985,34.62358474731445,13019300,450774836.90071106
2019-11-15 00:00:00,34.8117545622291,34.915249541938664,34.55772240905725,34.70825958251953,12358900,428955909.35440063
2019-11-18 00:00:00,34.51068405444397,34.65181424049146,34.23783427560001,34.45423126220703,9766600,336500695.0454712
2019-11-19 00:00:00,34.501277926729166,34.529506121046104,33.880311488109385,34.228431701660156,10534600,360582836.6043091
2019-11-20 00:00:00,34.06848391334793,34.115526118444464,33.09940084981671,33.193485260009766,14056200,466574267.51174927
2019-11-21 00:00:00,33.42869907062447,33.475744863679736,32.544293433172975,32.61956024169922,14379800,469062752.3635864
2019-11-22 00:00:00,33.18407150390657,33.40046847460057,32.864179549600344,33.24052429199219,13566900,450970869.0170288
2019-11-25 00:00:00,33.353432869312535,33.76740929646878,33.259344870579184,33.692142486572266,12208000,411313675.4760742
2019-11-26 00:00:00,33.58864875871977,33.80504578039329,33.409883348879255,33.78622817993164,8245900,278597858.9488983
2019-11-27 00:00:00,33.88030810476958,34.124933289273386,33.72977091010949,34.002620697021484,5838700,198531101.46369934
2019-11-29 00:00:00,33.91794521817307,33.99321561430325,33.72977281693763,33.87090301513672,3927000,133011036.1404419
2019-12-02 00:00:00,33.880312253000604,34.209614874137905,33.72036803431783,33.75800323486328,6782000,228946777.93884277
2019-12-03 00:00:00,33.37224266706092,33.51336924853213,32.89240295842656,33.42869186401367,8211000,274482988.89541626
2019-12-04 00:00:00,33.62627099379759,33.917934715765725,33.56981821418008,33.68272018432617,8962100,301867906.5639496
2019-12-05 00:00:00,33.853898393446414,33.90144890766348,33.492539153042166,33.578125,6892800,231447300.0
2019-12-06 00:00:00,33.891930607342516,34.006043838039574,33.71125102310601,33.796836853027344,8404200,284035376.2802124
2019-12-09 00:00:00,33.71125783427398,33.84439056825161,33.61616043315071,33.644691467285156,6922700,232912105.62057495
2019-12-10 00:00:00,33.6161583168686,33.64468934920689,33.245287544823114,33.38793182373047,7594600,253567987.02850342
2019-12-11 00:00:00,33.40695320590286,33.67321867226433,33.3784221719392,33.511558532714844,7754200,259855327.17437744
2019-12-12 00:00:00,33.60665034199924,34.51005564270354,33.511556574596554,34.32937240600586,11352800,389734499.0509033
2019-12-13 00:00:00,34.38642745151721,34.55759911803537,33.86340452719809,33.90144348144531,8276000,280568346.2524414
2019-12-16 00:00:00,34.063113022462325,34.46251489740267,33.90145286356421,34.338890075683594,11233700,385752789.4432068
2019-12-17 00:00:00,34.42446649720079,34.605146088963494,34.338880663714384,34.52907180786133,8869800,306265961.1213684
2019-12-18 00:00:00,34.557605208518666,35.59414331507327,34.54809728207834,35.48003005981445,12651000,448857860.28671265
2019-12-19 00:00:00,35.48002655398921,35.527573436682644,35.03307787596285,35.43247604370117,10774000,381749496.8948364
2019-12-20 00:00:00,35.69875067399952,35.77482497263325,35.36591518814082,35.4229736328125,13976100,495075021.7895508
2019-12-23 00:00:00,35.55610784433888,35.57512732668148,34.83338565329674,34.96651840209961,8754500,306114385.35118103
2019-12-24 00:00:00,34.92847209761831,34.93798365058854,34.709753538032466,34.785831451416016,2924200,101720728.33023071
2019-12-26 00:00:00,34.795336356609496,34.80484428115988,34.54809041476268,34.690731048583984,5439700,188707169.6849823
2019-12-27 00:00:00,34.766822814941406,34.90946350562553,34.6431979809386,34.766822814941406,5753500,200030915.06576538
2019-12-30 00:00:00,34.709760778483016,34.84289352708112,34.424475798973454,34.65270233154297,5353900,185527103.0128479
2019-12-31 00:00:00,34.58613294581583,34.93798789658362,34.53858605797004,34.80485153198242,5160200,179599994.8753357
2020-01-02 00:00:00,35.185229876324414,35.546592712402344,34.75730067933669,35.546592712402344,7454400,264978520.71533203
2020-01-03 00:00:00,34.92848365838806,35.1091633210842,34.33889414489914,34.53859329223633,9173000,316822516.26968384
2020-01-06 00:00:00,34.18673193869378,34.405450506971576,34.04408765922819,34.08212661743164,8408200,286569337.0246887
2020-01-07 00:00:00,33.99654186583944,34.08212771074535,33.03608171975745,33.42597198486328,17556800,586853104.9438477
2020-01-08 00:00:00,33.32136746796802,33.47351968175621,32.72226653910424,32.950496673583984,13229400,435915300.69351196
2020-01-09 00:00:00,33.273815868023746,33.37841755276519,32.836375141201586,33.35940170288086,9610400,320597194.1253662
2020-01-10 00:00:00,33.425972795121446,34.66220998559986,32.817360312373765,32.950496673583984,9644900,317804245.3670502
2020-01-13 00:00:00,32.98853947528457,33.283336043316986,32.798351885685065,33.26431655883789,7465700,248341408.13331604
2020-01-14 00:00:00,33.28332770082183,33.61615952679211,33.24528874139813,33.42597198486328,6827100,228202453.3378601
2020-01-15 00:00:00,33.28332770082183,33.587632121021755,33.17872237620407,33.42597198486328,7173900,239794580.4222107
2020-01-16 00:00:00,33.483023029770706,33.83487792346617,33.4259682246483,33.80634689331055,7280800,246137250.46081543
2020-01-17 00:00:00,33.8253735008494,33.977525725904975,33.67322127579383,33.85390090942383,9871700,334195553.6075592
2020-01-21 00:00:00,33.625674121931375,33.8063537541444,33.24529174847797,33.27382278442383,11550500,384329290.0714874
2020-01-22 00:00:00,33.40695695395154,33.6161640034523,33.15019938504145,33.19774627685547,7358400,244282296.20361328
2020-01-23 00:00:00,33.06461462867526,33.27382531273099,32.34188878971659,33.169219970703125,8595200,285096079.4921875
2020-01-24 00:00:00,33.18824413426364,33.273830005484676,32.341893351035175,32.62718200683594,9386600,306258306.6253662
2020-01-27 00:00:00,31.98052911723488,32.10415031307348,31.543088271451982,31.771318435668945,10359100,329122264.8069382
2020-01-28 00:00:00,31.923465830653456,32.199242845900876,31.7047472547108,31.990032196044922,8871000,283783575.6111145
2020-01-29 00:00:00,32.142177441741595,32.37040752191086,31.94247838883977,31.95198631286621,6977700,222951374.89528656
2020-01-30 00:00:00,31.761810210305924,31.809357102689948,31.352900406131674,31.69524383544922,11533000,365541247.15423584
2020-01-31 00:00:00,31.619165606647694,31.847395766566944,31.51456026783451,31.75229835510254,18631400,591589771.5732574
2020-02-03 00:00:00,31.913956499759617,32.655698040096894,31.87591754189753,32.06610870361328,17934700,575096039.7666931
2020-02-04 00:00:00,32.66520750991596,33.112156216936945,32.522566852582244,32.684226989746094,14346300,468897725.6629944
2020-02-05 00:00:00,33.18823413864962,33.71125713743398,32.51305530121322,33.31185531616211,19050400,634604168.5150146
2020-02-06 00:00:00,33.33087375794685,33.37842064224739,32.57011272635388,32.64619064331055,11866300,387389492.03071594
2020-02-07 00:00:00,32.40845328614114,32.484527577127274,31.78082134063277,31.98052406311035,14437100,461706023.95153046
2020-02-10 00:00:00,32.32286815012356,32.6176610221002,32.01856009672348,32.57011413574219,12260600,399329141.37268066
2020-02-11 00:00:00,32.65570273860775,33.530577129744806,32.39894517748835,33.29283905029297,12718600,423438302.74505615
2020-02-12 00:00:00,33.59714587563562,34.03458305488032,33.406954693652466,33.749298095703125,12076300,407566648.59313965
2020-02-13 00:00:00,33.48303080617273,33.787335262814715,33.43548391499653,33.55910873413086,7578400,254324349.6307373
2020-02-14 00:00:00,33.56861458649657,33.65420043636189,32.73177556865739,33.05509948730469,8946000,295710920.01342773
2020-02-18 00:00:00,32.57011113728642,33.03607928692497,32.294334143165536,32.72226333618164,10531000,344598155.19332886
2020-02-19 00:00:00,32.83638168666425,33.37842420627627,32.82687375982681,33.207252502441406,9079500,301505249.09591675
2020-02-20 00:00:00,32.96000774804403,33.663714071275656,32.89344137487829,33.55910873413086,7817900,262361756.17256165
2020-02-21 00:00:00,33.273820581333254,33.3594064283138,32.72226653910424,32.950496673583984,8431500,277822112.70332336
2020-02-24 00:00:00,31.990033516683773,32.094638845930156,31.181725544935382,31.467010498046875,14743100,463921282.4737549
2020-02-25 00:00:00,31.61916213148222,31.64768953798852,29.859900116294394,30.192733764648438,14621900,441475133.833313
2020-02-26 00:00:00,30.525565192438535,31.010552862152508,30.325866094365665,30.430471420288086,14421900,438865215.77625275
2020-02-27 00:00:00,29.764808846427393,30.35440012164238,29.051594559559668,29.203746795654297,14940400,436315658.62579346
2020-02-28 00:00:00,28.319358613152154,29.004043579101562,27.891429375810358,29.004043579101562,20827000,604067215.6219482
2020-03-02 00:00:00,29.023064796672276,29.907450730918736,28.281321345479018,29.878921508789062,14994600,448022476.4556885
2020-03-03 00:00:00,29.95499447856326,30.715755517579247,28.775813961189794,29.023061752319336,15816200,459034549.2870331
2020-03-04 00:00:00,29.47951899003563,30.021561468354506,28.870910146140393,29.983524322509766,16227800,486566636.000824
2020-03-05 00:00:00,29.396365032493286,29.61775174821692,28.88621135911268,28.972841262817383,17921300,519230980.12332916
2020-03-06 00:00:00,28.116170590126654,28.43381482387536,27.384631968894848,27.615644454956055,20009500,552575237.7214432
2020-03-09 00:00:00,25.026378190685573,25.141885359372292,23.245654759932727,23.76543426513672,28350600,673764320.677185
2020-03-10 00:00:00,25.007125260330586,26.123686538133516,23.66917724411867,26.10443687438965,18287700,477390110.2277756
2020-03-11 00:00:00,25.026378631591797,25.623162314459478,24.795366126072622,25.026378631591797,21309700,533304620.7256317
2020-03-12 00:00:00,22.71624849336384,23.43816315839072,21.6574399508063,22.17721939086914,20344500,451184439.89753723
2020-03-13 00:00:00,23.678803648287726,24.381466882267777,22.042462849776825,23.784683227539062,17909800,425978919.6685791
2020-03-16 00:00:00,20.7045118654917,21.570809056682698,20.21360969543457,20.21360969543457,18056800,364993107.54852295
2020-03-17 00:00:00,20.51200354149766,20.771893287375207,18.769783157360393,19.5590763092041,23544400,460506716.25442505
2020-03-18 00:00:00,18.12486778362725,18.33662872272417,13.793380510298046,16.17088508605957,39591100,640223128.530693
2020-03-19 00:00:00,15.728112009484473,18.27887641805972,14.438291183547044,17.04680824279785,34361800,585759015.4773712
2020-03-20 00:00:00,17.730227958496396,18.25000567145593,17.017938893522626,17.460712432861328,35702000,623382355.2780151
2020-03-23 00:00:00,17.335575908508773,17.86497920681606,16.584784073961877,16.940929412841797,25419700,430633343.3956146
2020-03-24 00:00:00,18.596521764995973,20.858521450920307,17.903484336782867,20.31949234008789,24082900,489352302.07710266
2020-03-25 00:00:00,22.13871785520641,22.283100430555553,20.21361195475368,20.68526268005371,27617200,571269036.4875793
2020-03-26 00:00:00,20.82964405805833,22.109839334833335,20.27136345245549,21.715192794799805,16959000,368267954.6070099
2020-03-27 00:00:00,20.569759935001063,21.137664557838633,19.963350472155692,20.579383850097656,18349700,377625519.83413696
2020-03-30 00:00:00,21.474554571816718,21.638188637391675,19.857465414587455,20.52162742614746,18477800,379194527.25486755
2020-03-31 00:00:00,20.184737708761514,21.37830332433142,19.78046533607458,20.001853942871094,20303000,406097640.6021118
2020-04-01 00:00:00,18.76978317130278,19.414693743446048,18.278880929588585,18.53877067565918,17467100,323818561.26880646
2020-04-02 00:00:00,18.384761690140238,18.952668076833202,17.12381784121093,17.508838653564453,17920600,313768893.97506714
2020-04-03 00:00:00,17.710972046465415,18.076743157038596,17.18156871412259,17.36445426940918,13835500,240245907.0444107
2020-04-06 00:00:00,18.384763382766565,19.020048240619538,17.85535811060628,18.81791114807129,22442100,422313443.7761307
2020-04-07 00:00:00,20.473503048316708,21.378301559607543,19.934472038613542,20.502378463745117,30405600,623387118.6172485
2020-04-08 00:00:00,20.9258994326968,22.716248380569375,20.666009713955827,22.26384735107422,23774400,529309612.4633789
2020-04-09 00:00:00,23.25527894635698,24.05419781527853,22.696998313085583,23.15902328491211,22490500,520858013.1893158
2020-04-13 00:00:00,23.139776251777814,23.197528920840156,21.869204680936505,22.148345947265625,14802600,327853105.71899414
2020-04-14 00:00:00,22.716248471248665,22.879882535265743,21.821073993739,22.119464874267578,12654700,279915192.1443939
2020-04-15 00:00:00,21.09916000523736,21.436053893231012,20.66601045839923,20.848896026611328,12760900,266050677.3059845
2020-04-16 00:00:00,20.829650272670836,20.839276024802555,19.790092909463638,20.088485717773438,11501700,231051736.18011475
2020-04-17 00:00:00,21.099162051629047,21.69594572560717,21.012532133859253,21.63819122314453,17166300,371447681.99386597
2020-04-20 00:00:00,20.906648293583757,21.792197033602438,20.637134657006737,21.541933059692383,15912400,342783855.6190491
2020-04-21 00:00:00,20.473499285840646,21.07028101672827,20.194358081836814,20.444622039794922,13507300,276151643.27812195
2020-04-22 00:00:00,20.83927238582855,20.96440530576557,20.280991711147838,20.502378463745117,9547300,195742357.90691376
2020-04-23 00:00:00,20.743017261889708,21.2339195322281,20.64676342670213,20.714141845703125,10673000,221082035.91918945
2020-04-24 00:00:00,20.89702596466571,21.407179745282086,20.733393707631823,21.128040313720703,11990500,253335767.3816681
2020-04-27 00:00:00,20.7141394481854,21.724819288069597,20.34836830748086,21.60931396484375,20240600,437385480.2368164
2020-04-28 00:00:00,22.311979289178833,22.523740292568593,21.272422101396412,21.34942626953125,22085500,471512753.8757324
2020-04-29 00:00:00,21.898080852811002,23.649927027288015,21.830702436242525,22.889511108398438,23541000,538841981.0028076
2020-04-30 00:00:00,22.562242577041477,22.562242577041477,21.416804006030954,21.455307006835938,15272400,327674030.7312012
2020-05-01 00:00:00,20.839272001201042,20.9451534182821,20.021101587220464,20.11735725402832,17874500,359587702.2371292
2020-05-04 00:00:00,19.684209611197772,20.098105859585598,19.366567194201817,19.97297477722168,16188800,323338494.0734863
2020-05-05 00:00:00,20.45425097406212,21.14728846378001,20.329119893556825,20.463876724243164,17802300,364304072.6079941
2020-05-06 00:00:00,22.186841169340497,22.764373212977567,21.012527421486663,21.070280075073242,34430500,725460278.1248093
2020-05-07 00:00:00,21.349421716893346,22.11946323403494,21.20503916191977,21.599685668945312,16977100,366700023.57025146
2020-05-08 00:00:00,22.20609741765698,23.101272001461474,22.186845917033967,23.033893585205078,16554500,381314591.35627747
2020-05-11 00:00:00,22.379354673665187,22.514111490656113,21.744069913673766,21.946205139160156,16754000,367686720.90148926
2020-05-12 00:00:00,22.129090833353008,22.398606304856568,21.70556704553997,21.715192794799805,12182900,264554022.29976654
2020-05-13 00:00:00,21.59969269677324,21.609318448359886,20.33874677778843,20.656389236450195,16832600,347700737.46147156
2020-05-14 00:00:00,19.886345722724453,21.503435128811407,19.72271163196746,21.474557876586914,15629100,335628012.50896454
2020-05-15 00:00:00,21.147287011669565,21.830700540202916,21.01253019023651,21.78257179260254,14221300,309776488.2341385
2020-05-18 00:00:00,23.10127206549102,24.265960317549265,23.10127206549102,23.880939483642578,23277000,555876628.3607483
2020-05-19 00:00:00,23.823186931517995,24.73761302285502,23.380413429387925,23.76543426513672,18484600,439294546.2173462
2020-05-20 00:00:00,24.362214315981383,24.92049494587999,24.27558440479677,24.525848388671875,14056800,344754945.6298828
2020-05-21 00:00:00,24.34296758544121,25.045630873331223,24.265961578733457,24.8338680267334,14320700,355638373.850441
2020-05-22 00:00:00,25.016753512637663,25.24776602398923,24.27558722459875,25.00712776184082,14317400,358037051.01737976
2020-05-26 00:00:00,26.778221341697833,26.84559975084293,26.22956648331756,26.37394905090332,18870500,497689605.5650711
2020-05-27 00:00:00,27.461634699973484,27.75039983352232,25.902298205407533,26.749345779418945,15030700,402061391.60671234
2020-05-28 00:00:00,26.816728732554914,26.893732903612012,25.603911661462433,25.68091583251953,11641000,298951541.20635986
2020-05-29 00:00:00,25.36327260296085,25.575033607753785,24.727987752657853,24.910871505737305,22203900,553118499.8262405
2020-06-01 00:00:00,25.01675109704466,26.200690791872958,24.939746934029586,25.931177139282227,10452800,271053408.40148926
2020-06-02 00:00:00,26.296947430703792,26.58571442967172,25.94080385201138,26.383577346801758,10953800,289000429.5413971
2020-06-03 00:00:00,27.355753861298847,28.039165548295376,27.192119792649486,27.981412887573242,16860900,471791804.5560837
2020-06-04 00:00:00,27.779279503744924,28.337560156968546,27.452011344690654,28.068044662475586,16328800,458317487.68463135
2020-06-05 00:00:00,29.83914402731328,29.983526615099308,28.693705403818928,29.463748931884766,29418600,866782244.3275452
2020-06-08 00:00:00,30.050899800337405,30.47442357522117,29.454118051837636,29.5311222076416,15234200,449883021.9356537
2020-06-09 00:00:00,28.299055527199442,29.088348629145315,27.634893497252115,28.741830825805664,16945500,487044694.2586899
2020-06-10 00:00:00,28.68407691827135,28.72257991716944,27.355754666995896,27.673397064208984,15648000,433033317.2607422
2020-06-11 00:00:00,25.62316327245235,26.758974341406017,25.30552083599702,25.50765609741211,19121900,487754849.1291046
2020-06-12 00:00:00,27.64451761618852,27.875530083430196,26.056305756449557,26.91297721862793,21587200,580975821.8139648
2020-06-15 00:00:00,25.613535502002957,27.047739228426966,25.575032501383944,26.7300968170166,15321200,409537159.35287476
2020-06-16 00:00:00,28.019916633261346,28.087295045223,26.450954315051206,26.739721298217773,17466100,467038646.16680145
2020-06-17 00:00:00,26.739722265279745,26.999610172827456,26.11406136375337,26.1429386138916,11123800,290808820.5532074
2020-06-18 00:00:00,25.892675935124497,26.518335032493603,25.709790346811495,26.0755615234375,11086400,289084105.2734375
2020-06-19 00:00:00,26.701219624894744,26.78784954055269,25.344020060819144,25.594284057617188,27880400,713578877.2399902
2020-06-22 00:00:00,25.603911249089442,25.64241241603577,24.881996468584614,25.382524490356445,13079500,331990729.0716171
2020-06-23 00:00:00,25.748289998372396,25.84454565527073,25.24776205124023,25.267013549804688,12455400,314710760.5682373
2020-06-24 00:00:00,24.88199458915598,25.007125667185214,24.073449949188987,24.33333969116211,14887800,362269894.65408325
2020-06-25 00:00:00,24.06382292546916,24.34296415264812,23.621049464884045,24.28520965576172,14328300,347965769.51065063
2020-06-26 00:00:00,24.063825923161453,24.169707344719114,23.34191114546661,23.54404640197754,16476800,387930543.7561035
2020-06-29 00:00:00,23.784684134821095,24.400719313248786,23.56329738184942,24.352590560913086,10011700,243810830.91869354
2020-06-30 00:00:00,24.15045530887569,24.641357567154742,23.813561386222517,24.352590560913086,14322000,348777802.0133972
2020-07-01 00:00:00,24.35259012680134,24.96862529424752,23.996446545486716,24.02532196044922,11963000,287414926.612854
2020-07-02 00:00:00,24.660611062647074,24.881997833524583,24.140831510926667,24.29483985900879,22202300,539401323.0016708
2020-07-06 00:00:00,24.9878700120822,25.064875999201774,24.477718198881487,24.766483306884766,9172100,227160661.53907776
2020-07-07 00:00:00,24.63172868523534,24.670229846285036,24.121574990878276,24.188953399658203,11950500,289070087.60261536
2020-07-08 00:00:00,24.246713181170733,24.314091604639902,23.746185126936417,24.006074905395508,11111600,266745901.91879272
2020-07-09 00:00:00,23.83281080601432,23.900189217476463,22.45635982011963,22.54298973083496,17778200,400773780.0327301
2020-07-10 00:00:00,22.668119042904678,23.48628933835625,22.45635807534469,23.47666358947754,15660000,367644551.81121826
2020-07-13 00:00:00,23.72692485799902,24.246704222877238,23.457411263698017,23.929061889648438,14766800,353355671.11206055
2020-07-14 00:00:00,23.87131262248668,24.881994329875766,23.746181545761363,24.67985725402832,16477100,406652475.96035004
2020-07-15 00:00:00,25.334391614325344,26.017805116677973,25.151506052298032,25.87342071533203,14893700,385350966.1079407
2020-07-16 00:00:00,25.36327266488921,26.171817355598883,25.276642745461444,25.84454917907715,9736400,251632868.62716675
2020-07-17 00:00:00,25.979299803673428,25.98892555196649,25.26701095330075,25.459522247314453,8116100,206632028.51142883
2020-07-20 00:00:00,25.22851260633641,25.546156850735084,24.80499061898638,25.03600311279297,8663500,216899412.96768188
2020-07-21 00:00:00,25.190010700614778,25.48840160017565,24.997499376813153,25.170759201049805,9738200,245117887.2516632
2020-07-22 00:00:00,24.901245454357458,25.50765300091219,24.83386520614112,25.315141677856445,10702600,270937835.3214264
2020-07-23 00:00:00,25.44989509740951,26.306566453150786,25.344013707940846,25.757911682128906,13653500,351685647.151947
2020-07-24 00:00:00,25.603907430986876,25.873421067193462,25.132256731701396,25.267013549804688,8584800,216912257.92236328
2020-07-27 00:00:00,24.910871681710724,24.949374684267354,24.362216746748206,24.737613677978516,16598100,410597385.5884552
2020-07-28 00:00:00,24.81461181643739,25.748287370432678,24.72798191766297,25.34401512145996,12854300,325779573.5757828
2020-07-29 00:00:00,26.027433379223506,26.037057293380258,23.9964460102656,24.920495986938477,28792100,717513412.5055313
2020-07-30 00:00:00,24.188955960321405,24.50659837528405,24.08307637928328,24.256336212158203,16012000,388392455.42907715
2020-07-31 00:00:00,24.1793276922731,24.20820310193688,23.524791479678264,23.95793914794922,17789000,426187779.50286865
2020-08-03 00:00:00,24.121576611861386,24.804990166677708,23.890564122267214,24.67985725402832,10441200,257687325.5607605
2020-08-04 00:00:00,24.901248282602683,25.055256624169694,24.55472859611479,24.8338680267334,15728800,390606943.4188843
2020-08-05 00:00:00,25.21888406541011,25.36326661805956,24.91086562758785,25.34401512145996,9075100,229999471.6287613
2020-08-06 00:00:00,25.190007987285558,26.171812328255985,25.17075648979425,25.623157501220703,14171800,363126263.47579956
2020-08-07 00:00:00,25.488399383062728,25.806041754558393,25.190008509457435,25.719411849975586,8038600,206748064.09721375
2020-08-10 00:00:00,25.90229500640181,27.009230329527995,25.85416810206213,26.932226181030273,10853600,292311610.0784302
2020-08-11 00:00:00,27.403880454403513,28.250928036138628,27.375005042339698,27.452009201049805,17260200,473827169.21195984
2020-08-12 00:00:00,27.90440604276049,28.63594640656683,26.739718011333466,26.980356216430664,10060800,271443967.8222656
2020-08-13 00:00:00,26.691595182210268,27.16324594838287,26.47020842509492,26.518335342407227,7586100,201170743.74103546
2020-08-14 00:00:00,26.268069909873184,27.076612668754557,26.133311253456302,26.81672477722168,8587700,230293987.36934662
2020-08-17 00:00:00,27.529015652222853,29.627381446718363,27.36538157184685,28.886215209960938,33827800,977157110.8795166
2020-08-18 00:00:00,29.405991664104658,29.954648383600993,28.674453043290956,28.722579956054688,23102800,663572020.2087402
2020-08-19 00:00:00,28.5396914739387,28.905462582987823,27.991036646288862,28.12579345703125,14504200,407942133.45947266
2020-08-20 00:00:00,27.62526947172134,28.07766868209725,27.5675149747954,27.75040054321289,9680200,268629427.3384094
2020-08-21 00:00:00,27.66377267964379,27.8659097619858,27.365381767154673,27.49051284790039,9841200,270539635.0387573
2020-08-24 00:00:00,28.183553616665556,29.608131672440074,27.904412354371296,29.17498207092285,20137900,587522871.4460373
2020-08-25 00:00:00,29.261607236666944,29.57924961419285,28.376058512060787,28.578195571899414,13006700,371708016.3450241
2020-08-26 00:00:00,28.664827471991916,28.712954385055234,28.029542672751028,28.376060485839844,9740000,276382829.1320801
2020-08-27 00:00:00,28.491565665671992,29.10759892246795,28.414561508572497,28.578195571899414,8745400,249927751.55448914
2020-08-28 00:00:00,28.741833264862947,29.097976847951912,28.530070429154115,28.895841598510742,9180200,265269605.04264832
2020-08-31 00:00:00,28.895841792211694,29.059475877299903,28.501195205103222,28.520444869995117,9585200,273374168.1678772
2020-09-01 00:00:00,28.424189743907135,28.73220639924671,28.24130416632773,28.674453735351562,9007100,258273672.23968506
2020-09-02 00:00:00,28.732205681812324,29.925771109412267,28.684076933164725,29.80063819885254,16246200,484147128.3061981
2020-09-03 00:00:00,29.771762995764732,30.339669382347353,28.03916658662445,28.376060485839844,22358100,634434797.9484558
2020-09-04 00:00:00,28.80920660211268,29.232730362936493,28.260551780732932,28.876585006713867,13822000,399132157.9627991
2020-09-08 00:00:00,30.532182317766107,32.08189516349714,29.887271695914,31.167469024658203,52000000,1620708389.2822266
2020-09-09 00:00:00,30.90757698023927,31.52361030402838,30.541805817296392,30.753568649291992,22375200,688117249.2416382
2020-09-10 00:00:00,30.62843615768849,30.686188823613584,29.011346824392763,29.040224075317383,24845100,721507271.1736679
2020-09-11 00:00:00,29.165354311763654,29.425244054776723,28.751458076057474,29.31936264038086,13638700,399877991.2433624
2020-09-14 00:00:00,29.569624385405305,30.378168967140024,29.39636640582554,30.012399673461914,11972100,359311450.1306534
2020-09-15 00:00:00,30.185663691624118,31.899006914762357,29.67550992338311,30.397424697875977,21096300,641273190.653801
2020-09-16 00:00:00,31.45623330010602,31.562114720854503,30.55143293825114,30.59956169128418,16397800,501765492.7013397
2020-09-17 00:00:00,30.137529740153475,30.75356482322547,29.791011956594613,30.724687576293945,11459900,352101847.155571
2020-09-18 00:00:00,30.657309369531244,30.849818842559923,30.185658682113708,30.320415496826172,15039900,456016017.03071594
2020-09-21 00:00:00,29.165350122411475,29.280857270244816,28.068040479651973,28.876585006713867,20577900,594219478.6096573
2020-09-22 00:00:00,28.732207234300613,29.223109481486855,28.231679236864743,28.337560653686523,11106800,314739618.6683655
2020-09-23 00:00:00,28.38568697646521,28.866963463355276,28.1065475687495,28.241304397583008,10899600,307818921.41189575
2020-09-24 00:00:00,27.962162036439818,28.481941502751752,27.182494672895942,28.019916534423828,12393700,347270439.5526886
2020-09-25 00:00:00,27.779277072281072,28.125794865243044,27.490510102901492,27.914033889770508,9350400,261007382.48291016
2020-09-28 00:00:00,28.70332998355173,28.915092817195283,28.27980615218875,28.337560653686523,8395700,237913657.98015594
2020-09-29 00:00:00,28.173922441211456,28.299053504265103,27.432756303956516,27.663768768310547,7419900,205262397.88398743
2020-09-30 00:00:00,27.808151578444075,28.70332603329691,27.808151578444075,28.4819393157959,11522000,328168904.79660034
2020-10-01 00:00:00,28.414562981285552,29.36749016325303,28.058417588789094,29.24235725402832,15052900,440182279.5091629
2020-10-02 00:00:00,28.539695247265744,29.74288646204022,28.481942583015314,29.31936264038086,9474000,277771641.65496826
2020-10-05 00:00:00,29.694758623675895,30.118282432154594,29.646629875028292,29.80063819885254,8314100,247765486.0490799
2020-10-06 00:00:00,30.099031925991508,30.272291754992533,29.16535436658024,29.26161003112793,10293700,301210235.17742157
2020-10-07 00:00:00,29.694758331465994,30.570681353068437,29.6562553329268,30.435924530029297,11794500,358976511.86943054
2020-10-08 00:00:00,30.70543716356314,31.417726089733563,30.609181506313305,31.003828048706055,17323300,537088614.4361496
2020-10-09 00:00:00,31.090460565253597,31.456231726307845,30.82094690544953,30.955703735351562,9411700,291345796.8460083
2020-10-12 00:00:00,31.148212452542783,31.44660150176174,30.917198140773603,31.003828048706055,6932600,214937138.3304596
2020-10-13 00:00:00,30.926829172658767,31.071209920738106,30.291542498379865,30.676565170288086,7842100,240568691.7219162
2020-10-14 00:00:00,30.87869913311027,31.032707451925248,30.34929393075031,30.484050750732422,8006200,244061407.12051392
2020-10-15 00:00:00,29.82950979183556,31.465848381170304,29.791008636142017,31.36959457397461,11829800,371096029.89120483
2020-10-16 00:00:00,31.648744213694176,32.216650640357955,31.45623287600591,32.1973991394043,11947300,384671986.73820496
2020-10-19 00:00:00,32.24552347829031,32.60166703784352,31.81237392107799,32.101139068603516,10527300,337938321.3169098
2020-10-20 00:00:00,32.68829758582671,35.00805006868304,32.505413845597126,34.266883850097656,38660900,1324788569.8402405
2020-10-21 00:00:00,34.748167364618965,34.92142722595703,33.81449330279594,34.43052673339844,23277900,801470358.2473755
2020-10-22 00:00:00,34.55565600543009,36.02836099871536,34.53640450378504,36.00910949707031,23288900,838612550.1663208
2020-10-23 00:00:00,36.08611338178381,36.60588920824319,35.402697965039316,35.450828552246094,16296300,577717337.335968
2020-10-26 00:00:00,34.91179487337883,35.06580319381236,33.88186354200811,34.47864532470703,15448100,532629560.8406067
2020-10-27 00:00:00,34.21876191842043,34.5075271136101,33.448720173965064,33.58347702026367,11168600,375080421.44851685
2020-10-28 00:00:00,32.466903581752206,33.33320251921739,32.293643794259175,32.81342315673828,15010800,492555732.321167
2020-10-29 00:00:00,33.217705814704125,34.32464334675466,33.07332505303362,33.58347702026367,14230400,477906311.38916016
2020-10-30 00:00:00,33.16957531946363,33.7182302327501,32.68829882206509,33.23695373535156,13074000,434539933.1359863
2020-11-02 00:00:00,33.80485369153555,34.05511947861044,33.09256666768639,33.25619888305664,14648400,487150103.7185669
2020-11-03 00:00:00,33.78560309335848,34.64227820221956,33.58346787893126,34.026241302490234,11439100,389229576.88331604
2020-11-04 00:00:00,33.9877466085657,34.430520092427834,32.94818764104781,33.92036819458008,14740600,500006579.4090271
2020-11-05 00:00:00,35.51820732229685,35.85509940501404,34.0166233139396,35.74921798706055,35075000,1253903820.8961487
2020-11-06 00:00:00,36.09573561247319,36.71176891276371,35.62408305152371,36.06686019897461,18089200,652420647.5112915
2020-11-09 00:00:00,37.270053634913154,38.232606642659064,37.18342371734209,37.50106430053711,22100800,828803521.8933105
2020-11-10 00:00:00,38.26148211753947,40.03257980142656,38.078598367648084,39.54167938232422,26746900,1057617344.2710876
2020-11-11 00:00:00,39.7438123552619,40.20583733259917,38.607999575698074,39.0411491394043,19841100,774619344.1898346
2020-11-12 00:00:00,38.60799374141399,38.733126634652464,37.35667582457199,37.84757614135742,20239900,766031156.3434601
2020-11-13 00:00:00,38.20371946951372,39.77268156817645,38.11708957027842,39.64754867553711,15004300,594883714.5923615
2020-11-16 00:00:00,40.20582950705673,40.57160058653252,39.387657452225284,40.55234909057617,16692100,676903866.2548065
2020-11-17 00:00:00,40.28283372007168,40.94699751044312,39.599422104682944,40.40796661376953,16088200,650091448.475647
2020-11-18 00:00:00,40.61010659870329,42.47746162386741,40.484977362138196,41.120262145996094,27632500,1136255643.749237
2020-11-19 00:00:00,41.01437176912343,41.572650434401325,40.600473807971284,41.21650695800781,17214500,709521559.0286255
2020-11-20 00:00:00,41.20689693299606,41.69779736741023,40.78337124573444,41.42828369140625,16881200,699359142.6513672
2020-11-23 00:00:00,42.31382523280869,43.46888946437716,41.928806270184516,43.0934944152832,22569600,972602931.5551758
2020-11-24 00:00:00,44.1908038494444,44.960845441301224,43.38225926003275,44.72020721435547,20048700,896582018.3784485
2020-11-25 00:00:00,43.902036680943475,44.3351862037816,42.96835922858661,43.757652282714844,16122300,705473997.3976135
2020-11-27 00:00:00,43.65177627664263,43.88279060799767,43.07424595602736,43.37263870239258,7528800,326543922.26257324
2020-11-30 00:00:00,43.2763805930064,43.62290024924611,41.98655946802983,42.19832229614258,21600500,911504860.7578278
2020-12-01 00:00:00,43.103116458899194,43.74802879288504,42.352326393282304,43.00686264038086,12984400,558418307.2677612
2020-12-02 00:00:00,42.35233151754436,42.92986184222611,42.03468726867561,42.910614013671875,11280700,484061763.5040283
2020-12-03 00:00:00,43.112748849326785,43.18975117835478,42.31382811355299,42.438961029052734,13437800,570286270.5162048
2020-12-04 00:00:00,42.73734664916992,43.064614754632714,42.47745694731586,42.73734664916992,11895200,508369285.86120605
2020-12-07 00:00:00,42.73735623841509,42.73735623841509,41.948063043173455,42.650726318359375,9207500,392706562.57629395
2020-12-08 00:00:00,42.0828182262008,42.52559172381257,41.794049389468675,42.159820556640625,10160400,428360640.7836914
2020-12-09 00:00:00,42.47746257248343,42.881733047672164,42.265699749185664,42.76622772216797,12470500,533316242.80929565
2020-12-10 00:00:00,42.18869436061264,42.23682127009218,40.869994275416715,41.26464080810547,18235600,752485483.9202881
2020-12-11 00:00:00,40.889242993494136,41.08175429017117,40.06144698807622,40.35021209716797,15555600,627671759.298706
2020-12-14 00:00:00,40.89887463101037,40.94700154198721,39.868939642496635,40.06145095825195,9995700,400442245.34339905
2020-12-15 00:00:00,40.41759690956221,40.58122913611958,39.76306065963707,40.099952697753906,12510300,501662438.2347107
2020-12-16 00:00:00,40.225089503424954,40.302091831675156,39.281788033308814,39.86894226074219,15134100,603380559.0682983
2020-12-17 00:00:00,40.14807623354931,40.456092834472656,39.87856262570326,40.456092834472656,12081600,488774331.18896484
2020-12-18 00:00:00,40.446469330280586,40.47534473945619,39.07001852458104,39.47428894042969,21808300,860867135.4995728
2020-12-21 00:00:00,38.752379251694094,39.945946497596864,38.55987160364192,39.666805267333984,15533900,616180186.3422394
2020-12-22 00:00:00,39.80156170833457,39.84969229173445,39.0315201079603,39.36841583251953,10559000,415691102.77557373
2020-12-23 00:00:00,39.637931733978924,41.28389643706743,39.560925733628295,40.860374450683594,17573100,718043446.2593079
2020-12-24 00:00:00,40.484978004322876,40.61973482851391,39.666805801687424,40.022953033447266,7825400,313195616.66793823
2020-12-28 00:00:00,40.42722082271648,40.61010454743022,40.07107728644327,40.099952697753906,10471400,419902644.67926025
2020-12-29 00:00:00,40.32134522339402,40.552359562679136,39.82081721481655,40.013328552246094,7987700,319614464.4767761
2020-12-30 00:00:00,40.0903325058692,40.619735902842216,40.01332650609587,40.273216247558594,6491900,261449692.55752563
2020-12-31 00:00:00,40.19620140836845,40.23470439978804,39.65717421588358,40.08069610595703,11101300,444947831.6810608
2021-01-04 00:00:00,40.37910562800225,40.54273790203248,38.63688309380113,38.99302673339844,15768100,614845944.8348999
2021-01-05 00:00:00,38.559869563722884,40.273212509313375,38.54061806556652,40.099952697753906,18045800,723635726.3931274
2021-01-06 00:00:00,40.350217911002154,42.20794539868689,40.29246708397137,41.37052536010742,22694900,938899935.9951019
2021-01-07 00:00:00,42.333076831302584,42.333076831302584,41.351272415752156,41.697792053222656,13625700,568161605.179596
2021-01-08 00:00:00,41.688167062040066,41.86142687629659,40.73523808362919,41.44752883911133,18426200,763720455.8952332
2021-01-11 00:00:00,41.40903391020566,43.584402253710344,41.03363879679168,43.32451248168945,25864100,1120549523.2776642
2021-01-12 00:00:00,44.56619700320065,47.1169635692305,43.940539842822915,46.02927780151367,63889300,2940778338.2442474
2021-01-13 00:00:00,48.87843360922388,49.061321004677154,46.260292297237044,46.90520095825195,49229700,2309128971.614456
2021-01-14 00:00:00,47.64637555632545,49.92762523666226,47.48274330175058,49.60035705566406,36839800,1827267233.859253
2021-01-15 00:00:00,49.37895968774652,49.47521717432903,47.41535102363531,48.0987663269043,25293700,1216595765.8428192
2021-01-19 00:00:00,51.67946630040481,53.07516880516541,50.30301529516793,52.78640365600586,64144000,3385931076.11084
2021-01-20 00:00:00,54.12435110797048,54.48049466589214,52.796027029220674,53.76820755004883,47428500,2550145431.787491
2021-01-21 00:00:00,54.22060908748127,54.836642384025986,52.7093975875944,53.017417907714844,39843100,2112378283.4388733
2021-01-22 00:00:00,52.45913650267187,53.681579206750406,52.23774976172274,53.325435638427734,23895600,1274243279.8416138
2021-01-25 00:00:00,52.89228521433184,53.094420452120005,49.10945183584784,51.39070129394531,39844200,2047621380.4962158
2021-01-26 00:00:00,51.39070799764007,51.58321934667597,49.86987605113854,50.09126281738281,21648200,1084385675.7232666
2021-01-27 00:00:00,48.89769333757996,48.95544784142014,46.88595735191912,47.492366790771484,38315200,1819679532.0617676
2021-01-28 00:00:00,48.012142781787,51.01530699567932,47.704126127636414,49.12870407104492,37573400,1845932449.5429993
2021-01-29 00:00:00,48.80143228456529,49.84098749698371,48.089141529955285,48.78218078613281,26466800,1291108222.43042
2021-02-01 00:00:00,49.53297355110083,50.00462610864653,48.55116910890519,49.58110046386719,21451300,1063579060.3805542
2021-02-02 00:00:00,50.34151824302526,50.996054538773656,50.01425009515107,50.745792388916016,20457400,1038126973.2170105
2021-02-03 00:00:00,51.30407218098445,52.98853986582253,51.198190767584634,52.21849822998047,30706500,1603447315.8988953
2021-02-04 00:00:00,51.342579047081166,52.516894925077025,50.98643545215642,52.102996826171875,19243300,1002633598.8250732
2021-02-05 00:00:00,52.767155588973154,52.9885423401249,52.12224683629393,52.37250900268555,17250200,903436254.7981262
2021-02-08 00:00:00,53.90296008564559,54.913639852881886,53.58531587979682,54.75000762939453,26990000,1477702705.9173584
2021-02-09 00:00:00,54.42273734602624,54.807756271073195,53.652695824084724,53.96071243286133,25168800,1358126379.0802002
2021-02-10 00:00:00,53.52756472261349,53.60456704146359,50.543648676331586,52.82490158081055,55329800,2922791239.4859314
2021-02-11 00:00:00,51.60246344161368,51.78534717742946,50.389644687072696,51.49658203125,29871400,1538275000.4882812
2021-02-12 00:00:00,51.015307967778334,52.16074469273668,50.9768049673138,51.592838287353516,15317400,790268141.1827087
2021-02-16 00:00:00,51.6987223639635,51.96823970924079,51.22707343546297,51.45808410644531,18541600,954115212.2680664
2021-02-17 00:00:00,50.8613007271349,51.33295331330697,50.12976206188142,50.909427642822266,13989700,712207619.8947906
2021-02-18 00:00:00,50.59178304512114,50.64953387062158,49.66772944678595,50.20676040649414,17615900,884437270.6447601
2021-02-19 00:00:00,50.53402768757651,51.2944453664045,50.26451404823411,50.60140609741211,15354400,776954229.7821045
2021-02-22 00:00:00,50.05275980286572,50.9479344546264,49.93725446220748,50.03350830078125,14501300,725550913.9221191
2021-02-23 00:00:00,49.090194041280235,49.45596514264633,47.50198041238212,49.196075439453125,21202700,1043089628.7200928
2021-02-24 00:00:00,50.004618601949474,51.21743351209499,49.36933390199753,50.919044494628906,18375000,935637442.5888062
2021-02-25 00:00:00,50.72654465774522,50.9479314107169,48.65705420541465,48.70518112182617,20628900,1004734310.8440399
2021-02-26 00:00:00,48.96506739712978,49.79286351923748,48.05064136289806,49.40784454345703,17125100,846114278.591156
2021-03-01 00:00:00,50.447395937478085,50.84204246861571,49.87948959541685,50.57252883911133,15385300,778073527.9483795
2021-03-02 00:00:00,50.63028694521234,53.21955689659319,50.235640357300724,52.083744049072266,36267200,1888931562.1765137
2021-03-03 00:00:00,52.45913602282416,52.82490717366959,50.68803843958333,50.697662353515625,19667200,997081065.0390625
2021-03-04 00:00:00,51.005687203462344,52.151123999157576,48.36829025833956,49.88912582397461,26231900,1308686559.7019196
2021-03-05 00:00:00,50.62065576310189,51.96823125471074,48.589668612566854,51.73721694946289,25190000,1303260494.9569702
2021-03-08 00:00:00,52.25700142666618,54.095477445601006,51.7275980295202,52.92116165161133,24450500,1293948862.9627228
2021-03-09 00:00:00,53.286923414741125,53.35430181676477,52.006726432596864,52.603511810302734,17902200,941718589.1304016
2021-03-10 00:00:00,52.94040789268424,54.81738672506715,52.824902576308496,54.701881408691406,22760600,1245047641.9906616
2021-03-11 00:00:00,54.74038354387395,55.029148685565495,53.845209034336555,54.22060775756836,20244700,1097679937.8696442
2021-03-12 00:00:00,53.90296854393851,57.38740941098272,53.61420337539422,57.040889739990234,29829600,1701506924.5880127
2021-03-15 00:00:00,57.0890133692378,57.0890133692378,55.067650092119926,55.77031326293945,19660100,1096449935.780716
2021-03-16 00:00:00,56.17459301760552,56.3767282640234,54.67300903311212,54.98102569580078,16177000,889428052.6809692
2021-03-17 00:00:00,55.09652515394704,57.868674637931676,55.00989525308204,57.80129623413086,23746200,1372561140.6349182
2021-03-18 00:00:00,57.81092420763502,59.909289667732786,56.67511157613815,57.050506591796875,34798000,1985243528.3813477
2021-03-19 00:00:00,57.11789671054718,58.06119823541913,56.001335347244826,57.57992172241211,23346200,1344272368.5157776
2021-03-22 00:00:00,56.549984911919886,56.72324473390851,54.393864722643755,55.92432403564453,30094900,1683036939.4203186
2021-03-23 00:00:00,54.85588932847717,55.59705180244336,53.62381916584658,54.056968688964844,21280800,1150375539.276123
2021-03-24 00:00:00,54.557501365670234,55.3275429894082,53.623823831473395,53.7200813293457,20567200,1104871656.716919
2021-03-25 00:00:00,52.5553932344927,54.69226210620899,52.2185011474421,54.480499267578125,16178500,881412757.4005127
2021-03-26 00:00:00,54.8751408527322,55.192785081708536,53.27730313787216,54.40349197387695,16358900,889981284.8514557
2021-03-29 00:00:00,53.979971527225835,55.058029809673755,53.65270337535885,53.845211029052734,16058400,864667936.7889404
2021-03-30 00:00:00,54.48048641612508,56.434471075636395,54.28797879570603,56.31896209716797,19606800,1104234626.046753
2021-03-31 00:00:00,56.09758552505906,56.38635435152206,55.12540864775785,55.308292388916016,20761300,1148272050.774002
2021-04-01 00:00:00,55.751064406473795,56.03983322535225,54.904020464764386,55.63555908203125,17783600,989400528.4912109
2021-04-05 00:00:00,56.790621681904,58.898611232638224,56.549983454438305,58.75423049926758,24633000,1447292959.8884583
2021-04-06 00:00:00,58.234446778659304,61.064350804385185,58.176692286435134,59.620521545410156,39518700,2356125504.7966003
2021-04-07 00:00:00,59.54352567745432,59.55314959127698,58.417336824102826,58.55209732055664,17167900,1005216551.5895844
2021-04-08 00:00:00,58.09969150242815,58.47508653217611,56.60773529647058,57.83980178833008,19016300,1099899022.7474213
2021-04-09 00:00:00,57.32965808344484,58.11895125082013,57.19489757890051,57.907188415527344,12182300,705442741.4344788
2021-04-12 00:00:00,57.94569429217979,58.0323242134757,57.06977116434264,57.4259147644043,10231000,587524533.9546204
2021-04-13 00:00:00,57.01200399131418,57.31039669210725,55.7221830452035,56.29971694946289,17416600,980549650.2220154
2021-04-14 00:00:00,56.39597769534514,57.41628514797304,56.06870954426435,56.290096282958984,14618100,822854256.4739227
2021-04-15 00:00:00,57.2237705644818,57.300772887020116,56.18421167135526,56.415225982666016,14395700,812136668.6786652
2021-04-16 00:00:00,56.80024738646437,57.08901620600728,56.09758418072931,56.51148223876953,11087300,626559757.0259094
2021-04-19 00:00:00,56.37672659653907,56.54036250916712,55.08690548273695,55.71256637573242,12262500,683175345.1824188
2021-04-20 00:00:00,54.981024630902745,55.13503295926417,52.863407362047035,53.68157958984375,23736100,1274191341.3024902
2021-04-21 00:00:00,53.20992120995551,55.346789745557906,52.66126637057346,55.33716583251953,14648700,810617541.1308289
2021-04-22 00:00:00,55.38529371917965,55.635555852921186,54.02809430224595,54.538246154785156,15822200,862915038.3102417
2021-04-23 00:00:00,54.64412521391478,55.577802644500444,54.31685710116242,55.37566375732422,10803300,598239908.2695007
2021-04-26 00:00:00,55.69331271860016,56.386351998230225,55.5008013996087,56.03020477294922,11553900,647367382.926178
2021-04-27 00:00:00,56.08796146071722,56.8868785087387,55.84732322054176,56.761749267578125,9293500,527515316.8182373
2021-04-28 00:00:00,56.790621004707226,56.790621004707226,56.08795782950802,56.35747146606445,10485200,590919359.815979
2021-04-29 00:00:00,55.577810909880064,55.58743482410651,53.60457435526869,54.451622009277344,21315600,1160668994.1009521
2021-04-30 00:00:00,54.0762222395234,55.1927834571404,53.9895923316114,55.07727813720703,15348300,845342588.0332947
2021-05-03 00:00:00,55.44304884721646,56.155339650916574,54.586377303094096,55.00990295410156,11585100,637295226.713562
2021-05-04 00:00:00,54.432361529658124,54.47086452390882,52.76714558271542,53.26767349243164,22262300,1185860927.590561
2021-05-05 00:00:00,54.952148854209675,55.72219049093601,54.220610217281695,55.42380142211914,26805500,1485662709.0206146
2021-05-06 00:00:00,55.279412614050386,56.56923362996845,55.279412614050386,56.5211067199707,20108100,1136532066.035843
2021-05-07 00:00:00,55.828072976534024,56.83875287363611,55.12540974003736,56.781002044677734,15480500,878998302.1526337
2021-05-10 00:00:00,56.79061770520543,57.34890011631977,55.21203163106484,55.26015853881836,14591600,806334129.335022
2021-05-11 00:00:00,54.04734817324938,54.624878459144306,52.81527793317327,53.64307403564453,22773200,1221624453.62854
2021-05-12 00:00:00,53.4601880611213,53.62382028892203,51.51583079472798,51.74684143066406,19348700,1001234110.7894897
2021-05-13 00:00:00,52.391753363077086,53.43130856036468,52.10298823448875,52.55538558959961,13308600,699438604.6577454
2021-05-14 00:00:00,53.05591791610511,53.941468545144744,52.95003650343044,53.9029655456543,11313000,609804249.2179871
2021-05-17 00:00:00,53.74895216296589,54.018465790347555,53.123291331575274,53.941463470458984,11041000,595567698.1773376
2021-05-18 00:00:00,54.124356802334205,54.682639325997236,53.75858562034285,53.797088623046875,11464400,616751342.8100586
2021-05-19 00:00:00,52.9404096598881,53.53719143157305,52.09336207721247,53.4505615234375,11693700,625034831.2866211
2021-05-20 00:00:00,53.82595528021339,53.94146426952903,53.1232921185252,53.43130874633789,11504000,614673775.8178711
2021-05-21 00:00:00,53.912592868087096,56.57886516587458,53.68158220023562,54.59600830078125,15150900,827178662.1643066
2021-05-24 00:00:00,54.91364885939201,55.05803328061276,54.210985597937636,54.480499267578125,8943000,487219104.9499512
2021-05-25 00:00:00,54.74038764223127,55.99170579781156,54.58637931034213,54.63450622558594,16362200,893940717.7642822
2021-05-26 00:00:00,54.836644491744494,55.99170513123807,54.64413316121282,55.90507888793945,14242700,796239267.0772552
2021-05-27 00:00:00,57.753186089126054,58.44622549718715,56.99276825770888,57.53179931640625,33843800,1947094709.7045898
2021-05-28 00:00:00,57.637674691868845,57.74355610940821,56.39598044011358,57.089019775390625,12668100,723209411.416626
2021-06-01 00:00:00,57.74355462711358,57.99381678517915,57.03126380949153,57.41628646850586,10429000,598794451.5800476
2021-06-02 00:00:00,58.003440699322816,58.003440699322816,56.91575848052651,57.41628646850586,11975400,687582996.9749451
2021-06-03 00:00:00,59.26438601065922,61.295373362850384,58.43658986978053,61.08361053466797,38547800,2354638802.168274
2021-06-04 00:00:00,61.18949390880913,61.487886660638225,60.05368107519943,60.99698257446289,21072300,1285346715.9038544
2021-06-07 00:00:00,61.5841354550282,61.89215576789872,60.28469048020492,60.862220764160156,15549700,946389274.2164612
2021-06-08 00:00:00,60.6600869993995,61.574513030989664,60.09218061530439,61.52638244628906,13027200,801516489.4042969
2021-06-09 00:00:00,61.55525773599809,61.75739663247177,60.34243904454747,60.4194450378418,14371300,868305970.4723358
2021-06-10 00:00:00,60.47719699233671,60.68895612130499,58.87935574523096,59.042991638183594,16141900,953066066.7243958
2021-06-11 00:00:00,59.0622488343883,59.68790604067451,58.86973751251252,59.187381744384766,10205000,604007230.7014465
2021-06-14 00:00:00,59.168131890526695,59.33176413197062,58.051570598812354,58.51359558105469,15443300,903643010.6369019
2021-06-15 00:00:00,58.40771544194737,58.82161351937561,57.73392761786547,58.5328483581543,10737000,628467192.8215027
2021-06-16 00:00:00,60.121061106785675,60.72747054112254,58.908245909960335,59.44727325439453,31080000,1847621252.746582
2021-06-17 00:00:00,59.505028994592685,60.06331152361567,57.13714938328832,57.8301887512207,19712100,1139954463.6829376
2021-06-18 00:00:00,57.06013257442711,57.35852528398326,56.22271261128278,56.55960464477539,25602800,1448084245.7992554
2021-06-21 00:00:00,57.51254105865505,57.51254105865505,56.61736648566788,57.07939147949219,12276900,700757981.2545776
2021-06-22 00:00:00,57.310405940392315,57.36815676984425,56.80987794466879,57.02164077758789,8928500,509117719.6826935
2021-06-23 00:00:00,57.608796919367016,58.16707943482168,57.233401828143265,57.86868667602539,11527900,667104433.1325531
2021-06-24 00:00:00,58.12857527942344,58.23445669727786,57.522165859251615,57.791683197021484,14445300,834818201.2859344
2021-06-25 00:00:00,58.032318682474795,58.31145992136235,57.77242894335688,58.04194259643555,14255100,827393695.9064484
2021-06-28 00:00:00,58.051576390476676,58.11895481095202,56.24197560893529,56.44411087036133,17152700,968168900.5260468
2021-06-29 00:00:00,56.98313867065417,57.32003075390301,56.50186216781393,56.62699508666992,12171800,689252458.795929
2021-06-30 00:00:00,56.54036734948322,57.24303063010289,56.4152344258021,56.954261779785156,12330500,702274524.8756409
2021-07-01 00:00:00,57.21414016539047,57.493281373540114,56.578855430339935,56.89649963378906,11752100,668653353.3462524
2021-07-02 00:00:00,56.89650538271775,57.09864062069255,56.32859899613513,56.75212097167969,9689700,549911026.5792847
2021-07-06 00:00:00,56.71361883406357,56.72324641993135,54.87514282106967,55.308292388916016,16155600,893538648.5183716
2021-07-07 00:00:00,55.19278954127406,55.25054404353122,54.02810128461699,54.47087478637695,13077600,712348312.1063232
2021-07-08 00:00:00,53.22917023313118,54.47086425267616,52.80564831402525,53.96071243286133,14087400,760166140.3266907
2021-07-09 00:00:00,56.598107640559626,56.71361295606455,55.72218468163106,56.55960464477539,24361300,1377865496.6327667
2021-07-12 00:00:00,56.3671027005643,56.95425692223997,55.65481189403176,56.761749267578125,14513200,823794619.4702148
2021-07-13 00:00:00,56.82912392111231,57.040883061599416,56.078330164582674,56.530731201171875,14604200,825586104.6081543
2021-07-14 00:00:00,56.68473926659349,57.137140301177645,55.54892655939982,55.828067779541016,12520500,698995322.6337433
2021-07-15 00:00:00,54.981018852450106,55.52967369406509,54.4708670068409,54.817386627197266,12103400,663476757.3036194
2021-07-16 00:00:00,55.32754376233828,55.32754376233828,53.29655642696078,53.38318634033203,13611400,726619902.5527954
2021-07-19 00:00:00,51.881609375597094,52.39176130247267,50.65916659653912,52.151123046875,20942100,1092154033.959961
2021-07-20 00:00:00,52.22811991608664,54.268734753831275,52.093363094543655,54.04734802246094,13292000,718397349.9145508
2021-07-21 00:00:00,54.67300465535306,55.317917015613894,54.4419940127581,54.91364288330078,11035200,605983031.9458008
2021-07-22 00:00:00,54.62487655710816,54.63450047040383,53.41206153021979,53.55644226074219,12019900,643743080.329895
2021-07-23 00:00:00,53.23880716189346,53.700832156151684,52.75753066722678,52.882659912109375,14536000,768702344.4824219
2021-07-26 00:00:00,53.17142769061807,53.81633641817897,53.03666719043466,53.68157958984375,9589000,514752666.6870117
2021-07-27 00:00:00,53.142542016761254,53.28692641313484,52.18961675060829,52.940406799316406,13374900,708072646.900177
2021-07-28 00:00:00,53.344681515562165,53.76820715393071,52.64201831863474,53.41206359863281,10549200,563454541.3146973
2021-07-29 00:00:00,54.865526590731456,55.5778174989263,54.69226673932862,55.135040283203125,15439000,851229886.932373
2021-07-30 00:00:00,54.595996765673675,55.645179479434816,54.499739281199325,54.71150207519531,13185500,721398510.6124878
2021-08-02 00:00:00,55.221658235463394,56.40559784877584,54.75000937590329,54.89439010620117,12397500,680553201.341629
2021-08-03 00:00:00,55.317919808844735,55.78956870320292,54.49012367541004,55.71256637573242,12273500,683788183.4125519
2021-08-04 00:00:00,53.161798663040166,53.37356148573761,50.25488833118068,50.745792388916016,67667200,3433825682.739258
2021-08-05 00:00:00,51.84310363218338,52.824908103729435,51.54471088915477,52.40138244628906,28571400,1497180858.4259033
2021-08-06 00:00:00,52.75752619310277,53.2773019726583,52.2281191563874,52.9885368347168,14970100,793243695.2693939
2021-08-09 00:00:00,52.237749931895316,52.334003759804794,51.40032987916872,51.92973327636719,16080000,835030111.0839844
2021-08-10 00:00:00,51.97785296092157,52.34362406543058,51.65058485096038,52.22811508178711,14479100,756216101.0807037
2021-08-11 00:00:00,52.382127926675246,52.45913392244292,51.44845409500399,52.23774719238281,15814600,826119076.7486572
2021-08-12 00:00:00,52.40138615521372,52.97892018209663,52.16074789530796,52.57464599609375,10760900,565750508.0993652
2021-08-13 00:00:00,52.51689137880921,52.661272121238085,51.58321382267344,51.640968322753906,11849200,611904161.8499756
2021-08-16 00:00:00,51.02492535148657,51.26556356581925,50.52440109690064,50.9671745300293,17019000,867410343.3265686
2021-08-17 00:00:00,50.033496988936,50.12975447759593,48.32015408111441,48.58004379272461,28477800,1383452771.120453
2021-08-18 00:00:00,48.63780640879765,49.56186016477839,48.51267715096737,48.93619918823242,15271400,747324272.2831726
2021-08-19 00:00:00,48.12765058493577,48.33941342250096,46.84745331688928,47.242103576660156,23387300,1104865248.978424
2021-08-20 00:00:00,47.12658827046086,47.299848083148774,46.539430424334896,46.97257995605469,16898400,793761445.1293945
2021-08-23 00:00:00,46.35654958694445,46.53943332424496,45.30736673222456,46.37580108642578,30149200,1398193302.1148682
2021-08-24 00:00:00,46.68381758005208,48.00251407945362,46.42392784568569,47.713748931884766,21394700,1020821344.272995
2021-08-25 00:00:00,47.636747207623095,48.06026918461581,47.31910297099247,47.83888244628906,14406600,689195643.850708
2021-08-26 00:00:00,47.617488494574744,47.617488494574744,46.70306259437535,46.79931640625,16599200,776831212.890625
2021-08-27 00:00:00,46.92445131745321,48.1950207824549,46.837821414300926,47.93513107299805,14874300,713001520.1190948
2021-08-30 00:00:00,48.07952153482768,48.07952153482768,47.11696856584954,47.32872772216797,13709000,648829528.3432007
2021-08-31 00:00:00,47.32872526964493,47.57899108484572,46.847448810095074,47.17471694946289,14293100,674272946.830368
2021-09-01 00:00:00,47.26134562039286,47.78112506432742,46.857075167453466,47.270973205566406,10982100,519134554.84085083
2021-09-02 00:00:00,47.30948139653517,47.64637347763773,46.98221322981484,47.11697006225586,13349300,628978568.4520721
2021-09-03 00:00:00,46.972581234348645,47.16509255055724,46.6068101007371,46.9918327331543,9932500,466746378.62205505
2021-09-07 00:00:00,46.67419355673652,47.38648067427829,46.60681147300878,46.89558029174805,12309900,577279903.8333893
2021-09-08 00:00:00,46.818578578415305,47.66562626907401,46.60681573778853,47.13622283935547,11136300,524923118.4059143
2021-09-09 00:00:00,47.116970934193006,47.116970934193006,46.01003349548846,46.606815338134766,13739500,640354339.3383026
2021-09-10 00:00:00,46.8667039352405,48.5319201735013,46.8667039352405,47.636749267578125,22774700,1084912673.5443115
2021-09-13 00:00:00,48.23353085563996,49.04207551309544,47.74262677512329,48.91694259643555,18506500,905281398.1609344
2021-09-14 00:00:00,49.30196024977164,49.494467890484586,48.608920993291804,48.839935302734375,12587300,614762917.6361084
2021-09-15 00:00:00,48.88806534712483,49.985375125667815,48.64742710895845,49.879493713378906,13658500,681279064.8841858
2021-09-16 00:00:00,49.65810717297313,49.956499911355046,49.0035708688018,49.590728759765625,12617300,625701101.9805908
2021-09-17 00:00:00,49.40784454345703,49.98537484305175,49.0805763945272,49.40784454345703,45115700,2229069492.0692444
2021-09-20 00:00:00,47.59823859454145,47.684868496873705,46.55867976655434,47.52123260498047,24540600,1166199560.8657837
2021-09-21 00:00:00,47.71374390703523,47.91587912186127,46.962953868054115,47.52123260498047,14172700,673504173.3406067
2021-09-22 00:00:00,48.15652609671414,49.30196653291195,48.15652609671414,48.878440856933594,14038300,686170216.2818909
2021-09-23 00:00:00,49.18644554032372,50.12975049501095,49.12869472356355,49.975738525390625,14043200,701819291.2597656
2021-09-24 00:00:00,49.93725113458652,50.65916589133,49.783242800021846,50.27414321899414,11643500,585366986.5703583
2021-09-27 00:00:00,50.447394379866836,51.56395553142871,50.41851896955373,51.246315002441406,13861400,710345670.7748413
2021-09-28 00:00:00,51.756476595695574,52.17999860483689,50.72654515267705,50.87092590332031,16422900,835448129.0176392
2021-09-29 00:00:00,51.30407295580833,51.36182745631179,50.56290672266428,50.94792938232422,10881100,554369514.402008
2021-09-30 00:00:00,50.947926912750695,51.20781664464642,50.22601221476747,50.73616409301758,16324300,828232363.5036469
2021-10-01 00:00:00,51.04418819898384,51.38108397706736,50.29339797831819,51.140445709228516,16660400,852020281.6940308
2021-10-04 00:00:00,52.844153445205286,53.556440504864625,51.66983778184809,51.95860290527344,29206700,1517539327.4734497
2021-10-05 00:00:00,52.16074558659066,52.690152672429704,51.640969758805134,52.30513000488281,18201500,952031823.7838745
2021-10-06 00:00:00,52.449507614795635,53.421684399974936,51.15968661934575,51.91047668457031,29520800,1532438800.1098633
2021-10-07 00:00:00,52.796029120348265,54.615257324361195,52.401382548142415,54.32648849487305,31006000,1684447102.2720337
2021-10-08 00:00:00,54.42274299012176,56.9927575246051,54.26873466976151,56.37672424316406,33724900,1901299387.4282837
2021-10-11 00:00:00,56.58849505757538,57.12752241908656,55.606690499589064,55.91470718383789,17665700,987772442.697525
2021-10-12 00:00:00,56.32859899613513,57.108268206414074,55.69331419689424,56.75212097167969,17095000,970177508.0108643
2021-10-13 00:00:00,56.73287085328928,56.73287085328928,54.94252540954899,55.606685638427734,18813800,1046173062.2642517
2021-10-14 00:00:00,55.924324907218256,56.10721231763877,55.29866769304016,55.52967834472656,11450100,635820370.0149536
2021-10-15 00:00:00,56.155335909950175,56.511479452150525,55.683683376889256,55.828067779541016,12914600,720997164.1456604
2021-10-18 00:00:00,55.26016774205152,55.42380366188324,54.721136738635906,54.759639739990234,12667900,693689640.2622223
2021-10-19 00:00:00,54.86551859820977,54.9232730975469,54.4131175330226,54.721134185791016,10589000,579442089.8933411
2021-10-20 00:00:00,54.24948358255768,56.059084114413885,54.114726760200476,55.51042556762695,13399900,743834151.5636444
2021-10-21 00:00:00,55.82807451310036,56.47298326654035,55.56818476008999,56.222721099853516,11585400,651362713.0302429
2021-10-22 00:00:00,56.184215952944186,56.50186019622197,55.481552723938165,55.606685638427734,11077600,615988620.8282471
2021-10-25 00:00:00,55.87619858211532,56.12646440789871,54.7115103819989,55.5970573425293,14151000,786753958.4541321
2021-10-26 00:00:00,55.847321487797075,56.11683513344013,54.827014059244334,55.22166061401367,16335800,902090003.4584045
2021-10-27 00:00:00,53.51793602435796,53.67194433070159,52.13186126726521,52.22811508178711,36397600,1900978041.5008545
2021-10-28 00:00:00,52.55538972725763,53.49869485174545,52.03561392361607,52.2088737487793,23020300,1201863936.359024
2021-10-29 00:00:00,51.88160229315669,52.978912001390825,51.602461073525795,52.391754150390625,16680700,873931133.4564209
2021-11-01 00:00:00,52.79602664026475,53.65270183067021,52.382128587412595,53.41206359863281,15677600,837372968.2739258
2021-11-02 00:00:00,52.96928886860757,53.88371492628121,52.63239679718222,53.50831985473633,16377500,876332508.4209442
2021-11-03 00:00:00,53.19067474247354,54.066597785716496,53.027042502411334,53.9029655456543,14419400,777248421.3890076
2021-11-04 00:00:00,54.3553724919286,56.56924379632205,54.162861145492535,56.44411087036133,24026100,1356131852.1823883
2021-11-05 00:00:00,56.9350151092806,57.12752278428035,55.876204537539266,56.32860565185547,16302200,918280195.0576782
2021-11-08 00:00:00,56.55960049609091,58.07081175906766,56.290086889065826,57.36814498901367,14385500,825269449.7394562
2021-11-09 00:00:00,57.57029466701457,57.6857999957173,55.64518872001075,56.42485427856445,13822900,779955118.2071686
2021-11-10 00:00:00,55.68367966582283,58.292200621935464,55.56817435450806,57.050506591796875,22778600,1299530669.4519043
2021-11-11 00:00:00,57.579918027795216,59.82266819698904,57.08901763163998,59.50502395629883,29033900,1727662915.0447845
2021-11-12 00:00:00,59.2836376333134,61.63226556078905,58.98524489042522,61.02585983276367,31152400,1901101995.854187
2021-11-15 00:00:00,61.27611773205509,61.34349614159857,60.284689415759956,60.61195755004883,14372100,871121115.1050568
2021-11-16 00:00:00,60.87185129229309,60.91035062039605,59.61090558275458,60.26544189453125,16115000,971177596.1303711
2021-11-17 00:00:00,60.95847757809774,62.6333175859583,60.044051578848475,62.19054412841797,29983400,1864683960.8200073
2021-11-18 00:00:00,61.921031763767395,62.73920028571819,59.76491158445353,59.99592590332031,23308100,1398391040.5471802
2021-11-19 00:00:00,60.140303617913744,60.611956145637585,59.254756729090644,59.48576736450195,19520600,1161197870.4154968
2021-11-22 00:00:00,59.63015677490666,62.527439577082276,59.44726936200694,61.66114044189453,19836200,1223122714.0335083
2021-11-23 00:00:00,61.343501165937525,61.641893912532744,59.9285471059368,60.68896484375,16225100,984684523.4863281
2021-11-24 00:00:00,59.96704550051063,60.25581063886117,59.32213681392269,59.86116409301758,12685000,759338866.519928
2021-11-26 00:00:00,57.56066931085386,58.30183556978373,57.233401140311436,57.916812896728516,13272600,768706690.8531189
2021-11-29 00:00:00,58.82161861241812,59.23551672568354,57.416292013439445,57.61842727661133,15033100,866183579.0920258
2021-11-30 00:00:00,56.983135263326346,57.59916856263018,55.2890400183927,55.702938079833984,21282200,1185481068.8026428
2021-12-01 00:00:00,57.031251131317894,58.321071978883204,55.837684091184634,55.88581466674805,26353700,1472797993.983078
2021-12-02 00:00:00,56.54998589649793,59.00449518827417,56.50185898329606,58.734981536865234,25365100,1489818680.1807404
2021-12-03 00:00:00,58.946741804378966,59.379887676256324,56.66548876470828,57.47403335571289,19596100,1126266905.0418854
2021-12-06 00:00:00,58.20558009259277,58.45584225271257,56.5018608710192,57.59917068481445,16728200,963530447.0497131
2021-12-07 00:00:00,58.62909789016578,60.04405184983039,58.42696265931311,59.22587966918945,14135700,837199267.2397614
2021-12-08 00:00:00,59.341390997664924,59.495399323209945,58.15744763471792,58.50396728515625,10004100,585279539.1174316
2021-12-09 00:00:00,58.11895155126277,58.35958980284916,57.358533795006174,57.38740921020508,12964800,744016282.9284668
2021-12-10 00:00:00,57.84943513166709,60.91998162067329,57.84943513166709,60.84297561645508,22839800,1389641394.4847107
2021-12-13 00:00:00,59.74566054012445,59.85154195075089,56.80987481495949,56.91575622558594,27327000,1555336870.376587
2021-12-14 00:00:00,55.79918338883496,56.9831228157832,55.53929370899062,56.21308135986328,17928700,1007827471.7765808
2021-12-15 00:00:00,56.11683326219127,56.684739619321974,54.90401822539154,56.415225982666016,14471600,816418584.3307495
2021-12-16 00:00:00,57.175645015165095,58.34995708272999,55.856944868764444,56.20346450805664,17772200,998859211.9300842
2021-12-17 00:00:00,54.09548512450539,54.27836889221505,52.468768030406046,53.09442901611328,42175800,2239300019.2977905
2021-12-20 00:00:00,51.99710973734379,52.49763770174,51.15006213053113,52.016361236572266,19073900,992154872.5902557
2021-12-21 00:00:00,52.45913999082356,52.844162670504744,51.823855139643484,52.73828125,15571300,821203598.828125
2021-12-22 00:00:00,52.738274887918955,54.23985507946599,52.69977189022597,53.9799690246582,16694000,901141602.897644
2021-12-23 00:00:00,53.970344070658626,54.95214852861043,53.68157891757825,54.77888870239258,13722300,751692344.4408417
2021-12-27 00:00:00,54.75963944537059,55.58743561079328,54.41311977874264,55.2794189453125,9078900,501876316.66259766
2021-12-28 00:00:00,55.25053862566691,55.943574225552254,54.8751399055794,54.971397399902344,8577700,471528155.47714233
2021-12-29 00:00:00,54.971404910681606,55.5393113533125,54.61526131264651,55.086910247802734,7982300,439720243.67103577
2021-12-30 00:00:00,55.298661255915356,56.57885462059557,55.115773866784124,55.95319747924805,11965900,669530365.7169342
2021-12-31 00:00:00,55.82807316541075,56.83875306593216,55.75106716407475,56.43448257446289,9856300,556235190.5986786
2022-01-03 00:00:00,57.628049607889835,59.26439051398514,57.502920356135824,58.87936782836914,20980200,1235300912.9127502
2022-01-04 00:00:00,59.639786981194675,63.5092544120479,59.639786981194675,63.278236389160156,44691300,2827986645.9388733
2022-01-05 00:00:00,63.06646385515442,64.6931806339525,60.25581110158175,60.39057159423828,43578700,2631742602.333832
2022-01-06 00:00:00,60.80447410252888,61.122118369930746,59.36064453473524,60.515708923339844,20650900,1249703853.4049988
2022-01-07 00:00:00,61.42050768907719,61.516761519455905,59.12000295580385,59.938175201416016,17136100,1027106564.068985
2022-01-10 00:00:00,59.21625731497862,59.678282285600204,57.7916794042667,58.78310775756836,18980400,1115726898.4817505
2022-01-11 00:00:00,58.95636164087846,59.254754344109706,57.89755498218952,59.15849685668945,16463800,973973660.5491638
2022-01-12 00:00:00,60.13067291737841,60.37131111068074,57.40664680670922,58.74459457397461,20215000,1187521979.3128967
2022-01-13 00:00:00,59.148884872127375,61.00661252772834,58.86011969532819,59.45690155029297,19283000,1146507432.5942993
2022-01-14 00:00:00,58.811981201171875,59.456893558795336,57.743550557805634,58.811981201171875,16180300,951595499.4293213
2022-01-18 00:00:00,57.87831845206343,58.09007763545362,56.347858888856976,56.588497161865234,18299100,1035518568.4146881
2022-01-19 00:00:00,57.08902109799072,57.59917302502834,54.0281021920682,54.13398361206055,20576000,1113860846.8017578
2022-01-20 00:00:00,53.92220811371227,55.183153599300134,52.382121435827884,52.603511810302734,21554100,1133821353.9104462
2022-01-21 00:00:00,52.47838393970731,52.65164375344478,50.716910390658946,51.28481674194336,25692800,1317650539.5874023
2022-01-24 00:00:00,49.475225256101815,50.68804041037334,47.521240185541764,50.66878890991211,32931800,1668614422.6234436
2022-01-25 00:00:00,49.66772459102276,50.543647520008996,48.91693455813389,49.95649337768555,22164500,1107260697.4697113
2022-01-26 00:00:00,51.563960377195855,51.96823451880989,49.54260068466978,50.389644622802734,23174300,1167744741.3822174
2022-01-27 00:00:00,50.870921682053854,51.35219815462522,49.15757861469119,49.52334976196289,21357400,1057689990.2061462
2022-01-28 00:00:00,49.330842403426246,49.330842403426246,47.39611244380272,48.358665466308594,26732600,1292752860.444641
2022-01-31 00:00:00,48.608920567989834,50.774664553692354,48.09876871523789,50.75541305541992,20255200,1028061042.5201416
2022-02-01 00:00:00,50.870926431859225,52.208878234884224,50.168263156919316,52.04524230957031,23169600,1205867446.2158203
2022-02-02 00:00:00,52.86340543669518,53.46981481396567,49.74473598300018,51.49658203125,34371700,1770025068.6035156
2022-02-03 00:00:00,50.63027370948376,52.382119439012875,50.582146805851124,51.121177673339844,23751800,1214219987.8616333
2022-02-04 00:00:00,49.68697953604127,49.908366261823176,48.62817281763254,49.36933898925781,22794900,1125369145.326233
2022-02-07 00:00:00,49.5618518243119,50.0527522014437,48.62817431017822,48.811058044433594,18046500,880868758.9988708
2022-02-08 00:00:00,46.914836324145284,48.012146191465426,45.798274955592525,47.607872009277344,38629700,1839077813.356781
2022-02-09 00:00:00,48.426035997552766,49.744732395507576,48.28165159895173,48.820682525634766,24290800,1185893435.093689
2022-02-10 00:00:00,47.867759993359506,49.85062048461965,47.74262707591125,48.454917907714844,17017600,824586410.9863281
2022-02-11 00:00:00,48.74367947105207,49.061323698375624,46.72231979992259,47.001461029052734,20183800,948668089.1181946
2022-02-14 00:00:00,47.039959934289676,47.34797657338346,46.20253992624394,46.587562561035156,17549800,817602405.4336548
2022-02-15 00:00:00,47.51160852968487,48.04101185463876,47.09771051682966,47.80999755859375,15238500,728552647.7966309
2022-02-16 00:00:00,47.578992911858606,48.676302694272806,47.41535699996715,48.54154586791992,13865500,673052804.2316437
2022-02-17 00:00:00,47.94476172887049,47.98326105463385,46.83782441455701,46.9918327331543,13482800,633581482.3745728
2022-02-18 00:00:00,47.08808406475062,47.36722527489634,46.12553120646694,46.780067443847656,16615900,777292922.6402283
2022-02-22 00:00:00,45.99078509063029,46.144793436902,44.43145012564812,45.01860809326172,19620300,883278596.3722229
2022-02-23 00:00:00,45.49025151561741,46.49130748057827,44.52769855050462,44.64320755004883,13667700,610169967.8318024
2022-02-24 00:00:00,42.49672388650219,44.67209243315691,42.265709510293796,44.61433792114258,21003700,937066169.3943024
2022-02-25 00:00:00,44.61433343642396,45.702019436339505,44.13305690023019,45.653892517089844,13465100,614734228.1318665
2022-02-28 00:00:00,44.508445500045966,45.355489366226955,44.12342289043808,44.9704704284668,18226700,819663273.3585358
2022-03-01 00:00:00,44.29667715042989,44.431433945363125,42.50632848209462,42.852848052978516,21534200,922801800.54245
2022-03-02 00:00:00,43.00686675875385,44.854966688585705,42.8913614311014,44.585453033447266,19006400,847408954.5349121
2022-03-03 00:00:00,44.47956991520237,44.98972546382522,42.93948669936435,43.2186279296875,18956300,819265276.6235352
2022-03-04 00:00:00,42.38120695938234,42.506339876154605,40.417601651097115,40.81224822998047,26534700,1082940763.1080627
2022-03-07 00:00:00,40.70635699025617,40.85073770075266,38.26147210530288,38.338478088378906,25949900,994879672.5456238
2022-03-08 00:00:00,39.31066297518342,40.72561699928391,38.463615343517645,38.69462966918945,24145100,934285702.8255463
2022-03-09 00:00:00,40.677483883484314,41.25501782581356,40.234710431325425,40.69673538208008,21309000,867206734.2567444
2022-03-10 00:00:00,39.8593187395881,40.64861188913652,39.32028774913016,40.282840728759766,17991200,724736644.1192627
2022-03-11 00:00:00,40.504228765196295,40.7544909095809,39.92669480824658,39.955570220947266,13617900,544110959.7118378
2022-03-14 00:00:00,40.176955930808006,40.84111604826929,38.8582559365311,39.30103302001953,18914000,743339738.5406494
2022-03-15 00:00:00,39.30103122819283,40.66785439446685,39.2721521483346,40.55234909057617,16051000,650905755.2528381
2022-03-16 00:00:00,41.38977073016179,42.515955752658435,40.78336143320722,42.20793914794922,17014500,718146980.632782
2022-03-17 00:00:00,41.31276799694159,42.18869464589223,41.00475136797233,42.02505874633789,13909000,584526542.1028137
2022-03-18 00:00:00,41.611165059194626,43.35338728216264,41.51491122953046,43.141624450683594,19834400,855688236.0046387
2022-03-21 00:00:00,42.62184507897765,42.99724015632041,41.60154126298927,41.97693634033203,17903900,751550870.5436707
2022-03-22 00:00:00,42.58334079569457,43.574769081722344,42.43895639573907,42.891357421875,14703000,630631628.1738281
2022-03-23 00:00:00,42.352322939836874,42.85285083338392,42.13093623781852,42.140560150146484,15142300,638105003.9615631
2022-03-24 00:00:00,42.40046286533184,43.18013218982523,42.30420902510489,42.68922805786133,11106200,474115104.6562195
2022-03-25 00:00:00,42.62184379956243,42.650722885155304,41.774799840366086,42.015438079833984,10351200,434910202.65197754
2022-03-28 00:00:00,42.25608166640666,42.59297377555295,41.65929611327809,42.5640983581543,12175200,518226410.3302002
2022-03-29 00:00:00,43.70952622125296,44.98972331669762,43.545893993813,44.52769470214844,16784100,747357280.6503296
2022-03-30 00:00:00,43.93091228758812,44.306307318437845,43.3533820357959,43.526641845703125,12818800,557959316.4916992
2022-03-31 00:00:00,43.160872775846485,43.2186272725052,42.10206604003906,42.10206604003906,17335000,729839314.8040771
2022-04-01 00:00:00,42.506340743218566,42.78548199715525,40.821872976967164,41.35127639770508,16791500,694349957.6320648
2022-04-04 00:00:00,41.64966014188798,41.79404085893638,40.93736945350092,41.56303024291992,12593000,523403239.8490906
2022-04-05 00:00:00,41.351274716002486,41.54378604440027,39.77268843246738,39.86894226074219,19853900,791553992.7505493
2022-04-06 00:00:00,39.26253381801572,39.78231326718903,38.00158819246888,38.02083969116211,29254900,1112295863.0809784
2022-04-07 00:00:00,37.81871265841178,38.049723349097356,36.19199554886092,37.270057678222656,28297600,1054653184.1552734
2022-04-08 00:00:00,36.91390797955357,38.55024889807185,36.74064813689584,37.876461029052734,22086800,836569819.4564819
2022-04-11 00:00:00,37.3566785523327,39.79193616098177,37.241169563133155,38.819759368896484,25015300,971087926.5407562
2022-04-12 00:00:00,39.08927375430216,39.25290598438737,38.1555962687518,38.540618896484375,17212800,663391964.9414062
2022-04-13 00:00:00,38.13634844897875,38.935269193444455,38.06897003340312,38.71388244628906,10897600,421888405.3466797
2022-04-14 00:00:00,38.64650980408572,39.2529156348569,38.58875529417231,38.62725830078125,13315700,514348983.3557129
2022-04-18 00:00:00,38.62724788521722,39.39728945051573,38.45398807404408,39.108524322509766,11798000,461402369.9569702
2022-04-19 00:00:00,39.281791493581224,40.61011206565446,39.281791493581224,40.504234313964844,13852800,561097057.1044922
2022-04-20 00:00:00,40.667866790629084,41.62079593577434,40.12883575508901,40.15771484375,12989800,521640684.27734375
2022-04-21 00:00:00,41.15876051837603,41.38977483071871,39.041147069166435,39.18552780151367,12544000,491543260.7421875
2022-04-22 00:00:00,38.944888133950876,39.214405433680696,38.29035189036785,38.348106384277344,17718400,679467088.1591797
2022-04-25 00:00:00,37.87645636927583,38.492493329519654,37.22192008239329,38.328857421875,18704400,716918280.7617188
2022-04-26 00:00:00,37.75132555281161,37.97271227707764,36.471128445538774,36.61551284790039,21679500,793806010.7860565
2022-04-27 00:00:00,36.856155760124004,38.040095525849104,36.28824933540887,37.21229934692383,19827700,737834307.7610016
2022-04-28 00:00:00,37.87646148981181,38.12672734196118,35.91285603555152,37.29893112182617,22795600,850251514.2807007
2022-04-29 00:00:00,37.35668229473693,37.94383652534068,36.36525023328191,36.49038314819336,16737800,610768735.0578308
2022-05-02 00:00:00,36.259357329692875,37.048653897481216,35.8550869706314,37.01015090942383,16119900,596599931.6448212
2022-05-03 00:00:00,37.8475770973793,38.76200302304005,37.366300680910236,38.444358825683594,19132700,735544384.1041565
2022-05-04 00:00:00,38.117099346384634,39.695689434192,37.828334165488236,39.6283073425293,15813700,626670163.8225555
2022-05-05 00:00:00,38.8101383482944,39.22403644998073,37.8764607228371,38.45399475097656,15317100,589003683.0001831
2022-05-06 00:00:00,38.29997838532511,38.617618913168315,37.347049458100145,38.097843170166016,14684900,559463017.1695709
2022-05-09 00:00:00,37.520313622839595,38.71388089875785,36.654018169275425,36.827274322509766,18508800,681628654.9804688
2022-05-10 00:00:00,37.914961321224986,38.011218822401254,36.11498827548345,37.25080108642578,20206400,752704587.0727539
2022-05-11 00:00:00,37.32780097702192,37.9630857558914,35.778090191879485,35.87434768676758,18050800,647560675.2243042
2022-05-12 00:00:00,34.13212842239933,34.844419256419116,33.28508442802503,34.22838592529297,43172200,1477714722.843933
2022-05-13 00:00:00,34.82516674773258,37.048665430258644,34.71928533353874,36.77914810180664,22997300,845821102.6416779
2022-05-16 00:00:00,36.58663936542404,36.61551845342623,35.3834480677051,35.710716247558594,16512200,589662488.822937
2022-05-17 00:00:00,36.605888949107374,37.1064169433587,35.95135262369012,36.67326736450195,15505700,568644681.7737579
2022-05-18 00:00:00,36.09573127625732,36.35562098206809,34.25725551012718,34.4882698059082,19255700,664095776.9016266
2022-05-19 00:00:00,34.05511944056954,35.27756194969928,33.833732734926016,34.76740646362305,15545100,540462810.2176666
2022-05-20 00:00:00,35.62408228380042,35.69146436692516,33.10219463814149,34.07437515258789,24408000,831687348.7243652
2022-05-23 00:00:00,34.58453045655915,35.239066806825576,33.77598576927994,34.65190887451172,19959800,691645170.753479
2022-05-24 00:00:00,34.19950375941341,34.23800675710432,33.02519170462426,33.89148712158203,16717000,566563990.2114868
2022-05-25 00:00:00,33.59310077883889,34.98879967516098,33.59310077883889,34.63265609741211,15409500,533671914.1330719
2022-05-26 00:00:00,35.01767787125248,36.345998318327915,35.01767787125248,36.01873016357422,14568400,524735268.51501465
2022-05-27 00:00:00,36.38450508677727,37.14492288862161,35.96098306046007,37.12567138671875,15684100,582282742.5964355
2022-05-31 00:00:00,37.164173704531414,37.491441887142,36.53851275570725,37.23155212402344,19857900,739340438.923645
2022-06-01 00:00:00,37.549185871821244,38.15559520850268,36.48075526965579,36.83689880371094,12190800,449071265.9362793
2022-06-02 00:00:00,36.962031362737235,37.780199826547566,36.92352836702086,37.4144287109375,10735500,401662599.42626953
2022-06-03 00:00:00,36.66364318473204,36.85615451525741,36.07648527896136,36.20161819458008,11670500,422490985.1398468
2022-06-06 00:00:00,36.91390010219412,36.990906092208384,36.105355566282824,36.41337585449219,11029000,401603122.29919434
2022-06-07 00:00:00,35.82622138851302,37.019784970772655,35.441198746065886,36.93315505981445,14517600,536180771.8963623
2022-06-08 00:00:00,36.90427871917508,37.31817676425546,36.22086703426487,36.27861785888672,10210300,370415571.92459106
2022-06-09 00:00:00,36.07648979656385,36.26900115119605,35.25832112918785,35.27757263183594,9306500,328310729.69818115
2022-06-10 00:00:00,34.392017748980116,35.008051072521205,33.68935450982554,33.698978424072266,15875500,534988131.97135925
2022-06-13 00:00:00,32.592038419414465,32.80380121056108,30.94607401144992,31.071203231811523,23202000,720914057.384491
2022-06-14 00:00:00,31.4466085722856,32.33215934935405,31.254100886350006,31.956764221191406,17891000,571738468.6813354
2022-06-15 00:00:00,32.11076193097438,33.30432534434149,32.1011343467591,32.900054931640625,19116000,628917450.0732422
2022-06-16 00:00:00,31.619865103057673,31.619865103057673,29.762139324577415,30.24341583251953,22783200,689041791.595459
2022-06-17 00:00:00,30.27228962937034,31.177088039183964,29.502246202982874,30.686185836791992,23649700,725719089.1843796
2022-06-21 00:00:00,31.600610083412246,31.860496107338722,30.6958081043811,31.417722702026367,16627600,522401326.0002136
2022-06-22 00:00:00,30.98458506702108,32.25515495138222,30.830576707457574,31.600622177124023,14974100,473190876.54247284
2022-06-23 00:00:00,31.68724132853454,32.101139390482246,31.023081115381483,31.754623413085938,14410100,457587298.84490967
2022-06-24 00:00:00,31.870129506078325,33.68935403655667,31.82200259182431,33.51609420776367,18401600,616749759.173584
2022-06-27 00:00:00,33.67972964411975,33.99737021116361,33.05406875215874,33.33320999145508,10443100,348102045.2617645
2022-06-28 00:00:00,33.87223111764996,34.777033083805804,32.67866772276211,32.71717071533203,15197100,497206115.0779724
2022-06-29 00:00:00,32.53429122647249,32.601669643886126,31.436981375052248,32.1973991394043,11426700,367910020.7462311
2022-06-30 00:00:00,31.369599459531777,31.51398386465938,30.233786732861688,30.570680618286133,20144800,615840246.9192505
2022-07-01 00:00:00,30.1086560043828,31.648741043866842,30.0894045053573,30.984577178955078,21175000,656098421.7643738
2022-07-05 00:00:00,29.945021853520323,31.215591410982785,29.194229916872505,31.1578369140625,19646200,612133095.5810547
2022-07-06 00:00:00,30.849821580889294,31.273347232548044,29.781389045544262,30.099031448364258,17101100,514726546.701622
2022-07-07 00:00:00,30.80168888539007,31.619857277669265,30.75356198087614,31.436973571777344,14022900,440837536.6996765
2022-07-08 00:00:00,31.465851748777066,31.8893773581993,31.0423298112026,31.10008430480957,11765200,365898711.86294556
2022-07-11 00:00:00,30.715066319003157,30.994207572390422,29.637007978841705,29.714012145996094,17121600,508751430.3588867
2022-07-12 00:00:00,29.762136785384556,30.85944837830255,29.64662962552644,30.349294662475586,19773400,600108743.0789948
2022-07-13 00:00:00,29.69475884134195,30.657311790261144,29.223108116682432,30.53217887878418,16196700,494520541.6460037
2022-07-14 00:00:00,29.98352346754836,30.46479993359544,29.521498500764924,30.407047271728516,14450400,439393995.89538574
2022-07-15 00:00:00,31.04233632284758,31.687245113424087,30.522556786895784,31.639118194580078,12982900,410767507.6084137
2022-07-18 00:00:00,32.05301582939253,32.33215709512538,31.263722622170885,31.398479461669922,12679300,398110740.63835144
2022-07-19 00:00:00,32.101144165750014,33.3332146209923,32.033765743023714,33.1118278503418,13186300,436622495.58296204
2022-07-20 00:00:00,32.90006087676225,33.70860552011751,32.77492796228454,33.45833969116211,10110600,338283889.2814636
2022-07-21 00:00:00,33.45834020839838,33.81448745727539,33.07332121675461,33.81448745727539,10857400,367137416.1186218
2022-07-22 00:00:00,33.85298824513996,33.881867332847854,33.005944223908855,33.37171173095703,13616700,454412587.1269226
2022-07-25 00:00:00,33.554593561402434,33.7374772844323,32.85193040847994,33.227325439453125,14782700,491189583.7738037
2022-07-26 00:00:00,32.755670888507126,32.803801466395846,31.802745664610605,32.09151077270508,14533000,466385926.0597229
2022-07-27 00:00:00,32.74605516150764,33.496845364596396,32.37066005996326,33.38134002685547,12292800,410350136.6821289
2022-07-28 00:00:00,33.69896753241088,34.411258127444825,33.304321082578404,34.401634216308594,11802100,406011527.18429565
2022-07-29 00:00:00,34.41127164717184,35.07543193192312,34.06475196057169,34.90217208862305,14375900,501750135.72883606
2022-08-01 00:00:00,34.70966229103916,35.595209283173176,34.26688512312388,35.39307403564453,12224200,432652015.6265259
2022-08-02 00:00:00,34.95992231002739,35.57595560101232,34.757787074894466,34.77703857421875,13124000,456413854.2480469
2022-08-03 00:00:00,35.412325247465546,36.759897225185924,35.3738222467697,35.9128532409668,16047700,576318694.9550629
2022-08-04 00:00:00,35.633716481208204,35.76847332876595,34.719290294689436,34.87329864501953,16882100,588734515.0550842
2022-08-05 00:00:00,34.57489908342152,34.92141872171138,34.25725852955448,34.709659576416016,10878600,377592502.66799927
2022-08-08 00:00:00,35.2486898045945,36.750273805297425,35.09468147158766,36.15349197387695,17398800,629027376.1550903
2022-08-09 00:00:00,35.874348625822726,35.95135095190084,34.86366877005386,35.248687744140625,12752200,449498315.8508301
2022-08-10 00:00:00,36.278615277947964,37.03903290405351,36.0861076471066,36.52888107299805,10663300,389518417.5457001
2022-08-11 00:00:00,37.24117741763392,37.578073199415215,36.75027696146791,37.01979064941406,10221400,378394088.1439209
2022-08-12 00:00:00,37.37593350278817,38.03046614280284,37.03903776094362,38.001590728759766,8905300,338415565.91682434
2022-08-15 00:00:00,37.424063045410726,38.203728654121335,37.356684626678906,37.924591064453125,9626400,365077283.42285156
2022-08-16 00:00:00,37.49143855916066,38.117095780598994,37.27005181878881,37.52994155883789,13944400,523332517.0730591
2022-08-17 00:00:00,36.75989342130333,37.24116986465458,36.240117653088355,36.962032318115234,10656700,393893289.8044586
2022-08-18 00:00:00,36.89466255197207,37.443317532161196,36.634772771064256,37.270057678222656,7004100,261043210.9840393
2022-08-19 00:00:00,37.77057496460098,38.7716271251422,37.62619057021593,38.213348388671875,23306500,890619404.220581
2022-08-22 00:00:00,36.80802573597906,37.36630452718848,36.500005419633126,37.106414794921875,20921400,776318146.4904785
2022-08-23 00:00:00,37.50105821361874,37.934207731168165,36.981278792559436,37.11603927612305,15394400,571379155.0323486
2022-08-24 00:00:00,37.1641714482236,38.24222976649343,36.88503020050473,37.78020477294922,12710300,480197736.72561646
2022-08-25 00:00:00,37.88607806617995,39.252901253381474,37.86682656992884,38.877506256103516,15211900,591400737.4172211
2022-08-26 00:00:00,39.22402500352736,39.551293089080986,37.7513204544597,37.76094436645508,16179500,610953199.3770599
2022-08-29 00:00:00,37.31818455582011,38.48287293894035,37.25080613179489,38.03047180175781,13408900,509946793.34259033
2022-08-30 00:00:00,38.35847678739696,38.474249492716666,37.22007462693418,37.75068664550781,15090600,569680511.8927002
2022-08-31 00:00:00,37.81822578462107,37.84716712611678,36.7762933279961,36.863121032714844,15390300,567334491.6297913
2022-09-01 00:00:00,36.47721985865259,37.23937000115518,36.187791747577016,37.200782775878906,11370800,423002660.78796387
2022-09-02 00:00:00,37.93399688149581,38.13659364338112,36.97889575818974,37.11396026611328,10860500,403076165.4701233
2022-09-06 00:00:00,37.44196675629477,38.07870191402579,37.0560650993901,37.345489501953125,19717300,736352220.1568604
2022-09-07 00:00:00,37.16219795069047,38.754034420899025,37.04642889545739,38.69615173339844,15832400,612652952.7038574
2022-09-08 00:00:00,38.05941174961418,39.23640497421909,37.962934481871834,39.0723991394043,15754700,615573926.7215729
2022-09-09 00:00:00,39.31358656276844,40.07574041251692,39.26534976928986,39.83455276489258,12912900,514379596.3977814
2022-09-12 00:00:00,40.1915083365234,40.86683446715951,39.95032069559846,40.5677604675293,16332900,662589174.9401093
2022-09-13 00:00:00,39.16886967490317,39.95996480759148,38.92768204468768,39.10133743286133,14841600,580326409.6435547
2022-09-14 00:00:00,39.30394029151479,39.410059764036546,38.339189710458996,39.188167572021484,15239200,597196323.2635498
2022-09-15 00:00:00,39.139929353219244,40.644941529724754,39.1109880145159,39.22675704956055,15193900,596007423.935318
2022-09-16 00:00:00,38.647908629937646,39.13992979459937,38.31024372692195,38.56108093261719,20899600,805911167.0593262
2022-09-19 00:00:00,38.10765206716227,39.979267071653375,38.04011981361369,39.9310302734375,13267700,529792930.3588867
2022-09-20 00:00:00,38.811915283450354,39.168871966589315,37.52879892935179,37.68315887451172,25401500,957208760.1509094
2022-09-21 00:00:00,37.77962930476414,38.290945890357456,36.34214944533375,36.35179901123047,20455600,743597859.854126
2022-09-22 00:00:00,36.4772286931824,36.69912093324479,35.879080553641465,36.06238555908203,13519700,487552634.04312134
2022-09-23 00:00:00,35.18445576250911,35.42564341389953,33.61191124497873,34.22935104370117,17888900,612325437.8856659
2022-09-26 00:00:00,33.862745658556165,34.77925949358016,33.44790259302143,33.80486297607422,16777700,567167849.5536804
2022-09-27 00:00:00,34.29688280127609,34.42230140867063,32.86905236708847,33.48649215698242,13541700,453464030.84220886
2022-09-28 00:00:00,33.525093727923455,34.24865690190742,33.148841466289014,34.007469177246094,12046200,409660775.2029419
2022-09-29 00:00:00,32.81116749944907,33.168127884409536,31.66311556789865,32.08760452270508,14825100,475701945.80955505
2022-09-30 00:00:00,31.769235743619014,32.039364718565,30.920254233491445,30.958845138549805,16159900,500291841.554451
2022-10-03 00:00:00,31.31579814265634,32.11654276780875,30.495761747465096,31.711345672607422,14697300,466071160.75401306
2022-10-04 00:00:00,32.9944711937194,34.53807067871094,32.72433852367228,34.53807067871094,19811700,684257894.8654175
2022-10-05 00:00:00,33.168131135729354,33.78557101423864,32.61822351391753,33.611915588378906,18679400,627850416.041565
2022-10-06 00:00:00,33.361076409548254,33.93027571167341,33.16812555989275,33.4093132019043,11435800,382062223.91433716
2022-10-07 00:00:00,32.85940624797608,33.05235342077916,32.222671009124234,32.434913635253906,11193900,363073179.7416687
2022-10-10 00:00:00,31.238625950868908,31.47016403758894,30.01339222792818,31.151798248291016,22996100,716369867.697525
2022-10-11 00:00:00,30.881663328433085,31.711349386031475,30.177397712274363,30.958845138549805,16763800,518987888.1336212
2022-10-12 00:00:00,30.987786299456918,31.38333387345775,30.48611741738566,31.06496810913086,10810300,335821624.7501373
2022-10-13 00:00:00,30.187043883722282,31.807825010380597,30.167748432186936,31.605224609375,17199800,543603542.2363281
2022-10-14 00:00:00,31.90430920418938,32.049023298743485,31.30616472848155,31.730653762817383,11994100,380580634.296608
2022-10-17 00:00:00,32.512091565159345,32.753279182586006,31.894651853384065,32.38667297363281,10960500,354974129.12750244
2022-10-18 00:00:00,33.55402988476516,33.66980262445439,32.7822300213305,33.0427131652832,11144700,368251125.4131317
2022-10-19 00:00:00,32.59892477341182,32.98482281848572,32.12619534392416,32.44456481933594,10311300,334545641.22161865
2022-10-20 00:00:00,32.55068528175352,32.9462328613257,31.971832741739494,32.26125717163086,13579800,438101420.13931274
2022-10-21 00:00:00,32.319136537824356,33.775907938586066,32.14548118141164,33.76626205444336,14094700,475925333.7787628
2022-10-24 00:00:00,33.67944243284172,34.61525166845473,33.24530393795777,34.46089172363281,18575100,640114509.8556519
2022-10-25 00:00:00,35.165155902291666,36.158847723828515,34.56701163226055,35.705413818359375,25537500,911827005.3863525
2022-10-26 00:00:00,36.04307644790956,36.920999186989306,35.869421077082286,36.52545166015625,19638600,717308734.9731445
2022-10-27 00:00:00,36.69910753433406,37.27795632487703,36.09131372810235,36.814876556396484,13842600,509613610.219574
2022-10-28 00:00:00,36.85347460473078,37.50950532403688,36.74735144716192,37.480560302734375,10459800,392039164.654541
2022-10-31 00:00:00,37.191129028583596,38.262002614534396,37.00782776837516,37.866455078125,13957700,528528620.0439453
2022-11-01 00:00:00,38.51284397449305,38.68649938497824,37.480561078959816,37.96293640136719,10840600,411541008.35266113
2022-11-02 00:00:00,37.837523333766406,38.657559950217234,37.1043107466094,37.16219711303711,13324200,495156546.77352905
2022-11-03 00:00:00,36.44827465337976,37.37443797967825,36.322859731467176,37.15254211425781,12128600,450608322.2869873
2022-11-04 00:00:00,38.00152296310392,38.33918785829976,37.104304671647974,37.62527084350586,15089600,567750286.920166
2022-11-07 00:00:00,37.9725807265341,38.07870387165021,37.326195970022816,38.001522064208984,11526900,438039744.68193054
2022-11-08 00:00:00,38.07870868494963,38.11729591331669,37.152545279739904,37.67351150512695,10946400,412389326.3397217
2022-11-09 00:00:00,37.191128514532224,37.49984835915877,36.68945784695639,36.71840286254883,10526200,386505252.2117615
2022-11-10 00:00:00,37.7699921791681,39.16887777968904,37.49021358697114,38.339195251464844,20197600,774359730.0109863
2022-11-11 00:00:00,38.4549558352565,40.11432788658429,38.4163649316835,39.67053985595703,13035200,517113421.1303711
2022-11-14 00:00:00,39.564420181315505,39.73807558239364,38.51284188822298,38.522491455078125,14968900,576639322.341919
2022-11-15 00:00:00,39.26534809009783,39.911729191577344,38.59966785577449,38.821563720703125,12390000,480999174.4995117
2022-11-16 00:00:00,38.34883997310772,38.45496313797103,37.11396026611328,37.11396026611328,12032500,446573726.90200806
2022-11-17 00:00:00,36.68946704423855,38.2041253117028,36.149209020826135,37.2779655456543,26006900,969484322.1492767
2022-11-18 00:00:00,38.10763906307506,38.58036835682984,37.66385478255788,38.36812210083008,22849200,876680895.5062866
2022-11-21 00:00:00,38.04975987140271,38.31989252444069,37.625270959816234,38.1269416809082,12281900,468271285.03074646
2022-11-22 00:00:00,38.483899121562864,38.85050536360828,38.23306559609894,38.56108093261719,8394400,323697137.7807617
2022-11-23 00:00:00,38.445314486789535,38.78297944488123,38.175185464501716,38.69615173339844,9097000,352018892.3187256
2022-11-25 00:00:00,38.40672020620203,39.0434554134683,38.40672020620203,39.03380584716797,4615300,180152724.12643433
2022-11-28 00:00:00,38.51284102079071,38.94697951370787,37.9243462639823,37.991878509521484,19395400,736867680.443573
2022-11-29 00:00:00,38.22342018965476,38.628617381327054,38.14624205043205,38.348838806152344,10582400,405822751.78222656
2022-11-30 00:00:00,38.57072627416537,39.13028335571289,37.84716336679056,39.13028335571289,14805900,579359062.3363495
2022-12-01 00:00:00,39.4203509324253,40.01015809109736,39.08193511448423,39.09160614013672,12335100,482198870.89920044
2022-12-02 00:00:00,38.54047823994127,38.811207961352736,38.240739128081565,38.57915496826172,9224100,355857983.3427429
2022-12-05 00:00:00,38.16339099258327,38.30842319736605,37.409209511732094,37.50590133666992,7633200,286290046.08306885
2022-12-06 00:00:00,37.64126990797987,37.79597315469096,36.11357211934345,36.76139450073242,12775500,469645195.44410706
2022-12-07 00:00:00,36.42297600281813,37.06113099924177,36.3166205251636,36.70337677001953,11613800,426265677.13165283
2022-12-08 00:00:00,36.80974250945409,36.9934514819356,36.35530005996903,36.93544006347656,8622500,318475831.94732666
2022-12-09 00:00:00,36.59701364351118,37.28351263519859,36.529331215775414,37.012779235839844,8865500,328136794.31533813
2022-12-12 00:00:00,37.05145370710299,37.38986582518049,36.76138565040579,37.21582794189453,13873200,516302624.2034912
2022-12-13 00:00:00,38.347093825566475,38.68550593796093,37.254500352325884,37.48655700683594,12154500,455630357.1395874
2022-12-14 00:00:00,37.45755520468086,37.79596735227847,36.70337376538139,37.09013366699219,11964600,443768613.2720947
2022-12-15 00:00:00,36.53900039616375,36.54866773317386,35.95886058833895,36.37462615966797,11293600,410800477.9968262
2022-12-16 00:00:00,35.804158694665134,35.968532937208984,34.68255945103375,34.95329284667969,27530500,962281628.7155151
2022-12-19 00:00:00,35.07899067981882,35.19502087195064,34.189448003971236,34.247459411621094,12248000,419462882.87353516
2022-12-20 00:00:00,34.09275184828193,34.41182930350561,33.628642203932955,34.03474044799805,10934300,372146062.48054504
2022-12-21 00:00:00,34.53752915031104,34.8372645744591,34.2958051303641,34.711570739746094,9959900,345723773.4107971
2022-12-22 00:00:00,34.00572987555302,34.015400900874035,32.17829706191998,32.420021057128906,20227800,655785701.9393921
2022-12-23 00:00:00,32.56505857209761,32.758438515701314,32.08161055729618,32.7100944519043,10619100,347351763.9942169
2022-12-27 00:00:00,32.41035227630918,32.63273789938404,31.92690430742942,32.21697235107422,9984400,321667138.7420654
2022-12-28 00:00:00,32.21698152290382,32.39102313632154,31.443465290167474,31.45313262939453,9550900,300405724.4300842
2022-12-29 00:00:00,31.733536644385932,32.555397033691406,31.733536644385932,32.555397033691406,11634900,378778788.94729614
2022-12-30 00:00:00,32.22664703216361,32.64240893922744,32.129955214368536,32.52638244628906,11807400,384052008.0963135
2023-01-03 00:00:00,32.893811816995125,33.20321833085193,32.294337157449625,32.70043182373047,11793300,385646002.62680054
2023-01-04 00:00:00,33.15486596050478,33.793017196744415,32.961486015616714,33.541622161865234,11326300,379902475.0919342
2023-01-05 00:00:00,33.067849618996014,34.266798799472085,32.990496155266634,33.841365814208984,11932000,403795176.8951416
2023-01-06 00:00:00,33.54162650048778,34.8179291380573,33.40626162808133,34.72124099731445,9783500,339695261.29722595
2023-01-09 00:00:00,35.320710793906386,35.620449891021586,34.66322119846479,34.73090362548828,11617900,403500165.2305603
2023-01-10 00:00:00,34.943625088861324,35.910521206155394,34.71157208622369,35.88151550292969,10280400,368876331.97631836
2023-01-11 00:00:00,36.113566097729745,36.848409163391224,35.920189837896885,36.56800842285156,15190300,555479018.3456421
2023-01-12 00:00:00,36.87741410215981,37.331856417885014,36.57767869256715,37.061126708984375,15318500,567720869.4915771
2023-01-13 00:00:00,35.27236682739056,35.514090835545716,34.624548255974254,35.30137252807617,21242800,749899996.3394165
2023-01-17 00:00:00,35.291715917696735,35.91052897651789,35.01131509778816,35.398075103759766,13916100,492603152.9514313
2023-01-18 00:00:00,35.83317040026468,36.28760905415064,35.21435380479194,35.23369216918945,11322700,398940526.3240814
2023-01-19 00:00:00,34.469845668522574,34.82759617437677,33.96705927975725,34.54719543457031,11403600,393962397.857666
2023-01-20 00:00:00,34.498848867232525,34.81792262270976,34.11208899980178,34.179771423339844,17187200,587454567.4072266
2023-01-23 00:00:00,34.50852010215421,35.38839539595367,34.35381687538999,35.23369216918945,17001900,599039710.8913422
2023-01-24 00:00:00,34.80826794517332,35.44641937663149,34.63422631037411,35.00164794921875,12072100,422543394.2077637
2023-01-25 00:00:00,34.79859055776003,35.34004998665771,34.20878337549729,35.1176643371582,13715600,481659836.98272705
2023-01-26 00:00:00,35.7654923306958,35.94920128225172,35.03064914763947,35.27237319946289,19559000,689892347.4082947
2023-01-27 00:00:00,35.36905993225813,36.9741072573464,35.233691384490385,36.69370651245117,21995400,807092752.2239685
2023-01-30 00:00:00,35.533428662219656,36.04588237147704,35.02097495296227,35.08865737915039,23596800,827980030.4443359
2023-01-31 00:00:00,37.64125986116402,38.41477588826062,37.061123762945414,38.018348693847656,47396300,1801929060.1982117
2023-02-01 00:00:00,38.144051697768724,38.52114058479413,37.28351476308698,37.99901580810547,25569500,971615834.7053528
2023-02-02 00:00:00,38.94656829830506,40.65797459933393,38.59848516068354,40.126182556152344,28757000,1153908631.767273
2023-02-03 00:00:00,39.304326760427514,40.599967643068254,38.97558194875999,39.768436431884766,18566700,738368628.6998749
2023-02-06 00:00:00,39.54604463127417,40.232539849738984,39.4203471288292,39.97147750854492,14285700,571020536.2438202
2023-02-07 00:00:00,39.89413430673397,40.39692075718228,39.39135154470183,40.029502868652344,11542500,462040536.8614197
2023-02-08 00:00:00,39.720082212191535,40.70631270666367,39.623390416762504,40.1938591003418,12318500,495128053.3275604
2023-02-09 00:00:00,40.69665576780062,41.56686370689318,40.11651960068277,40.25188446044922,20848900,839207513.9274597
2023-02-10 00:00:00,39.874799914435314,40.25188883286528,39.60406647707784,39.98115539550781,11447400,457680278.27453613
2023-02-13 00:00:00,39.38167804958788,40.686990008880194,39.37201071140762,40.62897491455078,12854800,522277346.7315674
2023-02-14 00:00:00,40.31956460531681,41.315466321514535,40.309893579643976,41.02539825439453,13012400,533838892.2454834
2023-02-15 00:00:00,40.74499217081062,41.55718486507727,40.657971393267225,41.52817916870117,11660100,484222721.92497253
2023-02-16 00:00:00,40.98672622335262,42.18567904344224,40.83202299060712,41.673221588134766,14549600,606328704.8187256
2023-02-17 00:00:00,41.576535183757606,41.74090576171875,40.79334796060584,41.74090576171875,13034100,544055139.7888184
2023-02-21 00:00:00,41.02540058646678,41.65388450796569,39.72975970382604,39.768436431884766,12320100,489951113.6844635
2023-02-22 00:00:00,39.865121741520326,40.097178405029304,39.284985615371184,39.536376953125,9870000,390224040.52734375
2023-02-23 00:00:00,39.69108440227781,39.89413169925998,37.58325059672671,37.9506721496582,19930700,756383461.4131927
2023-02-24 00:00:00,37.62192559691838,38.01835283450708,37.186821631658646,37.88298797607422,12929600,489811881.3354492
2023-02-27 00:00:00,38.22140453026282,38.6855142505941,37.84431561301965,38.008689880371094,17310600,657953227.0431519
2023-02-28 00:00:00,37.91198862899136,37.94099801508943,37.21582606569748,37.457550048828125,17166700,643022524.4232178
2023-03-01 00:00:00,37.399540434908715,38.02802435833328,37.360863706731486,37.43821716308594,14164800,530304858.4716797
2023-03-02 00:00:00,37.22500216236136,38.339524668417695,36.94394814646765,38.310447692871094,12908600,494534245.0881958
2023-03-03 00:00:00,39.143925439997815,40.07430754331359,39.008245178723826,39.74479675292969,13429700,533760696.9528198
2023-03-06 00:00:00,39.754482829783704,39.919236345459296,39.00823783623208,39.20206832885742,9810000,384572290.3060913
2023-03-07 00:00:00,38.97916419587802,39.1826845475987,38.39767272337864,38.513973236083984,12126900,467055102.03666687
2023-03-08 00:00:00,38.47520534044883,38.785332638449695,38.155384484817866,38.53335189819336,10674800,411335824.8428345
2023-03-09 00:00:00,38.300759505867056,38.475206578733065,36.59505561495698,36.65320587158203,15604100,571940289.7407532
2023-03-10 00:00:00,36.53690629504031,36.61443626767398,35.14132981754564,35.393310546875,14139400,500440175.1464844
2023-03-13 00:00:00,34.52107712250501,35.18979211994371,33.7845257059597,34.65675735473633,21584200,748038382.0960999
2023-03-14 00:00:00,35.33516614181637,35.53868651279276,33.99774339224914,34.5016975402832,18938200,653400048.3573914
2023-03-15 00:00:00,33.542242146628936,33.55193200840335,32.59247672133031,33.27088165283203,17992100,598613029.7859192
2023-03-16 00:00:00,32.80568499364738,33.842673901004005,32.7184614548506,33.542240142822266,23883900,801119509.3471527
2023-03-17 00:00:00,33.222424861487326,33.222424861487326,32.098212226063886,32.35019302368164,27743500,897507580.1525116
2023-03-20 00:00:00,32.41802542283127,33.19334365941583,32.24357835747362,32.58277893066406,14938800,486747617.8894043
2023-03-21 00:00:00,33.56163048045362,34.23034195106773,33.39687323009334,34.017127990722656,13685100,465527798.2658386
2023-03-22 00:00:00,34.04619800036638,34.230334939394346,32.98013211402181,32.999515533447266,12929700,426673835.9928131
2023-03-23 00:00:00,33.30964637557492,33.687613851850514,32.14666696602795,32.6990852355957,12585400,411531067.32406616
2023-03-24 00:00:00,32.42771859361111,32.737845919903144,31.972221162687458,32.670005798339844,11912100,389168376.07040405
2023-03-27 00:00:00,33.26118613596488,33.47440005254453,32.7087716221078,33.387176513671875,11318400,377889418.65234375
2023-03-28 00:00:00,33.396862102887525,33.58100271529154,32.99951129818606,33.164268493652344,12214200,405075008.23516846
2023-03-29 00:00:00,33.81360186104028,34.627687020676234,33.6391547770462,34.59861373901367,13290000,459815576.5914917
2023-03-30 00:00:00,35.13164242477367,35.35454619513804,34.763364862123844,34.87966537475586,9300200,324387863.91830444
2023-03-31 00:00:00,35.15102336177628,35.58714101083234,35.015343136960816,35.54837417602539,10872700,386506807.90367126
2023-04-03 00:00:00,35.25762698721962,35.68405103889428,34.879659625983905,35.15102005004883,10887900,382720791.20292664
2023-04-04 00:00:00,35.38362388960473,35.41270086989522,34.20126477306254,34.63738250732422,11279900,390706210.94436646
2023-04-05 00:00:00,34.18187810742006,34.28848506534403,33.33871969921753,34.00743103027344,10949400,372360965.322876
2023-04-06 00:00:00,33.920204672458226,34.00742820378205,33.40655704188957,33.52285385131836,10068100,337511444.8604584
2023-04-10 00:00:00,33.2902555248174,34.63737528925772,33.20303199614153,34.627681732177734,11530400,399271021.44470215
2023-04-11 00:00:00,34.77305553470079,34.86027906343283,34.249714362308566,34.31755447387695,16410500,563168227.6935577
2023-04-12 00:00:00,34.879658022940596,34.94749812583894,33.46469832689764,33.55192184448242,12027400,403542384.7923279
2023-04-13 00:00:00,33.4937910344886,33.619777743632774,32.67970572020211,33.46471405029297,16066200,537650788.8748169
2023-04-14 00:00:00,33.67791851147843,34.20125971519796,33.1933441444068,33.425941467285156,9162900,306278559.07058716
2023-04-17 00:00:00,33.31933764909224,34.065582688216956,33.270880947228946,34.05588912963867,10248900,349035402.1007538
2023-04-18 00:00:00,34.35632520049625,34.47262201964485,33.9880476266816,34.240028381347656,9444600,323383372.0504761
2023-04-19 00:00:00,33.794210992716444,33.80390454914043,33.164266614474165,33.513160705566406,11002300,368721848.0308533
2023-04-20 00:00:00,32.25327207051606,32.68938978600273,31.826847913712108,32.505252838134766,15294800,497161341.1087036
2023-04-21 00:00:00,32.49555493672659,32.728152252904835,31.952834027325544,32.51493835449219,12358700,401842368.6416626
2023-04-24 00:00:00,32.72815882710845,33.33872366983954,32.524638445201305,33.23211669921875,16836800,559522502.4414062
2023-04-25 00:00:00,32.9413662172751,33.028589748890475,31.67178007865332,31.894683837890625,34044400,1085835374.4506836
2023-04-26 00:00:00,31.884996506200366,32.09820672494009,31.090294798238755,31.225975036621094,18780900,586451914.5652771
2023-04-27 00:00:00,31.361658030787165,31.807465623791096,30.85770017464855,31.710552215576172,19730100,625652366.2685394
2023-04-28 00:00:00,31.41980825721127,32.27266039749321,31.41011839406476,32.02068328857422,15510700,496663212.28408813
2023-05-01 00:00:00,32.95105941596164,33.22241989869717,32.40833475348128,32.44710159301758,16892300,548106174.2397308
2023-05-02 00:00:00,32.17574124959338,32.37926161252621,31.50702620422934,32.059444427490234,14527600,465746784.8648071
2023-05-03 00:00:00,31.749313441358566,32.35987822782969,31.37134599635574,31.47795295715332,13494400,424776088.38500977
2023-05-04 00:00:00,31.303505561980767,31.662089583521315,30.586335670395037,30.712326049804688,14807400,454769696.7498779
2023-05-05 00:00:00,31.32288819865984,32.36957065311207,31.21628124159424,32.23388671875,17191100,554135969.9707031
2023-05-08 00:00:00,32.35987330134091,32.699077551966106,32.10789627536995,32.621543884277344,11267400,367559983.56170654
2023-05-09 00:00:00,32.29203985209544,32.53432706809076,32.0400627741445,32.253273010253906,11841900,381940033.66012573
2023-05-10 00:00:00,32.82506917809602,32.92198627735641,31.594249745059027,32.059444427490234,15418400,494305337.9608154
2023-05-11 00:00:00,31.836538743851506,32.2532730516592,31.836538743851506,32.098209381103516,12319500,395433890.47050476
2023-05-12 00:00:00,32.22419806295804,32.25327134433276,31.138752426526278,31.400423049926758,13035500,409320214.66732025
2023-05-15 00:00:00,31.390723214016973,31.468256878190328,31.129052642944778,31.371339797973633,18841100,591070550.267601
2023-05-16 00:00:00,31.070911472429962,31.245358550020743,30.528186820257613,30.566953659057617,11069600,338363950.2243042
2023-05-17 00:00:00,30.82862315863696,31.58455989663716,30.66386778683582,31.439186096191406,11269500,354303907.71102905
2023-05-18 00:00:00,31.284123378759595,31.94314488585944,31.255050096596477,31.884998321533203,14241000,454074261.09695435
2023-05-19 00:00:00,32.098204681206916,32.146661377971135,31.487643647361576,31.65239715576172,12603900,398943648.5115051
2023-05-22 00:00:00,31.70085385854478,31.91406776075861,31.39072656278411,31.846227645874023,8866400,282361392.79937744
2023-05-23 00:00:00,31.98190963618607,32.795994756623905,31.923759378651514,32.38895034790039,17717900,573864183.3690643
2023-05-24 00:00:00,31.981910794695537,32.02067763445619,31.022451844170572,31.284122467041016,13357500,417877665.85350037
2023-05-25 00:00:00,31.16781950368396,31.633010398125975,31.13874622809652,31.410106658935547,10492700,329576826.140213
2023-05-26 00:00:00,31.61362328924442,32.45678515287551,31.35195274849768,32.26295471191406,13656800,440608719.90966797
2023-05-30 00:00:00,32.660309787049314,33.22241407373347,32.29203227004398,32.3307991027832,12671700,409686186.9907379
2023-05-31 00:00:00,31.93344780156104,32.030361184858236,30.87707565678377,31.410106658935547,17934200,563315134.8426819
2023-06-01 00:00:00,31.575326528004926,32.362520620901364,31.235177682696822,32.09040451049805,12466700,400061445.911026
2023-06-02 00:00:00,32.7123855710298,33.509300196900746,32.52773588704151,33.3149299621582,15316600,510271456.25839233
2023-06-05 00:00:00,33.48014216356145,33.48014216356145,32.712381862387446,33.169151306152344,10067800,333940381.52008057
2023-06-06 00:00:00,33.0428169437933,34.38396761073362,33.02337954777338,34.24790954589844,15596900,534161220.39642334
2023-06-07 00:00:00,34.393682184116244,35.43355870504237,34.23818673352833,35.2003173828125,23167200,815492792.8710938
2023-06-08 00:00:00,35.180873731508825,35.41411501225907,34.675512680145545,34.84072494506836,16196100,564283865.2828217
2023-06-09 00:00:00,36.43456330585636,37.09541617517831,35.21003341674805,35.21003341674805,24318900,856269281.6585541
2023-06-12 00:00:00,35.24890894935279,35.97779456772492,35.23918839835094,35.63764572143555,14901900,531068632.7762604
2023-06-13 00:00:00,35.919484015698245,36.77471088482557,35.919484015698245,36.59006118774414,16449900,601902847.5322723
2023-06-14 00:00:00,36.77471781373018,36.901059055171594,35.99724038044616,36.308231353759766,14879200,540237435.9588623
2023-06-15 00:00:00,36.142998728765264,37.18287501373068,36.13328188725388,36.9593505859375,15692500,579984609.0698242
2023-06-16 00:00:00,37.04682617284633,37.17316738763375,36.59006036251405,36.89133071899414,14523200,535780174.2980957
2023-06-20 00:00:00,36.63865508347976,36.774713153650126,35.88061143819516,36.269351959228516,14380100,521556908.108902
2023-06-21 00:00:00,36.25962817249457,36.25962817249457,35.84173348994722,35.96807098388672,9085800,326798699.34539795
2023-06-22 00:00:00,35.74455035104502,35.919483200014575,35.336376174985425,35.6279296875,8616300,306980930.56640625
2023-06-23 00:00:00,34.91847614685162,35.414116672154535,34.79213495126323,35.16143798828125,10201800,358709958.06884766
2023-06-26 00:00:00,35.015665491243325,35.948641942168805,35.015665491243325,35.666805267333984,11904900,424609750.02708435
2023-06-27 00:00:00,35.96807333593439,36.46371762313632,35.42384112385874,36.424842834472656,9125200,332383975.8331299
2023-06-28 00:00:00,36.44427949715516,37.134290299215046,36.356813078069834,37.11485290527344,12882100,478117246.61102295
2023-06-29 00:00:00,37.250913958485796,37.53274689705037,36.93020252546934,37.12457275390625,10460300,388334168.37768555
2023-06-30 00:00:00,37.231479649471176,37.76599504147847,36.930205585068784,37.47444152832031,11613700,435216921.5774536
2023-07-03 00:00:00,37.649374321074774,38.03811110226654,37.542470501373224,37.86317825317383,5578300,211212167.24967957
2023-07-05 00:00:00,37.999243106343,38.42685846160821,37.81459338030875,38.31023406982422,12110000,463936934.5855713
2023-07-06 00:00:00,37.82430347284701,38.358822571495864,37.513312564889894,38.34910202026367,13108100,502683864.19181824
2023-07-07 00:00:00,38.426847838823356,38.854459368574176,38.2130402202961,38.494876861572266,10608500,408372901.1859894
2023-07-10 00:00:00,38.46572030911884,38.630932580902574,38.08669672437885,38.52402877807617,10507300,404783527.57987976
2023-07-11 00:00:00,38.45600137779767,38.971079314215686,38.05754409150562,38.84474182128906,11395900,442670793.321228
2023-07-12 00:00:00,39.690252668791324,39.816593883811606,39.24320370155532,39.27235794067383,14534200,570792304.7813416
2023-07-13 00:00:00,39.5736327781342,39.88462369248737,39.27235870790901,39.359825134277344,12446400,489888127.55126953
2023-07-14 00:00:00,39.46672895620577,39.55419538257411,38.81558918050723,38.8739013671875,11047700,429467200.13427734
2023-07-17 00:00:00,38.36853631797637,38.42684849874988,37.42584311897536,37.659088134765625,16143000,607930659.7595215
2023-07-18 00:00:00,37.64937664577612,38.08670508820717,37.46472323405216,38.02839660644531,13304800,505960211.1694336
2023-07-19 00:00:00,38.1936126889963,38.4657325575596,38.05755460836698,38.12558364868164,12775300,487065768.78700256
2023-07-20 00:00:00,37.87289500259216,38.22276066565687,37.629933148497635,38.154727935791016,10626400,405447400.93688965
2023-07-21 00:00:00,38.52403956218594,38.55319380482581,37.260638381296666,37.464725494384766,13621900,510340744.21195984
2023-07-24 00:00:00,37.77571259427568,38.368540182960565,37.668808772407374,38.193607330322266,18209200,695475034.5993042
2023-07-25 00:00:00,36.6678092457829,37.688248477160414,36.06526477605688,36.85245895385742,30599100,1127652076.7749786
2023-07-26 00:00:00,36.89133228962423,37.36753922267936,36.58034136867957,37.21204376220703,15673500,583242967.9069519
2023-07-27 00:00:00,37.63965307157537,38.3393844549652,37.44528283093331,37.87289810180664,17589300,666157766.5821075
2023-07-28 00:00:00,37.659091927589124,37.882616415444126,36.67752754985159,36.978797912597656,17473700,646156421.0853577
2023-07-31 00:00:00,37.0759833648489,37.28978729248047,36.73583451769654,37.28978729248047,12138200,452630896.1135864
2023-08-01 00:00:00,36.96907953726461,37.280070438556315,36.833021481362486,37.04682540893555,10232100,379066822.2667694
2023-08-02 00:00:00,36.57062066058694,36.76499089246781,36.21103443405101,36.33737564086914,15516400,563825255.3939819
2023-08-03 00:00:00,36.14300302995495,36.14300302995495,35.59877086527599,35.8806037902832,14754800,529411132.8048706
2023-08-04 00:00:00,35.81257860538078,36.0458236347273,35.34609225399172,35.540462493896484,12408900,441018045.0405121
2023-08-07 00:00:00,35.79314343724428,36.055538986861166,35.33637394845968,36.04582214355469,9910700,357239329.51812744
2023-08-08 00:00:00,35.258624352563835,35.841735047821004,35.08369151471707,35.802860260009766,10281700,368114268.3353424
2023-08-09 00:00:00,35.47243418200357,35.773708245302096,35.19059751381824,35.23918914794922,8254500,290881886.8217468
2023-08-10 00:00:00,35.278063933962166,35.336376119294805,33.0428153984678,33.19831085205078,25601500,849926555.2787781
2023-08-11 00:00:00,33.071963489723196,33.20802152290342,32.479136024606476,32.93590545654297,20519900,675841486.3777161
2023-08-14 00:00:00,32.50829176266864,33.246894053013364,32.47913382374629,33.110836029052734,15853800,524932572.23739624
2023-08-15 00:00:00,32.654071794779895,32.82900462678045,32.28477244482646,32.362518310546875,13365800,432550947.2351074
2023-08-16 00:00:00,32.21674569107899,32.343083195185464,31.789130423937213,31.896034240722656,15254600,486561243.92852783
2023-08-17 00:00:00,32.1389960741227,32.39167849664121,31.837722018751847,31.99321746826172,11476100,367157362.9875183
2023-08-18 00:00:00,31.662785407496923,32.26532966869561,31.653064858838757,32.18758010864258,11779900,379166474.9217987
2023-08-21 00:00:00,32.313928999392424,32.46942444929283,32.051529732565996,32.33336639404297,10766100,348104255.934906
2023-08-22 00:00:00,32.52773971496475,32.537456559558635,31.925191545623516,32.0029411315918,8633800,276306993.14193726
2023-08-23 00:00:00,31.915472462013945,32.62492070133408,31.837722881500152,32.615203857421875,10262700,334720052.6275635
2023-08-24 00:00:00,32.45970101751199,32.63463382655811,31.837715636846216,31.9543399810791,7875600,251659599.95498657
2023-08-25 00:00:00,32.13899002311515,32.362514457994756,31.14770532888607,32.022369384765625,14298000,457855837.4633789
2023-08-28 00:00:00,32.323638131432304,32.508291482906714,32.00293046447124,32.18758010864258,7393500,237978873.5332489
2023-08-29 00:00:00,32.28477170139426,32.56660462885757,32.14871365903882,32.51801300048828,7511900,244272061.85836792
2023-08-30 00:00:00,32.51801835121933,32.751263395996645,32.41111452683407,32.449989318847656,7856500,254943341.0835266
2023-08-31 00:00:00,32.65462875366211,33.161355782922975,32.44024695778856,32.65462875366211,10168400,332045327.0187378
2023-09-01 00:00:00,32.73259137898399,32.97620995021271,32.41101308064637,32.683868408203125,8804800,287774924.5605469
2023-09-05 00:00:00,32.50846357432569,32.62539945066747,32.186885267730176,32.430503845214844,9169600,297374748.05908203
2023-09-06 00:00:00,32.20637312232522,32.55718444604368,31.69964606776792,31.98224449157715,11731900,375212494.15073395
2023-09-07 00:00:00,31.582706950602784,31.787345629282825,31.20266262810446,31.738622665405273,12291800,390124802.07862854
2023-09-08 00:00:00,31.767852899306646,32.28432667937822,31.709386834738062,32.10892105102539,12121900,389221130.0884247
2023-09-11 00:00:00,32.235604888323635,32.420753628374946,31.670408128182252,31.787343978881836,11777000,374359550.0392914
2023-09-12 00:00:00,31.923774456358615,32.90799552013897,31.923774456358615,32.61565399169922,15578400,508099704.1442871
2023-09-13 00:00:00,33.07365190079383,33.42446319580287,32.576671711080316,32.80080032348633,14287400,468638154.54177856
2023-09-14 00:00:00,32.74233053521017,32.93722611214008,32.186880557220505,32.80080032348633,11797300,386960881.65626526
2023-09-15 00:00:00,32.683866442228705,33.71680674301826,32.566926858599416,33.08340072631836,19709700,652063903.295517
2023-09-18 00:00:00,32.8885021432214,33.08339771420155,32.45973486092413,32.48896789550781,10471500,340208227.31781006
2023-09-19 00:00:00,32.59615949148915,33.434207814909705,32.49870985078694,33.0931396484375,9546700,315930276.2817383
2023-09-20 00:00:00,33.21008509523385,33.25880806554673,32.31356682871448,32.35254669189453,10807900,349663089.3913269
2023-09-21 00:00:00,32.069943251857275,32.58641334770691,31.8555577551693,31.87504768371582,11338000,361399290.63797
2023-09-22 00:00:00,32.15764657077703,32.722843355427344,31.670409501522837,31.748369216918945,14272000,453112725.4638672
2023-09-25 00:00:00,31.553471380195948,32.34279299662677,31.446278637884706,32.21611404418945,7283400,234642845.02944946
2023-09-26 00:00:00,31.777601141198236,32.16738855258784,31.387810012484927,31.436532974243164,8250800,259376546.2638855
2023-09-27 00:00:00,31.582708376112244,31.71913416805662,31.15393921172161,31.52423858642578,8339100,262883777.99606323
2023-09-28 00:00:00,31.465769073371895,32.54743590168805,31.25138358528801,32.313560485839844,12673800,409535602.885437
2023-09-29 00:00:00,32.45973166217446,32.56692068419295,31.923767965464723,32.12841033935547,13587900,436557626.8501282
2023-10-02 00:00:00,32.001730611381525,32.216116109749485,31.33908790490219,31.641176223754883,10966100,346980302.5873184
2023-10-03 00:00:00,31.2318982804747,31.36832407769508,30.51078757441227,30.57900047302246,13060900,399389267.27809906
2023-10-04 00:00:00,30.549761372475867,30.69593210601024,29.848138877652133,30.2476749420166,13412200,405687865.85731506
2023-10-05 00:00:00,29.994318097873922,30.34512756414456,28.96137405416348,29.536314010620117,25255400,745951424.8638153
2023-10-06 00:00:00,29.331671371496025,30.559508985223232,29.107542770068378,30.111249923706055,22422200,675160468.0393219
2023-10-09 00:00:00,29.71171467788339,30.47180513456215,29.55579897271777,30.198951721191406,9112000,275172848.0834961
2023-10-10 00:00:00,30.10150699651218,30.8518525654557,29.926101345729332,30.67644691467285,11985700,367678689.7851944
2023-10-11 00:00:00,30.920064603253,31.163683142878998,29.99431526787137,30.189208984375,10673700,322230559.93652344
2023-10-12 00:00:00,29.906611080091242,29.916356044270994,29.26345831352256,29.54605484008789,11355500,335510225.73661804
2023-10-13 00:00:00,29.234222027471734,29.45835061693686,28.78596484854149,28.90290069580078,16710500,482981922.07717896
2023-10-16 00:00:00,29.14652333272977,29.409631814247785,28.893159816304507,29.292694091796875,14711500,430939469.1314697
2023-10-17 00:00:00,29.039327540289374,29.828652902346064,29.019839470802744,29.55579948425293,19812300,585568366.1218643
2023-10-18 00:00:00,29.078306454136587,29.224477193188964,28.70800526596465,28.727495193481445,14318900,411346130.92594147
2023-10-19 00:00:00,28.357196932105808,29.195243401615098,28.31821707560396,28.58132553100586,18053800,516001534.8716736
2023-10-20 00:00:00,29.117284321550667,29.477840544367332,28.698262033766134,28.90290069580078,21643500,625559931.2095642
2023-10-23 00:00:00,28.581325283632257,29.13677522334312,28.46438757380068,28.474132537841797,17917700,510190964.57328796
2023-10-24 00:00:00,27.66532152242525,29.01984190371252,27.295022149868977,27.830982208251953,26058100,725222517.4808502
2023-10-25 00:00:00,27.821235939694777,28.39617583070171,27.002677513809036,28.269495010375977,24400400,689786986.051178
2023-10-26 00:00:00,29.04907328307914,29.448607527523954,27.704299802036427,27.82123565673828,22788200,633995882.3928833
2023-10-27 00:00:00,27.762765202012407,27.899190972965723,26.42773680683907,26.525182723999023,25825600,685028758.9569092
2023-10-30 00:00:00,26.84676413608499,27.012424828562995,26.10616536123728,26.6616153717041,23227300,619277338.7231827
2023-10-31 00:00:00,26.798036709290724,27.587360179211807,26.6421210080387,27.48016929626465,17507200,481100819.90356445
2023-11-01 00:00:00,27.996642101937272,28.06485499558377,27.022167944331418,27.285276412963867,17364000,473781539.6347046
2023-11-02 00:00:00,27.714044251956988,28.12332345314043,27.441190831614072,28.06485366821289,15531400,435886468.2624817
2023-11-03 00:00:00,28.630051300152928,29.292694056361718,28.58132833341018,29.01009750366211,17424100,505474839.91355896
2023-11-06 00:00:00,29.01009225434749,29.05881521227392,28.25000184352791,28.366939544677734,12412100,352093290.3224945
2023-11-07 00:00:00,28.07460186351202,28.211029518716053,27.343746195759394,27.684812545776367,18254100,505361336.6918564
2023-11-08 00:00:00,27.616598795125956,27.636088725076704,26.817530253765405,26.856508255004883,18282600,491006797.8229523
2023-11-09 00:00:00,27.00267819267275,27.00267819267275,25.95024616988401,25.969736099243164,16045900,416707788.4748459
2023-11-10 00:00:00,26.028201349733507,26.310799720369197,25.628667132302322,26.164628982543945,16946700,443404117.9784775
2023-11-13 00:00:00,26.047691536540615,26.41799272529228,25.959988721239526,26.21335220336914,16394300,429749560.0276947
2023-11-14 00:00:00,26.74931374964763,27.694552920820737,26.71033389500374,27.48016929626465,24219700,665561456.3047409
2023-11-15 00:00:00,27.353488539540802,27.509404251692462,27.022167186553048,27.421701431274414,19628900,538257835.2243423
2023-11-16 00:00:00,27.217059428109632,27.470422894041555,26.720077459396435,26.778545379638672,16692000,446987479.4769287
2023-11-17 00:00:00,27.148851565930734,27.314512252807617,26.827275157129964,27.314512252807617,19919800,544099621.1734772
2023-11-20 00:00:00,27.460682266802262,28.03562217283928,27.42170240804492,27.792003631591797,19348500,537733582.2658539
2023-11-21 00:00:00,27.528896315091263,27.840727763575398,26.992936245341916,27.187829971313477,19693500,535423529.54006195
2023-11-22 00:00:00,27.343742998068123,27.626341382042032,27.12935936304995,27.382722854614258,11338100,310468049.9979019
2023-11-24 00:00:00,27.450935044046837,27.772511417694727,27.402212083269994,27.46068000793457,6941400,190615564.20707703
2023-11-27 00:00:00,27.30476530412393,27.792002364403107,27.226807448825735,27.772512435913086,19878800,552084220.211029
2023-11-28 00:00:00,27.714045124259314,28.259750123459398,27.60685237384679,28.152557373046875,18156700,511157538.4552002
2023-11-29 00:00:00,31.056491103823586,31.465770309645592,30.617977005206477,30.79338264465332,85193700,2623402203.0138016
2023-11-30 00:00:00,31.0279263752572,31.536100734897868,30.86179252168124,30.881338119506836,45236500,1396963651.843071
2023-12-01 00:00:00,30.803157488864347,31.848822737406216,30.803157488864347,31.624053955078125,31661700,1001271309.1094971
2023-12-04 00:00:00,31.926997163882398,32.67948580205371,31.85858944477056,32.317901611328125,29590100,956289940.4693604
2023-12-05 00:00:00,32.21040803663481,32.669720279264574,31.91723151646459,31.936777114868164,25717600,821337259.1293335
2023-12-06 00:00:00,32.2983564250632,32.90425497112784,32.12244979427973,32.16154098510742,21736200,699069687.160492
2023-12-07 00:00:00,32.22994905087944,32.85539319906831,32.06381707999105,32.747894287109375,20158800,660158251.3549805
2023-12-08 00:00:00,32.74789371832136,33.5394735515911,32.74789371832136,32.98243713378906,20280200,668890421.560669
2023-12-11 00:00:00,32.73812468220324,33.24629900522025,32.67948789295236,32.816307067871094,23314400,765092509.5031738
2023-12-12 00:00:00,32.738121189582934,33.13879655353183,32.601305757201494,32.65993881225586,22492100,734590609.75914
2023-12-13 00:00:00,32.542673739767096,33.285391521374386,32.08336525350253,33.216983795166016,28807100,956884973.8857269
2023-12-14 00:00:00,33.83265218388386,35.49399060963107,33.76424445999497,35.42558288574219,35593100,1260906314.2105103
2023-12-15 00:00:00,35.47444443375216,35.66012573379643,34.80990907430607,34.91740798950195,34158100,1192712313.8462067
2023-12-18 00:00:00,34.96627036766075,35.33762924248009,34.62423175134117,34.634002685546875,18151800,628669489.9475098
2023-12-19 00:00:00,34.70240884432773,35.171495679762984,34.565593403967924,35.054222106933594,11875400,416282909.2086792
2023-12-20 00:00:00,34.917407741802684,35.57217216246856,34.65354778672312,34.66332244873047,16585400,574905068.1411743
2023-12-21 00:00:00,35.01513654240889,35.49399060963107,34.878317366689764,35.42558288574219,18421900,652606545.362854
2023-12-22 00:00:00,35.28877043604687,35.787170142143665,35.02491045236915,35.2008171081543,15027600,528983799.1744995
2023-12-26 00:00:00,35.200816353320334,35.59171712495036,35.200816353320334,35.30831527709961,10733900,378995925.3528595
2023-12-27 00:00:00,35.27899468947424,35.43535574226527,34.888093921467416,35.25945281982422,11128500,392384820.7054138
2023-12-28 00:00:00,35.18126819291788,35.41581162116484,35.09331487331793,35.3767204284668,9719400,343840496.5324402
2023-12-29 00:00:00,35.3083152916337,35.630808335162676,35.04445531350549,35.10308837890625,14127700,495925901.6906738
2024-01-02 00:00:00,34.82945007758808,35.79693645882811,34.63399786918253,35.230125427246094,17501300,616572994.1398621
2024-01-03 00:00:00,34.702404651674385,34.80990354980968,33.91082863438847,34.467864990234375,20308800,700000976.5136719
2024-01-04 00:00:00,34.849004769573604,35.161726893491405,34.47764584944304,34.6828727722168,20138000,698443691.8869019
2024-01-05 00:00:00,34.702410487326354,35.77739592151111,34.63400276390766,35.1714973449707,15019200,528247752.923584
2024-01-08 00:00:00,35.01513588641219,36.01193519524446,35.005361224358985,35.86534881591797,13774800,494038006.86950684
2024-01-09 00:00:00,35.52330688794048,35.89466576351273,35.366945844742894,35.708988189697266,13892800,496097831.1218262
2024-01-10 00:00:00,35.73830004670538,35.787162167325775,35.17149273721533,35.484214782714844,16042600,569259064.0731812
2024-01-11 00:00:00,35.28877087042678,35.42558633151229,34.80014209344041,35.044456481933594,14628200,512637318.309021
2024-01-12 00:00:00,34.85877095015005,35.298537541906036,34.39946249026382,34.45809555053711,16651500,573778978.0597687
2024-01-16 00:00:00,33.940154210113256,34.77082536305583,33.83265528331373,34.58514404296875,18287200,632465446.1425781
2024-01-17 00:00:00,34.03788034474317,34.40923550877419,33.94015235846541,34.213783264160156,15352800,525277371.69799805
2024-01-18 00:00:00,34.49718665995442,34.55582344802836,33.53947482239429,33.79356384277344,22571800,762781564.3463135
2024-01-19 00:00:00,33.803332838969204,34.84899793472471,33.55901849457884,34.70240783691406,17599000,610727675.5218506
2024-01-22 00:00:00,34.74149617856914,35.23012482729147,34.4776362609062,34.516727447509766,15127100,522137987.771225
2024-01-23 00:00:00,34.80991326895745,34.94672873098732,34.14537782943376,34.42878341674805,16822800,579188537.663269
2024-01-24 00:00:00,34.487413448269635,34.79036084679103,33.774016016220415,33.910831451416016,15483400,525054967.69485474
2024-01-25 00:00:00,34.16492599297506,34.458102537612746,33.92061158445331,34.36037826538086,21520300,739445648.3844757
2024-01-26 00:00:00,34.36036773603287,34.74149750006315,34.24309789970222,34.379913330078125,14190100,487854408.1451416
2024-01-29 00:00:00,34.39946645082337,34.80014189656781,34.13560646539043,34.58514404296875,24054800,831938722.9248047
2024-01-30 00:00:00,37.47782385449094,38.07395152947155,36.54943220637783,37.28237533569336,57982600,2161729056.139374
2024-01-31 00:00:00,37.331234317441755,38.84598257804129,37.262826596042764,37.91758728027344,34203100,1296899029.5059204
2024-02-01 00:00:00,38.28894355444015,38.4159880547033,37.653724781065364,37.985992431640625,21343000,810735036.4685059
2024-02-02 00:00:00,37.653726591790296,38.29871632946016,37.419186902423704,38.02508544921875,19818300,753592550.958252
2024-02-05 00:00:00,37.65372562386518,37.81008665540388,36.82305834280476,36.93055725097656,19722400,728359222.3266602
2024-02-06 00:00:00,36.74487531907456,37.790540398152274,36.74487531907456,37.165096282958984,16280200,605055200.5058289
2024-02-07 00:00:00,37.66350223891374,38.230309609664026,37.23350658392259,37.83940887451172,19093800,722498105.1681519
2024-02-08 00:00:00,37.956677471932615,38.054401720516246,37.546227426410894,37.770999908447266,15864500,599218028.0475616
2024-02-09 00:00:00,37.74168130883945,38.093494583895215,37.57554933336383,37.683048248291016,13066000,492366708.4121704
2024-02-12 00:00:00,37.66350826227738,38.63099118485039,37.6341879996945,38.38667678833008,18113100,695301715.3347015
2024-02-13 00:00:00,37.91758618315441,38.054401621993726,36.9696490449358,37.4387321472168,18979000,710549697.4220276
2024-02-14 00:00:00,37.70259859518708,37.86873059159623,37.184649551450015,37.497371673583984,13278500,497908849.76768494
2024-02-15 00:00:00,37.79054565533294,38.61144210270728,37.761229123336484,38.103271484375,15688600,597786985.0097656
2024-02-16 00:00:00,37.91759043972091,38.17167947860993,37.741683790625906,37.81986618041992,12396700,468841535.07881165
2024-02-20 00:00:00,37.47782436500096,38.27917523239968,37.26283024580674,38.1228141784668,16971300,646993716.2670135
2024-02-21 00:00:00,38.07395086777781,38.91439290459075,38.07395086777781,38.59189987182617,15977200,616590502.6321411
2024-02-22 00:00:00,38.65053569257628,38.89485008219805,38.26940584123699,38.4453125,11458100,440510235.15625
2024-02-23 00:00:00,38.46485402902907,39.04143607665306,38.425762836119326,38.72871398925781,15194400,588459571.8383789
2024-02-26 00:00:00,38.738484507611474,39.803695271346925,38.69939331512142,38.885074615478516,16610200,645888866.3780212
2024-02-27 00:00:00,39.315066961138456,39.676651175608235,38.94370808447305,39.266204833984375,11507700,451863705.368042
2024-02-28 00:00:00,39.148934322533485,40.14573735700786,39.13915966050283,39.705970764160156,15697500,623284476.070404
2024-02-29 00:00:00,39.960806352355014,40.519492817158195,39.83338551717661,40.1666374206543,18005200,723208340.0863647
2024-03-01 00:00:00,40.0000134936901,40.9703620988588,39.598151232552596,40.17644119262695,13079600,525491780.2230835
2024-03-04 00:00:00,40.18624036003733,40.69591995474514,39.9510021859476,40.11763000488281,14703100,589853525.7247925
2024-03-05 00:00:00,39.89219610270627,40.078423678476284,39.33350963641225,39.84318923950195,18913500,753574159.6813202
2024-03-06 00:00:00,39.84319121611081,39.931405069848445,39.03946665493867,39.35311508178711,15511200,610414038.6566162
2024-03-07 00:00:00,39.37271333047081,39.5197376607365,38.480774949686214,38.56898880004883,15428000,595042359.2071533
2024-03-08 00:00:00,38.568986725007605,39.35311145892609,38.529783479498754,38.71601104736328,12923900,500361855.1750183
2024-03-11 00:00:00,38.50038426841813,39.01986757203748,38.44157751860113,38.74542236328125,11659100,451736753.8757324
2024-03-12 00:00:00,38.794433214120545,38.833636467913564,38.18673604302097,38.4317741394043,19442500,747209768.705368
2024-03-13 00:00:00,38.67680878003653,39.66676469480455,38.559191551197266,39.46092987060547,19081300,752965841.1399841
2024-03-14 00:00:00,39.38252123854169,39.53934546305667,38.176934311523205,38.5984001159668,18012900,695269121.4488983
2024-03-15 00:00:00,38.49058587488412,40.009821373856184,38.49058587488412,39.88240051269531,82751200,3300316501.3061523
2024-03-18 00:00:00,40.07842939683383,40.107832771154875,39.52954646825691,40.00981903076172,16126600,645222347.5814819
2024-03-19 00:00:00,40.107829090772505,40.852746909749506,39.9118016279741,40.686119079589844,15936400,648390268.0999756
2024-03-20 00:00:00,40.597912496114105,42.03873778741097,40.53910574233699,41.99953079223633,16909300,710182666.0251617
2024-03-21 00:00:00,42.068132345582065,42.72483629064589,41.98972211065472,42.55820846557617,15268300,649791494.3149567
2024-03-22 00:00:00,42.440591040540475,42.793446443484655,42.14654611774834,42.20535659790039,9393800,396468678.8093567
2024-03-25 00:00:00,42.205358277759814,43.087493081246976,42.205358277759814,42.685630798339844,14644700,625118257.3524475
2024-03-26 00:00:00,42.82285658267508,43.685391732984336,42.56801860637113,43.126705169677734,15961300,688358279.2247772
2024-03-27 00:00:00,43.18551464353523,43.92062891891257,43.17571102603218,43.704994201660156,22172100,969031501.9386292
2024-03-28 00:00:00,43.74419828065015,44.6361367258185,43.71479116908387,44.44990539550781,14766400,656365083.0322266
2024-04-01 00:00:00,44.23427505207369,44.82236494586827,44.087250709132874,44.49891662597656,11008300,489857423.8937378
2024-04-02 00:00:00,44.077452679541665,44.36169402137105,43.70499373706084,43.99903869628906,13061900,574711043.5470581
2024-04-03 00:00:00,43.7833995185502,44.518513711183886,43.753996147319775,44.273475646972656,14377100,636524186.7240906
2024-04-04 00:00:00,44.80276112073038,45.126213177222965,42.75424264656368,42.813053131103516,16988600,727333834.4230652
2024-04-05 00:00:00,42.852258689146765,43.430548681356555,42.59741700363916,43.352134704589844,11210500,485999106.10580444
2024-04-08 00:00:00,43.54816716502319,43.95982933798301,43.40114282383222,43.45995330810547,8250400,358561998.77319336
2024-04-09 00:00:00,43.69518446907852,43.97942574982789,43.19530478072259,43.84220504760742,8793800,385539582.74765015
2024-04-10 00:00:00,43.028686917363885,43.665783660856036,42.646424384487496,43.06789016723633,11636400,501155197.1420288
2024-04-11 00:00:00,43.02868581747511,43.11689967065564,42.332774869502366,42.96987533569336,19563000,840619671.1921692
2024-04-12 00:00:00,42.63662632544786,42.715040306506026,41.803498341119074,42.2249641418457,11903900,502641750.64811707
2024-04-15 00:00:00,42.8620641702761,43.10710227123056,41.67608065901284,41.84270477294922,13499600,564859777.3529053
2024-04-16 00:00:00,41.64667697372826,42.06813906437042,41.29382151273978,41.81330108642578,12384900,517853552.62527466
2024-04-17 00:00:00,42.05833305589865,42.30337111931894,41.4506397055319,41.61726379394531,10663300,443777369.01397705
2024-04-18 00:00:00,41.92111594565257,41.98972631019499,41.17619807492859,41.59766387939453,14180500,589875672.6417542
2024-04-19 00:00:00,41.66626963357914,42.10733888467939,41.35262121923763,41.529048919677734,15515000,644323193.9888
2024-04-22 00:00:00,41.832899336677926,42.695434384367914,41.372226571607555,42.352378845214844,21315100,902745190.3236389
2024-04-23 00:00:00,44.97918566844593,45.04779602608615,43.489353815859396,44.204864501953125,28767300,1271654598.5870361
2024-04-24 00:00:00,44.41070682129261,44.41070682129261,43.7343992688207,44.185272216796875,15013900,663393258.5357666
2024-04-25 00:00:00,43.78340825540094,44.93998844838887,43.60698425382937,44.71455383300781,14912500,666805784.034729
2024-04-26 00:00:00,44.69494140919012,45.25362789638119,44.50871382645448,44.930179595947266,12153300,546049951.6834259
2024-04-29 00:00:00,45.08700608412716,45.2340304256474,44.63613692064213,45.12621307373047,10550300,476095085.79177856
2024-04-30 00:00:00,44.31268303907567,44.51851411753568,43.381537638776955,43.64617919921875,15951300,696213298.260498
2024-05-01 00:00:00,43.616775197245666,44.30288252117894,43.4991579739664,43.587371826171875,13986800,609647852.2583008
2024-05-02 00:00:00,44.00883980878525,44.253877884025734,43.68538775475534,43.78340148925781,13214900,578593272.3403931
2024-05-03 00:00:00,44.136255285364015,44.64593491171381,43.62657565901422,43.96963119506836,10046000,441718914.98565674
2024-05-06 00:00:00,44.20486792383492,44.636137335511044,44.06764719793228,44.16566467285156,10301600,454977011.19384766
2024-05-07 00:00:00,44.2930842024294,44.93018473777763,44.273480706374194,44.38129806518555,9135900,405463100.99372864
2024-05-08 00:00:00,43.95982969071278,44.49891645341572,43.6951918568205,44.155860900878906,7568500,334193633.228302
2024-05-09 00:00:00,44.08725024454387,44.75375411127913,43.910822530467804,44.45970916748047,9349800,415689388.7741089
2024-05-10 00:00:00,44.67534598234065,44.72435285212562,44.155862693463426,44.312686920166016,7917800,350858992.4964905
2024-05-13 00:00:00,44.65573816788885,45.06740032105133,44.18526553328138,44.273475646972656,13826400,612142783.6853027
2024-05-14 00:00:00,44.59692609771454,44.88117113942976,43.8618119312687,44.136253356933594,10894300,480833584.94644165
2024-05-15 00:00:00,44.596927562935164,44.73414828027597,44.17546179454035,44.587127685546875,11054700,492897320.42541504
2024-05-16 00:00:00,44.47931454110608,45.185021688235615,44.46951092380756,44.95958709716797,11335900,509657383.3747864
2024-05-17 00:00:00,45.15561321818151,45.165416834373616,44.68514059352979,44.85176467895508,11412800,511884219.9279785
2024-05-20 00:00:00,44.841968979941,44.998793202770486,44.175465098169575,44.21467208862305,9070700,401058026.1142731
2024-05-21 00:00:00,44.077452992185265,44.28328409120654,43.67559067262654,44.0284423828125,9911000,436365892.4560547
2024-05-22 00:00:00,43.714787053756126,43.75399403949734,42.86205567829643,43.097293853759766,11874500,511758815.86647034
2024-05-23 00:00:00,43.097298749058375,43.185512607504094,42.519008730132974,42.862060546875,10643700,456210913.84277344
2024-05-24 00:00:00,43.195305345387844,43.44034338512296,42.999274165802994,43.23451232910156,7373000,318768059.4024658
2024-05-28 00:00:00,42.83265761936446,42.901267983426706,41.95051902572926,42.234764099121094,13749200,580694218.5516357
2024-05-29 00:00:00,41.77409386067809,41.90151471843347,41.43104201939588,41.793697357177734,13262300,554280552.4600983
2024-05-30 00:00:00,41.960318661007605,42.61701886585218,41.77408734281032,42.54840850830078,9267800,394330140.37323
2024-05-31 00:00:00,42.35237623128342,44.126453083053306,42.14654516388571,44.097049713134766,32674600,1440853460.5567932
2024-06-03 00:00:00,44.06764348046497,45.04779571306776,44.06764348046497,44.8321647644043,15698500,703797738.5540009
2024-06-04 00:00:00,44.420501004039544,44.86157027757384,44.14605956227786,44.361690521240234,9505400,421675613.0805969
2024-06-05 00:00:00,44.6459434604564,44.783164205559224,43.93043261885961,44.71455383300781,24724900,1105562872.0657349
2024-06-06 00:00:00,44.67534287430938,45.06740154429836,44.52831853619836,44.70474624633789,10169800,454638328.3760071
2024-06-07 00:00:00,44.567162777073555,45.2845647512949,44.41975433968991,44.93077850341797,10811700,485778097.94540405
2024-06-10 00:00:00,44.90129574452483,46.935563008302886,44.852159596620815,46.748844146728516,18571900,868214858.6086273
2024-06-11 00:00:00,47.42692468404107,48.105016166812156,46.85693870817329,47.37778854370117,21187000,1003793205.8753967
2024-06-12 00:00:00,47.996919651566756,48.49811433593585,47.79054559028816,48.01657485961914,14222200,682901330.9684753
2024-06-13 00:00:00,47.780710539845046,47.878986568646404,46.57194350194216,46.827457427978516,19451700,910873653.6518097
2024-06-14 00:00:00,46.32626610355433,46.57195058967743,45.13715409044204,45.96265411376953,14716500,676409399.2652893
2024-06-17 00:00:00,45.97247926292249,46.70953271198011,45.90368790758493,46.58177947998047,9720600,452802845.61309814
2024-06-18 00:00:00,46.47367387755382,47.2107272658679,46.463844399688426,46.6210823059082,9691100,451809570.734787
2024-06-20 00:00:00,46.49332649267207,47.12227808249033,46.44418660377918,46.94538497924805,10118000,474993405.22003174
2024-06-21 00:00:00,46.95521355055253,47.03383437846339,46.23781536567931,46.8962516784668,16699700,783153334.154892
2024-06-24 00:00:00,46.94539089930616,47.849507986471984,46.94539089930616,47.27952194213867,46697700,2207844931.797409
2024-06-25 00:00:00,47.17142111981133,47.26969341427184,45.13715388392728,45.60886764526367,16419100,748856558.7543488
2024-06-26 00:00:00,45.10767259979461,45.3337018744004,44.73423113577962,44.979915618896484,13055900,587253280.3287506
2024-06-27 00:00:00,44.901291833572934,45.25507806582313,44.51802466491771,44.79319381713867,10409800,466288188.99765015
2024-06-28 00:00:00,45.23542335828348,45.8545492715603,45.17646148482211,45.65800094604492,15020200,685792305.8097839
2024-07-01 00:00:00,45.71696482362944,46.35574217111701,45.49093557000947,45.874202728271484,10825100,496592831.95381165
2024-07-02 00:00:00,45.59903657208438,46.267298592882916,45.569551888123044,46.13954162597656,11338300,523143964.81781006
2024-07-03 00:00:00,46.16903004370668,46.25747661223065,45.4811127050589,45.903690338134766,5440700,249748208.02268982
2024-07-05 00:00:00,45.81523700604406,46.277124990020745,45.39265943535205,45.71696472167969,11452700,523582681.86798096
2024-07-08 00:00:00,45.99212915677742,46.66039117327606,45.42214317143875,45.74644470214844,10868900,497213532.82318115
2024-07-09 00:00:00,45.648178910156886,46.03144611405601,45.392664941658936,45.461456298828125,9657500,439044014.2059326
2024-07-10 00:00:00,45.707136174793305,45.96265011750014,45.55972774524468,45.72679138183594,6711700,306904505.71746826
2024-07-11 00:00:00,46.09040798565447,47.171418152101126,46.021616634090456,47.10262680053711,16676900,785525796.8898773
2024-07-12 00:00:00,47.191073978562656,48.49811342427172,47.082972210730446,48.16398239135742,16289600,784572007.5622559
2024-07-15 00:00:00,48.6455305868699,49.13689958269688,48.31139951975365,48.44898223876953,11073400,536494959.9227905
2024-07-16 00:00:00,48.46863297846231,49.12706932154732,47.96743829843439,48.910865783691406,10192500,498523999.50027466
2024-07-17 00:00:00,48.54725484878965,49.10741516445011,48.29174088970206,49.03862380981445,9158500,449120236.16218567
2024-07-18 00:00:00,49.13689499786792,49.6282639478466,48.32122074145647,48.792938232421875,12268000,598591766.2353516
2024-07-19 00:00:00,48.68484049012135,48.70449569960781,47.3286610263392,47.466243743896484,16931000,803650972.8279114
2024-07-22 00:00:00,47.62348047480213,48.84207719042004,47.426932133722104,48.70449447631836,17064700,831127586.8900299
2024-07-23 00:00:00,48.488287070452834,48.64552498104372,45.03887876674445,45.579383850097656,41152100,1875687362.1376038
2024-07-24 00:00:00,44.50820227618171,45.79558658045549,44.341134876703656,45.6874885559082,21134900,965600501.8802643
2024-07-25 00:00:00,44.8816346848945,44.979910716739205,43.348566076590046,43.368221282958984,27256400,1182061586.5768433
2024-07-26 00:00:00,43.51563253512437,43.78097221507605,42.906336093483965,43.358394622802734,18411100,798275739.2398834
2024-07-29 00:00:00,43.368227023695276,43.50580973764266,42.906338985002385,43.387882232666016,12521500,543281367.3763275
2024-07-30 00:00:00,43.387882241562,44.19372706528858,43.387882241562,43.46649932861328,12171700,529061189.8780823
2024-07-31 00:00:00,43.545117355287196,44.30182598218322,42.91616195521374,43.5549430847168,14112000,614647356.8115234
2024-08-01 00:00:00,43.89890022651193,44.37061771785196,42.37565723013781,42.621341705322266,15919000,678489138.6070251
2024-08-02 00:00:00,41.648435850688614,41.68774252001733,40.28243068426062,40.459320068359375,21627000,875013715.1184082
2024-08-05 00:00:00,38.71987469690363,39.604336556164334,38.28746762234067,39.260379791259766,23849400,936336501.7936707
2024-08-06 00:00:00,39.32916964995322,40.43966448264158,39.09331091380314,39.90898513793945,14702000,586741899.4979858
2024-08-07 00:00:00,40.51828160386989,40.79344700562228,39.82053862151349,39.94829559326172,11245300,449230568.434906
2024-08-08 00:00:00,40.38070013575034,42.23807415197647,40.38070013575034,41.99238967895508,17717900,744016961.0927582
2024-08-09 00:00:00,41.8646284743838,43.348564640888995,41.727045783205234,42.72943878173828,14119700,603326856.76651
2024-08-12 00:00:00,42.59185866524255,42.84736885732733,42.00221745344848,42.247901916503906,9336100,394430637.0826721
2024-08-13 00:00:00,42.316698182770054,42.60168934390171,41.78601878119056,42.572208404541016,10304300,438676807.062912
2024-08-14 00:00:00,42.86702635211237,43.19133166010096,42.69996270776499,42.857200622558594,10772200,461666336.5463257
2024-08-15 00:00:00,43.997170515968335,44.409918580889936,43.849758350583706,44.08561706542969,12913900,569317250.2212524
2024-08-16 00:00:00,43.97752127333451,44.645783349015886,43.87924898231861,44.537681579589844,10592600,471769845.8999634
2024-08-19 00:00:00,44.6654387909891,45.13715253826238,44.40009910523895,44.97008514404297,9598100,431627374.2210388
2024-08-20 00:00:00,44.9111291045441,45.667837843972094,44.881644414175454,45.18629455566406,9188700,415203304.7836304
2024-08-21 00:00:00,45.45162509703677,46.110057650347116,45.45162509703677,45.75627517700195,11897000,544362405.7807922
2024-08-22 00:00:00,45.88403020829099,46.15919936355152,45.57938386514727,45.65800094604492,6629400,302685151.4717102
2024-08-23 00:00:00,46.49333445567559,47.790548269063876,46.37540320075096,47.73158264160156,12918100,616601357.7224731
2024-08-26 00:00:00,48.02639764604839,48.321218251071585,47.800368390569034,47.908470153808594,8800700,421628073.2826233
2024-08-27 00:00:00,47.72174974965838,48.60621153577148,47.72174974965838,48.399837493896484,10256500,496412933.2561493
2024-08-28 00:00:00,48.15415289104672,48.59638565716252,47.99691499074413,48.20328903198242,7397300,356574189.95628357
2024-08-29 00:00:00,48.63570211410414,48.96000368366315,48.262260648654866,48.61604690551758,8448600,410737533.8859558
2024-08-30 00:00:00,48.83224207331883,48.99930945604394,48.262256073730036,48.92068862915039,15736900,769859984.8880768
2024-09-03 00:00:00,48.30156850405447,48.99931150205652,47.289345934194195,47.5743408203125,14946800,711084157.3730469
2024-09-04 00:00:00,47.829851061107625,48.4293217707432,47.35813732619295,47.613651275634766,8293300,394874294.1242218
2024-09-05 00:00:00,47.83967458260606,48.222941710199166,47.07314032741985,47.318824768066406,14888500,704506322.5593567
2024-09-06 00:00:00,47.3582389907576,47.92965287685176,46.313932798006526,46.44200897216797,16080900,746829302.0805359
2024-09-09 00:00:00,46.629195042174615,47.18090081805896,46.35333839601871,46.698158264160156,11374300,531158861.54403687
2024-09-10 00:00:00,45.29918463196484,45.821335845473044,43.57509646547586,44.1563606262207,18918200,835358861.5989685
2024-09-11 00:00:00,44.0282797530953,44.22531913130347,43.15145846619317,44.008575439453125,15847700,697434700.9918213
2024-09-12 00:00:00,44.02828427556772,45.92970751789082,43.95932104984317,45.437110900878906,14596000,663200070.7092285
2024-09-13 00:00:00,45.62429876933581,46.3533396379194,45.48636856345556,45.614444732666016,8986300,409905084.7011566
2024-09-16 00:00:00,45.76222695839385,46.983864476966716,45.76222695839385,46.17600631713867,9928000,458435390.71655273
2024-09-17 00:00:00,46.658752593253276,47.46661075191605,46.3828996878213,46.816383361816406,8941600,418613373.4680176
2024-09-18 00:00:00,47.01341868612447,48.816320210369675,46.99371437198565,47.93949890136719,14533800,696743089.1326904
2024-09-19 00:00:00,48.75721388189243,49.121734319276584,47.48631373210379,47.90009307861328,13490200,646181835.6491089
2024-09-20 00:00:00,47.525719354004025,48.27446449666483,47.190753531657805,48.15624237060547,18091600,871223474.4720459
2024-09-23 00:00:00,46.895194535146686,47.56512620778139,46.284375807114024,47.32868194580078,14181200,671177504.40979
2024-09-24 00:00:00,47.742462978233675,48.047874232199014,46.875495642575665,47.358238220214844,9501000,449950621.33026123
2024-09-25 00:00:00,45.26962301486013,45.75236552199027,44.31398451962421,45.052879333496094,22910600,1032188497.2579956
2024-09-26 00:00:00,45.043034883631314,45.43710991375115,44.777032265238155,45.1317024230957,11892100,536710718.3856964
2024-09-27 00:00:00,45.68340671331754,46.37304269109641,45.30903601075753,45.791778564453125,13298600,608966546.4172363
2024-09-30 00:00:00,44.254877039860396,45.220369689629244,43.81154310342809,44.176063537597656,20251000,894609462.6998901
2024-10-01 00:00:00,44.48147579789596,44.80658760923317,43.722876560490576,44.21547317504883,15157200,670182770.0088501
2024-10-02 00:00:00,44.11695199472961,44.865700960204634,44.067693084472715,44.1563606262207,10730100,473802165.15541077
2024-10-03 00:00:00,43.762281978496745,44.36325045705745,43.40761556849692,44.31399154663086,9409900,416990229.0546417
2024-10-04 00:00:00,45.13170395137714,45.466669805339464,44.82629269216579,45.00362777709961,11428900,514341961.5016937
2024-10-07 00:00:00,44.747465810331214,45.437101685927864,44.58983507518454,45.29917526245117,11276700,510825209.68208313
2024-10-08 00:00:00,45.3878482937459,46.64889432794922,45.092291099256194,45.3287353515625,16608400,752837768.2128906
2024-10-09 00:00:00,45.35829567102096,47.26956911936626,44.99377148238443,47.22031021118164,17185700,811514085.1963043
2024-10-10 00:00:00,46.9148967959597,47.24986261761139,46.65874823032658,46.98386001586914,9740100,457627494.940567
2024-10-11 00:00:00,46.66860105994435,47.53557213248435,46.58978755783007,47.161197662353516,9181000,432986955.7380676
2024-10-14 00:00:00,47.0429716263561,48.04786906286807,46.92474950388807,47.909942626953125,6773900,324537160.3607178
2024-10-15 00:00:00,47.5060151093329,48.18579703293398,47.102086066344384,47.1414909362793,12532100,590781878.5625458
2024-10-16 00:00:00,47.77202363470853,48.540473187808075,47.64394745645391,48.28432083129883,10152800,490221052.53601074
2024-10-17 00:00:00,48.274463599731504,48.75720988934278,47.91979346992951,48.64883804321289,8333600,405419956.71691895
2024-10-18 00:00:00,48.904985414306715,49.013357257798916,48.37298023255234,48.45179748535156,9500100,460296921.2905884
2024-10-21 00:00:00,48.53061334450009,48.86557916879045,47.909944360425854,48.205501556396484,11492100,553982444.436264
2024-10-22 00:00:00,49.27936692014431,53.37777069847829,49.24981232521033,52.93443298339844,42657700,2258061161.8759155
2024-10-23 00:00:00,53.249690547646644,53.387616991325984,51.74234618713142,52.13642120361328,16109800,839907318.3059692
2024-10-24 00:00:00,52.855614397482896,53.49598769486092,51.702936449060616,51.93938446044922,11800700,612921094.2024231
2024-10-25 00:00:00,52.412280633645786,52.61917031015603,51.14138046385895,51.29901123046875,8445100,433225279.74243164
2024-10-28 00:00:00,51.476341750867206,52.077310169751314,51.27930237051303,51.94923400878906,11504900,597670742.3477173
2024-10-29 00:00:00,51.35812343154592,51.44679097136483,50.21529945066547,50.776859283447266,13807600,701106562.2421265
2024-10-30 00:00:00,50.73744706254371,51.94923418217805,50.73744706254371,51.20048904418945,8179600,418799520.18585205
2024-10-31 00:00:00,50.9837466723792,51.34826709387222,49.98870322185597,50.00840377807617,9364600,468308698.0201721
2024-11-01 00:00:00,50.39263344832154,51.013302455513625,50.03796329666104,50.2054443359375,10289500,516588919.4946289
2024-11-04 00:00:00,50.23500070914502,51.988643325282005,50.23500070914502,51.03300476074219,9778500,499026237.0529175
2024-11-05 00:00:00,50.895077966785216,52.94428152224918,50.74729749103429,52.90487289428711,11534000,610204803.9627075
2024-11-06 00:00:00,53.67331878263512,54.55999406180627,52.35315989932106,54.23487854003906,19150100,1038603347.529602
2024-11-07 00:00:00,54.31369854563251,55.10185230142071,53.39746863008699,54.569847106933594,10964800,598347459.5581055
2024-11-08 00:00:00,54.28414587003669,55.24963854978503,54.037847560720344,54.757041931152344,10247500,561122787.1894836
2024-11-11 00:00:00,55.338296835779836,57.35794577810699,55.1314071784785,56.806236267089844,11276500,640575523.2658386
2024-11-12 00:00:00,56.64860787470197,57.426911389212655,56.175715599081414,56.559940338134766,10219700,578025622.2736359
2024-11-13 00:00:00,56.75698144982823,57.55498554495839,56.68801822576054,56.855499267578125,10048600,571318169.9401855
2024-11-14 00:00:00,56.93431524057912,58.510622838206785,56.32349275806135,56.76683044433594,17750200,1007622593.7530518
2024-11-15 00:00:00,56.67816186016151,56.97372281769434,56.09689773960793,56.19541931152344,12625000,709467168.8079834
2024-11-18 00:00:00,56.63876320553477,56.668317801246104,55.01319279355773,55.41712188720703,12273200,680145420.3460693
2024-11-19 00:00:00,54.20532737005314,55.93926565423557,53.95902908343433,54.29399490356445,14530600,788924322.3457336
2024-11-20 00:00:00,54.18562468814832,54.66837099807495,53.77184535810868,54.05754852294922,12183700,658620953.9390564
2024-11-21 00:00:00,54.382667995081455,54.983636477165575,53.91962596628602,54.855560302734375,11326700,621332474.8809814
2024-11-22 00:00:00,54.914666976978815,58.02787713202941,54.82599944453504,57.663352966308594,14591700,841406347.4784851
2024-11-25 00:00:00,58.284030058271384,60.33323373567393,58.027881477702984,59.308631896972656,25347300,1503313685.282135
2024-11-26 00:00:00,56.796390059333184,57.45646770608528,53.91962393188489,53.978736877441406,25817300,1393585243.585968
2024-11-27 00:00:00,54.38266544758871,55.2397824801706,54.33340653918079,54.67822265625,11386800,622609985.7421875
2024-11-29 00:00:00,55.59445006574681,56.14615958578595,54.76688766479492,54.76688766479492,8064700,441678518.9502716
2024-12-02 00:00:00,54.67822076118457,54.79644288890892,53.880212943064414,54.225032806396484,10602600,574926332.8330994
2024-12-03 00:00:00,54.28414784659142,54.3925197079508,52.68813579640859,52.86547088623047,14234800,752529404.9713135
2024-12-04 00:00:00,52.82606054590953,53.032953982823976,51.97879375708205,52.56991195678711,13225700,695273884.5668793
2024-12-05 00:00:00,52.81620812342002,53.11176533216957,52.22508994770711,52.599464416503906,10017900,526936174.5780945
2024-12-06 00:00:00,53.03392057622803,53.22153134812509,52.34273112365248,52.73769760131836,8625900,454910105.73921204
2024-12-09 00:00:00,53.32027955630532,53.774488441115075,51.99714654257425,52.04651641845703,7959600,414269452.0843506
2024-12-10 00:00:00,53.093171224796,53.093171224796,51.68117103123368,52.07613754272461,7722000,402131934.10491943
2024-12-11 00:00:00,52.579713078913656,52.777196322686805,50.6542580438147,51.384944915771484,12609100,647917908.9374542
2024-12-12 00:00:00,51.74041373176289,52.0267604787291,51.28620114344631,51.64167022705078,9454900,488266827.82974243
2024-12-13 00:00:00,51.592296341056745,52.15512109071575,51.24670351817114,51.868770599365234,8849300,459002311.66496277
2024-12-16 00:00:00,51.39482100340655,51.95764583946588,50.63451290966257,51.58243179321289,11688400,602916095.7717896
2024-12-17 00:00:00,50.94061326982461,51.276333685281756,50.486404403817865,50.50615310668945,11201600,565749724.6398926
2024-12-18 00:00:00,50.61476265519626,51.20721241008356,49.331127169626704,49.36075210571289,13565000,669578602.3139954
2024-12-19 00:00:00,49.98282273064141,50.69376097915215,49.65697854452732,49.70634841918945,11211900,557302607.8411102
2024-12-20 00:00:00,49.45949378624883,51.48368871973542,49.4397450836441,51.15784454345703,23917800,1223583094.2214966
2024-12-23 00:00:00,50.841868340495374,51.92802052097586,50.71350366825256,51.898399353027344,7553100,391993800.15335083
2024-12-24 00:00:00,52.03663932840283,52.954933251650154,51.85890477766594,52.83644104003906,4541100,239935562.4069214
2024-12-26 00:00:00,52.69820325933123,53.69549197832413,52.47109883982782,53.498008728027344,6071900,324834559.1957092
2024-12-27 00:00:00,53.13266704655487,54.16944939998492,53.083293409079396,53.59674835205078,5884400,315384706.0028076
2024-12-30 00:00:00,53.063549098317736,53.419014432236644,52.263743621970775,52.984554290771484,7246800,383968468.0343628
2024-12-31 00:00:00,53.211662971971045,53.53751092916342,52.28349650908253,52.59946823120117,4734400,249026922.39379883
2025-01-02 00:00:00,52.64883624567909,52.796949633109726,50.377788160715546,50.72338104248047,10167700,515740121.42562866
2025-01-03 00:00:00,50.85174533266967,51.30595419280297,49.824835396705794,51.11834716796875,8949900,457504095.3186035
2025-01-06 00:00:00,52.09588165354171,53.71524131167409,51.59230293770891,52.8561897277832,9728200,514195584.90982056
2025-01-07 00:00:00,53.02405341788149,53.02405341788149,51.266456559651076,51.32570266723633,9093300,466720012.0639801
2025-01-08 00:00:00,51.098599265603454,51.098599265603454,49.67672655508709,50.35803985595703,7243700,364778533.30459595
2025-01-10 00:00:00,50.14080909760523,50.20005520780808,49.13364782423691,49.22251510620117,7847700,386283531.79893494
2025-01-13 00:00:00,48.422709526991405,49.46936435816726,48.402960825143595,49.30150604248047,7950900,391991344.39315796
2025-01-14 00:00:00,49.79521505104824,50.77275136332589,49.56811061721929,50.29879379272461,7170100,360647381.3732147
2025-01-15 00:00:00,51.54293493431422,52.2834943334662,50.97023385763033,51.04922866821289,7518900,383834045.4334259
2025-01-16 00:00:00,51.00973491257442,51.36520405226933,50.51602861114932,51.187469482421875,6415400,328388091.7175293
2025-01-17 00:00:00,51.27633775946031,51.53306338382933,50.09144185977821,50.32842254638672,9620000,484159424.89624023
2025-01-21 00:00:00,51.13809742172042,53.379524386469996,50.64439114137945,53.21166229248047,12962100,689734887.8013611
2025-01-22 00:00:00,52.658711012308586,52.77719945894175,51.77003824586033,52.095882415771484,7778100,405206983.0181122
2025-01-23 00:00:00,52.372359070719604,53.66586701446388,52.07613607876869,53.537506103515625,7452900,399009679.2388916
2025-01-24 00:00:00,53.5078852917976,53.91272429089233,53.03392771480962,53.23141098022461,6619600,352370648.1246948
2025-01-27 00:00:00,53.57699902086025,54.36693201102962,53.39926824141976,54.22869110107422,12075400,654833136.5219116
2025-01-28 00:00:00,50.33828830258518,50.33828830258518,48.106737731886476,49.41012191772461,33776700,1668910864.9784088
2025-01-29 00:00:00,49.647099039207724,49.972946970537386,48.50170069576846,49.15339279174805,15123000,743346759.1896057
2025-01-30 00:00:00,49.814965309789216,50.348169005873395,47.15882306448842,48.876922607421875,16443200,803693013.8183594
2025-01-31 00:00:00,49.0447809694295,51.07885223728289,48.56095091527238,48.837425231933594,20564000,1004292812.4694824
2025-02-03 00:00:00,45.914682864874194,48.61031863268135,45.786318180689115,47.297061920166016,28555900,1350610170.4860687
2025-02-04 00:00:00,46.57624675883146,48.32396737117442,46.517004418308545,47.95862579345703,9746700,467438338.02108765
2025-02-05 00:00:00,48.096859869125346,48.175854673679495,47.13907234732367,47.20819091796875,10719400,506043481.7260742
2025-02-06 00:00:00,47.38592915246394,47.780891905959855,46.84284924555222,47.326683044433594,9218400,436276294.97680664
2025-02-07 00:00:00,47.08969909084378,47.71176999834516,46.61574155973593,46.79347610473633,9608500,449615115.152359
2025-02-10 00:00:00,46.80335314869551,47.0008326317316,45.855434303395675,45.98379898071289,9017200,414645112.1688843
2025-02-11 00:00:00,45.776446936944915,46.25040451428871,45.67770342082329,46.11216735839844,7058500,325482733.2992554
2025-02-12 00:00:00,45.835684517163585,47.385925542407925,45.677698674465255,47.089698791503906,10572400,497851131.5032959
2025-02-13 00:00:00,47.53404263715225,48.01787647537047,46.753985768058456,47.28718948364258,7748300,366395330.2761078
2025-02-14 00:00:00,47.780887616919664,48.067238130008946,47.31680256237356,47.761138916015625,5630000,268895212.09716797
2025-02-18 00:00:00,48.08699094774921,48.09686341570666,47.00083490511593,47.524166107177734,6967300,331115122.5185394
2025-02-19 00:00:00,47.12919990523923,47.36618057128859,46.62562116906921,47.19831848144531,6836000,322647705.13916016
2025-02-20 00:00:00,47.18844972891079,47.30693818792498,46.171412175108436,47.28718948364258,5801800,274350815.9461975
2025-02-21 00:00:00,47.32668480947745,47.48467067010386,45.351859668307284,45.70732879638672,6775700,309699147.7256775
2025-02-24 00:00:00,46.082538722230936,46.319519375225816,45.4604715706438,45.98379898071289,8127100,373714932.69615173
2025-02-25 00:00:00,46.13191221435312,46.42813520465384,45.114874799858406,46.12203598022461,7903500,364525511.3697052
2025-02-26 00:00:00,48.29434245638483,49.55822917860874,47.55378312382934,47.850006103515625,17082000,817373804.2602539
2025-02-27 00:00:00,47.19831868154101,48.314095906952204,46.96134178116691,47.030460357666016,14881100,699864983.6284637
2025-02-28 00:00:00,46.921842864554904,48.86704671199534,46.536752588837814,48.51157760620117,21380500,1037201785.0093842
2025-03-03 00:00:00,49.350878595770126,49.86433357167811,46.1516640561557,46.783607482910156,16880500,789730686.1152649
2025-03-04 00:00:00,45.835690899493834,45.835690899493834,43.850993238821985,44.65079879760742,20786800,928147224.446106
2025-03-05 00:00:00,46.11216552245039,48.45233214449955,45.64808043185623,47.86975860595703,27954200,1338160806.022644
2025-03-06 00:00:00,47.16869409924568,47.72164643792686,45.80606383726541,46.60586929321289,14332000,667955318.7103271
2025-03-07 00:00:00,47.29881822155516,47.338416297749404,45.57634344618974,46.962242126464844,13824400,649224820.0531006
2025-03-10 00:00:00,46.33859164956523,47.69479372609778,46.29899357146545,47.595802307128906,21621600,1029097399.1638184
2025-03-11 00:00:00,47.516606101366655,48.328347820162556,45.56644418421328,47.793785095214844,21879900,1045723238.5047913
2025-03-12 00:00:00,48.01157004014909,48.24915472871532,46.45738137394155,47.4176139831543,10041800,476158196.0960388
2025-03-13 00:00:00,47.28891985332226,48.77381370093065,46.397982034245096,46.63556671142578,14189900,661754028.0784607
2025-03-14 00:00:00,47.308723372562014,48.259054618746895,47.160232463222826,47.85318374633789,14143900,676830645.5898285
2025-03-17 00:00:00,48.02146756908843,48.7738159343785,47.79378428851606,48.506534576416016,14102400,684058553.2104492
2025-03-18 00:00:00,48.85300754663132,49.32817691529871,47.70468975429274,48.17985534667969,19265400,928204185.1959229
2025-03-19 00:00:00,48.33825060534236,49.704350350765225,48.20955873612519,49.28858184814453,13291600,655124114.4927979
2025-03-20 00:00:00,48.318451585414735,49.476667079998656,48.259054466610166,48.94210433959961,12906900,631690846.5007782
2025-03-21 00:00:00,48.486735468908854,49.536061860574534,48.24915455746638,49.29847717285156,37624900,1854850273.7808228
2025-03-24 00:00:00,50.24881351242174,51.36743476573397,49.9518354545929,50.94176483154297,16024400,816311216.3665771
2025-03-25 00:00:00,50.98135973828232,52.228669014004964,50.98135973828232,52.06038284301758,14836200,772378251.9355774
2025-03-26 00:00:00,52.15937210029419,52.753331930607054,50.13991925081585,50.43689727783203,20510100,1034465806.8580627
2025-03-27 00:00:00,46.51677853822675,47.91257867225949,45.79412684055288,46.72466278076172,35799000,1672696202.8884888
2025-03-28 00:00:00,46.4375831875803,46.66526647281685,45.34866247100887,46.20989990234375,18820100,869674937.1520996
2025-03-31 00:00:00,45.20017151763027,46.793958288864886,45.150675808071796,46.556373596191406,15878600,739250033.7844849
2025-04-01 00:00:00,46.53657528922119,47.288923680955925,46.0317130017334,46.7840576171875,14065600,658045840.8203125
2025-04-02 00:00:00,46.39798125081007,47.78388366235559,46.39798125081007,47.496803283691406,12305600,584476662.487793
2025-04-03 00:00:00,46.477180576256224,47.29881991720015,45.38825609955926,45.4377555847168,18871200,857464973.1903076
2025-04-04 00:00:00,44.01225590069954,44.279537265636655,42.299678659833376,43.735076904296875,26717400,1168487543.6828613
2025-04-07 00:00:00,41.3295484460432,44.89329243027959,41.181057539916424,43.09162139892578,25522100,1099788670.5055237
2025-04-08 00:00:00,44.48742572688329,44.94279611932496,41.51763753687364,42.05220031738281,16415600,690312099.5300293
2025-04-09 00:00:00,41.4384389936354,45.833723502523036,41.2206533503075,45.27936553955078,23918100,1082996392.9115295
2025-04-10 00:00:00,43.71528175664984,44.0122598187014,42.190789588162616,43.28961181640625,17437900,754879921.8933105
2025-04-11 00:00:00,43.061924740737425,43.4974922752057,42.31947776244885,43.190616607666016,10735600,463677183.6532593
2025-04-14 00:00:00,43.42819513081744,45.40805363039237,42.67585056254235,44.68540573120117,22020900,984012851.0662079
2025-04-15 00:00:00,43.75487742679839,44.41812826961199,43.68558267534863,44.091453552246094,9799300,432065380.79452515
2025-04-16 00:00:00,43.913266782075056,44.60621808567453,43.44799877692041,43.77467727661133,9877000,432362487.4610901
2025-04-17 00:00:00,43.8241729197522,44.82399990493057,43.48759678860963,44.121150970458984,11707500,516548374.98664856
2025-04-21 00:00:00,44.02215880602535,44.23994069220157,43.32920751516473,43.942962646484375,6424600,282315957.8186035
2025-04-22 00:00:00,44.64581070619937,45.19027485181794,44.28943932399539,44.70520782470703,8438500,377244896.2287903
2025-04-23 00:00:00,46.03171395662413,46.942447129817864,45.21997220615816,45.378360748291016,9032800,409893656.9671631
2025-04-24 00:00:00,45.744631912408046,46.59597171211381,45.37835912984182,46.40788650512695,7509200,348486101.3442993
2025-04-25 00:00:00,46.07130735143702,47.081035620964364,46.07130735143702,46.63556671142578,8108100,378125838.4529114
2025-04-28 00:00:00,46.72466126215051,47.3285187076521,46.18020093099151,46.764259338378906,15269800,714080887.2451782
2025-04-29 00:00:00,45.44765161015003,46.98204118880512,44.88339224107222,46.46727752685547,24183100,1123722819.1596985
2025-04-30 00:00:00,45.74462974475037,46.07130820992607,44.26963727669146,44.784400939941406,17948600,803817298.7106323
2025-05-01 00:00:00,46.031711693220096,46.071309770876425,44.26963877659907,44.5963134765625,15875500,707988774.597168
2025-05-02 00:00:00,45.24966278222886,45.3585555983291,44.4973182525148,44.84379196166992,11649800,522421207.59506226
2025-05-05 00:00:00,44.82399751049755,45.28926549006207,44.69530942037677,44.92299270629883,8084300,363170949.9355316
2025-05-06 00:00:00,44.55671687385454,45.50705188766257,44.38843070266519,45.0021858215332,9638200,433740067.3851013
2025-05-07 00:00:00,45.24966970503747,45.477353002498724,44.517124100384876,45.012088775634766,8711100,392104806.533432
2025-05-08 00:00:00,45.635738272503616,47.23942642414762,45.62584064127246,46.87314987182617,14499500,679637236.5665436
2025-05-09 00:00:00,47.081037893820564,47.48690874737589,46.77415845770585,47.02164077758789,8582900,403582040.6299591
2025-05-12 00:00:00,49.2390853914377,49.635054848466865,48.377844175431,49.11039352416992,13160600,646322245.0141907
2025-05-13 00:00:00,49.060897709008856,50.110220355355544,48.902509171280265,49.95183181762695,10427600,520877721.4614868
2025-05-14 00:00:00,49.85284043658873,50.29830937938601,49.585559070910364,49.8033447265625,8949300,445705072.9614258
2025-05-15 00:00:00,49.288578756387416,49.734047678595424,49.08069451811716,49.61525344848633,7286600,361526505.7777405
2025-05-16 00:00:00,49.60535580236049,49.88253478663651,49.34797208014952,49.862735748291016,6099800,304152715.51742554
2025-05-19 00:00:00,49.209387913297284,49.84294210379255,48.68472655734605,49.52616500854492,9406500,465867871.1528778
2025-05-20 00:00:00,49.75384522783614,50.04092563270946,49.39747384996789,49.704349517822266,6565400,326328936.3243103
2025-05-21 00:00:00,49.37767644090877,50.031029652991926,48.79361798038892,48.87281036376953,7515600,367308493.5699463
2025-05-22 00:00:00,48.85300904276132,49.17968752168968,48.407543882448934,48.783714294433594,6378200,311152286.51275635
2025-05-23 00:00:00,47.88288035851542,48.674823062690734,47.8234870158777,48.19965744018555,5611900,270491657.5885773
2025-05-27 00:00:00,48.67482302797266,48.96190343811916,48.01157219378662,48.59563064575195,8936800,434289431.95495605
2025-05-28 00:00:00,48.595629220613056,48.595629220613056,47.53640517754477,47.64529800415039,8419600,401154351.0757446
2025-05-29 00:00:00,47.962076544866676,48.13036271747865,47.48691092208614,48.10066604614258,8400400,404064835.0540161
2025-05-30 00:00:00,47.97197331061474,49.43706823181197,47.803687141040484,49.11039352416992,17722800,870373682.3501587
2025-06-02 00:00:00,48.60552451337893,48.69461829665317,46.56627268153819,47.20972442626953,13019200,614632844.2504883
2025-06-03 00:00:00,47.07113785720027,48.64512560854183,46.81375789859048,48.56593322753906,12403500,602387552.7877808
2025-06-04 00:00:00,48.56593099489849,48.60552529543936,47.12063140116385,47.18992614746094,9889300,466675336.65008545
2025-06-05 00:00:00,47.03153459331952,47.368110672105104,46.34848480531946,46.77415466308594,10095800,472222510.647583
2025-06-06 00:00:00,47.31042367627065,47.50904082470619,46.87346898035807,47.1416015625,7949200,374738019.140625
2025-06-09 00:00:00,47.5388329073821,48.233991044982425,47.39980203752345,47.598419189453125,6467700,307852295.791626
2025-06-10 00:00:00,47.757310352608066,48.9887336174946,47.50903986913398,48.59149932861328,7942600,385942842.56744385
2025-06-11 00:00:00,48.9887325430551,50.05132988595436,48.92914626453769,49.524993896484375,10605800,525252180.267334
2025-06-12 00:00:00,49.11782947740342,49.19727784716406,48.26377844401042,48.919212341308594,6602200,322974423.7197876
2025-06-13 00:00:00,48.28364338095842,48.83977063712539,48.07509708051092,48.313438415527344,8701700,420409047.0603943
2025-06-16 00:00:00,48.909283720332446,49.12776295123983,48.313436093884626,48.92914581298828,5884700,287933344.36569214
2025-06-17 00:00:00,48.53191383280701,48.9092860345099,47.91620408457061,47.94599533081055,9078700,435287307.8098297
2025-06-18 00:00:00,47.965855250804104,48.3630895281017,47.60834515889763,47.75730895996094,8418000,402021026.8249512
2025-06-20 00:00:00,48.085025897129,48.40281560436574,47.45938700015869,47.86655044555664,22249800,1065021174.1035461
2025-06-23 00:00:00,47.62821034924205,48.243923897928866,47.300495269218366,48.1843376159668,10626500,512030863.67607117
2025-06-24 00:00:00,48.62129037050181,49.02845381015979,48.51205075210214,48.661014556884766,12550400,610715197.0947266
2025-06-25 00:00:00,48.68087754486345,48.76032213078268,47.489178449619025,47.797035217285156,6906500,330110223.72817993
2025-06-26 00:00:00,47.707653699420405,48.84969557108171,47.38986780571407,48.81990432739258,10386300,507058172.31559753
2025-06-27 00:00:00,48.97880123393286,49.79312812592787,48.74046368853807,49.33631134033203,10695800,527691318.83392334
2025-06-30 00:00:00,49.23700327868538,49.27672367626461,48.59149851711024,48.86956024169922,9634700,470843552.06069946
2025-07-01 00:00:00,48.48225949050922,51.76936204063173,48.46239739732428,51.67005157470703,13748000,710359869.0490723
2025-07-02 00:00:00,51.67005458022334,52.40493691758466,51.60053914418598,52.31555938720703,9461800,494999359.8098755
2025-07-03 00:00:00,52.424794582320885,53.58669859074852,52.33541705949516,52.52410125732422,6612300,347305114.74380493
2025-07-07 00:00:00,51.918322673650664,52.90147546229322,51.05434244553307,51.46150588989258,11028600,567548363.8572693
2025-07-08 00:00:00,51.79915391392717,52.49431203059588,51.6402609548292,51.82894515991211,7523400,389929886.01608276
2025-07-09 00:00:00,52.265904182508194,52.424797143259504,51.89846113277136,52.20631790161133,5322600,277873347.66311646
2025-07-10 00:00:00,52.077215614030564,52.92133753673152,51.898460561614215,52.78230667114258,6397200,337658972.2366333
2025-07-11 00:00:00,52.45458872849818,53.18947104441341,52.19638908622404,53.02064514160156,7698200,408163530.42907715
2025-07-14 00:00:00,52.98092169073948,53.318569712750886,52.325487740753466,52.961063385009766,6934000,367232013.5116577
2025-07-15 00:00:00,53.090155947165776,53.37815059912676,52.325482451427995,52.34534454345703,7702700,403200485.4148865
2025-07-16 00:00:00,52.37514475386765,53.14974747804985,52.37514475386765,52.81209945678711,8242500,435303729.77256775
2025-07-17 00:00:00,52.93126595269878,53.517184441175004,52.524102514151366,52.841888427734375,6827000,360751572.2961426
2025-07-18 00:00:00,53.04050610365361,53.338429927092314,52.51417388930168,52.85182189941406,6497300,343394142.427063
2025-07-21 00:00:00,52.98091929138858,53.924347879722426,52.81209718218188,52.841888427734375,13055500,689877274.3682861
2025-07-22 00:00:00,51.36219664273611,51.72963588188022,48.53191097886144,48.55177307128906,33792400,1640680936.3342285
2025-07-23 00:00:00,49.554792973876246,52.901478230090625,49.524997938032655,52.762447357177734,25657000,1353726111.8431091
2025-07-24 00:00:00,52.603551773431974,53.03057731231501,51.87860240908117,51.977909088134766,10219800,531203835.2989197
2025-07-25 00:00:00,52.49431344129921,53.10009404798554,51.71971071841875,53.03057861328125,6491300,344237394.9523926
2025-07-28 00:00:00,52.851822320159066,53.56683874444269,52.66313432611045,53.080230712890625,6954500,369146464.49279785
2025-07-29 00:00:00,53.417878229673036,53.417878229673036,51.719709028845884,51.7495002746582,8443000,436921030.8189392
2025-07-30 00:00:00,52.0275620043917,52.38507210736729,51.33240389175103,51.7495002746582,7854200,406450925.05722046
2025-07-31 00:00:00,52.20631570205061,54.33151038317558,52.097076085829016,52.97098922729492,14455100,765700946.3794708
2025-08-01 00:00:00,51.78922324516926,52.66313260046972,51.521090674233825,52.16659164428711,9540500,497695367.58232117
2025-08-04 00:00:00,52.33541849736978,52.87168364905761,52.11693926039172,52.40493392944336,7417700,388724078.408432
2025-08-05 00:00:00,52.951129903619766,52.96106284469037,51.88853250748792,52.216251373291016,6913100,360976167.3686981
2025-08-06 00:00:00,52.36521335529032,52.76244767023305,51.72964148202771,52.10701370239258,5390500,280882857.3627472
2025-08-07 00:00:00,52.43472683369411,53.06036953045329,52.176527190440254,52.58369064331055,6029200,317037587.62664795
2025-08-08 00:00:00,52.732646272309616,53.44766643762041,52.72271712037218,53.159671783447266,4126600,219368701.5815735
2025-08-11 00:00:00,53.5767700487047,54.37123482269921,52.970989474688,53.6363525390625,6690700,358864743.93310547
2025-08-12 00:00:00,53.944209422455444,54.37123494978313,53.57677017393169,53.785316467285156,6780600,364696716.83807373
2025-08-13 00:00:00,54.10310320715552,55.40404190201973,53.78531729194253,55.19549560546875,6942100,383172650.0427246
2025-08-14 00:00:00,55.24515029301305,56.119059687028475,54.440752544571204,56.02968215942383,6647600,372462915.12298584
2025-08-15 00:00:00,56.52622127981746,56.595740499720286,55.910511547836315,55.92044448852539,5597300,313003503.93562317
2025-08-18 00:00:00,55.741689112107586,56.158781699235696,55.70196492619818,55.84099578857422,6740600,376401816.2124634
2025-08-19 00:00:00,56.08927093623731,57.012837499809606,55.92044881453196,56.665260314941406,5987900,339305912.23983765
2025-08-20 00:00:00,56.50636382823749,56.79435471135171,56.24816040271955,56.377262115478516,7258200,409197443.88656616
2025-08-21 00:00:00,55.99989174055915,56.23823308046277,54.7088859358745,56.11906051635742,8192100,459732955.65605164
2025-08-22 00:00:00,56.65532251294,58.37335377189516,56.60566917483398,57.966190338134766,6320200,366357916.17507935
2025-08-25 00:00:00,57.797367399036354,58.01584284121972,57.47958149376344,57.87681198120117,3802000,220047639.15252686
2025-08-26 00:00:00,57.83709551625903,58.53224986361102,57.69806085848157,58.393218994140625,7311100,426918663.3880615
2025-08-27 00:00:00,58.15487887791947,58.82024194912346,58.01584422627484,58.343563079833984,9848100,574573243.5665131
2025-08-28 00:00:00,58.5819062735992,58.591835426307895,57.36041213354396,58.085365295410156,7209300,418754824.02420044
2025-08-29 00:00:00,58.07542987795636,58.26411407783184,57.45972015198284,58.184669494628906,4972500,289323269.06204224
2025-09-02 00:00:00,57.141934937936384,58.23432354134176,56.5957406362337,58.125083923339844,5675900,329912163.8404846
2025-09-03 00:00:00,57.71791836441277,58.44286768924389,57.300825789156555,57.35047912597656,6762600,387838350.1373291
2025-09-04 00:00:00,57.598751193445885,57.83709252041172,57.082348141942305,57.74771499633789,5880100,339562338.94996643
2025-09-05 00:00:00,57.827368347148024,58.554192573926514,57.50875677286972,58.01654052734375,7378100,428051837.6647949
2025-09-08 00:00:00,57.87714698369963,58.00657877460451,57.15032279605619,57.946842193603516,6399200,370813432.5653076
2025-09-09 00:00:00,57.88710313346208,57.9070165936175,57.34945110357814,57.757667541503906,4616400,266632496.43859863
2025-09-10 00:00:00,57.62823583193986,57.62823583193986,56.36375959600223,57.09058380126953,7207400,411474673.68927
2025-09-11 00:00:00,57.289715228336036,58.45462417602539,57.2200200159839,58.45462417602539,5808500,339533684.5264435
2025-09-12 00:00:00,59.58966305736217,59.739012106870995,58.2256233443911,58.24553680419922,12020300,700128826.0475159
2025-09-15 00:00:00,58.70353545837361,58.763275838279206,58.06631993179707,58.693580627441406,4773400,280167937.7670288
2025-09-16 00:00:00,58.72344993861082,59.13166637979783,57.9070170562368,58.205711364746094,6786900,395036342.46139526
2025-09-17 00:00:00,58.01653870663799,59.31088323148815,57.96675695531763,58.47453689575195,6252600,365617889.39437866
2025-09-18 00:00:00,58.54423339868317,59.14162582201821,58.225625625479516,59.00223159790039,5922800,349458417.30804443
2025-09-19 00:00:00,59.24118827885424,59.26110173909022,58.47453715123774,58.72344970703125,13159600,772777108.7646484
2025-09-22 00:00:00,58.52431880738082,58.92258041524293,58.2057110403328,58.62388610839844,7633800,447523021.774292
2025-09-23 00:00:00,58.79314836208711,59.6593630435101,58.20571454408659,58.3251953125,5898800,344048662.109375
2025-09-24 00:00:00,59.83857632057518,59.89831670071112,58.80310298494781,59.659358978271484,10756100,641702031.1061859
2025-09-25 00:00:00,59.27105594053234,60.36627345325201,58.852884674331406,60.326446533203125,7740100,466932728.8116455
2025-09-26 00:00:00,60.38618758452171,61.71040040698193,60.197011611238686,60.9736213684082,8641400,526897451.69296265
2025-09-29 00:00:00,61.580965450360125,61.86970492974968,60.48575171226047,60.85414123535156,9788400,595664676.0681152
2025-09-30 00:00:00,61.44157102086789,61.79005085889969,60.28661697668771,60.70479202270508,6964800,422796735.4797363
2025-10-01 00:00:00,60.67492335771054,61.32209752334651,59.86844910606741,61.073184967041016,8094400,494350788.3972168
2025-10-02 00:00:00,61.212572511236814,61.23248597057696,58.952446150534094,59.1017951965332,9614600,568240120.0965881
2025-10-03 00:00:00,59.06197210078566,60.34636182558047,58.41479792370491,59.86845016479492,13031900,780199655.702591
2025-10-06 00:00:00,59.679273745784414,59.679273745784414,57.87714925039971,57.936885833740234,8921500,516883926.9657135
2025-10-07 00:00:00,58.374972624120744,58.404840914898664,56.38367221270503,57.010929107666016,10702900,610182273.1464386
2025-10-08 00:00:00,57.080629548417214,57.4490190703025,55.99537064504343,56.1546745300293,5430000,304919882.6980591
2025-10-09 00:00:00,56.533017599141715,56.62262626979268,55.66680298158506,55.6767578125,5441800,302981780.6640625
2025-10-10 00:00:00,55.995373425313346,56.30402258136482,54.979809683814814,55.1092414855957,5454400,300587846.7590332
2025-10-13 00:00:00,55.656851675228026,55.95554599694518,55.10924098762481,55.37806701660156,3993600,221157848.4375
2025-10-14 00:00:00,54.27289312929843,57.000976469025524,54.09367957963427,56.90141296386719,9005000,512397223.739624
2025-10-15 00:00:00,57.01093193508329,57.99662735878476,56.76201937131168,57.548583984375,7976900,459059299.58496094
2025-10-16 00:00:00,57.63819066298005,58.145974402425644,56.56289039974356,57.09058380126953,6061300,346043155.594635
2025-10-17 00:00:00,57.478886328288134,58.91262126738061,57.299668986138556,58.126060485839844,7956200,462462562.43743896
2025-10-20 00:00:00,58.285367047504,58.30528050844767,57.42910721744782,57.74771499633789,10184600,588137378.1517029
2025-10-21 00:00:00,63.48265163104385,67.25617039363142,62.0887437056544,66.33021545410156,43706500,2899061561.74469
2025-10-22 00:00:00,66.75834833371623,67.29599275210194,65.60339046617212,67.0172119140625,18831900,1262061433.0444336
2025-10-23 00:00:00,67.67434264569991,68.1821263546516,66.28043090132329,66.55921173095703,12647200,841787662.6037598
2025-10-24 00:00:00,67.16655969274336,69.39681395112393,66.99730098659033,69.35699462890625,12571000,871886779.4799805
2025-10-27 00:00:00,69.26739254455617,69.32712913304344,68.49078650938537,69.07821655273438,9724800,671771840.3320312
2025-10-28 00:00:00,69.15786556608475,69.88469359210022,68.36134992251269,69.56608581542969,13072200,909381786.99646
2025-10-29 00:00:00,69.30721539519217,69.93447232606663,68.29164787334742,68.82929992675781,10575900,727931793.095398
2025-10-30 00:00:00,68.36134871058273,69.47647211105608,68.092518893534,68.37129974365234,7559500,516852840.4121399
2025-10-31 00:00:00,68.48081773483554,69.01846974020317,68.33146868953209,68.78946685791016,6993600,481086015.41748047
2025-11-03 00:00:00,68.59034741660105,68.63017433948261,67.4851749943163,67.92326354980469,10252300,696369674.8916626
2025-11-04 00:00:00,67.70421407940982,67.83364587169137,66.45965132059713,66.57913208007812,8478200,564471197.6013184
2025-11-05 00:00:00,66.74839268901653,68.95873742687388,66.74839268901653,68.47086334228516,7807000,534552030.1132202
2025-11-06 00:00:00,68.3912164045045,69.09812715290039,67.91330095404376,68.54055786132812,6086300,417158397.31140137
2025-11-07 00:00:00,68.6500796770937,70.45221174193806,68.2816939570171,70.44225311279297,8408500,592313685.2989197
2025-11-10 00:00:00,70.69117361236836,71.02969107926126,69.56609147120119,70.74095916748047,8592700,607855839.8384094
2025-11-11 00:00:00,70.81064615332356,71.32838092372697,70.68120676356646,70.91020965576172,6164000,437090532.31811523
2025-11-12 00:00:00,70.86042018206462,72.07511459467986,70.68120284911798,71.52750396728516,9167200,655706934.3688965
2025-11-13 00:00:00,71.84612320810055,72.55303394967312,71.1690807576044,71.5772933959961,9004300,644503422.9255676
2025-11-14 00:00:00,71.04959932987039,71.45781196442859,70.13360296315655,70.21324920654297,7100900,498577261.29074097
2025-11-17 00:00:00,70.0041631689707,70.1535122182929,67.19642990730466,67.61460876464844,8031700,543060253.2150269
2025-11-18 00:00:00,67.53495797906125,68.12238797775838,66.76830303610738,67.634521484375,6092400,412056558.69140625
2025-11-19 00:00:00,67.70420893091355,69.35699179511259,67.31590598738875,68.20203399658203,10557100,720015693.1053162
2025-11-20 00:00:00,68.64013588463868,69.58600065557131,67.48517786064471,67.74404907226562,9385200,635791449.3530273
2025-11-21 00:00:00,67.9929585162819,70.22321301600341,67.89339500754777,70.02408599853516,10852400,759929390.8905029
2025-11-24 00:00:00,70.17343493653577,70.91021401532532,69.94443203026141,70.69116973876953,13768100,973283094.0803528
2025-11-25 00:00:00,70.84051749400749,72.79199109139486,70.84051749400749,72.46342468261719,12089700,876061065.385437
2025-11-26 00:00:00,72.12490802370634,73.13050932761178,71.90586374880932,72.49329376220703,7704300,558510083.1321716
2025-11-28 00:00:00,72.6227315707686,73.53872797648006,72.59286327870105,73.20020294189453,3755000,274866762.04681396
2025-12-01 00:00:00,72.77206558375444,73.60841565709819,72.59285584968912,72.63267517089844,9826900,713754035.6369019
2025-12-02 00:00:00,72.8318158649885,73.5188093584672,71.7764214554589,73.339599609375,8973700,658127565.0146484
2025-12-03 00:00:00,73.28981583620875,74.59411523872386,73.28981583620875,74.36511993408203,8392400,624101832.53479
2025-12-04 00:00:00,74.67376206767229,75.89841510791359,74.57419857082364,74.9625015258789,12659100,948957803.0662537
2025-12-05 00:00:00,74.90265139847014,76.81811423846607,74.82283854396046,75.870361328125,8817800,669009672.1191406
2025-12-08 00:00:00,76.13971812644336,76.48888984120782,75.02236102782453,75.53115844726562,10018200,756686251.5563965
2025-12-09 00:00:00,75.90028676027772,77.16728343579547,75.71073313986759,76.97773742675781,7970100,613520265.0650024
2025-12-10 00:00:00,76.97773745142979,80.7587780719071,76.91787400680228,80.60913848876953,14421300,1162488568.888092
2025-12-11 00:00:00,80.14024355161985,81.02814055425188,80.11031563646607,80.65901184082031,9686800,781327715.8996582
2025-12-12 00:00:00,80.66899328736962,81.35736580646336,80.44951175308626,80.69892120361328,9649500,778704240.1542664
2025-12-15 00:00:00,80.45949390139569,81.82625288082261,80.38965955654449,81.7863540649414,14362200,1174631974.3515015
2025-12-16 00:00:00,81.8761369367408,82.84384685596117,80.98823987116951,81.5668716430664,10732600,875424606.5963745
2025-12-17 00:00:00,80.98823974140163,81.29750503458048,80.2001049384682,80.31982421875,8864300,711979017.8222656
2025-12-18 00:00:00,80.30984074425747,81.7863479976277,80.20009998029343,80.97825622558594,9086200,735784631.716919
2025-12-19 00:00:00,80.89844603501457,82.49467261371119,80.89844603501457,82.15547180175781,23751000,1951274610.7635498
2025-12-22 00:00:00,82.40487776182869,83.48232837338647,82.38492835555782,82.8338623046875,9119900,755436540.8325195
2025-12-23 00:00:00,82.53457787587993,83.2329212856863,82.4647435348993,82.55452728271484,4819900,397904566.0499573
2025-12-24 00:00:00,82.55452918450625,82.95358583274815,82.40488198999398,82.68421936035156,2370100,195969868.30596924
2025-12-26 00:00:00,82.60441207416633,82.88374943760634,82.36497352432721,82.8637924194336,3411600,282698114.21813965
2025-12-29 00:00:00,82.87376902030091,83.16308488616562,82.30511579742812,82.73410034179688,4759400,393764677.16674805
2025-12-30 00:00:00,82.97353302374731,83.01343944864281,81.98587374454353,82.1355209350586,3240500,266160155.59005737
2025-12-31 00:00:00,82.05571027158373,82.07565967887689,81.05807245673165,81.1279067993164,4483700,363753195.716095
2026-01-02 00:00:00,81.21769610181873,81.29750134034087,79.37206010202853,80.78871154785156,7468900,603402807.6797485
2026-01-05 00:00:00,80.3497475541602,83.18303519024536,79.7810943251503,82.95358276367188,10468400,868391285.8032227
2026-01-06 00:00:00,82.50464631848747,82.60441619157962,80.98824015078267,81.98587799072266,7972900,653665206.6322327
2026-01-07 00:00:00,81.90606059073707,82.50464173920327,81.3972631894233,81.71651458740234,6362000,519880465.8050537
2026-01-08 00:00:00,82.60441142410326,84.97878660603027,82.23528270453541,84.92890167236328,11643400,988861173.7319946
2026-01-09 00:00:00,83.31273532877141,84.21061087664556,80.80866230397028,82.67424774169922,12142900,1003905122.9026794
2026-01-12 00:00:00,82.00582680670354,82.70417785644531,80.8685202862894,82.70417785644531,7376400,610059097.5402832
2026-01-13 00:00:00,82.77400663080361,83.6619036332902,82.42483493511317,83.04336547851562,6022800,500153581.6040039
2026-01-14 00:00:00,82.80393969031027,83.49231222698943,80.75877909919333,81.03812408447266,7550000,611837836.8377686
2026-01-15 00:00:00,81.67661109389886,81.96592697517126,80.42956381843463,80.71887969970703,6416800,517956907.2570801
2026-01-16 00:00:00,80.80866446985667,81.44715207404202,80.04048668748051,80.62908935546875,9838700,793285421.4416504
2026-01-20 00:00:00,79.56161765819057,79.80104860836002,77.167285322378,77.6261978149414,12071700,937080172.1626282
2026-01-21 00:00:00,79.07277720300274,81.06805287980866,78.84331715116609,80.73883056640625,8215400,663301788.6352539
2026-01-22 00:00:00,81.01816808458943,82.08564026908675,80.56923410107447,80.94833374023438,6789300,549582522.2625732
2026-01-23 00:00:00,80.47944246935504,80.55925532302989,79.04284916007094,79.49178314208984,6865600,545758786.340332
2026-01-26 00:00:00,79.06279549736055,80.42956202081591,78.98298264678526,79.24237060546875,10939200,866848140.5273438
2026-01-27 00:00:00,83.43244518893337,87.10375254084516,82.21533348523133,86.17594909667969,23632000,2036510029.0527344
2026-01-28 00:00:00,85.86668972277637,85.86668972277637,84.23056425239423,84.69945526123047,10072700,853152203.0097961
2026-01-29 00:00:00,85.98640192756707,86.41538647359904,84.93887922335323,86.05623626708984,9696200,834418478.0929565
2026-01-30 00:00:00,85.80682880441947,86.22583485122526,83.21297206195248,83.80157470703125,7767200,650903591.0644531
2026-02-02 00:00:00,84.05098870239357,84.33032608204182,82.90370365480445,84.07093811035156,6948400,584158506.3659668
2026-02-03 00:00:00,85.26810689281275,86.42536282237987,84.67949661281818,85.50753784179688,6903000,590258533.7219238
2026-02-04 00:00:00,85.9564762083722,87.4130264780411,85.11845650131596,86.08616638183594,8838900,760907016.0324097
2026-02-05 00:00:00,84.94886177961499,85.50753652241512,83.07329780929018,83.10323333740234,9142700,759787931.4338684
2026-02-06 00:00:00,83.34266456474194,84.49992048036901,82.4447890026513,84.04100799560547,8052700,676757025.0862122
2026-02-09 00:00:00,82.07565847874677,82.20535626405947,80.3896557720332,80.48941802978516,9766800,786124048.0133057
2026-02-10 00:00:00,80.85854718264643,81.30748115058536,79.26232060470265,80.08038330078125,7425800,594660910.3149414
2026-02-11 00:00:00,80.29986232041554,81.80629749075884,78.89319701659772,79.6314468383789,9654400,768793840.3564453
2026-02-12 00:00:00,80.02052540985993,81.97589454503685,79.41196575523058,79.7411880493164,6863400,547295670.0576782
2026-02-13 00:00:00,80.29986325912402,81.31745806315126,79.86090780904358,80.88847351074219,6314100,510737910.59417725
2026-02-17 00:00:00,80.74880746506525,81.18776292947214,79.41196883036095,81.02814483642578,7953300,644441144.3275452
2026-02-18 00:00:00,81.7564128779167,83.73173902773172,81.50700343336982,83.47235107421875,8426900,703413155.267334
2026-02-19 00:00:00,83.05334374340961,83.30275318408052,80.82860818362147,81.27754974365234,6062600,492753273.0758667
2026-02-20 00:00:00,81.00818621310285,81.83622741278604,80.40960505613359,81.31745910644531,8602300,699517178.4713745
2026-02-23 00:00:00,80.87849764156584,81.33741012471242,78.25471291899763,79.47183227539062,7490500,595283759.6588135
2026-02-24 00:00:00,79.82100153399102,82.39490124190203,79.56161357797576,81.09797668457031,5814200,471519856.0394287
2026-02-25 00:00:00,81.24762362227236,82.86379196222134,81.17778928179767,82.23528289794922,9309300,765552919.0818787
2026-02-26 00:00:00,82.2053567169062,82.72412502689758,79.82100297004936,80.59915924072266,6403700,516132836.0298157
2026-02-27 00:00:00,79.80104591267714,79.89083727306544,77.64615221119911,78.5240707397461,13351400,1048406278.074646
2026-03-02 00:00:00,77.1772601944402,77.5763168334961,74.86274082156274,77.5763168334961,8948700,694207186.4479065
2026-03-03 00:00:00,75.24184256343392,77.2570752223569,74.01475230710855,77.08747100830078,9271800,714739613.6947632
2026-03-04 00:00:00,78.03522990504244,79.15257936935208,77.85565479665378,78.4143295288086,8510600,667352992.8878784
2026-03-05 00:00:00,77.81574771173223,77.9853443095028,74.8926686791315,76.0199966430664,8641900,656957208.9897156
2026-03-06 00:00:00,74.73999786376953,75.22000122070312,73.3499984741211,75.20999908447266,8190700,616022539.5011902
2026-03-09 00:00:00,73.4000015258789,74.69999694824219,71.91999816894531,74.69000244140625,8829600,659482845.5566406
2026-03-10 00:00:00,74.83999633789062,77.19999694824219,74.83999633789062,74.93000030517578,8915600,668045910.7208252
2026-03-11 00:00:00,75.45999908447266,76.58000183105469,74.37000274658203,74.79000091552734,5636100,421523924.16000366
2026-03-12 00:00:00,73.23999786376953,74.0199966430664,73.0999984741211,73.44999694824219,7341000,539196427.5970459
2026-03-13 00:00:00,73.58999633789062,73.94000244140625,72.08999633789062,72.38999938964844,7229700,523357978.5873413
2026-03-16 00:00:00,73.31999969482422,73.8499984741211,72.43000030517578,72.94999694824219,7471500,545045902.1987915
2026-03-17 00:00:00,73.58999633789062,74.56999969482422,73.55000305175781,74.04000091552734,4689900,347240200.2937317
2026-03-18 00:00:00,73.52999877929688,74.80999755859375,73.41999816894531,73.52999877929688,6000500,441216757.6751709
2026-03-19 00:00:00,72.5,74.4000015258789,72.5,73.79000091552734,9495200,700650816.6931152
2026-03-20 00:00:00,73.5199966430664,73.9000015258789,72.0999984741211,72.80999755859375,17760000,1293105556.640625
2026-03-23 00:00:00,74.75,76.8499984741211,74.5999984741211,75.72000122070312,7694800,582650265.3930664
2026-03-24 00:00:00,74.9800033569336,76.87000274658203,74.7699966430664,76.56999969482422,7122200,545346851.826477
2026-03-25 00:00:00,77.9000015258789,78.29000091552734,76.38999938964844,76.61000061035156,7190700,550879531.388855
2026-03-26 00:00:00,75.97000122070312,77.16999816894531,74.91000366210938,75.5999984741211,8470900,640400027.0744324
2026-03-27 00:00:00,75.20999908447266,75.26000213623047,72.68000030517578,72.9800033569336,7563200,551962361.3891602
2026-03-30 00:00:00,73.70999908447266,74.2300033569336,72.41999816894531,72.76000213623047,7192300,523311763.3644104
2026-03-31 00:00:00,74.05000305175781,75.08999633789062,73.41000366210938,74.5,5778200,430475900.0
2026-04-01 00:00:00,75.19999694824219,75.87000274658203,74.72000122070312,75.04000091552734,5147700,386283412.7128601
2026-04-02 00:00:00,73.33999633789062,73.68000030517578,71.66999816894531,72.54000091552734,8182800,593580319.4915771
2026-04-06 00:00:00,72.5199966430664,73.62999725341797,72.1500015258789,73.43000030517578,5065000,371922951.54571533
2026-04-07 00:00:00,72.9800033569336,73.18000030517578,71.5999984741211,72.76000213623047,5904600,429618708.6135864
2026-04-08 00:00:00,76.0199966430664,77.05999755859375,75.72000122070312,76.73999786376953,7248800,556272896.5148926
2026-04-09 00:00:00,75.58999633789062,77.30999755859375,75.37999725341797,76.7300033569336,6674900,512165099.40719604
2026-04-10 00:00:00,77.11000061035156,77.47000122070312,76.13999938964844,76.41999816894531,4069500,310991182.54852295
2026-04-13 00:00:00,75.61000061035156,76.4800033569336,75.1500015258789,76.19999694824219,1871245,142588863.28941345
