timestamps,open,high,low,close,volume,amount
2015-01-02 00:00:00,102.24775160453075,103.2003428245943,100.41584702475348,101.53330993652344,478100,48543075.480651855
2015-01-05 00:00:00,100.67231444447043,101.01121230216616,96.88026572700603,97.39320373535156,671600,65409275.62866211
2015-01-06 00:00:00,97.40236068582638,98.86788990306431,95.39642997371813,96.45893096923828,799500,77118915.309906
2015-01-07 00:00:00,97.08181704974558,99.63732571951635,96.44981448860682,98.71221160888672,743400,73382658.11004639
2015-01-08 00:00:00,99.71970112637094,102.90721031270773,99.55482947961838,102.50419616699219,755200,77411168.9453125
2015-01-09 00:00:00,102.65076942756541,103.0721066282942,100.05862285640235,100.55323791503906,709600,71352577.62451172
2015-01-12 00:00:00,100.99289064555452,101.12112339338034,98.37326681740892,100.83717346191406,533700,53816799.476623535
2015-01-13 00:00:00,101.8905446910112,102.81565858687478,98.11682521352041,99.60982513427734,653900,65134864.655303955
2015-01-14 00:00:00,98.00691609669144,98.46489234013393,96.50475457725314,97.69549560546875,789200,77101285.13183594
2015-01-15 00:00:00,98.35496084959942,98.721343187315,95.74449804913893,95.79029846191406,575900,55165632.88421631
2015-01-16 00:00:00,95.82691338428134,98.97778392757039,95.82691338428134,98.86787414550781,675100,66745701.835632324
2015-01-20 00:00:00,99.59149696059013,99.8571169788263,98.1809295756654,99.4083023071289,520100,51702258.029937744
2015-01-21 00:00:00,98.95948511224336,101.58827067005303,98.95948511224336,101.07533264160156,644200,65112729.28771973
2015-01-22 00:00:00,101.30431273760217,102.00043837188916,99.71971933222034,101.6340560913086,903100,91785716.05606079
2015-01-23 00:00:00,101.34095625578227,101.89968768664508,99.72887834108823,100.59903717041016,373200,37543560.67199707
2015-01-26 00:00:00,100.88298297867757,103.13622473591099,99.14267225907612,102.98051452636719,584600,60202408.79211426
2015-01-27 00:00:00,101.62490187491377,102.79732665418805,99.98535345613499,102.19279479980469,505500,51658457.77130127
2015-01-28 00:00:00,102.39430935227406,102.77900764448421,98.37327927911373,98.51067352294922,600700,59175361.585235596
2015-01-29 00:00:00,98.31832623262345,101.48752765303546,96.46810547878036,100.77307891845703,929000,93618190.31524658
2015-01-30 00:00:00,100.01282732373465,100.69979150374786,97.75958565187065,98.6846923828125,622900,61470694.885253906
2015-02-02 00:00:00,98.90452092181236,104.24451689853147,98.90452092181236,103.81401824951172,898800,93308039.60266113
2015-02-03 00:00:00,104.09797082296522,106.01230760150281,103.55755538128221,105.51769256591797,636300,67140907.7796936
2015-02-04 00:00:00,104.59257435797444,106.98320993968949,104.41854121973033,105.31617736816406,758400,79871788.91601562
2015-02-05 00:00:00,105.92072250514552,109.18151042898702,105.24291976563988,107.71598815917969,1138000,122580794.52514648
2015-02-06 00:00:00,107.6335334770717,109.05325504246522,107.49613926412137,108.05487060546875,881000,95196341.00341797
2015-02-09 00:00:00,108.14648297627083,110.3172923465548,107.3679249534963,109.1448745727539,1070100,116795930.28030396
2015-02-10 00:00:00,109.14486677626387,126.48383509765189,109.14486677626387,125.70528411865234,3942400,495580512.109375
2015-02-11 00:00:00,126.04413245167623,132.50159567745314,125.96170014092165,128.31568908691406,2848000,365443082.51953125
2015-02-12 00:00:00,128.35235469642245,130.70634400388647,126.84102555226728,130.13845825195312,1957400,254733018.18237305
2015-02-13 00:00:00,130.9445411105754,133.92138595265172,130.53235141292237,133.02374267578125,1559300,207423921.9543457
2015-02-17 00:00:00,132.6207413622214,133.35350607481098,130.9811927217901,131.59487915039062,1198200,157676984.19799805
2015-02-18 00:00:00,131.43911479862555,133.79311819738024,131.16432639751105,132.76724243164062,985500,130842117.41638184
2015-02-19 00:00:00,131.89709725215516,133.45421296611812,131.72306412373638,132.81304931640625,826500,109769985.26000977
2015-02-20 00:00:00,132.75813548259148,132.75813548259148,130.20262060633044,131.20101928710938,634400,83233926.63574219
2015-02-23 00:00:00,131.20098084507504,132.43750776609954,130.20258245682794,131.375,702100,92238387.5
2015-02-24 00:00:00,131.6315385169278,132.51084508078202,130.55986180422133,131.246826171875,508100,66686512.37792969
2015-02-25 00:00:00,131.53076099640148,132.11696993219365,129.88204399688493,130.51405334472656,545400,71182364.69421387
2015-02-26 00:00:00,132.1949360849307,132.75524037011093,129.39341465902945,130.0915069580078,703400,91506365.9942627
2015-02-27 00:00:00,130.42218472390934,131.69894189095925,130.22928710175546,130.73448181152344,491600,64269071.25854492
2015-03-02 00:00:00,130.7345723441754,131.8000721034149,129.86197034066993,131.67147827148438,541700,71326439.77966309
2015-03-03 00:00:00,130.43138367979677,132.13067139738558,130.43138367979677,131.34991455078125,572000,75132151.12304688
2015-03-04 00:00:00,130.61509240485003,131.83674019521573,129.9078196808132,131.1937713623047,641600,84173923.70605469
2015-03-05 00:00:00,131.7632028395128,132.01121000909566,130.43133636288368,130.85386657714844,449300,58792642.25311279
2015-03-06 00:00:00,129.97208066800718,131.18454779469073,128.25443292087027,129.2280731201172,528000,68232422.60742188
2015-03-09 00:00:00,129.0994921949635,129.9353584925303,128.11665762219823,128.47488403320312,449700,57775155.349731445
2015-03-10 00:00:00,127.42777286486748,128.2636392494467,125.76523437365735,126.408203125,672100,84958953.3203125
2015-03-11 00:00:00,126.91345499470454,128.3188066180057,125.6826265429736,127.57479858398438,517900,66070988.18664551
2015-03-12 00:00:00,128.8790675201124,131.9653318851893,128.6953641444099,131.8000030517578,864900,113993822.63946533
2015-03-13 00:00:00,131.53357763772678,131.76321028514448,128.70450173966094,130.25682067871094,687500,89551564.21661377
2015-03-16 00:00:00,130.66102101097923,131.90104333685903,130.01805218172163,130.771240234375,572300,74840380.78613281
2015-03-17 00:00:00,130.10069041648248,131.48766675587103,129.20971449822412,130.7528533935547,452500,59165666.160583496
2015-03-18 00:00:00,130.32111975049386,131.57950212701022,127.69412180010642,130.8814239501953,704600,92219051.31530762
2015-03-19 00:00:00,129.7424433478366,130.7436383079649,126.57351567627892,127.3818130493164,790500,100695323.21548462
2015-03-20 00:00:00,128.53915491699163,130.0730991045304,127.1246101586972,127.21646881103516,812500,103363380.90896606
2015-03-23 00:00:00,127.2164894598288,129.83430730407676,127.2164894598288,128.2452392578125,566800,72689401.61132812
2015-03-24 00:00:00,128.5208006295518,130.10067439214046,128.43813623882286,129.2280731201172,375800,48563909.87854004
2015-03-25 00:00:00,129.7241107829762,130.33952478369832,127.38185426247519,128.55758666992188,701200,90144579.77294922
2015-03-26 00:00:00,128.539189977154,131.6254537276364,127.96970542118194,130.5415802001953,826100,107840399.40338135
2015-03-27 00:00:00,130.26601275416473,131.34987210414863,129.15458459254504,130.18333435058594,618700,80544428.96270752
2015-03-30 00:00:00,131.11103622745094,131.26718471581748,130.25679565502008,131.202880859375,584800,76727444.7265625
2015-03-31 00:00:00,130.29362051809937,130.83555041340082,128.37388018578324,128.41062927246094,661100,84892267.01202393
2015-04-01 00:00:00,128.63106697783658,128.7688550285675,125.37947360936751,126.84912872314453,847000,107441212.02850342
2015-04-02 00:00:00,126.7388724128817,128.38305034894134,125.72849696976004,126.16938781738281,573000,72295059.21936035
2015-04-06 00:00:00,125.95814510230409,128.11668427877467,125.29680174197487,127.98809051513672,737700,94416814.37301636
2015-04-07 00:00:00,127.47366513741895,127.62063338517724,124.7456283569336,124.7456283569336,703100,87708651.29776001
2015-04-08 00:00:00,124.79158684835463,125.69174304881683,123.17497779222519,125.0947036743164,994900,124456720.6855774
2015-04-09 00:00:00,125.11311729946371,126.08675794514751,124.35073486550893,125.84793090820312,346500,43606308.05969238
2015-04-10 00:00:00,125.61825889750043,127.31754637196552,125.61825889750043,127.25324249267578,382000,48610738.63220215
2015-04-13 00:00:00,127.0695373787548,127.85947436441084,126.48167827424334,126.75724029541016,448400,56837946.548461914
2015-04-14 00:00:00,126.91337289990861,127.69412952589315,125.61824137402759,126.93174743652344,583900,74115447.32818604
2015-04-15 00:00:00,127.5012806066044,131.62548967207502,127.24409305846999,130.5967254638672,683500,89262861.85455322
2015-04-16 00:00:00,130.37626189099697,130.57833978499005,129.24647294961213,130.4405517578125,612000,79829617.67578125
2015-04-17 00:00:00,129.13628154667438,129.26487533761917,127.46456226439214,128.81480407714844,579400,74635297.4822998
2015-04-20 00:00:00,129.10867168730147,129.50364717258654,128.0339924606877,128.56674194335938,662300,85149753.18908691
2015-04-21 00:00:00,128.84233166062566,129.04440957735912,127.02363041002438,127.09711456298828,408200,51881042.16461182
2015-04-22 00:00:00,127.37267362546638,128.3279535757743,124.85589400463179,126.0591812133789,595500,75068242.41256714
2015-04-23 00:00:00,126.17857555690149,127.91459826394035,125.61827119030863,126.97770690917969,767100,97404598.97003174
2015-04-24 00:00:00,127.51960342285548,127.51960342285548,125.82951050192581,127.2440414428711,367200,46724012.017822266
2015-04-27 00:00:00,127.21647481104169,127.363443055449,124.67214139043516,124.84666442871094,637100,79539809.90753174
2015-04-28 00:00:00,124.44256337965038,125.63665636211145,123.97411766263221,125.0120620727539,644500,80570274.0058899
2015-04-29 00:00:00,124.27717116041245,126.76638080054204,123.99242896691872,125.1957015991211,798700,99993806.86721802
2015-04-30 00:00:00,126.38984257842684,134.4177927300324,126.38984257842684,131.02841186523438,1888400,247434052.9663086
2015-05-01 00:00:00,132.01128989179463,137.1091402643453,130.69778313981354,135.7864532470703,1692400,229804993.4753418
2015-05-04 00:00:00,136.0344287209012,138.13785826590768,135.96094456873618,136.30079650878906,890200,121334969.05212402
2015-05-05 00:00:00,136.05280305312624,136.9529734967406,134.61989697967684,134.91383361816406,769700,103843177.73590088
2015-05-06 00:00:00,135.2352731553335,138.3490917164908,133.53599974311084,136.94374084472656,1072500,146872162.05596924
2015-05-07 00:00:00,136.5303655783598,138.68891774293087,135.6118351280168,138.31231689453125,1046400,144730008.3984375
2015-05-08 00:00:00,140.53521751975768,143.10710665658624,139.4880929302372,142.271240234375,1181900,168150378.8330078
2015-05-11 00:00:00,141.74766236905464,142.51003050560598,140.3790465995561,141.25164794921875,833300,117704998.23608398
2015-05-12 00:00:00,140.4065752919504,140.85666029060732,138.11024900104164,138.46847534179688,1405800,194658982.63549805
2015-05-13 00:00:00,139.81880953837324,142.94180976982722,139.81880953837324,141.42623901367188,1173000,165892978.3630371
2015-05-14 00:00:00,142.08755789338434,142.48251948268899,139.96575359666133,142.06918334960938,821700,116738247.95837402
2015-05-15 00:00:00,141.92216189191035,142.73047332731502,140.50763089561727,142.6661834716797,1066100,152096418.1991577
2015-05-18 00:00:00,142.36307515118486,143.27241155443753,140.55356859017465,142.65699768066406,606600,86535734.79309082
2015-05-19 00:00:00,142.62027570117522,143.19894055204648,140.55358148144333,141.6925506591797,403400,57158774.935913086
2015-05-20 00:00:00,142.096710463643,142.096710463643,139.76364842305378,140.99447631835938,608200,85752840.49682617
2015-05-21 00:00:00,140.70970844813877,142.84069220638676,140.5719204452229,141.98646545410156,688000,97686688.23242188
2015-05-22 00:00:00,141.5731709050989,141.94057765572498,139.03801667250377,139.8922576904297,1018200,142438296.7803955
2015-05-26 00:00:00,139.12066326701026,139.87385113812778,137.2836019029522,138.83590698242188,1384100,192162778.85437012
2015-05-27 00:00:00,139.06552742488574,140.71888531029128,138.51441747352703,140.43414306640625,1078400,151444179.8828125
2015-05-28 00:00:00,139.6421891892256,140.81177331113122,137.616109185665,139.12646484375,749600,104289198.046875
2015-05-29 00:00:00,139.12642696512634,139.33823925239977,136.8885352259136,137.22927856445312,1217700,167104092.50793457
2015-06-01 00:00:00,137.1279983766511,138.1410382783321,134.77961196786592,135.4334716796875,1501800,203393987.7685547
2015-06-02 00:00:00,135.36899154558245,138.70279024005487,135.07428396582998,137.57003784179688,1827000,251340459.1369629
2015-06-03 00:00:00,137.32140237278082,138.27917405761386,134.6230401107486,136.17022705078125,1351100,183979593.76831055
2015-06-04 00:00:00,135.28607843557336,136.7595880353773,134.07964930129302,136.2991180419922,1261800,171982227.14538574
2015-06-05 00:00:00,135.68212271455081,138.1410313869466,134.68750560227292,136.39125061035156,1097800,149730314.92004395
2015-06-08 00:00:00,136.39125484338248,137.4503304959122,135.3874193043004,136.9161834716797,641200,87790656.84204102
2015-06-09 00:00:00,136.8609619140625,138.04896892084346,135.98607129016196,136.8609619140625,666500,91217831.11572266
2015-06-10 00:00:00,137.89240796809875,141.2630533467221,137.89240796809875,139.66983032226562,903000,126121856.78100586
2015-06-11 00:00:00,139.86315172781963,141.0419537903474,138.91458466269853,139.93682861328125,846600,118470519.1040039
2015-06-12 00:00:00,139.53166011465296,139.53166011465296,135.50715549118678,136.19786071777344,829900,113030604.60968018
2015-06-15 00:00:00,134.9361367574727,135.903126596787,133.37974586268402,134.5585479736328,683400,91957311.68518066
2015-06-16 00:00:00,134.4204205718484,135.35056499593225,133.58236172452004,134.23622131347656,453600,60889549.98779297
2015-06-17 00:00:00,134.49406002675028,135.31369599523887,131.92464382742068,133.52708435058594,674500,90064018.39447021
2015-06-18 00:00:00,134.26393994830667,136.28080235190473,133.37984473593824,135.70982360839844,622600,84492936.17858887
2015-06-19 00:00:00,135.68210994248543,137.62529416317608,135.68210994248543,136.5293731689453,669100,91351803.58734131
2015-06-22 00:00:00,137.3581779377039,138.0304741700868,135.55314363626204,136.74114990234375,551000,75344373.5961914
2015-06-23 00:00:00,136.6122738612582,137.24772488470043,135.56240253413765,136.41888427734375,317200,43272070.09277344
2015-06-24 00:00:00,136.34523210434958,136.4833675464897,132.78118312034314,134.37442016601562,532400,71540941.29638672
2015-06-25 00:00:00,134.6414548420137,134.65067323759857,132.93772389825332,133.7389373779297,608700,81406891.1819458
2015-06-26 00:00:00,134.19939811136314,134.71512234055314,132.86403772097515,133.42581176757812,1322300,176428950.90026855
2015-06-29 00:00:00,132.4956633093229,134.54015169652956,130.62615581013262,130.88401794433594,513700,67235120.01800537
2015-06-30 00:00:00,131.77735308389146,132.56936235765681,130.29463853832263,130.322265625,721300,94001450.1953125
2015-07-01 00:00:00,131.29845870994643,133.21400207142503,131.04980090677608,132.48646545410156,684300,90660488.3102417
2015-07-02 00:00:00,133.094310422719,133.8126428098767,131.86023960798047,132.61541748046875,522200,69251771.00830078
2015-07-06 00:00:00,131.01295223183266,133.61001042898826,130.6722088430666,133.03903198242188,804800,107069812.93945312
2015-07-07 00:00:00,132.97453325627407,134.42041587992819,130.34984849282438,133.56393432617188,884100,118083874.33776855
2015-07-08 00:00:00,132.62457291743837,135.45186564543437,131.44577076540418,133.16793823242188,835900,111315079.56848145
2015-07-09 00:00:00,134.613842550139,137.20168255600402,134.4020302148993,135.16641235351562,714600,96589918.26782227
2015-07-10 00:00:00,136.43730111183515,141.2262019589838,136.43730111183515,140.811767578125,896400,126223668.45703125
2015-07-13 00:00:00,142.22075000360985,142.88382789306425,140.58147801368887,141.2353515625,555700,78484484.86328125
2015-07-14 00:00:00,140.94994056355068,141.7235271792873,139.73429240816213,139.85401916503906,715300,100037579.90875244
2015-07-15 00:00:00,139.35671822183107,139.54090350475732,137.77269949427998,139.01596069335938,579600,80573650.8178711
2015-07-16 00:00:00,139.4119080930557,143.068041184995,139.30138573233305,141.63136291503906,565500,80092535.72845459
2015-07-17 00:00:00,142.85628619324345,145.25994146589377,142.27610323256016,144.15481567382812,1082300,156018757.00378418
2015-07-20 00:00:00,144.5507912874524,147.77408223970352,143.3075162991822,147.562255859375,885900,130725402.46582031
2015-07-21 00:00:00,147.58986559470523,148.6213281338357,145.7111538435851,147.5714569091797,795500,117393093.97125244
2015-07-22 00:00:00,146.63216517989858,149.27526023618867,146.2177447155146,148.12408447265625,828600,122735616.39404297
2015-07-23 00:00:00,148.7318356894342,149.88301088826884,146.20845459471332,146.68734741210938,847300,124288189.46228027
2015-07-24 00:00:00,146.68735019155815,147.2399199184416,143.36275559223168,145.35198974609375,670900,97516649.9206543
2015-07-27 00:00:00,144.42186505698595,144.68893156177649,141.106474345319,141.45643615722656,672100,95072870.74127197
2015-07-28 00:00:00,142.75491745931728,144.84545538610345,140.9038329480899,143.6758575439453,659800,94797330.80749512
2015-07-29 00:00:00,144.1824137478006,146.86235344223527,142.85625744323772,144.93759155273438,827600,119950350.76904297
2015-07-30 00:00:00,144.24687560008,145.2414927546192,143.08648189356776,145.0204620361328,445700,64635619.929504395
2015-07-31 00:00:00,145.7479557279272,146.22684845073528,144.08105661763952,144.42181396484375,453800,65538619.177246094
2015-08-03 00:00:00,144.24688810464602,146.07034601982448,142.80100504418454,144.1455841064453,740800,106783048.70605469
2015-08-04 00:00:00,141.49327031439526,152.4800956479338,139.98292875050038,152.3511505126953,2115800,322344564.25476074
2015-08-05 00:00:00,153.53919750958204,158.95433201323596,152.8024423172071,156.68881225585938,1631500,255637797.19543457
2015-08-06 00:00:00,156.6979917857964,159.17532352595322,153.8799166197591,154.46011352539062,1022400,157920020.06835938
2015-08-07 00:00:00,154.9113276936181,155.8230493242558,152.64580905043402,154.3311309814453,543900,83940702.1408081
2015-08-10 00:00:00,155.81386335543897,159.35027009368397,155.5652055848406,158.40170288085938,606900,96133993.47839355
2015-08-11 00:00:00,157.18605108689297,159.18450348991738,156.61507271598936,157.4807586669922,789300,124299562.81585693
2015-08-12 00:00:00,156.35725332806808,159.09244732376257,155.82310623252684,158.96351623535156,857200,136263526.11694336
2015-08-13 00:00:00,158.87141029468356,159.70946936242595,156.93744404500976,158.5398712158203,519600,82377317.08374023
2015-08-14 00:00:00,158.40173637924443,161.38558810014837,157.803130787157,161.1921844482422,804400,129662993.17016602
2015-08-17 00:00:00,161.65262851887942,162.12230295136135,159.42395497167135,161.27503967285156,498700,80427862.28485107
2015-08-18 00:00:00,161.11850217300295,163.54978399533778,160.16073044705504,161.8000030517578,439800,71159641.34216309
2015-08-19 00:00:00,161.072420365775,161.24740123587625,156.35721147746344,157.37945556640625,638100,100423830.59692383
2015-08-20 00:00:00,156.55983168262082,157.3518408049949,152.97737491974522,153.75096130371094,533300,81995387.66326904
2015-08-21 00:00:00,152.21304750427458,153.3550188040722,147.21234724283383,148.86082458496094,969600,144335455.51757812
2015-08-24 00:00:00,140.8854306322993,149.55148145732971,131.8418049976911,142.57997131347656,1330100,189645619.84405518
2015-08-25 00:00:00,146.19924294792614,150.86841606629605,142.1378936767578,142.1378936767578,950200,135059426.57165527
2015-08-26 00:00:00,145.8124895441839,145.8124895441839,140.70126771259356,145.4533233642578,770100,112013604.32281494
2015-08-27 00:00:00,147.15699319683202,153.70487701564795,147.15699319683202,151.94589233398438,792200,120371535.90698242
2015-08-28 00:00:00,151.05967180525428,154.19847243360252,150.19188193751785,152.7860107421875,706300,107912759.38720703
2015-08-31 00:00:00,152.3059325229985,156.36792497577068,151.4381427780605,154.9093017578125,783500,121371437.9272461
2015-09-01 00:00:00,151.7613656433703,153.83851798819285,150.21043198746645,151.14283752441406,677000,102323701.00402832
2015-09-02 00:00:00,153.53386577441574,155.6571798566309,151.9367703759343,155.60179138183594,555600,86452355.29174805
2015-09-03 00:00:00,156.39561624592574,158.7866443114643,154.83544289389621,155.01084899902344,708500,109825186.5158081
2015-09-04 00:00:00,153.33061004158384,155.62932802395423,151.57657771184276,153.6721954345703,614800,94477665.75317383
2015-09-08 00:00:00,155.48169455119412,157.30958372272283,154.52159527433992,156.93109130859375,550000,86312100.21972656
2015-09-09 00:00:00,158.58354217554236,159.65443221501812,155.21394754789725,155.64784240722656,949200,147740932.01293945
2015-09-10 00:00:00,155.72174553389135,158.41743920055632,154.70625761683078,157.6511993408203,1062700,167535929.53948975
2015-09-11 00:00:00,156.95880794274441,158.592823697811,155.36169904191905,158.306640625,955300,151230333.7890625
2015-09-14 00:00:00,158.34358249381896,161.56546648877003,156.83879700992313,159.59910583496094,1044900,166765105.68695068
2015-09-15 00:00:00,160.2360765047466,162.69172026409728,159.31289813438775,161.63929748535156,733300,118530096.8460083
2015-09-16 00:00:00,161.73159214693433,163.95645500395298,160.57761938954891,162.95018005371094,536300,87390181.56280518
2015-09-17 00:00:00,162.79328621236584,164.9442937139846,161.44545354961178,162.41477966308594,643200,104465186.27929688
2015-09-18 00:00:00,160.125319596343,161.37161629617492,156.82033863676313,156.83880615234375,2066300,324076025.1525879
2015-09-21 00:00:00,158.020439383685,160.15297915752984,157.5773177117834,158.40817260742188,644400,102078226.42822266
2015-09-22 00:00:00,156.37718948124774,156.37718948124774,151.23509308970614,153.26608276367188,961900,147426645.01037598
2015-09-23 00:00:00,153.7830436077823,154.1892443154935,146.38839046212956,149.04713439941406,1068300,159227053.67889404
2015-09-24 00:00:00,147.339250104337,147.70851575910206,143.3234191975037,147.42233276367188,1186000,174842886.65771484
2015-09-25 00:00:00,148.81636704217547,149.73031880168932,145.76987526371488,147.14541625976562,806700,118702207.29675293
2015-09-28 00:00:00,145.85291052572103,146.11139926224976,140.15690343926022,141.0062255859375,1098300,154867137.56103516
2015-09-29 00:00:00,141.7725083751642,144.44972000092946,135.40256920019587,136.9719696044922,1508500,206622216.14837646
2015-09-30 00:00:00,138.41207764831753,140.64618091539285,135.90104632333836,140.2769012451172,1342300,188293684.5413208
2015-10-01 00:00:00,141.4585841387523,145.27131441023002,140.9785416425525,144.68048095703125,1565300,226468356.84204102
2015-10-02 00:00:00,144.58815806482792,150.63497779473568,143.07414645475677,150.55189514160156,1223300,184170133.3267212
2015-10-05 00:00:00,151.92746997792503,153.43224113091085,149.49950637524924,151.70590209960938,800800,121486086.40136719
2015-10-06 00:00:00,151.22588312078693,152.0936732523783,145.48371114329973,147.09927368164062,1162600,171017615.5822754
2015-10-07 00:00:00,148.18859913557597,149.48104324719108,145.38212894094838,147.46852111816406,1085100,160018092.26531982
2015-10-08 00:00:00,146.8869554533693,151.19819805520333,145.85299987386307,150.53350830078125,599900,90305051.62963867
2015-10-09 00:00:00,150.718073647059,153.4599141332477,149.58256836170852,152.3890380859375,1023600,155985419.38476562
2015-10-12 00:00:00,152.32441633155628,153.1552711496408,149.25945767774954,149.57334899902344,544600,81457645.86486816
2015-10-13 00:00:00,148.4286341317461,149.65646319428484,142.42797404229856,143.1942138671875,999000,143051019.6533203
2015-10-14 00:00:00,143.50804151572544,143.8957746508094,138.9937008968884,140.09228515625,986600,138215048.53515625
2015-10-15 00:00:00,140.9600979428824,141.01548638744646,136.28881796354108,137.7566680908203,2227400,306839202.50549316
2015-10-16 00:00:00,138.62442448788363,140.17535690759829,137.71047311346487,139.80609130859375,1651400,230875779.18701172
2015-10-19 00:00:00,138.72603946749396,139.98156281202895,134.137841118563,137.03662109375,1204700,165088017.43164062
2015-10-20 00:00:00,136.35343260051383,139.59379746099523,135.9010842472422,136.981201171875,730400,100051069.3359375
2015-10-21 00:00:00,137.91357759030063,138.78136726944655,133.50078734180036,134.69168090820312,956500,128832592.78869629
2015-10-22 00:00:00,135.2733447722133,141.42171697636306,133.94396547546893,140.69239807128906,913700,128550644.11773682
2015-10-23 00:00:00,141.7078640650339,142.4464094963701,139.40914510772782,141.135498046875,765000,107968656.00585938
2015-10-26 00:00:00,140.6277198318654,142.63101459238504,136.40878920825406,137.16580200195312,835600,114615744.15283203
2015-10-27 00:00:00,136.12271391440748,137.33207591228955,132.2822866502484,135.7257537841797,1062800,144249331.12182617
2015-10-28 00:00:00,136.51959617987706,142.31715412585584,135.87336017318623,141.1170196533203,885800,125001456.00891113
2015-10-29 00:00:00,140.17540662877656,142.2894930797105,138.3198230927341,140.02769470214844,642600,89981796.61560059
2015-10-30 00:00:00,140.6462365955688,143.80350507181072,139.75997912262747,143.2311248779297,985800,141197242.9046631
2015-11-02 00:00:00,143.49885758821387,144.68052485312947,140.94164938974868,143.3419189453125,1056800,151483739.94140625
2015-11-03 00:00:00,139.1691635561579,139.79691819571207,127.6755936618721,131.19290161132812,4078400,535057129.9316406
2015-11-04 00:00:00,130.80515832975988,135.2179502442815,127.73097236572458,134.6455841064453,2168600,291992413.6932373
2015-11-05 00:00:00,134.1654811477061,143.57266867418028,132.29143064524868,143.3972625732422,2660300,381479737.6235962
2015-11-06 00:00:00,142.74185865960473,145.62218522905397,141.4401876485179,143.07420349121094,1179300,168727408.17718506
2015-11-09 00:00:00,143.08340000896197,143.09262672016152,138.66136836570462,140.46156311035156,1214600,170604614.553833
2015-11-10 00:00:00,140.08306760040813,142.71411706468643,140.08306760040813,141.76324462890625,705200,99971440.11230469
2015-11-11 00:00:00,142.84337407318947,145.16978732786978,141.50476835870694,143.8404083251953,674300,96991587.3336792
2015-11-12 00:00:00,142.3818150907478,143.55425572159265,139.6215204109373,139.86154174804688,702800,98294691.54052734
2015-11-13 00:00:00,139.75077524615648,144.89287251231346,139.4091895992814,141.64328002929688,656300,92960484.68322754
2015-11-16 00:00:00,141.56011913518702,145.55748179136583,140.81234716680197,145.40054321289062,862500,125407968.52111816
2015-11-17 00:00:00,145.45592653367007,149.6933102634188,144.0434652904205,144.9112548828125,750600,108770387.91503906
2015-11-18 00:00:00,144.9389887915432,147.6623618782716,144.9389887915432,147.0623016357422,626900,92193356.89544678
2015-11-19 00:00:00,147.34849400452083,150.23804668884873,145.97295321987934,148.28089904785156,571600,84757361.89575195
2015-11-20 00:00:00,148.7609808858247,150.33038149697836,147.80088145709323,148.51171875,681200,101166182.8125
2015-11-23 00:00:00,148.6594025627959,150.48729167764503,147.01614629316472,147.63467407226562,577000,85185206.93969727
2015-11-24 00:00:00,146.64687052557855,149.60103810581342,146.0744904321771,148.60400390625,653600,97127576.953125
2015-11-25 00:00:00,148.72399227012255,149.65639704688598,147.37614609382888,147.9392852783203,421100,62297233.03070068
2015-11-27 00:00:00,148.03192658980106,149.8273770710112,147.31929627964445,149.00369262695312,264500,39411476.6998291
2015-11-30 00:00:00,149.2442296820235,150.41035391164175,144.50573437463356,145.67184448242188,887700,129312896.3470459
2015-12-01 00:00:00,146.4493626920838,148.24479922306503,145.16293373802773,147.46739196777344,722600,106559937.43591309
2015-12-02 00:00:00,148.05963144430544,148.7537477497737,145.58857909145829,146.19015502929688,814000,118998786.19384766
2015-12-03 00:00:00,146.28270443755983,147.96710022140888,140.951895965966,142.19204711914062,774400,110113521.2890625
2015-12-04 00:00:00,143.19158578644365,144.38545977065937,140.45213353752234,143.7006072998047,506900,72841837.840271
2015-12-07 00:00:00,142.6362841904413,143.20083274462655,135.75991136140112,136.33370971679688,1142900,155815796.83532715
2015-12-08 00:00:00,134.71411950350864,139.4433668546485,133.97372579283763,137.49058532714844,728400,100148142.35229492
2015-12-09 00:00:00,137.3517835562172,138.61969857653773,132.38189955476506,133.69610595703125,730700,97691744.62280273
2015-12-10 00:00:00,133.15003500515533,135.4915199391889,130.72525948971378,132.94642639160156,1083500,144047452.9953003
2015-12-11 00:00:00,130.97514913544418,133.61278314232325,130.87334482572945,131.50267028808594,666500,87646529.74700928
2015-12-14 00:00:00,131.85434643758865,132.77058512750452,129.6146659840724,131.9931640625,642600,84818807.2265625
2015-12-15 00:00:00,132.91868812989352,135.91727672707052,132.42818022814137,134.28842163085938,466500,62645548.6907959
2015-12-16 00:00:00,135.28788731950928,137.277695849461,133.0852345338396,136.6668701171875,591100,80783786.92626953
2015-12-17 00:00:00,137.01857443436134,137.01857443436134,132.01167828990293,132.10423278808594,596100,78747333.16497803
2015-12-18 00:00:00,131.6508093123653,131.7988909405526,129.16124166060172,129.48516845703125,1078400,139636805.6640625
2015-12-21 00:00:00,129.90156913808786,130.82705765741827,128.92055356709108,130.49388122558594,545900,71236609.76104736
2015-12-22 00:00:00,130.882592242848,131.55819494673418,128.7077025703327,129.42031860351562,776300,100468993.33190918
2015-12-23 00:00:00,130.8547770294277,133.19626106350896,129.2444224653083,132.30780029296875,931300,123218254.4128418
2015-12-24 00:00:00,132.3078701364731,132.7706144842727,131.45640810930544,131.7248077392578,105700,13923312.17803955
2015-12-28 00:00:00,131.28980189611298,131.891363784848,128.05059207897398,129.39254760742188,451200,58381917.48046875
2015-12-29 00:00:00,130.4939077664479,131.5582141314111,128.64293035132098,130.1792449951172,518800,67536992.3034668
2015-12-30 00:00:00,130.14225128897053,130.55873261285166,126.87527643377896,127.06037139892578,509300,64711847.1534729
2015-12-31 00:00:00,126.70861873458962,128.7354405661105,126.05151576475532,126.40320587158203,603000,76221133.14056396
2016-01-04 00:00:00,124.56151549678341,125.87570770080453,122.47916600949941,125.69061279296875,1200800,150929287.84179688
2016-01-05 00:00:00,126.04227531621457,126.44949249710415,123.00667430464361,123.25654602050781,945700,116563715.57159424
2016-01-06 00:00:00,120.8502824079128,122.89560395577749,119.62863088642835,120.15616607666016,822200,98792399.74822998
2016-01-07 00:00:00,117.98129244152722,123.7748531825893,116.9539995079564,119.90630340576172,1355800,162568966.15753174
2016-01-08 00:00:00,120.32274999442375,120.67444012936106,116.25986326752032,116.73185729980469,891000,104008084.85412598
2016-01-11 00:00:00,117.3056714726407,118.05531492433332,114.71430075775397,115.43618774414062,1197300,138211747.58605957
2016-01-12 00:00:00,116.56527274577638,119.87852324183439,115.69531836469936,118.42550659179688,981500,116234634.71984863
2016-01-13 00:00:00,118.61983294594909,119.31394916644084,112.88180834758349,113.7239990234375,1247700,141893433.58154297
2016-01-14 00:00:00,114.10349449339043,115.87117411203684,112.51165291371852,114.39965057373047,903700,103382964.22348022
2016-01-15 00:00:00,111.87304633759098,116.32465078420384,110.6699155349007,115.39916229248047,872700,100708848.9326477
2016-01-19 00:00:00,116.58377797953068,117.05577905314509,109.1613568599395,110.30896759033203,1379700,152193282.5843811
2016-01-20 00:00:00,108.71716161647366,109.45754835965674,105.03371338549162,108.28218078613281,1599800,173229832.82165527
2016-01-21 00:00:00,108.68938230368701,110.44780497651261,106.99573648882775,109.55008697509766,1579100,172990542.3423767
2016-01-22 00:00:00,111.59538627752676,116.75961293459984,111.59538627752676,114.3903579711914,1029400,117753434.49554443
2016-01-25 00:00:00,113.63149561755412,114.18678739683801,107.9675095835731,108.61534881591797,877200,95277383.98132324
2016-01-26 00:00:00,109.69816570584896,110.87354021493813,107.68985708212585,110.71620178222656,952100,105412895.71685791
2016-01-27 00:00:00,110.82725213368734,113.18725072374023,109.33721502655729,111.05862426757812,659500,73243162.70446777
2016-01-28 00:00:00,112.36358827984513,113.63150330043497,108.93001893351183,109.63339233398438,503300,55178486.361694336
2016-01-29 00:00:00,110.29045509820817,117.15757759090705,109.01328359990896,116.22283935546875,1248300,145080970.36743164
2016-02-01 00:00:00,115.12150223405133,116.65781637693861,114.23303421178198,114.50142669677734,875100,100200198.50234985
2016-02-02 00:00:00,112.86332408891829,113.61297460415715,108.81894370744561,112.15995788574219,1125400,126224816.60461426
2016-02-03 00:00:00,113.73327719628705,114.25154847854854,109.20763915547991,112.27100372314453,965900,108442562.4961853
2016-02-04 00:00:00,112.94660460964813,117.12980904959832,112.94660460964813,115.1400146484375,1428600,164489024.9267578
2016-02-05 00:00:00,114.98270483657187,115.88042993290937,112.27102288185624,113.88137817382812,947300,107879829.54406738
2016-02-08 00:00:00,112.66895891881627,113.08543294675053,107.20857579737024,109.06880950927734,1146400,125036483.22143555
2016-02-09 00:00:00,104.65424117046031,123.62675540157744,100.23965707574057,119.27696228027344,3226900,384894829.58221436
2016-02-10 00:00:00,121.01689329386186,127.71743634235062,119.23070694088871,121.59070587158203,1910200,232262566.355896
2016-02-11 00:00:00,118.63836090779553,123.52493855691652,117.25012830016269,119.75819396972656,1588800,190271818.57910156
2016-02-12 00:00:00,122.00717412192206,126.07931865660645,119.68420262387826,122.9604263305664,1140800,140273254.35791016
2016-02-16 00:00:00,124.30236103061733,126.22737884945329,121.47036841506248,125.32040405273438,942200,118076884.69848633
2016-02-17 00:00:00,126.21816118130407,131.9469388458409,124.38568327497272,128.5596466064453,990400,127325473.99902344
2016-02-18 00:00:00,128.56888767052155,131.32684002441275,124.86693289467524,125.92198944091797,643500,81030800.20523071
2016-02-19 00:00:00,125.46855218090116,128.56893189912242,123.6731012374743,125.84799194335938,683400,86004517.6940918
2016-02-22 00:00:00,127.08812002190119,130.28105333713316,127.08812002190119,129.6147003173828,710000,92026437.2253418
2016-02-23 00:00:00,128.41154560761547,130.6049491108987,127.18064405239609,128.078369140625,680800,87195753.7109375
2016-02-24 00:00:00,126.43098379784439,132.5299495873268,125.8016442782342,132.10423278808594,763300,100835160.887146
2016-02-25 00:00:00,132.07645704053692,134.5382454754843,129.9755943983352,132.80758666992188,735700,97706541.51306152
2016-02-26 00:00:00,133.8006921291703,134.38538443988455,130.67308108055798,131.97238159179688,588700,77692141.04309082
2016-02-29 00:00:00,132.45493479536506,134.26467916490978,131.85169139261953,132.36212158203125,645100,85386804.63256836
2016-03-01 00:00:00,134.09765470797763,138.28327075836373,132.0651667847128,136.20437622070312,891600,121439821.8383789
2016-03-02 00:00:00,135.2855892239107,137.27167051554784,133.68000817987246,136.94683837890625,740800,101450217.87109375
2016-03-03 00:00:00,137.83774896624902,138.76582427597893,135.4804297492041,137.75421142578125,877500,120879320.52612305
2016-03-04 00:00:00,137.29013014568656,139.3040653898023,135.5360689341187,137.2158966064453,955000,131041181.25915527
2016-03-07 00:00:00,138.28326288247248,144.70554426463687,137.58720619011106,143.51760864257812,1375000,197336711.88354492
2016-03-08 00:00:00,142.19975393249672,143.49905419356585,140.17654162733388,141.25311279296875,890000,125715270.38574219
2016-03-09 00:00:00,141.80998247821825,142.4781981749,140.26009761992688,141.74501037597656,651600,92361048.76098633
2016-03-10 00:00:00,142.42245498461165,143.59182487304972,140.02801878907096,142.35748291015625,607000,86410992.12646484
2016-03-11 00:00:00,144.45493667551727,146.07906869668702,143.48046879186134,145.31805419921875,579400,84197280.60302734
2016-03-14 00:00:00,144.55700391485223,144.82615368271365,141.58716578125973,143.45260620117188,653800,93789313.93432617
2016-03-15 00:00:00,141.46658029089807,143.20209157941846,140.3992988390313,142.19976806640625,500100,71114104.01000977
2016-03-16 00:00:00,141.32730123808213,143.9815970815308,140.44563256224984,142.96070861816406,494300,70665478.2699585
2016-03-17 00:00:00,142.8307724896611,145.67997024831737,141.77276729200818,144.6962127685547,708000,102444918.64013672
2016-03-18 00:00:00,145.1603349969201,146.22761647092807,143.55475371411256,145.5501251220703,908800,132275953.7109375
2016-03-21 00:00:00,145.26235808126697,145.95841459536788,143.47116528776812,144.91896057128906,396900,57518335.45074463
2016-03-22 00:00:00,144.2600772947185,146.17191081480408,144.2600772947185,144.6313018798828,402300,58185172.746276855
2016-03-23 00:00:00,143.45262120412875,145.0303465499834,141.80992378292441,142.77511596679688,489600,69902696.77734375
2016-03-24 00:00:00,142.02337241887832,142.72870460042222,139.90736171294034,142.61734008789062,634400,90476440.55175781
2016-03-28 00:00:00,142.61732499331154,143.3319469161352,141.10455777210564,142.82150268554688,463500,66197766.49475098
2016-03-29 00:00:00,142.1997624182447,143.8703015402447,141.2902521812214,143.12783813476562,515600,73796713.34228516
2016-03-30 00:00:00,144.32503911181257,144.4178523412586,141.1603119105754,143.69395446777344,587600,84434567.64526367
2016-03-31 00:00:00,143.5547016827804,148.65911658219304,143.33197264131545,148.0373077392578,1050400,155498388.0493164
2016-04-01 00:00:00,146.72877243141923,151.6661277443235,145.10463997195012,150.39466857910156,1087700,163584281.01348877
2016-04-04 00:00:00,149.88419069831264,149.88419069831264,147.1092399024835,148.40855407714844,581200,86255051.62963867
2016-04-05 00:00:00,147.4062381673074,149.56865585212265,146.47816263706784,147.8981170654297,652900,96562680.63201904
2016-04-06 00:00:00,147.76818848483606,153.18814623506853,147.49903864813416,152.05589294433594,920100,139906627.0980835
2016-04-07 00:00:00,150.71948336767971,151.3505821881002,149.04895848824341,150.31114196777344,717200,107803151.01928711
2016-04-08 00:00:00,151.65682581589445,156.05589476659378,151.4526480663091,154.2275848388672,724600,111753307.97424316
2016-04-11 00:00:00,155.53620103762233,156.1301689110485,152.1858472399796,152.29722595214844,447200,68107319.44580078
2016-04-12 00:00:00,152.39926272892777,153.16955282402895,151.2020375713728,152.06515502929688,558200,84882769.53735352
2016-04-13 00:00:00,153.13250146137008,153.4480438232422,150.32043302198446,153.4480438232422,671500,103040361.42730713
2016-04-14 00:00:00,153.1324737841371,153.8285304831559,151.6289958458756,153.45730590820312,337800,51837877.935791016
2016-04-15 00:00:00,153.13251654025785,153.8471389159469,151.99098720030742,153.7172088623047,460900,70848261.56463623
2016-04-18 00:00:00,153.4850963694392,156.63127104382755,152.85399780680785,156.22291564941406,568300,88781482.96356201
2016-04-19 00:00:00,156.1858620824003,157.12322765521586,154.29259377918493,155.54550170898438,506400,78768242.06542969
2016-04-20 00:00:00,155.74961258284196,158.84009104727468,154.85865401273014,157.55935668945312,567500,89414934.92126465
2016-04-21 00:00:00,157.71715144911454,158.93292807838662,156.399285949223,156.57562255859375,324000,50730501.708984375
2016-04-22 00:00:00,157.2902272367845,159.3783970515378,156.26935271302315,158.32968139648438,371700,58851142.57507324
2016-04-25 00:00:00,158.49676622671336,158.71021967162181,156.49211932467992,157.345947265625,307200,48336675.0
2016-04-26 00:00:00,158.04193855882806,159.1556402616334,156.89113423584382,158.00482177734375,517600,81783295.75195312
2016-04-27 00:00:00,158.4874889604106,161.00256614067604,157.29955321450825,160.1301727294922,708600,113468240.39611816
2016-04-28 00:00:00,159.16494017248613,160.72410013593182,157.49440152500318,157.83779907226562,381200,60167769.006347656
2016-04-29 00:00:00,157.54080019786022,157.9398658250873,155.33197619955038,157.05819702148438,814000,127845372.37548828
2016-05-02 00:00:00,157.94918188118766,160.17655756149568,157.0582231122789,159.75892639160156,560600,89560854.13513184
2016-05-03 00:00:00,159.10000669839192,163.07218362904453,157.5779631527686,160.73342895507812,911800,146556740.52124023
2016-05-04 00:00:00,159.60117814952812,161.53157729143112,153.3830738351289,157.27171325683594,1236000,194387837.58544922
2016-05-05 00:00:00,161.48511736188615,164.33431559782474,159.25774209727933,162.41319274902344,2205600,358218537.9272461
2016-05-06 00:00:00,162.37611712414437,165.58725084727638,159.23921698885053,165.1139373779297,1648300,272157302.9800415
2016-05-09 00:00:00,165.54080186670822,169.88420203175468,164.58488535320205,169.14173889160156,1368100,231402812.9776001
2016-05-10 00:00:00,169.32738785478404,175.10929479112622,169.28098124321625,174.33900451660156,1479500,257934557.182312
2016-05-11 00:00:00,174.46897394650966,175.69402663305488,172.48289230999575,173.29031372070312,1246200,215954388.95874023
2016-05-12 00:00:00,174.70088056218708,176.1115446685636,172.15794941879432,173.33660888671875,833200,144424062.52441406
2016-05-13 00:00:00,173.02110458586833,174.73804988488757,170.53386910197216,171.46194458007812,922500,158173643.87512207
2016-05-16 00:00:00,172.49207653864894,174.66376935092748,172.09299679411785,173.15101623535156,635500,110037470.81756592
2016-05-17 00:00:00,172.79842397293112,173.42950867752,171.21140822952475,172.83554077148438,685800,118530613.86108398
2016-05-18 00:00:00,171.69394118309586,173.70786301004895,171.39695027119006,172.38072204589844,921100,158779883.07647705
2016-05-19 00:00:00,171.28564762790506,172.14876538624483,170.03275393918838,171.63832092285156,914500,156963244.48394775
2016-05-20 00:00:00,172.928352986238,174.61744345599573,171.8889126971563,173.7172088623047,555100,96430422.63946533
2016-05-23 00:00:00,173.87496308434558,176.2601099268642,173.27170546920993,175.2113800048828,481000,84276673.78234863
2016-05-24 00:00:00,175.59193935500025,177.54090420870753,174.3575968358274,176.90980529785156,637700,112815382.83843994
2016-05-25 00:00:00,178.1997764504144,179.9259974933012,177.26242526827107,179.25778198242188,712600,127739095.44067383
2016-05-26 00:00:00,179.01646031298094,179.51761478953313,177.13246841573746,177.91204833984375,743600,132295399.14550781
2016-05-27 00:00:00,177.49357174991442,178.9071859517967,176.77745540613157,178.4049835205078,785600,140154955.05371094
2016-05-31 00:00:00,179.40941374610452,179.5675147841503,173.8293170064762,175.81024169921875,1093800,192301242.37060547
2016-06-01 00:00:00,175.81022958768867,176.05204284526945,173.39219634831275,175.5219268798828,853600,149825516.78466797
2016-06-02 00:00:00,175.0941614349087,175.0941614349087,172.18320606333447,174.7500457763672,754000,131761534.51538086
2016-06-03 00:00:00,174.3500821099008,175.41959471977106,171.61583309019215,173.661865234375,708300,123004699.14550781
2016-06-06 00:00:00,173.19686689852426,175.0197044098268,171.50424524388077,174.0338897705078,634800,110476713.22631836
2016-06-07 00:00:00,173.90368678066147,175.09410605578478,172.83415992864545,173.96878051757812,525100,91351006.64978027
2016-06-08 00:00:00,175.81950165289365,176.97271224026707,173.21545439957592,176.5170135498047,804500,142007937.40081787
2016-06-09 00:00:00,177.77255222990402,177.8004515745531,173.29917755287485,175.98692321777344,680000,119671107.78808594
2016-06-10 00:00:00,174.378013526653,174.43381222043448,171.6809725938084,172.55517578125,626700,108140328.66210938
2016-06-13 00:00:00,171.19737395070302,173.02019765092848,170.04414882031125,170.0906524658203,576100,97989224.88555908
2016-06-14 00:00:00,169.9603972181918,170.88111802183806,166.37983050603867,168.9559783935547,1015900,171642378.4500122
2016-06-15 00:00:00,169.80234359050377,172.91788905406258,169.30943618595686,170.8067626953125,555600,94900237.35351562
2016-06-16 00:00:00,169.9790483248457,171.03926612215167,168.07251246198408,170.462646484375,700800,119460222.65625
2016-06-17 00:00:00,170.02554434576444,170.4626388420336,168.2585053021963,169.95114135742188,873300,148418331.74743652
2016-06-20 00:00:00,171.58796876108443,173.76420300784338,170.97415473530543,171.23455810546875,752500,128854004.97436523
2016-06-21 00:00:00,171.36477686541141,171.67168390888128,169.9046588365745,170.95558166503906,523100,89426864.76898193
2016-06-22 00:00:00,171.0578051870736,171.5414173932235,169.43958672140016,171.03921508789062,489300,83689487.94250488
2016-06-23 00:00:00,172.7319173171683,174.80586381029093,171.97860641135549,174.7965545654297,724000,126552705.5053711
2016-06-24 00:00:00,169.5419448260408,178.3305944935356,168.39802894955292,174.7686309814453,2310200,403750491.29333496
2016-06-27 00:00:00,172.9271798943728,174.00600187631255,165.7567501832305,166.69607543945312,1070200,178398139.93530273
2016-06-28 00:00:00,168.78857930743013,170.53699943056233,166.6681443350774,168.2119598388672,787500,132466918.37310791
2016-06-29 00:00:00,170.43470294305143,172.66674954187624,169.7743996233663,172.2482452392578,568000,97837003.29589844
2016-06-30 00:00:00,173.0387970677936,178.66539743364046,172.12738524338178,178.56309509277344,866100,154653496.65985107
2016-07-01 00:00:00,178.29337921565744,178.93507835548334,173.60609048121438,175.89393615722656,1052700,185163546.5927124
2016-07-05 00:00:00,175.37315917183602,175.69865632269196,172.70400306566071,173.69912719726562,401600,69757569.48242188
2016-07-06 00:00:00,173.40150957617803,181.79955433579144,173.18760983359763,181.27874755859375,923600,167429051.2451172
2016-07-07 00:00:00,181.38099223881161,182.0971084252509,179.72556514147516,181.67860412597656,757600,137639710.48583984
2016-07-08 00:00:00,183.53860073982497,184.35700489114845,182.01337558714698,182.93408203125,625100,114352094.67773438
2016-07-11 00:00:00,183.67814809092386,185.8822813269215,182.7016285160545,182.77603149414062,538100,98351782.54699707
2016-07-12 00:00:00,183.77115593300562,185.70557660559476,182.92483801942467,184.0780487060547,495400,91192265.32897949
2016-07-13 00:00:00,185.0545427985661,185.0545427985661,182.2273009664458,183.0922088623047,603300,110459529.60662842
2016-07-14 00:00:00,183.87347934157177,185.37080574850387,182.2180377182584,183.29685974121094,410400,75225031.23779297
2016-07-15 00:00:00,183.99438026022435,184.44079820190638,182.65515481701698,183.7432861328125,375200,68940480.95703125
2016-07-18 00:00:00,184.13388346756054,186.2822182797394,183.5200694666755,185.97531127929688,496600,92355339.58129883
2016-07-19 00:00:00,185.41727187905192,185.50098409805466,183.520045621189,184.36636352539062,220900,40726529.70275879
2016-07-20 00:00:00,184.27334886531492,186.00317899762953,182.6179217075093,184.46865844726562,349700,64508689.85900879
2016-07-21 00:00:00,184.62680076627916,185.3243128436246,181.5205361967353,182.35755920410156,426000,77684320.22094727
2016-07-22 00:00:00,182.227321623417,184.85926837975472,182.227321623417,184.3756561279297,399100,73584324.36065674
2016-07-25 00:00:00,184.3570527636799,184.90577294430162,182.8969351413055,184.7848663330078,243900,45069028.898620605
2016-07-26 00:00:00,184.78489819881793,187.8260547702191,183.7339754816759,187.73304748535156,465200,87333413.69018555
2016-07-27 00:00:00,187.95625061506016,189.4628720848552,186.54262223632426,187.41683959960938,413500,77496863.17443848
2016-07-28 00:00:00,187.16573728622765,191.9181200527843,186.74723288575908,191.30430603027344,624300,119431278.2546997
2016-07-29 00:00:00,190.98813899531518,191.8065578420995,188.00278056805652,188.46778869628906,820400,154618973.84643555
2016-08-01 00:00:00,185.4731180789559,185.4731180789559,180.06043134569748,182.57147216796875,1127800,205904106.31103516
2016-08-02 00:00:00,180.14410496312394,185.54749591057177,179.03738359973462,184.60818481445312,886800,163710538.29345703
2016-08-03 00:00:00,184.12458465716645,186.92394221787896,184.12458465716645,186.1334228515625,525500,97813113.7084961
2016-08-04 00:00:00,185.81723019314023,185.81723019314023,183.4177868156763,184.58030700683594,371300,68534667.99163818
2016-08-05 00:00:00,185.01743332784284,185.32434039040413,183.3991999591347,184.4315185546875,269700,49741180.55419922
2016-08-08 00:00:00,184.6081976691957,187.2401449610422,183.7618796040351,186.4031219482422,419000,78102908.09631348
2016-08-09 00:00:00,186.32871650915285,187.29592693231172,184.28266989895806,185.86370849609375,337800,62784760.72998047
2016-08-10 00:00:00,186.4961516976719,187.10065656506947,185.21272477135062,186.23574829101562,258100,48067446.63391113
2016-08-11 00:00:00,186.44033955776501,187.02625427597414,184.2826952684948,184.64540100097656,506200,93467501.98669434
2016-08-12 00:00:00,185.03596189301294,185.11035067386467,182.15290704841212,182.71092224121094,510900,93347010.17303467
2016-08-15 00:00:00,182.72023895924437,187.03551249708548,182.17153294216976,185.50099182128906,538800,99947934.39331055
2016-08-16 00:00:00,185.46379178101407,185.46379178101407,182.28313871652367,183.0550537109375,363900,66613734.045410156
2016-08-17 00:00:00,183.027150733696,183.08294942287338,177.16804712446705,180.32080078125,654000,117929803.7109375
2016-08-18 00:00:00,180.42309885995766,182.0506268135913,178.79557090632403,180.68350219726562,378000,68298363.8305664
2016-08-19 00:00:00,180.06041571146704,180.90673375899465,177.660972496904,178.79559326171875,637900,114053708.94165039
2016-08-22 00:00:00,178.28409215833642,181.855350749316,176.10785778485703,181.42755126953125,576100,104520412.28637695
2016-08-23 00:00:00,182.02273067195824,182.96204171299306,180.81370704694814,181.49261474609375,437200,79348571.16699219
2016-08-24 00:00:00,180.67420965178763,182.1808310086653,179.8278916983415,181.77162170410156,338600,61547871.10900879
2016-08-25 00:00:00,181.9948475326343,182.06925052135873,177.4470695048824,177.8469696044922,601800,107028306.3079834
2016-08-26 00:00:00,178.05154227225327,178.91646444365682,174.23848557420047,175.1033935546875,596600,104466684.59472656
2016-08-29 00:00:00,175.4847342100549,177.78187503418627,175.4847342100549,176.34034729003906,448400,79071011.72485352
2016-08-30 00:00:00,176.72251266524106,177.2258300031933,174.94223505183479,176.0048065185547,482100,84851917.22259521
2016-08-31 00:00:00,174.76511047803538,174.76511047803538,169.29380197051108,170.5987091064453,1004800,171417582.91015625
2016-09-01 00:00:00,170.2165615070856,171.8943094994446,168.36173014039636,171.06475830078125,631200,107976075.43945312
2016-09-02 00:00:00,172.19258681488103,172.49084523140257,169.84373956167653,172.09005737304688,641800,110447398.82202148
2016-09-06 00:00:00,172.17392081002862,172.70519932933948,167.49487245380857,168.65997314453125,774600,130644015.1977539
2016-09-07 00:00:00,168.66001020266603,170.97156649867938,167.7931819250699,168.6134033203125,619900,104523448.71826172
2016-09-08 00:00:00,168.62273213748776,169.4149922426688,167.15004284368683,167.71861267089844,399100,66936498.31695557
2016-09-09 00:00:00,166.47894791125188,166.5628317676804,161.7253302663671,163.1141357421875,1193000,194595163.9404297
2016-09-12 00:00:00,162.9463256449482,168.10072985588224,162.26589661555224,167.67196655273438,1013700,169969072.49450684
2016-09-13 00:00:00,166.31113608047386,167.46692115461704,165.09011275942126,166.3763885498047,650500,108227840.75164795
2016-09-14 00:00:00,166.34845362410417,167.80249732755289,164.3071944933305,165.33248901367188,688500,113831418.68591309
2016-09-15 00:00:00,165.3324891115516,166.3764150074818,162.90907345608662,165.75192260742188,807300,133811527.12097168
2016-09-16 00:00:00,165.11807690621325,166.10609431480805,161.75326528358448,162.1354217529297,770400,124909128.91845703
2016-09-19 00:00:00,163.66403657010503,164.7732148100433,162.2659156066377,163.08615112304688,487500,79504498.67248535
2016-09-20 00:00:00,164.26054031365854,164.26054031365854,160.7745683931006,162.890380859375,582200,94834779.73632812
2016-09-21 00:00:00,164.05551763779164,166.82379843350748,162.93702365079253,166.75856018066406,726500,121150093.97125244
2016-09-22 00:00:00,167.8304769847633,170.08611095401392,167.8304769847633,169.56414794921875,954200,161798109.97314453
2016-09-23 00:00:00,169.17265666814325,170.41232577631413,168.39902793646863,168.97691345214844,831700,140538098.91815186
2016-09-26 00:00:00,168.51092268138905,172.25789239371923,168.51092268138905,170.80384826660156,864500,147659926.82647705
2016-09-27 00:00:00,170.86902280610045,171.30708760446592,168.17529621246968,171.11135864257812,656600,112351718.0847168
2016-09-28 00:00:00,171.81977718980428,173.36703478459717,170.21659702066887,172.52816772460938,517800,89335085.24780273
2016-09-29 00:00:00,171.50285744863015,171.8384070864483,167.6813206969467,170.104736328125,996200,169458338.33007812
2016-09-30 00:00:00,170.1047143021564,171.01814933366526,166.55348939149064,166.94496154785156,1117800,186611078.01818848
2016-10-03 00:00:00,166.82383124763518,168.06350051972902,164.28857012646108,164.88510131835938,730900,120514520.55358887
2016-10-04 00:00:00,164.45633118456698,166.1900019630009,163.5149205168221,163.76658630371094,712700,116716446.05865479
2016-10-05 00:00:00,164.68929091265915,166.27382477474075,162.84377567199553,163.82244873046875,855700,140182869.3786621
2016-10-06 00:00:00,163.24466345257073,166.6747288795164,163.20738647096823,166.32984924316406,658900,109594737.6663208
2016-10-07 00:00:00,166.32980109549771,166.82380273768814,158.32323115026648,158.56556701660156,1218400,193196286.85302734
2016-10-10 00:00:00,159.10617295993205,160.88645051383162,158.33254427071253,159.6188201904297,873400,139411077.5543213
2016-10-11 00:00:00,157.03696213146776,158.6681034580291,156.87851010929262,157.69874572753906,1033200,162934344.08569336
2016-10-12 00:00:00,157.54029059674852,158.500332620787,156.2074077433988,158.3511962890625,631100,99935439.97802734
2016-10-13 00:00:00,157.05562577005998,160.96104687043467,155.71342704872185,160.28994750976562,624500,100101072.21984863
2016-10-14 00:00:00,161.24996127657747,162.34980967701892,161.0262567882603,161.60415649414062,625900,101148041.54968262
2016-10-17 00:00:00,161.7905683787884,165.83579517255583,160.6720743918032,165.15538024902344,873900,144329286.79962158
2016-10-18 00:00:00,166.68404104390103,166.68404104390103,165.07154495318736,166.1061553955078,678600,112719637.0513916
2016-10-19 00:00:00,166.98219875437425,166.98219875437425,163.16067762989778,165.29513549804688,542000,89589963.4399414
2016-10-20 00:00:00,164.95031817828368,167.28983555225935,162.955666102853,166.1899871826172,522800,86884125.29907227
2016-10-21 00:00:00,164.87573691421366,167.7745081517321,163.94365631337072,167.52284240722656,532800,89256170.43457031
2016-10-24 00:00:00,168.47360245937773,168.80915211201122,167.2805401883307,168.09144592285156,481900,81003267.79022217
2016-10-25 00:00:00,167.76517752990395,168.1193584554456,165.7984870683201,165.93829345703125,517200,85823285.37597656
2016-10-26 00:00:00,167.18733194420042,167.32715260049795,164.2605987415889,165.9290313720703,684400,113561829.07104492
2016-10-27 00:00:00,166.62803303392852,166.8890144331068,163.2632218990729,164.87571716308594,627500,103459512.51983643
2016-10-28 00:00:00,165.25794418045214,170.07680066161754,164.2512951153694,169.00491333007812,905600,153050849.51171875
2016-10-31 00:00:00,169.83441444519576,174.03809288214538,169.1912765478024,172.7891082763672,1459100,252116587.88604736
2016-11-01 00:00:00,175.61330748461702,181.74639947732598,175.61330748461702,179.7797088623047,2244900,403587468.4249878
2016-11-02 00:00:00,179.3137091088067,182.05402894027063,176.91825462265476,177.51478576660156,1291900,229331351.73187256
2016-11-03 00:00:00,177.67324125190817,177.96218403034896,174.19658377764787,175.6785888671875,643900,113119443.37158203
2016-11-04 00:00:00,176.16324428842657,181.28968790528555,175.78108780542485,179.26707458496094,716400,128426932.23266602
2016-11-07 00:00:00,182.1006072579896,184.92481072572252,180.52538855225657,184.80364990234375,880200,162664172.64404297
2016-11-08 00:00:00,184.8036691509138,188.46673996631839,183.49874746248804,188.28964233398438,978600,184260243.9880371
2016-11-09 00:00:00,199.12971698948832,212.55167316552934,199.12971698948832,210.0816650390625,3888400,816881546.3378906
2016-11-10 00:00:00,212.79402256499225,218.88050828122786,210.69684103029604,217.65948486328125,1892100,411833511.30981445
2016-11-11 00:00:00,218.5728828663144,219.4117496489015,208.4132108442256,214.1361846923828,1861100,398528853.33099365
2016-11-14 00:00:00,216.24277385934124,220.35325413789462,213.4651766946342,215.7767333984375,1611400,347702628.1982422
2016-11-15 00:00:00,214.28534177839686,216.21475560497453,210.32399890438074,213.61424255371094,1445600,308800749.03564453
2016-11-16 00:00:00,209.76475732618792,210.82732871956227,205.17892214307642,205.8500213623047,1681800,346198565.927124
2016-11-17 00:00:00,205.78478810359715,207.85400851902438,202.8673707871097,206.0550994873047,1216800,250727845.05615234
2016-11-18 00:00:00,205.8034236000916,206.81007247352176,203.83673273321313,204.7501678466797,576400,118017996.74682617
2016-11-21 00:00:00,205.71952751183383,207.99379236197123,204.88997629822865,207.68621826171875,747700,155286985.3942871
2016-11-22 00:00:00,208.90724430393422,209.25210959931474,204.75947396066476,206.2508087158203,819900,169105038.06610107
2016-11-23 00:00:00,205.50517773150995,209.38263740364263,203.98589564752714,208.9911651611328,569900,119104065.02532959
2016-11-25 00:00:00,209.1868597888945,211.23744865894338,208.8886013675199,210.00709533691406,239600,50317700.04272461
2016-11-28 00:00:00,209.69952460636526,209.8673065381886,201.44128853522196,201.62771606445312,1157500,233384081.3446045
2016-11-29 00:00:00,201.25416505582274,205.0084230761242,201.18878563316179,204.05584716796875,864400,176385874.2919922
2016-11-30 00:00:00,205.99829772635064,208.84667668866248,204.21455713436814,204.9429931640625,672000,137721691.40625
2016-12-01 00:00:00,205.59672925748478,206.87617354619115,204.5227570097525,206.29714965820312,918300,189442672.53112793
2016-12-02 00:00:00,205.9983412653306,208.98679923033185,205.15782811105134,208.49183654785156,822900,171567932.29522705
2016-12-05 00:00:00,209.78990792435857,209.9580162226214,207.4364914993008,208.7626190185547,681300,142229972.3373413
2016-12-06 00:00:00,209.3883543214374,210.72381573755368,205.98898114848978,210.43431091308594,476200,100208818.85681152
2016-12-07 00:00:00,211.06003538366045,214.82362691000782,209.64051257158556,214.65553283691406,690200,148155248.7640381
2016-12-08 00:00:00,215.0010249166552,216.90616193783512,213.5815023959186,215.4679718017578,605700,130508950.5203247
2016-12-09 00:00:00,216.14044122036992,217.17706418591368,213.04925419476518,215.8789520263672,481500,103945715.4006958
2016-12-12 00:00:00,215.07573294442298,215.43060287848786,208.28632140864798,208.90269470214844,726000,151663356.35375977
2016-12-13 00:00:00,209.92072485011246,211.98463718136097,205.33530117645756,207.5112762451172,647200,134301297.98583984
2016-12-14 00:00:00,207.19370071873226,210.7051366441367,205.44732369001986,207.14700317382812,576100,119337388.52844238
2016-12-15 00:00:00,207.32444674227168,209.00545861992975,205.4193094476526,206.77345275878906,587700,121520758.18634033
2016-12-16 00:00:00,207.324462201939,209.47242119188724,205.42865857496463,205.82089233398438,763300,157103087.11853027
2016-12-19 00:00:00,205.80216507361013,208.41707047376698,204.261246056599,207.95945739746094,522400,108638020.5444336
2016-12-20 00:00:00,207.64196182755205,213.14259620991064,206.427896933719,211.0973663330078,507600,107153023.15063477
2016-12-21 00:00:00,211.09735012796898,212.4608413579314,209.8552839031852,210.54635620117188,532600,112136989.31274414
2016-12-22 00:00:00,209.64052315877473,210.93863526133356,208.59456642868176,209.33233642578125,382600,80090551.9165039
2016-12-23 00:00:00,210.0980914962233,211.25612495021713,207.11896796343618,210.2288360595703,254200,53440170.12634277
2016-12-27 00:00:00,211.50824997417143,215.3278861959439,211.50824997417143,214.0391082763672,409500,87649014.83917236
2016-12-28 00:00:00,215.07578240129766,218.30704753130934,210.17283909845693,211.2187957763672,486900,102842431.66351318
2016-12-29 00:00:00,211.06003550430623,212.50757399605752,209.38837158163517,209.97671508789062,436700,91696831.47888184
2016-12-30 00:00:00,211.37760301852106,211.62975843444832,206.18515371331785,206.8855743408203,422600,87429843.71643066
2017-01-03 00:00:00,208.71597003543317,210.72383638580885,204.98972793742618,208.56654357910156,752900,157029750.66070557
2017-01-04 00:00:00,208.48254074494133,212.6290189116217,208.08095883966564,211.3962860107422,664900,140557390.56854248
2017-01-05 00:00:00,211.20011909101567,214.4687480398049,210.22887561627277,211.54566955566406,649800,137462376.0772705
2017-01-06 00:00:00,211.13472321003633,211.28414964598133,205.01771564564672,205.30722045898438,818400,168023429.2236328
2017-01-09 00:00:00,205.34463770739774,206.9509366871972,204.05585929916276,204.8590087890625,643700,131867743.95751953
2017-01-10 00:00:00,205.52203064073785,207.76337022684584,204.74689701926903,205.97962951660156,587700,121054228.26690674
2017-01-11 00:00:00,206.9882204229143,207.5485624006782,205.26051119988264,207.27772521972656,415700,86165350.37384033
2017-01-12 00:00:00,207.45518832654906,207.79139069723132,202.46819836983707,205.38194274902344,611700,125632134.37957764
2017-01-13 00:00:00,205.10179067624418,206.96024482057527,204.56947851938205,206.08238220214844,478800,98672244.59838867
2017-01-17 00:00:00,206.34383806742508,206.34383806742508,202.75768919451596,205.32589721679688,635400,130464075.09155273
2017-01-18 00:00:00,205.59677736725703,210.95733455182724,204.89635680263987,210.46237182617188,622900,131097011.41052246
2017-01-19 00:00:00,210.99466725442326,212.2927936109656,210.14483453372077,210.83590698242188,727600,153404205.92041016
2017-01-20 00:00:00,212.10597821988335,214.00178169877023,211.50828669328982,212.6943359375,612700,130317819.62890625
2017-01-23 00:00:00,213.48817284337264,214.6648741464132,210.6024295702895,212.33013916015625,607300,128948093.51196289
2017-01-24 00:00:00,214.04848256713447,219.99739649850153,213.2920307756485,218.9981231689453,727500,159321134.6054077
2017-01-25 00:00:00,221.86514632176792,227.20700549284834,221.85579826415724,226.00228881835938,1432800,323816079.4189453
2017-01-26 00:00:00,226.021011798898,227.8514359124983,223.97578182240628,225.64744567871094,795300,179457413.5482788
2017-01-27 00:00:00,226.53457191555015,226.69333211370184,222.94840974818095,223.9290008544922,420100,94072573.25897217
2017-01-30 00:00:00,222.26673914661797,222.26673914661797,217.85875897815686,219.7545623779297,606800,133347068.45092773
2017-01-31 00:00:00,219.36235086515325,221.04336283681678,211.75112081996193,214.42205810546875,1151100,246821231.08520508
2017-02-01 00:00:00,216.00029732028443,216.87815979907467,213.44143735029212,215.2625274658203,649300,139769959.08355713
2017-02-02 00:00:00,214.30997055218106,215.1411355623699,212.04994899919666,213.4788055419922,602900,128706371.86126709
2017-02-03 00:00:00,214.66482494029353,217.9054374984025,213.4974577147525,215.64541625976562,491100,105903463.9251709
2017-02-06 00:00:00,215.5987236215284,216.2524464326736,214.5060695835953,215.3372344970703,524200,112879778.32336426
2017-02-07 00:00:00,209.0707996284023,213.86167936369597,206.69871565571728,211.63900756835938,1086700,229988109.52453613
2017-02-08 00:00:00,211.6390390035609,213.53484255172808,208.5665342272491,211.2935028076172,500400,105731268.80493164
2017-02-09 00:00:00,211.99390738757782,212.30209407308593,209.98604127755507,210.4249725341797,520100,109442028.21502686
2017-02-10 00:00:00,211.89115832412384,215.87888873875042,211.48024278255826,215.09442138671875,519600,111763061.35253906
2017-02-13 00:00:00,217.27976878324972,218.93275080674374,214.82362314651954,216.09371948242188,664300,143551057.85217285
2017-02-14 00:00:00,211.63904187788182,213.96444293779888,206.72676484277721,211.44293212890625,1557100,329237789.6179199
2017-02-15 00:00:00,209.79919902493899,211.3307840135777,205.41924985474802,207.3243865966797,1739600,360661502.923584
2017-02-16 00:00:00,207.2778081822104,207.9969106831393,205.45671740072282,206.8855743408203,772600,159839794.73571777
2017-02-17 00:00:00,206.22247747046995,206.39057154842934,201.03001492207073,203.16864013671875,835100,169666131.37817383
2017-02-21 00:00:00,203.82234058994038,207.03493783732884,203.63556466278544,205.43797302246094,727100,149373950.18463135
2017-02-22 00:00:00,205.35393220825011,206.73609121113864,204.26127803872774,204.46673583984375,749100,153166031.81762695
2017-02-23 00:00:00,205.17646225848,205.69010669160951,192.69964068779586,194.88494873046875,1913500,372912349.39575195
2017-02-24 00:00:00,193.39074747287285,197.35046267647354,192.47553545532796,196.16441345214844,985800,193378878.78112793
2017-02-27 00:00:00,196.57536491132063,205.17652118413437,195.13716008551287,201.030029296875,825400,165930186.18164062
2017-02-28 00:00:00,201.39419119409618,204.83092776978282,199.77855891875186,201.6743621826172,1167800,235515320.15686035
2017-03-01 00:00:00,208.27703484954762,210.10745903022067,205.2979108385588,207.5766143798828,1166900,242221151.31988525
2017-03-02 00:00:00,207.63274283331808,207.68888026492792,203.60004218923925,204.92868041992188,710900,145683798.91052246
2017-03-03 00:00:00,204.82572789758666,207.5765758716756,202.05616268993447,203.68421936035156,675900,137670163.86566162
2017-03-06 00:00:00,202.03743608149534,203.6935613868773,199.83863952155457,200.86785888671875,753900,151434278.81469727
2017-03-07 00:00:00,200.71820692167293,201.1299004668961,195.5533489238094,196.4235076904297,839200,164838607.6538086
2017-03-08 00:00:00,196.10538905473092,198.62232204078668,196.10538905473092,197.28433227539062,577100,113852788.15612793
2017-03-09 00:00:00,196.87266525534957,199.19310325831898,192.6153998586053,194.76742553710938,610300,118866559.80529785
2017-03-10 00:00:00,195.8995756034724,199.42702583140502,195.1697602841858,199.11825561523438,707900,140955813.1500244
2017-03-13 00:00:00,198.69719311850622,201.32640118950684,198.12643869804535,201.10183715820312,567400,114105182.40356445
2017-03-14 00:00:00,199.2118160801111,199.76385327859958,195.84342689479607,198.0515899658203,500400,99105015.61889648
2017-03-15 00:00:00,198.78133986381255,201.37312696015417,196.14278110069804,200.25033569335938,553500,110838560.80627441
2017-03-16 00:00:00,200.718179720342,200.82110309269962,195.73110045440743,196.83517456054688,658100,129537228.3782959
2017-03-17 00:00:00,197.42464645432028,199.4176107241555,196.114725600995,198.3135223388672,572300,113494828.83453369
2017-03-20 00:00:00,198.38841046639678,198.38841046639678,196.02118677542708,197.52760314941406,365000,72097575.14953613
2017-03-21 00:00:00,198.43519241491026,198.92174063714464,194.23406502766244,195.63755798339844,526300,102964046.7666626
2017-03-22 00:00:00,195.085487379192,199.38017166046822,193.68199466423377,198.8655548095703,715300,142248531.35528564
2017-03-23 00:00:00,198.71588551051406,200.85854505098308,196.66678359692122,199.7544708251953,672200,134274955.2886963
2017-03-24 00:00:00,199.4362898294684,199.52051023480485,193.20479362726562,193.9065399169922,812100,157471501.06658936
2017-03-27 00:00:00,190.72533639516342,194.82354047529952,188.78852350217275,193.71945190429688,718900,139264913.97399902
2017-03-28 00:00:00,193.21419190965798,198.38840133049692,193.21419190965798,196.41415405273438,767500,150747863.23547363
2017-03-29 00:00:00,197.5650085506249,200.91467993498836,196.4890030542502,200.48428344726562,591600,118606502.08740234
2017-03-30 00:00:00,199.9135193022436,202.8421312576547,197.36851786436526,197.94862365722656,705900,139731933.43963623
2017-03-31 00:00:00,200.23162820822594,204.97544045848738,199.37082105254132,204.20819091796875,927600,189423517.8955078
2017-04-03 00:00:00,204.16140596287627,204.56374796894832,199.09947209776007,200.6339569091797,634300,127262118.86749268
2017-04-04 00:00:00,200.51234610774875,202.22460908162108,198.96849542127333,202.11231994628906,450300,91011177.67181396
2017-04-05 00:00:00,202.47721290529392,204.8912221232997,200.83045323559065,201.14857482910156,833200,167596992.54760742
2017-04-06 00:00:00,201.01760128144247,204.311135201624,200.32522060549138,204.17079162597656,848400,173218499.61547852
2017-04-07 00:00:00,204.6292517388665,209.16721759958943,204.6292517388665,207.16490173339844,873400,180937825.1739502
2017-04-10 00:00:00,207.28654134897783,207.74502084251466,205.42458321273708,206.13568115234375,398000,82042001.09863281
2017-04-11 00:00:00,205.69590582821422,206.042110434838,200.29714701927622,205.4619903564453,533800,109675610.45227051
2017-04-12 00:00:00,204.72285578080403,204.72285578080403,198.12643558935721,199.09951782226562,786100,156512130.960083
2017-04-13 00:00:00,198.65032597825717,199.58598764404113,196.5731559380517,196.5918731689453,496000,97509569.09179688
2017-04-17 00:00:00,197.02235207769309,199.1556602726236,196.63872723531523,199.00595092773438,456600,90866117.19360352
2017-04-18 00:00:00,197.49011763326433,199.4549985948534,195.95561877221732,197.17198181152344,310100,61143031.55975342
2017-04-19 00:00:00,198.12640843548854,200.1100071059449,197.1720292945604,197.57437133789062,484200,95665510.60180664
2017-04-20 00:00:00,198.94983825214032,204.76029193771438,198.33229783542046,203.3100128173828,474500,96470601.08184814
2017-04-21 00:00:00,203.58133768858494,205.8362865130986,202.5240350702302,204.8070526123047,560900,114876275.8102417
2017-04-24 00:00:00,207.23036063824475,209.18590454863408,204.8257173619662,208.47479248046875,553700,115432492.59643555
2017-04-25 00:00:00,209.62568877334132,210.35551820061602,207.7824479390469,209.1204376220703,655300,137036622.77374268
2017-04-26 00:00:00,209.1672126413791,209.41047958637824,206.59414251428717,206.92161560058594,487800,100936364.08996582
2017-04-27 00:00:00,206.78127614438182,209.57891031431475,204.78831176491698,208.98008728027344,529000,110550466.17126465
2017-04-28 00:00:00,208.79292743046747,209.4853223104065,205.6491031741742,206.02337646484375,542300,111726477.05688477
2017-05-01 00:00:00,207.25845934623987,211.89934858535452,205.76140889402706,208.5309600830078,989000,206237119.52209473
2017-05-02 00:00:00,217.24196377837245,227.7307395097504,216.1378896366837,224.4185028076172,1761200,395245867.1447754
2017-05-03 00:00:00,223.06175871523277,228.60088891916058,221.85476132218514,223.5950927734375,744200,166399468.0419922
2017-05-04 00:00:00,223.84774928551977,226.8605816271058,221.70507562369352,221.75186157226562,924200,204943070.4650879
2017-05-05 00:00:00,223.08986754254124,223.17408796697362,220.3483849354034,222.26649475097656,456300,101420201.5548706
2017-05-08 00:00:00,221.6208749415982,221.6208749415982,218.2431349612545,219.21621704101562,389000,85275108.42895508
2017-05-09 00:00:00,219.56238496957263,221.75182999109032,217.86883952274744,218.79513549804688,412600,90274872.90649414
2017-05-10 00:00:00,220.57292067178176,223.74481364296435,218.74836871696735,219.20684814453125,788600,172866520.44677734
2017-05-11 00:00:00,218.58000857842237,219.37532701904018,213.94848436035343,218.72035217285156,581500,127185884.78851318
2017-05-12 00:00:00,217.3168901208493,218.26191804838098,215.14616131395877,215.70755004882812,405900,87555694.56481934
2017-05-15 00:00:00,216.45601515524294,220.27351732588488,215.73556578958593,220.05831909179688,502700,110623317.00744629
2017-05-16 00:00:00,220.05832562084257,220.47001914318548,217.1016305758958,218.03729248046875,430900,93952269.32983398
2017-05-17 00:00:00,218.03726166112753,218.03726166112753,209.4572449222182,210.30870056152344,983600,206859637.87231445
2017-05-18 00:00:00,209.12976141302775,215.27706622249428,207.1835831777908,214.52853393554688,773400,165916368.14575195
2017-05-19 00:00:00,215.55777292782926,217.22324981187856,213.38703066988361,213.69580078125,472500,100971265.86914062
2017-05-22 00:00:00,214.5472969238156,217.45720628056222,214.26659547171397,216.85838317871094,440600,95547803.62854004
2017-05-23 00:00:00,217.12032583443923,218.65481063153413,214.94023210420733,216.1940155029297,398000,86045218.17016602
2017-05-24 00:00:00,216.006915720515,217.24198205541578,210.7859203897764,212.7788848876953,500900,106580943.44024658
2017-05-25 00:00:00,213.60219505087758,216.24076779706752,213.30279074238922,214.76242065429688,382200,82082197.17407227
2017-05-26 00:00:00,213.9765267694422,214.5566325911813,212.16134036030869,213.10635375976562,336100,71625045.49865723
2017-05-30 00:00:00,212.1221068757909,214.2124981560538,210.60353872173297,212.5251922607422,440400,93596094.67163086
2017-05-31 00:00:00,212.55333925414277,212.63770098353328,209.0474929194091,210.0692596435547,623700,131020197.23968506
2017-06-01 00:00:00,210.13484275820292,214.63432036340797,208.42879935536533,213.68756103515625,548100,117122152.20336914
2017-06-02 00:00:00,213.79066709199532,215.27173155656067,211.94400658591903,212.36582946777344,367100,77959495.99761963
2017-06-05 00:00:00,212.15961065095476,213.95939883934548,211.86902186112613,213.42507934570312,342800,73162117.19970703
2017-06-06 00:00:00,212.82509849664473,214.8873687067445,211.24092082207403,211.54087829589844,415800,87958697.19543457
2017-06-07 00:00:00,211.7659317986701,215.58110442572217,211.7659317986701,213.2845001220703,446100,95146215.50445557
2017-06-08 00:00:00,213.28447769520707,220.36177944060623,211.9065123972197,217.57772827148438,630500,137182757.6751709
2017-06-09 00:00:00,218.5150979588444,221.18666657993498,217.58707622338852,220.1180419921875,478300,105282459.48486328
2017-06-12 00:00:00,218.99318289918614,220.0055664428164,215.2436205761609,217.57772827148438,360800,78502044.36035156
2017-06-13 00:00:00,218.0839130125842,221.6272482655335,217.93394139019827,220.83047485351562,355000,78394818.57299805
2017-06-14 00:00:00,220.83047810292177,222.02096816362493,214.79368038212195,216.4622344970703,397100,85957153.31878662
2017-06-15 00:00:00,213.3219428875487,215.4498088239415,212.75950291906906,215.0561065673828,243000,52258633.89587402
2017-06-16 00:00:00,215.45919052125683,218.1588651639551,213.74376436201675,215.9091339111328,639200,138009118.3959961
2017-06-19 00:00:00,215.8060269167677,217.84016244267195,215.17797704223494,217.2214813232422,369700,80306781.64520264
2017-06-20 00:00:00,216.79033250910072,217.20278667010336,213.10637993782316,214.79368591308594,401900,86325582.36846924
2017-06-21 00:00:00,215.59981911726265,215.79667741953736,212.45018640497707,212.87200927734375,358500,76314615.32592773
2017-06-22 00:00:00,212.83453203986267,214.8311642300655,211.00662328681287,212.21585083007812,511100,108463521.35925293
2017-06-23 00:00:00,212.45015275840197,214.50303995603264,211.71898941451184,213.9781036376953,708000,151496497.37548828
2017-06-26 00:00:00,216.07793337208938,220.46492945367117,215.90920990529074,217.69024658203125,1053100,229249598.6755371
2017-06-27 00:00:00,217.2590243133306,217.2590243133306,211.08160936180366,211.18472290039062,566700,119678382.46765137
2017-06-28 00:00:00,212.96574938818958,214.39058694917063,211.850252407757,213.06886291503906,598700,127564328.22723389
2017-06-29 00:00:00,212.32831958835968,212.32831958835968,206.69460776407533,207.51951599121094,717200,148832996.86889648
2017-06-30 00:00:00,208.13814933996292,210.04106493083515,205.2884889377208,208.64434814453125,768400,160322317.1142578
2017-07-03 00:00:00,209.65678461532977,210.6504163608188,206.96646387229288,209.3755645751953,265200,55526399.7253418
2017-07-05 00:00:00,209.24433066228383,212.8626589467212,207.93198954500411,212.63768005371094,677200,143998236.93237305
2017-07-06 00:00:00,211.41905955396555,213.05949302578028,210.52854138709796,211.8502655029297,582000,123296854.52270508
2017-07-07 00:00:00,211.60656426476365,214.29687077413902,210.15360593925186,213.63131713867188,494100,105555233.79821777
2017-07-10 00:00:00,212.92822846253267,213.0782143627568,210.65974535955306,210.66912841796875,382800,80644142.35839844
2017-07-11 00:00:00,210.86597540452428,210.86597540452428,205.4759804055246,206.90081787109375,490000,101381400.75683594
2017-07-12 00:00:00,208.85057475514952,211.4940081285913,207.6882055612555,210.9971923828125,423300,89315111.53564453
2017-07-13 00:00:00,211.644034113771,214.66243278453655,210.08796239089048,210.294189453125,534100,112318126.58691406
2017-07-14 00:00:00,210.9222491849098,212.1221079826266,208.90686515997248,209.29119873046875,326600,68354505.5053711
2017-07-17 00:00:00,209.00060377691327,211.13785309129463,208.26942598715098,209.76925659179688,312600,65573869.6105957
2017-07-18 00:00:00,208.10073235268524,208.35383184294415,206.41342625670384,206.78839111328125,325000,67206227.1118164
2017-07-19 00:00:00,206.92895732219864,209.97547651267269,206.4415102467584,209.92860412597656,238300,50025986.363220215
2017-07-20 00:00:00,209.9098316775139,211.10032152604427,208.17566796777027,210.7066192626953,317200,66836139.63012695
2017-07-21 00:00:00,210.0035862950658,211.2034449549342,209.52552230359186,210.603515625,283700,59748217.3828125
2017-07-24 00:00:00,210.28481251482302,212.87200514476393,209.36617383007822,212.7876434326172,524600,111628397.74475098
2017-07-25 00:00:00,213.81878662109375,215.59982291510158,213.01263018936038,213.81878662109375,583400,124741880.1147461
2017-07-26 00:00:00,213.6781731551236,214.0812585296852,210.34106508343658,213.30322265625,525600,112112173.828125
2017-07-27 00:00:00,213.2938899853796,214.7937209420855,210.04115716543706,211.615966796875,576300,121954281.66503906
2017-07-28 00:00:00,210.75354429591286,212.62832562028683,208.9912452738985,212.31898498535156,444800,94439484.52148438
2017-07-31 00:00:00,212.61890716132666,215.94663179144783,211.7471266114872,212.25331115722656,876100,185955125.9048462
2017-08-01 00:00:00,209.88173145830976,216.5372098638133,192.17442512859716,198.69866943359375,2232800,443654389.1113281
2017-08-02 00:00:00,196.20524418750648,204.5105263218147,196.20524418750648,202.69198608398438,1721800,348995061.6394043
2017-08-03 00:00:00,202.62629705540775,204.12611300052714,197.35815367733323,197.6300048828125,761700,150534774.71923828
2017-08-04 00:00:00,198.24872246945998,201.11713511778478,197.48942414774697,200.99526977539062,591500,118888702.07214355
2017-08-07 00:00:00,200.79843620821518,203.32938783503704,200.292237300784,200.61094665527344,462100,92702318.44940186
2017-08-08 00:00:00,199.8985019128925,200.91088525681286,196.25205384521237,196.73011779785156,525400,103362003.89099121
2017-08-09 00:00:00,196.71138704579084,198.9236290281054,196.45828762525576,197.7425079345703,501600,99187641.97998047
2017-08-10 00:00:00,196.8801376155956,197.6394216784966,192.21193664496542,193.84298706054688,595900,115511035.98937988
2017-08-11 00:00:00,193.61804767310727,194.26484953038576,190.58089672288736,191.94949340820312,523300,100447169.9005127
2017-08-14 00:00:00,193.62740157576567,194.75226744395525,191.82761332597326,192.55877685546875,636800,122621429.1015625
2017-08-15 00:00:00,192.77438786799257,194.1429845560653,191.55579142518616,193.44931030273438,483100,93455361.80725098
2017-08-16 00:00:00,194.61161866587298,194.8365975078172,191.611972290494,192.2681427001953,428500,82386899.14703369
2017-08-17 00:00:00,191.7432227156156,192.53999602979343,187.72180960582105,187.8624267578125,539100,101276634.26513672
2017-08-18 00:00:00,187.47808365611982,189.5403397156486,183.55041551497328,187.98426818847656,861600,161967245.4711914
2017-08-21 00:00:00,188.51860234396736,188.51860234396736,185.70643086907555,186.49383544921875,436400,81385909.79003906
2017-08-22 00:00:00,186.98131256580027,188.86546260760227,186.3438794912377,188.24679565429688,509500,95911742.38586426
2017-08-23 00:00:00,187.03754047493553,191.20892567722197,186.32512878645412,190.6652374267578,823200,156955623.44970703
2017-08-24 00:00:00,190.60898327841446,190.91832386378962,187.38435762856375,187.4593505859375,622500,116693445.7397461
2017-08-25 00:00:00,187.97494782180746,187.97494782180746,181.8537879590093,183.29736328125,943200,172886073.046875
2017-08-28 00:00:00,183.29736744771907,188.28429273570842,179.1259817784478,187.8062286376953,1160400,217930347.71118164
2017-08-29 00:00:00,186.06263392583102,190.2527703445856,186.02513029823422,190.1215362548828,814700,154892015.58685303
2017-08-30 00:00:00,190.1777904097948,201.5389587639439,189.68097458595454,200.41409301757812,1200000,240496911.62109375
2017-08-31 00:00:00,201.95458683909143,202.80937480933963,197.31432566682028,199.12722778320312,1464300,291581999.64294434
2017-09-01 00:00:00,199.43717690957556,199.944405304552,195.50140906230789,198.72328186035156,509600,101269384.43603516
2017-09-05 00:00:00,198.5260382402706,198.57299295146942,194.13938464404177,195.19143676757812,792300,154650175.35095215
2017-09-06 00:00:00,195.37931674103905,196.98556646881772,193.75429086021455,196.42196655273438,559800,109957016.8762207
2017-09-07 00:00:00,197.42703747274132,197.42703747274132,193.8200381040365,196.17774963378906,559800,109820304.24499512
2017-09-08 00:00:00,196.23410532701504,199.32447380013215,195.37931737359963,199.13661193847656,674200,134257903.7689209
2017-09-11 00:00:00,199.43717030775088,200.48920803017467,191.2744468851061,191.8662109375,1136100,217979202.24609375
2017-09-12 00:00:00,192.0823124874253,192.9746671540227,191.5562791650335,192.70225524902344,816100,157264310.50872803
2017-09-13 00:00:00,192.02593708712624,192.27955849931828,186.1363878085826,190.95510864257812,1558500,297603536.819458
2017-09-14 00:00:00,189.8936761226649,190.97389260746,186.7939051523315,187.33871459960938,956500,179189480.51452637
2017-09-15 00:00:00,186.50266573214068,187.7331771047174,184.48311180293487,187.11322021484375,879300,164528654.5349121
2017-09-18 00:00:00,187.7708159405762,192.71166814519538,187.39509216565193,190.11912536621094,836800,159091684.1064453
2017-09-19 00:00:00,190.5699869778292,191.20872018095338,185.26279974778643,187.06629943847656,982000,183699106.04858398
2017-09-20 00:00:00,187.90233399251488,191.3308745963376,186.26791968969303,189.88430786132812,643200,122133586.81640625
2017-09-21 00:00:00,190.83299260227093,191.697168624144,186.27726725185943,187.67686462402344,558100,104742458.14666748
2017-09-22 00:00:00,187.48895827480135,188.02436516510423,186.258432568653,186.63417053222656,489900,91432080.1437378
2017-09-25 00:00:00,186.69999164274952,187.08511783717938,183.5626536189776,184.2389678955078,658300,121284512.5656128
2017-09-26 00:00:00,184.57706965421667,185.69486692401884,182.49177031606823,184.62403869628906,624600,115316174.56970215
2017-09-27 00:00:00,184.84012355229743,192.0541372951309,184.8213330643607,190.29759216308594,803600,152923145.06225586
2017-09-28 00:00:00,190.62629066949665,193.50061794374045,190.5887097075286,192.56129455566406,716000,137873886.90185547
2017-09-29 00:00:00,193.45368061833813,194.83448737178486,191.5374668990523,193.71669006347656,577500,111871388.51165771
2017-10-02 00:00:00,194.10183443391205,194.85329620490302,191.9883562652793,192.5519561767578,371600,71552306.9152832
2017-10-03 00:00:00,193.16247437398528,195.07868791233042,191.5186583306193,193.88575744628906,527000,102177794.17419434
2017-10-04 00:00:00,194.24272632354865,194.24272632354865,191.19932694824203,193.4724884033203,335400,64890672.61047363
2017-10-05 00:00:00,193.35976469577915,197.63367551886014,192.92766954244158,197.1734161376953,390100,76917349.63531494
2017-10-06 00:00:00,196.0180389504938,197.13583631055585,193.10614443508678,193.4536895751953,727300,140698868.42803955
2017-10-09 00:00:00,194.19577017701812,195.6986793678478,192.34530150071367,193.43490600585938,406400,78611945.80078125
2017-10-10 00:00:00,193.92332147268348,193.92332147268348,190.4572156831096,192.69281005859375,595700,114787106.9519043
2017-10-11 00:00:00,193.32214150784404,193.83877223066108,191.12412825033581,191.36834716796875,371100,71016793.6340332
2017-10-12 00:00:00,190.89876274946133,193.48190307617188,190.89876274946133,193.48190307617188,342700,66306248.1842041
2017-10-13 00:00:00,194.4399433865157,195.07867641734734,192.01648729971677,192.1573944091797,297200,57109177.6184082
2017-10-16 00:00:00,193.34103071870607,193.36920928770945,189.1328638631825,193.06861877441406,374700,72342811.45477295
2017-10-17 00:00:00,192.10107766826627,193.1343394334753,190.85177547321962,191.13357543945312,452500,86487942.88635254
2017-10-18 00:00:00,191.97899218186322,192.42047549001055,190.1003446860679,191.01148986816406,524900,100261931.03179932
2017-10-19 00:00:00,190.992644891823,197.28610934069056,190.68266642349715,196.78826904296875,709600,139640955.71289062
2017-10-20 00:00:00,197.59612464613235,203.35418323802804,197.00434615692006,203.04420471191406,708000,143755296.93603516
2017-10-23 00:00:00,203.41051579301833,204.2934822153621,200.04773579425412,200.3107452392578,498300,99814844.35272217
2017-10-24 00:00:00,201.07160210230916,204.75374879509422,200.10409996702603,203.44808959960938,527900,107400246.49963379
2017-10-25 00:00:00,201.87939777554317,202.8187212423936,197.3142851533325,199.3526153564453,677000,134961720.59631348
2017-10-26 00:00:00,200.02895609175684,204.30288130284117,197.84973281098897,203.75807189941406,508200,103549852.13928223
2017-10-27 00:00:00,203.00662968658867,204.1150390851298,200.07594438356796,203.94595336914062,367100,74868559.48181152
2017-10-30 00:00:00,203.748697639584,205.85277345570103,203.11935251008893,204.64105224609375,465500,95260409.82055664
2017-10-31 00:00:00,204.75374766446947,205.82457596037182,202.90327908593656,203.69232177734375,412700,84063821.19750977
2017-11-01 00:00:00,203.73923702081382,204.68796281529316,200.21677431759824,204.11497497558594,734800,149983683.61206055
2017-11-02 00:00:00,198.62005070201099,207.74089276235512,193.70739034936327,196.28114318847656,1755800,344630431.21032715
2017-11-03 00:00:00,194.9847950588477,200.3389367246408,194.65602606491117,198.9581298828125,589400,117265921.75292969
2017-11-06 00:00:00,198.31941444533967,203.17571618282986,198.31941444533967,199.6720428466797,452000,90251763.36669922
2017-11-07 00:00:00,199.02392941252137,200.4704817440855,195.19148662550188,197.29556274414062,539300,106401496.98791504
2017-11-08 00:00:00,197.35186923428756,200.57374189664165,195.95227208672534,200.26376342773438,468600,93843599.54223633
2017-11-09 00:00:00,199.7753245526284,201.01523851110616,196.8634301646146,200.02894592285156,474700,94953740.62957764
2017-11-10 00:00:00,199.56868594791302,200.695871331206,198.26302679845188,200.3107452392578,262800,52641663.84887695
2017-11-13 00:00:00,198.8359903779593,200.1604399447234,198.24422632299544,199.57806396484375,353300,70510929.9987793
2017-11-14 00:00:00,199.43722150644325,200.1604904598147,198.33820012784915,199.28692626953125,448400,89360257.73925781
2017-11-15 00:00:00,198.76090110693215,198.76090110693215,193.3034183578017,193.6697540283203,640900,124122945.35675049
2017-11-16 00:00:00,194.139397661591,198.13152302108858,193.40672638930673,196.6755828857422,483700,95131979.4418335
2017-11-17 00:00:00,195.79263195147297,197.6243102777146,194.71240110978235,195.11631774902344,361400,70515037.23449707
2017-11-20 00:00:00,195.18204821110962,198.83601651056486,195.01297683973897,196.0744171142578,325500,63822222.77069092
2017-11-21 00:00:00,196.79767911076044,196.9479743242488,194.76875106042954,194.85328674316406,459000,89437658.6151123
2017-11-22 00:00:00,195.53900885150787,195.8395993090827,194.18638045830488,194.56211853027344,632600,123079996.18225098
2017-11-24 00:00:00,194.85325864345364,195.42624652092474,193.30336635212777,193.4066925048828,135000,26109903.48815918
2017-11-27 00:00:00,193.5006919454585,194.15821570198554,188.11837088660738,189.57432556152344,621900,117896273.06671143
2017-11-28 00:00:00,189.5178861031848,192.2419325928306,188.83218402688507,191.95074462890625,422400,81079994.53125
2017-11-29 00:00:00,192.1104607853164,196.252866841064,190.44785405115334,195.8583526611328,511600,100201133.22143555
2017-11-30 00:00:00,195.97133254615986,196.75262157512424,192.76146197689974,196.1595916748047,542600,106436194.44274902
2017-12-01 00:00:00,196.55492717186203,196.55492717186203,188.92090294903187,190.75645446777344,533200,101711341.5222168
2017-12-04 00:00:00,192.9403180844417,198.9176425229152,192.41318676552618,196.2066650390625,648700,127279263.61083984
2017-12-05 00:00:00,196.9031531898343,197.6562038111562,192.10248240999346,193.81565856933594,416900,80801748.05755615
2017-12-06 00:00:00,193.4863118440935,194.05108933843943,189.21275555094954,189.68341064453125,590900,112083927.34985352
2017-12-07 00:00:00,189.68338047461265,199.27533205428938,189.27862405287226,196.31021118164062,664500,130448135.3302002
2017-12-08 00:00:00,197.59975655325184,202.82402894970323,196.6019704378166,201.53443908691406,868000,174931893.1274414
2017-12-11 00:00:00,201.4968083486953,202.46635646136667,195.2088646912441,196.43255615234375,604900,118822053.21655273
2017-12-12 00:00:00,195.8677911171083,197.90102421197213,194.3899274880889,195.0865020751953,708000,138121243.46923828
2017-12-13 00:00:00,195.10530449941157,197.0349926423817,194.04161972977582,195.80186462402344,453600,88815725.79345703
2017-12-14 00:00:00,196.26315755514955,196.9314940517871,189.01507259482807,190.33290100097656,776400,147774464.3371582
2017-12-15 00:00:00,192.30018589359062,193.85335578792214,191.52831927361115,192.44139099121094,813300,156512583.29315186
2017-12-18 00:00:00,193.9192212322341,196.8090491307053,191.93305703598517,195.44415283203125,584400,114217562.91503906
2017-12-19 00:00:00,195.89604822897167,196.48907819651754,191.17066743908407,191.7166290283203,639500,122602784.26361084
2017-12-20 00:00:00,192.86502723376302,193.4768730579647,190.3799691260056,192.62969970703125,510300,98298935.76049805
2017-12-21 00:00:00,194.15460078763107,199.97190421707108,193.13798423598377,198.1363525390625,731500,144936741.88232422
2017-12-22 00:00:00,198.01390540045605,199.8588786981261,196.2160004595638,198.71047973632812,297600,59136238.76953125
2017-12-26 00:00:00,198.69166063871407,205.497326002813,198.48457134790084,204.80076599121094,626500,128307679.89349365
2017-12-27 00:00:00,205.41264430632862,206.84343935360448,203.20998262204466,205.39381408691406,643500,132170919.3649292
2017-12-28 00:00:00,205.7514974855324,205.77032770321227,202.85226158248076,204.69723510742188,574000,117496212.95166016
2017-12-29 00:00:00,205.20554778219113,209.39437375188433,203.36999644302765,208.06712341308594,713700,148497505.97991943
2018-01-02 00:00:00,209.5544013947,213.2443344096084,208.11419842388688,211.7947235107422,994800,210693390.94848633
2018-01-03 00:00:00,212.76426833993497,216.96251667153683,212.2936134058798,214.1479949951172,781400,167335243.28918457
2018-01-04 00:00:00,216.5012721011513,217.13194799629088,212.91488376142163,214.61865234375,797400,171136913.37890625
2018-01-05 00:00:00,214.80697233975454,215.35293394775854,211.84185112660228,213.988037109375,558200,119448122.31445312
2018-01-08 00:00:00,213.62086933664372,216.73660278320312,212.50070826626757,216.73660278320312,573800,124363462.67700195
2018-01-09 00:00:00,216.5013096887792,218.5345428269498,214.49631470281224,214.6280975341797,656900,140989197.27020264
2018-01-10 00:00:00,213.65852089785884,214.27978889013923,210.97579625287446,213.32907104492188,631400,134695975.45776367
2018-01-11 00:00:00,214.61868196993066,216.87782024536642,213.77150870745496,216.1624298095703,385500,83330616.69158936
2018-01-12 00:00:00,217.31084207402023,218.53454803057136,214.8446143011684,217.21670532226562,478800,104003358.50830078
2018-01-16 00:00:00,219.39108739592186,219.39108739592186,212.35007957657965,212.9148712158203,707200,150573396.92382812
2018-01-17 00:00:00,215.3340659117739,215.3340659117739,212.12420979518348,213.7150115966797,524000,111986666.07666016
2018-01-18 00:00:00,213.2349563005031,215.3434959024173,212.94315249431313,213.3385009765625,535600,114264101.12304688
2018-01-19 00:00:00,215.08931867266952,216.41656911909874,212.71721363102472,213.6585235595703,493400,105419115.52429199
2018-01-22 00:00:00,214.03504907664168,214.46804358604555,209.45086010908884,213.4043731689453,480600,102562141.74499512
2018-01-23 00:00:00,213.8844676383735,218.27097585555737,211.55943069920426,217.8379669189453,523800,114103527.07214355
2018-01-24 00:00:00,217.64969080882895,220.7842547094237,215.4564368712987,218.62864685058594,552300,120748601.65557861
2018-01-25 00:00:00,219.56055371386586,225.18958339508785,217.828546790913,224.16355895996094,653500,146490885.78033447
2018-01-26 00:00:00,225.1331118145533,227.16634486930295,222.0832622324288,225.8767547607422,591200,133538337.41455078
2018-01-29 00:00:00,225.6885082943325,225.6885082943325,221.2925917751716,223.0057830810547,515800,115026382.91320801
2018-01-30 00:00:00,221.61257939731604,224.1447052868414,219.75821213750177,221.99851989746094,503400,111754054.91638184
2018-01-31 00:00:00,222.14912926863408,224.52123416219524,211.81355092013354,214.77867126464844,888300,190787893.6843872
2018-02-01 00:00:00,213.2820781146391,215.97422600348827,209.63921204430204,210.92880249023438,803100,169396921.27990723
2018-02-02 00:00:00,209.0461297163869,209.79918060053853,202.9276146229378,204.53724670410156,1261400,258003282.9925537
2018-02-05 00:00:00,202.57929989775474,203.93477402170743,192.44138875354037,196.82789611816406,988200,194505326.94396973
2018-02-06 00:00:00,192.94028173864973,200.4142842703712,191.45301044716436,198.1080780029297,1265800,250765205.1361084
2018-02-07 00:00:00,197.05379537972394,206.17508988493591,196.63020883099156,206.0056610107422,1215300,250358679.82635498
2018-02-08 00:00:00,204.2925156660275,205.72331094037082,195.96191611427847,196.18783569335938,897800,176137438.88549805
2018-02-09 00:00:00,197.85389873921594,203.501757241745,193.78743372303651,201.79798889160156,939200,189528671.1669922
2018-02-12 00:00:00,203.29474407438872,204.22664624703978,198.04223197656438,200.27313232421875,1073400,214973180.2368164
2018-02-13 00:00:00,208.9896053859391,216.1812116685514,203.0122824229891,205.5914764404297,1498000,307976031.7077637
2018-02-14 00:00:00,202.9087902888105,203.65243326516722,198.61641879681935,203.0405731201172,1401300,284520755.1132202
2018-02-15 00:00:00,205.2338128901778,211.88888131394864,203.915984669258,209.52618408203125,1153500,241688453.33862305
2018-02-16 00:00:00,208.62249408196337,210.40156901674183,201.28968274885563,203.55824279785156,720200,146602646.4630127
2018-02-20 00:00:00,202.6263705684892,203.69005538671814,199.19059506577133,201.52503967285156,826000,166459682.7697754
2018-02-21 00:00:00,202.53224152367684,204.70666509447642,199.79302626759852,199.84950256347656,336000,67149432.86132812
2018-02-22 00:00:00,200.5178418371507,202.28749470788887,198.5222550531064,199.670654296875,537400,107303009.61914062
2018-02-23 00:00:00,200.4142974260162,201.72271763318074,198.14573708395588,199.162353515625,495900,98764611.10839844
2018-02-26 00:00:00,199.54831607594215,200.66846293329422,195.80189185920645,198.7858428955078,759200,150918211.92626953
2018-02-27 00:00:00,198.58815100531874,199.7271279423517,192.62965760712999,194.0980987548828,745400,144680722.81188965
2018-02-28 00:00:00,194.75705693508016,195.30301852505335,191.88607257659967,191.96136474609375,630500,121031640.47241211
2018-03-01 00:00:00,192.4884737133241,195.6324454479728,190.78469066642495,192.0742950439453,661100,126980316.45355225
2018-03-02 00:00:00,190.39512994416245,193.48929725395453,185.4708728876898,192.734619140625,853400,164479723.97460938
2018-03-05 00:00:00,191.4516923383043,194.7345259494688,189.93290768123373,193.78175354003906,474200,91891307.52868652
2018-03-06 00:00:00,194.56471202336672,198.66826443466564,192.75349315875465,196.80987548828125,465900,91693720.98999023
2018-03-07 00:00:00,195.9891977557772,197.5740235934047,193.62140885140278,196.3571014404297,630800,123862059.58862305
2018-03-08 00:00:00,196.34766079600692,198.55508276469794,193.04595610300592,195.28167724609375,736600,143844483.45947266
2018-03-09 00:00:00,196.94194470654932,198.0833829657084,196.23443665698704,197.32870483398438,440100,86844362.99743652
2018-03-12 00:00:00,198.16832625755222,198.51735901111115,195.8005230643228,197.83815002441406,356200,70469949.03869629
2018-03-13 00:00:00,199.19656522123634,200.7153499627791,197.62118213063948,198.40415954589844,286200,56783270.46203613
2018-03-14 00:00:00,199.7908514506542,199.7908514506542,193.48931942985,195.0175323486328,372000,72546522.0336914
2018-03-15 00:00:00,195.30052874695718,197.35702637920622,191.9988243821562,193.81004333496094,741500,143710147.13287354
2018-03-16 00:00:00,194.93262133860412,197.206084040299,193.43270769662158,195.4608917236328,774400,151364914.55078125
2018-03-19 00:00:00,195.04586285437642,195.6590452877381,190.4800798837027,192.91390991210938,595900,114957398.91662598
2018-03-20 00:00:00,193.67797443654536,194.58359110401534,190.57437868794483,192.6403045654297,594500,114524661.06414795
2018-03-21 00:00:00,193.22517161437491,197.4136216755949,192.25352835355812,195.02696228027344,567500,110677801.09405518
2018-03-22 00:00:00,194.00815836064652,195.15903935749424,190.12157073428816,190.28195190429688,498200,94798468.4387207
2018-03-23 00:00:00,190.98001063653652,197.15891738561322,190.55550866934868,194.02700805664062,1234500,239526341.44592285
2018-03-26 00:00:00,196.96077736491534,198.34749412561888,193.96095050741712,197.4324493408203,605500,119545348.0758667
2018-03-27 00:00:00,198.6494145220286,198.6494145220286,192.88558114078782,193.7911834716797,437800,84841780.12390137
2018-03-28 00:00:00,194.3477626700601,194.7628363924331,189.04615884469038,190.35740661621094,581200,110635724.7253418
2018-03-29 00:00:00,191.85732963375858,196.73441695351158,190.1404364448746,195.55523681640625,674300,131862896.18530273
2018-04-02 00:00:00,194.21568800474282,194.5175506318535,187.26323219638434,189.96119689941406,979400,186047996.24328613
2018-04-03 00:00:00,189.96118934309237,191.01774448167345,186.7349543752364,189.9234619140625,575100,109224982.94677734
2018-04-04 00:00:00,186.92360066274287,193.24401673541192,185.6312240385536,192.80064392089844,520100,100275614.90325928
2018-04-05 00:00:00,193.61194649519715,197.6966281381539,193.61194649519715,196.2627410888672,562200,110338913.04016113
2018-04-06 00:00:00,194.38551527409965,195.1213226429398,189.41408700982564,190.76307678222656,342900,65412659.02862549
2018-04-09 00:00:00,191.17810550467001,191.77240245834622,187.4235858831141,188.3009033203125,520400,97991790.08789062
2018-04-10 00:00:00,189.75364210794706,194.41376382667494,189.73478559160864,193.57418823242188,503600,97483961.19384766
2018-04-11 00:00:00,191.84786822150832,192.71574299024275,190.527192354801,191.32904052734375,564800,108062642.08984375
2018-04-12 00:00:00,192.2063706387185,192.4705058492801,190.55551837556388,190.95172119140625,354200,67635099.6459961
2018-04-13 00:00:00,190.98000623191248,192.21578467436902,184.20680264270052,185.00863647460938,719100,133039710.4888916
2018-04-16 00:00:00,186.51800731286207,189.3669106888386,185.51806481253448,187.76321411132812,447500,84024038.31481934
2018-04-17 00:00:00,188.74426334784386,192.44216998494608,188.74426334784386,190.4139862060547,619500,117961464.45465088
2018-04-18 00:00:00,191.62146440094048,193.57417892533974,191.39505666717952,192.0082244873047,658700,126475817.4697876
2018-04-19 00:00:00,191.84789148961175,192.4044754670672,186.38593529964618,186.9425048828125,435400,81394766.62597656
2018-04-20 00:00:00,187.791541193211,188.3858382649864,184.70680155669862,185.57467651367188,470600,87331442.76733398
2018-04-23 00:00:00,185.31053666833225,186.83874966382757,184.4615182530536,185.77276611328125,338100,62809772.22290039
2018-04-24 00:00:00,186.60288032525258,188.1594066117759,179.5749701785749,182.34840393066406,483300,88128983.61968994
2018-04-25 00:00:00,182.28239667919772,185.48977561237504,180.89567954647606,185.1218719482422,561400,103927418.91174316
2018-04-26 00:00:00,185.6501277436801,186.0746297235071,181.98994791151415,184.7633819580078,844100,155958770.7107544
2018-04-27 00:00:00,184.76336847253248,185.76331087469794,183.89549366321364,185.2067413330078,465500,86213738.09051514
2018-04-30 00:00:00,185.36711923360252,189.71593619444738,183.63136951067548,183.73513793945312,620200,113952532.55004883
2018-05-01 00:00:00,183.77289099721594,184.291733213455,178.54677018690396,184.07476806640625,721200,132754722.72949219
2018-05-02 00:00:00,187.3198260241365,189.84798104884587,185.1689884495097,185.73500061035156,745800,138521163.4552002
2018-05-03 00:00:00,187.07454461997,193.33834814671022,184.65015804725,190.9422607421875,1437900,274555876.7211914
2018-05-04 00:00:00,189.38574457212064,193.7911595182046,188.69710745228974,192.4421844482422,695800,133901271.93908691
2018-05-07 00:00:00,192.95159816311644,193.93268409952424,191.42338530921015,193.01763916015625,617000,119091883.3618164
2018-05-08 00:00:00,191.49882664018932,203.7622982969502,189.20650769360626,201.3662109375,1484500,298928140.13671875
2018-05-09 00:00:00,202.49823499105295,202.564261588794,197.80981396279316,200.5643768310547,906900,181891833.3480835
2018-05-10 00:00:00,201.75296071266928,202.05483767804486,198.42295780765673,198.78143310546875,593900,118056293.12133789
2018-05-11 00:00:00,199.60220564765407,203.91329576310227,199.05506425740933,203.24351501464844,588800,119669781.640625
2018-05-14 00:00:00,203.41328273686148,203.7717436888545,200.4417403335973,201.3756561279297,408400,82241817.96264648
2018-05-15 00:00:00,200.71531395970933,205.72446847254957,199.7719699265782,204.8377227783203,653600,133881935.60791016
2018-05-16 00:00:00,205.57358655719014,208.2055251948738,204.23403938874523,205.9037628173828,446300,91894849.34539795
2018-05-17 00:00:00,205.13965840078598,206.47920558331904,200.3946233154067,201.41343688964844,752500,151563611.25946045
2018-05-18 00:00:00,201.69638861928763,207.44135041753378,201.42282517882782,206.88478088378906,752800,155742863.0493164
2018-05-21 00:00:00,207.50735534611948,208.38465824911398,204.9225879216294,205.4791717529297,434600,89301248.04382324
2018-05-22 00:00:00,206.46971759887055,206.8753630450107,203.55478779808067,203.8849639892578,407400,83062734.32922363
2018-05-23 00:00:00,202.37558667916065,207.0357083309795,201.35677343430945,206.9036407470703,593500,122797310.78338623
2018-05-24 00:00:00,205.87538460188125,207.46962375343983,203.8849283324878,206.03575134277344,434700,89563741.10870361
2018-05-25 00:00:00,206.40371220151565,207.22441704283239,204.2906160283338,205.36602783203125,381300,78306066.41235352
2018-05-29 00:00:00,203.7151511308887,209.79971756605218,202.95104472942336,207.28099060058594,585100,121280107.60040283
2018-05-30 00:00:00,207.68660049307718,209.46951992276846,205.93198022939006,208.27146911621094,416200,86682585.44616699
2018-05-31 00:00:00,208.93317972907468,215.02045003497017,207.28849232675964,210.66294860839844,841900,177357136.43341064
2018-06-01 00:00:00,211.82556126302086,214.850287417148,210.85197775752104,212.8180389404297,792800,168722141.27197266
2018-06-04 00:00:00,213.0638546345705,215.12444482591508,212.73301905341125,214.8881378173828,725500,155901343.98651123
2018-06-05 00:00:00,214.68959458858512,216.27757036774895,213.82943383002225,214.3020477294922,604300,129502727.44293213
2018-06-06 00:00:00,214.0468172455971,216.05070984714632,212.69514851051008,215.11492919921875,682200,146751404.69970703
2018-06-07 00:00:00,216.0034672723457,217.5914431001784,214.64233689247078,216.97705078125,933200,202482983.7890625
2018-06-08 00:00:00,216.45717070035957,217.9033681105849,214.6612436122331,216.9864959716797,520700,112984868.45245361
2018-06-11 00:00:00,217.00542691264755,217.63872788626486,215.24730241013035,217.12831115722656,419600,91107039.36157227
2018-06-12 00:00:00,217.49694774320864,218.99039514793594,216.33430702995014,217.67652893066406,446300,97149034.86175537
2018-06-13 00:00:00,217.96955402851617,220.13411951895506,216.6556878574738,217.36460876464844,486500,105747882.16400146
2018-06-14 00:00:00,218.17752759119256,219.66152800841851,216.35323010382413,217.5914764404297,532900,115954497.79510498
2018-06-15 00:00:00,217.402415728733,218.67847915548444,216.14526089832026,216.70294189453125,691200,149785073.4375
2018-06-18 00:00:00,216.12636964847155,218.42328111636962,215.94678844945614,218.04518127441406,501600,109371462.9272461
2018-06-19 00:00:00,216.17357964477114,216.90140903760368,214.0468172455971,215.11492919921875,497000,106912119.81201172
2018-06-20 00:00:00,216.25867043289026,216.66512590268638,214.046840756331,216.0601806640625,400600,86553708.37402344
2018-06-21 00:00:00,215.27567340173115,217.1472207719991,212.20368245307859,212.3360137939453,309000,65611828.2623291
2018-06-22 00:00:00,212.95040302861085,215.51197717360765,209.13168837570478,214.9731903076172,498700,107207130.00640869
2018-06-25 00:00:00,214.10359593676003,215.37021245878472,211.0316048384888,212.6385040283203,492700,104766990.93475342
2018-06-26 00:00:00,212.6762942195911,213.0732882380369,208.2148170270085,210.18089294433594,586200,123208039.44396973
2018-06-27 00:00:00,211.13552312230576,212.62898473499422,207.2033865465899,207.7327117919922,560500,116434184.95941162
2018-06-28 00:00:00,207.4775160281817,209.3112603909679,204.40552547195577,208.97097778320312,720700,150605383.6883545
2018-06-29 00:00:00,210.29432872312586,213.59317975027065,209.6137633855886,211.0977783203125,405000,85494600.21972656
2018-07-02 00:00:00,209.08443349317048,211.78778618600708,208.11084979407877,210.2187042236328,433400,91108786.41052246
2018-07-03 00:00:00,211.14501343117607,214.3493354430522,210.9559563122895,212.9882049560547,210000,44727523.040771484
2018-07-05 00:00:00,213.53640818227274,214.60450575071022,209.92563119134454,213.62147521972656,471700,100765249.86114502
2018-07-06 00:00:00,212.79913665587594,216.45716358226736,212.79913665587594,215.03932189941406,238400,51265374.34082031
2018-07-09 00:00:00,216.00345756915982,216.00345756915982,213.2433941664137,214.95425415039062,391800,84219076.77612305
2018-07-10 00:00:00,214.11299769673394,215.01096119026374,211.40018419933554,213.62147521972656,388700,83034667.41790771
2018-07-11 00:00:00,211.77829275290645,215.34180561886478,210.34154244978535,213.83888244628906,614700,131446761.03973389
2018-07-12 00:00:00,215.7198858309598,215.95619277675456,211.32458240838986,213.32846069335938,335900,71657029.94689941
2018-07-13 00:00:00,213.64989871346853,215.6159748225189,213.148928992075,214.39663696289062,275900,59152032.13806152
2018-07-16 00:00:00,215.04879908497205,215.8049843062752,210.2281453423522,212.6006622314453,380900,80979592.24395752
2018-07-17 00:00:00,211.73106234347637,214.6896304639146,211.57982240884573,213.0071258544922,428100,91188350.5783081
2018-07-18 00:00:00,213.87670864202968,215.22837753805368,212.43995827840521,213.42298889160156,370800,79137244.28100586
2018-07-19 00:00:00,212.72353210741414,214.04684533803197,211.98625553277955,213.4986114501953,444700,94942832.51190186
2018-07-20 00:00:00,212.6951805462022,214.03740239841318,211.570357066869,211.93899536132812,387700,82168748.50158691
2018-07-23 00:00:00,211.10715387127343,212.56281262557934,210.52111730482915,211.42852783203125,348600,73703984.8022461
2018-07-24 00:00:00,212.26986441603773,213.84839348641918,210.6346095488286,211.9201202392578,488200,103459402.70080566
2018-07-25 00:00:00,211.07883852668272,212.5912089250437,206.18256496287265,210.73855590820312,953300,200897065.34729004
2018-07-26 00:00:00,212.72349645452223,212.72349645452223,191.91902557759835,195.52035522460938,2345500,458592993.1793213
2018-07-27 00:00:00,195.66224072761503,198.9988951765183,193.22355019937586,194.43344116210938,1511400,293866702.9724121
2018-07-30 00:00:00,193.77173630421532,195.0288912510019,186.86212206368708,190.65248107910156,1529300,291564839.31427
2018-07-31 00:00:00,191.51260875865313,191.87179994481974,184.26271312623703,188.49732971191406,1251100,235829009.20257568
2018-08-01 00:00:00,188.71475346048132,191.03057346428656,187.96802973002488,190.60520935058594,1196100,227982890.90423584
2018-08-02 00:00:00,190.3122281438835,194.65082179703057,188.85658317049874,193.54490661621094,1112400,215299354.11987305
2018-08-03 00:00:00,190.3121985779265,196.8720830856409,188.85655383068348,195.6243896484375,702500,137426133.72802734
2018-08-06 00:00:00,195.6243504990256,197.18397058916878,194.79254542533243,195.9457244873047,542000,106202582.67211914
2018-08-07 00:00:00,196.84368813738502,199.7171742855496,195.98352738315626,197.1177978515625,843400,166249150.7080078
2018-08-08 00:00:00,197.25012023649015,198.00630532220632,193.71497767704062,194.18759155273438,555900,107948882.14416504
2018-08-09 00:00:00,193.67714609149886,196.63571334876212,192.12697327138946,192.37274169921875,594100,114288645.84350586
2018-08-10 00:00:00,190.67141201348306,191.3141601934624,188.74313862747286,189.1685028076172,861900,163044332.56988525
2018-08-13 00:00:00,189.0361543726906,190.57686621692977,188.5824345446004,189.99082946777344,590800,112246582.04956055
2018-08-14 00:00:00,190.2365637197861,192.77922910196952,190.10423238948445,191.64495849609375,506200,97010677.99072266
2018-08-15 00:00:00,190.93605377635302,192.15539153601733,188.79984371352387,191.90963745117188,847100,162566653.8848877
2018-08-16 00:00:00,192.8075769434827,193.77171340962855,191.21960104444975,191.4180908203125,476900,91287287.51220703
2018-08-17 00:00:00,191.87182427521938,192.95883063441303,191.04001907463268,191.8812713623047,328200,62975433.2611084
2018-08-20 00:00:00,191.8812475909105,192.67523549872453,191.2573937677572,191.84344482421875,337600,64766346.97265625
2018-08-21 00:00:00,191.9285393678467,194.65078607371095,191.9285393678467,193.03445434570312,556300,107385066.95251465
2018-08-22 00:00:00,193.0249643049564,195.32186080406478,192.39164902303938,194.5562286376953,448700,87297379.78973389
2018-08-23 00:00:00,194.59405722680668,195.5392850979981,192.07030054148953,192.23098754882812,647600,124488787.5366211
2018-08-24 00:00:00,192.6847215788151,194.6602445143538,192.060867676108,194.4995574951172,380900,74084881.44989014
2018-08-27 00:00:00,195.66216456195303,199.37690308203022,194.63186966902413,196.87205505371094,562600,110760218.17321777
2018-08-28 00:00:00,196.87210793615512,198.22379162203129,194.14984638694833,194.57521057128906,660900,128594756.66656494
2018-08-29 00:00:00,194.1687182681742,195.99301566007037,192.713073612467,195.60546875,509400,99641425.78125
2018-08-30 00:00:00,195.32188321707224,195.85120850774476,192.2404456046387,192.70359802246094,680600,131154068.81408691
2018-08-31 00:00:00,191.8793220556698,193.16786634563772,187.3978324140269,188.2789764404297,765700,144165212.260437
2018-09-04 00:00:00,187.08516234499984,189.02744071030233,184.75440806673967,188.2694854736328,907000,170760423.32458496
2018-09-05 00:00:00,188.27894859370826,190.05069130896922,187.35991271988212,189.1127166748047,515000,97393049.08752441
2018-09-06 00:00:00,189.70961522407853,190.86551577390142,186.36508780835044,187.8810272216797,397700,74720284.52606201
2018-09-07 00:00:00,187.18937916607942,188.68635084492234,185.57868818155808,185.9481964111328,473500,88046471.00067139
2018-09-10 00:00:00,185.5692497191451,185.85349020242225,178.44435670180286,180.5287628173828,1152500,208059399.1470337
2018-09-11 00:00:00,179.24968718624154,183.20058764453688,178.61489168622035,182.38577270507812,970200,176950676.6784668
2018-09-12 00:00:00,182.49945907588184,182.80265274762246,180.01712233105286,181.9215087890625,496300,90287644.81201172
2018-09-13 00:00:00,183.2574379031438,185.663990806675,181.54254017623393,182.98268127441406,545700,99853649.17144775
2018-09-14 00:00:00,183.32379283476502,184.65022925919368,182.37633411529518,183.80699157714844,335800,61722387.771606445
2018-09-17 00:00:00,183.80693858062676,184.9817922585734,182.3762815312707,182.9447479248047,530700,97088777.72369385
2018-09-18 00:00:00,183.26691285380875,185.73978041580799,183.26691285380875,185.0670928955078,431200,79800930.45654297
2018-09-19 00:00:00,184.60282381186548,188.02314981863546,184.60282381186548,185.796630859375,422200,78443337.54882812
2018-09-20 00:00:00,186.39354374487334,189.2548730321888,184.75444426171123,185.2187042236328,590800,109427210.45532227
2018-09-21 00:00:00,185.73978678057944,185.73978678057944,181.2772646495585,182.0825958251953,1046600,190567644.7906494
2018-09-24 00:00:00,181.34357806575403,181.70361697551985,180.2350531908699,180.81300354003906,479800,86754079.09851074
2018-09-25 00:00:00,180.86984015135525,181.2488322639093,178.2359064116557,179.4012908935547,762300,136757604.04815674
2018-09-26 00:00:00,179.09808682220452,180.12134378118176,176.65364205193725,177.07052612304688,693200,122745288.7084961
2018-09-27 00:00:00,177.9232719674033,179.63818444562568,175.98099309920778,177.2790069580078,875700,155243226.39312744
2018-09-28 00:00:00,176.1136731453148,176.8242673533484,171.05423139673758,172.39015197753906,1160700,200093249.4003296
2018-10-01 00:00:00,172.96801849298424,177.09893806072068,172.96801849298424,174.67344665527344,712900,124524700.12054443
2018-10-02 00:00:00,174.28499386171038,176.60626437092242,173.2143755526373,175.23245239257812,818200,143375192.54760742
2018-10-03 00:00:00,175.86731472194566,176.90005590051757,174.38928116511107,175.61151123046875,613000,107649856.38427734
2018-10-04 00:00:00,174.66393356248537,178.79485209639213,174.02912381497683,176.22723388671875,1000200,176262479.3334961
2018-10-05 00:00:00,175.96197709328555,175.96197709328555,171.08257206373872,173.015380859375,597000,103290182.37304688
2018-10-08 00:00:00,172.2195819198828,173.69761526434127,171.6795234902143,173.21441650390625,659500,114234907.68432617
2018-10-09 00:00:00,172.9775721532371,173.45130158636917,171.22476746781848,171.38583374023438,486200,83327792.36450195
2018-10-10 00:00:00,170.52359730020345,170.62781832602658,165.55892341535548,166.75271606445312,1384000,230785759.03320312
2018-10-11 00:00:00,165.57785375946006,167.43487890959284,158.86037599744031,159.98785400390625,1356100,216959528.81469727
2018-10-12 00:00:00,161.95858832242916,162.59338390024126,159.16358812078502,160.6700439453125,895200,143831823.33984375
2018-10-15 00:00:00,160.18686154256451,161.90175960697894,158.8604105873454,159.73207092285156,689700,110167209.31549072
2018-10-16 00:00:00,160.2342030336633,162.8870901578579,158.83196827288813,162.69760131835938,698500,113644274.52087402
2018-10-17 00:00:00,156.7001681686198,157.81817676932027,153.48828427957085,157.38233947753906,1198300,188591257.39593506
2018-10-18 00:00:00,155.9611565841422,156.85176995763135,153.26089386299495,154.19888305664062,1372300,211607127.21862793
2018-10-19 00:00:00,154.60631673249205,155.6295739494198,152.2282003999848,153.1756591796875,955100,146298072.08251953
2018-10-22 00:00:00,153.5167141169239,154.43575010540516,151.29018064852687,152.03868103027344,796700,121129217.17681885
2018-10-23 00:00:00,149.80263616887905,155.90427008787552,147.93614211424608,155.2978973388672,1797200,279101381.0974121
2018-10-24 00:00:00,155.222148299307,159.24884745635364,154.57786891650247,155.26004028320312,2180400,338528991.8334961
2018-10-25 00:00:00,156.4538466169809,158.0361007782415,152.62610569450555,153.48829650878906,1840000,282418465.5761719
2018-10-26 00:00:00,151.6502637572025,151.6502637572025,142.82942402913238,148.49522399902344,2663500,395517029.1213989
2018-10-29 00:00:00,152.6450340704462,153.43142633225426,143.9189352354806,145.36854553222656,1768700,257113346.48284912
2018-10-30 00:00:00,145.72860152011947,157.81818222386548,145.47278365616557,157.4770965576172,2607600,410637276.9836426
2018-10-31 00:00:00,161.0205942067075,167.7001805611507,159.54256103014745,162.2807159423828,1921300,311789939.5401001
2018-11-01 00:00:00,162.6881578069284,166.27902031763247,161.42803586112535,166.08004760742188,1034900,171876241.2689209
2018-11-02 00:00:00,166.77168394586857,168.78029175787108,165.55893796989662,168.1075897216797,1374500,231063882.07244873
2018-11-05 00:00:00,167.45382960095992,169.20661924703788,163.57871313785196,165.64418029785156,1112800,184328843.83544922
2018-11-06 00:00:00,166.49691847367794,180.01715859053712,162.7355061612993,179.59080505371094,2335300,419398407.04193115
2018-11-07 00:00:00,180.405590634366,187.01884743618086,178.899134970657,179.78973388671875,2031300,365206886.4440918
2018-11-08 00:00:00,178.3685491665734,180.29188895005538,175.14719573946968,178.4822540283203,948700,169326114.39666748
2018-11-09 00:00:00,177.12737520158745,178.3685436041654,172.21006295369997,174.6071319580078,1188500,207520576.3320923
2018-11-12 00:00:00,173.83021078835264,174.73029346488013,170.45726086793513,171.94476318359375,780000,134116915.28320312
2018-11-13 00:00:00,172.65536849715863,177.7337469322265,172.65536849715863,174.40817260742188,753200,131364235.60791016
2018-11-14 00:00:00,176.50207966231721,179.31603323441573,175.32724009489078,177.60113525390625,1101500,195627650.48217773
2018-11-15 00:00:00,175.6682967735045,179.6949956923394,175.0903464680477,178.80438232421875,843100,150749974.73754883
2018-11-16 00:00:00,177.73376222048344,180.32980409004915,174.6734748713779,179.041259765625,775500,138846496.9482422
2018-11-19 00:00:00,178.38747270249846,179.74234578007662,174.32288238390075,175.97145080566406,853200,150138841.82739258
2018-11-20 00:00:00,173.3375479839188,178.2643298126562,173.3375479839188,175.46932983398438,920400,161501971.17919922
2018-11-21 00:00:00,177.5063639133247,180.47189932376847,176.43573113287246,176.6346893310547,529500,93528068.00079346
2018-11-23 00:00:00,175.55456780220436,178.69066737924982,174.09548816724615,176.89048767089844,309900,54818362.129211426
2018-11-26 00:00:00,179.03174672009652,182.745781935964,178.37799810696723,181.66567993164062,1139100,206935376.01013184
2018-11-27 00:00:00,180.39612876289613,182.48054944620415,179.68553474551538,182.29104614257812,585600,106749636.62109375
2018-11-28 00:00:00,182.46159648076397,188.65796995991744,180.11190297463753,187.84315490722656,1164400,218724569.5739746
2018-11-29 00:00:00,186.6683330566594,188.36427791331946,185.4840095805613,186.4693603515625,687200,128141744.43359375
2018-11-30 00:00:00,185.690533795105,186.374373060421,180.24832626001555,181.1126251220703,892100,161570572.87139893
2018-12-03 00:00:00,185.09219560235215,185.80452700230896,182.82223345418657,184.62680053710938,959500,177149415.11535645
2018-12-04 00:00:00,183.23059958582303,184.53178675736802,175.43295459729742,175.75587463378906,962600,169182604.92248535
2018-12-06 00:00:00,173.2010353375664,177.91192750277682,172.51719591854516,176.7816925048828,1430300,252850854.7897339
2018-12-07 00:00:00,176.43024066296923,181.01765674099997,172.14675961344514,172.36520385742188,1419000,244586224.27368164
2018-12-10 00:00:00,172.49812105439463,174.99603379993962,168.2241337974083,170.94049072265625,859600,146940445.8251953
2018-12-11 00:00:00,173.05849352951145,174.35018799279223,167.6447649234986,168.7370147705078,585300,98761774.74517822
2018-12-12 00:00:00,171.33942103089205,172.3841794304681,168.60407861708742,170.07623291015625,616800,104903020.45898438
2018-12-13 00:00:00,171.44391538903244,172.4126901466962,164.21612556877298,166.685546875,687800,114646319.140625
2018-12-14 00:00:00,164.8429692754693,167.08443916239378,163.34232283069275,165.98269653320312,1046000,173617900.57373047
2018-12-17 00:00:00,165.72624833595737,171.2254393210752,163.98815831153755,166.7994842529297,791300,131988431.88934326
2018-12-18 00:00:00,167.71129751966163,170.86454347772272,166.25814270134376,168.09120178222656,723900,121681220.97015381
2018-12-19 00:00:00,167.59731432312722,169.19292947574377,161.11034889099426,163.03839111328125,993900,162043856.92749023
2018-12-20 00:00:00,161.87011646312567,162.69643041569012,156.29494287812943,159.51467895507812,1299500,207289325.30212402
2018-12-21 00:00:00,158.6409255732141,161.7561865803953,155.4781729150102,156.98831176757812,1130000,177396792.29736328
2018-12-24 00:00:00,155.60164352579656,159.72366364130698,153.6261097418042,155.5636444091797,299700,46622424.22943115
2018-12-26 00:00:00,156.3424787129589,161.35729004699616,152.53388580548366,161.31930541992188,1043400,168320563.27514648
2018-12-27 00:00:00,159.24880392285806,161.89868481130227,156.76989010419376,161.87017822265625,681300,110282152.4230957
2018-12-28 00:00:00,162.41152837502378,163.4467796683571,158.87836414220888,159.72366333007812,733000,117077445.22094727
2018-12-31 00:00:00,160.31252975276186,163.78871003190008,160.11308510124766,163.2378387451172,603900,98579330.81817627
2019-01-02 00:00:00,161.03438158620293,164.6150380041669,159.20130798781958,162.3545684814453,647800,105173289.46228027
2019-01-03 00:00:00,162.89589616411126,165.7642205658263,159.40073131076005,161.9461212158203,717400,116180147.36022949
2019-01-04 00:00:00,163.5892620401047,168.2146619585414,163.24734243778713,167.53082275390625,820200,137408780.8227539
2019-01-07 00:00:00,167.30284873866358,172.00424625340978,165.65024962952333,170.17117309570312,689600,117350040.96679688
2019-01-08 00:00:00,171.64335529915653,172.20371912366804,167.49284279645371,169.51585388183594,663800,112524623.8067627
2019-01-09 00:00:00,169.68677428559488,171.60530900403458,168.62301662316196,170.31362915039062,541000,92139673.37036133
2019-01-10 00:00:00,169.1929508898233,171.76684801804495,168.69906373570615,170.5131378173828,486000,82869384.97924805
2019-01-11 00:00:00,168.88900080132183,170.86452008712192,167.6352908201314,169.0504608154297,560200,94702068.14880371
2019-01-14 00:00:00,168.11011334722951,172.77351036515336,168.01513008509716,170.20912170410156,638500,108678524.20806885
2019-01-15 00:00:00,169.12642000764114,170.76001946985875,164.88092513038856,167.540283203125,517900,86769112.67089844
2019-01-16 00:00:00,166.54305371492674,167.46433663354688,165.29883627883592,165.91619873046875,679400,112723465.41748047
2019-01-17 00:00:00,165.48881040747986,169.6013381249538,164.5010362368719,168.32862854003906,579000,97462275.92468262
2019-01-18 00:00:00,169.54430344553273,174.22670099731613,169.42084256973646,171.40586853027344,627300,107522901.32904053
2019-01-22 00:00:00,170.64610592883193,172.52665673922687,167.47386028578552,171.18748474121094,731600,125240763.83666992
2019-01-23 00:00:00,170.3231612988914,170.47512878493168,163.209340963666,166.087158203125,814300,135244772.9248047
2019-01-24 00:00:00,166.27712630247558,170.55111406198614,165.67876337857055,167.19839477539062,555000,92795109.1003418
2019-01-25 00:00:00,167.88224760532313,169.8387965565884,165.92571314647634,166.87548828125,696400,116212090.0390625
2019-01-28 00:00:00,165.62177513117598,170.80753870308777,165.62177513117598,170.5985870361328,791000,134943482.34558105
2019-01-29 00:00:00,170.16172033064473,172.7356028861906,170.16172033064473,171.2254638671875,838500,143572551.45263672
2019-01-30 00:00:00,172.0137606118399,173.3244548239502,168.95548377852734,169.56333923339844,688400,116727402.72827148
2019-01-31 00:00:00,168.70858778364203,171.22548648105578,166.93249815351507,167.80628967285156,1316800,220967322.24121094
2019-02-01 00:00:00,168.54706297854415,175.75585111316897,168.26212760524672,174.578125,941200,164312931.25
2019-02-04 00:00:00,174.83459645521353,177.30400293936933,174.46418475796926,176.62017822265625,666100,117646700.71411133
2019-02-05 00:00:00,177.41797814304542,178.6146894611509,176.0977914337167,178.47222900390625,732100,130659518.85375977
2019-02-06 00:00:00,176.82907873468488,179.79238619053677,172.74505837850637,172.95401000976562,722800,125011158.4350586
2019-02-07 00:00:00,172.87803558361037,175.1384900460477,171.13994573501557,173.10597229003906,1076100,186279336.78131104
2019-02-08 00:00:00,172.76408934622808,175.21451090648068,171.66236121606735,175.08154296875,409400,71678383.69140625
2019-02-11 00:00:00,175.54690868443532,177.68390235768658,174.62562580812929,176.64865112304688,1244300,219803916.59240723
2019-02-12 00:00:00,176.41119295395166,180.2957687685633,173.8182970745916,175.2904510498047,1976300,346426518.409729
2019-02-13 00:00:00,176.48720768910692,176.79112817067173,170.80754242525953,171.35841369628906,1335800,228900569.01550293
2019-02-14 00:00:00,173.8658226287507,178.6621896482058,171.7288287134663,178.07333374023438,1709600,304434171.3623047
2019-02-15 00:00:00,180.4762670819593,183.47754535914427,178.36776521783236,180.51425170898438,1578700,284977849.17297363
2019-02-19 00:00:00,180.50474189051513,182.98365522353566,179.43149150150282,179.5169677734375,857900,154007606.65283203
2019-02-20 00:00:00,180.0488459821303,184.0473904448366,179.74491103880948,182.6132354736328,681300,124414397.32818604
2019-02-21 00:00:00,182.08137880844535,183.47753478049046,180.50474876807885,180.81817626953125,397300,71839061.43188477
2019-02-22 00:00:00,181.82493852741135,182.28082649513075,179.6784376317488,180.45726013183594,422100,76171009.50164795
2019-02-25 00:00:00,181.67295182847278,182.5277434891031,178.880611148204,179.13705444335938,590000,105690862.12158203
2019-02-26 00:00:00,178.24426328395,182.8316780355687,178.08280328139807,181.5019989013672,487000,88391473.46496582
2019-02-27 00:00:00,181.09357831108974,183.24957139038463,179.61193178696283,180.33375549316406,766100,138153690.083313
2019-02-28 00:00:00,179.8018917600316,180.21979505285367,177.56042231959856,178.36773681640625,695500,124054760.95581055
2019-03-01 00:00:00,179.49139205643928,184.87136696142798,179.43426184258263,183.26214599609375,693300,127055645.8190918
2019-03-04 00:00:00,183.30016637774202,186.0901307671252,182.09085731570286,185.75686645507812,511700,95051788.56506348
2019-03-05 00:00:00,185.43314472756072,187.3756442633533,184.3857092482515,184.73802185058594,574500,106131993.55316162
2019-03-06 00:00:00,186.12823163888262,187.83267878122032,185.30933159379407,186.27105712890625,503600,93806104.37011719
2019-03-07 00:00:00,185.1284395335528,188.44212220349556,185.11892267586393,187.54705810546875,885100,165997901.1291504
2019-03-08 00:00:00,186.69006103929271,188.3945229829508,185.4807517559187,187.04237365722656,549500,102779784.324646
2019-03-11 00:00:00,187.2518989940159,190.6989055453432,186.77579448141526,189.1372833251953,505300,95571069.26422119
2019-03-12 00:00:00,189.27051542338722,189.75613659910357,185.8711236047205,186.6424102783203,672200,125461028.18908691
2019-03-13 00:00:00,187.1185325783181,187.43276320322894,181.47194177525458,181.56715393066406,837700,152098804.8477173
2019-03-14 00:00:00,181.47195243847398,183.15736606037473,180.93871784228128,182.53842163085938,579900,105854030.70373535
2019-03-15 00:00:00,182.51938382240652,184.56664155001297,182.30037985706716,184.25241088867188,649900,119745641.83654785
2019-03-18 00:00:00,184.72852747759845,185.88070664507626,182.64318765196276,185.6426544189453,401400,74516961.48376465
2019-03-19 00:00:00,187.2328266326985,190.00374328169494,186.0140004943531,188.31834411621094,620500,116851532.52410889
2019-03-20 00:00:00,187.794588915876,188.55635873286417,183.71913710397257,186.40435791015625,590300,110034492.47436523
2019-03-21 00:00:00,186.7852643187667,190.46079052602067,185.8997026617814,189.19435119628906,472700,89432169.81048584
2019-03-22 00:00:00,188.93729972639156,189.78476511793508,182.81460309987418,182.92886352539062,849200,155343190.90576172
2019-03-25 00:00:00,182.4622515058716,187.5280094598421,182.4622515058716,187.04237365722656,387400,72460215.55480957
2019-03-26 00:00:00,188.44210604051327,188.83251511557685,183.85246741534368,187.33755493164062,580700,108786918.14880371
2019-03-27 00:00:00,186.63292095350806,189.4990641517979,185.44265997803927,187.05189514160156,528700,98894336.96136475
2019-03-28 00:00:00,187.3089517578874,189.394276294203,186.71857257208364,188.45159912109375,404200,76172136.3647461
2019-03-29 00:00:00,190.47027360506806,194.06962073356496,190.22270461464132,191.5653076171875,1004400,192408194.97070312
2019-04-01 00:00:00,194.1553378983871,195.25990341933826,192.56515119663626,194.2505645751953,813000,157925708.9996338
2019-04-02 00:00:00,194.86950676184378,197.78327762034638,194.05060668975844,195.6122283935547,1019800,199485350.51574707
2019-04-03 00:00:00,195.7550569021175,196.81200908961344,191.93670542886505,192.974609375,557100,107506154.8828125
2019-04-04 00:00:00,193.0698396420878,196.81202756019823,192.41282781375838,194.07919311523438,452900,87898466.56188965
2019-04-05 00:00:00,194.86948469202684,196.91674190515533,194.42194548648274,195.98358154296875,446100,87428275.72631836
2019-04-08 00:00:00,195.08850313188051,196.94530700086662,195.08850313188051,195.98358154296875,320100,62734344.4519043
2019-04-09 00:00:00,195.8598362579149,196.51686267430523,193.83162680376287,195.1837615966797,357400,69758676.39465332
2019-04-10 00:00:00,194.84094321753832,195.3170475765135,193.0793658070614,195.05043029785156,289300,56428089.48516846
2019-04-11 00:00:00,195.84079541235846,197.96421711185528,194.8695383023221,197.3072052001953,528000,104178204.34570312
2019-04-12 00:00:00,200.90654728961783,204.13453465848042,198.46888046764977,202.0206298828125,736300,148747789.78271484
2019-04-15 00:00:00,201.77305588213528,202.8681048119871,199.59250393970194,201.53500366210938,450600,90811672.65014648
2019-04-16 00:00:00,199.58298008031048,201.9920673000992,198.42128412497118,201.87779235839844,566400,114343581.59179688
2019-04-17 00:00:00,202.43959301138534,202.43959301138534,197.81185774633738,199.5924835205078,469500,93708671.01287842
2019-04-18 00:00:00,200.3732694051211,202.98232646905012,200.03048822210948,201.45880126953125,465400,93758926.11083984
2019-04-22 00:00:00,200.47803637504956,202.31580693289825,198.9354627529941,202.01109313964844,279200,56401497.204589844
2019-04-23 00:00:00,202.0206404372458,203.5251322184113,200.6685055647044,201.9825439453125,351100,70916071.17919922
2019-04-24 00:00:00,202.4967374246042,205.6294981464994,202.29676717320265,203.81077575683594,496900,101273574.47357178
2019-04-25 00:00:00,203.02995506623566,204.18211954118448,200.42089780625324,202.2015380859375,374700,75764916.32080078
2019-04-26 00:00:00,202.59196030335312,204.6296867678691,201.8968518747314,204.03932189941406,799000,163027418.19763184
2019-04-29 00:00:00,203.7250772807277,205.2962305757348,203.15376069763275,203.982177734375,922700,188214355.3955078
2019-04-30 00:00:00,215.49439552589297,216.3228126259385,209.1812458198775,211.29515075683594,1415800,299151674.4415283
2019-05-01 00:00:00,212.8186480139415,216.4465608969676,208.06712129073202,208.68606567382812,935200,195163208.61816406
2019-05-02 00:00:00,210.00962228078035,213.61848669907127,209.2573693049384,212.285400390625,726500,154225343.38378906
2019-05-03 00:00:00,212.6948880807882,214.25651002759815,209.77161444046374,210.8571319580078,419500,88454566.85638428
2019-05-06 00:00:00,207.82908212363162,211.942631008247,206.37220385938522,210.25721740722656,659600,138685660.60180664
2019-05-07 00:00:00,207.95290052580745,210.01919208965668,207.33397055430802,209.71449279785156,488300,102403586.83319092
2019-05-08 00:00:00,209.2668855957851,210.22861103968316,205.53422967182487,205.81036376953125,463100,95310779.46166992
2019-05-09 00:00:00,204.12502070120476,207.1054392581474,202.67767360996763,206.57220458984375,506900,104711450.5065918
2019-05-10 00:00:00,205.9150970690005,208.2194399955447,203.2774753411608,205.55325317382812,606000,124565271.42333984
2019-05-13 00:00:00,202.24914429109955,204.22022349086447,200.5827788830011,202.33485412597656,699300,141492763.4902954
2019-05-14 00:00:00,203.31563074410295,206.50552156441893,202.38245564184322,205.3723907470703,652000,133902798.76708984
2019-05-15 00:00:00,203.61083185018887,207.27682741581458,202.59196134790028,206.9245147705078,624300,129182974.57122803
2019-05-16 00:00:00,207.33390702757052,210.09530617217138,207.0196764441559,209.11453247070312,767500,160495403.67126465
2019-05-17 00:00:00,207.49583143475806,209.6954315264358,206.59123594431125,207.1339874267578,395100,81838638.43231201
2019-05-20 00:00:00,206.17224340396126,209.0669516219894,205.15337306339333,207.3053741455078,493400,102284471.60339355
2019-05-21 00:00:00,207.98145910677357,212.0569118975242,207.98145910677357,209.79066467285156,412700,86580607.31048584
2019-05-22 00:00:00,209.0384064586006,209.6478195378631,204.91534041860817,205.1153106689453,452800,92876212.67089844
2019-05-23 00:00:00,203.3060914371951,203.8202923150713,200.11620074114182,202.56336975097656,451000,91356079.75769043
2019-05-24 00:00:00,202.97284932181475,204.06788372724728,200.23999994300473,201.9825439453125,426300,86105158.48388672
2019-05-28 00:00:00,203.0584814534304,204.30587237936592,198.57357260956954,198.59262084960938,602100,119572617.0135498
2019-05-29 00:00:00,199.0307094191651,200.54471809123334,197.1358084673108,200.32571411132812,434400,87021490.20996094
2019-05-30 00:00:00,200.38284157364254,203.2680333542748,200.38284157364254,202.40151977539062,549200,111158914.66064453
2019-05-31 00:00:00,199.11848303166522,201.72389239487802,195.66369038200529,200.8936004638672,647800,130138874.38049316
2019-06-03 00:00:00,200.8649728460937,206.65795419415772,200.8649728460937,206.38119506835938,715900,147748297.54943848
2019-06-04 00:00:00,207.61233131592888,213.53893796824104,207.45964414841043,213.4530487060547,722800,154283863.60473633
2019-06-05 00:00:00,213.31942120459271,215.6385184720444,212.0882836290213,215.5430908203125,642000,138378664.30664062
2019-06-06 00:00:00,216.85060157396717,219.44647296654975,215.68627626277473,218.92156982421875,688900,150815069.4519043
2019-06-07 00:00:00,219.5036808197231,221.12609641764246,218.3202644284788,220.1049346923828,574200,126384253.50036621
2019-06-10 00:00:00,221.20248112189262,221.83236484083744,217.5090971959283,219.04562377929688,510800,111888504.62646484
2019-06-11 00:00:00,220.11452125399373,220.77303477053962,206.25715133768887,210.85719299316406,980200,206682220.5718994
2019-06-12 00:00:00,211.41068079489358,211.41068079489358,207.72683580950152,209.501953125,729100,152747874.0234375
2019-06-13 00:00:00,210.29407662665847,215.49535660897115,209.04384777179203,212.4127655029297,452400,96095535.11352539
2019-06-14 00:00:00,212.2792165026503,214.1593150928152,210.4086708742002,213.75848388671875,306000,65410096.06933594
2019-06-17 00:00:00,213.77752721534944,215.97256723763755,213.71071474812422,214.18789672851562,429900,92079376.80358887
2019-06-18 00:00:00,216.45929332956518,217.27050854262154,211.17212325472292,211.24847412109375,471900,99688154.93774414
2019-06-19 00:00:00,212.1455332484189,212.5559172753015,204.41519482130886,212.0787353515625,513700,108944846.35009766
2019-06-20 00:00:00,213.8348152331003,216.3447974445894,210.8762952976841,213.78709411621094,470900,100672342.61932373
2019-06-21 00:00:00,214.5027989666236,216.92689113427272,213.1857868464399,214.6650390625,636300,136591364.35546875
2019-06-24 00:00:00,214.44559948474418,215.48585280601577,212.6800347267257,214.67465209960938,355200,76252436.42578125
2019-06-25 00:00:00,214.68420032467108,215.409526357059,213.59622583852962,214.39788818359375,331800,71137219.2993164
2019-06-26 00:00:00,214.38828158256786,215.34264537425707,212.55590485001687,213.93019104003906,511900,109510864.793396
2019-06-27 00:00:00,215.3808815329722,217.23235020350904,213.69166757320394,216.37342834472656,409700,88648193.59283447
2019-06-28 00:00:00,216.2302463906953,220.2958315611014,215.68625195111377,219.6086883544922,924800,203094114.99023438
2019-07-01 00:00:00,221.31695559475344,222.18543013282533,215.11359100127248,217.6808319091797,503700,109645835.03265381
2019-07-02 00:00:00,218.34892531781074,218.62569902284545,215.03729575408127,216.36386108398438,467800,101215014.21508789
2019-07-03 00:00:00,216.14432226799684,220.71573329824776,215.93436105445014,220.47714233398438,290000,63938371.27685547
2019-07-05 00:00:00,219.42734584738415,220.5057817129235,217.79539173552917,220.30535888671875,195600,43091728.19824219
2019-07-08 00:00:00,219.1982615146111,219.3795929590899,216.81235211343792,218.54930114746094,436200,95331205.16052246
2019-07-09 00:00:00,218.6066149670007,219.25559005785695,216.8792184612817,218.49209594726562,345800,75554566.77856445
2019-07-10 00:00:00,219.57051529176837,220.11449515674158,214.71279184436105,215.69578552246094,388900,83884090.98968506
2019-07-11 00:00:00,214.8177770775246,215.70534311963763,212.88041943243394,214.7318878173828,363100,77969148.4664917
2019-07-12 00:00:00,215.18047355487326,217.21327373616717,213.8634464444642,216.16346740722656,386500,83547180.15289307
2019-07-15 00:00:00,216.96508220862398,216.96508220862398,212.56546411449796,214.7223358154297,675300,145001993.37615967
2019-07-16 00:00:00,214.73188545133868,220.6966600472092,214.7127940951493,219.62777709960938,426200,93605358.59985352
2019-07-17 00:00:00,219.6277725360003,220.82072743038617,216.11570575446063,217.9958038330078,362800,79088877.63061523
2019-07-18 00:00:00,217.4232030260004,218.3584756235915,212.68955140590924,215.23770141601562,587400,126430625.81176758
2019-07-19 00:00:00,215.76260685369056,218.14851676507368,213.97795089995628,214.0829315185547,461700,98842089.4821167
2019-07-22 00:00:00,213.28123855921646,215.53353792738878,210.54221884848167,210.9716796875,492500,103903552.24609375
2019-07-23 00:00:00,212.72771030843836,214.74141874666265,211.4297748047141,213.32896423339844,548600,117032269.77844238
2019-07-24 00:00:00,212.55593780363893,216.9460177509999,212.08829423073317,216.4020233154297,1912000,413760668.57910156
2019-07-25 00:00:00,216.80285121962254,217.47090305501973,211.36297975647707,211.7542724609375,522400,110620431.93359375
2019-07-26 00:00:00,211.42022673444075,215.76258525087536,211.1720973709782,213.60572814941406,608400,129957725.00610352
2019-07-29 00:00:00,213.48167800984893,214.79870494368237,212.41279502728176,213.7679901123047,760300,162527802.88238525
2019-07-30 00:00:00,222.57677153700257,235.23163283741465,220.4580823082657,235.0980224609375,1347900,316888624.47509766
2019-07-31 00:00:00,236.34822233244552,240.57606213078594,234.61128754575108,236.44366455078125,1417600,335182538.8671875
2019-08-01 00:00:00,236.7872514997318,237.58891376094525,230.36438588766978,233.33245849609375,686300,160136066.26586914
2019-08-02 00:00:00,231.7195906889112,238.5146579604303,229.91584324464833,234.82127380371094,723500,169893191.59698486
2019-08-05 00:00:00,232.31127092598092,237.3312200597355,231.52870005956848,234.7544403076172,754000,177004847.99194336
2019-08-06 00:00:00,234.64943030922407,236.05234630483974,231.28052715306842,235.89010620117188,789500,186235238.8458252
2019-08-07 00:00:00,234.66858617397185,235.5943205088958,231.70051326314604,233.8955535888672,725800,169761392.7947998
2019-08-08 00:00:00,235.6229003007285,239.80301880034767,235.33658822114248,239.5262451171875,575200,137775496.19140625
2019-08-09 00:00:00,239.2972140838509,241.36818203878232,236.59636244794373,238.0279083251953,317800,75645269.26574707
2019-08-12 00:00:00,237.33123287598283,239.29723495129738,235.81379760875626,237.15945434570312,358800,85092812.21923828
2019-08-13 00:00:00,237.21669914004372,241.33955836026243,235.86150408963056,239.95571899414062,421900,101237317.84362793
2019-08-14 00:00:00,237.4552417125275,239.9843143811516,236.04278744354846,237.48387145996094,485800,115369664.75524902
2019-08-15 00:00:00,238.0947037110346,240.26111385986528,236.4245668718896,238.66732788085938,422900,100932412.96081543
2019-08-16 00:00:00,240.16565995916022,244.00220676047414,236.424555368986,243.2100830078125,406200,98791935.71777344
2019-08-19 00:00:00,244.31714954497286,245.81550780363636,242.40842181415277,243.72544860839844,456000,111138804.56542969
2019-08-20 00:00:00,243.76365598298182,244.61303937738552,240.7192324324128,241.17733764648438,819600,197668945.9350586
2019-08-21 00:00:00,243.3627635658317,244.7752324432458,239.9747692389967,241.692626953125,715900,173027751.6357422
2019-08-22 00:00:00,241.46361856948727,244.18356166122712,240.12751485991154,243.46778869628906,302200,73575965.74401855
2019-08-23 00:00:00,242.97150872217506,246.57900320186704,239.8507491652979,240.8146514892578,544100,131027251.87530518
2019-08-26 00:00:00,241.45409532921983,242.03625795974438,237.3121590070953,239.31631469726562,366200,87637634.44213867
2019-08-27 00:00:00,241.31090178072174,242.63746693039153,238.50506977262276,238.7913818359375,439900,105044328.8696289
2019-08-28 00:00:00,239.1922275382643,242.83789004278304,237.23577864205387,240.6619415283203,506700,121943405.7723999
2019-08-29 00:00:00,242.48479490401652,244.6893878676972,240.98643650797035,241.70220947265625,605600,146374858.05664062
2019-08-30 00:00:00,243.32817088219105,243.44293913799757,240.850992066819,242.71604919433594,444300,107838740.65704346
2019-09-03 00:00:00,241.85517744104203,250.11883986141996,238.90933806210245,249.6693115234375,887600,221606480.90820312
2019-09-04 00:00:00,251.582322634161,252.87352420068902,249.1338352907658,249.34425354003906,554600,138286323.01330566
2019-09-05 00:00:00,251.0370460696139,251.60134270224663,243.51941995557712,244.58106994628906,617900,151126643.119812
2019-09-06 00:00:00,244.0263826201771,248.177348101877,243.78727234424628,246.79049682617188,263400,65004616.86401367
2019-09-09 00:00:00,246.20708904309402,246.33140187211018,241.46313460693955,242.07525634765625,533000,129026111.63330078
2019-09-10 00:00:00,241.1474831740171,246.03488285958065,236.50873830989426,245.63319396972656,489300,120188321.8093872
2019-09-11 00:00:00,245.41315097792358,247.20169067382812,243.20377497848176,247.20169067382812,423300,104640475.66223145
2019-09-12 00:00:00,248.25383723477026,253.1316924398378,247.91907702876537,249.88934326171875,480400,120046840.50292969
2019-09-13 00:00:00,250.67365490812455,252.8352212250125,249.28683276792933,252.53872680664062,327400,82681179.15649414
2019-09-16 00:00:00,251.677851865657,251.85000420840387,248.89460557155243,251.7256622314453,368400,92735733.96606445
2019-09-17 00:00:00,251.70660574070254,257.5313282735556,250.2145308390107,255.62799072265625,512600,131034908.0444336
2019-09-18 00:00:00,254.8627137666575,256.6512529197086,252.22292851628308,256.55560302734375,541000,138796581.23779297
2019-09-19 00:00:00,257.0339553961599,259.67374200317704,255.27410738756984,256.98614501953125,401100,103077142.76733398
2019-09-20 00:00:00,257.5886509770467,257.94252941352573,252.1560740754998,254.80540466308594,800100,203869804.27093506
2019-09-23 00:00:00,254.71932959158573,258.21990654215745,254.32718534755435,255.2262420654297,341300,87108716.41693115
2019-09-24 00:00:00,255.60886888547452,258.5929602711902,255.60886888547452,256.49835205078125,353900,90774766.79077148
2019-09-25 00:00:00,255.78097378185817,259.0615589469619,254.42284409760208,258.82244873046875,403100,104331329.08325195
2019-09-26 00:00:00,258.6408274064119,262.81089679038274,257.26354982184404,261.6727294921875,404800,105925120.8984375
2019-09-27 00:00:00,262.16054084443385,262.7248376543333,256.6801222170332,258.9277648925781,345300,89407757.21740723
2019-09-30 00:00:00,259.4442633257632,263.9682117666719,259.4442633257632,262.1605529785156,399000,104602060.63842773
2019-10-01 00:00:00,262.45696511140187,263.8916265392406,256.1253306799956,256.36444091796875,622500,159586864.47143555
2019-10-02 00:00:00,254.57591734731807,254.71937766165723,247.80429862787497,249.6502227783203,890200,222238628.31726074
2019-10-03 00:00:00,249.16243930540546,250.13799855911645,245.34622009628464,248.4738006591797,612600,152215050.28381348
2019-10-04 00:00:00,249.71725321837022,252.50050087837218,248.02436264071355,250.52066040039062,636100,159356192.08068848
2019-10-07 00:00:00,250.2049382497876,252.5960404326253,247.9477226112941,250.6927032470703,732700,183682543.66912842
2019-10-08 00:00:00,249.08595029330436,255.60888564305566,247.67998069959864,251.49620056152344,608200,152959989.18151855
2019-10-09 00:00:00,253.75342119753435,256.0297560022457,252.5387513393759,254.50901794433594,448800,114223647.25341797
2019-10-10 00:00:00,254.52813216601956,258.1147867321383,253.49518849381596,256.201904296875,376700,96511257.34863281
2019-10-11 00:00:00,257.50261146539367,258.5355548645606,253.38989780372444,253.8681182861328,491200,124700019.70214844
2019-10-14 00:00:00,253.93505912924294,255.58971239518445,253.6098727256046,254.14547729492188,399200,101454874.53613281
2019-10-15 00:00:00,257.263560767761,258.3443147900042,253.2751881785323,254.25074768066406,475900,120997930.82122803
2019-10-16 00:00:00,254.71940619399894,256.1444941231714,253.51428104203123,255.03501892089844,452400,115377842.55981445
2019-10-17 00:00:00,256.32611637115787,259.03283080194655,255.3505573315468,255.3887939453125,316100,80728397.76611328
2019-10-18 00:00:00,254.36548866776295,254.96802196314127,251.7161284897414,254.202880859375,480600,122169904.54101562
2019-10-21 00:00:00,255.45582709910724,259.4920093484423,255.26455640913613,256.90960693359375,424800,109135201.02539062
2019-10-22 00:00:00,256.51750409264906,260.52499447106845,255.6279917233332,256.048828125,425100,108846356.8359375
2019-10-23 00:00:00,256.90959503271176,258.08602793400456,250.75014203692206,252.55780029296875,559800,141381856.6040039
2019-10-24 00:00:00,253.992430001223,254.62368446533662,252.72037651250352,253.36117553710938,572100,144947928.52478027
2019-10-25 00:00:00,252.93078826143983,260.237980998532,252.0317315494045,256.6417541503906,605400,155370917.96264648
2019-10-28 00:00:00,257.8755615571666,259.19545451967565,256.02963783458813,257.33038330078125,698400,179719539.69726562
2019-10-29 00:00:00,262.074434301384,263.44213806476495,252.09873147765128,256.479248046875,1088200,279100717.7246094
2019-10-30 00:00:00,255.18797625940624,256.9478238891335,248.19639610683313,255.2262420654297,743500,189760710.97564697
2019-10-31 00:00:00,256.23055267911195,258.19127435391977,249.24854465612594,250.50148010253906,735600,184268888.76342773
2019-11-01 00:00:00,252.1465254356905,255.70448684009807,249.99453335693417,251.87872314453125,1010200,254447886.12060547
2019-11-04 00:00:00,253.05512321929098,254.97757878935084,248.34945028576269,249.49716186523438,1344900,335548732.9925537
2019-11-05 00:00:00,249.63107140010803,252.14651560196245,240.5161909184314,242.2664794921875,1541300,373405324.8413086
2019-11-06 00:00:00,239.83714853603047,245.97749822567926,236.48004575912117,245.4227752685547,720700,176876194.13604736
2019-11-07 00:00:00,245.52793774297922,246.84783086841486,243.15596837340905,246.3313446044922,614300,151321344.99053955
2019-11-08 00:00:00,247.0774205872044,247.6991306630509,244.31332094060397,245.709716796875,605900,148875517.40722656
2019-11-11 00:00:00,244.4280872551685,246.0540488142729,243.5290302784778,244.8680419921875,503900,123389006.35986328
2019-11-12 00:00:00,245.1836593849534,247.06784934705456,243.56727173881396,244.12200927734375,458500,111929941.25366211
2019-11-13 00:00:00,243.62464970379187,246.70439085360394,241.54917451050656,246.17835998535156,594400,146328417.17529297
2019-11-14 00:00:00,246.36963717814274,250.95099780576822,245.56623022935108,250.05194091796875,464600,116174131.75048828
2019-11-15 00:00:00,251.13267383590258,252.21345663573666,248.7224242820757,249.08587646484375,420200,104665885.29052734
2019-11-18 00:00:00,248.53127261383463,251.94577499093037,248.53127261383463,249.34425354003906,459700,114623553.35235596
2019-11-19 00:00:00,250.04239816855187,250.59715037061898,246.24532570645005,250.26239013671875,428100,107137329.2175293
2019-11-20 00:00:00,249.6024523243811,254.64288676275396,249.6024523243811,251.6205291748047,496500,124929592.73529053
2019-11-21 00:00:00,251.63961384589172,252.7395150747902,248.42595715181338,249.1337432861328,525500,130919782.0968628
2019-11-22 00:00:00,248.49291563062997,250.97009413616436,247.51735639003002,248.0338134765625,423700,105091926.77001953
2019-11-25 00:00:00,248.39731689423158,250.9988379269276,247.3739470715324,250.3484649658203,740600,185408073.15368652
2019-11-26 00:00:00,251.4387422805117,257.4260419918983,250.22404375331115,257.3399658203125,1025700,263953602.94189453
2019-11-27 00:00:00,257.2538720362816,261.99781002674445,256.5269677194244,260.04669189453125,724200,188325814.27001953
2019-11-29 00:00:00,259.5579202246398,259.86460869950963,255.01521052439324,257.22906494140625,242600,62403771.154785156
2019-12-02 00:00:00,256.9128776449429,257.5262255026438,253.11767261366222,256.8553771972656,433100,111244063.86413574
2019-12-03 00:00:00,255.42732452124304,260.21922259737835,254.89063427650987,259.38543701171875,609400,158069485.3149414
2019-12-04 00:00:00,259.1170163335318,262.50009421891605,258.25448078081877,258.3119812011719,608000,157053684.5703125
2019-12-05 00:00:00,257.76583927811475,262.70148971379,257.76583927811475,261.3406066894531,592500,154844309.46350098
2019-12-06 00:00:00,260.9667699650258,263.0560598538391,260.37257925485386,261.9443359375,469600,123009060.15625
2019-12-09 00:00:00,261.5417643481013,262.11679790780386,258.1395287616122,259.5675048828125,452800,117532166.2109375
2019-12-10 00:00:00,259.5580150274018,259.72095247900836,256.1941214721092,257.6508483886719,439400,113211782.78198242
2019-12-11 00:00:00,258.359989606348,261.59931770891376,257.40160989540794,260.89971923828125,382900,99898502.49633789
2019-12-12 00:00:00,261.3885535494962,263.76534649411025,260.8614562450252,263.583251953125,401000,105696884.03320312
2019-12-13 00:00:00,263.5160980812593,267.07170814967844,262.5385612274568,264.8003234863281,449400,119001265.37475586
2019-12-16 00:00:00,265.3081988281498,267.75208423712223,262.65349799501155,263.16143798828125,419000,110264642.51708984
2019-12-17 00:00:00,265.7107124021536,266.4294970164065,262.6918228717756,262.80682373046875,558200,146698769.00634766
2019-12-18 00:00:00,263.09440011230487,264.46490539155735,262.2414573380493,263.11358642578125,589500,155105459.19799805
2019-12-19 00:00:00,262.7877148676625,264.790724850395,259.7496384720089,261.59930419921875,532700,139353949.34692383
2019-12-20 00:00:00,261.6760478733029,264.26365597363787,261.52270358442314,261.8677062988281,954100,249847978.5797119
2019-12-23 00:00:00,262.10722342600076,262.10722342600076,258.39829911045666,259.81671142578125,625200,162437407.98339844
2019-12-24 00:00:00,260.80388770391676,264.7715646854595,259.95091568223216,263.11358642578125,314000,82617666.13769531
2019-12-26 00:00:00,263.53520997796176,267.2824773971918,262.9505832642336,267.0907897949219,254100,67867769.68688965
2019-12-27 00:00:00,267.28248538014907,268.0683343791147,265.9503237736551,267.1099548339844,233000,62236619.47631836
2019-12-30 00:00:00,266.9470321880939,269.4675749344468,265.7873719433399,266.381591796875,297800,79328438.03710938
2019-12-31 00:00:00,265.7682711853897,268.66256733853453,265.7682711853897,268.0013122558594,230500,61774302.474975586
2020-01-02 00:00:00,269.9946546611538,270.090498453805,264.0718767927878,265.0973205566406,553500,146731366.9281006
2020-01-03 00:00:00,263.2189262411329,267.81916543180307,263.2189262411329,264.3114929199219,442400,116931404.46777344
2020-01-06 00:00:00,265.35613088009194,266.515761930566,264.2635641691659,265.1261291503906,571500,151519582.80944824
2020-01-07 00:00:00,264.3786686437493,267.9150928609401,263.3244741378656,264.5320129394531,533700,141180735.30578613
2020-01-08 00:00:00,264.78107875528576,267.54121630798915,262.5288811516965,265.4327697753906,506500,134441697.89123535
2020-01-09 00:00:00,266.20913040122105,268.11632597601636,265.2411867500709,266.0557861328125,481600,128132466.6015625
2020-01-10 00:00:00,265.80665149947197,265.80665149947197,260.96681581316415,265.34661865234375,335600,89050325.21972656
2020-01-13 00:00:00,264.6661714740049,264.972860032165,260.4876202995081,260.82305908203125,647900,168987259.97924805
2020-01-14 00:00:00,258.1682809110113,258.7624715364334,249.27452009624855,249.8974609375,1076900,269114575.68359375
2020-01-15 00:00:00,249.87831612957584,251.84298255157847,247.99987111186746,251.2775421142578,703100,176673239.86053467
2020-01-16 00:00:00,251.53630445175799,253.0601245231813,250.4150166857223,252.0634307861328,728900,183729034.7000122
2020-01-17 00:00:00,252.2167753483075,255.83944911161825,251.76633576078942,255.63816833496094,541700,138479195.78704834
2020-01-21 00:00:00,254.67986807130868,257.83294616631116,254.3061151148584,256.6158142089844,590800,151608623.03466797
2020-01-22 00:00:00,256.8840536212664,257.30574294803995,253.8843210570269,254.19100952148438,400900,101905175.71716309
2020-01-23 00:00:00,252.89726537743167,256.8074420782425,251.49803906383642,256.72119140625,385700,99017363.52539062
2020-01-24 00:00:00,256.3473784705024,256.4719432470378,251.35419984179202,252.90679931640625,305800,77338899.23095703
2020-01-27 00:00:00,250.61628523810683,254.0377077003192,248.50783825223814,248.7378692626953,545100,135587012.5350952
2020-01-28 00:00:00,249.89753040323197,254.94818137070567,247.92327037435655,254.49774169921875,434500,110579268.76831055
2020-01-29 00:00:00,254.86189440491586,257.0374349381564,249.7058071860778,249.80165100097656,504900,126124853.59039307
2020-01-30 00:00:00,248.44080115801603,255.77240063318925,248.44080115801603,255.5998992919922,737800,188581605.69763184
2020-01-31 00:00:00,254.42101756436173,254.6318622329846,249.12117987991957,252.8205108642578,387900,98069076.1642456
2020-02-03 00:00:00,254.66068512130573,263.180666451585,253.49146057936002,261.0339050292969,607100,158473683.74328613
2020-02-04 00:00:00,262.9889104487177,263.07516109020446,255.33146794227926,261.09130859375,482600,126002665.52734375
2020-02-05 00:00:00,263.12317286300873,266.80337717921515,261.9156341552029,265.66290283203125,559600,148664960.4248047
2020-02-06 00:00:00,265.0973489009334,266.2282589792648,260.2862941686003,262.76849365234375,534000,140318375.61035156
2020-02-07 00:00:00,262.32770554776107,264.2348718853249,260.6505409903255,262.69189453125,310900,81670910.00976562
2020-02-10 00:00:00,262.480918727275,265.32730632451796,261.34044505800637,265.2698059082031,744000,197360735.59570312
2020-02-11 00:00:00,260.9188662875779,261.01471010447824,250.6737852311108,251.8238525390625,901400,226994020.67871094
2020-02-12 00:00:00,250.75046761448567,251.0763131883282,244.67432947221857,249.1787109375,636500,158602249.51171875
2020-02-13 00:00:00,249.17875670723362,254.0185631673823,248.72831701559636,251.74720764160156,616100,155101454.62799072
2020-02-14 00:00:00,251.73753945910443,252.82048365453775,250.5970655898542,252.51382446289062,545000,137620034.3322754
2020-02-18 00:00:00,251.0954806221694,252.57139354487705,245.59439052038715,246.49526977539062,700400,172645286.9506836
2020-02-19 00:00:00,246.17902774735634,249.9742037695859,245.05772507607415,247.9041290283203,753600,186820551.6357422
2020-02-20 00:00:00,248.33533081572241,250.2329330562835,244.79890755906473,247.33860778808594,506300,125227537.12310791
2020-02-21 00:00:00,246.51441545773636,246.5335725217186,240.39994859341758,240.955810546875,725200,174741153.80859375
2020-02-24 00:00:00,234.9084880846742,240.06457641139534,230.95037458303017,239.0966033935547,853400,204045041.33605957
2020-02-25 00:00:00,238.29155487350292,239.16368400846483,228.93777321206517,229.1773681640625,802200,183846084.74121094
2020-02-26 00:00:00,230.3753172386724,232.21540451000797,223.0437037507534,224.92213439941406,1021100,229667991.4352417
2020-02-27 00:00:00,222.24822359123206,228.50644121498703,220.38897944947118,221.36651611328125,819000,181299176.69677734
2020-02-28 00:00:00,216.88022709266852,220.44430894152094,214.52659532689958,218.5806121826172,1117700,244307550.23651123
2020-03-02 00:00:00,219.08015085695973,227.8222133010772,218.71509264192412,227.58204650878906,891300,202843878.0532837
2020-03-03 00:00:00,233.7303184043423,236.0263122856489,227.68771387688625,229.54180908203125,879900,201973837.8112793
2020-03-04 00:00:00,232.53910461308766,243.2025166041025,229.95490744940633,242.8086395263672,816100,198156130.71746826
2020-03-05 00:00:00,236.6603515255713,239.47509915876748,228.66759402907843,234.0377197265625,720600,168647580.83496094
2020-03-06 00:00:00,227.4475656617267,230.8483358283308,223.80664334881328,229.3592987060547,629400,144358742.60559082
2020-03-09 00:00:00,207.50410381415335,217.61992770240394,203.03700744271228,204.8334503173828,1032600,211511020.7977295
2020-03-10 00:00:00,209.42544596351425,211.33717893542126,198.73321552241745,208.82022094726562,880400,183845322.52197266
2020-03-11 00:00:00,203.98806631932226,205.26575543299393,196.36998258683067,198.3873748779297,801300,158967803.48968506
2020-03-12 00:00:00,182.5268010621011,193.4592004691056,178.40554447738683,178.41514587402344,875100,156131094.1543579
2020-03-13 00:00:00,185.92753648724698,190.60599604745784,177.84833590877048,190.45228576660156,850000,161884442.90161133
2020-03-16 00:00:00,174.17859135319225,181.8255097540117,164.25489606977283,164.64877319335938,1073200,176701063.39111328
2020-03-17 00:00:00,167.9630524251087,170.35511906859495,155.48399467838226,165.86880493164062,1072600,177910880.16967773
2020-03-18 00:00:00,159.25941040761256,163.13089812784514,129.7669297133544,143.9271697998047,1507300,216941423.0392456
2020-03-19 00:00:00,144.01360554448294,164.81204197222368,135.67500766391905,161.6226348876953,971400,157000227.52990723
2020-03-20 00:00:00,163.31344883209968,166.01292172918042,144.1001019106762,147.5777130126953,1372300,202520895.56732178
2020-03-23 00:00:00,147.94275179967323,147.94275179967323,135.56935332203358,138.45135498046875,1052600,145733896.2524414
2020-03-24 00:00:00,145.44500729847124,157.58784004347822,143.45643382950502,154.1102294921875,992500,152954402.7709961
2020-03-25 00:00:00,153.19757919138502,183.72757757619337,151.60286833330937,174.90866088867188,1620500,283439484.9700928
2020-03-26 00:00:00,177.6658244611828,187.25328063964844,176.79161364277113,187.25328063964844,1004600,188114645.73059082
2020-03-27 00:00:00,181.22983605290656,184.15987353456288,171.84412937666877,174.0920867919922,911200,158632709.48486328
2020-03-30 00:00:00,175.8981748003037,175.8981748003037,168.59709802522272,172.458984375,885800,152764168.359375
2020-03-31 00:00:00,169.84591942954404,188.35797563188035,168.16475226963914,181.78700256347656,2338700,425145262.89520264
2020-04-01 00:00:00,175.0239025746043,187.80077510975588,173.89030802490385,178.79931640625,1463100,261601279.83398438
2020-04-02 00:00:00,179.16444549130932,181.88313561892488,169.08704057236278,173.25634765625,1267500,219602420.65429688
2020-04-03 00:00:00,172.2475891291211,172.4397195896987,155.65686659956089,162.8426513671875,1325000,215766513.06152344
2020-04-06 00:00:00,168.56823472389885,172.14191703188467,165.88796566360216,169.9996337890625,1348300,229210506.23779297
2020-04-07 00:00:00,176.5033925833711,188.06021861448087,174.22661585492688,178.12692260742188,945700,168454630.70983887
2020-04-08 00:00:00,178.83783646143473,190.22173570439574,176.69553772790002,189.030517578125,778100,147084645.72753906
2020-04-09 00:00:00,191.9509162060072,206.06312011046663,191.9509162060072,200.00131225585938,1024800,204961344.7998047
2020-04-13 00:00:00,198.58910957504006,198.58910957504006,189.0112571505539,189.79901123046875,516400,98012209.39941406
2020-04-14 00:00:00,193.47838018488727,196.00493976793496,190.5771756156274,195.19798278808594,368300,71891417.06085205
2020-04-15 00:00:00,188.9344200401213,190.10643521898848,181.7582347476388,186.51353454589844,690700,128824898.31085205
2020-04-16 00:00:00,185.83146220379058,186.10044784231061,177.05096473851268,180.0674591064453,683000,122986074.56970215
2020-04-17 00:00:00,185.65855331014197,191.62430357048396,184.59221204268448,191.0478973388672,666100,127257004.41741943
2020-04-20 00:00:00,187.38777386163548,187.68557839939044,181.12421853775209,181.2202911376953,621000,112537800.79650879
2020-04-21 00:00:00,178.0500285522038,179.52946402653117,171.22930125317393,172.19956970214844,834700,143734980.8303833
2020-04-22 00:00:00,172.9201322847789,174.87028593730088,170.05734753247816,170.08616638183594,956100,162619383.67767334
2020-04-23 00:00:00,169.75949170905818,173.04497147108518,167.7709037522799,170.7489776611328,593900,101407817.83294678
2020-04-24 00:00:00,174.60127393891838,175.6772165758719,168.6547412734188,170.3743438720703,582000,99157868.13354492
2020-04-27 00:00:00,172.1322934948671,179.71196964543554,171.48864841074993,174.85098266601562,721000,126067558.50219727
2020-04-28 00:00:00,180.20196014623698,186.57118855011547,178.83781444333587,181.68138122558594,769200,139749318.4387207
2020-04-29 00:00:00,186.39825569804628,191.5954687696408,186.35021940630855,190.0583953857422,761300,144691456.40716553
2020-04-30 00:00:00,187.5702331443237,187.5702331443237,180.2115203515543,182.7476806640625,584300,106779469.81201172
2020-05-01 00:00:00,180.17310127473908,181.36431898970804,174.76454129914518,179.2508544921875,455200,81594988.96484375
2020-05-04 00:00:00,177.06057269369043,184.6210190124137,173.43885317558681,183.1511993408203,740600,135641778.23181152
2020-05-05 00:00:00,180.65350029319183,182.2193781248469,168.51066542806657,174.3707275390625,1391300,242601993.22509766
2020-05-06 00:00:00,176.3208578015569,177.3103585391963,167.38666424602,167.6268310546875,1061700,177969406.53076172
2020-05-07 00:00:00,169.25997880630487,176.94531742760802,168.96217428010857,172.622314453125,534500,92266627.07519531
2020-05-08 00:00:00,176.49375650427916,176.791560952678,168.81802128433273,169.64419555664062,558700,94780212.05749512
2020-05-11 00:00:00,167.4346428808109,167.4346428808109,162.11255421733318,163.82254028320312,774100,126815028.43322754
2020-05-12 00:00:00,164.73519084318477,165.5613651387371,162.1029723604796,162.7754364013672,621400,101148656.17980957
2020-05-13 00:00:00,161.40167940126162,162.41999887335402,153.49539301759077,154.3119659423828,743400,114715515.48156738
2020-05-14 00:00:00,151.67975065412597,163.8514028834175,145.96378348083485,162.36236572265625,758000,123070673.21777344
2020-05-15 00:00:00,161.35366135404814,166.69496837558808,159.97989970374445,161.45933532714844,498900,80552062.39471436
2020-05-18 00:00:00,167.39626235584842,175.6003539291206,167.39626235584842,173.75587463378906,667900,116051548.66790771
2020-05-19 00:00:00,173.54445090710263,173.91911037135608,167.6555734129967,167.97259521484375,480100,80643642.96264648
2020-05-20 00:00:00,169.46169815558608,174.21701280138277,169.46169815558608,172.05551147460938,468800,80659623.77929688
2020-05-21 00:00:00,171.24850135705026,176.2151481972454,169.60576892667166,171.6039581298828,468300,80362133.59222412
2020-05-22 00:00:00,175.03358416845563,175.7637007189963,170.34553757732238,172.622314453125,434900,75073444.55566406
2020-05-26 00:00:00,178.58801543442775,182.28658978629218,176.60904347171817,181.55648803710938,663200,120408262.86621094
2020-05-27 00:00:00,186.69601685362653,195.26516453225616,186.0235529012279,194.41017150878906,1223000,237763639.75524902
2020-05-28 00:00:00,198.67554447375707,198.72358075658,189.14572937458377,189.68370056152344,697300,132266444.4015503
2020-05-29 00:00:00,187.77631783099403,188.66259871647853,184.0770546482157,185.05003356933594,702800,130053163.5925293
2020-06-01 00:00:00,184.2215540130902,190.21359666561344,184.2215540130902,188.77821350097656,743800,140413235.20202637
2020-06-02 00:00:00,190.49295116807272,197.67953834562576,188.83598697548425,197.27493286132812,796600,157149211.51733398
2020-06-03 00:00:00,200.79117991983776,204.80836528595154,200.79117991983776,202.22657775878906,676200,136745611.88049316
2020-06-04 00:00:00,200.2516897532816,204.48079840985983,199.63514594114596,203.7486572265625,498000,101466831.29882812
2020-06-05 00:00:00,215.03913982700777,220.62657670732054,213.2473069753797,217.1681365966797,1350000,293176984.4055176
2020-06-08 00:00:00,219.77880672211438,222.01378718440722,211.7251950658737,214.00833129882812,549000,117490573.88305664
2020-06-09 00:00:00,209.74070093078703,211.4169363235551,200.7526377636036,201.19578552246094,800300,161016987.1536255
2020-06-10 00:00:00,199.64479169937113,201.08981765773484,196.04185501800788,197.09190368652344,508100,100142396.26312256
2020-06-11 00:00:00,189.20204250901102,192.47744320513388,181.34111317735446,181.96728515625,798800,145355467.3828125
2020-06-12 00:00:00,189.82821655273438,192.28476323643105,185.4256977678881,189.82821655273438,599800,113858964.28833008
2020-06-15 00:00:00,183.40268491598638,193.04581876125567,181.41818510783148,191.88980102539062,353600,67852233.64257812
2020-06-16 00:00:00,210.71366077110775,213.62298353535866,200.8585888032572,206.28225708007812,1167300,240793278.6895752
2020-06-17 00:00:00,208.3727206546262,208.3727206546262,201.65816634656895,203.00685119628906,506500,102822970.13092041
2020-06-18 00:00:00,201.4269626208537,207.16853835666333,200.03973547933927,204.2399444580078,463300,94624366.26739502
2020-06-19 00:00:00,206.91806065755782,209.81775525568435,202.13022189001995,203.28623962402344,587400,119410337.15515137
2020-06-22 00:00:00,201.24393593947698,203.26697809417337,197.00519914814433,202.05316162109375,467400,94439647.74169922
2020-06-23 00:00:00,204.94324591270282,205.5116193330363,201.6582162941934,204.19183349609375,554000,113122275.75683594
2020-06-24 00:00:00,201.84123836854445,202.58300780764583,197.23642329915,198.9222869873047,629800,125281256.34460449
2020-06-25 00:00:00,197.58319622919507,199.2883160546686,194.82801317217698,198.28643798828125,661900,131245793.30444336
2020-06-26 00:00:00,197.62171332946477,197.62171332946477,191.52370313665202,195.3578338623047,1007000,196725338.69934082
2020-06-29 00:00:00,196.3693838860348,202.16875864669217,196.3693838860348,198.93190002441406,433800,86296658.23059082
2020-06-30 00:00:00,198.07453600045667,200.18427636392988,195.0207160764635,198.99935913085938,556800,110802843.1640625
2020-07-01 00:00:00,200.50220548680065,202.0243015054791,197.59288197263982,201.31141662597656,585300,117827572.15118408
2020-07-02 00:00:00,205.9065633589706,209.43241539739714,201.79305216464869,205.6657257080078,803800,165314110.32409668
2020-07-06 00:00:00,208.73880582535284,210.66550707033292,205.67535790162518,208.41127014160156,691500,144116393.30291748
2020-07-07 00:00:00,206.0317935160504,207.01441526967233,203.50781958178413,204.77944946289062,466700,95570569.06433105
2020-07-08 00:00:00,204.20138923928056,204.93353026497473,199.03783041183323,201.23426818847656,572000,115106001.4038086
2020-07-09 00:00:00,200.8875222143603,202.0628112555545,195.0881468290735,199.1342315673828,473700,94329885.49346924
2020-07-10 00:00:00,199.49067152860022,203.45004362871688,198.3828093660496,202.44815063476562,370000,74905815.73486328
2020-07-13 00:00:00,204.28811567035223,208.70026296170735,202.27471654491066,202.69859313964844,551600,111808543.97583008
2020-07-14 00:00:00,202.89124689362134,207.1974247515397,200.6659096179646,206.89878845214844,387400,80152590.6463623
2020-07-15 00:00:00,210.9448502390894,215.46296622350792,210.6462139500658,213.90232849121094,578700,123785277.49786377
2020-07-16 00:00:00,212.99682112994188,215.7423614891402,211.4265549658478,214.91387939453125,366900,78851902.34985352
2020-07-17 00:00:00,217.0429040400951,218.07368159018404,214.2684494686423,215.35704040527344,397900,85690566.3772583
2020-07-20 00:00:00,214.35514889469053,215.12583235839662,211.27242973943058,213.32437133789062,419300,89446908.90197754
2020-07-21 00:00:00,213.78669854881446,218.8539158761383,213.78669854881446,217.4185333251953,427700,92989906.70318604
2020-07-22 00:00:00,217.37044650956557,219.7306527319864,215.48227271189006,216.10845947265625,693900,149957660.02807617
2020-07-23 00:00:00,215.5400450440521,219.05626847099214,214.1335468535389,215.24139404296875,501500,107943559.11254883
2020-07-24 00:00:00,215.78093481854617,217.09109239637797,211.83119095461583,215.45338439941406,541200,116603371.63696289
2020-07-27 00:00:00,214.5189039244341,220.00037117432313,213.84456144632026,219.64393615722656,802000,176154436.7980957
2020-07-28 00:00:00,217.6016220694544,221.5706215427958,203.52707026086213,204.6156463623047,1379500,282267284.1567993
2020-07-29 00:00:00,206.18591614567111,207.88140781446992,201.9086373703048,206.28225708007812,791100,163189893.5760498
2020-07-30 00:00:00,204.99135335070915,205.6368111431239,200.06863154146333,201.53292846679688,634600,127892796.4050293
2020-07-31 00:00:00,200.7911940785937,201.48480780945394,194.31749042317492,199.58700561523438,514600,102707473.08959961
2020-08-03 00:00:00,201.2824921773878,201.64857013736832,196.81254563801266,200.45401000976562,546300,109508025.66833496
2020-08-04 00:00:00,200.73337169714392,204.93358114968655,199.73149348166274,204.5000762939453,456900,93436084.85870361
2020-08-05 00:00:00,205.9835765047736,211.88890408611113,205.00095504328863,208.90252685546875,594800,124255222.97363281
2020-08-06 00:00:00,204.35560218520138,209.39392256292308,204.35560218520138,205.27078247070312,502200,103086986.95678711
2020-08-07 00:00:00,205.55975746708836,212.43808022116903,204.94321366586638,211.9371337890625,387200,82062058.203125
2020-08-10 00:00:00,213.68078593003588,216.25293016812995,211.99492244555168,215.22215270996094,380700,81935073.53668213
2020-08-11 00:00:00,220.1448742653096,221.9848626647314,216.50341032152647,217.28372192382812,527500,114617163.31481934
2020-08-12 00:00:00,218.1506964132179,218.59384406761075,212.01415903326435,213.0160369873047,607600,129428544.07348633
2020-08-13 00:00:00,211.39766476357892,214.1721192839977,210.03933684632688,211.58070373535156,411800,87128933.79821777
2020-08-14 00:00:00,210.69439913315327,213.43031108772175,209.249373350162,211.2916717529297,365900,77311622.69439697
2020-08-17 00:00:00,212.77521851815317,213.02569905385636,208.2378459314369,208.48831176757812,674200,140562819.79370117
2020-08-18 00:00:00,209.6250753694823,210.1356499601971,205.97396873071554,207.01438903808594,408800,84627482.23876953
2020-08-19 00:00:00,207.81398694507158,208.46905827943047,203.79681681648637,204.41336059570312,425300,86937002.26135254
2020-08-20 00:00:00,202.30365770362047,203.28627958548793,200.4540260257067,201.52334594726562,385300,77646945.19348145
2020-08-21 00:00:00,201.07055275578037,203.57527037433522,200.32876862497096,201.97610473632812,377400,76225781.92749023
2020-08-24 00:00:00,204.08583559233873,206.34007252480345,202.71786477052103,204.26885986328125,521900,106607917.96264648
2020-08-25 00:00:00,204.3652107917376,205.37673193636772,200.64667661308036,203.55599975585938,322000,65545031.92138672
2020-08-26 00:00:00,202.6600568780561,202.6600568780561,198.18048255939348,200.82969665527344,468300,94048546.94366455
2020-08-27 00:00:00,201.68709540813168,204.7601863752525,200.8393421207702,201.4173583984375,434200,87455417.01660156
2020-08-28 00:00:00,202.04354211209792,202.04354211209792,197.07266357539802,199.7218780517578,579300,115698883.9553833
2020-08-31 00:00:00,200.01165457602332,200.01165457602332,195.75156224980236,195.97373962402344,612000,119935928.64990234
2020-09-01 00:00:00,196.12829996098833,200.82309217518608,194.44744333217056,200.7941131591797,529400,106300403.50646973
2020-09-02 00:00:00,199.480313205352,206.95720773313656,198.0796069323149,205.34397888183594,563200,115649728.90625
2020-09-03 00:00:00,205.4599321993619,208.61877769468103,201.3930382031182,203.8660125732422,717900,146355410.42633057
2020-09-04 00:00:00,206.38730757110216,209.60411137055,204.79340255105728,207.7976837158203,985000,204680718.460083
2020-09-08 00:00:00,204.45525776697076,204.9575852445606,198.1665611294094,199.8957061767578,842900,168492090.73638916
2020-09-09 00:00:00,198.30183622802403,199.64458482974956,194.20596288473104,196.53404235839844,641700,126115894.98138428
2020-09-10 00:00:00,196.63066147813623,202.1562208336751,195.34587083266072,200.28216552734375,453800,90888046.7163086
2020-09-11 00:00:00,200.90040859149568,208.97622495244488,199.17124839557184,202.78411865234375,558600,113275208.67919922
2020-09-14 00:00:00,203.3830273265204,210.18372218702075,203.00628533425484,209.12110900878906,545800,114138301.29699707
2020-09-15 00:00:00,210.80190542425652,215.19723723450002,210.14501344593572,210.6859893798828,460500,97020898.10943604
2020-09-16 00:00:00,212.2702759550946,220.17220213691022,209.78763214749947,217.30316162109375,713400,155024075.50048828
2020-09-17 00:00:00,214.65630463867222,220.3460821694114,212.75327070953722,219.26414489746094,657100,144078469.61212158
2020-09-18 00:00:00,219.71820124048617,221.93036463932793,216.48208793008277,217.5640106201172,765800,166610519.33288574
2020-09-21 00:00:00,211.61335978100084,212.84984679470193,208.40622619549114,210.88885498046875,1296700,273459578.2531738
2020-09-22 00:00:00,211.79694671611873,214.3375487869428,209.8456092599694,213.9414825439453,443000,94776076.76696777
2020-09-23 00:00:00,214.11532811885698,217.7668313952163,211.51678309696726,212.52142333984375,861900,183172214.77661133
2020-09-24 00:00:00,210.78263243661118,216.3468397612658,209.2949887916721,213.41017150878906,631600,134789864.32495117
2020-09-25 00:00:00,211.21731995992633,219.17721900088014,210.57976685841587,218.38510131835938,477700,104322562.89978027
2020-09-28 00:00:00,221.49562110541993,226.325653544494,220.8097647535214,223.99758911132812,528900,118472324.88098145
2020-09-29 00:00:00,223.2730871249886,224.36466444703657,219.51532242852917,223.20545959472656,466000,104013744.17114258
2020-09-30 00:00:00,224.80902695518907,230.51812873248065,223.92995752956435,227.35928344726562,655100,148943066.5863037
2020-10-01 00:00:00,229.21401974015328,233.0394119424171,225.20509868568604,226.8859405517578,673900,152898435.3378296
2020-10-02 00:00:00,222.75144728489718,236.46873737508446,222.75144728489718,232.3728790283203,804300,186897506.60247803
2020-10-05 00:00:00,235.46409472353778,244.16780836462976,234.56571571429737,240.70950317382812,1105800,266176568.60961914
2020-10-06 00:00:00,243.22113840368942,252.74597872459586,240.2844848514709,241.1538848876953,1102400,265848042.7001953
2020-10-07 00:00:00,244.8439968040655,259.23747200848686,244.05186445437698,255.75987243652344,1370400,350493329.1870117
2020-10-08 00:00:00,260.8217141491491,266.89790233692435,260.19381591852857,266.4438781738281,934300,248938515.37780762
2020-10-09 00:00:00,267.0041853261436,267.9991708218961,257.8174837426976,263.8163757324219,993600,262127950.92773438
2020-10-12 00:00:00,265.3137447872111,265.7580996323923,260.02004672846357,260.9860534667969,647800,169066765.43579102
2020-10-13 00:00:00,251.65439036885803,254.72628430076927,248.76601057032374,252.14703369140625,789000,198944009.58251953
2020-10-14 00:00:00,253.34488534492445,255.59566761833844,249.71269131038844,250.99746704101562,434200,108983100.18920898
2020-10-15 00:00:00,248.05111991116618,250.46613588875763,245.54916689600248,248.12838745117188,775500,192423564.4683838
2020-10-16 00:00:00,249.83824836227947,253.59599805513253,247.8579174874852,250.16668701171875,498400,124683076.80664062
2020-10-19 00:00:00,250.20538037141455,250.52414958000958,245.4043116218755,247.97390747070312,340100,84335925.93078613
2020-10-20 00:00:00,251.31627903269114,252.30159514570585,246.061200802916,248.3506317138672,376000,93379837.52441406
2020-10-21 00:00:00,247.47157943975773,251.84758843664906,245.91632286540735,247.5198974609375,320400,79305375.14648438
2020-10-22 00:00:00,245.3849225925257,252.92941463981734,245.36559833944804,250.292236328125,512500,128274771.11816406
2020-10-23 00:00:00,253.03578282676952,253.99211997119622,249.69340809114482,253.48980712890625,255100,64665249.798583984
2020-10-26 00:00:00,249.37455109495673,250.2149719624096,243.50124504045385,245.6071319580078,391900,96253435.01434326
2020-10-27 00:00:00,246.215744850806,249.8479387748265,245.11449801513993,246.84364318847656,368500,90961882.51495361
2020-10-28 00:00:00,240.67085286355385,243.5978513069006,235.46407854703028,239.03829956054688,553800,132379410.29663086
2020-10-29 00:00:00,242.38068821614195,259.8847208289328,241.50161878613903,254.63931274414062,1114300,283744586.1907959
2020-10-30 00:00:00,251.89592435429716,260.6092944462322,250.47589328195681,257.2958984375,604600,155561100.1953125
2020-11-02 00:00:00,260.6672050481573,266.12513618336067,259.27615325169245,261.7781066894531,858900,224841215.8355713
2020-11-03 00:00:00,266.134831975959,268.5498486000603,262.3770519583694,266.77239990234375,481900,128557619.51293945
2020-11-04 00:00:00,244.0519121401749,257.33451791903457,231.55178410600297,245.1338348388672,1817500,445530744.8196411
2020-11-05 00:00:00,247.41356959056233,257.01567615253526,246.3702808459123,251.36453247070312,941200,236584297.96142578
2020-11-06 00:00:00,248.18640722723632,256.66794326415595,244.73775688757723,247.47154235839844,525900,130145284.12628174
2020-11-09 00:00:00,261.75877013231275,266.5791329061919,248.27332828311498,252.54306030273438,646500,163269088.48571777
2020-11-10 00:00:00,254.4944665854569,267.98958081633845,254.30125346121912,256.9770812988281,597700,153595201.49230957
2020-11-11 00:00:00,257.6242448251073,257.6242448251073,249.53877611043728,256.9480285644531,464600,119378054.07104492
2020-11-12 00:00:00,254.90988253642965,255.0161291353714,250.03153044256788,251.71240234375,485600,122231542.578125
2020-11-13 00:00:00,253.5380365179108,260.82173317281587,251.73160923091248,255.16094970703125,446800,114005912.32910156
2020-11-16 00:00:00,261.6138734007971,265.37162315494805,257.61459255439667,261.9906005859375,472400,123764359.71679688
2020-11-17 00:00:00,259.6721867796481,261.4689740739127,256.9287320487819,260.17449951171875,294000,76491302.85644531
2020-11-18 00:00:00,261.53664621755394,265.2944264553709,258.9960438632762,260.20355224609375,305100,79388103.7902832
2020-11-19 00:00:00,258.938044614559,264.9079875141538,257.35380919809774,260.3870544433594,282500,73559342.88024902
2020-11-20 00:00:00,257.49873877543047,257.74024044591164,250.31164670349602,256.5713806152344,412200,105758723.08959961
2020-11-23 00:00:00,259.85579533224814,261.96168280653666,256.9481058095555,257.8175354003906,319000,82243793.79272461
2020-11-24 00:00:00,260.9666839725876,268.1247966048847,258.24253821354023,265.5745544433594,585400,155467344.17114258
2020-11-25 00:00:00,263.2946674601394,264.77265587890133,256.23316396159095,263.41058349609375,259300,68302364.30053711
2020-11-27 00:00:00,263.1884759993147,263.64250022193306,259.05396946405307,261.79742431640625,158000,41363993.04199219
2020-11-30 00:00:00,260.6745240869029,260.6745240869029,253.45293417654835,257.14117431640625,500200,128622015.3930664
2020-12-01 00:00:00,261.81675433680255,269.98703502754455,259.59995838337477,266.6666564941406,723100,192826659.3109131
2020-12-02 00:00:00,264.720947265625,266.6570326568155,261.3812176912126,264.720947265625,374800,99217411.03515625
2020-12-03 00:00:00,263.249497384564,273.8011554303956,259.5128377231497,272.1651611328125,545900,148574961.46240234
2020-12-04 00:00:00,272.98802816433783,277.97344191915926,272.38784644620824,275.8340759277344,438900,121063575.92468262
2020-12-07 00:00:00,273.965760697475,277.26678968950483,272.09741592489837,275.8340759277344,378000,104265280.7006836
2020-12-08 00:00:00,273.2493719003551,278.3219351729128,271.4488268589419,273.7914733886719,405500,111022442.45910645
2020-12-09 00:00:00,272.0199510406343,272.6104428038639,265.77606490266936,268.322021484375,590000,158309992.67578125
2020-12-10 00:00:00,265.89223639315486,265.89223639315486,256.12466194122646,258.21563720703125,728600,188135913.26904297
2020-12-11 00:00:00,258.1865583648589,260.32595315812426,255.73741248198345,258.6609191894531,434600,112414035.47973633
2020-12-14 00:00:00,261.52644570798395,261.77814628886756,249.92928235912805,251.40072631835938,575400,144655977.92358398
2020-12-15 00:00:00,253.7336113128125,258.32215295680055,250.97471375840098,258.0414123535156,599200,154618414.28222656
2020-12-16 00:00:00,258.14787245995495,258.77709409358596,253.27862050822196,253.84976196289062,493100,125173317.62390137
2020-12-17 00:00:00,255.42768125627106,257.84778751940854,254.06276732109677,257.2379455566406,452200,116322998.98071289
2020-12-18 00:00:00,259.0481531375796,268.5156066640366,258.52540196773697,267.5185241699219,1249500,334264395.9503174
2020-12-21 00:00:00,262.0685282467105,269.93872034433934,260.480923994047,266.8603515625,453500,121021169.43359375
2020-12-22 00:00:00,268.5253604091186,269.86123442841074,264.2562888483622,264.5660400390625,576500,152522322.08251953
2020-12-23 00:00:00,264.3821442614093,266.8022511637721,262.10726740704473,265.0404357910156,285200,75589532.28759766
2020-12-24 00:00:00,266.1536308142683,266.93774294511894,262.407310735245,266.2601013183594,79500,21167678.05480957
2020-12-28 00:00:00,267.50881651783516,272.9588996152861,265.48561157361814,269.7837219238281,286600,77320014.70336914
2020-12-29 00:00:00,270.5678476677512,272.19415179076987,264.4788527703942,265.321044921875,359400,95356383.54492188
2020-12-30 00:00:00,267.20876096955885,273.37518675723845,266.6956996437697,271.96185302734375,334700,91025632.20825195
2020-12-31 00:00:00,270.71306899893557,275.5145513458643,269.22227533335547,274.89501953125,299000,82193610.83984375
2021-01-04 00:00:00,274.9240863676061,279.6190986805862,267.49918695194714,268.9222106933594,703600,189213667.44384766
2021-01-05 00:00:00,268.67056549391145,274.3336209078482,265.86324771590097,271.8941345214844,730700,198673044.09484863
2021-01-06 00:00:00,290.4127657167391,297.5762746959558,287.5376781544508,292.9877624511719,2489100,729275839.5172119
2021-01-07 00:00:00,299.5705154978946,299.9674165894916,292.40700471309935,297.9829406738281,754300,224768532.15026855
2021-01-08 00:00:00,297.3924224641678,301.4969440545929,295.1078556199812,300.509521484375,497800,149593639.79492188
2021-01-11 00:00:00,295.96935475209284,301.5065599740035,294.0816892819546,300.15130615234375,369700,110965937.88452148
2021-01-12 00:00:00,300.151278961943,308.8152718401529,298.4088141408454,304.7494812011719,442800,134943070.2758789
2021-01-13 00:00:00,302.1647794886969,303.78139380956696,293.31685746281,295.281982421875,597200,176342399.90234375
2021-01-14 00:00:00,297.27627680105786,298.5056805916887,291.55513998284846,293.15240478515625,669600,196294850.24414062
2021-01-15 00:00:00,291.21620956579414,294.7011684418193,286.96651839235204,293.8783264160156,531900,156313881.8206787
2021-01-19 00:00:00,295.25297133852683,299.5898125035846,292.91029541978025,297.1890563964844,617700,183573680.1361084
2021-01-20 00:00:00,297.5859436764802,301.09025274326183,296.7243716850486,300.0931701660156,616600,185037448.72436523
2021-01-21 00:00:00,298.53463594643097,304.62360190288314,297.2664731129313,300.0931701660156,601800,180596069.8059082
2021-01-22 00:00:00,297.76018826124863,301.96148915532535,295.8434534809642,299.7059631347656,643500,192860787.27722168
2021-01-25 00:00:00,299.1252082725624,300.1706814387777,293.7912832928652,298.15716552734375,926800,276332061.0107422
2021-01-26 00:00:00,300.0351260252281,300.09320621788504,283.56871193373155,283.7236022949219,671600,190548771.30126953
2021-01-27 00:00:00,278.5348414334105,283.38471361273537,271.4197241136722,275.88238525390625,682300,188234551.45874023
2021-01-28 00:00:00,279.70621044172304,282.26182735398737,277.14090365063703,279.66748046875,429300,120061249.36523438
2021-01-29 00:00:00,277.42163626935104,282.73621025051585,273.5204257595442,278.2251281738281,713000,198374516.38793945
2021-02-01 00:00:00,280.3160933358929,287.5667227122744,278.45743860784177,286.4050598144531,509100,145808815.9515381
2021-02-02 00:00:00,288.7284001195378,289.26081174144423,285.1756707199792,285.2240905761719,344000,98117087.15820312
2021-02-03 00:00:00,286.07576932856716,287.75049267135194,283.704084086596,285.45623779296875,472000,134735344.23828125
2021-02-04 00:00:00,286.4825627963363,288.56384872044276,283.54939455817424,285.75653076171875,401000,114588368.83544922
2021-02-05 00:00:00,289.7158126721595,289.75454265128656,285.27250030708933,288.0895080566406,345600,99563733.984375
2021-02-08 00:00:00,290.41280928953,293.6267181358239,288.0604726244413,291.2937316894531,463200,134927256.5185547
2021-02-09 00:00:00,292.600606288042,301.77763250102305,290.5096304371259,296.1436462402344,539600,159799111.51123047
2021-02-10 00:00:00,299.1444809766828,307.0921311259706,295.6208216591585,305.90142822265625,657100,201007828.48510742
2021-02-11 00:00:00,307.5955265537228,311.3321566928369,305.0398799891416,308.379638671875,523100,161313388.9892578
2021-02-12 00:00:00,307.0436152468003,321.690098332728,307.0436152468003,320.25738525390625,578600,185300923.10791016
2021-02-16 00:00:00,321.60318186403276,323.3166069936748,311.3419222224012,315.2431335449219,470200,148227321.39282227
2021-02-17 00:00:00,312.42604922689526,315.35921702891005,305.70783143548067,314.90423583984375,359000,113050620.6665039
2021-02-18 00:00:00,312.5131370687487,315.52376450741497,309.3669990465112,314.7590026855469,283300,89171225.46081543
2021-02-19 00:00:00,317.65346963416306,327.9437362536016,316.36595660801095,325.5914001464844,628200,204536517.57202148
2021-02-22 00:00:00,323.5585116056814,324.9331449367069,316.7435137633622,317.61474609375,492600,156457023.92578125
2021-02-23 00:00:00,319.93803548439803,326.6949825422659,310.9642924465883,325.0783386230469,538800,175152208.85009766
2021-02-24 00:00:00,325.60117544455136,337.1983083467202,323.31657925868575,336.4626159667969,560300,188520003.7261963
2021-02-25 00:00:00,336.25936205276014,336.25936205276014,323.40375373314254,325.5625,394800,128532075.0
2021-02-26 00:00:00,326.1053834610936,329.2568628982591,319.4533518381072,326.6581115722656,471800,154117297.03979492
2021-03-01 00:00:00,333.89204226831924,342.84225670959717,333.2423690743467,337.0241394042969,725100,244376203.48205566
2021-03-02 00:00:00,337.7610553278367,339.0216353681263,324.4375487481921,326.3866271972656,591100,192927135.3363037
2021-03-03 00:00:00,325.9502541420459,331.18655242913155,325.9502541420459,326.9781188964844,410500,134224517.80700684
2021-03-04 00:00:00,325.2714893958998,328.69447995203706,312.7722220678636,319.7248840332031,465500,148831933.51745605
2021-03-05 00:00:00,324.8351355844454,325.5914895550561,306.779585225339,319.79278564453125,1037900,331912932.220459
2021-03-08 00:00:00,319.9964485979772,330.3139240541301,318.29949773420003,323.97216796875,473900,153530410.40039062
2021-03-09 00:00:00,325.78540443664525,326.900537410734,320.42304207601325,322.71148681640625,296400,95651684.69238281
2021-03-10 00:00:00,323.01209403337384,332.3598814160243,320.0060910628859,330.52716064453125,360100,119022830.5480957
2021-03-11 00:00:00,335.3755766870525,339.0118990887263,327.7538591375287,330.4495849609375,366300,121043682.9711914
2021-03-12 00:00:00,330.83747294617325,334.00836520664484,327.9962999776064,333.4071350097656,267100,89053045.7611084
2021-03-15 00:00:00,332.26287625378376,334.8034486422677,328.0156471678596,333.2907409667969,302900,100953765.43884277
2021-03-16 00:00:00,333.29077860185237,334.4835030774681,326.7841935968394,327.4435729980469,403100,131992504.2755127
2021-03-17 00:00:00,328.39383122910306,330.0713984933956,323.5647847822867,329.6932067871094,332800,109721899.21875
2021-03-18 00:00:00,330.6241401053907,334.6774501961939,327.42418804722575,329.4896240234375,370500,122075905.7006836
2021-03-19 00:00:00,327.22054868480785,327.5308257108793,321.44119888626767,321.9939270019531,649700,209199454.37316895
2021-03-22 00:00:00,321.5867482735998,322.129770182763,309.0002106385867,312.0644226074219,1013400,316246085.8703613
2021-03-23 00:00:00,311.33710604847874,312.60739240198205,302.9493276648412,306.7892761230469,655400,201069691.57104492
2021-03-24 00:00:00,310.97838247389967,317.93101609689586,310.2898839513769,312.48138427734375,382700,119586625.76293945
2021-03-25 00:00:00,313.0825461446993,324.9127283930913,307.623208670871,323.1285095214844,490000,158332969.66552734
2021-03-26 00:00:00,332.60231732916276,334.4447149177399,325.3296719065134,330.8956604003906,706900,233910142.33703613
2021-03-29 00:00:00,333.03867635754096,336.5004329685555,328.1029484602661,330.3720397949219,555500,183521668.1060791
2021-03-30 00:00:00,327.82177417944314,337.5768135986493,327.82177417944314,333.2132263183594,503000,167606252.83813477
2021-03-31 00:00:00,337.45065852428405,341.67847440945934,321.61570242513534,325.639892578125,883300,287637717.1142578
2021-04-01 00:00:00,324.0690957063991,328.8690239866846,319.8121596642314,323.7587890625,751600,243337105.859375
2021-04-05 00:00:00,328.16121432616427,335.1041414239254,327.8993801149742,333.5817565917969,454100,151479475.66833496
2021-04-06 00:00:00,333.32964865314113,334.7259992214425,329.95512984766674,333.6302490234375,366800,122375575.34179688
2021-04-07 00:00:00,333.8144883511168,334.4447784890581,325.3976188842835,326.968505859375,444700,145402894.55566406
2021-04-08 00:00:00,326.0472020822179,331.87502424936383,321.7127045993383,331.3222961425781,357600,118480853.10058594
2021-04-09 00:00:00,332.11747397641017,336.4713548955908,330.730830019373,335.5501708984375,337700,113315292.71240234
2021-04-12 00:00:00,336.97559749777105,338.8373780800678,333.38774739510984,338.0810241699219,329700,111465313.66882324
2021-04-13 00:00:00,335.7925923231783,336.31620148638,330.8180981254726,333.07745361328125,471300,156979403.88793945
2021-04-14 00:00:00,331.57445744258763,339.5937505954392,331.0799080768506,336.6846923828125,489700,164874493.85986328
2021-04-15 00:00:00,338.33320541197264,338.33320541197264,333.892026177831,337.3926086425781,355600,119976811.63330078
2021-04-16 00:00:00,340.2628339375299,342.3864487850776,338.95375183264184,340.91253662109375,408300,139194588.70239258
2021-04-19 00:00:00,339.57431412993844,341.3682389974613,337.537967782817,339.99127197265625,319200,108525214.01367188
2021-04-20 00:00:00,339.08950418281313,340.96099108532127,331.8265654165443,334.1634826660156,302700,101151286.20300293
2021-04-21 00:00:00,333.1162399642263,342.2991678316815,331.1477785113859,341.2615966796875,435800,148721803.8330078
2021-04-22 00:00:00,340.2919256666785,343.0361538183665,334.9974480068886,337.9937744140625,253600,85715221.19140625
2021-04-23 00:00:00,339.7489016508265,341.79495463480583,337.27621402358153,340.1852722167969,210900,71745073.91052246
2021-04-26 00:00:00,341.7561775237996,347.15733629896175,341.7173817932183,346.6336975097656,360000,124788131.10351562
2021-04-27 00:00:00,346.77917921357266,350.3670300433733,346.1973615665138,346.7597961425781,238200,82598183.44116211
2021-04-28 00:00:00,348.89309530808566,349.5330917739013,343.1040673048866,344.4034729003906,179100,61682661.99645996
2021-04-29 00:00:00,346.66273606353764,348.4566610357865,344.2869935877935,348.1851501464844,204000,71029770.62988281
2021-04-30 00:00:00,346.79852715344185,346.9633572073199,340.2919125634276,342.41552734375,320900,109881142.72460938
2021-05-03 00:00:00,345.93550450318475,346.3815518082432,340.38889901462755,343.8118896484375,443300,152411810.68115234
2021-05-04 00:00:00,343.75371301430124,362.60441264826596,343.75371301430124,362.10986328125,696700,252281941.74804688
2021-05-05 00:00:00,365.280704307198,365.280704307198,358.85168181005275,363.0794982910156,328500,119271615.18859863
2021-05-06 00:00:00,363.3801438555199,363.67106742836205,357.76568288704794,361.2662353515625,355000,128249513.54980469
2021-05-07 00:00:00,360.70385545993275,367.2492368042116,358.6480960170901,366.8128662109375,245400,90015877.36816406
2021-05-10 00:00:00,369.9545872567628,372.07820193655016,363.4770919631721,364.01043701171875,300800,109494339.453125
2021-05-11 00:00:00,359.79233688204454,365.82378557509026,356.51479314699316,365.7074279785156,295200,107956832.73925781
2021-05-12 00:00:00,365.75581244334813,366.8127664812203,355.7583535793153,356.8153076171875,287700,102655764.00146484
2021-05-13 00:00:00,356.67961739935726,364.6601444824022,356.4371958796199,363.11834716796875,282500,102580933.07495117
2021-05-14 00:00:00,365.77535804978714,369.6831926242408,363.9814324904524,366.5123291015625,182600,66925151.29394531
2021-05-17 00:00:00,365.0867611406409,367.1231075595203,360.8783276576057,364.650390625,510000,185971699.21875
2021-05-18 00:00:00,365.6007349751804,368.09283525809707,361.0626113046932,361.25653076171875,446900,161445543.5974121
2021-05-19 00:00:00,352.7523577360525,354.6141678020014,347.3802892258079,352.71356201171875,318700,112409812.21313477
2021-05-20 00:00:00,352.7330014460368,355.21539532742884,347.05062589470776,350.987548828125,374000,131269343.26171875
2021-05-21 00:00:00,353.508773642389,359.3268904299102,350.8421367814418,351.5500183105469,264200,92879514.83764648
2021-05-24 00:00:00,355.8165952028867,357.5717245546591,350.39605383124257,355.35113525390625,380900,135353247.4182129
2021-05-25 00:00:00,357.21297502853065,359.6662797106311,351.09425802312455,351.2881774902344,318100,111744769.25964355
2021-05-26 00:00:00,351.9475474696332,358.51231107239363,351.5499726563538,356.9996032714844,508500,181534298.2635498
2021-05-27 00:00:00,361.11104591529784,364.786163992945,358.9292525033053,359.54986572265625,757900,272502843.2312012
2021-05-28 00:00:00,359.7829773519209,361.60879868155416,352.60597968817603,353.16925048828125,483800,170863283.38623047
2021-06-01 00:00:00,357.3258889166588,358.3650575788633,352.2854674430843,353.2080993652344,436100,154034052.1331787
2021-06-02 00:00:00,354.033657266467,354.1696069363132,345.681510610481,346.59442138671875,511900,177421684.30786133
2021-06-03 00:00:00,345.29289366285514,351.4015865298715,343.2922678518351,349.197021484375,501400,175087386.57226562
2021-06-04 00:00:00,350.0905188289786,350.73150034655197,337.97019762381564,341.63153076171875,607800,207643644.39697266
2021-06-07 00:00:00,344.7685047921752,347.6237730902286,341.7481526806716,343.5739440917969,384400,132069824.10888672
2021-06-08 00:00:00,343.3894330328918,352.3145697707439,342.54451210586603,351.4793701171875,419400,147410447.82714844
2021-06-09 00:00:00,350.3236713648678,352.0717816163394,347.050803051662,348.7503662109375,315300,109960990.4663086
2021-06-10 00:00:00,350.7704711371354,351.2851948906268,339.79615882094464,339.96124267578125,323900,110113446.50268555
2021-06-11 00:00:00,342.6999377627204,344.7394196425474,340.5439191419945,342.5154113769531,237100,81210404.03747559
2021-06-14 00:00:00,342.1852000073088,342.86503715199916,335.0664710882217,337.3001708984375,252800,85269483.203125
2021-06-15 00:00:00,337.4944433164062,339.0094802730902,333.87193476695774,336.2901611328125,426100,143293237.6586914
2021-06-16 00:00:00,335.46466278480557,336.28044958718175,331.08463601632735,333.10467529296875,288200,96000767.4194336
2021-06-17 00:00:00,333.56118319462473,335.0082602847406,321.4602992612646,326.8211975097656,496200,162168678.2043457
2021-06-18 00:00:00,321.7807070537795,328.4721442162337,320.1879889945289,325.6557312011719,569800,185558635.63842773
2021-06-21 00:00:00,329.2588531698478,334.0079332539863,328.57901593620505,332.36663818359375,249600,82958712.890625
2021-06-22 00:00:00,333.95937710212496,336.0377147562668,331.2595001897405,334.7654724121094,299500,100262258.98742676
2021-06-23 00:00:00,335.0567603057236,341.81615795411204,332.7259365964205,339.75726318359375,472800,160637234.03320312
2021-06-24 00:00:00,343.2923383228625,352.3825588675539,339.92234625537776,348.6143798828125,589500,205508176.94091797
2021-06-25 00:00:00,357.45213795970466,357.45213795970466,348.8086508455686,348.91546630859375,406500,141834137.05444336
2021-06-28 00:00:00,349.1485470296527,350.0711492314483,344.7685205658998,347.8277282714844,292200,101635262.20092773
2021-06-29 00:00:00,350.7995055673957,352.36311893416615,339.2813385847914,342.1657409667969,454000,155343246.39892578
2021-06-30 00:00:00,340.98094242109886,342.84558944689377,335.85311864311785,341.67047119140625,412700,141007403.46069336
2021-07-01 00:00:00,342.4182712829055,343.6808217380838,339.6504349039249,342.3503112792969,340000,116399105.83496094
2021-07-02 00:00:00,342.2240015365992,343.46710925594505,337.4166544633491,339.514404296875,325700,110579841.47949219
2021-07-06 00:00:00,338.39756612729064,339.91260278580813,331.96836678239765,338.49468994140625,260600,88211716.19873047
2021-07-07 00:00:00,338.8151683815677,346.4292071825858,338.7860342009245,345.7785339355469,252200,87205346.25854492
2021-07-08 00:00:00,338.8734888219165,344.3120972693298,336.4552625428153,341.1363525390625,414300,141332790.8569336
2021-07-09 00:00:00,346.7109333533873,352.04269704599557,345.2444434508311,347.60443115234375,304200,105741267.95654297
2021-07-12 00:00:00,343.5060065040479,346.88569028204194,341.3888138679369,345.0113220214844,315700,108920074.36218262
2021-07-13 00:00:00,343.7876132890086,345.2346900205453,340.8255294650816,341.8743896484375,272100,93024021.42333984
2021-07-14 00:00:00,341.6898466410446,346.22526497613416,340.1651183496406,345.4483337402344,334300,115483377.96936035
2021-07-15 00:00:00,343.23405604687315,351.4599424235606,343.23405604687315,346.3515319824219,399400,138332801.8737793
2021-07-16 00:00:00,346.6429270328385,346.6429270328385,341.0975030227057,341.3597106933594,299400,102203097.3815918
2021-07-19 00:00:00,335.2995393484002,336.2707183182725,325.80141020857064,329.9483337402344,462800,152700088.85498047
2021-07-20 00:00:00,330.68643787849044,340.3302378964452,330.2979722197487,336.9893798828125,339100,114273098.71826172
2021-07-21 00:00:00,339.1648454145556,343.27291352628026,337.46528220176316,342.3503112792969,257900,88292145.27893066
2021-07-22 00:00:00,341.79671318613674,341.79671318613674,335.7657003614066,340.63128662109375,230400,78481448.4375
2021-07-23 00:00:00,343.3797645633681,346.1184964438957,340.942095800413,345.9631042480469,213400,73828526.4465332
2021-07-26 00:00:00,346.50691460580686,348.14820925426454,342.30169353442346,342.4959411621094,223800,76650591.63208008
2021-07-27 00:00:00,339.21338154052285,343.79734735747707,335.552047578751,343.1078186035156,225000,77199259.18579102
2021-07-28 00:00:00,344.7297666215404,359.8218999547294,339.1940628665979,356.8695068359375,803600,286780335.6933594
2021-07-29 00:00:00,361.76411793085873,368.067059118828,350.03229058338945,356.79168701171875,497400,177468185.1196289
2021-07-30 00:00:00,354.7133741165089,358.13194283370893,348.37157704632847,352.82928466796875,405300,143001709.07592773
2021-08-02 00:00:00,353.22750603219896,361.88071448466286,351.32400348954974,352.37286376953125,414200,145952840.17333984
2021-08-03 00:00:00,352.5379677547226,353.97532330671925,347.06050411211373,352.0815124511719,288800,101681140.79589844
2021-08-04 00:00:00,348.9349016896346,358.9186203517555,347.0799462936744,355.645751953125,321500,114340109.25292969
2021-08-05 00:00:00,358.24844925539657,358.8894308356497,349.1096529671314,352.1300048828125,231900,81658948.13232422
2021-08-06 00:00:00,356.422716521394,357.83093801953913,354.10158433196074,356.0633850097656,210300,74880129.86755371
2021-08-09 00:00:00,356.85980582891426,362.70629389298523,355.07281003479625,358.6564636230469,214500,76931811.44714355
2021-08-10 00:00:00,359.2390831690805,371.3594069826657,359.2390831690805,367.270751953125,480600,176510323.38867188
2021-08-11 00:00:00,369.4947305279689,380.469070312418,368.05740466777524,379.1676940917969,508900,192958439.52331543
2021-08-12 00:00:00,378.77923751697864,380.2165931620978,374.65172660781155,377.7303771972656,213600,80683208.56933594
2021-08-13 00:00:00,379.73099068589966,379.73099068589966,373.14639822218714,374.33123779296875,210200,78684426.18408203
2021-08-16 00:00:00,371.9615362948279,374.47688620824766,368.0865417846987,369.85406494140625,305100,112842475.21362305
2021-08-17 00:00:00,368.290475196979,371.3302699914234,363.72592236857554,366.5035095214844,225800,82756492.44995117
2021-08-18 00:00:00,364.9205093392277,370.20372547156194,363.3860595595861,364.44464111328125,271300,98873831.1340332
2021-08-19 00:00:00,359.3362154536312,364.39604954015425,357.24818661576336,362.1817626953125,174000,63019626.708984375
2021-08-20 00:00:00,362.2788844272718,364.8136769118011,360.045184685804,364.1921081542969,197400,71891522.1496582
2021-08-23 00:00:00,366.2024144627295,369.40729279834216,363.01694903434145,367.5523376464844,240400,88359581.97021484
2021-08-24 00:00:00,367.8437829688782,369.7278726790282,365.1535980575852,368.3487854003906,189300,69728425.07629395
2021-08-25 00:00:00,369.21313085452124,380.20685453171706,368.69840717368976,374.9624938964844,247900,92953202.23693848
2021-08-26 00:00:00,374.7294797171901,375.85605108403274,371.7090971588894,373.4960632324219,169400,63270233.111572266
2021-08-27 00:00:00,376.23482033340525,377.4682368994557,372.3792376810376,373.2727355957031,206100,76931510.80627441
2021-08-30 00:00:00,374.96240867250725,376.40945555918915,371.6701280459039,371.7089538574219,157700,58618502.02331543
2021-08-31 00:00:00,372.55530353483607,374.83148642239024,369.58849119022244,370.85302734375,229300,85036599.16992188
2021-09-01 00:00:00,372.3607882773974,372.6428881045601,367.2442520141184,370.7947082519531,143400,53171961.16333008
2021-09-02 00:00:00,372.93473236652886,374.8218000588757,365.3182446744749,369.08270263671875,272900,100722669.54956055
2021-09-03 00:00:00,368.52816809307217,368.70328190880394,362.0206370974336,364.26763916015625,248700,90593361.85913086
2021-09-07 00:00:00,363.80072623421904,363.80072623421904,357.23480403614155,359.8125305175781,278300,100135827.24304199
2021-09-08 00:00:00,359.07330152912436,359.3067470575747,353.65519230205115,358.01300048828125,279400,100028832.33642578
2021-09-09 00:00:00,358.47026641095243,361.56356879698455,355.7952602728361,357.76019287109375,205200,73412391.57714844
2021-09-10 00:00:00,360.61025572825514,366.99135841867326,359.2581475706469,359.4137878417969,232000,83383998.77929688
2021-09-13 00:00:00,363.01288016378993,365.3571615348456,357.21542136343214,357.9838562011719,297500,106500197.21984863
2021-09-14 00:00:00,357.82810904651194,357.82810904651194,350.7758231391228,351.816650390625,334200,117577124.56054688
2021-09-15 00:00:00,351.4763267702418,353.19807693290346,349.7643430869511,351.43743896484375,242700,85293866.43676758
2021-09-16 00:00:00,350.6786820867786,350.8829469468977,343.762560683583,344.4337463378906,347400,119656283.4777832
2021-09-17 00:00:00,342.78017687640903,345.2411814253877,331.5743135761077,333.38360595703125,1000400,333516959.39941406
2021-09-20 00:00:00,326.9440879329767,333.7337503207222,326.3215565085189,333.1987609863281,392500,130780513.68713379
2021-09-21 00:00:00,334.47295603964454,337.9747872504346,331.4283087603374,334.8036804199219,275900,92372335.42785645
2021-09-22 00:00:00,338.5486699297638,342.8675898358612,336.75885181237885,340.7081298828125,310400,105755803.515625
2021-09-23 00:00:00,343.04277585527353,351.6027832523269,342.06030959870054,346.2819519042969,243300,84250398.89831543
2021-09-24 00:00:00,344.8227942158015,346.67100360276356,339.8229811348849,341.427978515625,387100,132166770.48339844
2021-09-27 00:00:00,341.80740621770804,349.1417646941245,341.80740621770804,346.50567626953125,292500,101352910.30883789
2021-09-28 00:00:00,345.99008360845477,351.3011772210877,345.32863481559633,347.6534423828125,808900,281216869.54345703
2021-09-29 00:00:00,347.3033052144744,350.5133002857165,343.21782995530725,344.1516418457031,533200,183501655.4321289
2021-09-30 00:00:00,344.63805484867726,345.25087919199774,332.2844078352189,332.3622131347656,426400,141719247.68066406
2021-10-01 00:00:00,331.9730712078898,345.08547352579234,328.626879870803,344.3559265136719,511400,176103620.8190918
2021-10-04 00:00:00,342.0797449925668,346.73909722491305,338.4806345085257,339.326904296875,490100,166304115.79589844
2021-10-05 00:00:00,339.51174540946096,341.40857963658874,333.86992669522044,338.6168212890625,318100,107714010.85205078
2021-10-06 00:00:00,339.87159548803635,347.76044517615264,339.87159548803635,347.5658874511719,354800,123316376.86767578
2021-10-07 00:00:00,349.0152717114485,356.19401891612466,349.0152717114485,350.7759094238281,342000,119965361.02294922
2021-10-08 00:00:00,350.3868534685455,352.99379085568074,347.8383071566957,348.0425720214844,243700,84817974.80163574
2021-10-11 00:00:00,347.7118092119807,350.0171729162273,340.785981306877,340.931884765625,228100,77766562.91503906
2021-10-12 00:00:00,339.65759529014485,343.5388052168102,339.13234286410625,339.64788818359375,252600,85795056.55517578
2021-10-13 00:00:00,339.0448402248771,341.45721996397776,334.34657001103676,339.4533996582031,257800,87511086.43188477
2021-10-14 00:00:00,343.4707345935829,353.5579330616228,342.4104631792294,353.3536682128906,290200,102543234.51538086
2021-10-15 00:00:00,356.0384399427033,358.02281642924714,352.8187076812178,355.7952575683594,227000,80765523.46801758
2021-10-18 00:00:00,358.8204365717182,365.4739023048109,356.97225659341683,363.6743469238281,297600,108229485.64453125
2021-10-19 00:00:00,366.0963772714053,366.816217124047,358.9468408175459,360.4545593261719,220900,79624412.15515137
2021-10-20 00:00:00,361.54401534182745,371.7284921943893,361.38837509320405,371.3880310058594,328800,122112384.59472656
2021-10-21 00:00:00,370.6876560875763,371.4561205205693,367.8473032511086,371.2810363769531,206700,76743790.21911621
2021-10-22 00:00:00,371.06707404634346,374.1019849317838,370.4542497934479,370.9308776855469,192400,71367100.86669922
2021-10-25 00:00:00,372.89581968010776,385.07438102432866,371.1838064448178,383.0511169433594,382600,146555357.3425293
2021-10-26 00:00:00,383.5860445746658,383.5860445746658,378.4208546900038,380.16204833984375,175900,66870504.302978516
2021-10-27 00:00:00,379.97721836186355,382.71058508375273,372.16620394549346,372.7498474121094,277000,103251707.7331543
2021-10-28 00:00:00,375.02601036423147,385.08402636214333,375.02601036423147,382.8953857421875,367600,140752343.79882812
2021-10-29 00:00:00,379.1017794213688,384.22805185688867,379.1017794213688,382.126953125,331400,126636872.265625
2021-11-01 00:00:00,383.36238679442033,385.9012260787701,374.10201317744054,379.7633056640625,486400,184716871.875
2021-11-02 00:00:00,377.7983651531164,399.8403860226966,372.7596045771581,396.3774719238281,756000,299661368.77441406
2021-11-03 00:00:00,402.22361495418176,402.22361495418176,395.08378457745425,396.9903259277344,460000,182615549.9267578
2021-11-04 00:00:00,396.86380477168603,406.2992905506454,392.37953709268777,401.8636474609375,466700,187549764.27001953
2021-11-05 00:00:00,405.3168300489354,411.0851075659969,399.4901911497885,401.07574462890625,339600,136205322.87597656
2021-11-08 00:00:00,420.7151489947999,423.74032279658843,405.40436999241876,413.4099426269531,648700,268179029.7821045
2021-11-09 00:00:00,416.29899222263566,417.1160813362117,405.44332882453415,410.4626159667969,340100,139598335.69030762
2021-11-10 00:00:00,407.7486564442461,410.180479667973,399.61665383306774,401.97064208984375,368400,148085984.54589844
2021-11-11 00:00:00,402.26254422091404,406.27992159064075,399.79180311120075,402.7099914550781,194400,78286822.33886719
2021-11-12 00:00:00,404.3052359576671,408.6922250823501,403.4297558059233,408.10858154296875,209500,85498747.83325195
2021-11-15 00:00:00,409.8789836636814,410.86144985971333,405.7546204955678,407.2137145996094,195000,79406674.34692383
2021-11-16 00:00:00,408.45876964029236,412.52477104670066,407.3498439738122,410.4431457519531,206600,84797553.91235352
2021-11-17 00:00:00,409.9177935437193,413.4196244112188,408.97424508338383,412.0091552734375,231300,95297717.6147461
2021-11-18 00:00:00,411.24075690389196,413.58503808728256,406.72730837257967,408.78948974609375,291700,119243894.15893555
2021-11-19 00:00:00,409.57736806308975,411.7757456267831,405.1903497273324,406.0463562011719,179800,73007134.8449707
2021-11-22 00:00:00,407.65138135603416,413.8768726147417,405.79349451899037,405.91021728515625,259000,105130746.27685547
2021-11-23 00:00:00,406.1145321271717,410.7252600704545,402.8753562258893,409.91790771484375,178800,73293321.89941406
2021-11-24 00:00:00,408.72135110114095,412.99164656913024,408.72135110114095,411.425537109375,149400,61466975.244140625
2021-11-26 00:00:00,401.27028430598006,405.58920481754654,397.66146687749267,403.6048583984375,189700,76563841.6381836
2021-11-29 00:00:00,406.4062364895223,410.1804304293416,404.38297287180745,406.9315185546875,217100,88344832.67822266
2021-11-30 00:00:00,403.2785113439758,405.4508461908227,392.25112939082976,393.07916259765625,571000,224448201.84326172
2021-12-01 00:00:00,400.37555422203565,405.3826982940005,390.8288983972691,390.8775939941406,350900,137158947.73254395
2021-12-02 00:00:00,392.8063852087703,405.70411742726975,392.77716190758923,403.2102966308594,358300,144470249.2828369
2021-12-03 00:00:00,402.52841892625,407.08746245258726,393.0304586501428,397.81353759765625,361100,143650468.42651367
2021-12-06 00:00:00,401.81730354920387,410.8476611185258,400.2586579880782,404.66180419921875,246600,99789600.91552734
2021-12-07 00:00:00,408.509618828015,416.43918068843055,408.509618828015,411.9288635253906,217900,89759299.36218262
2021-12-08 00:00:00,411.870581808502,419.27412728148795,410.9841315263612,418.25128173828125,306200,128068542.46826172
2021-12-09 00:00:00,416.37109002207245,419.0207784726508,414.75399790537404,416.24444580078125,206600,85996102.5024414
2021-12-10 00:00:00,423.920735121376,428.6063927679356,422.20622214795753,428.01214599609375,550600,235663487.58544922
2021-12-13 00:00:00,427.04781002815486,427.65177817011846,421.5828139871513,423.6869812011719,347700,147315963.36364746
2021-12-14 00:00:00,421.8068738772708,428.6941202692295,420.248228212817,424.5734558105469,364900,154926854.02526855
2021-12-15 00:00:00,426.53152410838595,429.49294802044017,420.06315473846416,429.3468017578125,278400,119530149.609375
2021-12-16 00:00:00,431.31456033783576,431.50937245401525,426.47303480683576,428.986328125,257900,110635574.0234375
2021-12-17 00:00:00,430.4182932041284,431.265798673392,424.27141107077085,425.0702209472656,710100,301842363.8946533
2021-12-20 00:00:00,416.68284386733586,417.63752141474185,404.9833244814543,411.2471008300781,381400,156849644.2565918
2021-12-21 00:00:00,414.7539873967523,420.9105909308704,411.45160563114956,419.0110168457031,279300,117029777.00500488
2021-12-22 00:00:00,418.4947667573601,425.2163945397411,418.4947667573601,424.4468078613281,157900,67020150.96130371
2021-12-23 00:00:00,425.5475572118063,430.48650339336984,425.5085828992391,425.7618713378906,163300,69526913.58947754
2021-12-27 00:00:00,426.99906139669787,427.59330822337984,423.6674857861647,427.2523498535156,358800,153298143.1274414
2021-12-28 00:00:00,427.2718202578134,430.4670600721815,426.82371968354863,428.099853515625,206100,88231379.80957031
2021-12-29 00:00:00,429.9507737410437,431.6750380428732,429.0545725058204,430.3014831542969,111700,48064675.66833496
2021-12-30 00:00:00,431.9185120916785,433.49662989786225,425.09946398092563,426.6775817871094,220200,93954403.50952148
2021-12-31 00:00:00,426.9016343598669,430.46702583454237,422.4595140996426,429.1324157714844,287100,123203916.56799316
2022-01-03 00:00:00,430.52553244067013,434.2175389189871,425.7521744554501,427.6615295410156,324300,138690634.03015137
2022-01-04 00:00:00,430.3793753515657,434.91891704610845,427.23289048296544,430.0968933105469,385600,165845362.06054688
2022-01-05 00:00:00,430.9638331161883,434.7240665199062,424.5344389746801,425.8690490722656,358000,152461119.5678711
2022-01-06 00:00:00,426.4243596902389,430.1845936924171,419.4299706747155,425.7911682128906,288400,122798172.91259766
2022-01-07 00:00:00,426.4536370419203,428.2655715103791,417.41352618349384,418.1051940917969,309600,129445368.09082031
2022-01-10 00:00:00,415.63077149748267,415.63077149748267,402.3044089110854,405.4898681640625,586200,237698160.71777344
2022-01-11 00:00:00,404.27223910446446,408.90920249267737,395.7192035241252,408.49029541015625,476000,194441380.61523438
2022-01-12 00:00:00,412.30892966477245,416.9751158342748,407.7888600290344,411.6465148925781,335600,138148570.39794922
2022-01-13 00:00:00,410.8963496325947,412.5037204912106,399.3819222661947,400.2684020996094,417200,166991977.35595703
2022-01-14 00:00:00,397.1803425542869,399.1383930910724,385.47107310550973,392.221923828125,471400,184893414.89257812
2022-01-18 00:00:00,386.6887170049937,387.5946690482306,381.2139709780072,386.2308654785156,572000,220924055.05371094
2022-01-19 00:00:00,388.0233890042739,390.50745931747275,380.0548500865106,380.2691345214844,520300,197854030.69152832
2022-01-20 00:00:00,382.7921572463574,388.6760003484907,380.36650414642537,381.3309326171875,485200,185021768.50585938
2022-01-21 00:00:00,380.78548515051205,382.57791747659485,371.46286306940294,372.4175109863281,728600,271343398.5046387
2022-01-24 00:00:00,364.6145708225584,374.96978891468973,356.1784292037718,373.7910461425781,1107100,413824067.18444824
2022-01-25 00:00:00,365.8127411908656,369.28071228066705,352.1843942943071,358.39947509765625,1252800,449002862.40234375
2022-01-26 00:00:00,363.0363811042713,369.72878477423114,354.1131663014283,358.8377685546875,719100,258040239.36767578
2022-01-27 00:00:00,364.97492655962674,370.2743032535079,357.6785548919728,363.34808349609375,524400,190539734.98535156
2022-01-28 00:00:00,363.7378890814572,373.6255058072901,360.11404982942736,372.933837890625,466800,174085515.52734375
2022-01-31 00:00:00,371.69658727603223,380.17170224433215,370.0112974561279,379.0611572265625,439400,166559472.48535156
2022-02-01 00:00:00,380.2788373897978,384.0487922077301,374.32679662072337,380.46392822265625,300900,114481596.00219727
2022-02-02 00:00:00,379.6749017348498,382.27589489920075,374.5995893711649,376.9667663574219,388600,146489285.40649414
2022-02-03 00:00:00,372.1252369736219,376.01208530212773,362.6467483766499,363.2604675292969,636500,231215287.58239746
2022-02-04 00:00:00,361.9940844936647,366.84533164375034,358.389718214062,362.43243408203125,406000,147147568.2373047
2022-02-07 00:00:00,363.27019926861743,367.56620338054086,360.951718027704,363.3091735839844,421000,152953162.07885742
2022-02-08 00:00:00,363.9423806493204,370.42047104131944,362.9584798126626,369.5924377441406,300200,110951649.81079102
2022-02-09 00:00:00,374.32680511645185,380.89256514047446,371.8427053326683,373.2454833984375,779400,290907529.7607422
2022-02-10 00:00:00,364.78991071061006,389.1826322944985,356.0030894000059,376.93756103515625,1011900,381423118.0114746
2022-02-11 00:00:00,372.40772357627037,380.5808246806044,369.11509259991834,369.32940673828125,873800,322720035.60791016
2022-02-14 00:00:00,366.2510779945471,373.2357446929988,356.41215970012547,359.50994873046875,534900,192301871.57592773
2022-02-15 00:00:00,366.2316092358979,376.42120726436514,365.9977930811337,375.0574035644531,553200,207481755.65185547
2022-02-16 00:00:00,372.7779776308848,381.8960069709838,370.40104935428855,380.9510803222656,534600,203656447.5402832
2022-02-17 00:00:00,377.8824458139433,383.25002063036067,374.98921976987543,375.067138671875,529900,198748076.78222656
2022-02-18 00:00:00,375.94391229427265,378.3013382148638,369.9041715078829,373.7520751953125,437000,163329656.86035156
2022-02-22 00:00:00,370.8977641761018,378.3792568070286,367.55643768763775,370.25482177734375,571400,211563605.16357422
2022-02-23 00:00:00,370.683440353789,373.64486382344035,354.70739090869256,355.944580078125,412800,146933922.65625
2022-02-24 00:00:00,343.66060031315675,360.3088185260704,341.27392116820425,359.5295104980469,568200,204284667.86499023
2022-02-25 00:00:00,359.4125880756446,376.84011290113864,357.09410674683977,375.73931884765625,714900,268616039.04418945
2022-02-28 00:00:00,369.787585265624,373.94404627997346,362.38208020503424,370.1778564453125,601000,222476891.7236328
2022-03-01 00:00:00,368.49970340621434,368.49970340621434,353.3569596567053,356.17669677734375,515100,183466616.51000977
2022-03-02 00:00:00,362.76255914250544,369.86560130076015,359.54278491921264,367.07513427734375,431400,158356212.9272461
2022-03-03 00:00:00,371.846216901768,373.6902903291858,363.23086377959373,366.5970153808594,359800,131901606.1340332
2022-03-04 00:00:00,362.9382824360245,366.2751357257522,357.1621669405629,365.8165588378906,376600,137766516.0583496
2022-03-07 00:00:00,368.52893278781903,368.52893278781903,351.0054977886009,351.2396545410156,483900,169964868.83239746
2022-03-08 00:00:00,352.7520044619765,366.59708850861375,351.42504669077357,352.0007019042969,682900,240381279.33044434
2022-03-09 00:00:00,363.2211606213612,367.1141952768475,359.46476703080305,364.3432312011719,279900,101979670.41320801
2022-03-10 00:00:00,352.86909096531247,363.60171265782583,352.86909096531247,361.9527893066406,396800,143622866.796875
2022-03-11 00:00:00,365.7189593528546,367.4752244515179,360.8892973270458,361.864990234375,263300,95279051.92871094
2022-03-14 00:00:00,367.58255118738043,370.97797336095647,361.2503134919645,366.46051025390625,358100,131229508.72192383
2022-03-15 00:00:00,370.07058278989956,372.67566625991026,364.3920427445716,371.2218933105469,324300,120387260.00061035
2022-03-16 00:00:00,374.5588012102145,383.3790445186773,361.9821041092953,369.8852233886719,372100,137634291.6229248
2022-03-17 00:00:00,367.53371029263036,375.3294859623032,365.98236236826506,373.76837158203125,395500,147825390.96069336
2022-03-18 00:00:00,375.4563229615936,377.3296661340362,368.0117825503389,376.3539733886719,799300,300819730.9295654
2022-03-21 00:00:00,374.4220927693834,377.86628698545564,371.61209288558223,373.2707824707031,351400,131167352.96020508
2022-03-22 00:00:00,374.4611894867024,378.3249250650406,373.25131003328715,374.66607666015625,404200,151440028.18603516
2022-03-23 00:00:00,371.8560576499752,373.1439793700155,366.09947573715533,366.47998046875,362100,132702400.92773438
2022-03-24 00:00:00,367.1044370524264,375.03682473545194,365.2896626327291,374.5684814453125,248600,93117724.48730469
2022-03-25 00:00:00,375.1831974817011,385.29139162021943,373.1537693086614,384.3644714355469,422400,162355552.734375
2022-03-28 00:00:00,382.6471502848259,388.44276721923706,379.56395782529773,387.72076416015625,438700,170093099.23706055
2022-03-29 00:00:00,390.8430220510517,396.96063517217243,387.91594355123345,394.706787109375,339700,134081895.58105469
2022-03-30 00:00:00,392.23828607336594,393.6237532244398,380.22750965820865,380.7738952636719,353800,134717804.1442871
2022-03-31 00:00:00,378.5493418317812,384.2278518767424,375.52468788845806,375.5344543457031,375300,140938080.71594238
2022-04-01 00:00:00,379.06643911186694,379.06643911186694,372.0609418113231,375.7002868652344,374900,140850037.54577637
2022-04-04 00:00:00,375.20271416784664,376.92970975577174,371.68047689048745,375.6125183105469,332500,124891162.33825684
2022-04-05 00:00:00,374.6856035545636,378.0810258088527,370.55844134868903,371.94390869140625,285300,106115597.1496582
2022-04-06 00:00:00,368.372774503161,369.8851160845358,361.46488314732613,364.45050048828125,454300,165569862.37182617
2022-04-07 00:00:00,364.7529870595893,364.98714379966776,357.10355920062585,360.6062927246094,419200,151166157.91015625
2022-04-08 00:00:00,362.65527399277323,368.17769903891354,356.1278865127106,362.928466796875,337100,122343186.15722656
2022-04-11 00:00:00,360.5478134248987,366.8020087867195,360.05996695151913,360.8990783691406,268800,97009672.265625
2022-04-12 00:00:00,362.2259862280115,367.85572349670394,355.7181015357147,357.73779296875,285100,101991044.77539062
2022-04-13 00:00:00,357.3377213301133,361.45514613468293,356.3230222572825,358.04998779296875,481500,172401069.12231445
2022-04-14 00:00:00,358.08913232063884,361.76748456946774,354.9766689655566,355.9523620605469,263300,93722256.93054199
2022-04-18 00:00:00,355.61074835095667,358.14755553149706,351.9909364781077,353.65936279296875,270000,95488027.95410156
2022-04-19 00:00:00,354.83016691174674,361.7673275130739,354.7325916894506,360.7135925292969,296200,106843366.10717773
2022-04-20 00:00:00,366.03114394477194,371.9828759145611,365.0164151066978,369.7875671386719,304000,112415420.41015625
2022-04-21 00:00:00,374.5880105146783,375.1831688583261,361.2893122603891,365.6896667480469,256200,93689692.62084961
2022-04-22 00:00:00,363.84555724272406,363.84555724272406,345.31716296258395,346.20501708984375,497200,172133134.4970703
2022-04-25 00:00:00,347.3368880367207,352.5568507377763,340.02895812071256,352.02996826171875,655700,230826050.18920898
2022-04-26 00:00:00,349.82489132760657,350.976201640918,340.5753132218448,341.72662353515625,394900,134947843.6340332
2022-04-27 00:00:00,342.7999340310997,347.29789370633097,338.5166577570006,343.57073974609375,308900,106129001.50756836
2022-04-28 00:00:00,346.7612408730537,358.3037042272272,343.04385341151624,356.96697998046875,387200,138217614.6484375
2022-04-29 00:00:00,354.34238727965857,357.09381850138067,344.58545872888857,345.60992431640625,475100,164199275.0427246
2022-05-02 00:00:00,346.263620952242,350.8883951473087,337.8726571868493,346.72216796875,490700,170136567.82226562
2022-05-03 00:00:00,342.18523447812214,363.6797469856508,340.24361521562673,357.5719299316406,822100,293959883.59680176
2022-05-04 00:00:00,363.32854621677114,369.9339767822898,354.4009616614506,368.39239501953125,714700,263290044.72045898
2022-05-05 00:00:00,364.1773352578698,365.49452648455485,342.73159693251233,347.4832458496094,450300,156471705.6060791
2022-05-06 00:00:00,348.0296469483029,348.0296469483029,331.3355270199844,337.5897216796875,587300,198266443.54248047
2022-05-09 00:00:00,334.2235154508305,335.66755133576356,322.0273569571383,324.7007751464844,641900,208425427.56652832
2022-05-10 00:00:00,332.3697138456124,332.3697138456124,311.36305110794683,320.163818359375,605800,193955241.16210938
2022-05-11 00:00:00,322.00789362183457,327.0034359941574,312.6217336491182,313.7437744140625,560500,175853385.55908203
2022-05-12 00:00:00,311.39235008436526,323.042124458005,309.0311901909956,319.6076965332031,481900,154018948.9593506
2022-05-13 00:00:00,323.00307438656733,332.6039172911454,321.9786089049091,324.74957275390625,376000,122105839.35546875
2022-05-16 00:00:00,322.1445524733239,322.4177453066562,313.675515088453,315.5488586425781,513200,161939674.2553711
2022-05-17 00:00:00,323.44223784024683,328.70123753823276,316.19284580950375,326.7108154296875,776000,253527592.7734375
2022-05-18 00:00:00,322.75918392979344,325.30575776006475,314.6707116152904,316.09521484375,331600,104817173.2421875
2022-05-19 00:00:00,313.4218746256407,321.9396555003465,313.314532911712,316.75872802734375,452700,143396676.17797852
2022-05-20 00:00:00,321.83228525765435,322.45671318414185,312.1241297091428,319.7930908203125,658300,210519791.68701172
2022-05-23 00:00:00,324.125236421511,328.8280541957167,319.87119932802034,325.3058166503906,533400,173518122.60131836
2022-05-24 00:00:00,323.9787118274316,324.9056316960335,312.7875166557595,317.44158935546875,506400,160752420.84960938
2022-05-25 00:00:00,315.3633850755049,319.49057577693713,312.61192460788334,318.3197326660156,588600,187362994.6472168
2022-05-26 00:00:00,322.81774351836043,328.9060875546234,321.03223858551104,325.9302062988281,287500,93704934.31091309
2022-05-27 00:00:00,329.32557046270273,341.21926738586967,329.32557046270273,340.9558410644531,568500,193833395.6451416
2022-05-31 00:00:00,335.60946797250045,335.60946797250045,326.52942350281074,331.70965576171875,981400,325539856.1645508
2022-06-01 00:00:00,331.8660196563471,332.75545620466767,323.1476086383662,329.45184326171875,316200,104172672.83935547
2022-06-02 00:00:00,332.296121703821,339.7047929760629,328.79701659132564,339.47998046875,246800,83783659.1796875
2022-06-03 00:00:00,340.34986219174965,341.53250656469027,335.0719138485702,337.82818603515625,270500,91382524.32250977
2022-06-06 00:00:00,340.18370470229644,342.4805982819695,337.1635454188391,339.9100341796875,301700,102550857.31201172
2022-06-07 00:00:00,337.01698311364606,344.41590149948223,335.67795111183614,343.5069274902344,311500,107002407.91320801
2022-06-08 00:00:00,338.1897923083139,340.55508086840433,327.6436501568663,329.18792724609375,503100,165614446.19750977
2022-06-09 00:00:00,326.9497504420796,332.3743029842864,325.1415563187272,325.3468017578125,302500,98417407.53173828
2022-06-10 00:00:00,316.6479150769189,318.96434564077424,314.1653135798773,314.47808837890625,498300,156704431.43920898
2022-06-13 00:00:00,306.7859624031463,313.7548211258592,305.0266265386315,309.4444885253906,722900,223697420.75500488
2022-06-14 00:00:00,309.82558885545217,311.86834845683245,306.5317601738253,309.3173522949219,567600,175568529.16259766
2022-06-15 00:00:00,311.7902735705038,315.4164154223002,305.6717464313871,311.2527160644531,519900,161820287.08190918
2022-06-16 00:00:00,303.91246265658566,305.8281564406651,294.68581324857786,296.2203369140625,682200,202081513.84277344
2022-06-17 00:00:00,295.0864861187948,302.65154356356794,293.30761307881687,296.6991882324219,692100,205345508.17565918
2022-06-21 00:00:00,300.3351128430764,301.1268035132446,293.10236742922666,295.7120056152344,651600,192685942.85888672
2022-06-22 00:00:00,292.1250369152969,297.7646187745138,290.28752190318403,295.4775085449219,521800,154180163.95874023
2022-06-23 00:00:00,293.6107236170593,296.44517542708576,288.8801149088525,290.5807800292969,438100,127303439.73083496
2022-06-24 00:00:00,293.0242015326625,302.9741457930941,292.68213575280635,302.680908203125,528000,159815519.53125
2022-06-27 00:00:00,302.9936729104019,302.9936729104019,297.54955362877973,301.7817077636719,311000,93854111.11450195
2022-06-28 00:00:00,302.9937189077164,305.37857508147636,295.575263369286,295.9662170410156,309300,91542350.93078613
2022-06-29 00:00:00,296.62106649297516,296.62106649297516,287.4041710289976,293.4933776855469,404300,118659372.5982666
2022-06-30 00:00:00,289.7108416256785,295.2722443306665,284.9802340375692,292.47686767578125,382500,111872401.88598633
2022-07-01 00:00:00,289.80860331279104,295.3211184719341,286.3877066206472,289.3589782714844,562200,162677617.58422852
2022-07-05 00:00:00,283.22083450363397,294.04064618599097,278.54886951579346,293.8451843261719,451100,132553562.64953613
2022-07-06 00:00:00,295.0571954368444,302.1628749602808,293.1708226499129,300.960693359375,697200,209829795.41015625
2022-07-07 00:00:00,303.0620508161325,306.2776713681204,301.55684832355354,303.1891174316406,540000,163722123.41308594
2022-07-08 00:00:00,304.42071073302327,304.42071073302327,299.6998862756318,300.4915771484375,383900,115358716.46728516
2022-07-11 00:00:00,296.2691230785683,306.7077352305511,296.2691230785683,306.4927062988281,480000,147116499.0234375
2022-07-12 00:00:00,305.63262039978076,311.6240500610935,305.41759146805776,306.4927062988281,439900,134826141.5008545
2022-07-13 00:00:00,301.9185203297646,306.0236077236438,297.1292715888041,302.690673828125,411200,124466405.078125
2022-07-14 00:00:00,299.9930941865147,305.7499891181064,296.2496688128972,305.1635437011719,255600,77999801.77001953
2022-07-15 00:00:00,310.05051455526154,310.05051455526154,304.31318714993625,307.8415832519531,306500,94353445.26672363
2022-07-18 00:00:00,309.81598746895617,311.26251909388037,305.99435328510253,307.2942810058594,380500,116925473.92272949
2022-07-19 00:00:00,311.5165893293391,316.0028468554983,310.0798117037445,315.817138671875,409300,129263954.85839844
2022-07-20 00:00:00,313.4322804291708,320.05904395429826,312.6601567536859,318.0065002441406,290100,92253685.7208252
2022-07-21 00:00:00,316.569758128001,322.4439054955067,314.88863075206484,322.2484436035156,316800,102088306.93359375
2022-07-22 00:00:00,323.6265288195743,325.47382702002733,315.83668838118507,318.8372802734375,269700,85990414.4897461
2022-07-25 00:00:00,319.9222460863957,323.28450101420793,315.57280862907845,322.86419677734375,311200,100475338.03710938
2022-07-26 00:00:00,320.3327479393669,321.7206676835875,317.02913445178024,321.11468505859375,421400,135317728.2836914
2022-07-27 00:00:00,322.2093672492837,329.5300764263511,320.22524841494527,328.4353942871094,393300,129173640.57312012
2022-07-28 00:00:00,326.21668484304564,336.5770899062225,325.9625515697737,335.68768310546875,662200,222292383.7524414
2022-07-29 00:00:00,336.8801791888432,346.4000373941518,336.6553666456254,344.1226806640625,544900,187512448.69384766
2022-08-01 00:00:00,343.0181491663997,347.26005672995893,340.6235099771719,346.1653747558594,356800,123511805.71289062
2022-08-02 00:00:00,343.7022728863317,348.6283710587267,340.6430099514811,344.47442626953125,470900,162213007.33032227
2022-08-03 00:00:00,346.98643272415353,348.9412307477542,344.7677178775423,347.35784912109375,397700,138144216.59545898
2022-08-04 00:00:00,346.96678444787983,357.7377381268447,346.2141981229597,351.8440246582031,498000,175218324.27978516
2022-08-05 00:00:00,347.59241234731127,351.2283378330285,344.35722403232523,347.8856201171875,586900,204174070.44677734
2022-08-08 00:00:00,350.9741427738806,354.04318942171807,343.45794337449115,345.23681640625,665500,229755101.31835938
2022-08-09 00:00:00,344.044478156397,346.0383806429659,340.3108064904469,345.8135681152344,286200,98971843.19458008
2022-08-10 00:00:00,354.8153739405858,357.46414670438816,353.2710966461517,357.08294677734375,327800,117051789.95361328
2022-08-11 00:00:00,360.2986081683982,363.308984047913,355.98827487911353,356.63336181640625,332400,118544929.46777344
2022-08-12 00:00:00,360.0933892696026,363.04512381130763,356.37925479574403,361.73541259765625,277100,100236882.83081055
2022-08-15 00:00:00,359.62420272388704,363.88564819200565,358.64680369051837,360.4158935546875,400100,144202399.01123047
2022-08-16 00:00:00,358.2753711762871,365.7133929962702,358.2753711762871,363.1721496582031,235500,85527041.24450684
2022-08-17 00:00:00,358.7738676040513,360.9339110995417,356.8581440371904,360.5820617675781,284400,102549538.36669922
2022-08-18 00:00:00,360.396303799944,361.63758965343226,357.5716066877169,359.2429504394531,311600,111940103.3569336
2022-08-19 00:00:00,359.829413615408,359.829413615408,353.7109165370061,356.897216796875,512200,182802754.44335938
2022-08-22 00:00:00,351.12083964719767,355.02068230035417,347.96385967541994,348.2472839355469,461700,160785770.993042
2022-08-23 00:00:00,347.61191589543216,352.2350234713669,346.3999507936187,347.69012451171875,186300,64774670.1965332
2022-08-24 00:00:00,348.7359676399235,350.85693669374444,344.88501301291626,347.0548400878906,228300,79232619.99206543
2022-08-25 00:00:00,350.3389414540956,354.5417457209002,348.7457761228826,354.0823669433594,190100,67311057.95593262
2022-08-26 00:00:00,355.9003016130442,355.9003016130442,341.66937460043397,343.7903137207031,238400,81959610.79101562
2022-08-29 00:00:00,340.5844239075949,349.53740171495724,340.4084992583043,346.2044677734375,461200,159669500.53710938
2022-08-30 00:00:00,348.7067033923692,348.7849120323157,334.13367767639994,337.368896484375,426600,143921571.24023438
2022-08-31 00:00:00,339.4154645248824,341.7069559560004,334.3330436982392,340.50244140625,711300,242199386.57226562
2022-09-01 00:00:00,338.0053764150623,338.6418969542838,332.4039418769197,335.4984436035156,423100,141949391.48864746
2022-09-02 00:00:00,340.35560790206426,344.22374236917324,332.3549763004171,333.5398864746094,342900,114370827.07214355
2022-09-06 00:00:00,332.8642048859199,336.97712757290543,330.62166460974396,332.5214538574219,342200,113788841.51000977
2022-09-07 00:00:00,332.65854555848296,344.57626315896636,332.5214332016023,344.34124755859375,316700,109052873.10180664
2022-09-08 00:00:00,341.86371765184236,346.5642093244239,338.27958005037505,345.2911682128906,353600,122094957.08007812
2022-09-09 00:00:00,347.3476181955153,350.2168765610011,346.16267814560894,348.9144287109375,346500,120898849.54833984
2022-09-12 00:00:00,351.4507240891373,351.4507240891373,346.16263466630846,347.9449157714844,272200,94710606.07299805
2022-09-13 00:00:00,340.7080914451341,341.7754935997446,331.8260933836175,332.560546875,330100,109778236.5234375
2022-09-14 00:00:00,331.18966322837724,331.77720227355695,321.16190183901665,325.49029541015625,517800,168538874.9633789
2022-09-15 00:00:00,325.7644269293244,333.3439779886119,325.5196090797609,330.4453430175781,381900,126197076.49841309
2022-09-16 00:00:00,326.36176039228155,326.36176039228155,318.39050693986366,323.3358154296875,457100,147796801.23291016
2022-09-19 00:00:00,321.01499240842503,329.07440772209355,320.51555437340573,328.82958984375,406400,133636345.3125
2022-09-20 00:00:00,326.37158863566225,328.61412863066005,320.7212031108787,327.6348571777344,367300,120340283.04138184
2022-09-21 00:00:00,330.3964089293893,334.9891645366562,322.2880126321004,322.3076171875,311800,100495515.0390625
2022-09-22 00:00:00,323.68841511560083,324.56975350259114,320.5351596401505,320.90728759765625,515100,165299343.84155273
2022-09-23 00:00:00,317.28390512117494,317.5679021694815,308.2942016484723,313.415771484375,561800,176076980.41992188
2022-09-26 00:00:00,312.2603044886159,315.9619496351153,307.4520777440235,309.4008483886719,414300,128184771.48742676
2022-09-27 00:00:00,312.44639748944104,312.90665634153163,300.9497583514744,304.6416015625,476400,145131258.984375
2022-09-28 00:00:00,307.0995113636662,314.68886457395536,305.1311663227038,313.0045166015625,584300,182888539.05029297
2022-09-29 00:00:00,308.20610095341596,316.7453488253283,301.6449705667777,315.7268981933594,516200,162978224.8474121
2022-09-30 00:00:00,315.7171154656057,324.4228531653181,312.5344831929988,315.4135437011719,712100,224605984.4696045
2022-10-03 00:00:00,318.2926511745364,322.77770201262865,315.16877233830047,319.8203125,665500,212840417.96875
2022-10-04 00:00:00,326.54783657013064,330.11239885343224,324.53053985287465,328.9764404296875,471300,155046596.37451172
2022-10-05 00:00:00,324.37386092721164,330.7195505916713,324.00173299989865,327.36065673828125,278800,91268151.09863281
2022-10-06 00:00:00,325.5881606849728,328.95685663853294,322.6992981466321,323.4729309082031,301500,97527088.66882324
2022-10-07 00:00:00,319.21309738547177,319.98673015425766,311.3985009054994,313.6116638183594,318400,99853953.75976562
2022-10-10 00:00:00,315.8248384268287,315.8248384268287,309.1363978248766,312.3680114746094,214700,67065412.06359863
2022-10-11 00:00:00,310.82069696176376,315.10990993136363,308.2060593909722,310.8403015136719,243400,75658529.38842773
2022-10-12 00:00:00,310.0862844463238,310.0862844463238,303.45662779242787,305.0234680175781,350400,106880223.19335938
2022-10-13 00:00:00,297.7768179989401,310.4975731162373,292.40062786796307,307.8339538574219,445300,137078459.65270996
2022-10-14 00:00:00,310.01778212985874,310.6641049556955,292.1363034883638,292.6357116699219,405000,118517463.22631836
2022-10-17 00:00:00,299.2065908835842,305.51310106845847,297.8453892975206,304.60235595703125,391700,119312742.82836914
2022-10-18 00:00:00,311.64336048530583,317.3721048823142,309.86110902278824,313.6410827636719,367600,115294462.02392578
2022-10-19 00:00:00,311.71192092567634,312.0840488917821,303.13349268806496,306.8449401855469,260200,79841053.4362793
2022-10-20 00:00:00,306.53151030834204,309.1755549339909,296.85633437620464,297.9237365722656,244700,72901938.3392334
2022-10-21 00:00:00,298.139204771744,309.107027075791,297.110951818713,308.7740783691406,373300,115265363.4552002
2022-10-24 00:00:00,312.0154385012895,312.61280957598507,307.07013004671563,310.3702697753906,358400,111236704.6875
2022-10-25 00:00:00,309.0090650972241,326.6849310420814,309.0090650972241,325.8917236328125,542200,176698492.55371094
2022-10-26 00:00:00,326.8024575962896,327.47815726299876,320.47637262730876,324.0702819824219,398700,129206821.4263916
2022-10-27 00:00:00,324.5305333685241,328.02653941075755,322.34677729051134,323.6100158691406,348300,112713368.52722168
2022-10-28 00:00:00,324.2465995848296,331.9045105382373,323.07149161592884,331.1504821777344,241400,79939726.39770508
2022-10-31 00:00:00,330.16138645853306,332.07097787345145,326.95917935189567,329.0156555175781,524500,172568711.31896973
2022-11-01 00:00:00,332.31577259734075,333.4321265103555,323.3848217532508,327.3998107910156,503400,164813064.75219727
2022-11-02 00:00:00,326.4401310471749,332.6193312638236,315.27644293147785,316.19696044921875,870100,275122975.28686523
2022-11-03 00:00:00,311.8685199735955,329.4464510787463,310.6738078386745,324.6676025390625,481500,156327450.6225586
2022-11-04 00:00:00,331.43447229676104,332.23745226544924,322.9735516515891,330.17120361328125,428300,141412326.50756836
2022-11-07 00:00:00,332.9522712870658,336.29159029999676,326.8612020698851,335.7333984375,408600,137180666.6015625
2022-11-08 00:00:00,338.12287159186064,342.86254219556605,334.9402391296312,336.79107666015625,314900,106055510.0402832
2022-11-09 00:00:00,334.95008718500225,336.595256402536,329.28009590189544,329.5542907714844,297000,97877624.35913086
2022-11-10 00:00:00,345.62406632396556,357.84538472093186,344.93856435820095,355.31884765625,558500,198445576.41601562
2022-11-11 00:00:00,357.9335002436199,363.7699494404725,353.33091269333863,354.68231201171875,323300,114668791.47338867
2022-11-14 00:00:00,352.4104342200339,356.3862741677083,345.16383100868126,345.66326904296875,371900,128552169.75708008
2022-11-15 00:00:00,353.1056368121251,355.48528881476733,342.480566976474,346.8089294433594,324500,112539497.60437012
2022-11-16 00:00:00,346.31928505983933,349.10041193184696,343.77317373377974,348.47369384765625,279300,97328702.69165039
2022-11-17 00:00:00,342.6568557456674,345.4281806306553,340.3947412250084,343.3717346191406,257100,88280872.97058105
2022-11-18 00:00:00,349.40408273887886,350.95134854850926,345.1540477293187,348.9340515136719,315500,110088693.25256348
2022-11-21 00:00:00,346.5740122984884,351.35286244336106,345.88851023090524,350.33441162109375,307400,107692798.13232422
2022-11-22 00:00:00,352.5279605571081,357.21867971375195,350.87298922410633,357.09136962890625,266300,95093431.73217773
2022-11-23 00:00:00,358.3839875309899,362.8298884527232,356.80734489567504,357.7474670410156,263400,94230682.81860352
2022-11-25 00:00:00,356.20022699099724,360.8028152682066,356.20022699099724,359.9704284667969,103900,37400927.517700195
2022-11-28 00:00:00,357.3067128079845,359.4121401163148,349.93280114825876,351.95989990234375,252700,88940266.70532227
2022-11-29 00:00:00,350.4812770705865,354.1437729402963,348.49335704613,350.1287536621094,213700,74822514.65759277
2022-11-30 00:00:00,348.73554141651215,359.58631036204883,345.95909139905575,359.5470886230469,673200,242047100.06103516
2022-12-01 00:00:00,360.2338012005668,362.76501036766734,355.8483620066429,358.4678649902344,348600,124961897.7355957
2022-12-02 00:00:00,354.44548075823474,359.37050407910493,351.47280201140813,358.8113098144531,298600,107141057.1105957
2022-12-05 00:00:00,352.8365573871017,353.08182803484374,345.50786923495923,346.5870361328125,426200,147715394.7998047
2022-12-06 00:00:00,347.8132897030367,347.8132897030367,339.87633740932904,343.3689880371094,258300,88692209.60998535
2022-12-07 00:00:00,342.20152614446397,348.53933994989865,342.20152614446397,345.83154296875,227500,78676676.02539062
2022-12-08 00:00:00,348.48052688890465,352.65012764447727,345.8217716736562,350.9430236816406,312800,109774977.80761719
2022-12-09 00:00:00,350.22687375718664,356.123159763715,348.4511166645053,350.1876220703125,230400,80683228.125
2022-12-12 00:00:00,350.82531581218365,353.09161417432597,345.0859767373014,353.0425720214844,389400,137474777.54516602
2022-12-13 00:00:00,365.4826484999491,366.4637309622946,353.98436084364977,361.7545471191406,862300,311940945.98083496
2022-12-14 00:00:00,355.0733397231375,359.7236605131776,352.630424295493,358.7818298339844,659600,236652494.9584961
2022-12-15 00:00:00,352.9443603981771,352.9443603981771,343.4180595681998,345.3900146484375,383600,132491609.61914062
2022-12-16 00:00:00,340.40615435006947,344.20293836759436,336.9036830702372,341.63250732421875,557000,190289306.57958984
2022-12-19 00:00:00,341.4853944168792,343.13360583824493,333.28352911296736,334.4019775390625,407100,136135045.05615234
2022-12-20 00:00:00,333.95067292068956,336.64864968560846,331.2526961557706,335.26531982421875,304400,102054763.35449219
2022-12-21 00:00:00,337.0018541749845,338.7383595009722,333.9899235764619,335.65777587890625,369900,124159811.29760742
2022-12-22 00:00:00,332.4986296247054,333.4993228636582,325.76838899726414,329.83990478515625,489600,161489617.3828125
2022-12-23 00:00:00,329.28063630665656,332.62613033082596,325.61139831768213,332.18463134765625,221200,73479240.45410156
2022-12-27 00:00:00,333.02849091085756,335.0789498927015,330.3501247118532,333.00885009765625,272500,90744911.65161133
2022-12-28 00:00:00,333.50913732979205,335.28489399273343,330.99756890241895,331.5077209472656,133800,44355733.06274414
2022-12-29 00:00:00,333.21488277602964,336.66828248153155,331.59607265944624,334.215576171875,183100,61194871.99707031
2022-12-30 00:00:00,331.65491995778643,332.24357543307525,326.5630994979689,331.5764465332031,211500,70128418.44177246
2023-01-03 00:00:00,335.43210510210344,336.64866777722256,330.06558256005553,331.79229736328125,405300,134475418.1213379
2023-01-04 00:00:00,337.14896707795117,341.6227005104068,333.99970089832004,341.1615905761719,358900,122442894.85778809
2023-01-05 00:00:00,337.32557548722195,337.5610556414942,331.3507867846017,331.5764465332031,242400,80374130.63964844
2023-01-06 00:00:00,335.92268075449863,345.61578176286287,333.18545188053594,344.52679443359375,285400,98327947.13134766
2023-01-09 00:00:00,345.31158287079387,345.89041790962784,337.7866674854329,338.6009826660156,372900,126264306.43615723
2023-01-10 00:00:00,337.49237668288754,338.41459661904423,334.72571687441734,337.453125,329300,111123314.0625
2023-01-11 00:00:00,340.65140942243175,350.7369346246578,339.8174834499581,348.2646179199219,542100,188794249.37438965
2023-01-12 00:00:00,349.5008338164017,349.5008338164017,342.9079579622963,344.9289855957031,305800,105479283.79516602
2023-01-13 00:00:00,343.1924616117783,349.30461627056053,341.681586201917,348.64727783203125,382800,133462177.95410156
2023-01-17 00:00:00,347.59753239987987,347.9213064050501,343.4279315994341,346.4104309082031,309100,107075464.19372559
2023-01-18 00:00:00,348.28434342356576,351.7083123174642,344.997710532783,345.1448669433594,406200,140197844.95239258
2023-01-19 00:00:00,343.4573109408384,344.77198769478304,335.00038550428184,336.609375,330400,111215737.5
2023-01-20 00:00:00,337.06067364518475,343.30037340208384,334.64721927650896,341.112548828125,317600,108337345.5078125
2023-01-23 00:00:00,340.9752029536062,344.6739030541879,336.60940389449365,342.3291015625,274400,93935105.46875
2023-01-24 00:00:00,338.25764839220983,340.3277481906109,335.4026945113499,339.86663818359375,345900,117559870.14770508
2023-01-25 00:00:00,335.50077530069433,342.2211962450472,333.98010943997167,340.8476867675781,213900,72907320.19958496
2023-01-26 00:00:00,342.36836535311477,342.3977966308594,331.5175951674266,342.3977966308594,502100,171917933.6883545
2023-01-27 00:00:00,342.142722009906,345.24294648886166,340.92618921775437,341.2401428222656,246000,83945075.13427734
2023-01-30 00:00:00,339.09157094129324,343.51626288001796,339.09157094129324,340.79864501953125,240600,81996153.99169922
2023-01-31 00:00:00,343.49662267619163,353.1112497719991,340.2198105037469,352.8365478515625,343100,121058219.5678711
2023-02-01 00:00:00,351.6690610738219,358.1245712452389,345.8021764953426,355.1617126464844,377900,134215611.20910645
2023-02-02 00:00:00,356.84912985474494,367.31726281613913,356.5351762854892,363.2261657714844,392200,142457302.21557617
2023-02-03 00:00:00,358.8309071437348,363.21634690575394,352.9444124264076,353.8077697753906,272800,96518759.59472656
2023-02-06 00:00:00,350.6389177683642,353.59198599644213,346.72440774715585,350.14837646484375,263300,92194067.52319336
2023-02-07 00:00:00,348.43145225008897,353.33686486782995,345.2135027704614,351.6788330078125,305400,107402715.60058594
2023-02-08 00:00:00,349.19666694761526,351.4826058076359,347.8624091957101,349.4615783691406,317900,111093835.7635498
2023-02-09 00:00:00,353.1013892882388,356.11331960491987,346.02779318465696,346.55755615234375,253600,87886996.24023438
2023-02-10 00:00:00,343.9184791058176,346.26328079332103,338.62063927489334,344.5954284667969,364800,125708412.3046875
2023-02-13 00:00:00,345.8904532614424,350.1777791132162,342.6921146431159,349.7068786621094,361600,126454007.32421875
2023-02-14 00:00:00,348.06842812558307,353.07195457574767,345.12518079492867,349.4615783691406,455000,159005018.15795898
2023-02-15 00:00:00,362.5590071563771,379.41402638965445,360.45950628384713,375.558349609375,1036400,389228673.53515625
2023-02-16 00:00:00,367.00328236413384,374.5085864993614,361.01870381746073,361.9507141113281,997300,360973447.18322754
2023-02-17 00:00:00,360.31231440853537,369.48541045343933,360.31231440853537,364.648681640625,522900,190674795.6298828
2023-02-21 00:00:00,360.5478172339045,363.96199509804217,352.885565336345,352.8953857421875,486200,171577736.54785156
2023-02-22 00:00:00,355.12248161766576,358.8996557401423,352.5226186300769,354.4062805175781,378300,134071895.9197998
2023-02-23 00:00:00,355.37752415710213,357.58495977839766,350.4132491106541,356.103515625,354600,126274306.640625
2023-02-24 00:00:00,351.76715679188914,356.0839442152466,350.7566429042089,355.2303771972656,251800,89447008.97827148
2023-02-27 00:00:00,358.87995779628295,358.87995779628295,351.6395942721815,353.1308288574219,278800,98452875.08544922
2023-02-28 00:00:00,353.93534212725785,356.652929949366,352.36560409553584,353.0621643066406,299100,105600893.34411621
2023-03-01 00:00:00,351.44340460654195,354.85758277899356,349.78537264356606,350.7762756347656,277300,97270261.23352051
2023-03-02 00:00:00,348.00961313898677,356.9080393038684,344.9192090074655,356.5940856933594,333600,118959786.98730469
2023-03-03 00:00:00,358.60893779004346,360.2994706944934,353.74376279963025,359.3559265136719,246600,88617171.47827148
2023-03-06 00:00:00,358.69738836355197,360.1520125893721,352.8689632060084,353.8321838378906,256900,90899488.0279541
2023-03-07 00:00:00,354.5692993620226,357.42944616622225,350.63783103922816,350.804931640625,325400,114151924.75585938
2023-03-08 00:00:00,352.1416608358249,362.23569622814904,351.1686319016621,357.1346130371094,425900,152103631.69250488
2023-03-09 00:00:00,358.4615181489856,359.72942534174706,347.3354833087268,348.12176513671875,397600,138413213.81835938
2023-03-10 00:00:00,347.7285700846696,348.1610340211534,334.0765312607891,335.1773376464844,497400,166717207.74536133
2023-03-13 00:00:00,327.64857236505884,333.81116847253276,325.6238684749475,328.07122802734375,331700,108821226.33666992
2023-03-14 00:00:00,337.60503547160374,338.84345770722155,326.02686137975803,331.5997314453125,446100,147926640.1977539
2023-03-15 00:00:00,322.85223967928704,325.47647839585613,312.4928106389961,319.63824462890625,596200,190568321.4477539
2023-03-16 00:00:00,318.07549107094604,327.6682849214442,314.52735473579355,325.5452880859375,392800,127874189.16015625
2023-03-17 00:00:00,322.94072303963304,323.31421742097797,314.5765125349492,315.1072692871094,579200,182510130.37109375
2023-03-20 00:00:00,318.2327791163968,322.75397477948036,316.28669102807817,319.2844543457031,434700,138792952.30407715
2023-03-21 00:00:00,324.09063204022505,329.9878354423941,323.2650271632887,329.41778564453125,577100,190107004.09545898
2023-03-22 00:00:00,328.37602409424693,331.2656568236676,322.5279507145302,322.7343444824219,489000,157817094.4519043
2023-03-23 00:00:00,322.0757662002132,331.13780329442034,322.0757662002132,327.7370910644531,572700,187695032.0526123
2023-03-24 00:00:00,324.06116333137766,331.50147585902397,321.0142687565236,331.0591735839844,352900,116830782.35778809
2023-03-27 00:00:00,333.6441174743807,336.3371942099579,330.3908291868698,333.2509765625,313300,104407530.95703125
2023-03-28 00:00:00,332.3860275803702,340.78956026571944,331.5014530857879,340.17034912109375,443200,150763498.73046875
2023-03-29 00:00:00,343.5710498539128,345.3107139685265,341.4284065951788,345.2222595214844,311800,107640300.51879883
2023-03-30 00:00:00,349.1537147477673,350.71646990785945,342.8044013940223,344.49493408203125,292100,100626970.24536133
2023-03-31 00:00:00,347.14871850329394,349.36997805224223,344.81929796678907,348.9768371582031,305800,106717116.80297852
2023-04-03 00:00:00,352.84938949413515,354.6775084238478,347.2961947949148,349.9007873535156,441100,154341237.30163574
2023-04-04 00:00:00,350.6477181728612,350.6477181728612,340.8976621759338,341.5954895019531,425600,145383040.33203125
2023-04-05 00:00:00,337.65423866762325,339.5610036180605,329.21141220932196,331.2852478027344,505200,167365307.1899414
2023-04-06 00:00:00,328.59219945398127,334.214201550217,326.439717690204,332.7890319824219,287100,95543731.08215332
2023-04-10 00:00:00,330.5087444310854,336.16023086332086,329.35880659757316,334.6466369628906,223700,74860452.68859863
2023-04-11 00:00:00,336.1307837617245,340.4554239474093,335.55089564471905,340.2686767578125,385100,131037467.4194336
2023-04-12 00:00:00,342.863319982381,344.45555971998306,339.86558763637413,340.1309509277344,234600,79794721.08764648
2023-04-13 00:00:00,340.01307173380167,344.40648919052535,337.82126714309095,342.7552795410156,306400,105020217.65136719
2023-04-14 00:00:00,341.4873986856975,346.4410580089336,340.4554000742736,343.2172546386719,181100,62156644.81506348
2023-04-17 00:00:00,342.4014148400309,348.02341598337455,341.5070021587348,347.531982421875,225400,78333708.83789062
2023-04-18 00:00:00,348.80977092945693,350.71650578935544,344.38686832754104,347.3944396972656,208000,72258043.45703125
2023-04-19 00:00:00,346.1069069928689,353.26217976960754,345.5269888878706,350.6870422363281,236700,83007622.89733887
2023-04-20 00:00:00,348.22986140680536,352.6822489355606,346.1461875956939,350.3921813964844,224100,78522887.85095215
2023-04-21 00:00:00,350.59853563697675,350.59853563697675,343.83640478874935,348.5148620605469,278400,97026537.59765625
2023-04-24 00:00:00,349.7435056239475,351.00157460122057,347.05045874948723,350.0187072753906,208200,72873894.85473633
2023-04-25 00:00:00,347.03074993138455,348.6623131398893,345.72354970728594,346.4803466796875,220300,76329620.37353516
2023-04-26 00:00:00,343.4335054098609,344.7308674507964,337.89995770773766,338.617431640625,326200,110457006.20117188
2023-04-27 00:00:00,339.66910094130395,352.02374989493995,339.1186976620641,351.9156188964844,319900,112577806.48498535
2023-04-28 00:00:00,350.1955786575464,357.97990024139267,350.1955786575464,356.9773864746094,342900,122407545.82214355
2023-05-01 00:00:00,355.22782569445883,363.54287261584903,355.0410785536537,361.07586669921875,318200,114894340.7836914
2023-05-02 00:00:00,360.5844672787582,366.3833774769939,355.1393748577977,365.4791564941406,461200,168558986.97509766
2023-05-03 00:00:00,368.1722754580792,371.14052404424547,360.35849805593034,362.2357482910156,546000,197780718.56689453
2023-05-04 00:00:00,393.09774067727216,395.0143136816237,378.03037000935444,382.61053466796875,771300,295107505.3894043
2023-05-05 00:00:00,388.4684936413485,393.4614767283931,384.5370241216677,390.8470458984375,511000,199722840.45410156
2023-05-08 00:00:00,389.9919306441427,395.3583777900148,389.2154570661177,389.56927490234375,463600,180604315.84472656
2023-05-09 00:00:00,388.79280347581835,392.4392325578617,387.93771377144554,391.8593444824219,283100,110935380.42297363
2023-05-10 00:00:00,396.28226378770535,397.9334736308911,388.7436584998265,394.06097412109375,293700,115735708.09936523
2023-05-11 00:00:00,391.52521710863357,395.56478754274485,388.88130152244764,393.7071838378906,264700,104214291.56188965
2023-05-12 00:00:00,394.8669237240223,397.2159908849031,390.87648502759674,395.6728820800781,309200,122342055.13916016
2023-05-15 00:00:00,394.76857620095495,398.0808336251618,392.8126802133641,397.62872314453125,473700,188356726.15356445
2023-05-16 00:00:00,397.56980428698915,399.0146203503181,391.2892681357647,395.5745849609375,367900,145531889.8071289
2023-05-17 00:00:00,398.0612344273225,400.79360417002215,395.06350132644,400.390625,303400,121478515.625
2023-05-18 00:00:00,400.27264427154495,401.7567832568428,395.16172312641856,400.8328857421875,265000,106220714.72167969
2023-05-19 00:00:00,403.1131634073174,403.4473346523042,395.60404368377664,401.4029541015625,246800,99066249.07226562
2023-05-22 00:00:00,402.07132748911715,402.07132748911715,396.4690020765606,399.0342712402344,228600,91219234.40551758
2023-05-23 00:00:00,394.8275987333369,396.39035407783365,388.3898301763163,390.453857421875,387900,151457051.2939453
2023-05-24 00:00:00,388.4880724606757,388.6551430761853,384.2224327042195,388.4585876464844,292700,113701828.60412598
2023-05-25 00:00:00,389.4611721048115,392.67513741467775,386.738640450598,392.3213195800781,294700,115617092.88024902
2023-05-26 00:00:00,392.71446050565436,393.7169743650832,385.88352069418903,392.3213195800781,340300,133506945.05310059
2023-05-30 00:00:00,392.74394221539916,395.59425139667,387.8689287884493,391.4072570800781,292700,114564904.14733887
2023-05-31 00:00:00,389.40862628377073,393.0217197070788,386.2090054917352,391.869873046875,498000,195151196.77734375
2023-06-01 00:00:00,391.2694191388285,398.7516173331655,390.5507541179338,398.1313781738281,327300,130308400.07629395
2023-06-02 00:00:00,402.28586802409296,410.1027903784151,399.8246211882111,408.6457214355469,441300,180335356.86950684
2023-06-05 00:00:00,407.3561159372488,413.8636695593838,406.6275963352712,410.60498046875,440000,180666191.40625
2023-06-06 00:00:00,411.7764504048529,421.9561637166793,409.3742710885361,411.6189270019531,578200,237998063.5925293
2023-06-07 00:00:00,409.5908808840365,417.94926591281444,408.429149489688,416.7777099609375,431400,179797904.07714844
2023-06-08 00:00:00,415.5274788852578,419.57375514690705,413.5978393119063,418.80584716796875,316400,132510170.04394531
2023-06-09 00:00:00,419.6327853404319,421.4147258771573,415.93109004944677,420.6369934082031,365800,153869012.1887207
2023-06-12 00:00:00,420.0167370146562,420.0364161750587,415.76369489518277,416.60052490234375,378800,157808278.8330078
2023-06-13 00:00:00,417.1026579254457,422.1826457584176,416.0393822993657,420.68621826171875,318200,133862354.6508789
2023-06-14 00:00:00,421.956202272029,421.956202272029,414.94657544734287,419.2094421386719,302100,126643172.47009277
2023-06-15 00:00:00,418.5498422793517,423.6002959828017,418.5498422793517,422.79302978515625,263400,111363684.04541016
2023-06-16 00:00:00,423.176965160825,424.6733925369732,418.1068022949249,419.9281311035156,614900,258213807.81555176
2023-06-20 00:00:00,416.9647751257395,424.0334692916554,416.6891166638088,423.5018615722656,426800,180750594.51904297
2023-06-21 00:00:00,423.6299068104213,431.24994948501745,422.8915325619407,425.2149658203125,346700,147422028.64990234
2023-06-22 00:00:00,427.06576897600365,433.68160251828795,422.71427079435716,432.4115905761719,502900,217459788.90075684
2023-06-23 00:00:00,429.70422161694904,436.3889773353443,428.81817864568586,435.5226135253906,541200,235704838.4399414
2023-06-26 00:00:00,435.08937598129904,438.781246259881,435.08937598129904,435.9163513183594,287400,125282359.36889648
2023-06-27 00:00:00,437.11752997232026,446.42105698616206,435.97550759497767,445.0821228027344,418800,186400393.02978516
2023-06-28 00:00:00,445.4266552934474,448.62627650707157,443.93022788033346,446.7458801269531,273000,121961625.2746582
2023-06-29 00:00:00,446.0666085494431,451.9046798884452,444.09761072492796,450.7331237792969,275600,124222048.91357422
2023-06-30 00:00:00,452.68240156511825,455.5276175859951,450.18176614132096,454.53326416015625,382100,173677160.2355957
2023-07-03 00:00:00,450.9299811841544,452.32798269051005,446.29300027924364,449.1480407714844,206300,92659240.81115723
2023-07-05 00:00:00,444.28467014447415,444.3043493067897,436.6941919054611,442.4338073730469,633800,280414547.1130371
2023-07-06 00:00:00,434.6759046265243,437.8558466050794,431.7421173954706,433.9375305175781,560500,243221985.85510254
2023-07-07 00:00:00,430.98410227004734,436.52683626527136,430.98410227004734,433.346923828125,610600,264601631.68945312
2023-07-10 00:00:00,432.73647659848984,438.3776660739908,431.2203699346314,437.0584411621094,368600,161099741.41235352
2023-07-11 00:00:00,439.6574880072728,444.609516074987,437.61959819938807,442.4534912109375,322200,142558514.86816406
2023-07-12 00:00:00,441.8333051724136,443.8318368978874,437.9248430242278,438.3284912109375,400100,175375229.3334961
2023-07-13 00:00:00,441.2819170702859,447.3070450438246,437.79678283371203,447.0904541015625,387600,173292260.00976562
2023-07-14 00:00:00,448.89208100918773,450.85125412379574,444.7079609547048,450.46728515625,398600,179556259.86328125
2023-07-17 00:00:00,451.2351761427418,452.9088361196447,448.76407454183146,451.0185852050781,244300,110183840.36560059
2023-07-18 00:00:00,449.47287682683896,455.4487912443721,449.47287682683896,454.82855224609375,283400,128898411.70654297
2023-07-19 00:00:00,453.87366740726947,454.868020900319,446.19458808383115,447.2184753417969,342200,153038162.2619629
2023-07-20 00:00:00,449.37450755539436,451.2942622667659,444.5602938062148,450.9693908691406,337000,151976684.7229004
2023-07-21 00:00:00,449.57131546636975,453.0465945992168,447.9764324145413,450.7921142578125,222400,100256166.2109375
2023-07-24 00:00:00,450.0045558482579,453.23371073172905,448.527807638539,451.4025573730469,268400,121156446.39892578
2023-07-25 00:00:00,450.6248563002262,453.80479869444207,449.1579624929568,451.156494140625,366900,165529317.7001953
2023-07-26 00:00:00,450.8118230977912,453.4502725188464,449.4335308662338,451.2843933105469,525700,237240205.5633545
2023-07-27 00:00:00,452.85962966486284,456.2266290500962,433.3074963524061,438.02325439453125,706700,309551033.88061523
2023-07-28 00:00:00,444.6489203909797,448.54752760686193,436.90091888620884,441.7742004394531,685800,302968746.66137695
2023-07-31 00:00:00,443.98935273041167,445.5940608011858,437.4621198047629,439.5393981933594,458100,201352998.31237793
2023-08-01 00:00:00,440.20885446053023,446.4603984667979,439.4212373104298,446.253662109375,439900,196306985.96191406
2023-08-02 00:00:00,444.93441421203664,451.22534626215264,442.2368969679498,443.5561218261719,489800,217253788.47045898
2023-08-03 00:00:00,438.98798319648273,447.6515901557057,424.5256942680792,446.45050048828125,650100,290237470.36743164
2023-08-04 00:00:00,446.4701744151367,455.7047773171083,445.8991783708635,448.78375244140625,614500,275777615.87524414
2023-08-07 00:00:00,452.35754116063094,455.8525000506388,447.05107795246425,455.0747375488281,512700,233316817.94128418
2023-08-08 00:00:00,451.1367023288255,452.8202168410779,447.2577748094826,450.2014465332031,351500,158245808.4564209
2023-08-09 00:00:00,450.1030313870149,452.5150655859939,443.9302344169441,444.5406188964844,369800,164391120.86791992
2023-08-10 00:00:00,443.7628386596798,451.92434220800493,442.23687752180814,451.65850830078125,477000,215441108.45947266
2023-08-11 00:00:00,451.1071777588318,455.15348336946323,447.33656064945274,448.380126953125,295800,132630841.55273438
2023-08-14 00:00:00,447.19875459029873,452.5052178912534,445.06240887929386,452.131103515625,280600,126867987.64648438
2023-08-15 00:00:00,451.0186375405363,452.6725885048794,446.24381180015064,449.2465515136719,195200,87692926.85546875
2023-08-16 00:00:00,450.06360604854444,451.8849347793255,444.37320436791885,445.01312255859375,372200,165633884.2163086
2023-08-17 00:00:00,446.71639919759275,449.19732573909135,425.29369240088874,425.3822937011719,465200,197887843.02978516
2023-08-18 00:00:00,421.82819987837803,428.3258979340191,419.70167887592174,424.4863586425781,588400,249767773.42529297
2023-08-21 00:00:00,425.44135260891863,427.0263813552303,417.6834967699124,425.844970703125,294900,125581681.86035156
2023-08-22 00:00:00,426.2879753665963,432.3032485422017,426.2879753665963,429.5565185546875,316500,135954638.1225586
2023-08-23 00:00:00,429.4187074848416,436.92058402482246,427.66630070790256,435.3946228027344,268000,116685758.91113281
2023-08-24 00:00:00,433.2483904773183,438.08228314994346,430.2948941021964,430.6788330078125,204100,87901549.81689453
2023-08-25 00:00:00,431.12187717766625,435.4536659295996,425.2936310071331,430.4622497558594,327800,141105525.4699707
2023-08-28 00:00:00,431.9882622139925,437.15688121729255,430.58040601354355,432.2835998535156,213200,92162863.48876953
2023-08-29 00:00:00,431.40735790999605,439.4802295143126,427.8631564533248,438.87969970703125,241400,105945559.50927734
2023-08-30 00:00:00,438.6040992379349,444.5603053571454,437.66881329778465,439.11602783203125,283500,124489393.89038086
2023-08-31 00:00:00,439.8457229288303,443.0309493065129,438.9187537686242,440.220458984375,308500,135808011.5966797
2023-09-01 00:00:00,442.6463598328049,454.95333399874204,441.22632319464105,451.0482482910156,387100,174600776.91345215
2023-09-05 00:00:00,448.41523705377966,450.34805291979137,431.70023942562096,435.5560302734375,407000,177271304.32128906
2023-09-06 00:00:00,435.30949404249805,437.4494198811718,425.57634801265755,432.5779113769531,412000,178222099.4873047
2023-09-07 00:00:00,429.7083276191164,432.5779840895938,425.2805910852336,431.6411437988281,349600,150901743.8720703
2023-09-08 00:00:00,430.56621910320473,436.4238628695505,429.8660717443406,432.0158386230469,266800,115261825.7446289
2023-09-11 00:00:00,435.58564984327063,435.6941403342709,428.4756254515221,432.9822692871094,228900,99109641.43981934
2023-09-12 00:00:00,430.0435789428484,433.19922276345613,426.60197765992575,431.29595947265625,233000,100491958.5571289
2023-09-13 00:00:00,429.7279973013472,430.70429132284823,422.9236724664979,428.0220031738281,326400,139706381.8359375
2023-09-14 00:00:00,431.07904619216157,432.065181141484,423.10118796902645,429.7575988769531,340200,146203535.13793945
2023-09-15 00:00:00,427.36127661017605,427.36127661017605,415.21208742484464,419.23553466796875,998400,418564757.8125
2023-09-18 00:00:00,419.74828687114393,424.52117586544347,415.64596234257186,422.10516357421875,390800,164958697.9248047
2023-09-19 00:00:00,421.01058415474654,421.01058415474654,411.9874554417055,416.86883544921875,439900,183380600.71411133
2023-09-20 00:00:00,419.2355260388252,420.1822070964781,412.8749440297596,415.07403564453125,388600,161297770.25146484
2023-09-21 00:00:00,413.0426105466247,413.0426105466247,399.1282314024979,400.9230041503906,557500,223514574.81384277
2023-09-22 00:00:00,399.7988023730396,402.5106731986318,398.39847765063166,400.7454833984375,623700,249944957.99560547
2023-09-25 00:00:00,400.14396714521723,405.21271522491077,397.570169375442,404.4731140136719,440700,178251301.3458252
2023-09-26 00:00:00,402.5994772668754,408.3880847944544,400.8934529144988,401.61334228515625,635100,255064633.68530273
2023-09-27 00:00:00,404.3153164366428,406.3467519604514,399.61146371112557,404.2660217285156,408000,164940536.86523438
2023-09-28 00:00:00,403.75322081525087,414.6598708320394,403.75322081525087,408.77264404296875,221400,90502263.39111328
2023-09-29 00:00:00,412.184646467971,412.69742574481205,402.4712123879433,404.78863525390625,392000,158677145.01953125
2023-10-02 00:00:00,403.68414772192625,409.91652719614996,397.97444860883485,400.0749206542969,474000,189635512.39013672
2023-10-03 00:00:00,396.84044958367264,404.42379984884474,396.41638867295757,398.7436828613281,437600,174490235.6201172
2023-10-04 00:00:00,403.61514968024056,415.84321605878813,399.7100339240242,413.11163330078125,607900,251130561.88354492
2023-10-05 00:00:00,411.69160444631837,418.5452238707396,411.69160444631837,414.4231872558594,438400,181683125.29296875
2023-10-06 00:00:00,413.60472150353417,430.59580691943444,412.1353600080979,426.7005920410156,627400,267711951.4465332
2023-10-09 00:00:00,422.5686693935407,423.9985469207712,418.61425887267075,420.55694580078125,358100,150601442.29125977
2023-10-10 00:00:00,421.52340213141053,427.2824267061726,419.3834760193336,421.8291015625,334300,141017468.65234375
2023-10-11 00:00:00,421.8783711381088,431.3945669488061,421.80933447211754,430.63525390625,258600,111362276.66015625
2023-10-12 00:00:00,430.7930219021715,431.82845147290203,418.70299882401633,424.3634033203125,322200,136729888.5498047
2023-10-13 00:00:00,426.77950991635214,429.6886202438054,418.3973623020421,420.2808837890625,236800,99522513.28125
2023-10-16 00:00:00,425.31996358548696,428.6826871524789,422.87436833272807,425.67498779296875,256700,109270769.36645508
2023-10-17 00:00:00,424.2155415508926,432.1342042939547,423.5449769822968,431.0198669433594,260000,112065165.40527344
2023-10-18 00:00:00,426.38498493828376,426.38498493828376,408.20065616625396,408.5655212402344,313600,128126147.4609375
2023-10-19 00:00:00,409.9658750966115,415.40932894095783,404.16739703717246,405.02532958984375,317800,128717049.74365234
2023-10-20 00:00:00,403.8912895567774,406.3073020729488,399.6903451345929,404.06878662109375,343400,138757221.3256836
2023-10-23 00:00:00,401.95848204377336,411.8395742288836,400.4694386241451,406.9779357910156,400300,162913267.69714355
2023-10-24 00:00:00,414.91631374168196,415.2910498680763,407.9246199925207,410.6463623046875,276500,113543719.1772461
2023-10-25 00:00:00,407.72734041972944,411.8592481909614,404.1575367822144,404.6506042480469,306800,124146805.38330078
2023-10-26 00:00:00,404.2265718663629,404.2265718663629,386.3578117897154,392.3436279296875,680500,266989838.80615234
2023-10-27 00:00:00,393.09311757373746,395.42041175588514,384.49401941739615,393.4974365234375,410400,161491347.94921875
2023-10-30 00:00:00,394.28629577230765,401.62314168601154,393.06349815150645,399.4832458496094,369600,147649007.66601562
2023-10-31 00:00:00,399.3156088430078,407.027191196275,399.3156088430078,403.27001953125,387800,156388113.57421875
2023-11-01 00:00:00,411.2182768718431,434.4319021749396,409.3742093182493,433.0809020996094,822800,356338966.2475586
2023-11-02 00:00:00,435.0432487113768,443.0506587802356,432.44970927251626,434.6290588378906,525600,228441033.3251953
2023-11-03 00:00:00,442.76471087154107,443.3563978461339,434.9841219531614,436.73944091796875,282200,123247870.22705078
2023-11-06 00:00:00,437.80439127534356,437.80439127534356,432.8047107808547,435.595458984375,248900,108419709.74121094
2023-11-07 00:00:00,436.8873623610421,439.5400677638566,433.27810486024856,438.15948486328125,241700,105903147.49145508
2023-11-08 00:00:00,441.40383626584963,446.67966409681884,437.98197699055555,445.59490966796875,475400,211835820.05615234
2023-11-09 00:00:00,448.20819106127334,451.0581053242314,444.4016946299461,444.796142578125,392900,174760404.4189453
2023-11-10 00:00:00,448.2279401133398,448.2279401133398,442.50836915409224,447.57708740234375,350100,156696738.29956055
2023-11-13 00:00:00,445.4075717204145,448.4349830473402,445.1906208346445,445.59490966796875,178000,79315893.92089844
2023-11-14 00:00:00,450.2790808026686,462.0042402130713,450.2790808026686,458.1188659667969,331000,151637344.63500977
2023-11-15 00:00:00,458.5527708951617,460.51516989737024,446.6698562893151,448.5730895996094,433200,194321862.41455078
2023-11-16 00:00:00,449.57889737968605,454.026375433528,448.59276247422747,453.6319274902344,305500,138584553.8482666
2023-11-17 00:00:00,455.5252400439537,459.2429874930751,451.5905718299276,455.6534423828125,282800,128858793.50585938
2023-11-20 00:00:00,453.3558171115685,453.3558171115685,445.1117135402386,448.8984680175781,353200,158550938.9038086
2023-11-21 00:00:00,462.13238690738086,465.5444051161045,451.787841796875,451.787841796875,493300,222866942.35839844
2023-11-22 00:00:00,454.60820888583805,459.32193271128847,454.25321475156693,456.38323974609375,389900,177943825.17700195
2023-11-24 00:00:00,455.4266736572064,457.1918635780306,454.79556296196125,455.5943298339844,107300,48885271.59118652
2023-11-27 00:00:00,453.6220502579857,460.6236140091182,451.8667313542436,459.16412353515625,336700,154600560.3942871
2023-11-28 00:00:00,459.3712237446852,460.41655446316884,452.08370222073535,453.6220703125,270200,122568683.3984375
2023-11-29 00:00:00,457.10310485946115,460.52499413529364,456.01835046038127,456.314208984375,254300,116040703.34472656
2023-11-30 00:00:00,456.27474299441417,459.6625966263206,451.38554397309196,458.8822937011719,455400,208974996.55151367
2023-12-01 00:00:00,459.8106899346627,464.75914879435385,459.18842503103065,461.60833740234375,413700,190967369.1833496
2023-12-04 00:00:00,459.6329688643762,462.9516752621923,456.0870772701901,458.5267333984375,451700,207116525.47607422
2023-12-05 00:00:00,455.31663655812736,457.7266623257037,451.2175973095446,453.6078796386719,334400,151686474.95117188
2023-12-06 00:00:00,457.22289274920115,461.8552758610291,453.7658922265028,454.82275390625,238100,108293297.70507812
2023-12-07 00:00:00,455.840143095213,460.04778650255423,452.946116609392,459.6131896972656,222000,102034128.11279297
2023-12-08 00:00:00,457.8451857057233,463.89988038625006,457.8451857057233,463.6233215332031,254600,118038497.66235352
2023-12-11 00:00:00,464.6505566730734,468.79896991290644,462.724531352381,465.9740905761719,321300,149717475.30212402
2023-12-12 00:00:00,472.3744567473047,476.3746883908736,469.0853807451096,474.7548522949219,319800,151826601.76391602
2023-12-13 00:00:00,475.00179245607177,483.78255884668147,472.65102708046845,481.8170166015625,322100,155193261.04736328
2023-12-14 00:00:00,486.2617461446582,489.18537276336866,478.9329210869736,486.9926452636719,434200,211452206.57348633
2023-12-15 00:00:00,485.53084745552565,493.175748409206,481.0762451996717,483.9208679199219,912500,441577791.9769287
2023-12-18 00:00:00,483.78254784984034,486.31109454696553,478.1229630817954,484.3653259277344,317600,153834427.51464844
2023-12-19 00:00:00,487.83219316465573,490.71633281261137,485.61972229564094,486.79510498046875,214800,104563588.54980469
2023-12-20 00:00:00,483.8319178252112,487.83214919527404,481.57004334869737,482.0243835449219,254800,122819812.9272461
2023-12-21 00:00:00,485.7777617830126,488.2174178497157,484.4542279451774,486.4296569824219,190300,92567563.72375488
2023-12-22 00:00:00,488.3556525124153,490.4397456941601,485.75795866357356,490.2817077636719,179800,88152651.0559082
2023-12-26 00:00:00,490.67682055340845,493.7387416096243,490.36074467115213,492.2373962402344,110600,54441456.02416992
2023-12-27 00:00:00,491.29906251796274,493.7486052767468,490.4891294111083,493.4819030761719,183100,90356536.45324707
2023-12-28 00:00:00,483.18994853267355,494.39062741684984,481.3330404380292,492.1188659667969,233500,114909755.20324707
2023-12-29 00:00:00,492.50408079704164,494.75606862773765,491.1015129589707,492.7806396484375,191300,94268936.3647461
2024-01-02 00:00:00,488.0494399185942,489.6297890046536,481.0169181354141,484.9974060058594,343100,166402610.00061035
2024-01-03 00:00:00,480.9181639602044,481.08608868096746,473.7770077143931,476.078369140625,460200,219091265.47851562
2024-01-04 00:00:00,477.8760918253192,483.3875261091956,476.0883307852212,480.09844970703125,333000,159872783.7524414
2024-01-05 00:00:00,478.6266999990002,484.9875840675298,478.6266999990002,480.8194274902344,254800,122512790.12451172
2024-01-08 00:00:00,482.0638764313976,490.5878563278058,479.347661894624,490.5384826660156,237600,116551943.48144531
2024-01-09 00:00:00,486.6567951137973,491.6151411162236,482.30097062096695,491.2101745605469,219900,108017117.38586426
2024-01-10 00:00:00,491.170649530338,494.7856881009915,489.50140966770323,493.7979736328125,241300,119153451.03759766
2024-01-11 00:00:00,493.2349777283463,493.2349777283463,486.37038014072914,491.22003173828125,256100,125801450.12817383
2024-01-12 00:00:00,491.1903794231264,493.98562817087617,487.96056405260276,489.787841796875,230600,112945076.31835938
2024-01-16 00:00:00,490.0446530432272,492.7114639255719,486.13328218754447,489.7384338378906,279000,136637023.04077148
2024-01-17 00:00:00,486.2024898221619,490.390389890775,483.8813545887915,487.04205322265625,254500,123952202.54516602
2024-01-18 00:00:00,487.229674565504,497.1364493966918,487.229674565504,496.82037353515625,296700,147406604.82788086
2024-01-19 00:00:00,499.8921322276889,499.8921322276889,492.13859812014954,499.2698974609375,287600,143590022.50976562
2024-01-22 00:00:00,501.38363907109175,504.5344507966005,497.45255457865943,501.7984924316406,216100,108438654.21447754
2024-01-23 00:00:00,500.4551903090345,500.4551903090345,490.9632681540172,494.1831970214844,223800,110598199.4934082
2024-01-24 00:00:00,497.5908391270481,497.5908391270481,488.5236267133149,488.6026306152344,201500,98453430.06896973
2024-01-25 00:00:00,494.95359948809755,499.08226901370176,492.24727139903604,498.6180419921875,196100,97778998.03466797
2024-01-26 00:00:00,498.0945152467435,499.25012424277094,494.153514198551,495.43756103515625,173600,86007960.59570312
2024-01-29 00:00:00,495.60544679276506,507.0728267239705,494.2424262319122,506.8357849121094,287500,145715288.16223145
2024-01-30 00:00:00,504.2973281146283,513.8189090152978,504.2973281146283,511.1421813964844,242700,124054207.42492676
2024-01-31 00:00:00,508.7025749295489,509.87789718833267,501.0082411927266,502.17376708984375,308600,154970824.52392578
2024-02-01 00:00:00,505.56165819504133,509.30510448144537,491.00272639016475,509.17669677734375,416200,211919341.19873047
2024-02-02 00:00:00,502.9836869148356,515.7943744260828,501.591005950788,513.5225830078125,426900,219222790.68603516
2024-02-05 00:00:00,508.39633415844276,508.39633415844276,498.2229178955299,502.28240966796875,437600,219798782.47070312
2024-02-06 00:00:00,501.74907755131017,509.20630994460583,498.2920768127339,508.1889953613281,411000,208865677.09350586
2024-02-07 00:00:00,513.4139417522834,521.1773625992039,512.0904381936532,518.0364379882812,399300,206851949.6887207
2024-02-08 00:00:00,518.273552670233,519.9823398454095,512.2880048747933,518.955078125,374000,194089199.21875
2024-02-09 00:00:00,517.2068177264916,520.6737051496895,515.6856988654265,520.663818359375,320100,166664488.25683594
2024-02-12 00:00:00,527.4296769939112,535.1536119225275,521.5132765514115,525.7604370117188,595300,312985188.1530762
2024-02-13 00:00:00,516.4562140007531,523.1035139562537,513.3152888122825,520.7725219726562,644100,335429581.4025879
2024-02-14 00:00:00,529.118642521258,538.3537485076401,524.9702297773392,532.8324584960938,483800,257784343.42041016
2024-02-15 00:00:00,533.3658077791449,536.3586115264083,523.9430335444237,529.0593872070312,430500,227760066.19262695
2024-02-16 00:00:00,528.4272014407766,544.0231900385347,528.4272014407766,533.2373657226562,648600,345857755.40771484
2024-02-20 00:00:00,528.5655780230439,532.2991076685082,521.6910630618576,526.5901489257812,339700,178882673.5900879
2024-02-21 00:00:00,526.6690653174749,530.5903229967852,524.2985868301481,529.7112426757812,334300,177082468.42651367
2024-02-22 00:00:00,536.0128811074754,542.9268823944069,533.9189312548293,541.425537109375,286000,154847703.61328125
2024-02-23 00:00:00,543.2330514452395,544.0726448846041,538.3438529440616,541.9391479492188,344600,186752230.38330078
2024-02-26 00:00:00,542.2947081650706,550.3544916620571,542.2947081650706,546.5122680664062,258500,141273421.29516602
2024-02-27 00:00:00,547.0555853366332,552.3300077437285,544.98140882318,552.2114868164062,358600,198023039.17236328
2024-02-28 00:00:00,551.9645585954406,560.7947293996328,551.9645585954406,559.1452026367188,494000,276217730.10253906
2024-02-29 00:00:00,562.9971883322921,573.6546046332777,560.0735321077179,570.6124877929688,854100,487360125.8239746
2024-03-01 00:00:00,571.1762323176434,583.518759859575,570.810314069468,583.4495239257812,654300,381751023.5046387
2024-03-04 00:00:00,596.474472701352,598.3337626108728,587.6131773956074,595.2679443359375,1051200,625745663.0859375
2024-03-05 00:00:00,591.7074858465697,604.0005158738791,590.6690675784381,596.2568359375,1040800,620584114.84375
2024-03-06 00:00:00,598.6105160272864,605.3652135564442,598.0269906120626,600.6576538085938,722700,434095286.4074707
2024-03-07 00:00:00,604.7818846592609,610.2806184615732,602.833560042792,605.1675415039062,554800,335746952.0263672
2024-03-08 00:00:00,603.1697916885039,605.2565276481037,587.8504817169992,590.2734375,797900,470979175.78125
2024-03-11 00:00:00,589.8285177290926,591.2031559683169,583.8946294636596,589.1461181640625,452100,266352960.02197266
2024-03-12 00:00:00,590.4513955368542,596.879772473789,589.1953702654474,596.5137939453125,312600,186470211.9873047
2024-03-13 00:00:00,596.3359514150915,602.2402014266071,594.2393157950821,598.2545776367188,295100,176544925.8605957
2024-03-14 00:00:00,596.118371568314,601.4885327254439,593.3986730228676,599.856689453125,411900,247080970.3857422
2024-03-15 00:00:00,592.8053068526613,601.8248726392319,589.5416803468187,589.699951171875,620200,365731909.7167969
2024-03-18 00:00:00,590.7383364086976,595.9502873438051,589.868028007623,590.1845092773438,437100,257969649.00512695
2024-03-19 00:00:00,587.8406115607647,597.5919527276766,587.1681115178013,595.6337890625,352000,209663093.75
2024-03-20 00:00:00,595.1095589685111,599.7379839069555,591.836033493639,596.9886474609375,388000,231631595.21484375
2024-03-21 00:00:00,599.6291951984972,606.7993089731245,597.7996041045035,606.196044921875,347800,210834984.42382812
2024-03-22 00:00:00,601.3204662564127,601.4588777713122,596.4546345006125,600.4303588867188,362400,217595962.06054688
2024-03-25 00:00:00,600.9939614780302,601.4291156014457,595.4556911460326,598.1456909179688,325500,194696422.39379883
2024-03-26 00:00:00,598.7787147737786,603.8323945155096,597.3446798770453,603.37744140625,327600,197666449.8046875
2024-03-27 00:00:00,607.4620452256481,608.2235802437855,595.7129409929036,605.1181640625,525000,317687036.1328125
2024-03-28 00:00:00,605.0785354088727,608.3322620972475,602.6456197237541,607.1751708984375,309900,188163585.46142578
2024-04-01 00:00:00,607.2345287204641,609.7069820132999,597.7106338074504,597.7600708007812,302500,180822421.41723633
2024-04-02 00:00:00,596.2667339312897,596.5337782184431,586.8813103454466,595.4459228515625,396600,236153853.0029297
2024-04-03 00:00:00,595.831603196876,606.0873959881441,595.831603196876,603.6544799804688,347800,209951028.13720703
2024-04-04 00:00:00,609.1135820845963,613.9398154616579,597.3149825355152,597.4337158203125,430600,257254958.03222656
2024-04-05 00:00:00,601.1225801817664,615.4232705390215,597.8589541859549,612.5848388671875,397300,243379956.4819336
2024-04-08 00:00:00,613.9101451977325,619.7648976229312,611.4475914058258,614.6815795898438,438500,269537872.6501465
2024-04-09 00:00:00,615.0177506589365,615.0177506589365,596.7116984935086,603.901611328125,457500,276284987.1826172
2024-04-10 00:00:00,588.3350222398171,604.2872933282234,581.1945468095408,599.8665161132812,386000,231548475.21972656
2024-04-11 00:00:00,598.5909156773762,604.5050053690246,597.2557545165861,600.390869140625,283600,170270850.48828125
2024-04-12 00:00:00,595.1787205709682,600.0939880859438,593.5468775911962,595.4754028320312,239100,142378168.81713867
2024-04-15 00:00:00,607.4125916254125,612.6640804675321,591.2526692828656,592.63720703125,442800,262419755.2734375
2024-04-16 00:00:00,595.0501936052601,595.2678008550563,585.4471645448374,588.68115234375,344100,202565184.52148438
2024-04-17 00:00:00,590.0855602162003,593.438221334763,583.9341254592507,586.3867797851562,494700,290085539.9597168
2024-04-18 00:00:00,590.3723869048719,590.3723869048719,575.4288942577759,580.6605834960938,541600,314485772.0214844
2024-04-19 00:00:00,583.3011363918401,587.8504864156823,566.261008559625,569.54443359375,1077000,613399354.9804688
2024-04-22 00:00:00,571.4037156521445,582.4407198333876,568.5554448255092,577.8815307617188,336800,194630499.56054688
2024-04-23 00:00:00,579.1474525366413,590.6493104288486,578.4650529928491,587.8406372070312,300000,176352191.16210938
2024-04-24 00:00:00,586.1988966648618,592.0537097219055,578.6925620163721,585.2989501953125,331800,194202191.6748047
2024-04-25 00:00:00,578.0297086730158,593.7940685705291,572.0760839700483,590.4909057617188,408300,241097436.82250977
2024-04-26 00:00:00,592.192095325521,599.7182889504077,592.192095325521,598.3237915039062,386200,231072648.2788086
2024-04-29 00:00:00,599.2633209853199,601.2907205427746,592.201980138261,595.9996948242188,517000,308131842.2241211
2024-04-30 00:00:00,593.5866489842044,599.7380843246862,575.8245212907541,580.601318359375,821900,477196223.5595703
2024-05-01 00:00:00,580.2649896306718,596.731552727137,570.0488560726599,584.3494873046875,649200,379359687.1582031
2024-05-02 00:00:00,585.3681994629859,589.1461155520782,574.1432246597282,583.45947265625,593600,346341542.96875
2024-05-03 00:00:00,588.9481330152647,592.0633872018458,581.7582212426661,584.5175170898438,492000,287582618.4082031
2024-05-06 00:00:00,590.441654065917,595.9799253793074,587.4846095416623,593.1810913085938,361300,214316328.28979492
2024-05-07 00:00:00,593.9723298225701,597.7996827811149,589.0175236488768,592.2119140625,339100,200819060.05859375
2024-05-08 00:00:00,591.0745768807278,593.3492823135447,587.9197239074191,590.0658569335938,284600,167932742.88330078
2024-05-09 00:00:00,591.5394459566473,597.344761909773,589.0669924719215,596.5535888671875,269200,160592226.12304688
2024-05-10 00:00:00,599.9061423206789,606.8092118917175,599.1841449864781,603.7037963867188,339400,204897068.49365234
2024-05-13 00:00:00,606.0180595067953,606.502650660978,598.640237655776,601.3500366210938,321800,193514441.78466797
2024-05-14 00:00:00,600.7764340329733,602.0621579974446,596.2370437242329,599.4512329101562,346300,207589961.9567871
2024-05-15 00:00:00,603.3180911645717,609.1827426474814,601.4687010832251,605.9290161132812,333800,202259105.57861328
2024-05-16 00:00:00,604.6434380604701,604.6434380604701,574.1036883621679,575.2805786132812,722200,415467633.8745117
2024-05-17 00:00:00,577.0507294295217,579.9385979854491,572.1651599025141,574.350830078125,407100,233818222.9248047
2024-05-20 00:00:00,574.3509058189085,577.6145321264124,569.3466627173677,576.6749877929688,392900,226575602.70385742
2024-05-21 00:00:00,571.6113994502718,575.5475861190089,562.1864389345465,574.9047241210938,400100,230019380.1208496
2024-05-22 00:00:00,572.6696122075097,572.6696122075097,562.0578621279464,566.9335327148438,359500,203812605.01098633
2024-05-23 00:00:00,570.8697152247815,571.7103856338624,560.8810272120085,567.1412963867188,473400,268484689.70947266
2024-05-24 00:00:00,567.3884815697044,573.4805797989947,563.6995402857151,572.7783813476562,283400,162325393.27392578
2024-05-28 00:00:00,573.3124771481674,573.7179329254765,560.3469466685921,564.0358276367188,319500,180209446.92993164
2024-05-29 00:00:00,560.5150905505491,562.2359084751961,556.1635483803583,557.6074829101562,327600,182672211.4013672
2024-05-30 00:00:00,557.231698594107,562.5128859828573,554.4131256674024,560.8810424804688,284800,159738920.8984375
2024-05-31 00:00:00,559.7436061900562,566.1225475260085,538.8761253028115,565.7764282226562,821300,464672180.4992676
2024-06-03 00:00:00,565.7764161997889,565.7764161997889,544.9709982861497,557.923583984375,449900,251009820.4345703
2024-06-04 00:00:00,557.3295045153706,557.9335499929255,544.7234851875065,550.3877563476562,394800,217293086.2060547
2024-06-05 00:00:00,553.5664830621151,553.9229629489456,547.2981064017097,553.437744140625,382500,211689937.13378906
2024-06-06 00:00:00,553.3584733791221,553.3584733791221,543.5350898447173,545.9117431640625,452200,246861290.25878906
2024-06-07 00:00:00,544.6540653723246,550.2292458109434,542.6834534707967,545.5056762695312,430500,234840193.6340332
2024-06-10 00:00:00,542.2081190803075,550.1401286195589,542.2081190803075,546.96142578125,323600,176996717.3828125
2024-06-11 00:00:00,544.6936444614333,546.0997996901779,538.6926586803734,540.61376953125,332400,179700016.9921875
2024-06-12 00:00:00,551.6057808814046,560.181424917743,546.9614487575277,551.3582153320312,436900,240888404.27856445
2024-06-13 00:00:00,547.7041555116461,564.1721605542806,547.7041555116461,562.2708740234375,421400,236940946.31347656
2024-06-14 00:00:00,556.4383016704276,561.4094381083328,551.7642922961439,561.3302001953125,372400,209039366.55273438
2024-06-17 00:00:00,559.3496018171854,569.9553321611485,557.4879039716209,568.3115234375,310500,176460728.02734375
2024-06-18 00:00:00,563.6077884422082,566.9449674171444,551.7741423683175,553.1802978515625,679600,375941330.4199219
2024-06-20 00:00:00,550.8233987853162,550.8233987853162,528.0374574511729,535.2168579101562,542100,290141058.6730957
2024-06-21 00:00:00,533.3453896091638,539.47511555873,528.0672747172052,538.8314208984375,723700,389952299.3041992
2024-06-24 00:00:00,537.9004953523533,544.3471115675626,534.7019679746215,535.900146484375,390400,209215417.1875
2024-06-25 00:00:00,531.0082498600492,533.8007963575743,522.1058028606454,529.7803344726562,647300,342926810.5041504
2024-06-26 00:00:00,526.0866812525493,531.7113630306089,523.908092427046,530.463623046875,482400,255895651.7578125
2024-06-27 00:00:00,531.7708012943821,539.1482667710785,530.4636479377448,533.0482177734375,457500,243869559.63134766
2024-06-28 00:00:00,534.9198279228877,542.257704671463,532.3055212091926,536.5240478515625,616200,330606118.2861328
2024-07-01 00:00:00,539.3067100095749,539.3067100095749,520.9769460730943,526.8690185546875,483500,254741170.4711914
2024-07-02 00:00:00,523.3040705841311,529.6318605346961,520.5709372473158,529.6219482421875,451200,238965423.046875
2024-07-03 00:00:00,531.3053499926197,533.8601826762584,523.1752764469774,528.1265869140625,186600,98548421.11816406
2024-07-05 00:00:00,527.5226411385207,532.1669736511232,521.9672238105858,531.5133666992188,430100,228603899.01733398
2024-07-08 00:00:00,533.7117486812332,536.8706875855862,524.3042575765795,524.8191528320312,819800,430246741.4916992
2024-07-09 00:00:00,525.7994469178444,529.1762745815187,521.3829165609443,525.5023803710938,853200,448358630.9326172
2024-07-10 00:00:00,528.4238111406912,541.0298320105916,524.3538472280231,539.8118286132812,512800,276815505.7128906
2024-07-11 00:00:00,536.0883088027283,551.4671091697558,536.0883088027283,550.3381958007812,777900,428108082.51342773
2024-07-12 00:00:00,551.9819898566559,559.250540518616,548.2685068518841,549.1201782226562,419500,230355914.7644043
2024-07-15 00:00:00,552.5465117353061,556.7749508901513,548.0507428723151,551.1502685546875,368500,203098873.96240234
2024-07-16 00:00:00,553.7347712238249,573.4112749338098,553.1802268480327,571.8367919921875,492200,281458069.0185547
2024-07-17 00:00:00,567.2715976382202,567.7766409600101,557.8938449293123,558.8543701171875,402500,224938883.97216797
2024-07-18 00:00:00,557.5870327493539,567.024201584716,553.5467454083471,558.5673828125,348900,194884159.86328125
2024-07-19 00:00:00,560.528051191788,561.0727438100793,550.1006205897618,553.6358642578125,894300,495116553.4057617
2024-07-22 00:00:00,556.5372429784766,564.360277732539,555.1706763703523,562.21142578125,506600,284816308.30078125
2024-07-23 00:00:00,561.1221626857614,565.6773444278846,558.9930748736441,559.5674438476562,433200,242404616.6748047
2024-07-24 00:00:00,556.1510273400885,558.2008772563571,532.3352345711982,532.5927124023438,615900,328023851.5686035
2024-07-25 00:00:00,535.2664565368557,553.9130502649566,534.196956436312,541.7130126953125,647300,350650833.1176758
2024-07-26 00:00:00,548.9022859941557,567.4003753102248,541.7723865774857,560.112060546875,379200,212394493.359375
2024-07-29 00:00:00,561.2410752469548,573.8867442587948,557.3394393365367,571.2327880859375,509500,291043105.52978516
2024-07-30 00:00:00,583.759474731684,589.9882012275551,574.0845952241679,579.3231201171875,479800,277959233.03222656
2024-07-31 00:00:00,584.2546674640789,597.4449665315883,576.5503989391526,587.572021484375,563900,331331862.91503906
2024-08-01 00:00:00,587.2948572347088,589.1565551550494,573.7084273335512,579.1945190429688,463200,268282901.22070312
2024-08-02 00:00:00,571.3416971670168,572.3715480900105,555.0221351113447,562.7164916992188,402900,226718474.50561523
2024-08-05 00:00:00,546.6247212942159,557.3690417302886,536.5240350082266,546.981201171875,470000,257081164.55078125
2024-08-06 00:00:00,533.285932784769,549.773762187607,526.6115147713815,539.5344848632812,653300,352477878.96118164
2024-08-07 00:00:00,545.555234192218,549.4965188471848,532.3154334161123,533.0482177734375,588000,313432352.05078125
2024-08-08 00:00:00,535.1079241321231,544.3767628475211,522.6009090208294,533.7314453125,829700,442836980.17578125
2024-08-09 00:00:00,531.3845699477951,535.860574309129,518.1844187040525,528.3543701171875,666000,351884010.4980469
2024-08-12 00:00:00,527.3146343737047,528.562374446696,516.9069687270858,519.99658203125,613900,319225901.7089844
2024-08-13 00:00:00,523.2149045967112,527.8493242902141,517.6199596118022,521.9176635742188,453300,236585276.89819336
2024-08-14 00:00:00,526.1263229926889,530.0774597120943,518.7290929734972,520.3333129882812,386100,200900692.1447754
2024-08-15 00:00:00,528.5128551762423,537.5043923439359,521.392867612609,534.5435180664062,435600,232847156.46972656
2024-08-16 00:00:00,536.7320205104223,536.9399368886851,527.8691618013183,529.720947265625,537200,284566092.87109375
2024-08-19 00:00:00,530.9686257129617,531.0874523269889,523.0564413848518,529.3049926757812,340100,180016628.0090332
2024-08-20 00:00:00,531.473702295842,534.8901187648795,528.3048513616507,531.1766357421875,327900,174172818.85986328
2024-08-21 00:00:00,535.7317866268888,539.0491404269087,532.4836979847383,534.4444580078125,277000,148041114.86816406
2024-08-22 00:00:00,535.7517114747815,540.1385660683081,530.5429222755401,536.9498901367188,333900,179287568.3166504
2024-08-23 00:00:00,541.2178993526103,558.0622696154172,539.6830049788069,551.496826171875,444500,245140339.23339844
2024-08-26 00:00:00,554.5468731556166,558.7158990857112,536.4349979321373,538.1481323242188,442100,237915289.3005371
2024-08-27 00:00:00,534.9396393661219,534.9396393661219,508.51945177308016,513.520263671875,773900,397413332.05566406
2024-08-28 00:00:00,514.9363358062485,517.1248369921157,508.00450051654906,509.2225036621094,542100,276049519.2352295
2024-08-29 00:00:00,511.35163091044774,522.2346034827743,511.35163091044774,518.8875122070312,462200,239829808.14208984
2024-08-30 00:00:00,521.3334644005985,531.137024006939,517.9962855909458,528.9584350585938,538800,285002804.8095703
2024-09-03 00:00:00,524.1287605592463,527.4609553706213,513.1701675486057,515.1536254882812,510000,262728348.99902344
2024-09-04 00:00:00,518.6742294857843,518.961809084064,499.57352064243014,507.0313415527344,795800,403495541.607666
2024-09-05 00:00:00,505.6131576180646,508.30073460021174,496.86613127442763,501.88427734375,509900,255910793.01757812
2024-09-06 00:00:00,505.404903587532,510.4528305856761,497.8281101334616,498.323974609375,457800,228132715.57617188
2024-09-09 00:00:00,501.7553419074197,505.7321846383644,498.50247219753226,501.99334716796875,374200,187845910.5102539
2024-09-10 00:00:00,505.0379454817198,507.2990861772464,496.965257657983,503.0049133300781,319500,160710069.80895996
2024-09-11 00:00:00,501.2694152370825,504.7007889664829,485.9967650318393,503.5900573730469,443400,223291831.43920898
2024-09-12 00:00:00,505.18680291331697,512.9718824849728,503.3025236561115,511.0677795410156,312100,159504253.99475098
2024-09-13 00:00:00,510.8693900035973,519.0115072891963,509.19336548908234,516.3734741210938,427600,220801297.5341797
2024-09-16 00:00:00,518.3766752097171,527.8178925774047,515.8179978617477,525.3981323242188,353600,185780779.58984375
2024-09-17 00:00:00,527.5503059214867,532.6180270862753,523.0478170760025,529.6229858398438,366100,193894975.1159668
2024-09-18 00:00:00,533.550189616903,538.7766206953105,525.7155064866033,529.5932006835938,450300,238475818.26782227
2024-09-19 00:00:00,543.5567637336902,545.9666578934548,533.0444002187459,544.171630859375,395500,215219880.0048828
2024-09-20 00:00:00,549.3187100384331,551.2823140627254,539.3716392455849,541.7716064453125,916000,496262791.50390625
2024-09-23 00:00:00,541.1865446893718,543.5567916023481,532.003124171237,540.8890380859375,402700,217816015.63720703
2024-09-24 00:00:00,541.2360783191142,543.6658263699937,526.4592926466886,531.4873657226562,469000,249267574.52392578
2024-09-25 00:00:00,536.4063138558295,539.1930695479274,527.9666915217684,531.5765991210938,401400,213374846.88720703
2024-09-26 00:00:00,540.7996206854419,551.2425538336549,533.9368744498751,535.1864624023438,491600,263097664.9169922
2024-09-27 00:00:00,533.8080555476612,539.6989281662236,529.1171967972568,534.6510009765625,416300,222575211.70654297
2024-09-30 00:00:00,531.9137865270618,535.3451904101921,524.8229610073084,533.798095703125,550000,293588952.63671875
2024-10-01 00:00:00,531.8642041754831,533.7286593751895,522.9584979024356,530.5551147460938,426500,226281756.43920898
2024-10-02 00:00:00,525.4774860592929,528.0658840872751,513.9833814445992,516.7403564453125,624700,322807700.6713867
2024-10-03 00:00:00,517.7816836598713,520.0825021900563,511.4346544151895,516.9188842773438,427600,221034514.9169922
2024-10-04 00:00:00,522.006475758404,524.5353726694135,514.4990797656379,519.7750854492188,303700,157855693.45092773
2024-10-07 00:00:00,515.6989781304331,517.6725087657345,511.6329142457645,514.3601684570312,363100,186764177.16674805
2024-10-08 00:00:00,517.4246766536801,520.5882945719225,512.0098750752951,519.6560668945312,345600,179593136.71875
2024-10-09 00:00:00,519.6559837825613,529.8112773918682,516.6907242438258,526.7666625976562,281600,148337492.1875
2024-10-10 00:00:00,521.8179054766199,535.2360246739253,518.6741422512348,530.098876953125,291800,154682852.29492188
2024-10-11 00:00:00,528.3733774459931,541.4542241480224,528.3733774459931,540.3931274414062,270700,146284419.59838867
2024-10-14 00:00:00,539.4906541491599,548.5154244530767,537.5171231052691,547.781494140625,330700,181151340.1123047
2024-10-15 00:00:00,550.1220078867362,567.9136283255785,550.1220078867362,557.2426147460938,414300,230865615.28930664
2024-10-16 00:00:00,557.4111897431943,566.7433328395332,553.6227777646342,566.1781005859375,439700,248948510.82763672
2024-10-17 00:00:00,569.7185537122268,574.1416870305385,565.0871960345077,568.70703125,435100,247444429.296875
2024-10-18 00:00:00,570.7797176551439,577.8309572285198,562.7169556078371,576.194580078125,354000,203972881.34765625
2024-10-21 00:00:00,575.321778880941,575.6093584781484,568.5284599597469,572.7532348632812,363200,208023974.90234375
2024-10-22 00:00:00,570.601088629696,570.601088629696,556.002869216387,556.310302734375,307400,171009787.06054688
2024-10-23 00:00:00,555.2095797641058,559.6624332072124,551.7087474040449,558.1351318359375,313500,174975363.8305664
2024-10-24 00:00:00,557.9269155198656,567.2194113699871,554.8823002384963,565.93017578125,381800,216072141.11328125
2024-10-25 00:00:00,572.9713887480424,575.4804919930509,562.9450238028115,565.4937744140625,248700,140638301.69677734
2024-10-28 00:00:00,569.7185031326793,575.1135110634903,568.5780511538127,573.4871215820312,430300,246771508.41674805
2024-10-29 00:00:00,569.4805113700054,579.4275820687137,566.4061757519432,579.0507202148438,647900,375166961.62719727
2024-10-30 00:00:00,578.1779757377045,605.2918717649934,570.4524290363481,599.8472290039062,917400,550299847.8881836
2024-10-31 00:00:00,591.6952916146024,596.5547880376274,587.3812945782931,587.4407958984375,629300,369676492.8588867
2024-11-01 00:00:00,589.65237952001,591.4870541468233,575.2524535873017,575.3417358398438,496800,285829774.3652344
2024-11-04 00:00:00,576.1747138387544,577.9995218916067,572.743370126276,577.1664428710938,326300,188329410.3088379
2024-11-05 00:00:00,575.3118646737857,582.2738212484899,575.3118646737857,577.7019653320312,569600,329059039.453125
2024-11-06 00:00:00,605.2026193476038,627.9925322886022,605.2026193476038,612.2042236328125,1163500,712299614.1967773
2024-11-07 00:00:00,617.3017664317401,617.3017664317401,609.5563648827015,612.0554809570312,517000,316432683.65478516
2024-11-08 00:00:00,613.5727910366271,618.9479450369058,612.0455502332461,614.4554443359375,402800,247502652.97851562
2024-11-11 00:00:00,619.4240554520874,620.931442402387,610.260428458596,610.9546508789062,379400,231796194.54345703
2024-11-12 00:00:00,608.5347160842597,608.9413588037031,600.6306663216939,601.7711181640625,312200,187872943.0908203
2024-11-13 00:00:00,601.9795050309683,605.2026242918425,598.3398765371826,600.25390625,507100,304388755.859375
2024-11-14 00:00:00,599.3315832004835,601.9497016686721,581.7878953640208,583.0969848632812,469800,273938963.48876953
2024-11-15 00:00:00,582.9086107812165,584.6441366416212,574.5483420430213,578.2078247070312,400300,231456592.2302246
2024-11-18 00:00:00,576.5912793868061,581.073853419486,574.2507528845897,576.8292846679688,380800,219656591.6015625
2024-11-19 00:00:00,569.3912353131268,579.358098479465,567.2788479502808,577.8804321289062,325800,188273444.78759766
2024-11-20 00:00:00,577.8804877602083,580.6573167933757,574.568086339347,580.4193115234375,443000,257125755.0048828
2024-11-21 00:00:00,583.860620456715,588.8192656746113,579.407766735898,585.7151489257812,347800,203711728.79638672
2024-11-22 00:00:00,585.1200778721242,594.3927193008466,582.7201107723956,592.865478515625,448600,265959453.66210938
2024-11-25 00:00:00,595.2356539897633,605.2719448751998,594.422429088096,599.0042114257812,765400,458477823.42529297
2024-11-26 00:00:00,598.1910066457151,598.1910066457151,585.0109518842678,592.0323486328125,477800,282873056.1767578
2024-11-27 00:00:00,596.0291278920223,598.9150326433104,587.7580814140505,590.6737670898438,379200,223983492.48046875
2024-11-29 00:00:00,595.2952127203345,595.6918679711471,588.2539010522017,595.037353515625,184900,110022406.66503906
2024-12-02 00:00:00,595.4842074175608,597.3809409675214,586.4972397202259,589.0890502929688,342700,201880817.5354004
2024-12-03 00:00:00,590.9062633183605,590.9062633183605,581.7107370917458,584.650146484375,534700,312612433.3251953
2024-12-04 00:00:00,581.760564855937,583.7466379755174,576.2491634609883,578.3842163085938,351000,203012859.9243164
2024-12-05 00:00:00,575.961161943173,582.3364392131539,569.46672514367,578.3345336914062,450400,260481873.97460938
2024-12-06 00:00:00,581.2936983735933,581.3235185577258,572.9521685739641,577.1328735351562,397400,229352603.9428711
2024-12-09 00:00:00,577.5599142727917,584.0841710127336,566.6861530395554,570.6980590820312,360700,205850789.91088867
2024-12-10 00:00:00,565.0377070410055,565.564045421622,551.1748971892099,559.5263671875,421000,235560600.5859375
2024-12-11 00:00:00,565.961280601502,565.961280601502,555.891876026382,556.2791748046875,430400,239422556.8359375
2024-12-12 00:00:00,555.1669578786285,556.9246517984959,551.1252922352314,552.9425659179688,281000,155376861.02294922
2024-12-13 00:00:00,553.260274609471,554.7994687966276,543.190871692004,547.0835571289062,297300,162647941.53442383
2024-12-16 00:00:00,547.9277349629328,550.7479245060653,542.7043535997876,543.4888305664062,337300,183318782.55004883
2024-12-17 00:00:00,538.6825374812059,546.8750876309089,538.6825374812059,540.9863891601562,524500,283747361.11450195
2024-12-18 00:00:00,542.6646370688579,554.5910153514022,531.2745372966909,531.9100952148438,724500,385368863.9831543
2024-12-19 00:00:00,533.3598857117664,537.8881297766525,521.0660888591328,522.1088256835938,510400,266484344.62890625
2024-12-20 00:00:00,520.4007467546259,536.8752483582324,520.4007467546259,529.9736328125,977400,517996228.7109375
2024-12-23 00:00:00,527.7790059016683,530.4800966287074,524.5019976589033,528.0769653320312,268700,141894280.5847168
2024-12-24 00:00:00,528.8613644371765,529.6954810109636,525.6240563105148,529.4671020507812,112100,59353262.13989258
2024-12-26 00:00:00,527.9080846140189,531.6022116691395,526.3490101380003,528.3350830078125,526100,277957087.17041016
2024-12-27 00:00:00,524.1743136155933,530.3907320562325,522.8833782350779,525.157470703125,249300,130921757.44628906
2024-12-30 00:00:00,518.4741692061696,521.5426780484878,514.4126846717562,516.6271362304688,250400,129363434.91210938
2024-12-31 00:00:00,519.0600965833372,519.2984156025157,511.10586596255814,512.9032592773438,267800,137355492.83447266
2025-01-02 00:00:00,516.120736198232,520.1326421019259,504.1645995913855,507.0046691894531,414700,210254836.3128662
2025-01-03 00:00:00,507.68002310994103,515.7633556030418,507.56086356641845,513.0722045898438,332400,170545200.80566406
2025-01-06 00:00:00,514.6907284470002,523.459256394538,512.3272970835184,513.7672119140625,366400,188244306.4453125
2025-01-07 00:00:00,510.2022523769017,512.2677243754899,502.29766109690047,505.1079406738281,479600,242249768.34716797
2025-01-08 00:00:00,507.3621642921946,518.3351739438735,504.2042855489882,513.6480712890625,378000,194158970.94726562
2025-01-10 00:00:00,508.2360510641362,509.12980812739244,501.93029375048803,505.1675720214844,356800,180243789.69726562
2025-01-13 00:00:00,502.49628759703853,509.72559165563536,502.49628759703853,509.6263122558594,475800,242480199.3713379
2025-01-14 00:00:00,512.2578604894799,516.3789862584829,510.1625679955182,514.0751342773438,285400,146717043.3227539
2025-01-15 00:00:00,526.0313183321581,528.6628895645799,523.7374062119897,527.5903930664062,320200,168934443.85986328
2025-01-16 00:00:00,527.46118086326,529.3876738792225,522.4364191674181,527.5307006835938,200700,105875411.62719727
2025-01-17 00:00:00,530.7383493780661,540.8474544323285,530.1822513208031,538.7819213867188,371400,200103605.60302734
2025-01-21 00:00:00,551.9694158243382,556.2195803807348,545.713237601626,548.7916870117188,460100,252499055.1940918
2025-01-22 00:00:00,545.2564362986217,550.5790967860594,537.1830456241848,545.8522338867188,366600,200109428.9428711
2025-01-23 00:00:00,547.7687978523008,550.8174268946364,542.694396359579,544.9486083984375,327600,178525164.11132812
2025-01-24 00:00:00,544.9784313724418,546.7063052237999,542.5554198333742,544.7401123046875,293700,159990170.98388672
2025-01-27 00:00:00,540.5395562975712,544.3826025706799,537.8782258429466,542.2376098632812,318500,172702678.74145508
2025-01-28 00:00:00,545.167046811882,552.9524789030883,537.2723952624515,538.39453125,343300,184830842.578125
2025-01-29 00:00:00,538.3449020794774,541.4232907541094,535.4551927500735,536.080810546875,309300,165809794.70214844
2025-01-30 00:00:00,538.5335481518331,544.0548279114258,536.4084357863812,542.5255737304688,340800,184892715.52734375
2025-01-31 00:00:00,541.7709086410669,544.4719387188318,538.2158211441794,540.3309936523438,391000,211269418.5180664
2025-02-03 00:00:00,532.2973553943528,536.607099629549,524.1048047125119,532.2178955078125,395000,210226068.72558594
2025-02-04 00:00:00,536.0211819700846,537.6795356786089,532.6845338209685,533.5584106445312,408900,218172034.11254883
2025-02-05 00:00:00,537.5604061778918,537.7093252703708,532.3171449437965,536.199951171875,463800,248689537.35351562
2025-02-06 00:00:00,537.6299393706761,544.3726348094505,536.3488836047325,541.6417846679688,390800,211673609.4482422
2025-02-07 00:00:00,541.6417606812066,543.3199945727832,533.8762089859314,534.849365234375,328500,175698016.4794922
2025-02-10 00:00:00,538.3151427901,538.3151427901,526.2596660331186,527.2725219726562,443700,233950817.99926758
2025-02-11 00:00:00,523.3898518457938,529.6757903009625,519.7056643536529,525.3163452148438,623100,327324614.70336914
2025-02-12 00:00:00,497.93825509438705,523.3103240275269,479.358551777764,513.5388793945312,1329000,682493170.715332
2025-02-13 00:00:00,519.2289945779869,528.4046422229234,514.7106905843608,527.957763671875,665100,351144708.61816406
2025-02-14 00:00:00,531.6518723593084,531.6518723593084,521.7711473198591,523.7075805664062,687800,360206073.9135742
2025-02-18 00:00:00,528.9906110458697,535.9915069816841,525.4653432238782,530.2716064453125,614100,325639793.5180664
2025-02-19 00:00:00,523.6579037649477,526.7859320707087,513.3998207432827,517.3223266601562,406200,210136329.08935547
2025-02-20 00:00:00,513.161557450931,516.259826518426,496.6175655304576,502.5162048339844,566200,284524675.17700195
2025-02-21 00:00:00,507.6700185934205,507.6700185934205,484.2045632006993,486.428955078125,730700,355433637.47558594
2025-02-24 00:00:00,486.44882166429267,491.4835237474308,482.93349444506083,487.2234191894531,566400,275963344.62890625
2025-02-25 00:00:00,489.060485866783,492.3971039221063,480.80835582526976,486.8758239746094,790300,384777963.6871338
2025-02-26 00:00:00,488.0278009264455,494.8400167822879,486.01193804001565,487.71002197265625,795300,387875780.4748535
2025-02-27 00:00:00,485.64443637274286,490.74865798442977,478.78258155853257,478.9811706542969,502800,240831732.60498047
2025-02-28 00:00:00,482.9831230354648,485.4855942313293,471.7916133925085,479.775634765625,860600,412894911.2792969
2025-03-03 00:00:00,483.8537951491635,487.38483641395453,465.49229557907967,467.2926330566406,611400,285702715.8508301
2025-03-04 00:00:00,463.4730974933059,468.11818640303915,448.68246562993136,459.4546813964844,1103200,506870404.51660156
2025-03-05 00:00:00,465.67133862324084,476.1451376420094,463.7416901880331,475.0808410644531,864300,410612370.93200684
2025-03-06 00:00:00,473.0715780528144,478.7908893742388,469.828997840473,473.3699951171875,934900,442553608.4350586
2025-03-07 00:00:00,470.64462045096235,471.6193705887046,446.10627529653203,457.9328308105469,983200,450239559.2529297
2025-03-10 00:00:00,453.1584499644332,467.3821471135347,452.352775474041,465.63153076171875,1356500,631629171.4782715
2025-03-11 00:00:00,461.74240810685916,466.70576621549566,456.4507942458204,461.931396484375,655400,302749837.2558594
2025-03-12 00:00:00,463.6620916766002,467.004174710711,460.61842571688777,462.1800537109375,688700,318303402.99072266
2025-03-13 00:00:00,459.4347427584846,467.70038822526453,458.1416932561163,462.577880859375,973100,450134535.8642578
2025-03-14 00:00:00,467.6009423323661,476.2744036818222,462.51822969032696,474.90179443359375,786800,373652731.86035156
2025-03-17 00:00:00,472.56432262875376,489.0160545460163,472.56432262875376,486.12158203125,706000,343201836.9140625
2025-03-18 00:00:00,483.8537689626867,489.93114457472,481.0886073770766,485.58447265625,602400,292516086.328125
2025-03-19 00:00:00,483.336510446381,491.24409222990846,478.97988231536294,487.583740234375,528900,257883040.20996094
2025-03-20 00:00:00,483.0778947890504,491.1346391745664,480.94930182962787,481.1979675292969,464800,223660815.3076172
2025-03-21 00:00:00,477.5376309636315,479.24845224617076,469.78919901521294,474.4840087890625,857500,406870037.5366211
2025-03-24 00:00:00,481.1283484833935,489.8913255779086,477.3088468628586,488.07110595703125,448900,219095119.46411133
2025-03-25 00:00:00,485.9425133637035,488.33965442611907,479.4772049699131,485.69384765625,361100,175384048.38867188
2025-03-26 00:00:00,485.8032873812775,490.18975420290786,479.4772158555945,480.2928466796875,286800,137747988.42773438
2025-03-27 00:00:00,478.42287832951524,484.6295952042898,471.8183327372045,481.7152099609375,325600,156846472.36328125
2025-03-28 00:00:00,479.9546741324099,481.03885301969416,470.5750105400418,475.4488525390625,551600,262257587.06054688
2025-03-31 00:00:00,471.65918144215277,478.10460766753033,466.337729099204,475.5781555175781,568300,270271065.78063965
2025-04-01 00:00:00,472.1962937070389,482.77949037761596,466.60626313416384,481.97381591796875,483400,232986142.6147461
2025-04-02 00:00:00,476.3440316425324,493.4224060918152,476.3440316425324,489.84161376953125,340700,166889037.8112793
2025-04-03 00:00:00,472.95223790545793,483.56530407461287,468.0386009038254,482.38165283203125,561100,270664345.40405273
2025-04-04 00:00:00,477.7067053680198,480.9294335712086,461.8816161355484,468.18780517578125,889700,416546690.2648926
2025-04-07 00:00:00,455.3864755475779,477.79622816122804,442.5354486289593,457.3658752441406,936100,428140195.81604004
2025-04-08 00:00:00,470.77392909355666,470.77392909355666,440.5262576164496,450.09490966796875,636200,286350381.5307617
2025-04-09 00:00:00,444.2761172848206,485.29600397262055,439.5912637072664,479.0594787597656,757800,363031273.0041504
2025-04-10 00:00:00,470.47549433989354,477.95534750826107,460.3299218549549,472.7333679199219,439600,207813588.53759766
2025-04-11 00:00:00,475.90636531801835,495.222730677457,470.44567613870555,489.0657653808594,627100,306693141.4703369
2025-04-14 00:00:00,491.9204652315343,502.6230473973614,486.10168138679404,500.24578857421875,522500,261378424.5300293
2025-04-15 00:00:00,501.80739919047846,505.2290417639789,495.0635863977063,496.386474609375,326500,162070183.95996094
2025-04-16 00:00:00,491.76127991431605,495.97867080748887,482.56064905799803,488.4490661621094,316200,154447594.72045898
2025-04-17 00:00:00,487.20577991385386,496.02843481623097,485.66403423466835,491.6021728515625,251500,123637946.47216797
2025-04-21 00:00:00,488.5187512242041,488.6579882457438,476.30426167299095,482.48114013671875,433900,209348566.70532227
2025-04-22 00:00:00,492.0199252117668,492.0199252117668,482.3816398415608,488.37945556640625,701500,342598188.079834
2025-04-23 00:00:00,497.43091424048896,504.5129091161245,493.26327432914854,495.6802978515625,324900,161046528.77197266
2025-04-24 00:00:00,495.0834646317148,508.35226307008696,493.17372900700383,506.53204345703125,324100,164167035.28442383
2025-04-25 00:00:00,504.19460386560337,506.78073340435793,499.9374479866204,501.74774169921875,327900,164523084.50317383
2025-04-28 00:00:00,501.3100775913529,503.26956462469764,494.40711496757206,500.2159423828125,359900,180027717.66357422
2025-04-29 00:00:00,500.88237310171615,506.084440322484,493.33288579655124,502.16546630859375,491600,246864543.2373047
2025-04-30 00:00:00,493.4123836248843,523.1826313786113,487.6930730176871,521.183349609375,943500,491736490.3564453
2025-05-01 00:00:00,525.1720068173954,533.258620311425,520.0693817504056,520.0892944335938,489600,254635718.5546875
2025-05-02 00:00:00,527.300586629567,536.8791940978899,524.913371663796,532.9403076171875,386400,205928134.86328125
2025-05-05 00:00:00,532.9402940143984,543.1355872919308,530.8415701636202,539.2962036132812,465900,251258101.26342773
2025-05-06 00:00:00,530.7322489961145,539.6941714692756,528.0267343299689,532.1446533203125,323200,171989151.953125
2025-05-07 00:00:00,534.6212795173651,540.7981571395972,530.3541981135239,531.6074829101562,363900,193451963.03100586
2025-05-08 00:00:00,536.1630468619107,543.8120066931438,533.8455261060157,538.6696166992188,356800,192197319.23828125
2025-05-09 00:00:00,539.2464988752591,541.0468360945611,534.4323042654659,538.9580078125,320100,172520458.30078125
2025-05-12 00:00:00,553.2912098777193,553.4403728912305,545.1548744142356,550.1082763671875,413900,227689815.5883789
2025-05-13 00:00:00,553.131976949758,554.0471104665598,539.5548657098036,540.9871826171875,369700,200002961.41357422
2025-05-14 00:00:00,541.6535919106591,541.6535919106591,533.28850416637,538.1325073242188,419400,225692773.57177734
2025-05-15 00:00:00,537.8540522830061,550.4564152923155,537.8540522830061,549.9093627929688,368100,202421636.4440918
2025-05-16 00:00:00,552.4556434135748,562.2928739311811,552.4556434135748,561.0694580078125,419300,235256423.74267578
2025-05-19 00:00:00,554.1565023310317,566.3013572310571,553.8879239423483,565.157470703125,389100,219902771.85058594
2025-05-20 00:00:00,559.4978598926833,562.3923021090574,557.2299994267381,560.6118774414062,327000,183320083.92333984
2025-05-21 00:00:00,555.2406706713265,560.8108190939341,553.7984580967773,557.0509643554688,622600,346819930.40771484
2025-05-22 00:00:00,556.4939323391246,563.5660310932992,553.301103556819,561.6761474609375,463900,260561564.8071289
2025-05-23 00:00:00,555.2208129268231,561.5667667427439,553.7486706319579,558.7219848632812,362900,202760208.30688477
2025-05-27 00:00:00,566.1421641979697,566.7688066175917,558.5827512153611,564.461181640625,456300,257563637.1826172
2025-05-28 00:00:00,564.4612408480323,565.9432788593095,545.8809451137429,547.591796875,614900,336714195.8984375
2025-05-29 00:00:00,548.9245950507068,549.9888916103038,541.2855914686214,545.5526733398438,689300,376049457.7331543
2025-05-30 00:00:00,543.6727870417701,550.0385927759008,535.6358943164257,544.6276245117188,653600,355968615.3808594
2025-06-02 00:00:00,540.7428056046456,540.7428056046456,531.7081717401206,539.4976806640625,441800,238350075.3173828
2025-06-03 00:00:00,540.9520157824433,544.1295771055811,533.5808517158619,543.412353515625,372100,202203736.74316406
2025-06-04 00:00:00,545.2452960876552,550.0066231125771,542.2769371440966,547.4267578125,432500,236762072.75390625
2025-06-05 00:00:00,549.259427410483,549.8571238377853,542.3963452015515,547.894775390625,288400,158012853.22265625
2025-06-06 00:00:00,551.9389872331283,552.7159744179302,545.7632158534582,549.1698608398438,274800,150911877.75878906
2025-06-09 00:00:00,552.6164445867107,555.6645084714494,547.2773018262864,552.3175659179688,285300,157576201.55639648
2025-06-10 00:00:00,552.8355218586627,556.371664839055,548.5323623928649,552.1681518554688,295200,163000038.42773438
2025-06-11 00:00:00,552.9450876550214,554.9174071085162,541.8086963213703,543.72119140625,442900,240814115.67382812
2025-06-12 00:00:00,541.8883929939407,551.7597176488248,538.8901221432016,550.4847412109375,239500,131841095.52001953
2025-06-13 00:00:00,546.3309704744402,547.2673069622946,538.1928500111756,540.3543701171875,250000,135088592.52929688
2025-06-16 00:00:00,538.3024336130693,544.6675279063181,538.0932915001614,540.6731567382812,328500,177611131.9885254
2025-06-17 00:00:00,538.2725547012357,543.302847839341,537.784475399906,539.2786254882812,329100,177476595.64819336
2025-06-18 00:00:00,535.5930349738119,543.8805946337449,534.4474956046122,536.688720703125,373100,200238561.69433594
2025-06-20 00:00:00,539.4378792414944,541.5197547467762,532.2858893803599,536.120849609375,954300,511620126.78222656
2025-06-23 00:00:00,537.1370091725024,550.4947455841652,534.4574974667485,549.8074340820312,438400,241035579.1015625
2025-06-24 00:00:00,549.4686842676476,553.2737936126875,547.3171349904557,550.2157592773438,548000,301518236.0839844
2025-06-25 00:00:00,549.3889818324559,549.3989525601713,531.977172979496,532.3357543945312,489900,260791286.07788086
2025-06-26 00:00:00,534.0191488253465,543.3127787165656,530.7220603040516,538.5513916015625,444200,239224528.14941406
2025-06-27 00:00:00,540.274686013994,548.7016529856502,537.7844360489196,547.90478515625,448700,245844877.09960938
2025-06-30 00:00:00,546.4604495819414,552.5466669425723,544.3985760309565,546.819091796875,374000,204510340.33203125
2025-07-01 00:00:00,545.8628247759748,558.5133075095869,538.3023986820848,555.5050659179688,458300,254587971.71020508
2025-07-02 00:00:00,555.8237799496113,558.6327891439355,551.2317737065687,556.4911499023438,319400,177743273.2788086
2025-07-03 00:00:00,556.3119301694238,558.154751816295,552.3375005333424,555.7142944335938,310600,172604859.85107422
2025-07-07 00:00:00,556.2621228575258,559.7982659296588,553.6523455503997,554.1204833984375,434200,240599113.89160156
2025-07-08 00:00:00,553.8215995856907,559.3599128569331,550.8632119268879,556.9095458984375,247700,137946494.51904297
2025-07-09 00:00:00,557.4175488367927,564.908240468659,553.134330895128,564.8086547851562,267700,151199276.88598633
2025-07-10 00:00:00,564.8086738201235,568.8727182790783,560.7146563797148,562.178955078125,313800,176411756.10351562
2025-07-11 00:00:00,557.3080066885282,561.0334111442558,549.6181434928523,559.8082275390625,269500,150868317.32177734
2025-07-14 00:00:00,561.0931253764246,564.3404209781643,556.2520941552737,562.6171875,400400,225271921.875
2025-07-15 00:00:00,564.0217289614752,566.4721570457532,546.111868974403,546.2811889648438,355000,193929822.08251953
2025-07-16 00:00:00,544.1196306018994,545.4045777281655,530.801778328557,544.2291870117188,532100,289584350.40893555
2025-07-17 00:00:00,544.2291889633386,551.152096218862,541.0715689427,550.9329833984375,308600,170017918.6767578
2025-07-18 00:00:00,552.3971574259251,563.2745512972216,549.8172319374002,562.8263549804688,407600,229408022.29003906
2025-07-21 00:00:00,565.8545320057574,566.4421969569925,560.7245927076696,561.0632934570312,308600,173144132.36083984
2025-07-22 00:00:00,563.633326382075,569.7892179124512,557.9455727318988,568.7532348632812,267800,152312116.29638672
2025-07-23 00:00:00,572.2096660415042,575.1182610634593,567.7272159719257,572.5084838867188,326000,186637765.7470703
2025-07-24 00:00:00,572.5084521157346,581.164563201618,571.323090731231,579.17236328125,336600,194949417.48046875
2025-07-25 00:00:00,579.7402156067053,584.6908038073258,577.7978082969148,583.4456787109375,233700,136351255.1147461
2025-07-28 00:00:00,582.7384631688329,582.7384631688329,570.4365912321744,573.6340942382812,325700,186832624.4934082
2025-07-29 00:00:00,577.6185030801922,579.9294624967376,573.6540443278813,577.6583251953125,244300,141121928.84521484
2025-07-30 00:00:00,577.738034931519,579.8597329235719,570.4465751950044,573.0762939453125,383800,219946681.61621094
2025-07-31 00:00:00,561.4219640593469,574.032626058201,558.7026300933995,572.6380615234375,589800,337741928.68652344
2025-08-01 00:00:00,570.1676562295057,575.646206151778,559.3201127920983,575.6063232421875,393100,226270845.6665039
2025-08-04 00:00:00,592.4604355742869,610.8384334376909,592.4604355742869,599.9710083007812,705900,423519534.7595215
2025-08-05 00:00:00,598.0983342099521,607.0134420815441,596.0363997495837,605.1307983398438,516600,312610570.4223633
2025-08-06 00:00:00,605.1307697968023,605.6288198130959,594.8310687091159,595.7076416015625,618400,368385605.56640625
2025-08-07 00:00:00,599.8712961933375,608.5871709517971,588.0475943847736,597.9588012695312,754300,451040323.7976074
2025-08-08 00:00:00,600.2100328742346,613.189245474336,598.8254392383897,608.5374145507812,526200,320212387.5366211
2025-08-11 00:00:00,608.5075489797307,608.5075489797307,596.1359430962525,597.5902709960938,477800,285528631.4819336
2025-08-12 00:00:00,598.1182576324437,614.9921949034994,596.4746682318574,613.0298461914062,477900,292966963.49487305
2025-08-13 00:00:00,616.5759064184193,618.3888156468762,607.3819232142822,617.6616821289062,360100,222419971.73461914
2025-08-14 00:00:00,613.229065040946,615.2212650967496,606.2364233899968,610.1112670898438,365000,222690612.48779297
2025-08-15 00:00:00,613.6175229572547,613.6175229572547,605.4793424286586,607.20263671875,302900,183921678.66210938
2025-08-18 00:00:00,607.3222063146575,608.7964149182136,599.253759515477,600.47900390625,304400,182785808.7890625
2025-08-19 00:00:00,602.5907318251249,605.8579083443575,600.5188267171227,605.3897705078125,374100,226476313.14697266
2025-08-20 00:00:00,604.084850811569,605.8778186333043,593.4465102190134,598.2576293945312,379700,227158421.88110352
2025-08-21 00:00:00,595.8371104717462,600.1203282439945,594.591985491609,598.3970947265625,340100,203514851.9165039
2025-08-22 00:00:00,601.1363618821632,613.30873514453,600.2299376591176,605.5192260742188,363800,220287894.44580078
2025-08-25 00:00:00,601.9432238932603,607.4815375170647,601.7041696183957,602.1424560546875,318500,191782372.25341797
2025-08-26 00:00:00,602.1125601615713,615.3308271071747,601.7739201953912,614.633544921875,750400,461221012.109375
2025-08-27 00:00:00,612.6014888602725,618.9366701537632,612.4122274318294,614.235107421875,413400,253924793.40820312
2025-08-28 00:00:00,615.559879199353,615.559879199353,606.5253058273046,609.9020385742188,292800,178579316.89453125
2025-08-29 00:00:00,611.3165821896761,614.1952651218517,607.1727719446609,613.99609375,368600,226318960.15625
2025-09-02 00:00:00,608.4203555762449,616.4597449620651,607.143659996297,614.8040161132812,551200,338879973.6816406
2025-09-03 00:00:00,614.803954747603,614.803954747603,604.1612544031935,609.63720703125,415500,253304259.52148438
2025-09-04 00:00:00,613.6868541469014,618.5742888309491,607.3331464422724,617.3873291015625,413600,255351399.31640625
2025-09-05 00:00:00,620.0904063600155,622.234933332585,614.544625273142,621.0479736328125,311200,193270129.39453125
2025-09-08 00:00:00,619.3623179291483,626.075090649657,616.9185701077929,625.4866333007812,321100,200843757.95288086
2025-09-09 00:00:00,620.8285207393685,621.0080531928845,607.9415728612056,612.6494750976562,421600,258293018.70117188
2025-09-10 00:00:00,612.0809344636023,620.8684050474012,611.5822129528779,615.1530151367188,283100,174149818.58520508
2025-09-11 00:00:00,617.1080761498735,630.6433863700858,611.6919674032696,629.5062866210938,301300,189670244.15893555
2025-09-12 00:00:00,626.0550944440898,627.8305723417567,614.0259333798358,614.2852783203125,331400,203574141.23535156
2025-09-15 00:00:00,615.362580382384,617.0981217255097,608.7096516073691,609.517578125,296600,180782913.671875
2025-09-16 00:00:00,609.9663603290725,612.4798753461681,604.6300036351128,608.2008666992188,296100,180088276.62963867
2025-09-17 00:00:00,608.2009318401192,623.0129379482956,606.644922994656,608.131103515625,463100,281625514.03808594
2025-09-18 00:00:00,606.0763528942703,624.0901727610211,605.8968204425997,618.813720703125,325500,201423866.0888672
2025-09-19 00:00:00,620.3896576017971,620.7786750329071,614.5845312882607,616.9884033203125,630900,389257983.65478516
2025-09-22 00:00:00,616.4298244619412,622.5142030646236,613.5771517861442,618.2451782226562,285700,176632647.4182129
2025-09-23 00:00:00,618.8336354921495,625.6661573035877,612.2804269726794,613.8165283203125,307800,188932727.4169922
2025-09-24 00:00:00,612.9088299908829,616.9983833176443,602.8246946406567,605.2484741210938,378800,229268121.9970703
2025-09-25 00:00:00,601.5879223856393,609.2881546715017,598.465920297758,606.5053100585938,269600,163513831.59179688
2025-09-26 00:00:00,610.2356732927337,616.1405193684797,605.2285503540488,612.1707153320312,290600,177896809.87548828
2025-09-29 00:00:00,615.3924741331241,620.4994390956173,612.1507838792965,619.6615600585938,304700,188810877.34985352
2025-09-30 00:00:00,617.9459438641658,630.1346691446905,617.9459438641658,628.66845703125,434900,273407911.9628906
2025-10-01 00:00:00,628.3393369344124,633.2168486452764,613.9063026115819,618.474609375,398700,246585826.7578125
2025-10-02 00:00:00,617.7663528029943,627.5113912635584,616.1405156976429,626.2645874023438,285700,178923792.6208496
2025-10-03 00:00:00,624.8582229750823,635.7303161790348,617.0881023053348,633.14697265625,329700,208748556.88476562
2025-10-06 00:00:00,633.346420754267,636.6280475405994,626.3244431938643,634.4835205078125,259600,164711921.92382812
2025-10-07 00:00:00,636.9870939486377,638.3635702673542,624.4492271458641,628.0001220703125,253900,159449230.99365234
2025-10-08 00:00:00,631.730530060067,637.2364351659958,626.7732673337781,634.6829833984375,243000,154227964.9658203
2025-10-09 00:00:00,634.8925460321009,638.0942996450883,628.8180903401656,632.189453125,232600,147047266.796875
2025-10-10 00:00:00,637.0369565972985,638.2837604507038,630.4438724314745,630.7630615234375,347000,218874782.3486328
2025-10-13 00:00:00,632.0397563859945,642.2236721669924,630.4837476136502,636.9771118164062,280900,178926870.70922852
2025-10-14 00:00:00,636.977118918352,655.6791769094185,631.3016652848324,655.1704711914062,329800,216075221.39892578
2025-10-15 00:00:00,654.322664148968,663.4791843692198,637.5256958007812,637.5256958007812,637700,406550136.2121582
2025-10-16 00:00:00,641.1664362328861,641.1664362328861,621.1477446753325,622.544189453125,308600,192117136.86523438
2025-10-17 00:00:00,621.9257055295164,629.3665916662042,617.6566200843577,623.8009033203125,321500,200551990.41748047
2025-10-20 00:00:00,628.8080750595195,628.8080750595195,613.4474875293218,625.4866333007812,244000,152618738.52539062
2025-10-21 00:00:00,624.3993902568569,632.4188109884096,620.1203812081528,630.4140014648438,278100,175318133.80737305
2025-10-22 00:00:00,630.3540820610572,634.2441344741598,619.4620205351029,620.9083251953125,220200,136724013.2080078
2025-10-23 00:00:00,619.3921945393824,626.6336411601147,616.3998652500944,617.766357421875,189400,117004948.09570312
2025-10-24 00:00:00,622.9231671989097,628.9178098060586,619.0331148640232,619.6415405273438,293300,181740863.83666992
2025-10-27 00:00:00,621.3372116588644,624.1998684333888,613.3876195186446,615.2628173828125,291900,179595216.39404297
2025-10-28 00:00:00,612.0310506592441,618.3847582201736,610.9239034493954,615.2628173828125,293400,180518110.6201172
2025-10-29 00:00:00,614.4249597110773,628.8679165554424,611.791695272761,615.3425903320312,410100,252351996.29516602
2025-10-30 00:00:00,604.4505057886919,614.5845006831001,602.6750278863572,611.4525756835938,470600,287749582.1166992
2025-10-31 00:00:00,607.4528403902403,616.1904518065503,605.5676582944413,611.5323486328125,354200,216604757.8857422
2025-11-03 00:00:00,613.7765793291379,619.9906911598974,608.8093322364167,617.7164916992188,712300,439999457.0373535
2025-11-04 00:00:00,630.0748064268624,631.5111268625454,606.2259697467072,623.6612548828125,725000,452154409.79003906
2025-11-05 00:00:00,619.7612350211438,630.8129214224853,604.8495096395668,609.0487060546875,708600,431571913.11035156
2025-11-06 00:00:00,607.6622752867968,611.4625920613471,598.00703308038,606.7745971679688,479900,291191129.1809082
2025-11-07 00:00:00,604.9492452367011,613.7068249503048,603.1638439891631,609.0786743164062,358500,218354704.74243164
2025-11-10 00:00:00,608.5998480810877,619.1428288318288,603.9418059040254,615.1929931640625,320700,197292392.90771484
2025-11-11 00:00:00,615.4922181494825,623.4019345900699,615.202981568307,618.813720703125,238400,147525191.015625
2025-11-12 00:00:00,617.6067816242215,623.3620476630032,608.4402773063603,613.2379760742188,382600,234624849.6459961
2025-11-13 00:00:00,613.0285410703071,615.1630840412046,599.2239618442821,600.5904541015625,453100,272127534.75341797
2025-11-14 00:00:00,597.2090850317638,600.7699642822358,593.4986258404734,594.9149780273438,342700,203877362.9699707
2025-11-17 00:00:00,594.8351629482892,597.5382557132206,586.3768647931009,588.4614868164062,350600,206314597.27783203
2025-11-18 00:00:00,584.6113392792295,594.5658624497592,583.5041920898362,591.6632690429688,318200,188267252.20947266
2025-11-19 00:00:00,595.0246772256809,597.3587208982423,585.7484684452786,595.2940063476562,330700,196863727.89916992
2025-11-20 00:00:00,601.6876232376949,611.2531300133509,595.3339151227269,595.4735717773438,448100,266831707.51342773
2025-11-21 00:00:00,598.8248985886217,612.8788980367965,597.5681105971983,601.6376953125,573900,345279873.33984375
2025-11-24 00:00:00,603.1238800300845,605.1087819853657,597.5880832046741,603.0441284179688,722900,435940600.4333496
2025-11-25 00:00:00,607.7420372080073,620.0804028462601,601.9170038977034,616.3499755859375,675100,416097868.5180664
2025-11-26 00:00:00,614.1755843197006,625.2172866611954,614.1755843197006,620.9083251953125,445300,276490477.20947266
2025-11-28 00:00:00,623.3221204300511,625.2471782934277,618.6242024261595,621.6464233398438,112700,70059551.91040039
2025-12-01 00:00:00,617.9310216605421,623.1146572427941,613.6363088972004,614.4952392578125,387100,237871107.11669922
2025-12-02 00:00:00,617.6414043314047,617.6414043314047,605.4962874314234,607.244140625,305600,185573809.375
2025-12-03 00:00:00,608.6623441515527,615.9334422506923,606.4550944116751,615.1144409179688,280800,172724135.00976562
2025-12-04 00:00:00,612.9670839394583,618.7700149890185,608.3128274609426,618.0209350585938,309800,191462885.68115234
2025-12-05 00:00:00,616.5626651975243,624.9923132533244,610.4401807431436,623.60400390625,354900,221317060.98632812
2025-12-08 00:00:00,624.2332593528135,633.7915263352573,615.21430796075,621.4367065429688,510100,316994864.00756836
2025-12-09 00:00:00,620.1482615094211,626.0710404283536,610.1006052201272,611.2592163085938,348500,213023836.88354492
2025-12-10 00:00:00,610.4901492984513,624.8425159705763,605.815897821126,622.6452026367188,305300,190093580.36499023
2025-12-11 00:00:00,621.946065658141,635.2996581290978,621.9260706873555,631.3045654296875,310700,196146328.4790039
2025-12-12 00:00:00,633.4818845904305,637.4769772958623,620.8274455148529,627.479248046875,441700,277157583.8623047
2025-12-15 00:00:00,628.8076434225693,635.2696767152564,624.5029334025409,633.1023559570312,439400,278185175.20751953
2025-12-16 00:00:00,635.5593451861834,637.6966734380406,624.6127693082059,628.7177124023438,622400,391313904.19921875
2025-12-17 00:00:00,625.1221748673465,630.3257442421564,609.5712687761489,618.2506103515625,607300,375463595.6665039
2025-12-18 00:00:00,625.6814997773197,633.4419262923036,622.2557149265106,626.6103515625,536600,336239114.6484375
2025-12-19 00:00:00,627.3194935741333,636.7778466312393,625.2520257099724,633.1622924804688,890600,563894337.6831055
2025-12-22 00:00:00,638.7054875104794,638.7054875104794,628.8875295228901,631.7340698242188,457200,288828816.7236328
2025-12-23 00:00:00,633.5618433058178,638.4358006291106,631.4443879554923,637.9963989257812,261500,166836058.3190918
2025-12-24 00:00:00,639.2647771600742,642.5407825308041,637.227301769194,642.3510131835938,134600,86460446.37451172
2025-12-26 00:00:00,641.6418979210661,645.2275207459535,639.7442653037839,644.21875,244300,157382640.625
2025-12-29 00:00:00,644.3385629800827,645.696879909178,631.5342831695633,636.4882202148438,286500,182353875.09155273
2025-12-30 00:00:00,634.2809349870673,638.046329630713,630.2559105061712,630.6453857421875,247900,156336991.12548828
2025-12-31 00:00:00,630.3158302137556,630.4756071094697,621.7762702522067,621.8961181640625,273900,170337346.76513672
2026-01-02 00:00:00,618.4903145267308,634.4207595273475,616.3229937150712,633.6616821289062,480200,304284339.7583008
2026-01-05 00:00:00,627.928730811239,641.8416343443677,627.928730811239,641.21240234375,458800,294188250.1953125
2026-01-06 00:00:00,638.9351836008761,648.4435242900023,636.0287803142456,645.4472045898438,440900,284577672.5036621
2026-01-07 00:00:00,648.4835074915748,649.2025949512018,620.6776341406802,624.273193359375,539300,336670533.17871094
2026-01-08 00:00:00,621.6763895503906,637.6068341928608,618.1007644456203,637.3271484375,308200,196424227.1484375
2026-01-09 00:00:00,642.3310151611336,666.8408875302291,641.6218642438154,665.8521118164062,396700,264143532.75756836
2026-01-12 00:00:00,664.4638942995929,668.0095271305153,657.1228743659896,662.8958129882812,374400,248188192.3828125
2026-01-13 00:00:00,660.5386131853826,666.5612446759125,647.5545619441285,664.893310546875,536800,356914729.1015625
2026-01-14 00:00:00,655.1952067594485,662.0168446548003,634.5205897199531,635.9288940429688,724400,460666890.84472656
2026-01-15 00:00:00,642.2810782806246,647.9840951027957,637.1373720026736,640.1536865234375,411000,263103165.1611328
2026-01-16 00:00:00,636.7379275596765,654.1265426294736,636.7379275596765,650.8605346679688,433600,282213127.83203125
2026-01-20 00:00:00,647.7543480387964,649.9416637898365,626.690255343974,630.1260375976562,446300,281225250.579834
2026-01-21 00:00:00,636.1086685527421,645.4970999174593,628.4680293018481,640.3534545898438,438500,280794989.8376465
2026-01-22 00:00:00,645.8966756035634,656.4237237148611,638.5057291680473,651.2700805664062,357500,232829053.80249023
2026-01-23 00:00:00,646.366066295844,655.5747873124399,644.1288239810899,648.6832275390625,330100,214130333.41064453
2026-01-26 00:00:00,649.8518135953843,654.6359153265025,646.7655775533691,651.0003662109375,285300,185730404.47998047
2026-01-27 00:00:00,649.5321833210286,653.0378869586166,644.3585455311827,648.4534912109375,213700,138574511.07177734
2026-01-28 00:00:00,642.4009702647362,650.8106239760276,638.3758847990404,649.4323120117188,338800,220027667.3095703
2026-01-29 00:00:00,656.6434440721313,658.7308458954822,644.2287006713111,652.5285034179688,323900,211353982.25708008
2026-01-30 00:00:00,645.1175783066584,653.2775993371428,644.9677989010802,651.1502075195312,429900,279929474.2126465
2026-02-02 00:00:00,646.286177040439,658.191536473479,646.286177040439,653.5272827148438,322200,210566490.49072266
2026-02-03 00:00:00,658.391343878196,675.9098048781482,656.7633385908025,662.2066650390625,436400,288986988.6230469
2026-02-04 00:00:00,666.2516727510485,678.1470352210139,657.5224043840929,670.3466186523438,511900,343150434.08813477
2026-02-05 00:00:00,672.6637540772837,678.7263147288008,661.4175580688525,670.1268920898438,408500,273746835.4187012
2026-02-06 00:00:00,676.3292287927121,692.6891385767609,674.6512971431017,689.1535034179688,481100,331551750.49438477
2026-02-09 00:00:00,688.0049002924345,702.5770282270001,687.5954300994714,694.87646484375,445300,309428489.7949219
2026-02-10 00:00:00,699.0913095298364,710.0977486778364,696.8640038535982,707.2412719726562,642100,454119620.7336426
2026-02-11 00:00:00,678.9660150314771,690.4918968735924,656.4736838262231,660.8383178710938,1299600,858825477.9052734
2026-02-12 00:00:00,660.7084872832667,673.0033833185558,646.6058141382654,659.26025390625,829900,547120084.7167969
2026-02-13 00:00:00,659.6397728354467,684.3094830938084,658.291392437842,678.0271606445312,575700,390340236.38305664
2026-02-17 00:00:00,666.6411930847804,673.912230402144,650.2412929771211,665.7123413085938,619000,412075939.27001953
2026-02-18 00:00:00,667.6798657398082,671.7748113624787,658.2015180875126,660.9181518554688,491100,324576904.3762207
2026-02-19 00:00:00,654.2164686150506,675.2805621553531,654.2164686150506,674.5714721679688,612200,412972655.26123047
2026-02-20 00:00:00,672.9933840905355,687.9649850309362,670.226762740517,685.0985107421875,815500,558697835.5102539
2026-02-23 00:00:00,681.6727238610699,688.1148233573308,676.8686270850275,682.7613525390625,473500,323287500.4272461
2026-02-24 00:00:00,686.6566116531301,697.01388541317,682.9412044117385,695.9951171875,649100,451770430.56640625
2026-02-25 00:00:00,699.1412435094223,701.5183286141767,669.4976620998563,672.4639892578125,754800,507575819.0917969
2026-02-26 00:00:00,673.6825192245469,682.9710977695884,670.396516390071,677.627685546875,444600,301273268.9941406
2026-02-27 00:00:00,671.6949709724458,679.4254657753056,666.3814902411139,675.739990234375,521100,352128108.9111328
2026-03-02 00:00:00,666.25,672.7100219726562,657.3599853515625,665.3499755859375,556300,370134191.41845703
2026-03-03 00:00:00,653.969970703125,660.4600219726562,641.9500122070312,656.780029296875,533400,350326467.6269531
2026-03-04 00:00:00,656.8800048828125,664.22998046875,650.72998046875,660.5999755859375,594900,392990925.4760742
2026-03-05 00:00:00,650.3499755859375,659.1400146484375,621.4199829101562,632.9299926757812,796200,503938860.16845703
2026-03-06 00:00:00,621.219970703125,621.72998046875,600.0800170898438,609.989990234375,650400,396737489.6484375
2026-03-09 00:00:00,604.0700073242188,613.22998046875,589.6400146484375,612.52001953125,667900,409102121.0449219
2026-03-10 00:00:00,611.8200073242188,616.0499877929688,604.5999755859375,607.5399780273438,514500,312579318.69506836
2026-03-11 00:00:00,604.530029296875,607.4000244140625,593.780029296875,597.5900268554688,612900,366262927.4597168
2026-03-12 00:00:00,588.969970703125,601.5700073242188,578.3400268554688,587.3699951171875,985000,578559445.1904297
2026-03-13 00:00:00,591.1900024414062,595.0,580.510009765625,583.75,638400,372666000.0
2026-03-16 00:00:00,592.219970703125,596.1400146484375,581.75,585.3099975585938,504300,295171831.7687988
2026-03-17 00:00:00,590.0700073242188,597.0599975585938,580.72998046875,582.5,497500,289793750.0
2026-03-18 00:00:00,577.6199951171875,581.8699951171875,566.7100219726562,567.9199829101562,682700,387718972.3327637
2026-03-19 00:00:00,559.1599731445312,568.5,554.719970703125,567.469970703125,736100,417714645.4345703
2026-03-20 00:00:00,569.0499877929688,569.8699951171875,559.7899780273438,560.6900024414062,987700,553793515.411377
2026-03-23 00:00:00,570.6500244140625,587.9099731445312,568.510009765625,577.5900268554688,651100,376068866.4855957
2026-03-24 00:00:00,570.25,587.8900146484375,570.25,576.1799926757812,478300,275586890.4968262
2026-03-25 00:00:00,585.3599853515625,590.0700073242188,571.3499755859375,589.4199829101562,489900,288756849.62768555
2026-03-26 00:00:00,583.469970703125,592.47998046875,579.77001953125,580.1099853515625,426400,247358897.75390625
2026-03-27 00:00:00,580.3599853515625,581.3400268554688,569.7999877929688,570.9400024414062,448600,256123685.09521484
2026-03-30 00:00:00,581.3800048828125,582.8300170898438,571.6900024414062,573.5700073242188,388100,222602519.8425293
2026-03-31 00:00:00,581.5999755859375,595.5599975585938,572.7899780273438,588.6799926757812,449500,264611656.70776367
2026-04-01 00:00:00,593.5700073242188,606.530029296875,592.280029296875,598.9199829101562,383700,229805597.44262695
2026-04-02 00:00:00,589.2899780273438,609.47998046875,587.2100219726562,597.1799926757812,251800,150369922.15576172
2026-04-06 00:00:00,594.9299926757812,599.4000244140625,588.8699951171875,598.47998046875,278400,166616826.5625
2026-04-07 00:00:00,593.989990234375,600.22998046875,586.22998046875,594.4299926757812,372400,221365729.27246094
2026-04-08 00:00:00,618.3599853515625,626.739990234375,618.3599853515625,624.3599853515625,433700,270784925.64697266
2026-04-09 00:00:00,620.3599853515625,630.7000122070312,618.4400024414062,625.5,310200,194030100.0
2026-04-10 00:00:00,625.5,632.4199829101562,624.1599731445312,631.530029296875,304300,192174587.91503906
2026-04-13 00:00:00,627.0800170898438,630.0,614.4299926757812,629.0800170898438,173050,108862296.95739746
